conference,award_year,work_id,work_title,author_id,author_name,author_position,cited_by_count
AAAI,2000,W1573508696,Selective Sampling with Co-Testing: Preliminary Results,A5011344987,Ion Muslea,first,3
AAAI,2000,W1573508696,Selective Sampling with Co-Testing: Preliminary Results,A5045363082,Steven Minton,middle,3
AAAI,2000,W1573508696,Selective Sampling with Co-Testing: Preliminary Results,A5089542402,Craig A. Knoblock,last,3
AAAI,2000,W140267810,An Implementation of the Combinatorial Auction Problem in ECLiPSe,A5090061474,Robert Menke,first,3
AAAI,2000,W140267810,An Implementation of the Combinatorial Auction Problem in ECLiPSe,A5053651798,Rina Dechter,last,3
AAAI,2000,W1520358705,A Demand-Driven Algorithm for Generating Minimal Models,A5023948083,Rachel Ben‐Eliyahu‐Zohary,first,2
AAAI,2004,W2789371649,Hallowed Ground: A Walk at Gettysburg,A5050625157,Eric G. Campbell,first,1
AAAI,2004,W1522355677,"Carnival-Conjure, ""Louisiana"", History and the Power of Women’s Ethnographic Narrative",A5035180110,Angeletta K. M. Gourdine,first,2
AAAI,2007,W2903059145,An Externalist Process-Oriented Framework for Artificial Consciousness.,A5069942717,Riccardo Manzotti,first,2
AAAI,2007,W2903059145,An Externalist Process-Oriented Framework for Artificial Consciousness.,A5026458035,V. Tagliasco,last,2
AAAI,2007,W2902260176,A Survey of Artificial Intelligence for Prognostics.,A5029097761,Mark Schwabacher,first,220
AAAI,2007,W2902260176,A Survey of Artificial Intelligence for Prognostics.,A5071518289,Kai Goebel,last,220
AAAI,2007,W173950190,On possible applications of rough mereology to handling granularity in ontological knowledge,A5057270325,Pavel Klinov,first,3
AAAI,2007,W173950190,On possible applications of rough mereology to handling granularity in ontological knowledge,A5062762550,Lawrence J. Mazlack,last,3
AAAI,2008,W2406311043,"An Abstract Behavior Representation for Robust, Dynamic Sequencing in a Hybrid Architecture.",A5043501397,Jeffrey P. Duffy,first,0
AAAI,2008,W2406311043,"An Abstract Behavior Representation for Robust, Dynamic Sequencing in a Hybrid Architecture.",A5085916845,Gilbert L. Peterson,last,0
AAAI,2008,W98046558,Perpetual learning for non-cooperative multiple agents,A5087020709,Luke Dickens,first,0
AAAI,2008,W17600820,Reasoning about the appropriateness of proponents for arguments,A5019854432,Anthony Hunter,first,17
AAAI,2010,W1567986438,Can Approximation Circumvent Gibbard-Satterthwaite?,A5113674516,Ariel Procaccia,first,60
AAAI,2010,W2119248411,A First Practical Algorithm for High Levels of Relational Consistency,A5051424894,Shant Karakashian,first,35
AAAI,2010,W2119248411,A First Practical Algorithm for High Levels of Relational Consistency,A5012527999,Robert J. Woodward,middle,35
AAAI,2010,W2119248411,A First Practical Algorithm for High Levels of Relational Consistency,A5056252920,Christopher G. Reeson,middle,35
AAAI,2010,W2119248411,A First Practical Algorithm for High Levels of Relational Consistency,A5084469975,Berthe Y. Choueiry,middle,35
AAAI,2010,W2119248411,A First Practical Algorithm for High Levels of Relational Consistency,A5043378003,Christian Bessière,last,35
AAAI,2010,W1507030697,Collaborative Expert Portfolio Management,A5082211098,David Stern,first,41
AAAI,2010,W1507030697,Collaborative Expert Portfolio Management,A5035277014,Horst Samulowitz,middle,41
AAAI,2010,W1507030697,Collaborative Expert Portfolio Management,A5059907791,Ralf Herbrich,middle,41
AAAI,2010,W1507030697,Collaborative Expert Portfolio Management,A5051619646,Thore Graepel,middle,41
AAAI,2010,W1507030697,Collaborative Expert Portfolio Management,A5004587018,Luca Pulina,middle,41
AAAI,2010,W1507030697,Collaborative Expert Portfolio Management,A5067087113,Armando Tacchella,last,41
AAAI,2011,W2213171681,Bayesian Learning of Generalized Board Positions for Improved Move Prediction in Computer Go,A5074088845,Martin Michalowski,first,3
AAAI,2011,W2213171681,Bayesian Learning of Generalized Board Positions for Improved Move Prediction in Computer Go,A5014952908,Mark Boddy,middle,3
AAAI,2011,W2213171681,Bayesian Learning of Generalized Board Positions for Improved Move Prediction in Computer Go,A5113686271,M. K. Neilsen,last,3
AAAI,2011,W2199586412,A Fast Spectral Relaxation Approach to Matrix Completion via Kronecker Products,A5057059233,Hui Zhao,first,2
AAAI,2011,W2199586412,A Fast Spectral Relaxation Approach to Matrix Completion via Kronecker Products,A5103710922,Jiuqiang Han,middle,2
AAAI,2011,W2199586412,A Fast Spectral Relaxation Approach to Matrix Completion via Kronecker Products,A5100742122,Naiyan Wang,middle,2
AAAI,2011,W2199586412,A Fast Spectral Relaxation Approach to Matrix Completion via Kronecker Products,A5100513265,Congfu Xu,middle,2
AAAI,2011,W2199586412,A Fast Spectral Relaxation Approach to Matrix Completion via Kronecker Products,A5100393616,Zhihua Zhang,last,2
AAAI,2011,W1794779762,A Distributed Anytime Algorithm for Dynamic Task Allocation in Multi-Agent Systems,A5070690146,Kathryn Macarthur,first,81
AAAI,2011,W1794779762,A Distributed Anytime Algorithm for Dynamic Task Allocation in Multi-Agent Systems,A5051099547,Ruben Stranders,middle,81
AAAI,2011,W1794779762,A Distributed Anytime Algorithm for Dynamic Task Allocation in Multi-Agent Systems,A5065527041,Sarvapali D. Ramchurn,middle,81
AAAI,2011,W1794779762,A Distributed Anytime Algorithm for Dynamic Task Allocation in Multi-Agent Systems,A5036583884,Nicholas R. Jennings,last,81
AAAI,2012,W2226165129,Advisor Agent Support for Issue Tracking in Medical Device Development,A5050126054,Touby Drew,first,0
AAAI,2012,W2226165129,Advisor Agent Support for Issue Tracking in Medical Device Development,A5016462041,Maria Gini,last,0
AAAI,2012,W2188242881,eBird: A Human/Computer Learning Network for Biodiversity Conservation and Research,A5090261891,Steve Kelling,first,36
AAAI,2012,W2188242881,eBird: A Human/Computer Learning Network for Biodiversity Conservation and Research,A5033709763,Jeff Gerbracht,middle,36
AAAI,2012,W2188242881,eBird: A Human/Computer Learning Network for Biodiversity Conservation and Research,A5069370648,Daniel Fink,middle,36
AAAI,2012,W2188242881,eBird: A Human/Computer Learning Network for Biodiversity Conservation and Research,A5108037649,Carl Lagoze,middle,36
AAAI,2012,W2188242881,eBird: A Human/Computer Learning Network for Biodiversity Conservation and Research,A5066210234,Weng‐Keen Wong,middle,36
AAAI,2012,W2188242881,eBird: A Human/Computer Learning Network for Biodiversity Conservation and Research,A5100903325,Jun Yu Yu,middle,36
AAAI,2012,W2188242881,eBird: A Human/Computer Learning Network for Biodiversity Conservation and Research,A5087781429,Theodoros Damoulas,middle,36
AAAI,2012,W2188242881,eBird: A Human/Computer Learning Network for Biodiversity Conservation and Research,A5069030030,Carla P. Gomes,last,36
AAAI,2012,W2196044523,Intelligent Computation of Reachability Sets for Space Missions,A5091048049,Erik Komendera,first,12
AAAI,2012,W2196044523,Intelligent Computation of Reachability Sets for Space Missions,A5021928700,Daniel J. Scheeres,middle,12
AAAI,2012,W2196044523,Intelligent Computation of Reachability Sets for Space Missions,A5062700710,Elizabeth Bradley,last,12
AAAI,2013,W825979034,Compact RGBD Surface Models Based on Sparse Coding,A5076560318,Michael Ruhnke,first,11
AAAI,2013,W825979034,Compact RGBD Surface Models Based on Sparse Coding,A5085032007,Liefeng Bo,middle,11
AAAI,2013,W825979034,Compact RGBD Surface Models Based on Sparse Coding,A5108257764,Dieter Fox,middle,11
AAAI,2013,W825979034,Compact RGBD Surface Models Based on Sparse Coding,A5084499878,Wolfram Burgard,last,11
AAAI,2013,W1929309940,Data-Efficient Generalization of Robot Skills with Contextual Policy Search,A5014691067,Andras Kupcsik,first,91
AAAI,2013,W1929309940,Data-Efficient Generalization of Robot Skills with Contextual Policy Search,A5001763022,Marc Peter Deisenroth,middle,91
AAAI,2013,W1929309940,Data-Efficient Generalization of Robot Skills with Contextual Policy Search,A5071367253,Jan Peters,middle,91
AAAI,2013,W1929309940,Data-Efficient Generalization of Robot Skills with Contextual Policy Search,A5110467801,Gerhard Neumann,last,91
AAAI,2013,W2189416168,A Fast Pairwise Heuristic for Planning under Uncertainty,A5079440863,Koosha Khalvati,first,6
AAAI,2013,W2189416168,A Fast Pairwise Heuristic for Planning under Uncertainty,A5079331774,Alan K. Mackworth,last,6
AAAI,2016,W2809588176,Advancement of LC-MS Based Proteomic and Metabolomic Techniques,A5100693968,Zhendong Li,first,0
AAAI,2016,W2802643788,A knowledge translation approach to improve outcomes after asthma exacerbations,A5070876308,Myriam Ines Cristina Villa-Roel,first,0
AAAI,2016,W2805963976,An Assessment of the Impacts of Climate Change on Freight Delivery Schedule Strategies on the Mackenzie River,A5058173304,Yunzhuang Zheng,first,0
AAAI,2018,W2788115796,Algorithms for Generalized Topic Modeling,A5024803432,Avrim Blum,first,0
AAAI,2018,W2788115796,Algorithms for Generalized Topic Modeling,A5080772091,Nika Haghtalab,last,0
AAAI,2018,W2788650114,An Adversarial Hierarchical Hidden Markov Model for Human Pose Modeling and Generation,A5101987526,Rui Zhao,first,16
AAAI,2018,W2788650114,An Adversarial Hierarchical Hidden Markov Model for Human Pose Modeling and Generation,A5076346273,Qiang Ji,last,16
AAAI,2018,W2805487959,AdGAP: Advanced Global Average Pooling,A5021598695,Arna Ghosh,first,11
AAAI,2018,W2805487959,AdGAP: Advanced Global Average Pooling,A5062662918,Biswarup Bhattacharya,middle,11
AAAI,2018,W2805487959,AdGAP: Advanced Global Average Pooling,A5017183605,Somnath Basu Roy Chowdhury,last,11
ACL,2004,W2141386347,SAFEGUARDING CHILDREN: A SCOPING STUDY OF RESEARCH IN THREE AREAS,A5004535565,Harriet Ward,first,14
ACL,2004,W2141386347,SAFEGUARDING CHILDREN: A SCOPING STUDY OF RESEARCH IN THREE AREAS,A5015166762,Lisa Holmes,middle,14
ACL,2004,W2141386347,SAFEGUARDING CHILDREN: A SCOPING STUDY OF RESEARCH IN THREE AREAS,A5050734736,Sue Moyers,middle,14
ACL,2004,W2141386347,SAFEGUARDING CHILDREN: A SCOPING STUDY OF RESEARCH IN THREE AREAS,A5045226987,Emily R. Munro,middle,14
ACL,2004,W2141386347,SAFEGUARDING CHILDREN: A SCOPING STUDY OF RESEARCH IN THREE AREAS,A5037070020,Konstantina Poursanidou,last,14
ACL,2004,W3099951324,Non-Perturbative Vacua for M-Theory on G(2) Manifolds,A5005263992,B. de Carlos,first,21
ACL,2004,W3099951324,Non-Perturbative Vacua for M-Theory on G(2) Manifolds,A5001303489,André Lukas,last,21
ACL,2004,W2949254450,Wavelets and WMAP non-Gaussianity,A5113489017,Pia Mukherjee,first,77
ACL,2007,W2153862129,Poster paper: HunPos -- an open source trigram tagger,A5045106271,Péter Halácsy,first,15
ACL,2007,W2153862129,Poster paper: HunPos -- an open source trigram tagger,A5065413313,András Kornai,middle,15
ACL,2007,W2153862129,Poster paper: HunPos -- an open source trigram tagger,A5021513876,Csaba Oravecz,last,15
ACL,2007,W2148963146,Beyond Projectivity: Multilingual Evaluation of Constraints and Measures on Non-Projective Structures,A5080418218,Jiří Havelka,first,6
ACL,2007,W2147706904,Unsupervised Coreference Resolution in a Nonparametric Bayesian Model,A5039365507,Aria Haghighi,first,134
ACL,2007,W2147706904,Unsupervised Coreference Resolution in a Nonparametric Bayesian Model,A5004921249,Dan Klein,last,134
ACL,2011,W1944874745,A Bayesian Belief Updating Model of Phonetic Recalibration and Selective Adaptation,A5055470679,Dave Kleinschmidt,first,38
ACL,2011,W1944874745,A Bayesian Belief Updating Model of Phonetic Recalibration and Selective Adaptation,A5021709117,T. Florian Jaeger,last,38
ACL,2011,W1625227466,Corporate News Classification and Valence Prediction: A Supervised Approach,A5026363213,Syed Aqueel Haider,first,14
ACL,2011,W1625227466,Corporate News Classification and Valence Prediction: A Supervised Approach,A5018503243,Rishabh Mehrotra,last,14
ACL,2011,W2786884382,Proceedings of the 2nd Workshop on Computational Approaches to Subjectivity and Sentiment Analysis (WASSA 2.011).,A5041159779,Alexandra Balahur,first,39
ACL,2011,W2786884382,Proceedings of the 2nd Workshop on Computational Approaches to Subjectivity and Sentiment Analysis (WASSA 2.011).,A5056133675,Estér Boldrini,middle,39
ACL,2011,W2786884382,Proceedings of the 2nd Workshop on Computational Approaches to Subjectivity and Sentiment Analysis (WASSA 2.011).,A5008609009,Andrés Montoyo,middle,39
ACL,2011,W2786884382,Proceedings of the 2nd Workshop on Computational Approaches to Subjectivity and Sentiment Analysis (WASSA 2.011).,A5029065205,Patricio Martínez-Barco,last,39
ACL,2013,W2134583295,Is word-to-phone mapping better than phone-phone mapping for handling English words?,A5028361657,Naresh Elluru,first,5
ACL,2013,W2134583295,Is word-to-phone mapping better than phone-phone mapping for handling English words?,A5058318839,Anandaswarup Vadapalli,middle,5
ACL,2013,W2134583295,Is word-to-phone mapping better than phone-phone mapping for handling English words?,A5066751813,Raghavendra Elluru,middle,5
ACL,2013,W2134583295,Is word-to-phone mapping better than phone-phone mapping for handling English words?,A5032418366,Hema A. Murthy,middle,5
ACL,2013,W2134583295,Is word-to-phone mapping better than phone-phone mapping for handling English words?,A5113522207,Kishore Prahallad,last,5
ACL,2013,W2250388633,Frequently Asked Questions Retrieval for Croatian Based on Semantic Textual Similarity,A5043724603,Mladen Karan,first,8
ACL,2013,W2250388633,Frequently Asked Questions Retrieval for Croatian Based on Semantic Textual Similarity,A5039348733,Lovro Żmak,middle,8
ACL,2013,W2250388633,Frequently Asked Questions Retrieval for Croatian Based on Semantic Textual Similarity,A5067851924,Jan Šnajder,last,8
ACL,2013,W2252093051,Categorization of Turkish News Documents with Morphological Analysis,A5041745218,Burak Kerim AkkuÅŸ,first,10
ACL,2013,W2252093051,Categorization of Turkish News Documents with Morphological Analysis,A5006228258,Ruket Çakıcı,last,10
ACL,2017,W2747466905,$\ell_1$ Regression using Lewis Weights Preconditioning.,A5029767449,David Durfee,first,0
ACL,2017,W2747466905,$\ell_1$ Regression using Lewis Weights Preconditioning.,A5006665729,Kevin A. Lai,middle,0
ACL,2017,W2747466905,$\ell_1$ Regression using Lewis Weights Preconditioning.,A5074374806,Saurabh Sawlani,last,0
ACL,2017,W2731607586,A central limit theorem for the annealed path measures for the stochastic heat equation and the continuous directed polymer in $d\geq 3$,A5071656172,Chiranjib Mukherjee,first,1
ACL,2017,W2763865602,$RO(G)$-graded homotopy Mackey functor of $H\underline{\mathbb{Z}}$ for $C_{p^2}$ and homological algebra of $\underline{\mathbb{Z}}$-modules,A5057978770,Mingcong Zeng,first,0
ACL,2018,W2798727036,,A5004722373,Dominic Verdon,first,3
ACL,2018,W2798727036,,A5017943933,Jamie Vicary,last,3
ACL,2018,W2963956412,,A5090720658,Tadahiro Oh,first,22
ACL,2018,W2963956412,,A5101772310,Yoshio Tsutsumi,middle,22
ACL,2018,W2963956412,,A5026596029,Nikolay Tzvetkov,last,22
ACL,2018,W2891212056,$d$-wave and $s^\pm$ Pairing Strengths in Ba$_2$CuO$_{3+\delta}$,A5066143236,Thomas Maier,first,13
ACL,2018,W2891212056,$d$-wave and $s^\pm$ Pairing Strengths in Ba$_2$CuO$_{3+\delta}$,A5009422155,Tom Berlijn,middle,13
ACL,2018,W2891212056,$d$-wave and $s^\pm$ Pairing Strengths in Ba$_2$CuO$_{3+\delta}$,A5108240929,D. J. Scalapino,last,13
CHI,2007,W2160729459,A Simple Method for Locating the Fresh Water–Salt Water Interface Using Pressure Data,A5000968210,Kue‐Young Kim,first,51
CHI,2007,W2160729459,A Simple Method for Locating the Fresh Water–Salt Water Interface Using Pressure Data,A5076625502,Chul‐Min Chon,middle,51
CHI,2007,W2160729459,A Simple Method for Locating the Fresh Water–Salt Water Interface Using Pressure Data,A5011560405,Ki‐Hwa Park,last,51
CHI,2007,W2112315834,Characterizing Hydraulic Conductivity with the Direct‐Push Permeameter,A5040237188,James J. Butler,first,102
CHI,2007,W2112315834,Characterizing Hydraulic Conductivity with the Direct‐Push Permeameter,A5025048409,Peter Dietrich,middle,102
CHI,2007,W2112315834,Characterizing Hydraulic Conductivity with the Direct‐Push Permeameter,A5041782809,Volker Wittig,middle,102
CHI,2007,W2112315834,Characterizing Hydraulic Conductivity with the Direct‐Push Permeameter,A5061959272,Tom Christy,last,102
CHI,2007,W2369719201,Characteristics of Isotope Composition and Hydrogeological Meanings in Water Environment in the Drainage Area of Santun River,A5100323476,Hui Zhang,first,0
CHI,2008,W2033639945,Socio-economic Factors and Residents' Health in Nigeria Urban Centres,A5011385367,PO Olawuni,first,1
CHI,2008,W2044807525,Effect of Prior Knowledge of Instructional Objectives on Students\' Achievement in Selected Difficult Concepts in Nigerian Senior Secondary School Physics.,A5068526986,N I Nkwo,first,8
CHI,2008,W2044807525,Effect of Prior Knowledge of Instructional Objectives on Students\' Achievement in Selected Difficult Concepts in Nigerian Senior Secondary School Physics.,A5022407371,Akinyemi Olufunminiyi Akinbobola,middle,8
CHI,2008,W2044807525,Effect of Prior Knowledge of Instructional Objectives on Students\' Achievement in Selected Difficult Concepts in Nigerian Senior Secondary School Physics.,A5017920742,G A Ikitde,last,8
CHI,2008,W1994725676,Alternative Dispute Resolution in Ethiopia- A Legal Framework,A5001203216,S M Gowak,first,23
CHI,2009,W1494189730,Assessing the Quality of Doctoral Dissertation Literature Reviews in Instructional Technology,A5016327228,M. Harrison Fitt,first,10
CHI,2009,W1494189730,Assessing the Quality of Doctoral Dissertation Literature Reviews in Instructional Technology,A5089989028,Andrew Walker,middle,10
CHI,2009,W1494189730,Assessing the Quality of Doctoral Dissertation Literature Reviews in Instructional Technology,A5042446306,Heather Leary,last,10
CHI,2009,W1516582927,An Integrated Study Investigating Masticated Fuel Treatments in the Rocky Mountains,A5017691528,Robert E. Keane,first,0
CHI,2009,W1516582927,An Integrated Study Investigating Masticated Fuel Treatments in the Rocky Mountains,A5030827413,Helen Y. Smith,last,0
CHI,2009,W2601579805,Annual USEE Program Advisory Council Results,A5051694539,Mark Larese-Casanova,first,0
CHI,2011,W2614954082,""" Demandes décalées "" et "" patients-déchets "" aux urgences de l'hôpital, quelle articulation entre la clinique et le politique ?",A5077602461,Jérôme Thomas,first,1
CHI,2011,W2776108942,""" La Dorotea de Lope de Vega : au royaume de l'implicitation, le proverbe est roi... """,A5051385269,Sonia Fournet-Pérot,first,0
CHI,2011,W2252512144,""" Chrétiens d'Iran entre hagiographie et histoire. Avec une nouvelle proposition sur la croix de Hérat """,A5111407149,Christelle Jullien,first,0
CHI,2012,W2774682290,Antiquity and the Meanings of Time: A Philosophy of Literature and Interpretation,A5065049106,DF Kennedy,first,0
CHI,2013,W2903627325,"""Comment écrire une histoire mondiale de la littérature ?"", note critique à propos de Jérôme David, Spectres de Goethe. Les Métamorphoses de la ""littérature mondiale"", Les Prairies ordinaires, 2012",A5006208569,Sarah Al-Matary,first,6
CHI,2013,W2903627325,"""Comment écrire une histoire mondiale de la littérature ?"", note critique à propos de Jérôme David, Spectres de Goethe. Les Métamorphoses de la ""littérature mondiale"", Les Prairies ordinaires, 2012",A5081800415,Blaise Wilfert-Portal,last,6
CHI,2013,W2612271397,""" Philosophie populaire et philosophie popularisée : les critiques à l'encontre de l'opinion publique à la fin du XVIIIème siècle chez Garve, Fichte et Kant """,A5047278112,Ayşe Yuva,first,0
CHI,2013,W4299401442,"""Bidirectional Millimeter Wave Radio-over-Fiber System Based on Photodiode Mixing and Optical Heterodyning""",A5010950085,Flora Paresys,first,0
CHI,2013,W4299401442,"""Bidirectional Millimeter Wave Radio-over-Fiber System Based on Photodiode Mixing and Optical Heterodyning""",A5063144492,Tong Shao,middle,0
CHI,2013,W4299401442,"""Bidirectional Millimeter Wave Radio-over-Fiber System Based on Photodiode Mixing and Optical Heterodyning""",A5065676720,G. Maury,middle,0
CHI,2013,W4299401442,"""Bidirectional Millimeter Wave Radio-over-Fiber System Based on Photodiode Mixing and Optical Heterodyning""",A5050303059,Yannis Le Guennec,middle,0
CHI,2014,W2597897257,"A ""New Silk Road"" Between China and the Arab World: A Problem for the US or the EU?",A5067247364,Wolfgang Zank,first,0
CHI,2014,W1788156968,Af-individualiseringens politik,A5029946732,Mathias Herup Nielsen,first,0
CHI,2014,W2576997882,"""Nu må de da kende mig!"" - Patienters oplevelse af og forventning til genindlæggelse med recidiverende atrieflimren",A5079560717,Astrid Lauberg,first,0
CHI,2014,W2576997882,"""Nu må de da kende mig!"" - Patienters oplevelse af og forventning til genindlæggelse med recidiverende atrieflimren",A5001530127,Vibeke Høgh,middle,0
CHI,2014,W2576997882,"""Nu må de da kende mig!"" - Patienters oplevelse af og forventning til genindlæggelse med recidiverende atrieflimren",A5110468289,Tina Kræmer Højbjerg,middle,0
CHI,2014,W2576997882,"""Nu må de da kende mig!"" - Patienters oplevelse af og forventning til genindlæggelse med recidiverende atrieflimren",A5061043691,Minna Holm Hansen,middle,0
CHI,2014,W2576997882,"""Nu må de da kende mig!"" - Patienters oplevelse af og forventning til genindlæggelse med recidiverende atrieflimren",A5031583884,Birgitte Schantz Laursen,last,0
CHI,2015,W1827391773,A description of LATTE outputs,A5102149725,Tiago Alexandre Diogo Marques,first,0
CHI,2015,W1827391773,A description of LATTE outputs,A5053540460,Len Thomas,last,0
CHI,2015,W2206979771,Studies for carrying out the common fisheries policy : adverse fisheries impacts on cetacean populations in the Black Sea. Final report to the European Commission,A5085261097,Alexei Birkun,first,11
CHI,2015,W2206979771,Studies for carrying out the common fisheries policy : adverse fisheries impacts on cetacean populations in the Black Sea. Final report to the European Commission,A5048029439,Simon Northridge,middle,11
CHI,2015,W2206979771,Studies for carrying out the common fisheries policy : adverse fisheries impacts on cetacean populations in the Black Sea. Final report to the European Commission,A5008660668,Ed Willsteed,middle,11
CHI,2015,W2206979771,Studies for carrying out the common fisheries policy : adverse fisheries impacts on cetacean populations in the Black Sea. Final report to the European Commission,A5103459918,Frances C. James,middle,11
CHI,2015,W2206979771,Studies for carrying out the common fisheries policy : adverse fisheries impacts on cetacean populations in the Black Sea. Final report to the European Commission,A5063752829,Charles Kilgour,middle,11
CHI,2015,W2206979771,Studies for carrying out the common fisheries policy : adverse fisheries impacts on cetacean populations in the Black Sea. Final report to the European Commission,A5009899168,Martin Lander,middle,11
CHI,2015,W2206979771,Studies for carrying out the common fisheries policy : adverse fisheries impacts on cetacean populations in the Black Sea. Final report to the European Commission,A5038742073,Gavin Fitzgerald,last,11
CHI,2015,W2301330719,Data Underpinning - Enhanced optical manipulation of cells using anti-reflection coated microparticles,A5056418282,Derek Craig,first,1
CHI,2015,W2301330719,Data Underpinning - Enhanced optical manipulation of cells using anti-reflection coated microparticles,A5051464097,Alison McDonald,middle,1
CHI,2015,W2301330719,Data Underpinning - Enhanced optical manipulation of cells using anti-reflection coated microparticles,A5048100077,Michaël Mazilu,middle,1
CHI,2015,W2301330719,Data Underpinning - Enhanced optical manipulation of cells using anti-reflection coated microparticles,A5018263124,Helen A. Rendall,middle,1
CHI,2015,W2301330719,Data Underpinning - Enhanced optical manipulation of cells using anti-reflection coated microparticles,A5037000199,Frank J. Gunn‐Moore,middle,1
CHI,2015,W2301330719,Data Underpinning - Enhanced optical manipulation of cells using anti-reflection coated microparticles,A5027381937,Kishan Dholakia,last,1
CHI,2016,W2604663728,Paganism and the world forum of religions,A5109961614,Michael York,first,0
CHI,2016,W2510306793,Early western lay Buddhists in colonial Asia: John Bowles Daly and the Buddhist Theosophical Society of Ceylon,A5090745043,Laurence Cox,first,2
CHI,2016,W2510306793,Early western lay Buddhists in colonial Asia: John Bowles Daly and the Buddhist Theosophical Society of Ceylon,A5063732029,Mihirini Sirisena,last,2
CHI,2016,W2997894017,An innovative hull design for an offshore wind farm support vessel,A5024403468,Matthew Shanley,first,0
CHI,2016,W2997894017,An innovative hull design for an offshore wind farm support vessel,A5022376891,Sebastian Balke,middle,0
CHI,2016,W2997894017,An innovative hull design for an offshore wind farm support vessel,A5073308016,Jimmy Murphy,last,0
CHI,2017,W2768014771,$\Sigma_{b}\to\Sigma_c^*$ weak decays in the light-front quark model,A5102897959,Hong-Wei Ke,first,0
CHI,2017,W2768014771,$\Sigma_{b}\to\Sigma_c^*$ weak decays in the light-front quark model,A5053580135,Xue–Qian Li,last,0
CHI,2017,W2965886910,,A5053324467,Andrea Collevecchio,first,9
CHI,2017,W2965886910,,A5008560363,Daniel Kious,middle,9
CHI,2017,W2965886910,,A5108250160,Vladas Sidoravičius,last,9
CHI,2017,W3025952141,$Σ^*_{1/2^-}(1380)$ in the $Λ^+_c \to ηπ^+ Λ$ decay,A5061917250,Ju-Jun Xie,first,0
CHI,2017,W3025952141,$Σ^*_{1/2^-}(1380)$ in the $Λ^+_c \to ηπ^+ Λ$ decay,A5027457123,Li‐Sheng Geng,last,0
CHI,2018,W2795589025,Drawing lines on pages: remaking the Catholic parish maps of Ireland as a tidal public geography,A5060086981,Eoin O’Mahony,first,0
CHI,2018,W2795589025,Drawing lines on pages: remaking the Catholic parish maps of Ireland as a tidal public geography,A5041251687,Michael Murphy,last,0
CHI,2018,W2991336811,Exploring intervention strategies and supports to promote mental wellbeing among individuals (aged 18-21) with ASD non-ID: the experiences of professionals in Cork/Kerry,A5041211716,Lynn Brosnan,first,0
CHI,2018,W2897561538,Rice plant pattern as predictor of the milling and cooking quality in breeding programs,A5033277945,Ana Sofia Almeida,first,0
CHI,2018,W2897561538,Rice plant pattern as predictor of the milling and cooking quality in breeding programs,A5067803666,Jorge C. Oliveira,middle,0
CHI,2018,W2897561538,Rice plant pattern as predictor of the milling and cooking quality in breeding programs,A5061181990,Carla Brites,last,0
CIKM,2010,W138345005,A Multi-Perspective Evaluation Framework For Chord Recognition.,A5003324660,Verena Konz,first,10
CIKM,2010,W138345005,A Multi-Perspective Evaluation Framework For Chord Recognition.,A5109881851,Meinard Müller,middle,10
CIKM,2010,W138345005,A Multi-Perspective Evaluation Framework For Chord Recognition.,A5001413512,Sebastian Ewert,last,10
CIKM,2010,W1918877302,"[Book Review:] Juergensmeyer, Mark: Die Globalisierung religiöser Gewalt: Von christlichen Milizen bis al-Qaida (Hamburg: Hamburger Edition, 2009)",A5076574941,Dominic Akyel,first,4
CIKM,2010,W844427840,A neutral beam injection source for the TORIC/SSFPQL package,A5050753118,R. Bilato,first,0
CIKM,2010,W844427840,A neutral beam injection source for the TORIC/SSFPQL package,A5091879812,Marco Brambilla,middle,0
CIKM,2010,W844427840,A neutral beam injection source for the TORIC/SSFPQL package,A5075791698,Y. Feng,middle,0
CIKM,2010,W844427840,A neutral beam injection source for the TORIC/SSFPQL package,A5006258856,G. Tardini,last,0
CIKM,2015,W2808115690,Creative Tourism as a Driver of Urban Regeneration,A5038706629,Maria Della Lucia,first,0
CIKM,2015,W2808115690,Creative Tourism as a Driver of Urban Regeneration,A5066380349,Mariapina Trunfio,middle,0
CIKM,2015,W2808115690,Creative Tourism as a Driver of Urban Regeneration,A5108187635,Frank M. Go,last,0
CIKM,2015,W2615024193,Automated Prediction of Extraversion during Human-Robot Interaction.,A5026993674,Salvatore M. Anzalone,first,1
CIKM,2015,W2615024193,Automated Prediction of Extraversion during Human-Robot Interaction.,A5043020439,Giovanna Varni,middle,1
CIKM,2015,W2615024193,Automated Prediction of Extraversion during Human-Robot Interaction.,A5085519104,Elisabetta Zibetti,middle,1
CIKM,2015,W2615024193,Automated Prediction of Extraversion during Human-Robot Interaction.,A5022711233,Serena Ivaldi,middle,1
CIKM,2015,W2615024193,Automated Prediction of Extraversion during Human-Robot Interaction.,A5049398785,Mohamed Chétouani,last,1
CIKM,2015,W2271329635,I Greci e la memoria della vittoria: alcune considerazioni sui trofei delle Guerre Persiane,A5086166992,Giorgia Proietti,first,8
CVPR,2006,W2020944503,Boosting Sex Identification Performance,A5085643229,Shumeet Baluja,first,352
CVPR,2006,W2020944503,Boosting Sex Identification Performance,A5048198161,Henry A. Rowley,last,352
CVPR,2006,W1975432466,Multi-Parameter Simultaneous Estimation on Area-Based Matching,A5109325186,Masao Shimizu,first,21
CVPR,2006,W1975432466,Multi-Parameter Simultaneous Estimation on Area-Based Matching,A5024453747,Masatoshi Okutomi,last,21
CVPR,2006,W1969531469,Multi-body Factorization with Uncertainty: Revisiting Motion Consistency,A5051411799,Lihi Zelnik‐Manor,first,33
CVPR,2006,W1969531469,Multi-body Factorization with Uncertainty: Revisiting Motion Consistency,A5030821519,Moshe Machline,middle,33
CVPR,2006,W1969531469,Multi-body Factorization with Uncertainty: Revisiting Motion Consistency,A5111953201,Michal Irani,last,33
CVPR,2007,W2312756368,Classification of the Amphiboles,A5055546274,F. C. Hawthorne,first,105
CVPR,2007,W2312756368,Classification of the Amphiboles,A5002459127,Roberta Oberti,last,105
CVPR,2007,W2028116953,Fluid Phase Separation Processes in Submarine Hydrothermal Systems,A5113897946,Dionysis I. Foustoukos,first,102
CVPR,2007,W2028116953,Fluid Phase Separation Processes in Submarine Hydrothermal Systems,A5081801523,William E. Seyfried,last,102
CVPR,2007,W2002206695,The Synthesis and Stability of Some End-Member Amphiboles,A5110357433,Bernard W. Evans,first,20
CVPR,2011,W2013921122,"Dennis Ritchie, 1941--2011",A5075535623,Paul Hyman,first,3
CVPR,2011,W2340640782,Against cyberterrorism,A5045268197,Maura Conway,first,20
CVPR,2011,W2123056259,ACM CTO roundtable on mobile devices in the enterprise,A5020824664,Mache Creeger,first,6
CVPR,2017,W3201385869,"1I/'Oumuamua is Hot: Imaging, Spectroscopy and Search of Meteor Activity",A5054250862,Quanzhi Ye,first,0
CVPR,2017,W3201385869,"1I/'Oumuamua is Hot: Imaging, Spectroscopy and Search of Meteor Activity",A5100652204,Qicheng Zhang,middle,0
CVPR,2017,W3201385869,"1I/'Oumuamua is Hot: Imaging, Spectroscopy and Search of Meteor Activity",A5104047094,Mike Kelley,middle,0
CVPR,2017,W3201385869,"1I/'Oumuamua is Hot: Imaging, Spectroscopy and Search of Meteor Activity",A5049825577,Peter Brown,last,0
CVPR,2017,W3025952141,$Σ^*_{1/2^-}(1380)$ in the $Λ^+_c \to ηπ^+ Λ$ decay,A5061917250,Ju-Jun Xie,first,0
CVPR,2017,W3025952141,$Σ^*_{1/2^-}(1380)$ in the $Λ^+_c \to ηπ^+ Λ$ decay,A5027457123,Li‐Sheng Geng,last,0
CVPR,2017,W2754228075,$L^\infty$-admissibility for analytic semigroups and applications to input-to-state stability,A5082176398,Birgit Jacob,first,0
CVPR,2017,W2754228075,$L^\infty$-admissibility for analytic semigroups and applications to input-to-state stability,A5011609914,Felix L. Schwenninger,middle,0
CVPR,2017,W2754228075,$L^\infty$-admissibility for analytic semigroups and applications to input-to-state stability,A5041102285,Hans Zwart,last,0
FOCS,2002,W2292841976,My sense of spiritual self: a qualitative study of role-related adult spiritual identity,A5071687867,Chris Kiesling,first,0
FOCS,2002,W593576149,"Speaker, Tech law students discuss right to decide issue",A5060647099,Brittany Barrientos,first,0
FOCS,2002,W79675383,Color and after-image experiences,A5080900102,Eric Kevin Carter,first,0
FOCS,2003,W1970149677,Deterministic versus nondeterministic time and lower bound problems,A5052202085,Richard E. Stearns,first,3
FOCS,2003,W2027173239,A foundation for designing deadlock-free routing algorithms in wormhole networks,A5059299639,D.N. Jayasimha,first,9
FOCS,2003,W2027173239,A foundation for designing deadlock-free routing algorithms in wormhole networks,A5085222174,Loren Schwiebert,middle,9
FOCS,2003,W2027173239,A foundation for designing deadlock-free routing algorithms in wormhole networks,A5113452421,D. Manivannan,middle,9
FOCS,2003,W2027173239,A foundation for designing deadlock-free routing algorithms in wormhole networks,A5038424355,Jeff A. May,last,9
FOCS,2003,W1981203901,Why haven't more quantum algorithms been found?,A5020744800,Peter W. Shor,first,89
FOCS,2004,W2016973429,Incremental Clustering and Dynamic Information Retrieval,A5071016611,Moses Charikar,first,234
FOCS,2004,W2016973429,Incremental Clustering and Dynamic Information Retrieval,A5036503505,Chandra Chekuri,middle,234
FOCS,2004,W2016973429,Incremental Clustering and Dynamic Information Retrieval,A5109192583,Tomás Feder,middle,234
FOCS,2004,W2016973429,Incremental Clustering and Dynamic Information Retrieval,A5112649653,Rajeev Motwani,last,234
FOCS,2004,W2042276676,On Multidimensional Packing Problems,A5036503505,Chandra Chekuri,first,207
FOCS,2004,W2042276676,On Multidimensional Packing Problems,A5039619350,Sanjeev Khanna,last,207
FOCS,2004,W2013470587,"Fast, Distributed Approximation Algorithms for Positive Linear Programming with Applications to Flow Control",A5111723795,Yair Bartal,first,34
FOCS,2004,W2013470587,"Fast, Distributed Approximation Algorithms for Positive Linear Programming with Applications to Flow Control",A5103066327,John W. Byers,middle,34
FOCS,2004,W2013470587,"Fast, Distributed Approximation Algorithms for Positive Linear Programming with Applications to Flow Control",A5105124259,Danny Raz,last,34
FOCS,2008,W2091858563,Aggregating inconsistent information,A5033770678,Nir Ailon,first,624
FOCS,2008,W2091858563,Aggregating inconsistent information,A5071016611,Moses Charikar,middle,624
FOCS,2008,W2091858563,Aggregating inconsistent information,A5056131799,Alantha Newman,last,624
FOCS,2008,W1997147068,Computing correlated equilibria in multi-player games,A5103200572,Christos H. Papadimitriou,first,295
FOCS,2008,W1997147068,Computing correlated equilibria in multi-player games,A5022886322,Tim Roughgarden,last,295
FOCS,2008,W1983524017,XPath satisfiability in the presence of DTDs,A5037774973,Michael Benedikt,first,151
FOCS,2008,W1983524017,XPath satisfiability in the presence of DTDs,A5070565287,Wenfei Fan,middle,151
FOCS,2008,W1983524017,XPath satisfiability in the presence of DTDs,A5087587379,Floris Geerts,last,151
FOCS,2011,W2170727514,Advanced shaping and stability limits in the TCV tokamak,A5048852859,S. Yu. Medvedev,first,0
FOCS,2011,W2170727514,Advanced shaping and stability limits in the TCV tokamak,A5086844548,А. А. Иванов,middle,0
FOCS,2011,W2170727514,Advanced shaping and stability limits in the TCV tokamak,A5082164627,А. А. Мартынов,middle,0
FOCS,2011,W2170727514,Advanced shaping and stability limits in the TCV tokamak,A5112022255,Yu.Yu. Poshekhonov,middle,0
FOCS,2011,W2170727514,Advanced shaping and stability limits in the TCV tokamak,A5072884282,Yves Martin,middle,0
FOCS,2011,W2170727514,Advanced shaping and stability limits in the TCV tokamak,A5110067433,J.M. Moret,middle,0
FOCS,2011,W2170727514,Advanced shaping and stability limits in the TCV tokamak,A5035009100,Francesco Piras,middle,0
FOCS,2011,W2170727514,Advanced shaping and stability limits in the TCV tokamak,A5029941221,Andreas Pitzschke,middle,0
FOCS,2011,W2170727514,Advanced shaping and stability limits in the TCV tokamak,A5062733974,A. Pochelon,middle,0
FOCS,2011,W2170727514,Advanced shaping and stability limits in the TCV tokamak,A5053379085,H. Reimerdes,middle,0
FOCS,2011,W2170727514,Advanced shaping and stability limits in the TCV tokamak,A5044980082,O. Sauter,middle,0
FOCS,2011,W2170727514,Advanced shaping and stability limits in the TCV tokamak,A5003336244,L. Ṽillard,last,0
FOCS,2011,W2243518360,An Interactive Performance-Based Expert System for Daylighting Design,A5017722636,Jaime L. Gagne,first,0
FOCS,2011,W2243518360,An Interactive Performance-Based Expert System for Daylighting Design,A5111484611,Marilyne Andersen,last,0
FOCS,2011,W2126339569,A New Method to Explore Conformal Field Theories in Any Dimension,A5059875369,Alessandro Vichi,first,11
FSE,2003,W1489112040,Fully Silicided NiSi and Germanided NiGe Dual Gates on SiO 2/Si and Al 2O 3/Ge-On-Insulator MOSFETs,A5113596454,Cheng-Hsiung Huang,first,33
FSE,2003,W1489112040,Fully Silicided NiSi and Germanided NiGe Dual Gates on SiO 2/Si and Al 2O 3/Ge-On-Insulator MOSFETs,A5026741068,Decai Yu,middle,33
FSE,2003,W1489112040,Fully Silicided NiSi and Germanided NiGe Dual Gates on SiO 2/Si and Al 2O 3/Ge-On-Insulator MOSFETs,A5074325217,Albert Chin,middle,33
FSE,2003,W1489112040,Fully Silicided NiSi and Germanided NiGe Dual Gates on SiO 2/Si and Al 2O 3/Ge-On-Insulator MOSFETs,A5101402614,Chenqi Wu,middle,33
FSE,2003,W1489112040,Fully Silicided NiSi and Germanided NiGe Dual Gates on SiO 2/Si and Al 2O 3/Ge-On-Insulator MOSFETs,A5044560262,W.J. Chen,middle,33
FSE,2003,W1489112040,Fully Silicided NiSi and Germanided NiGe Dual Gates on SiO 2/Si and Al 2O 3/Ge-On-Insulator MOSFETs,A5020260274,Chunxiang Zhu,middle,33
FSE,2003,W1489112040,Fully Silicided NiSi and Germanided NiGe Dual Gates on SiO 2/Si and Al 2O 3/Ge-On-Insulator MOSFETs,A5016106696,M. F. Li,middle,33
FSE,2003,W1489112040,Fully Silicided NiSi and Germanided NiGe Dual Gates on SiO 2/Si and Al 2O 3/Ge-On-Insulator MOSFETs,A5033875883,Byung Jin Cho,middle,33
FSE,2003,W1489112040,Fully Silicided NiSi and Germanided NiGe Dual Gates on SiO 2/Si and Al 2O 3/Ge-On-Insulator MOSFETs,A5111603661,Dim Lee Kwong,last,33
FSE,2003,W191801797,Wireless Propagation in Non Line of Sight Urban Areas using Uniform Theory of Diffraction,A5013335871,Grant Ellis,first,0
FSE,2007,W1710335252,Interview with UK Mediator Michael Leathes,A5044011754,Nadja Marie Alexander,first,0
FSE,2007,W1601277454,Game-Theoretic Approaches for Complex Systems Optimization,A5102899461,Robert L. Smith,first,1
FSE,2007,W1601277454,Game-Theoretic Approaches for Complex Systems Optimization,A5002102744,Michael P. Wellman,middle,1
FSE,2007,W1601277454,Game-Theoretic Approaches for Complex Systems Optimization,A5064932423,Shih-Fen Cheng,last,1
FSE,2007,W1581382269,Can a Legislative Assembly Function Without an Executive Government Under the Indian Constitution,A5056361709,Shubhankar Dam,first,1
FSE,2014,W2403118901,"(<i>k</i>,<i>l</i>)-Unambiguity and Quasi-Deterministic Structures",A5006550805,Pascal Caron,first,0
FSE,2014,W2403118901,"(<i>k</i>,<i>l</i>)-Unambiguity and Quasi-Deterministic Structures",A5038635495,Marianne Flouret,middle,0
FSE,2014,W2403118901,"(<i>k</i>,<i>l</i>)-Unambiguity and Quasi-Deterministic Structures",A5026435500,Ludovic Mignot,last,0
FSE,2014,W2289878533,$C^{1+\sigma}$-regularity for non-local elliptic HJB equations with critical fractional diffusion,A5003625306,Imran H. Biswas,first,0
FSE,2014,W2289878533,$C^{1+\sigma}$-regularity for non-local elliptic HJB equations with critical fractional diffusion,A5102882221,Indranil Chowdhury,last,0
FSE,2014,W3003413779,$γ^\ast N \to N(1710)$ transition at high momentum transfer,A5010720860,G. Ramalho,first,0
FSE,2014,W3003413779,$γ^\ast N \to N(1710)$ transition at high momentum transfer,A5082398034,K. Tsushima,last,0
FSE,2015,W2271092469,"Amnésie historique et sociale au ""Marienland""",A5081029231,Denis Scuto,first,0
FSE,2015,W1013750804,A World without Fathers? : Fictions of Authority around 1920,A5043479090,Oliver Kohns,first,0
FSE,2016,W2511911321,$E_6$ and a 750 GeV Di-photon Resonance,A5019394715,A. Joglekar,first,0
FSE,2016,W2511911321,$E_6$ and a 750 GeV Di-photon Resonance,A5103365288,Jonathan L. Rosner,last,0
FSE,2016,W2524787313,A comparative study of social network classifiers for predicting churn in the telecommunication industry,A5089062610,María Óskarsdóttir,first,17
FSE,2016,W2524787313,A comparative study of social network classifiers for predicting churn in the telecommunication industry,A5011142751,Cristián Bravo,middle,17
FSE,2016,W2524787313,A comparative study of social network classifiers for predicting churn in the telecommunication industry,A5075484247,Wouter Verbeke,middle,17
FSE,2016,W2524787313,A comparative study of social network classifiers for predicting churn in the telecommunication industry,A5072930694,Carlos Sarraute,middle,17
FSE,2016,W2524787313,A comparative study of social network classifiers for predicting churn in the telecommunication industry,A5081225515,Bart Baesens,middle,17
FSE,2016,W2524787313,A comparative study of social network classifiers for predicting churn in the telecommunication industry,A5076581659,Jan Vanthienen,last,17
FSE,2016,W3032176689,A BCMP Network Approach to Modeling and Controlling Autonomous Mobility-on-Demand Systems,A5021358047,Ramón Iglesias,first,0
FSE,2016,W3032176689,A BCMP Network Approach to Modeling and Controlling Autonomous Mobility-on-Demand Systems,A5065789205,Federico Rossi,middle,0
FSE,2016,W3032176689,A BCMP Network Approach to Modeling and Controlling Autonomous Mobility-on-Demand Systems,A5026678321,Rick Zhang,middle,0
FSE,2016,W3032176689,A BCMP Network Approach to Modeling and Controlling Autonomous Mobility-on-Demand Systems,A5050003000,Marco Pavone,last,0
FSE,2017,W2620299936,(LaTiO$_3$)$_n$/(LaVO$_3$)$_n$ as a model system for unconventional charge transfer and polar metallicity,A5073275117,Yakui Weng,first,0
FSE,2017,W2620299936,(LaTiO$_3$)$_n$/(LaVO$_3$)$_n$ as a model system for unconventional charge transfer and polar metallicity,A5100343061,Junjie Zhang,middle,0
FSE,2017,W2620299936,(LaTiO$_3$)$_n$/(LaVO$_3$)$_n$ as a model system for unconventional charge transfer and polar metallicity,A5049519363,Bin Gao,middle,0
FSE,2017,W2620299936,(LaTiO$_3$)$_n$/(LaVO$_3$)$_n$ as a model system for unconventional charge transfer and polar metallicity,A5077137558,Shuai Dong,last,0
FSE,2017,W2568420557,A (2 + ϵ)-approximation for maximum weight matching in the semi-streaming model,A5025101185,Ami Paz,first,36
FSE,2017,W2568420557,A (2 + ϵ)-approximation for maximum weight matching in the semi-streaming model,A5067916743,Gregory Schwartzman,last,36
FSE,2017,W2972670050,"(2+1)-dimensional interface dynamics: mixing time, hydrodynamic limit\n and Anisotropic KPZ growth",A5012730394,Fabio Lucio Toninelli,first,8
ICCV,2001,W4245679200,Guest Editors' Introduction,A5085127350,Peter Johansen,first,0
ICCV,2001,W4245679200,Guest Editors' Introduction,A5059045166,Bjarne Kjær Ersbøll,last,0
ICCV,2001,W1484063704,Constructing a Multivalued Representation for View Synthesis,A5109929091,Nelson L. Chang,first,15
ICCV,2001,W1484063704,Constructing a Multivalued Representation for View Synthesis,A5008034417,Avideh Zakhor,last,15
ICCV,2001,W1598351315,Catadioptric Stereo Using Planar Mirrors,A5044731451,J. Gluckman,first,100
ICCV,2001,W1598351315,Catadioptric Stereo Using Planar Mirrors,A5051975921,Shree K. Nayar,last,100
ICCV,2003,W2163387321,Multiscale Medial Loci and Their Properties,A5056585168,Stephen M. Pizer,first,174
ICCV,2003,W2163387321,Multiscale Medial Loci and Their Properties,A5033570386,Kaleem Siddiqi,middle,174
ICCV,2003,W2163387321,Multiscale Medial Loci and Their Properties,A5101830775,Gábor Székely,middle,174
ICCV,2003,W2163387321,Multiscale Medial Loci and Their Properties,A5048285002,James Damon,middle,174
ICCV,2003,W2163387321,Multiscale Medial Loci and Their Properties,A5012924253,Steven W. Zucker,last,174
ICCV,2003,W1581269121,Modeling Visual Patterns by Integrating Descriptive and Generative Methods,A5018795232,Cheng-en Guo,first,70
ICCV,2003,W1581269121,Modeling Visual Patterns by Integrating Descriptive and Generative Methods,A5034228010,Song‐Chun Zhu,middle,70
ICCV,2003,W1581269121,Modeling Visual Patterns by Integrating Descriptive and Generative Methods,A5101780958,Ying Wu,last,70
ICCV,2003,W1565961108,Algebraic and PDE Approaches for Lattice Scale-Spaces with Global Constraints,A5106182541,Petros Maragos,first,19
ICCV,2017,W2590044014,"""Soulier” et la résurgence de l’auteur",A5002296631,Franck Macrez,first,0
ICCV,2017,W2889712604,""" Sentient Matter: Sight and Sound in P. B. Shelley's Last Poems"" .",A5112735193,Sophie Laniel-Musitelli,first,0
ICCV,2017,W4406076540,"""Comienzan su obra los gusanos"" o el tardofranquismo visto desde la perspectiva republicana de José Bergamin",A5000827846,Iván López Cabello,first,0
ICML,2006,W2620466028,Bee diversity and plant-pollinator interactions in fragmented landscapes,A5053128729,Ingolf Steffan‐Dewenter,first,104
ICML,2006,W2620466028,Bee diversity and plant-pollinator interactions in fragmented landscapes,A5070924304,Alexandra‐Maria Klein,middle,104
ICML,2006,W2620466028,Bee diversity and plant-pollinator interactions in fragmented landscapes,A5041165593,Volker Gaebele,middle,104
ICML,2006,W2620466028,Bee diversity and plant-pollinator interactions in fragmented landscapes,A5052828434,Thomas Alfert,middle,104
ICML,2006,W2620466028,Bee diversity and plant-pollinator interactions in fragmented landscapes,A5038194873,Teja Tscharntke,last,104
ICML,2006,W190624638,Weiterentwicklung der Infrastruktur für wissenschaftliche Information im digitalen Zeitalter,A5023480672,Norbert Lossau,first,0
ICML,2006,W3141497741,Search for particles decaying into a Z boson and a photon in pp¯ collisions at s=1.96 TeV,A5107913788,V. M. Abazov,first,3
ICML,2006,W3141497741,Search for particles decaying into a Z boson and a photon in pp¯ collisions at s=1.96 TeV,A5007910787,B. Abbott,middle,3
ICML,2006,W3141497741,Search for particles decaying into a Z boson and a photon in pp¯ collisions at s=1.96 TeV,A5107841465,M. Abolins,middle,3
ICML,2006,W3141497741,Search for particles decaying into a Z boson and a photon in pp¯ collisions at s=1.96 TeV,A5042807344,B. S. Acharya,middle,3
ICML,2006,W3141497741,Search for particles decaying into a Z boson and a photon in pp¯ collisions at s=1.96 TeV,A5025215607,Mark Raymond Adams,middle,3
ICML,2006,W3141497741,Search for particles decaying into a Z boson and a photon in pp¯ collisions at s=1.96 TeV,A5063987582,T. Adams,middle,3
ICML,2006,W3141497741,Search for particles decaying into a Z boson and a photon in pp¯ collisions at s=1.96 TeV,A5047186295,M. Agelou,middle,3
ICML,2006,W3141497741,Search for particles decaying into a Z boson and a photon in pp¯ collisions at s=1.96 TeV,A5040019274,J.-L. Agram,middle,3
ICML,2006,W3141497741,Search for particles decaying into a Z boson and a photon in pp¯ collisions at s=1.96 TeV,A5074660905,S. H. Ahn,middle,3
ICML,2006,W3141497741,Search for particles decaying into a Z boson and a photon in pp¯ collisions at s=1.96 TeV,A5107825907,M. Ahsan,middle,3
ICML,2006,W3141497741,Search for particles decaying into a Z boson and a photon in pp¯ collisions at s=1.96 TeV,A5108496831,G. D. Alexeev,middle,3
ICML,2006,W3141497741,Search for particles decaying into a Z boson and a photon in pp¯ collisions at s=1.96 TeV,A5107872879,G. Alkhazov,middle,3
ICML,2006,W3141497741,Search for particles decaying into a Z boson and a photon in pp¯ collisions at s=1.96 TeV,A5108522137,T. Alexander,middle,3
ICML,2006,W3141497741,Search for particles decaying into a Z boson and a photon in pp¯ collisions at s=1.96 TeV,A5064072134,G. Alverson,middle,3
ICML,2006,W3141497741,Search for particles decaying into a Z boson and a photon in pp¯ collisions at s=1.96 TeV,A5088055007,G. A. Alves,middle,3
ICML,2006,W3141497741,Search for particles decaying into a Z boson and a photon in pp¯ collisions at s=1.96 TeV,A5055604672,M. Anastasoaie,middle,3
ICML,2006,W3141497741,Search for particles decaying into a Z boson and a photon in pp¯ collisions at s=1.96 TeV,A5085290420,T. Andeen,middle,3
ICML,2006,W3141497741,Search for particles decaying into a Z boson and a photon in pp¯ collisions at s=1.96 TeV,A5109290567,S. Anderson,middle,3
ICML,2006,W3141497741,Search for particles decaying into a Z boson and a photon in pp¯ collisions at s=1.96 TeV,A5117396980,B. Andrieu,middle,3
ICML,2006,W3141497741,Search for particles decaying into a Z boson and a photon in pp¯ collisions at s=1.96 TeV,A5031639271,M. S. Anzelc,middle,3
ICML,2006,W3141497741,Search for particles decaying into a Z boson and a photon in pp¯ collisions at s=1.96 TeV,A5001206547,Y. Arnoud,middle,3
ICML,2006,W3141497741,Search for particles decaying into a Z boson and a photon in pp¯ collisions at s=1.96 TeV,A5027602567,M. Arov,middle,3
ICML,2006,W3141497741,Search for particles decaying into a Z boson and a photon in pp¯ collisions at s=1.96 TeV,A5072260746,Andrew Askew,middle,3
ICML,2006,W3141497741,Search for particles decaying into a Z boson and a photon in pp¯ collisions at s=1.96 TeV,A5107824863,B. Åsman,middle,3
ICML,2006,W3141497741,Search for particles decaying into a Z boson and a photon in pp¯ collisions at s=1.96 TeV,A5112370928,A. C. S. Assis Jesus,middle,3
ICML,2006,W3141497741,Search for particles decaying into a Z boson and a photon in pp¯ collisions at s=1.96 TeV,A5108412465,O. Atramentov,middle,3
ICML,2006,W3141497741,Search for particles decaying into a Z boson and a photon in pp¯ collisions at s=1.96 TeV,A5105759722,C. Autermann,middle,3
ICML,2006,W3141497741,Search for particles decaying into a Z boson and a photon in pp¯ collisions at s=1.96 TeV,A5030442551,C. Ávila,middle,3
ICML,2006,W3141497741,Search for particles decaying into a Z boson and a photon in pp¯ collisions at s=1.96 TeV,A5107852250,C. Ay,middle,3
ICML,2006,W3141497741,Search for particles decaying into a Z boson and a photon in pp¯ collisions at s=1.96 TeV,A5107063476,F. Badaud,middle,3
ICML,2006,W3141497741,Search for particles decaying into a Z boson and a photon in pp¯ collisions at s=1.96 TeV,A5107857327,A. Baden,middle,3
ICML,2006,W3141497741,Search for particles decaying into a Z boson and a photon in pp¯ collisions at s=1.96 TeV,A5107929368,L. Bagby,middle,3
ICML,2006,W3141497741,Search for particles decaying into a Z boson and a photon in pp¯ collisions at s=1.96 TeV,A5114255423,B. Baldin,middle,3
ICML,2006,W3141497741,Search for particles decaying into a Z boson and a photon in pp¯ collisions at s=1.96 TeV,A5107893242,D. V. Bandurin,middle,3
ICML,2006,W3141497741,Search for particles decaying into a Z boson and a photon in pp¯ collisions at s=1.96 TeV,A5067386294,P. Banerjee,middle,3
ICML,2006,W3141497741,Search for particles decaying into a Z boson and a photon in pp¯ collisions at s=1.96 TeV,A5108166891,S. Banerjee,middle,3
ICML,2006,W3141497741,Search for particles decaying into a Z boson and a photon in pp¯ collisions at s=1.96 TeV,A5108067248,E. Barberis,middle,3
ICML,2006,W3141497741,Search for particles decaying into a Z boson and a photon in pp¯ collisions at s=1.96 TeV,A5100708815,P. Bargassa,middle,3
ICML,2006,W3141497741,Search for particles decaying into a Z boson and a photon in pp¯ collisions at s=1.96 TeV,A5100649849,P. Baringer,middle,3
ICML,2006,W3141497741,Search for particles decaying into a Z boson and a photon in pp¯ collisions at s=1.96 TeV,A5031424617,C. Barnes,middle,3
ICML,2006,W3141497741,Search for particles decaying into a Z boson and a photon in pp¯ collisions at s=1.96 TeV,A5014342735,J. Barreto,middle,3
ICML,2006,W3141497741,Search for particles decaying into a Z boson and a photon in pp¯ collisions at s=1.96 TeV,A5107825885,J. F. Bartlett,middle,3
ICML,2006,W3141497741,Search for particles decaying into a Z boson and a photon in pp¯ collisions at s=1.96 TeV,A5060877529,U. Bassler,middle,3
ICML,2006,W3141497741,Search for particles decaying into a Z boson and a photon in pp¯ collisions at s=1.96 TeV,A5082319187,D. Bauer,middle,3
ICML,2006,W3141497741,Search for particles decaying into a Z boson and a photon in pp¯ collisions at s=1.96 TeV,A5100724250,A. Bean,middle,3
ICML,2006,W3141497741,Search for particles decaying into a Z boson and a photon in pp¯ collisions at s=1.96 TeV,A5118941210,M. Begalli,middle,3
ICML,2006,W3141497741,Search for particles decaying into a Z boson and a photon in pp¯ collisions at s=1.96 TeV,A5011925943,M. Begel,middle,3
ICML,2006,W3141497741,Search for particles decaying into a Z boson and a photon in pp¯ collisions at s=1.96 TeV,A5106522072,C. Bélanger-Champagne,middle,3
ICML,2006,W3141497741,Search for particles decaying into a Z boson and a photon in pp¯ collisions at s=1.96 TeV,A5108096149,L. Bellantoni,middle,3
ICML,2006,W3141497741,Search for particles decaying into a Z boson and a photon in pp¯ collisions at s=1.96 TeV,A5113327536,A. Bellavance,middle,3
ICML,2006,W3141497741,Search for particles decaying into a Z boson and a photon in pp¯ collisions at s=1.96 TeV,A5074447259,J. F. Benitez,middle,3
ICML,2006,W3141497741,Search for particles decaying into a Z boson and a photon in pp¯ collisions at s=1.96 TeV,A5107881801,S. B. Beri,middle,3
ICML,2006,W3141497741,Search for particles decaying into a Z boson and a photon in pp¯ collisions at s=1.96 TeV,A5105618469,G. Bernardi,middle,3
ICML,2006,W3141497741,Search for particles decaying into a Z boson and a photon in pp¯ collisions at s=1.96 TeV,A5106470002,R. Bernhard,middle,3
ICML,2006,W3141497741,Search for particles decaying into a Z boson and a photon in pp¯ collisions at s=1.96 TeV,A5109529796,L. Berntzon,middle,3
ICML,2006,W3141497741,Search for particles decaying into a Z boson and a photon in pp¯ collisions at s=1.96 TeV,A5040673747,I. A. Bertram,middle,3
ICML,2006,W3141497741,Search for particles decaying into a Z boson and a photon in pp¯ collisions at s=1.96 TeV,A5108022294,M. Besançon,middle,3
ICML,2006,W3141497741,Search for particles decaying into a Z boson and a photon in pp¯ collisions at s=1.96 TeV,A5050386571,R. Beuselinck,middle,3
ICML,2006,W3141497741,Search for particles decaying into a Z boson and a photon in pp¯ collisions at s=1.96 TeV,A5106325702,V. A. Bezzubov,middle,3
ICML,2006,W3141497741,Search for particles decaying into a Z boson and a photon in pp¯ collisions at s=1.96 TeV,A5057579026,P. C. Bhat,middle,3
ICML,2006,W3141497741,Search for particles decaying into a Z boson and a photon in pp¯ collisions at s=1.96 TeV,A5072449178,V. Bhatnagar,middle,3
ICML,2006,W3141497741,Search for particles decaying into a Z boson and a photon in pp¯ collisions at s=1.96 TeV,A5047896872,M. Binder,middle,3
ICML,2006,W3141497741,Search for particles decaying into a Z boson and a photon in pp¯ collisions at s=1.96 TeV,A5015817476,C. Biscarat,middle,3
ICML,2006,W3141497741,Search for particles decaying into a Z boson and a photon in pp¯ collisions at s=1.96 TeV,A5039140726,K. Black,middle,3
ICML,2006,W3141497741,Search for particles decaying into a Z boson and a photon in pp¯ collisions at s=1.96 TeV,A5015035219,I. Blackler,middle,3
ICML,2006,W3141497741,Search for particles decaying into a Z boson and a photon in pp¯ collisions at s=1.96 TeV,A5028086816,G. Blazey,middle,3
ICML,2006,W3141497741,Search for particles decaying into a Z boson and a photon in pp¯ collisions at s=1.96 TeV,A5025384198,F. Blekman,middle,3
ICML,2006,W3141497741,Search for particles decaying into a Z boson and a photon in pp¯ collisions at s=1.96 TeV,A5064729514,S. Blessing,middle,3
ICML,2006,W3141497741,Search for particles decaying into a Z boson and a photon in pp¯ collisions at s=1.96 TeV,A5056109933,D. Blöch,middle,3
ICML,2006,W3141497741,Search for particles decaying into a Z boson and a photon in pp¯ collisions at s=1.96 TeV,A5108166785,K. Bloom,middle,3
ICML,2006,W3141497741,Search for particles decaying into a Z boson and a photon in pp¯ collisions at s=1.96 TeV,A5107854512,U. Blumenschein,middle,3
ICML,2006,W3141497741,Search for particles decaying into a Z boson and a photon in pp¯ collisions at s=1.96 TeV,A5049158651,A. Boehnlein,middle,3
ICML,2006,W3141497741,Search for particles decaying into a Z boson and a photon in pp¯ collisions at s=1.96 TeV,A5107725819,O. E. Vickey Boeriu,middle,3
ICML,2006,W3141497741,Search for particles decaying into a Z boson and a photon in pp¯ collisions at s=1.96 TeV,A5102639982,T. A. Bolton,middle,3
ICML,2006,W3141497741,Search for particles decaying into a Z boson and a photon in pp¯ collisions at s=1.96 TeV,A5106558559,F. Borcherding,middle,3
ICML,2006,W3141497741,Search for particles decaying into a Z boson and a photon in pp¯ collisions at s=1.96 TeV,A5060897635,G. Borissov,middle,3
ICML,2006,W3141497741,Search for particles decaying into a Z boson and a photon in pp¯ collisions at s=1.96 TeV,A5107345659,K. Bos,middle,3
ICML,2006,W3141497741,Search for particles decaying into a Z boson and a photon in pp¯ collisions at s=1.96 TeV,A5049485111,T. Bose,middle,3
ICML,2006,W3141497741,Search for particles decaying into a Z boson and a photon in pp¯ collisions at s=1.96 TeV,A5057777900,A. Brandt,middle,3
ICML,2006,W3141497741,Search for particles decaying into a Z boson and a photon in pp¯ collisions at s=1.96 TeV,A5109906919,R. Brock,middle,3
ICML,2006,W3141497741,Search for particles decaying into a Z boson and a photon in pp¯ collisions at s=1.96 TeV,A5073780128,G. Brooijmans,middle,3
ICML,2006,W3141497741,Search for particles decaying into a Z boson and a photon in pp¯ collisions at s=1.96 TeV,A5057455166,A. Bross,middle,3
ICML,2006,W3141497741,Search for particles decaying into a Z boson and a photon in pp¯ collisions at s=1.96 TeV,A5038614330,D. Brown,middle,3
ICML,2006,W3141497741,Search for particles decaying into a Z boson and a photon in pp¯ collisions at s=1.96 TeV,A5018783153,N. J. Buchanan,middle,3
ICML,2006,W3141497741,Search for particles decaying into a Z boson and a photon in pp¯ collisions at s=1.96 TeV,A5113628038,D. Buchholz,middle,3
ICML,2006,W3141497741,Search for particles decaying into a Z boson and a photon in pp¯ collisions at s=1.96 TeV,A5111509620,M. Buehler,middle,3
ICML,2006,W3141497741,Search for particles decaying into a Z boson and a photon in pp¯ collisions at s=1.96 TeV,A5107835210,V. Buescher,middle,3
ICML,2006,W3141497741,Search for particles decaying into a Z boson and a photon in pp¯ collisions at s=1.96 TeV,A5085382896,S. Burdin,middle,3
ICML,2006,W3141497741,Search for particles decaying into a Z boson and a photon in pp¯ collisions at s=1.96 TeV,A5006681407,S. Bürke,middle,3
ICML,2006,W3141497741,Search for particles decaying into a Z boson and a photon in pp¯ collisions at s=1.96 TeV,A5111449120,T. H. Burnett,middle,3
ICML,2006,W3141497741,Search for particles decaying into a Z boson and a photon in pp¯ collisions at s=1.96 TeV,A5106499574,K. Satô,middle,3
ICML,2006,W3141497741,Search for particles decaying into a Z boson and a photon in pp¯ collisions at s=1.96 TeV,A5108092918,C. P. Buszello,middle,3
ICML,2006,W3141497741,Search for particles decaying into a Z boson and a photon in pp¯ collisions at s=1.96 TeV,A5029367526,J. M. Butler,middle,3
ICML,2006,W3141497741,Search for particles decaying into a Z boson and a photon in pp¯ collisions at s=1.96 TeV,A5045414402,P. Calfayan,middle,3
ICML,2006,W3141497741,Search for particles decaying into a Z boson and a photon in pp¯ collisions at s=1.96 TeV,A5070012709,S. Calvet,middle,3
ICML,2006,W3141497741,Search for particles decaying into a Z boson and a photon in pp¯ collisions at s=1.96 TeV,A5004745943,J. Cammin,middle,3
ICML,2006,W3141497741,Search for particles decaying into a Z boson and a photon in pp¯ collisions at s=1.96 TeV,A5100600328,S. Caron,middle,3
ICML,2006,W3141497741,Search for particles decaying into a Z boson and a photon in pp¯ collisions at s=1.96 TeV,A5079427051,W. Carvalho,middle,3
ICML,2006,W3141497741,Search for particles decaying into a Z boson and a photon in pp¯ collisions at s=1.96 TeV,A5107858213,Gavin Keane,middle,3
ICML,2006,W3141497741,Search for particles decaying into a Z boson and a photon in pp¯ collisions at s=1.96 TeV,A5110259817,N. M. Cason,last,3
ICML,2010,W127558697,"A First Principle Comparative Study of Three, Two and One-dimensional MoS$_2$ [Part:1]",A5027908197,Can Ataca,first,0
ICML,2010,W127558697,"A First Principle Comparative Study of Three, Two and One-dimensional MoS$_2$ [Part:1]",A5024580746,Ethem Aktürk,middle,0
ICML,2010,W127558697,"A First Principle Comparative Study of Three, Two and One-dimensional MoS$_2$ [Part:1]",A5032338461,Hasan Şahin,middle,0
ICML,2010,W127558697,"A First Principle Comparative Study of Three, Two and One-dimensional MoS$_2$ [Part:1]",A5084126023,S. Çiraci,last,0
ICML,2010,W2088257991,$B_s \to f_0(980)$ decays: Results from light-cone QCD Sum Rules,A5053455798,Fulvia De Fazio,first,0
ICML,2010,W2801245139,A Concise Algorithm For Reconstructing The Root Graph From A Line Graph,A5109395565,D. Liu,first,0
ICML,2010,W2801245139,A Concise Algorithm For Reconstructing The Root Graph From A Line Graph,A5001877366,Piet Van Mieghem,last,0
ICML,2012,W3123301772,Along the road to uniformity: diverse readings of the Court of Justice judgments on copyright works,A5020867038,Mireille van Eechoud,first,7
ICML,2012,W2114412023,Choosing variants of pragmatic argumentation in anticipation of countermoves in health brochures,A5084315644,Lotte van Poppel,first,0
ICML,2012,W2576300916,"Becoming human: the iconography of black slavery in French, British and Dutch book illustrations c. 1600-c.1800",A5041144469,E.E.P. Kolfin,first,1
ICML,2012,W2576300916,"Becoming human: the iconography of black slavery in French, British and Dutch book illustrations c. 1600-c.1800",A5077920937,Elizabeth McGrath,middle,1
ICML,2012,W2576300916,"Becoming human: the iconography of black slavery in French, British and Dutch book illustrations c. 1600-c.1800",A5035273918,Jean Michel Massing,last,1
ICML,2016,W2591186110,\textitAb initio study of reactive collisions between Rb($^{2}S$) or Rb($^{2}P$) and OH$^{-}$($^{1}\Sigma^{+}$),A5052352973,Milaim Kas,first,0
ICML,2016,W2591186110,\textitAb initio study of reactive collisions between Rb($^{2}S$) or Rb($^{2}P$) and OH$^{-}$($^{1}\Sigma^{+}$),A5031611359,Jérôme Loreau,middle,0
ICML,2016,W2591186110,\textitAb initio study of reactive collisions between Rb($^{2}S$) or Rb($^{2}P$) and OH$^{-}$($^{1}\Sigma^{+}$),A5020700487,Jacques Liévin,middle,0
ICML,2016,W2591186110,\textitAb initio study of reactive collisions between Rb($^{2}S$) or Rb($^{2}P$) and OH$^{-}$($^{1}\Sigma^{+}$),A5066082974,Nathalie Vaeck,last,0
ICML,2016,W2805890818,$B^0\to K^{* 0}μ^+μ^-$ Decay in the Aligned Two-Higgs-Doublet Model,A5080675126,Quan-Yi Hu,first,0
ICML,2016,W2805890818,$B^0\to K^{* 0}μ^+μ^-$ Decay in the Aligned Two-Higgs-Doublet Model,A5078785146,Xin-Qiang Li,middle,0
ICML,2016,W2805890818,$B^0\to K^{* 0}μ^+μ^-$ Decay in the Aligned Two-Higgs-Doublet Model,A5103855130,Y. H. Yang,last,0
ICML,2016,W2567488287,A $\theta(n^2)$ Time Matrix Multiplication Algorithm,A5091329448,Yijie Han,first,1
ICML,2018,W2962991244,,A5012514373,Enrico Gavagnin,first,26
ICML,2018,W2962991244,,A5020922899,Matthew J. Ford,middle,26
ICML,2018,W2962991244,,A5006997647,Richard L. Mort,middle,26
ICML,2018,W2962991244,,A5016412107,Tim Rogers,middle,26
ICML,2018,W2962991244,,A5041859176,Christian A. Yates,last,26
ICML,2018,W2903348137,A 4 Flattening Points Theorem for Polygons,A5070780598,Marcos Craizer,first,0
ICML,2018,W2903348137,A 4 Flattening Points Theorem for Polygons,A5073799052,Sinésio Pesco,last,0
ICML,2018,W2800251065,A Bayesian semiparametric framework for causal inference in high-dimensional data,A5067717339,Joseph Antonelli,first,6
ICML,2018,W2800251065,A Bayesian semiparametric framework for causal inference in high-dimensional data,A5007008626,Francesca Dominici,last,6
ICSE,2003,W2069570166,Addressing the challenges of software industry globalization: the workshop on global software development,A5007049054,Daniela Damian,first,36
ICSE,2003,W2069570166,Addressing the challenges of software industry globalization: the workshop on global software development,A5072863196,Filippo Lanubile,middle,36
ICSE,2003,W2069570166,Addressing the challenges of software industry globalization: the workshop on global software development,A5076385023,Heather L. Oppenheimer,last,36
ICSE,2003,W3136464374,Session details: Experience reports: automotive software engineering,A5078515233,Martin Glinz,first,0
ICSE,2003,W3136464374,Session details: Experience reports: automotive software engineering,A5078245977,Judith A. Stafford,last,0
ICSE,2003,W2046111446,On the supervision and assessment of part-time postgraduate software engineering projects,A5090084463,Andrew Simpson,first,4
ICSE,2003,W2046111446,On the supervision and assessment of part-time postgraduate software engineering projects,A5087547134,Andrew Martin,middle,4
ICSE,2003,W2046111446,On the supervision and assessment of part-time postgraduate software engineering projects,A5086558126,Jeremy Gibbons,middle,4
ICSE,2003,W2046111446,On the supervision and assessment of part-time postgraduate software engineering projects,A5060831762,Jim Davies,middle,4
ICSE,2003,W2046111446,On the supervision and assessment of part-time postgraduate software engineering projects,A5027129096,Steve McKeever,last,4
ICSE,2004,W1978068196,"Classifying data dependences in the presence of pointers for program comprehension, testing, and debugging",A5030961858,Alessandro Orso,first,31
ICSE,2004,W1978068196,"Classifying data dependences in the presence of pointers for program comprehension, testing, and debugging",A5016963468,Saurabh Sinha,middle,31
ICSE,2004,W1978068196,"Classifying data dependences in the presence of pointers for program comprehension, testing, and debugging",A5038406724,Mary Jean Harrold,last,31
ICSE,2004,W1986538131,Coupling and cohesion metrics for knowledge-based systems using frames and rules,A5006247481,Stefan Krämer,first,47
ICSE,2004,W1986538131,Coupling and cohesion metrics for knowledge-based systems using frames and rules,A5029635609,Hermann Kaindl,last,47
ICSE,2004,W1968966764,A framework for modeling and implementing visual notations with applications to software engineering,A5036621965,Gennaro Costagliola,first,73
ICSE,2004,W1968966764,A framework for modeling and implementing visual notations with applications to software engineering,A5083976078,Vincenzo Deufemia,middle,73
ICSE,2004,W1968966764,A framework for modeling and implementing visual notations with applications to software engineering,A5041872893,Giuseppe Polese,last,73
ICSE,2005,W4256267596,Automatic discovery of API-level exploits,A5003010093,Vinod Ganapathy,first,4
ICSE,2005,W4256267596,Automatic discovery of API-level exploits,A5064230639,Sanjit A. Seshia,middle,4
ICSE,2005,W4256267596,Automatic discovery of API-level exploits,A5037641749,T.W. Repst,middle,4
ICSE,2005,W4256267596,Automatic discovery of API-level exploits,A5054408811,Randal E. Bryant,last,4
ICSE,2005,W4298718280,Deciding what to design: closing a gap in software engineering education,A5059637615,M. Shaw,first,23
ICSE,2005,W4298718280,Deciding what to design: closing a gap in software engineering education,A5050967621,J. Herbsleb,middle,23
ICSE,2005,W4298718280,Deciding what to design: closing a gap in software engineering education,A5078407582,I. Ozkaya,last,23
ICSE,2005,W4229595040,A cross-program investigation of students' perceptions of agile methods,A5081927864,Grigori Melnik,first,20
ICSE,2005,W4229595040,A cross-program investigation of students' perceptions of agile methods,A5070105322,Frank Maurer,last,20
ICSE,2007,W2104356319,Maturity Status within Front-End Support Organisations,A5111883347,Mira Kajko‐Mattsson,first,20
ICSE,2007,W2132535345,A Constructivist Approach to Teaching Software Processes,A5112052963,Jayakanth Srinivasan,first,11
ICSE,2007,W2132535345,A Constructivist Approach to Teaching Software Processes,A5045641364,Kristina Lundqvist,last,11
ICSE,2007,W2146174626,Using GUI Run-Time State as Feedback to Generate Test Cases,A5085861007,Xun Yuan,first,130
ICSE,2007,W2146174626,Using GUI Run-Time State as Feedback to Generate Test Cases,A5103489081,Atif M. Memon,last,130
ICSE,2008,W1545920122,An Estimation Method for the Thermal Conductivity of the Refrigerants in the Liquid State,A5110795980,G. Latini,first,4
ICSE,2008,W1554708295,A cross-cultural study of children's drawings and parents' attitudes about peace and war,A5010055493,Larissa V. Frias,first,0
ICSE,2008,W1584222970,A Study of Frost Nucleation on Flat Surfaces: Theoretical Model and Experimental Validation,A5002645384,Robson O. Piucco,first,1
ICSE,2008,W1584222970,A Study of Frost Nucleation on Flat Surfaces: Theoretical Model and Experimental Validation,A5106084748,Christian J.L. Hermes,middle,1
ICSE,2008,W1584222970,A Study of Frost Nucleation on Flat Surfaces: Theoretical Model and Experimental Validation,A5045426705,Cláudio Melo,middle,1
ICSE,2008,W1584222970,A Study of Frost Nucleation on Flat Surfaces: Theoretical Model and Experimental Validation,A5041426283,Jader R. Barbosa,last,1
ICSE,2010,W642149298,An EEG homologue of the negative BOLD response as measured at 7 Tesla,A5023023068,Wietske van der Zwaag,first,0
ICSE,2010,W642149298,An EEG homologue of the negative BOLD response as measured at 7 Tesla,A5001307762,Marzia De Lucia,middle,0
ICSE,2010,W642149298,An EEG homologue of the negative BOLD response as measured at 7 Tesla,A5090840518,Nadine Graedel,middle,0
ICSE,2010,W642149298,An EEG homologue of the negative BOLD response as measured at 7 Tesla,A5029520140,Micah M. Murray,middle,0
ICSE,2010,W642149298,An EEG homologue of the negative BOLD response as measured at 7 Tesla,A5029409294,Rolf Gruetter,last,0
ICSE,2010,W88908163,A level set method and a heat transfer model implemented into FLUENT for modeling of microscale two phase flows,A5061790787,Bogdan Alexandru Nichita,first,14
ICSE,2010,W88908163,A level set method and a heat transfer model implemented into FLUENT for modeling of microscale two phase flows,A5006994335,John R. Thome,last,14
ICSE,2010,W1781993196,Abflussinstabilitäten in Treppengerinnen mit eingetieften oder rückwärts geneigten Stufen,A5002965713,Christoph Knellwolf,first,0
ICSE,2010,W1781993196,Abflussinstabilitäten in Treppengerinnen mit eingetieften oder rückwärts geneigten Stufen,A5068263006,Anton Schleiss,last,0
ICSE,2011,W2259959749,A Comparative Evaluation of Exploration Strategies and Heuristics to Improve Them,A5103591818,Dirk Holz,first,26
ICSE,2011,W2259959749,A Comparative Evaluation of Exploration Strategies and Heuristics to Improve Them,A5090235510,Nicola Basilico,middle,26
ICSE,2011,W2259959749,A Comparative Evaluation of Exploration Strategies and Heuristics to Improve Them,A5028729032,Francesco Amigoni,middle,26
ICSE,2011,W2259959749,A Comparative Evaluation of Exploration Strategies and Heuristics to Improve Them,A5027761977,Sven Behnke,last,26
ICSE,2011,W3193631117,Analisi di materiali compositi con fibre naturali: applicazioni su componenti strutturali,A5078269201,Gerardus Janszen,first,1
ICSE,2011,W3193631117,Analisi di materiali compositi con fibre naturali: applicazioni su componenti strutturali,A5000299170,L. Battirossi,middle,1
ICSE,2011,W3193631117,Analisi di materiali compositi con fibre naturali: applicazioni su componenti strutturali,A5033245575,L. Di Landro,middle,1
ICSE,2011,W3193631117,Analisi di materiali compositi con fibre naturali: applicazioni su componenti strutturali,A5013480706,D. Tagliapietra,last,1
ICSE,2011,W2807490131,A thermodynamic model of equilibrium-hydrogen for the accurate simulation of its liquefaction,A5034205074,Gianluca Valenti,first,1
ICSE,2011,W2807490131,A thermodynamic model of equilibrium-hydrogen for the accurate simulation of its liquefaction,A5071337714,Ennio Macchi,middle,1
ICSE,2011,W2807490131,A thermodynamic model of equilibrium-hydrogen for the accurate simulation of its liquefaction,A5027106117,Samuele Brioschi,last,1
ICSE,2012,W2009691504,Verification and Validation of UML Conceptual Schemas with OCL Constraints,A5012828540,Anna Queralt,first,74
ICSE,2012,W2009691504,Verification and Validation of UML Conceptual Schemas with OCL Constraints,A5085687963,Ernest Teniente,last,74
ICSE,2012,W2005064209,Accounting for defect characteristics in evaluations of testing techniques,A5038010510,Jaymie Strecker,first,18
ICSE,2012,W2005064209,Accounting for defect characteristics in evaluations of testing techniques,A5103489081,Atif M. Memon,last,18
ICSE,2012,W2014412501,A Precise Method-Method Interaction-Based Cohesion Metric for Object-Oriented Classes,A5033958019,Jehad Al Dallal,first,106
ICSE,2012,W2014412501,A Precise Method-Method Interaction-Based Cohesion Metric for Object-Oriented Classes,A5078533117,Lionel Briand,last,106
ICSE,2013,W4246970369,An observable and controllable testing framework for modern systems,A5072070511,Tingting Yu,first,2
ICSE,2013,W4234346598,Does bug prediction support human developers? Findings from a Google case study,A5103564685,Chris Lewis,first,94
ICSE,2013,W4234346598,Does bug prediction support human developers? Findings from a Google case study,A5012617298,Zhongpeng Lin,middle,94
ICSE,2013,W4234346598,Does bug prediction support human developers? Findings from a Google case study,A5013989748,Caitlin Sadowski,middle,94
ICSE,2013,W4234346598,Does bug prediction support human developers? Findings from a Google case study,A5100452974,Xiaoyan Zhu,middle,94
ICSE,2013,W4234346598,Does bug prediction support human developers? Findings from a Google case study,A5055057373,Rong Ou,middle,94
ICSE,2013,W4234346598,Does bug prediction support human developers? Findings from a Google case study,A5089970457,E. James Whitehead,last,94
ICSE,2013,W4246363372,4th International workshop on managing technical debt (MTD 2013),A5038060982,Philippe Kruchten,first,19
ICSE,2013,W4246363372,4th International workshop on managing technical debt (MTD 2013),A5057124086,Robert L. Nord,middle,19
ICSE,2013,W4246363372,4th International workshop on managing technical debt (MTD 2013),A5079888779,İpek Özkaya,last,19
ICSE,2014,W183092672,A Velocity Prediction Procedure for Sailing Yachts with a hydrodynamic Model based on integrated fully coupled RANSE-Free-Surface Simulations,A5055045322,Christoph Boehm,first,13
ICSE,2014,W199086858,Advances in Model-Based Design of Flexible and Prompt Energy Systems -- The CO2 Capture Plant at the Buggenum IGCC Power Station as a Test Case,A5066624570,Carsten Trapp,first,7
ICSE,2014,W55070492,A Toolbox for Iconic Architecture,A5013416189,Justas Pipinis,first,1
ICSE,2015,W4242696118,&amp;#x0022;Should We Move to Stack Overflow?&amp;#x0022; Measuring the Utility of Social Media for Developer Support,A5064631496,Megan Squire,first,35
ICSE,2015,W4231112027,Avoiding Security Pitfalls with Functional Programming: A Report on the Development of a Secure XML Validator,A5110266367,Damien Doligez,first,4
ICSE,2015,W4231112027,Avoiding Security Pitfalls with Functional Programming: A Report on the Development of a Secure XML Validator,A5109260860,Christèle Faure,middle,4
ICSE,2015,W4231112027,Avoiding Security Pitfalls with Functional Programming: A Report on the Development of a Secure XML Validator,A5087963362,Thérèse Hardin,middle,4
ICSE,2015,W4231112027,Avoiding Security Pitfalls with Functional Programming: A Report on the Development of a Secure XML Validator,A5045680792,Manuel Maarek,last,4
ICSE,2015,W4241698236,A Security Practices Evaluation Framework,A5101506825,Patrick Morrison,first,12
ICSE,2016,W3034266348,CO 2 Injection Monitoring by Viscoelastic Full Waveform Inversion,A5055825885,Gabriel Fabien‐Ouellet,first,0
ICSE,2016,W3034266348,CO 2 Injection Monitoring by Viscoelastic Full Waveform Inversion,A5056185046,Erwan Gloaguen,middle,0
ICSE,2016,W3034266348,CO 2 Injection Monitoring by Viscoelastic Full Waveform Inversion,A5082069042,Bernard Giroux,last,0
ICSE,2016,W2279664082,A Comparison of Regular and Thermal Cameras for Traffic Data Collection under Varying Lighting and Temperature Conditions in Multimodal Environments,A5009741300,Ting Fu,first,1
ICSE,2016,W2279664082,A Comparison of Regular and Thermal Cameras for Traffic Data Collection under Varying Lighting and Temperature Conditions in Multimodal Environments,A5071670543,Joshua Stipancic,middle,1
ICSE,2016,W2279664082,A Comparison of Regular and Thermal Cameras for Traffic Data Collection under Varying Lighting and Temperature Conditions in Multimodal Environments,A5015845450,Sohail Zangenehpour,middle,1
ICSE,2016,W2279664082,A Comparison of Regular and Thermal Cameras for Traffic Data Collection under Varying Lighting and Temperature Conditions in Multimodal Environments,A5076568601,Luis Miranda-Moreno,middle,1
ICSE,2016,W2279664082,A Comparison of Regular and Thermal Cameras for Traffic Data Collection under Varying Lighting and Temperature Conditions in Multimodal Environments,A5071891413,Nicolas Saunier,last,1
ICSE,2016,W2550298870,Accurate Prediction of Sloshing Waves in Tanks by an Adaptive Two-Fluid Incompressible Front-Tracking Approach,A5106430491,A. Hay,first,0
ICSE,2016,W2550298870,Accurate Prediction of Sloshing Waves in Tanks by an Adaptive Two-Fluid Incompressible Front-Tracking Approach,A5025153460,Stéphane Étienne,middle,0
ICSE,2016,W2550298870,Accurate Prediction of Sloshing Waves in Tanks by an Adaptive Two-Fluid Incompressible Front-Tracking Approach,A5064304951,D. Pelletier,middle,0
ICSE,2016,W2550298870,Accurate Prediction of Sloshing Waves in Tanks by an Adaptive Two-Fluid Incompressible Front-Tracking Approach,A5023348307,L. Brosset,last,0
ICSE,2018,W2783170508,$C^1$ actions on manifolds by lattices in Lie groups with sufficiently high rank,A5031669889,Danijela Damjanović,first,0
ICSE,2018,W2783170508,$C^1$ actions on manifolds by lattices in Lie groups with sufficiently high rank,A5100403348,Zhiyuan Zhang,last,0
ICSE,2018,W2797020495,$\mathcal{G}$-Distillation: Reducing Overconfident Errors on Novel Samples,A5100742450,Zhizhong Li,first,0
ICSE,2018,W2797020495,$\mathcal{G}$-Distillation: Reducing Overconfident Errors on Novel Samples,A5009682734,Derek Hoiem,last,0
ICSE,2018,W2810147476,$(Δ+1)$ Coloring in the Congested Clique Model,A5022875077,Merav Parter,first,14
IJCAI,2003,W36043209,A revised algorithm for latent semantic analysis,A5015950959,Xiangen Hu,first,15
IJCAI,2003,W36043209,A revised algorithm for latent semantic analysis,A5101651345,Zhiqiang Cai,middle,15
IJCAI,2003,W36043209,A revised algorithm for latent semantic analysis,A5065112237,Max M. Louwerse,middle,15
IJCAI,2003,W36043209,A revised algorithm for latent semantic analysis,A5006905045,Andrew M. Olney,middle,15
IJCAI,2003,W36043209,A revised algorithm for latent semantic analysis,A5083523172,Phanni Penumatsa,middle,15
IJCAI,2003,W36043209,A revised algorithm for latent semantic analysis,A5111992632,Art Graesser,last,15
IJCAI,2003,W167006859,Collaborative web search,A5065595661,Barry Smyth,first,55
IJCAI,2003,W167006859,Collaborative web search,A5075677474,Evelyn Balfe,middle,55
IJCAI,2003,W167006859,Collaborative web search,A5015319740,Peter Briggs,middle,55
IJCAI,2003,W167006859,Collaborative web search,A5087775599,Maurice Coyle,middle,55
IJCAI,2003,W167006859,Collaborative web search,A5044245950,Jill Freyne,last,55
IJCAI,2003,W106632538,Shared Activity Coordination,A5025699534,Bradley J. Clement,first,0
IJCAI,2003,W106632538,Shared Activity Coordination,A5113740542,Anthony Barrett,last,0
IJCAI,2007,W1526834678,A multiobjective frontier search algorithm,A5000302173,L. Mandow,first,7
IJCAI,2007,W1526834678,A multiobjective frontier search algorithm,A5067610387,José-Luís Pérez-de-la-Cruz,last,7
IJCAI,2007,W46519310,"Probabilistic mobile manipulation in dynamic environments, with application to opening doors",A5067603809,Anna Petrovskaya,first,67
IJCAI,2007,W46519310,"Probabilistic mobile manipulation in dynamic environments, with application to opening doors",A5112456378,Andrew Y. Ng,last,67
IJCAI,2007,W96574868,Inferring complex agent motions from partial trajectory observations,A5047278339,Finnegan Southey,first,23
IJCAI,2007,W96574868,Inferring complex agent motions from partial trajectory observations,A5005897295,Wesley Loh,middle,23
IJCAI,2007,W96574868,Inferring complex agent motions from partial trajectory observations,A5014163352,Dana Wilkinson,last,23
IJCAI,2011,W2589056232,"""Quality"" in Trade Mark Law",A5054781707,Andrew Griffiths,first,0
IJCAI,2011,W2565843613,A Multidisciplinary Endeavour in Functional Nuclear Medicine Imaging for in vivo cancer studies,A5043728881,Mahbubunnabi Tamal,first,0
IJCAI,2011,W2529403638,"A Clockwork Operetta (three tableaux for mezzo-soprano, viola and piano)",A5037010707,Karen Payne Malone,first,0
IJCAI,2011,W2529403638,"A Clockwork Operetta (three tableaux for mezzo-soprano, viola and piano)",A5030092619,Ebb Trio,last,0
IJCAI,2015,W2404327768,Sofia: how to make FCA polynomial?,A5008726086,Aleksey Buzmakov,first,5
IJCAI,2015,W2404327768,Sofia: how to make FCA polynomial?,A5004960011,Sergei O. Kuznetsov,middle,5
IJCAI,2015,W2404327768,Sofia: how to make FCA polynomial?,A5026515643,Amedeo Napoli,last,5
IJCAI,2015,W2296385786,Complexity-Sensitive Decision Procedures for Abstract Argumentation (Extended Abstract),A5064606350,Wolfgang Dvořák,first,4
IJCAI,2015,W2296385786,Complexity-Sensitive Decision Procedures for Abstract Argumentation (Extended Abstract),A5081120128,Matti Järvisalo,middle,4
IJCAI,2015,W2296385786,Complexity-Sensitive Decision Procedures for Abstract Argumentation (Extended Abstract),A5059688960,Johannes Wallner,middle,4
IJCAI,2015,W2296385786,Complexity-Sensitive Decision Procedures for Abstract Argumentation (Extended Abstract),A5006053030,Stefan Woltran,last,4
IJCAI,2015,W2601952395,"Proceedings of the Twenty-Fourth International Joint Conference on Artificial Intelligence, IJCAI 2015, Buenos Aires, Argentina, July 25-31, 2015",A5050151740,Georg Gottlob,first,0
IJCAI,2015,W2601952395,"Proceedings of the Twenty-Fourth International Joint Conference on Artificial Intelligence, IJCAI 2015, Buenos Aires, Argentina, July 25-31, 2015",A5072659963,Marco Manna,middle,0
IJCAI,2015,W2601952395,"Proceedings of the Twenty-Fourth International Joint Conference on Artificial Intelligence, IJCAI 2015, Buenos Aires, Argentina, July 25-31, 2015",A5067962748,Andréas Pieris,last,0
IJCAI,2016,W2997464703,Neural quadratic discriminant analysis,A5081216926,PaganMarino,first,0
IJCAI,2016,W2997464703,Neural quadratic discriminant analysis,A5078381096,P SimoncelliEero,middle,0
IJCAI,2016,W2997464703,Neural quadratic discriminant analysis,A5031394117,C RustNicole,last,0
IJCAI,2016,W2282178656,Optimal Schedules in Multitask Motor Learning,A5056005179,Jeong-Yoon Lee,first,20
IJCAI,2016,W2282178656,Optimal Schedules in Multitask Motor Learning,A5003384121,Young-Min Oh,middle,20
IJCAI,2016,W2282178656,Optimal Schedules in Multitask Motor Learning,A5080646031,Sungshin Kim,middle,20
IJCAI,2016,W2282178656,Optimal Schedules in Multitask Motor Learning,A5089843782,Robert A. Scheidt,middle,20
IJCAI,2016,W2282178656,Optimal Schedules in Multitask Motor Learning,A5018143444,Nicolas Schweighofer,last,20
IJCAI,2016,W2550869724,Comparison of Different Generalizations of Clustering Coefficient and Local Efficiency for Weighted Undirected Graphs,A5000576164,Yu Wang,first,96
IJCAI,2016,W2550869724,Comparison of Different Generalizations of Clustering Coefficient and Local Efficiency for Weighted Undirected Graphs,A5080608636,Eshwar Gorakhnath Ghumare,middle,96
IJCAI,2016,W2550869724,Comparison of Different Generalizations of Clustering Coefficient and Local Efficiency for Weighted Undirected Graphs,A5071341444,Rik Vandenberghe,middle,96
IJCAI,2016,W2550869724,Comparison of Different Generalizations of Clustering Coefficient and Local Efficiency for Weighted Undirected Graphs,A5006794669,Patrick Dupont,last,96
IJCAI,2018,W2953600587,$\eta$-Deformation of the $AdS_{5}\times S^{5}$ Pure Spinor Superstring,A5030883890,Héctor A. Benítez,first,0
IJCAI,2018,W2953600587,$\eta$-Deformation of the $AdS_{5}\times S^{5}$ Pure Spinor Superstring,A5072278119,Victor O. Rivelles,last,0
IJCAI,2018,W2891753975,(Quantum) matter characteristics resulting from the multi-layer statistical formulation of general relativity,A5029118302,Pierre A. Mandrin,first,0
IJCAI,2018,W2904143830,3D Point Cloud Learning for Large-scale Environment Analysis and Place Recognition.,A5100462351,Zhe Liu,first,0
IJCAI,2018,W2904143830,3D Point Cloud Learning for Large-scale Environment Analysis and Place Recognition.,A5042268476,Shunbo Zhou,middle,0
IJCAI,2018,W2904143830,3D Point Cloud Learning for Large-scale Environment Analysis and Place Recognition.,A5082940158,Chuanzhe Suo,middle,0
IJCAI,2018,W2904143830,3D Point Cloud Learning for Large-scale Environment Analysis and Place Recognition.,A5081389855,Yingtian Liu,middle,0
IJCAI,2018,W2904143830,3D Point Cloud Learning for Large-scale Environment Analysis and Place Recognition.,A5107772128,Hesheng Wang,middle,0
IJCAI,2018,W2904143830,3D Point Cloud Learning for Large-scale Environment Analysis and Place Recognition.,A5100707660,Yunhui Liu,last,0
INFOCOM,2014,W2033496582,CorLayer: A Transparent Link Correlation Layer for Energy-Efficient Broadcast,A5100328229,Shuai Wang,first,28
INFOCOM,2014,W2033496582,CorLayer: A Transparent Link Correlation Layer for Energy-Efficient Broadcast,A5060033947,Song Min Kim,middle,28
INFOCOM,2014,W2033496582,CorLayer: A Transparent Link Correlation Layer for Energy-Efficient Broadcast,A5082653046,Yunhuai Liu,middle,28
INFOCOM,2014,W2033496582,CorLayer: A Transparent Link Correlation Layer for Energy-Efficient Broadcast,A5062708755,Guang Tan,middle,28
INFOCOM,2014,W2033496582,CorLayer: A Transparent Link Correlation Layer for Energy-Efficient Broadcast,A5038811034,Tian He,last,28
INFOCOM,2014,W2036771712,An Efficient Protocol for RFID Multigroup Threshold-Based Classification Based on Sampling and Logical Bitmap,A5006055233,Wen Luo,first,13
INFOCOM,2014,W2036771712,An Efficient Protocol for RFID Multigroup Threshold-Based Classification Based on Sampling and Logical Bitmap,A5052243076,Qiao Yan,middle,13
INFOCOM,2014,W2036771712,An Efficient Protocol for RFID Multigroup Threshold-Based Classification Based on Sampling and Logical Bitmap,A5006184530,Shigang Chen,middle,13
INFOCOM,2014,W2036771712,An Efficient Protocol for RFID Multigroup Threshold-Based Classification Based on Sampling and Logical Bitmap,A5100337268,Min Chen,last,13
INFOCOM,2014,W2033233650,Dynamic Compression-Transmission for Energy-Harvesting Multihop Networks With Correlated Sources,A5086570524,Cristiano Tapparello,first,57
INFOCOM,2014,W2033233650,Dynamic Compression-Transmission for Energy-Harvesting Multihop Networks With Correlated Sources,A5017736224,Osvaldo Simeone,middle,57
INFOCOM,2014,W2033233650,Dynamic Compression-Transmission for Energy-Harvesting Multihop Networks With Correlated Sources,A5012618073,Michele Rossi,last,57
INFOCOM,2018,W7134028530,Test of Halperin-Lubensky-Ma crossover function at the N-Sm-A transition in liquid crystal binary mixtures via high-resolution birefringence measurements.,A5121385257,Sevtap Yıldız,first,0
INFOCOM,2018,W7134028530,Test of Halperin-Lubensky-Ma crossover function at the N-Sm-A transition in liquid crystal binary mixtures via high-resolution birefringence measurements.,A5058877947,M.C. Cetinkaya,middle,0
INFOCOM,2018,W7134028530,Test of Halperin-Lubensky-Ma crossover function at the N-Sm-A transition in liquid crystal binary mixtures via high-resolution birefringence measurements.,A5002563905,Şenay Üstünel,middle,0
INFOCOM,2018,W7134028530,Test of Halperin-Lubensky-Ma crossover function at the N-Sm-A transition in liquid crystal binary mixtures via high-resolution birefringence measurements.,A5052692249,Haluk Özbek,middle,0
INFOCOM,2018,W7134028530,Test of Halperin-Lubensky-Ma crossover function at the N-Sm-A transition in liquid crystal binary mixtures via high-resolution birefringence measurements.,A5042560243,Jan Thoen,last,0
INFOCOM,2018,W7133748491,Study of the underlying event in top quark pair production in pp collisions at 13 TeV,A5128192259,A. M. Sirunyan,first,0
INFOCOM,2018,W7133748491,Study of the underlying event in top quark pair production in pp collisions at 13 TeV,A5128190636,A. R. Tumasyan,middle,0
INFOCOM,2018,W7133748491,Study of the underlying event in top quark pair production in pp collisions at 13 TeV,A5128150210,W. Adam,middle,0
INFOCOM,2018,W7133748491,Study of the underlying event in top quark pair production in pp collisions at 13 TeV,A5128143649,F. Ambrogi,middle,0
INFOCOM,2018,W7133748491,Study of the underlying event in top quark pair production in pp collisions at 13 TeV,A5128158921,E. Asilar,middle,0
INFOCOM,2018,W7133748491,Study of the underlying event in top quark pair production in pp collisions at 13 TeV,A5128193272,T. Bergauer,middle,0
INFOCOM,2018,W7133748491,Study of the underlying event in top quark pair production in pp collisions at 13 TeV,A5128131485,J. Brandstetter,middle,0
INFOCOM,2018,W7133748491,Study of the underlying event in top quark pair production in pp collisions at 13 TeV,A5128197120,E. Brondolin,middle,0
INFOCOM,2018,W7133748491,Study of the underlying event in top quark pair production in pp collisions at 13 TeV,A5128135923,M. Dragicevic,middle,0
INFOCOM,2018,W7133748491,Study of the underlying event in top quark pair production in pp collisions at 13 TeV,A5128206540,J. Eroe,middle,0
INFOCOM,2018,W7133748491,Study of the underlying event in top quark pair production in pp collisions at 13 TeV,A5128187960,A. Escalante Del Valle,middle,0
INFOCOM,2018,W7133748491,Study of the underlying event in top quark pair production in pp collisions at 13 TeV,A5128171312,M. Flechl,middle,0
INFOCOM,2018,W7133748491,Study of the underlying event in top quark pair production in pp collisions at 13 TeV,A5128198072,R. Fruehwirth,middle,0
INFOCOM,2018,W7133748491,Study of the underlying event in top quark pair production in pp collisions at 13 TeV,A5128208333,V. M. Ghete,middle,0
INFOCOM,2018,W7133748491,Study of the underlying event in top quark pair production in pp collisions at 13 TeV,A5128184710,J. Hrubec,middle,0
INFOCOM,2018,W7133748491,Study of the underlying event in top quark pair production in pp collisions at 13 TeV,A5128191789,M. Jeitler,middle,0
INFOCOM,2018,W7133748491,Study of the underlying event in top quark pair production in pp collisions at 13 TeV,A5128152573,N. Krammer,middle,0
INFOCOM,2018,W7133748491,Study of the underlying event in top quark pair production in pp collisions at 13 TeV,A5128199491,I. Kraetschmer,middle,0
INFOCOM,2018,W7133748491,Study of the underlying event in top quark pair production in pp collisions at 13 TeV,A5128149110,D. Liko,middle,0
INFOCOM,2018,W7133748491,Study of the underlying event in top quark pair production in pp collisions at 13 TeV,A5128201013,T. Madlener,middle,0
INFOCOM,2018,W7133748491,Study of the underlying event in top quark pair production in pp collisions at 13 TeV,A5128132575,I. Mikulec,middle,0
INFOCOM,2018,W7133748491,Study of the underlying event in top quark pair production in pp collisions at 13 TeV,A5128198443,N. Rad,middle,0
INFOCOM,2018,W7133748491,Study of the underlying event in top quark pair production in pp collisions at 13 TeV,A5128216362,H. Rohringer,middle,0
INFOCOM,2018,W7133748491,Study of the underlying event in top quark pair production in pp collisions at 13 TeV,A5128183489,J. Schieck,middle,0
INFOCOM,2018,W7133748491,Study of the underlying event in top quark pair production in pp collisions at 13 TeV,A5128178492,R. Schoefbeck,middle,0
INFOCOM,2018,W7133748491,Study of the underlying event in top quark pair production in pp collisions at 13 TeV,A5128130007,M. Spanring,middle,0
INFOCOM,2018,W7133748491,Study of the underlying event in top quark pair production in pp collisions at 13 TeV,A5128134604,D. Spitzbart,middle,0
INFOCOM,2018,W7133748491,Study of the underlying event in top quark pair production in pp collisions at 13 TeV,A5128213105,A. Taurok,middle,0
INFOCOM,2018,W7133748491,Study of the underlying event in top quark pair production in pp collisions at 13 TeV,A5128194795,W. Waltenberger,middle,0
INFOCOM,2018,W7133748491,Study of the underlying event in top quark pair production in pp collisions at 13 TeV,A5128158634,J. Wittmann,middle,0
INFOCOM,2018,W7133748491,Study of the underlying event in top quark pair production in pp collisions at 13 TeV,A5128175187,C. -E Wulz,middle,0
INFOCOM,2018,W7133748491,Study of the underlying event in top quark pair production in pp collisions at 13 TeV,A5128209280,M. Zarucki,middle,0
INFOCOM,2018,W7133748491,Study of the underlying event in top quark pair production in pp collisions at 13 TeV,A5128148741,V. Chekhovsky,middle,0
INFOCOM,2018,W7133748491,Study of the underlying event in top quark pair production in pp collisions at 13 TeV,A5128172767,V. Mossolov,middle,0
INFOCOM,2018,W7133748491,Study of the underlying event in top quark pair production in pp collisions at 13 TeV,A5128186927,J. Palacios González,middle,0
INFOCOM,2018,W7133748491,Study of the underlying event in top quark pair production in pp collisions at 13 TeV,A5128138427,E. A. Wolf,middle,0
INFOCOM,2018,W7133748491,Study of the underlying event in top quark pair production in pp collisions at 13 TeV,A5128158008,A.,middle,0
INFOCOM,2018,W7133748491,Study of the underlying event in top quark pair production in pp collisions at 13 TeV,A5128138846,D. Di Croce,middle,0
INFOCOM,2018,W7133748491,Study of the underlying event in top quark pair production in pp collisions at 13 TeV,A5128208719,X. Janssen,middle,0
INFOCOM,2018,W7133748491,Study of the underlying event in top quark pair production in pp collisions at 13 TeV,A5128151112,J. Lauwers,middle,0
INFOCOM,2018,W7133748491,Study of the underlying event in top quark pair production in pp collisions at 13 TeV,A5128145708,M. Pieters,middle,0
INFOCOM,2018,W7133748491,Study of the underlying event in top quark pair production in pp collisions at 13 TeV,A5128134950,M. Klundert,middle,0
INFOCOM,2018,W7133748491,Study of the underlying event in top quark pair production in pp collisions at 13 TeV,A5128149472,H. Haevermaet,middle,0
INFOCOM,2018,W7133748491,Study of the underlying event in top quark pair production in pp collisions at 13 TeV,A5128206957,P. Mechelen,middle,0
INFOCOM,2018,W7133748491,Study of the underlying event in top quark pair production in pp collisions at 13 TeV,A5128151748,Van,middle,0
INFOCOM,2018,W7133748491,Study of the underlying event in top quark pair production in pp collisions at 13 TeV,A5128133382,N. Remortel,middle,0
INFOCOM,2018,W7133748491,Study of the underlying event in top quark pair production in pp collisions at 13 TeV,A5128166113,S. Abu Zeid,middle,0
INFOCOM,2018,W7133748491,Study of the underlying event in top quark pair production in pp collisions at 13 TeV,A5128164422,F. Blekman,middle,0
INFOCOM,2018,W7133748491,Study of the underlying event in top quark pair production in pp collisions at 13 TeV,A5128162839,J. D Hondt,middle,0
INFOCOM,2018,W7133748491,Study of the underlying event in top quark pair production in pp collisions at 13 TeV,A5128180114,De,middle,0
INFOCOM,2018,W7133748491,Study of the underlying event in top quark pair production in pp collisions at 13 TeV,A5128157516,I. Bruyn,middle,0
INFOCOM,2018,W7133748491,Study of the underlying event in top quark pair production in pp collisions at 13 TeV,A5128141944,J. Clercq,middle,0
INFOCOM,2018,W7133748491,Study of the underlying event in top quark pair production in pp collisions at 13 TeV,A5128149615,K. Deroover,middle,0
INFOCOM,2018,W7133748491,Study of the underlying event in top quark pair production in pp collisions at 13 TeV,A5128215139,G. Flouris,middle,0
INFOCOM,2018,W7133748491,Study of the underlying event in top quark pair production in pp collisions at 13 TeV,A5128179708,D. Lontkovskyi,middle,0
INFOCOM,2018,W7133748491,Study of the underlying event in top quark pair production in pp collisions at 13 TeV,A5128142294,S. Lowette,middle,0
INFOCOM,2018,W7133748491,Study of the underlying event in top quark pair production in pp collisions at 13 TeV,A5128173494,I. Marchesini,middle,0
INFOCOM,2018,W7133748491,Study of the underlying event in top quark pair production in pp collisions at 13 TeV,A5128206909,S. Moortgat,middle,0
INFOCOM,2018,W7133748491,Study of the underlying event in top quark pair production in pp collisions at 13 TeV,A5128158221,L. Moreels,middle,0
INFOCOM,2018,W7133748491,Study of the underlying event in top quark pair production in pp collisions at 13 TeV,A5128212226,Q. Python,middle,0
INFOCOM,2018,W7133748491,Study of the underlying event in top quark pair production in pp collisions at 13 TeV,A5128215296,K. Skovpen,middle,0
INFOCOM,2018,W7133748491,Study of the underlying event in top quark pair production in pp collisions at 13 TeV,A5128147514,S. Tavernier,middle,0
INFOCOM,2018,W7133748491,Study of the underlying event in top quark pair production in pp collisions at 13 TeV,A5128151748,Van,middle,0
INFOCOM,2018,W7133748491,Study of the underlying event in top quark pair production in pp collisions at 13 TeV,A5128178404,W. Doninck,middle,0
INFOCOM,2018,W7133748491,Study of the underlying event in top quark pair production in pp collisions at 13 TeV,A5128170014,P. Mulders,middle,0
INFOCOM,2018,W7133748491,Study of the underlying event in top quark pair production in pp collisions at 13 TeV,A5128183322,I. Parijs,middle,0
INFOCOM,2018,W7133748491,Study of the underlying event in top quark pair production in pp collisions at 13 TeV,A5128157877,D. Beghin,middle,0
INFOCOM,2018,W7133748491,Study of the underlying event in top quark pair production in pp collisions at 13 TeV,A5128174947,B. Bilin,middle,0
INFOCOM,2018,W7133748491,Study of the underlying event in top quark pair production in pp collisions at 13 TeV,A5128196895,H. Brun,middle,0
INFOCOM,2018,W7133748491,Study of the underlying event in top quark pair production in pp collisions at 13 TeV,A5128206898,B. Clerbaux,middle,0
INFOCOM,2018,W7133748491,Study of the underlying event in top quark pair production in pp collisions at 13 TeV,A5128140218,G. Lentdecker,middle,0
INFOCOM,2018,W7133748491,Study of the underlying event in top quark pair production in pp collisions at 13 TeV,A5128156187,H. Delannoy,middle,0
INFOCOM,2018,W7133748491,Study of the underlying event in top quark pair production in pp collisions at 13 TeV,A5128149208,B. Dorney,middle,0
INFOCOM,2018,W7133748491,Study of the underlying event in top quark pair production in pp collisions at 13 TeV,A5128143450,G. Fasanella,middle,0
INFOCOM,2018,W7133748491,Study of the underlying event in top quark pair production in pp collisions at 13 TeV,A5128208348,L. Favart,middle,0
INFOCOM,2018,W7133748491,Study of the underlying event in top quark pair production in pp collisions at 13 TeV,A5128170149,R. Goldouzian,middle,0
INFOCOM,2018,W7133748491,Study of the underlying event in top quark pair production in pp collisions at 13 TeV,A5128156407,A. Grebenyuk,middle,0
INFOCOM,2018,W7133748491,Study of the underlying event in top quark pair production in pp collisions at 13 TeV,A5128213645,A. K. Kalsi,middle,0
INFOCOM,2018,W7133748491,Study of the underlying event in top quark pair production in pp collisions at 13 TeV,A5128213152,T. Lenzi,middle,0
INFOCOM,2018,W7133748491,Study of the underlying event in top quark pair production in pp collisions at 13 TeV,A5128173477,J. Luetic,middle,0
INFOCOM,2018,W7133748491,Study of the underlying event in top quark pair production in pp collisions at 13 TeV,A5128205573,N. Postiau,middle,0
INFOCOM,2018,W7133748491,Study of the underlying event in top quark pair production in pp collisions at 13 TeV,A5128128396,E. Starling,middle,0
INFOCOM,2018,W7133748491,Study of the underlying event in top quark pair production in pp collisions at 13 TeV,A5128201779,L. Thomas,middle,0
INFOCOM,2018,W7133748491,Study of the underlying event in top quark pair production in pp collisions at 13 TeV,A5128134755,Vander,middle,0
INFOCOM,2018,W7133748491,Study of the underlying event in top quark pair production in pp collisions at 13 TeV,A5128212390,C. Vander Velde,middle,0
INFOCOM,2018,W7133748491,Study of the underlying event in top quark pair production in pp collisions at 13 TeV,A5128193881,P. Vanlaer,middle,0
INFOCOM,2018,W7133748491,Study of the underlying event in top quark pair production in pp collisions at 13 TeV,A5128213363,D. Vannerom,middle,0
INFOCOM,2018,W7133748491,Study of the underlying event in top quark pair production in pp collisions at 13 TeV,A5128189857,Q. Edward Wang,middle,0
INFOCOM,2018,W7133748491,Study of the underlying event in top quark pair production in pp collisions at 13 TeV,A5128161613,T. Cornelis,middle,0
INFOCOM,2018,W7133748491,Study of the underlying event in top quark pair production in pp collisions at 13 TeV,A5128214243,D. Dobur,middle,0
INFOCOM,2018,W7133748491,Study of the underlying event in top quark pair production in pp collisions at 13 TeV,A5128175347,A. Fagot,middle,0
INFOCOM,2018,W7133748491,Study of the underlying event in top quark pair production in pp collisions at 13 TeV,A5128140604,M. Gul,middle,0
INFOCOM,2018,W7133748491,Study of the underlying event in top quark pair production in pp collisions at 13 TeV,A5128191455,I. Khvastunov,middle,0
INFOCOM,2018,W7133748491,Study of the underlying event in top quark pair production in pp collisions at 13 TeV,A5128210936,Poyraz,middle,0
INFOCOM,2018,W7133748491,Study of the underlying event in top quark pair production in pp collisions at 13 TeV,A5128216614,D.,middle,0
INFOCOM,2018,W7133748491,Study of the underlying event in top quark pair production in pp collisions at 13 TeV,A5128209683,C. Roskas,middle,0
INFOCOM,2018,W7133748491,Study of the underlying event in top quark pair production in pp collisions at 13 TeV,A5128177774,D. Trocino,middle,0
INFOCOM,2018,W7133748491,Study of the underlying event in top quark pair production in pp collisions at 13 TeV,A5128198860,M. Tytgat,middle,0
INFOCOM,2018,W7133748491,Study of the underlying event in top quark pair production in pp collisions at 13 TeV,A5128149489,W. Verbeke,middle,0
INFOCOM,2018,W7133748491,Study of the underlying event in top quark pair production in pp collisions at 13 TeV,A5128149909,B. Vermassen,middle,0
INFOCOM,2018,W3128934613,Sine-dram ve arki-dramın eleştirisi: Dziga Vertov ve Rem Koolhaas,A5065543469,Mustafa Batu Kepekcioğlu,first,0
KDD,2008,W2400200440,"""The best and worst week of my life"": a surgeon at war.",A5089095204,Karen Stein,first,2
KDD,2008,W140337353,"""Blowing open the bottleneck"" in Oklahoma.",A5048534333,Geraldine C. Ellison,first,2
KDD,2012,W2398994894,"""Expand HCA role to focus on older people's rehabilitation"".",A5070557649,Liz Lees,first,0
KDD,2012,W2398994894,"""Expand HCA role to focus on older people's rehabilitation"".",A5036847520,Ciara Dowling,last,0
KDD,2012,W2413948135,"""If the cap fits: does nursing need to rebrand its image""?",A5016372005,Stephen Riddell,first,0
KDD,2012,W2410739094,"""If data isn't used, it just takes nurses away from the bedside"".",A5087260448,Julie Vuolo,first,0
KDD,2018,W2799005286,"$C^1$ mappings in $\mathbb{R}^5$ with $\mathrm{rank}\, Df\leq 3$ cannot be uniformly approximated by $C^2$ mappings with $\mathrm{rank}\, Df\leq 3$",A5005431760,Paweł Goldstein,first,0
KDD,2018,W2799005286,"$C^1$ mappings in $\mathbb{R}^5$ with $\mathrm{rank}\, Df\leq 3$ cannot be uniformly approximated by $C^2$ mappings with $\mathrm{rank}\, Df\leq 3$",A5088577458,Piotr Hajłasz,last,0
KDD,2018,W2786812595,$q$-Analouges of two Ramanujan-type forumlas for $1/\pi$,A5101428909,Victor J. W. Guo,first,0
KDD,2018,W2786812595,$q$-Analouges of two Ramanujan-type forumlas for $1/\pi$,A5101869045,Ji-Cai Liu,last,0
KDD,2018,W2884051263,(Probably) Concave Graph Matching,A5050312737,Haggai Maron,first,11
KDD,2018,W2884051263,(Probably) Concave Graph Matching,A5039995559,Yaron Lipman,last,11
MOBICOM,2011,W2058093277,Comments on inconsistencies in a recent handbook theory chapter,A5057993554,Richard G. Forbes,first,0
MOBICOM,2011,W2283836468,A Size That Fits All for the Science-and-Technology Pipeline,A5000469305,Hal Salzman,first,0
MOBICOM,2011,W2283836468,A Size That Fits All for the Science-and-Technology Pipeline,A5078135607,B. Lindsay Lowell,last,0
MOBICOM,2011,W2737049288,Article 16 of UCP 600: The Time frame for Returning Rejected Documents and Consequences of it Breach,A5058165189,Eoi Adodo,first,0
MOBICOM,2014,W2591053689,A Multimodule Total Synthesis of Neuroprotective Palmyrolide A,A5018641849,Wei‐Min Dai,first,0
MOBICOM,2014,W2588266354,A Circular Sound Change in South Min,A5059658260,Qing Lin,first,0
MOBICOM,2014,W2587973493,A Performance Enhanced Room-Temperature Gas sensor with CMOS-Compatible Process,A5059772905,Xiaofang Pan,first,0
MOBICOM,2014,W2587973493,A Performance Enhanced Room-Temperature Gas sensor with CMOS-Compatible Process,A5043012225,Amine Bermak,middle,0
MOBICOM,2014,W2587973493,A Performance Enhanced Room-Temperature Gas sensor with CMOS-Compatible Process,A5061509885,Zhiyong Fan,last,0
MOBICOM,2015,W2267380717,A Low-Cost Wi-Fi-Based Solution for Measuring Human Queues,A5102932665,Yan Wang,first,2
MOBICOM,2015,W2267380717,A Low-Cost Wi-Fi-Based Solution for Measuring Human Queues,A5100394750,Yingying Chen,middle,2
MOBICOM,2015,W2267380717,A Low-Cost Wi-Fi-Based Solution for Measuring Human Queues,A5068383847,Jie Yang,middle,2
MOBICOM,2015,W2267380717,A Low-Cost Wi-Fi-Based Solution for Measuring Human Queues,A5080148990,Hongbo Liul,middle,2
MOBICOM,2015,W2267380717,A Low-Cost Wi-Fi-Based Solution for Measuring Human Queues,A5078160983,Marco Gruteser,middle,2
MOBICOM,2015,W2267380717,A Low-Cost Wi-Fi-Based Solution for Measuring Human Queues,A5067817607,Richard P. Martin,last,2
MOBICOM,2015,W4240916167,Session details: Education,A5012819177,Nilanjan Banerjee,first,0
MOBICOM,2015,W4240916167,Session details: Education,A5040999439,Sami Rollins,last,0
MOBICOM,2015,W4246852697,Session details: Education,A5040999439,Sami Rollins,first,0
MOBICOM,2015,W4246852697,Session details: Education,A5012819177,Nilanjan Banerjee,last,0
MOBICOM,2018,W2803664277,Security Requirement and Standards for 4G and 5G Wireless Systems,A5035819194,Dongfeng Fang,first,12
MOBICOM,2018,W2803664277,Security Requirement and Standards for 4G and 5G Wireless Systems,A5073527013,Yi Qian,middle,12
MOBICOM,2018,W2803664277,Security Requirement and Standards for 4G and 5G Wireless Systems,A5057118326,Rose Qingyang Hu,last,12
MOBICOM,2018,W2792687044,2017 SIGMOBILE Outstanding Contributions Award,A5072109473,Ashutosh Sabharwal,first,0
MOBICOM,2018,W2803172334,Backscatter as a Covert Channel in Mobile Devices,A5035951638,Zhice Yang,first,10
MOBICOM,2018,W2803172334,Backscatter as a Covert Channel in Mobile Devices,A5025353659,Qianyi Huang,middle,10
MOBICOM,2018,W2803172334,Backscatter as a Covert Channel in Mobile Devices,A5114378267,Qian Zhang,last,10
NSDI,2008,W89431112,Consensus Routing: The Internet as a Distributed System. (Best Paper),A5065718043,John P. John,first,5
NSDI,2008,W89431112,Consensus Routing: The Internet as a Distributed System. (Best Paper),A5045165255,Ethan Katz-Bassett,middle,5
NSDI,2008,W89431112,Consensus Routing: The Internet as a Distributed System. (Best Paper),A5101497042,Arvind Krishnamurthy,middle,5
NSDI,2008,W89431112,Consensus Routing: The Internet as a Distributed System. (Best Paper),A5087154420,Thomas E. Anderson,middle,5
NSDI,2008,W89431112,Consensus Routing: The Internet as a Distributed System. (Best Paper),A5041595201,Arun Venkataramani,last,5
NSDI,2008,W2513617758,DieCast: Testing Systems with an Accurate Scale Model,A5052836807,Diwaker Gupta,first,0
NSDI,2008,W2513617758,DieCast: Testing Systems with an Accurate Scale Model,A5031617521,Kashi Venkatesh Vishwanath,middle,0
NSDI,2008,W2513617758,DieCast: Testing Systems with an Accurate Scale Model,A5050245571,Amin Vahdat,last,0
NSDI,2008,W3135276475,Xen and the Art of Virtualization Revisited,A5071356177,Ian Pratt,first,0
NSDI,2016,W2516876698,A QUARTER CENTURY of User-Centered Design Engineering Project Classes with Multi-Disciplinary Teams,A5024012980,Daniel P. Siewiorek,first,2
NSDI,2016,W2516876698,A QUARTER CENTURY of User-Centered Design Engineering Project Classes with Multi-Disciplinary Teams,A5043560713,Asim﻿ Smailagic,last,2
NSDI,2016,W3136917589,Session details: Experimental Methods,A5021879561,Khai N. Truong,first,0
NSDI,2016,W2516324830,Battery-Free Connected Machine Vision with WISPCam,A5024685984,Saman Naderiparizi,first,14
NSDI,2016,W2516324830,Battery-Free Connected Machine Vision with WISPCam,A5017319081,Zerina Kapetanovic,middle,14
NSDI,2016,W2516324830,Battery-Free Connected Machine Vision with WISPCam,A5019043770,Joshua R. Smith,last,14
NeurIPS,2014,W2109435591,Impact of adding a limitations section to abstracts of systematic reviews on readers’ interpretation: a randomized controlled trial,A5074916914,Amélie Yavchitz,first,12
NeurIPS,2014,W2109435591,Impact of adding a limitations section to abstracts of systematic reviews on readers’ interpretation: a randomized controlled trial,A5050180409,Philippe Ravaud,middle,12
NeurIPS,2014,W2109435591,Impact of adding a limitations section to abstracts of systematic reviews on readers’ interpretation: a randomized controlled trial,A5049975458,Sally Hopewell,middle,12
NeurIPS,2014,W2109435591,Impact of adding a limitations section to abstracts of systematic reviews on readers’ interpretation: a randomized controlled trial,A5034097548,Gabriel Baron,middle,12
NeurIPS,2014,W2109435591,Impact of adding a limitations section to abstracts of systematic reviews on readers’ interpretation: a randomized controlled trial,A5065028933,Isabelle Boutron,last,12
NeurIPS,2014,W1928395014,Comparative efficiency research (COMER): meta-analysis of cost-effectiveness studies,A5069697084,Carlos Crespo,first,62
NeurIPS,2014,W1928395014,Comparative efficiency research (COMER): meta-analysis of cost-effectiveness studies,A5031727797,Toni Monleón-Getino,middle,62
NeurIPS,2014,W1928395014,Comparative efficiency research (COMER): meta-analysis of cost-effectiveness studies,A5002111312,Walter Díaz,middle,62
NeurIPS,2014,W1928395014,Comparative efficiency research (COMER): meta-analysis of cost-effectiveness studies,A5005589342,Pilar Martín-Ríos,last,62
NeurIPS,2014,W1971627635,Comparison of robustness to outliers between robust poisson models and log-binomial models when estimating relative risks for common binary outcomes: a simulation study,A5009114007,Wansu Chen,first,143
NeurIPS,2014,W1971627635,Comparison of robustness to outliers between robust poisson models and log-binomial models when estimating relative risks for common binary outcomes: a simulation study,A5053770947,Jiaxiao Shi,middle,143
NeurIPS,2014,W1971627635,Comparison of robustness to outliers between robust poisson models and log-binomial models when estimating relative risks for common binary outcomes: a simulation study,A5068600661,Lei Qian,middle,143
NeurIPS,2014,W1971627635,Comparison of robustness to outliers between robust poisson models and log-binomial models when estimating relative risks for common binary outcomes: a simulation study,A5110083108,Stanley P. Azen,last,143
NeurIPS,2015,W2195678348,Local causal discovery of direct causes and effects,A5101590044,Tian Gao,first,32
NeurIPS,2015,W2195678348,Local causal discovery of direct causes and effects,A5076346273,Qiang Ji,last,32
NeurIPS,2015,W2184196663,Finite-time analysis of projected Langevin Monte Carlo,A5021842384,Sébastien Bubeck,first,17
NeurIPS,2015,W2184196663,Finite-time analysis of projected Langevin Monte Carlo,A5011758954,Ronen Eldan,middle,17
NeurIPS,2015,W2184196663,Finite-time analysis of projected Langevin Monte Carlo,A5067369217,Joseph Lehec,last,17
NeurIPS,2015,W2191938486,Basis refinement strategies for linear value function approximation in MDPs,A5089433655,Gheorghe Comanici,first,5
NeurIPS,2015,W2191938486,Basis refinement strategies for linear value function approximation in MDPs,A5065836447,Doina Precup,middle,5
NeurIPS,2015,W2191938486,Basis refinement strategies for linear value function approximation in MDPs,A5068822568,Prakash Panangaden,last,5
NeurIPS,2017,W2752988282,Cross-Spectral Factor Analysis,A5008153411,Neil M. Gallagher,first,15
NeurIPS,2017,W2752988282,Cross-Spectral Factor Analysis,A5048497384,Kyle Ulrich,middle,15
NeurIPS,2017,W2752988282,Cross-Spectral Factor Analysis,A5054506277,Austin Talbot,middle,15
NeurIPS,2017,W2752988282,Cross-Spectral Factor Analysis,A5068897889,Kafui Dzirasa,middle,15
NeurIPS,2017,W2752988282,Cross-Spectral Factor Analysis,A5016448581,Lawrence Carin,middle,15
NeurIPS,2017,W2752988282,Cross-Spectral Factor Analysis,A5052576907,David Carlson,last,15
NeurIPS,2017,W2773809710,A Semantic Loss Function for Deep Learning Under Weak Supervision,A5100610905,Jingyi Xu,first,1
NeurIPS,2017,W2773809710,A Semantic Loss Function for Deep Learning Under Weak Supervision,A5100735230,Zilu Zhang,middle,1
NeurIPS,2017,W2773809710,A Semantic Loss Function for Deep Learning Under Weak Supervision,A5112426575,Tal Friedman,middle,1
NeurIPS,2017,W2773809710,A Semantic Loss Function for Deep Learning Under Weak Supervision,A5112110952,Yitao Liang,middle,1
NeurIPS,2017,W2773809710,A Semantic Loss Function for Deep Learning Under Weak Supervision,A5009539513,Guy Van den Broeck,last,1
NeurIPS,2017,W2753686090,DropoutNet: Addressing Cold Start in Recommender Systems,A5027341076,Maksims Volkovs,first,154
NeurIPS,2017,W2753686090,DropoutNet: Addressing Cold Start in Recommender Systems,A5082163396,Guang Yu,middle,154
NeurIPS,2017,W2753686090,DropoutNet: Addressing Cold Start in Recommender Systems,A5066621096,Tomi Poutanen,last,154
NeurIPS,2018,W2963547465,2Sranking-cnn: A 2-stage ranking-CNN for diagnosis of glaucoma from fundus images using CAM-extracted ROI as an intermediate input,A5046171235,Tae Joon Jun,first,3
NeurIPS,2018,W2963547465,2Sranking-cnn: A 2-stage ranking-CNN for diagnosis of glaucoma from fundus images using CAM-extracted ROI as an intermediate input,A5004507358,Do‐Hyeun Kim,middle,3
NeurIPS,2018,W2963547465,2Sranking-cnn: A 2-stage ranking-CNN for diagnosis of glaucoma from fundus images using CAM-extracted ROI as an intermediate input,A5100636362,Hoang Minh Nguyen,middle,3
NeurIPS,2018,W2963547465,2Sranking-cnn: A 2-stage ranking-CNN for diagnosis of glaucoma from fundus images using CAM-extracted ROI as an intermediate input,A5100412739,Daeyoung Kim,middle,3
NeurIPS,2018,W2963547465,2Sranking-cnn: A 2-stage ranking-CNN for diagnosis of glaucoma from fundus images using CAM-extracted ROI as an intermediate input,A5054055304,Youngsub Eom,last,3
NeurIPS,2018,W3172862165,$η$ Carinae: particle acceleration and multi-messenger aspects,A5004825611,R. Walter,first,0
NeurIPS,2018,W3172862165,$η$ Carinae: particle acceleration and multi-messenger aspects,A5003963139,Matteo Balbo,last,0
NeurIPS,2018,W2964118058,$\alpha$-Ball divergence and its applications to change-point problems for Banach-valued sequences,A5100636429,Qiang Zhang,first,0
NeurIPS,2018,W2964118058,$\alpha$-Ball divergence and its applications to change-point problems for Banach-valued sequences,A5103139816,Wenliang Pan,middle,0
NeurIPS,2018,W2964118058,$\alpha$-Ball divergence and its applications to change-point problems for Banach-valued sequences,A5100771782,Xin Chen,middle,0
NeurIPS,2018,W2964118058,$\alpha$-Ball divergence and its applications to change-point problems for Banach-valued sequences,A5100329548,Xueqin Wang,last,0
OSDI,2004,W2040156347,Stateful distributed interposition,A5087879595,John Reumann,first,16
OSDI,2004,W2040156347,Stateful distributed interposition,A5053541912,Kang G. Shin,last,16
OSDI,2004,W2056026474,Parallel program performance prediction using deterministic task graph analysis,A5059017058,Vikram Adve,first,73
OSDI,2004,W2056026474,Parallel program performance prediction using deterministic task graph analysis,A5108601424,Mary K. Vernon,last,73
OSDI,2004,W1977525878,Cluster communication protocols for parallel-programming systems,A5055497304,Kees Verstoep,first,15
OSDI,2004,W1977525878,Cluster communication protocols for parallel-programming systems,A5047069715,R.A.F. Bhoedjang,middle,15
OSDI,2004,W1977525878,Cluster communication protocols for parallel-programming systems,A5054950513,Tim Rühl,middle,15
OSDI,2004,W1977525878,Cluster communication protocols for parallel-programming systems,A5055231636,Henri E. Bal,middle,15
OSDI,2004,W1977525878,Cluster communication protocols for parallel-programming systems,A5029367717,Rutger F. H. Hofman,last,15
OSDI,2006,W1964369900,Energy-aware lossless data compression,A5031715173,Kenneth C. Barr,first,340
OSDI,2006,W1964369900,Energy-aware lossless data compression,A5035134864,Krste Asanović,last,340
OSDI,2006,W2124877509,Using model checking to find serious file system errors,A5101783316,Junfeng Yang,first,304
OSDI,2006,W2124877509,Using model checking to find serious file system errors,A5017775499,Paul Twohey,middle,304
OSDI,2006,W2124877509,Using model checking to find serious file system errors,A5111537551,Dawson Engler,middle,304
OSDI,2006,W2124877509,Using model checking to find serious file system errors,A5040009052,Madanlal Musuvathi,last,304
OSDI,2006,W310700731,Performance analysis of TLS Web servers,A5052755605,Cristian Coarfa,first,38
OSDI,2006,W310700731,Performance analysis of TLS Web servers,A5035918501,Peter Druschel,middle,38
OSDI,2006,W310700731,Performance analysis of TLS Web servers,A5035702159,Dan S. Wallach,last,38
OSDI,2008,W1861377444,Improving MapReduce performance in heterogeneous environments,A5005554337,Matei Zaharia,first,1618
OSDI,2008,W1861377444,Improving MapReduce performance in heterogeneous environments,A5080989652,Andy Konwinski,middle,1618
OSDI,2008,W1861377444,Improving MapReduce performance in heterogeneous environments,A5017381278,Anthony D. Joseph,middle,1618
OSDI,2008,W1861377444,Improving MapReduce performance in heterogeneous environments,A5109560331,Randy H. Katz,middle,1618
OSDI,2008,W1861377444,Improving MapReduce performance in heterogeneous environments,A5041920173,Ion Stoica,last,1618
OSDI,2008,W1233463431,"Lightweight, high-resolution monitoring for troubleshooting production systems",A5058502658,Sapan Bhatia,first,62
OSDI,2008,W1233463431,"Lightweight, high-resolution monitoring for troubleshooting production systems",A5012487013,Abhishek Kumar,middle,62
OSDI,2008,W1233463431,"Lightweight, high-resolution monitoring for troubleshooting production systems",A5035219006,Marc E. Fiuczynski,middle,62
OSDI,2008,W1233463431,"Lightweight, high-resolution monitoring for troubleshooting production systems",A5002436680,Larry Peterson,last,62
OSDI,2008,W1865515598,SQCK: a declarative file system checker,A5085438892,Haryadi S. Gunawi,first,53
OSDI,2008,W1865515598,SQCK: a declarative file system checker,A5043069051,Abhishek Rajimwale,middle,53
OSDI,2008,W1865515598,SQCK: a declarative file system checker,A5015863866,Andrea C. Arpaci-Dusseau,middle,53
OSDI,2008,W1865515598,SQCK: a declarative file system checker,A5035064257,Remzi H. Arpaci-Dusseau,last,53
OSDI,2010,W2293351723,Intrusion recovery using selective re-execution,A5100743709,Taesoo Kim,first,105
OSDI,2010,W2293351723,Intrusion recovery using selective re-execution,A5100442237,Xi Wang,middle,105
OSDI,2010,W2293351723,Intrusion recovery using selective re-execution,A5082808262,Nickolai Zeldovich,middle,105
OSDI,2010,W2293351723,Intrusion recovery using selective re-execution,A5109968020,M. Frans Kaashoek,last,105
OSDI,2010,W1907897959,Trust and protection in the Illinois browser operating system,A5002285642,Shuo Tang,first,84
OSDI,2010,W1907897959,Trust and protection in the Illinois browser operating system,A5025225026,Haohui Mai,middle,84
OSDI,2010,W1907897959,Trust and protection in the Illinois browser operating system,A5112039412,Samuel T. King,last,84
OSDI,2010,W2294395356,Static checking of dynamically-varying security policies in database-backed applications,A5078100439,Adam Chlipala,first,89
OSDI,2016,W2562897376,CLARINET: WAN-aware optimization for analytics queries,A5011509882,Raajay Viswanathan,first,88
OSDI,2016,W2562897376,CLARINET: WAN-aware optimization for analytics queries,A5031071237,Ganesh Ananthanarayanan,middle,88
OSDI,2016,W2562897376,CLARINET: WAN-aware optimization for analytics queries,A5035329776,Aditya Akella,last,88
OSDI,2016,W2527771912,Correlated crash vulnerabilities,A5054877673,Ramnatthan Alagappan,first,32
OSDI,2016,W2527771912,Correlated crash vulnerabilities,A5056000802,Aishwarya Ganesan,middle,32
OSDI,2016,W2527771912,Correlated crash vulnerabilities,A5017661088,Yuvraj Patel,middle,32
OSDI,2016,W2527771912,Correlated crash vulnerabilities,A5023470556,Thanumalayan Sankaranarayana Pillai,middle,32
OSDI,2016,W2527771912,Correlated crash vulnerabilities,A5015863866,Andrea C. Arpaci-Dusseau,middle,32
OSDI,2016,W2527771912,Correlated crash vulnerabilities,A5035064257,Remzi H. Arpaci-Dusseau,last,32
OSDI,2016,W2528415359,Morpheus: towards automated SLOs for enterprise clusters,A5058967466,Sangeetha Abdu Jyothi,first,172
OSDI,2016,W2528415359,Morpheus: towards automated SLOs for enterprise clusters,A5010481434,Carlo Curino,middle,172
OSDI,2016,W2528415359,Morpheus: towards automated SLOs for enterprise clusters,A5032872922,Ishai Menache,middle,172
OSDI,2016,W2528415359,Morpheus: towards automated SLOs for enterprise clusters,A5013557732,Shravan Narayanamurthy,middle,172
OSDI,2016,W2528415359,Morpheus: towards automated SLOs for enterprise clusters,A5048451114,Alexey Tumanov,middle,172
OSDI,2016,W2528415359,Morpheus: towards automated SLOs for enterprise clusters,A5071746007,Jonathan Yaniv,middle,172
OSDI,2016,W2528415359,Morpheus: towards automated SLOs for enterprise clusters,A5062619833,Ruslan Mavlyutov,middle,172
OSDI,2016,W2528415359,Morpheus: towards automated SLOs for enterprise clusters,A5090311560,Íñigo Goiri,middle,172
OSDI,2016,W2528415359,Morpheus: towards automated SLOs for enterprise clusters,A5060868585,Subru Krishnan,middle,172
OSDI,2016,W2528415359,Morpheus: towards automated SLOs for enterprise clusters,A5043137436,Janardhan Kulkarni,middle,172
OSDI,2016,W2528415359,Morpheus: towards automated SLOs for enterprise clusters,A5070183492,Sriram Rao,last,172
OSDI,2018,W2897044322,REPT: reverse debugging of failures in deployed software,A5112117974,Weidong Cui,first,37
OSDI,2018,W2897044322,REPT: reverse debugging of failures in deployed software,A5085945429,Xinyang Ge,middle,37
OSDI,2018,W2897044322,REPT: reverse debugging of failures in deployed software,A5050964144,Baris Kasikci,middle,37
OSDI,2018,W2897044322,REPT: reverse debugging of failures in deployed software,A5024053576,Ben Niu,middle,37
OSDI,2018,W2897044322,REPT: reverse debugging of failures in deployed software,A5006077391,Upamanyu Sharma,middle,37
OSDI,2018,W2897044322,REPT: reverse debugging of failures in deployed software,A5100653715,Ruoyu Wang,middle,37
OSDI,2018,W2897044322,REPT: reverse debugging of failures in deployed software,A5059899443,Insu Yun,last,37
OSDI,2018,W2899317062,"Fault-tolerance, fast and slow: exploiting failure asynchrony in distributed systems",A5054877673,Ramnatthan Alagappan,first,7
OSDI,2018,W2899317062,"Fault-tolerance, fast and slow: exploiting failure asynchrony in distributed systems",A5056000802,Aishwarya Ganesan,middle,7
OSDI,2018,W2899317062,"Fault-tolerance, fast and slow: exploiting failure asynchrony in distributed systems",A5100375112,Jing Liu,middle,7
OSDI,2018,W2899317062,"Fault-tolerance, fast and slow: exploiting failure asynchrony in distributed systems",A5015863866,Andrea C. Arpaci-Dusseau,middle,7
OSDI,2018,W2899317062,"Fault-tolerance, fast and slow: exploiting failure asynchrony in distributed systems",A5035064257,Remzi H. Arpaci-Dusseau,last,7
OSDI,2018,W2898893133,Nickel: a framework for design and verification of information flow control systems,A5045162159,Helgi Sigurbjarnarson,first,24
OSDI,2018,W2898893133,Nickel: a framework for design and verification of information flow control systems,A5069494158,Luke Nelson,middle,24
OSDI,2018,W2898893133,Nickel: a framework for design and verification of information flow control systems,A5014626719,Bruno Castro-Karney,middle,24
OSDI,2018,W2898893133,Nickel: a framework for design and verification of information flow control systems,A5055964348,James Bornholt,middle,24
OSDI,2018,W2898893133,Nickel: a framework for design and verification of information flow control systems,A5088791029,Emina Torlak,middle,24
OSDI,2018,W2898893133,Nickel: a framework for design and verification of information flow control systems,A5100442242,Xi Wang,last,24
PLDI,2016,W2563194668,Accounting for the fascist ethical state: the “duce” on stage at the alla Scala opera house (1922-1943),A5028779193,Michele Bigoni,first,0
PLDI,2016,W2563194668,Accounting for the fascist ethical state: the “duce” on stage at the alla Scala opera house (1922-1943),A5020104906,Enrico Deidda Gagliardo,middle,0
PLDI,2016,W2563194668,Accounting for the fascist ethical state: the “duce” on stage at the alla Scala opera house (1922-1943),A5037727186,Warwick Funnell,middle,0
PLDI,2016,W2563194668,Accounting for the fascist ethical state: the “duce” on stage at the alla Scala opera house (1922-1943),A5039408197,Mariarita Pierotti,last,0
PLDI,2016,W2600790940,"Calls to Order: Modernity, Contemporaneity and the Cold War Aesthetic of BM Anand",A5056597127,Grant Pooke,first,0
PLDI,2016,W2767287715,Autism and Intellectual Disability in Adults,A5041580483,Damian Milton,first,19
PLDI,2017,W2805227232,"'Rossini's Semiramide: Composing Voices in Early Nineteenth-Century Opera', Royal Opera House, Covent Garden",A5103141563,Susan Rutherford,first,0
PLDI,2017,W2786393284,A King of Two Seas? Mamluk Maritime Trade Policy in the Wake of the Crisis of the 14th Century,A5038780856,Georg Christ,first,0
PLDI,2017,W2804305086,"(Re)connect the nexus: Young Brazilians' experiences of and learning about food, water and energy",A5017903772,Peter Kraftl,first,0
PLDI,2017,W2804305086,"(Re)connect the nexus: Young Brazilians' experiences of and learning about food, water and energy",A5030154709,Catherine Walker,middle,0
PLDI,2017,W2804305086,"(Re)connect the nexus: Young Brazilians' experiences of and learning about food, water and energy",A5067265648,Cristiana Zara,last,0
PODS,2005,W2522356350,Geo-economie voor de Limburger en Wereldburger,A5069732839,Patrick De Groote,first,0
PODS,2005,W62947662,First-order topological properties,A5089823917,Jan Van den Bussche,first,0
PODS,2015,W2791132329,An Arabidopsis model for seed endophyte-assisted plant growth upon Cd exposure,A5048770056,Sascha Truyens,first,0
PODS,2015,W2791132329,An Arabidopsis model for seed endophyte-assisted plant growth upon Cd exposure,A5032390727,Sofie Thijs,middle,0
PODS,2015,W2791132329,An Arabidopsis model for seed endophyte-assisted plant growth upon Cd exposure,A5076252003,Jaco Vangronsveld,last,0
PODS,2015,W2468118343,From Automatic Sign Detection To Space Usage Rules Mining For Autonomous Driving,A5083306492,Pavel Samsonov,first,3
PODS,2015,W2468118343,From Automatic Sign Detection To Space Usage Rules Mining For Autonomous Driving,A5005448339,Brent Hecht,middle,3
PODS,2015,W2468118343,From Automatic Sign Detection To Space Usage Rules Mining For Autonomous Driving,A5110358726,J. Schoening,last,3
PODS,2015,W2565847705,"Institutions, Misdemeanors and Fraud in Europe",A5054060516,Luiza Pogorelova,middle,0
PODS,2015,W2565847705,"Institutions, Misdemeanors and Fraud in Europe",A5001306703,Samantha Bielen,middle,0
PODS,2015,W2565847705,"Institutions, Misdemeanors and Fraud in Europe",A5036376601,Wim Marneffe,last,0
S&P,2008,W2103154003,Casting out Demons: Sanitizing Training Data for Anomaly Sensors,A5112142130,Gabriela F. Cretu,first,229
S&P,2008,W2103154003,Casting out Demons: Sanitizing Training Data for Anomaly Sensors,A5041500780,Angelos Stavrou,middle,229
S&P,2008,W2103154003,Casting out Demons: Sanitizing Training Data for Anomaly Sensors,A5086616243,Michael E. Locasto,middle,229
S&P,2008,W2103154003,Casting out Demons: Sanitizing Training Data for Anomaly Sensors,A5084213178,Salvatore J. Stolfo,middle,229
S&P,2008,W2103154003,Casting out Demons: Sanitizing Training Data for Anomaly Sensors,A5023057383,Angelos D. Keromytis,last,229
S&P,2008,W2162808394,Automated Formal Analysis of a Protocol for Secure File Sharing on Untrusted Storage,A5004976322,Bruno Blanchet,first,73
S&P,2008,W2162808394,Automated Formal Analysis of a Protocol for Secure File Sharing on Untrusted Storage,A5065727495,Avik Chaudhuri,last,73
S&P,2008,W2167266744,Spot Me if You Can: Uncovering Spoken Phrases in Encrypted VoIP Conversations,A5026656203,Charles V. Wright,first,219
S&P,2008,W2167266744,Spot Me if You Can: Uncovering Spoken Phrases in Encrypted VoIP Conversations,A5109171779,Lucas Ballard,middle,219
S&P,2008,W2167266744,Spot Me if You Can: Uncovering Spoken Phrases in Encrypted VoIP Conversations,A5027501147,Scott E. Coull,middle,219
S&P,2008,W2167266744,Spot Me if You Can: Uncovering Spoken Phrases in Encrypted VoIP Conversations,A5069862528,Fabian Monrose,middle,219
S&P,2008,W2167266744,Spot Me if You Can: Uncovering Spoken Phrases in Encrypted VoIP Conversations,A5111400587,Gerald M. Masson,last,219
S&P,2009,W2046930524,CS woes,A5109185793,Jeannette M. Wing,first,3
S&P,2009,W2046930524,CS woes,A5055660368,Mark Guzdial,last,3
S&P,2009,W2003718537,<i>Communications'</i> annual report card,A5067014858,Scott E. Delman,first,3
S&P,2009,W2066356789,A threat analysis of RFID passports,A5022249083,Alan Ramos,first,10
S&P,2009,W2066356789,A threat analysis of RFID passports,A5090410754,Weina Scott,middle,10
S&P,2009,W2066356789,A threat analysis of RFID passports,A5112200891,W. B. Scott,middle,10
S&P,2009,W2066356789,A threat analysis of RFID passports,A5078855341,Doug Lloyd,middle,10
S&P,2009,W2066356789,A threat analysis of RFID passports,A5029345542,Katherine O'Leary,middle,10
S&P,2009,W2066356789,A threat analysis of RFID passports,A5031732469,Jim Waldo,last,10
S&P,2014,W2117065827,Finding more than one worm in the apple,A5030376788,Mike Bland,first,11
S&P,2014,W1964053994,An integrated approach to safety and security based on systems theory,A5052065733,William Young,first,254
S&P,2014,W1964053994,An integrated approach to safety and security based on systems theory,A5084051792,Nancy G. Leveson,last,254
S&P,2014,W4249867226,ACM fellows inducted,A5076263850,CACM Staff,first,1
S&P,2015,W2172625470,Coupled ethical-epistemic analysis in teaching ethics,A5052656865,Nancy Tuana,first,5
S&P,2015,W1963704647,Do-it-yourself textbook publishing,A5088855767,Armando Fox,first,6
S&P,2015,W1963704647,Do-it-yourself textbook publishing,A5101927146,David A. Patterson,last,6
S&P,2015,W2151522990,Dismantling the barriers to entry,A5037999920,Rich Harris,first,1
S&P,2017,W2964578585,"""Game of Thrones"" Seen Through the Prism of Tolkien's Theory on Fairy-Stories",A5031158917,Annie Birks,first,0
S&P,2017,W3035011856,"""La tente"" par Michel Agier",A5013834800,Michel Agier,first,0
S&P,2017,W3035011856,"""La tente"" par Michel Agier",A5056711571,Alexandra Galitzine‐Loumpet,middle,0
S&P,2017,W3035011856,"""La tente"" par Michel Agier",A5003427260,Elisabeth de Pablo,middle,0
S&P,2017,W3035011856,"""La tente"" par Michel Agier",A5006977070,Dimitri Galitzine,last,0
S&P,2017,W4299398280,"""A re-interpretation of Martial, Epigram XI.94""",A5027987065,Marié Roux,first,0
SIGIR,2000,W2081094496,Compiling document collections from the Internet,A5068914921,Vitaliy Kluev,first,15
SIGIR,2000,W1986590763,SIGIR workshop on interactive retrieval at TREC and beyond,A5001422310,William Hersh,first,8
SIGIR,2000,W1986590763,SIGIR workshop on interactive retrieval at TREC and beyond,A5077094576,Paul Over,last,8
SIGIR,2000,W2116226770,"Annual report on SIGIR, July 1999 – June 2000",A5111638399,Susan Dumais,first,0
SIGIR,2017,W3132539701,Ancient North Arabian (Safaitic) Inscriptions: Short Messages from the Jordan Badia,A5019716133,Ali Al‐Manaser,first,0
SIGIR,2017,W3132539701,Ancient North Arabian (Safaitic) Inscriptions: Short Messages from the Jordan Badia,A5059035538,Aljouhara Abdulaziz Al-Sadoun,last,0
SIGIR,2017,W2779785251,Alveolar oxygen respiratory oscillations measured in arterial blood,A5087996332,Federico Formenti,first,0
SIGIR,2017,W2779785251,Alveolar oxygen respiratory oscillations measured in arterial blood,A5001653478,Nikhil Bommakanti,middle,0
SIGIR,2017,W2779785251,Alveolar oxygen respiratory oscillations measured in arterial blood,A5072683214,R. Chen,middle,0
SIGIR,2017,W2779785251,Alveolar oxygen respiratory oscillations measured in arterial blood,A5051633352,John N. Cronin,middle,0
SIGIR,2017,W2779785251,Alveolar oxygen respiratory oscillations measured in arterial blood,A5109989183,Hanne McPeak,middle,0
SIGIR,2017,W2779785251,Alveolar oxygen respiratory oscillations measured in arterial blood,A5003181758,Delphine Holopherne‐Doran,middle,0
SIGIR,2017,W2779785251,Alveolar oxygen respiratory oscillations measured in arterial blood,A5035633649,Göran Hedenstierna,middle,0
SIGIR,2017,W2779785251,Alveolar oxygen respiratory oscillations measured in arterial blood,A5079178622,Cássia Elisa Barth Hahn,middle,0
SIGIR,2017,W2779785251,Alveolar oxygen respiratory oscillations measured in arterial blood,A5042117009,Anders Larsson,middle,0
SIGIR,2017,W2779785251,Alveolar oxygen respiratory oscillations measured in arterial blood,A5001863597,Andrew D. Farmery,last,0
SIGIR,2017,W2569585241,Artaud and Sun: Heliogabalus and contemporary non-anthropocentric theory,A5091384549,Nikolaj Lübecker,first,0
SIGMOD,2006,W2738811881,A model for anisotropic polymer gels,A5066466403,R.H. Self,first,0
SIGMOD,2006,W983953852,A real time ultrasound based passive monitoring system for lithotripsy,A5086433638,F. Fedele,first,0
SIGMOD,2006,W983953852,A real time ultrasound based passive monitoring system for lithotripsy,A5033211983,Andrew Coleman,middle,0
SIGMOD,2006,W983953852,A real time ultrasound based passive monitoring system for lithotripsy,A5049699235,T.G. Leighton,middle,0
SIGMOD,2006,W983953852,A real time ultrasound based passive monitoring system for lithotripsy,A5109054795,V.F. Humphrey,middle,0
SIGMOD,2006,W983953852,A real time ultrasound based passive monitoring system for lithotripsy,A5078793574,P.R. White,middle,0
SIGMOD,2006,W983953852,A real time ultrasound based passive monitoring system for lithotripsy,A5070427456,S. Ryves,middle,0
SIGMOD,2006,W983953852,A real time ultrasound based passive monitoring system for lithotripsy,A5062213802,Stefano Alessandrini,middle,0
SIGMOD,2006,W983953852,A real time ultrasound based passive monitoring system for lithotripsy,A5087949585,C. McCarthy,middle,0
SIGMOD,2006,W983953852,A real time ultrasound based passive monitoring system for lithotripsy,A5056799472,A.M. Hurrel,middle,0
SIGMOD,2006,W983953852,A real time ultrasound based passive monitoring system for lithotripsy,A5111661876,D.C. Finfer,last,0
SIGMOD,2006,W2426690256,Adding value? How senior executives and institutional investors regard risk management and corporate governance,A5089343422,Lynn T. Drennan,first,0
SIGMOD,2006,W2426690256,Adding value? How senior executives and institutional investors regard risk management and corporate governance,A5110361417,Rob Webb,middle,0
SIGMOD,2006,W2426690256,Adding value? How senior executives and institutional investors regard risk management and corporate governance,A5019700958,Alasdair Marshall,last,0
SODA,2012,W2044110501,"Theories, solvers and static analysis by abstract interpretation",A5007730604,Patrick Cousot,first,27
SODA,2012,W2044110501,"Theories, solvers and static analysis by abstract interpretation",A5015957810,Radhia Cousot,middle,27
SODA,2012,W2044110501,"Theories, solvers and static analysis by abstract interpretation",A5090849099,Laurent Mauborgne,last,27
SODA,2012,W2045027298,Fixed-point definability and polynomial time on graphs with excluded minors,A5073893026,Martin Grohe,first,49
SODA,2012,W2044280967,"Highly acyclic groups, hypergraph covers, and the guarded fragment",A5002705704,Martin Otto,first,32
SODA,2014,W2279768872,A Small Molecule That Binds and Inhibits the ETV1 Transcription Factor Oncoprotein,A5110636599,Marius S. Pop,first,0
SODA,2014,W2279768872,A Small Molecule That Binds and Inhibits the ETV1 Transcription Factor Oncoprotein,A5069652185,Nicolas Stransky,middle,0
SODA,2014,W2279768872,A Small Molecule That Binds and Inhibits the ETV1 Transcription Factor Oncoprotein,A5026413561,Colin W. Garvie,middle,0
SODA,2014,W2279768872,A Small Molecule That Binds and Inhibits the ETV1 Transcription Factor Oncoprotein,A5010531211,Jean‐Philippe Theurillat,middle,0
SODA,2014,W2279768872,A Small Molecule That Binds and Inhibits the ETV1 Transcription Factor Oncoprotein,A5074254840,Emily C. Hartman,middle,0
SODA,2014,W2279768872,A Small Molecule That Binds and Inhibits the ETV1 Transcription Factor Oncoprotein,A5023645110,Timothy A. Lewis,middle,0
SODA,2014,W2279768872,A Small Molecule That Binds and Inhibits the ETV1 Transcription Factor Oncoprotein,A5101982218,Cheng Zhong,middle,0
SODA,2014,W2279768872,A Small Molecule That Binds and Inhibits the ETV1 Transcription Factor Oncoprotein,A5079503076,Elizabeth K. Culyba,middle,0
SODA,2014,W2279768872,A Small Molecule That Binds and Inhibits the ETV1 Transcription Factor Oncoprotein,A5084455368,Fallon Lin,middle,0
SODA,2014,W2279768872,A Small Molecule That Binds and Inhibits the ETV1 Transcription Factor Oncoprotein,A5084882914,Douglas S. Daniels,middle,0
SODA,2014,W2279768872,A Small Molecule That Binds and Inhibits the ETV1 Transcription Factor Oncoprotein,A5005072713,Raymond Pagliarini,middle,0
SODA,2014,W2279768872,A Small Molecule That Binds and Inhibits the ETV1 Transcription Factor Oncoprotein,A5113492261,Lucienne Ronco,middle,0
SODA,2014,W2279768872,A Small Molecule That Binds and Inhibits the ETV1 Transcription Factor Oncoprotein,A5025449695,Angela N. Koehler,middle,0
SODA,2014,W2279768872,A Small Molecule That Binds and Inhibits the ETV1 Transcription Factor Oncoprotein,A5055048393,Levi A. Garraway,last,0
SODA,2014,W2590447743,A network flow approach for tactical resource planning in outpatient clinics,A5071146004,Thu Ba T. Nguyen,first,0
SODA,2014,W2590447743,A network flow approach for tactical resource planning in outpatient clinics,A5103513371,Appa Iyer Sivakumar,middle,0
SODA,2014,W2590447743,A network flow approach for tactical resource planning in outpatient clinics,A5017016232,Stephen C. Graves,last,0
SODA,2014,W2883125181,A breast cancer stem cell niche supported by juxtacrine signalling from monocytes and macrophages,A5006801972,Karl R. Clauser,first,0
SODA,2014,W2883125181,A breast cancer stem cell niche supported by juxtacrine signalling from monocytes and macrophages,A5025001684,Julia Fröse,middle,0
SODA,2014,W2883125181,A breast cancer stem cell niche supported by juxtacrine signalling from monocytes and macrophages,A5100348109,Xin Ye,middle,0
SODA,2014,W2883125181,A breast cancer stem cell niche supported by juxtacrine signalling from monocytes and macrophages,A5108266079,Elinor Ng Eaton,middle,0
SODA,2014,W2883125181,A breast cancer stem cell niche supported by juxtacrine signalling from monocytes and macrophages,A5023230863,Ferenc Reinhardt,middle,0
SODA,2014,W2883125181,A breast cancer stem cell niche supported by juxtacrine signalling from monocytes and macrophages,A5069288338,Vera S. Donnenberg,middle,0
SODA,2014,W2883125181,A breast cancer stem cell niche supported by juxtacrine signalling from monocytes and macrophages,A5034149172,Rohit Bhargava,middle,0
SODA,2014,W2883125181,A breast cancer stem cell niche supported by juxtacrine signalling from monocytes and macrophages,A5036255260,Steven A. Carr,middle,0
SODA,2014,W2883125181,A breast cancer stem cell niche supported by juxtacrine signalling from monocytes and macrophages,A5108812885,Haihui Lu,middle,0
SODA,2014,W2883125181,A breast cancer stem cell niche supported by juxtacrine signalling from monocytes and macrophages,A5081808759,Wai Leong Tam,middle,0
SODA,2014,W2883125181,A breast cancer stem cell niche supported by juxtacrine signalling from monocytes and macrophages,A5012557712,Robert A. Weinberg,last,0
SODA,2018,W2835247575,Airborne and ground-based observations of ammonium-nitrate-dominated aerosols in a shallow boundary layer during intense winter pollution episodes in northern Utah,A5063898003,Alessandro Franchin,first,60
SODA,2018,W2835247575,Airborne and ground-based observations of ammonium-nitrate-dominated aerosols in a shallow boundary layer during intense winter pollution episodes in northern Utah,A5082531747,D. L. Fibiger,middle,60
SODA,2018,W2835247575,Airborne and ground-based observations of ammonium-nitrate-dominated aerosols in a shallow boundary layer during intense winter pollution episodes in northern Utah,A5036699594,Lexie Goldberger,middle,60
SODA,2018,W2835247575,Airborne and ground-based observations of ammonium-nitrate-dominated aerosols in a shallow boundary layer during intense winter pollution episodes in northern Utah,A5051971262,Erin E. McDuffie,middle,60
SODA,2018,W2835247575,Airborne and ground-based observations of ammonium-nitrate-dominated aerosols in a shallow boundary layer during intense winter pollution episodes in northern Utah,A5017667209,Alexander Moravek,middle,60
SODA,2018,W2835247575,Airborne and ground-based observations of ammonium-nitrate-dominated aerosols in a shallow boundary layer during intense winter pollution episodes in northern Utah,A5091339763,Caroline C. Womack,middle,60
SODA,2018,W2835247575,Airborne and ground-based observations of ammonium-nitrate-dominated aerosols in a shallow boundary layer during intense winter pollution episodes in northern Utah,A5044329151,Erik T. Crosman,middle,60
SODA,2018,W2835247575,Airborne and ground-based observations of ammonium-nitrate-dominated aerosols in a shallow boundary layer during intense winter pollution episodes in northern Utah,A5070739659,Kenneth S. Docherty,middle,60
SODA,2018,W2835247575,Airborne and ground-based observations of ammonium-nitrate-dominated aerosols in a shallow boundary layer during intense winter pollution episodes in northern Utah,A5046294107,W. P. Dubé,middle,60
SODA,2018,W2835247575,Airborne and ground-based observations of ammonium-nitrate-dominated aerosols in a shallow boundary layer during intense winter pollution episodes in northern Utah,A5022853344,Sebastian W. Hoch,middle,60
SODA,2018,W2835247575,Airborne and ground-based observations of ammonium-nitrate-dominated aerosols in a shallow boundary layer during intense winter pollution episodes in northern Utah,A5100752467,Ben H. Lee,middle,60
SODA,2018,W2835247575,Airborne and ground-based observations of ammonium-nitrate-dominated aerosols in a shallow boundary layer during intense winter pollution episodes in northern Utah,A5013511053,Russell Long,middle,60
SODA,2018,W2835247575,Airborne and ground-based observations of ammonium-nitrate-dominated aerosols in a shallow boundary layer during intense winter pollution episodes in northern Utah,A5016231702,J. G. Murphy,middle,60
SODA,2018,W2835247575,Airborne and ground-based observations of ammonium-nitrate-dominated aerosols in a shallow boundary layer during intense winter pollution episodes in northern Utah,A5007291045,Joel A. Thornton,middle,60
SODA,2018,W2835247575,Airborne and ground-based observations of ammonium-nitrate-dominated aerosols in a shallow boundary layer during intense winter pollution episodes in northern Utah,A5084092408,Steven S. Brown,middle,60
SODA,2018,W2835247575,Airborne and ground-based observations of ammonium-nitrate-dominated aerosols in a shallow boundary layer during intense winter pollution episodes in northern Utah,A5004216729,Munkhbayar Baasandorj,middle,60
SODA,2018,W2835247575,Airborne and ground-based observations of ammonium-nitrate-dominated aerosols in a shallow boundary layer during intense winter pollution episodes in northern Utah,A5011118694,A. M. Middlebrook,last,60
SODA,2018,W2765961379,Analysis of the distributions of hourly NO <sub>2</sub> concentrations contributing to annual average NO <sub>2</sub> concentrations across the European monitoring network between 2000 and 2014,A5046804945,Christopher S. Malley,first,20
SODA,2018,W2765961379,Analysis of the distributions of hourly NO <sub>2</sub> concentrations contributing to annual average NO <sub>2</sub> concentrations across the European monitoring network between 2000 and 2014,A5033095787,Erika von Schneidemesser,middle,20
SODA,2018,W2765961379,Analysis of the distributions of hourly NO <sub>2</sub> concentrations contributing to annual average NO <sub>2</sub> concentrations across the European monitoring network between 2000 and 2014,A5049955015,Sarah Möller,middle,20
SODA,2018,W2765961379,Analysis of the distributions of hourly NO <sub>2</sub> concentrations contributing to annual average NO <sub>2</sub> concentrations across the European monitoring network between 2000 and 2014,A5024899017,Christine F. Braban,middle,20
SODA,2018,W2765961379,Analysis of the distributions of hourly NO <sub>2</sub> concentrations contributing to annual average NO <sub>2</sub> concentrations across the European monitoring network between 2000 and 2014,A5090141062,W. Kevin Hicks,middle,20
SODA,2018,W2765961379,Analysis of the distributions of hourly NO <sub>2</sub> concentrations contributing to annual average NO <sub>2</sub> concentrations across the European monitoring network between 2000 and 2014,A5024673952,Mathew R. Heal,last,20
SODA,2018,W2802420031,Agricultural harvesting emissions of ice-nucleating particles,A5025779298,Kaitlyn J. Suski,first,130
SODA,2018,W2802420031,Agricultural harvesting emissions of ice-nucleating particles,A5062876456,Thomas C. J. Hill,middle,130
SODA,2018,W2802420031,Agricultural harvesting emissions of ice-nucleating particles,A5085431646,Ezra J. T. Levin,middle,130
SODA,2018,W2802420031,Agricultural harvesting emissions of ice-nucleating particles,A5050313002,Anna J. Miller,middle,130
SODA,2018,W2802420031,Agricultural harvesting emissions of ice-nucleating particles,A5090361945,Paul J. DeMott,middle,130
SODA,2018,W2802420031,Agricultural harvesting emissions of ice-nucleating particles,A5020577047,Sonia M. Kreidenweis,last,130
SOSP,2003,W2064243176,An authentication scheme for mobile satellite communication systems,A5037292711,Min‐Shiang Hwang,first,83
SOSP,2003,W2064243176,An authentication scheme for mobile satellite communication systems,A5038961178,Chao-Chen Yang,middle,83
SOSP,2003,W2064243176,An authentication scheme for mobile satellite communication systems,A5075343049,Cheng-Yeh Shiu,last,83
SOSP,2003,W2119565742,The Google file system,A5012998255,Sanjay Ghemawat,first,4987
SOSP,2003,W2119565742,The Google file system,A5031384489,Howard Gobioff,middle,4987
SOSP,2003,W2119565742,The Google file system,A5049326989,Shun-Tak A. Leung,last,4987
SOSP,2003,W2164055093,Model-carrying code,A5102886132,R. Sekar,first,161
SOSP,2003,W2164055093,Model-carrying code,A5058117020,V. N. Venkatakrishnan,middle,161
SOSP,2003,W2164055093,Model-carrying code,A5103063258,Samik Basu,middle,161
SOSP,2003,W2164055093,Model-carrying code,A5111447650,Sandeep Bhatkar,middle,161
SOSP,2003,W2164055093,Model-carrying code,A5109878341,Daniel C. DuVarney,last,161
SOSP,2005,W2040701118,A new pattern for flexible worker threads with in-place consumption message queues,A5043744252,R. C. Steinke,first,4
SOSP,2005,W2040701118,A new pattern for flexible worker threads with in-place consumption message queues,A5002013490,Micah Clark,middle,4
SOSP,2005,W2040701118,A new pattern for flexible worker threads with in-place consumption message queues,A5018484044,Elihu McMahon,last,4
SOSP,2005,W1987504538,Segment-based proxy caching for distributed cooperative media content servers,A5101444024,Jia Song,first,9
SOSP,2005,W2047187406,My recollections of operating system design,A5091784079,Edsger W. Dÿkstra,first,6
SOSP,2007,W1982078374,Specifying memory consistency of write buffer multiprocessors,A5035611716,Lisa Highám,first,36
SOSP,2007,W1982078374,Specifying memory consistency of write buffer multiprocessors,A5066263987,LillAnne Jackson,middle,36
SOSP,2007,W1982078374,Specifying memory consistency of write buffer multiprocessors,A5023556444,Jalal Kawash,last,36
SOSP,2007,W2004130873,Trace cache sampling filter,A5071381487,Michael Behar,first,6
SOSP,2007,W2004130873,Trace cache sampling filter,A5089135250,Avi Mendelson,middle,6
SOSP,2007,W2004130873,Trace cache sampling filter,A5051888366,Avinoam Kolodny,last,6
SOSP,2007,W2088723365,Experience distributing objects in an SMMP OS,A5013553389,Jonathan Appavoo,first,53
SOSP,2007,W2088723365,Experience distributing objects in an SMMP OS,A5045204301,Dilma Da Silva,middle,53
SOSP,2007,W2088723365,Experience distributing objects in an SMMP OS,A5048649001,Orran Krieger,middle,53
SOSP,2007,W2088723365,Experience distributing objects in an SMMP OS,A5081982372,Marc Auslander,middle,53
SOSP,2007,W2088723365,Experience distributing objects in an SMMP OS,A5025423639,M. Ostrowski,middle,53
SOSP,2007,W2088723365,Experience distributing objects in an SMMP OS,A5001723274,Bryan S. Rosenburg,middle,53
SOSP,2007,W2088723365,Experience distributing objects in an SMMP OS,A5026073264,Amos Waterland,middle,53
SOSP,2007,W2088723365,Experience distributing objects in an SMMP OS,A5026582805,Robert W. Wisniewski,middle,53
SOSP,2007,W2088723365,Experience distributing objects in an SMMP OS,A5081022073,Jimi Xenidis,middle,53
SOSP,2007,W2088723365,Experience distributing objects in an SMMP OS,A5033055304,Michael Stumm,middle,53
SOSP,2007,W2088723365,Experience distributing objects in an SMMP OS,A5080525324,Livio Soares,last,53
SOSP,2009,W132658681,Beliefs about language learning: Exploring links to personality traits,A5056265554,Eva Bernat,first,18
SOSP,2009,W132658681,Beliefs about language learning: Exploring links to personality traits,A5052847918,Nan Carter,last,18
SOSP,2009,W1541765788,Monitoring compliance with enforceable undertakings,A5015170324,Marina Nehme,first,3
SOSP,2009,W200812866,Computational Study of Homogeneous and Stratified Combustion in a Compressed Natural Gas Direct Injection Engine,A5105517869,Shahrir Abdullah,first,0
SOSP,2009,W200812866,Computational Study of Homogeneous and Stratified Combustion in a Compressed Natural Gas Direct Injection Engine,A5027001071,Wendy Hardyono Kurniawan,middle,0
SOSP,2009,W200812866,Computational Study of Homogeneous and Stratified Combustion in a Compressed Natural Gas Direct Injection Engine,A5049877369,M. A. Al-Rawi,middle,0
SOSP,2009,W200812866,Computational Study of Homogeneous and Stratified Combustion in a Compressed Natural Gas Direct Injection Engine,A5113184097,Y. Ali,middle,0
SOSP,2009,W200812866,Computational Study of Homogeneous and Stratified Combustion in a Compressed Natural Gas Direct Injection Engine,A5041424654,Taib Iskandar Mohamad,last,0
SOSP,2011,W2125300694,An artifacts removal post-processing for epiphyseal region-of-interest (EROI) localization in automated bone age assessment (BAA),A5040863689,Yan Chai Hum,first,18
SOSP,2011,W2125300694,An artifacts removal post-processing for epiphyseal region-of-interest (EROI) localization in automated bone age assessment (BAA),A5084900407,Khin Wee Lai,middle,18
SOSP,2011,W2125300694,An artifacts removal post-processing for epiphyseal region-of-interest (EROI) localization in automated bone age assessment (BAA),A5003126135,Tan Tian Swee,middle,18
SOSP,2011,W2125300694,An artifacts removal post-processing for epiphyseal region-of-interest (EROI) localization in automated bone age assessment (BAA),A5011238161,Sh-Hussain Salleh,middle,18
SOSP,2011,W2125300694,An artifacts removal post-processing for epiphyseal region-of-interest (EROI) localization in automated bone age assessment (BAA),A5109226915,Lim Chea,last,18
SOSP,2011,W2127827887,A fully-automatic caudate nucleus segmentation of brain MRI: Application in volumetric analysis of pediatric attention-deficit/hyperactivity disorder,A5067001353,Laura Igual,first,29
SOSP,2011,W2127827887,A fully-automatic caudate nucleus segmentation of brain MRI: Application in volumetric analysis of pediatric attention-deficit/hyperactivity disorder,A5009345605,Joan Carles Soliva,middle,29
SOSP,2011,W2127827887,A fully-automatic caudate nucleus segmentation of brain MRI: Application in volumetric analysis of pediatric attention-deficit/hyperactivity disorder,A5066450078,Antonio Hernández-Vela,middle,29
SOSP,2011,W2127827887,A fully-automatic caudate nucleus segmentation of brain MRI: Application in volumetric analysis of pediatric attention-deficit/hyperactivity disorder,A5038228433,Sérgio Escalera,middle,29
SOSP,2011,W2127827887,A fully-automatic caudate nucleus segmentation of brain MRI: Application in volumetric analysis of pediatric attention-deficit/hyperactivity disorder,A5060882963,Xavier Jiménez,middle,29
SOSP,2011,W2127827887,A fully-automatic caudate nucleus segmentation of brain MRI: Application in volumetric analysis of pediatric attention-deficit/hyperactivity disorder,A5040792334,Óscar Vilarroya,middle,29
SOSP,2011,W2127827887,A fully-automatic caudate nucleus segmentation of brain MRI: Application in volumetric analysis of pediatric attention-deficit/hyperactivity disorder,A5083867344,Petia Radeva,last,29
SOSP,2011,W2016876777,Numerical simulation of strain-adaptive bone remodelling in the ankle joint,A5053754436,Anas Bouguecha,first,31
SOSP,2011,W2016876777,Numerical simulation of strain-adaptive bone remodelling in the ankle joint,A5079088594,Nelly Weigel,middle,31
SOSP,2011,W2016876777,Numerical simulation of strain-adaptive bone remodelling in the ankle joint,A5031343036,Bernd‐Arno Behrens,middle,31
SOSP,2011,W2016876777,Numerical simulation of strain-adaptive bone remodelling in the ankle joint,A5111444816,Christina Stukenborg‐Colsman,middle,31
SOSP,2011,W2016876777,Numerical simulation of strain-adaptive bone remodelling in the ankle joint,A5004068520,Hazibullah Waizy,last,31
SOSP,2015,W1785235667,A Small-Footprint Accelerator for Large-Scale Neural Networks,A5109886311,Tianshi Chen,first,13
SOSP,2015,W1785235667,A Small-Footprint Accelerator for Large-Scale Neural Networks,A5101498177,Shijin Zhang,middle,13
SOSP,2015,W1785235667,A Small-Footprint Accelerator for Large-Scale Neural Networks,A5033237869,Shaoli Liu,middle,13
SOSP,2015,W1785235667,A Small-Footprint Accelerator for Large-Scale Neural Networks,A5056949827,Zidong Du,middle,13
SOSP,2015,W1785235667,A Small-Footprint Accelerator for Large-Scale Neural Networks,A5101630043,Tao Luo,middle,13
SOSP,2015,W1785235667,A Small-Footprint Accelerator for Large-Scale Neural Networks,A5076934078,Yuan Gao,middle,13
SOSP,2015,W1785235667,A Small-Footprint Accelerator for Large-Scale Neural Networks,A5100396435,Junjie Liu,middle,13
SOSP,2015,W1785235667,A Small-Footprint Accelerator for Large-Scale Neural Networks,A5100450575,Dongsheng Wang,middle,13
SOSP,2015,W1785235667,A Small-Footprint Accelerator for Large-Scale Neural Networks,A5109870596,Chengyong Wu,middle,13
SOSP,2015,W1785235667,A Small-Footprint Accelerator for Large-Scale Neural Networks,A5101738013,Ninghui Sun,middle,13
SOSP,2015,W1785235667,A Small-Footprint Accelerator for Large-Scale Neural Networks,A5036492388,Yunji Chen,middle,13
SOSP,2015,W1785235667,A Small-Footprint Accelerator for Large-Scale Neural Networks,A5040252809,Olivier Temam,last,13
SOSP,2015,W1987773847,SKMD,A5065946847,Janghaeng Lee,first,46
SOSP,2015,W1987773847,SKMD,A5058642630,Mehrzad Samadi,middle,46
SOSP,2015,W1987773847,SKMD,A5086980677,Yongjun Park,middle,46
SOSP,2015,W1987773847,SKMD,A5002075773,Scott Mahlke,last,46
SOSP,2015,W1988150112,Efficient Control and Communication Paradigms for Coarse-Grained Spatial Architectures,A5009910914,Michael Pellauer,first,15
SOSP,2015,W1988150112,Efficient Control and Communication Paradigms for Coarse-Grained Spatial Architectures,A5024901904,Angshuman Parashar,middle,15
SOSP,2015,W1988150112,Efficient Control and Communication Paradigms for Coarse-Grained Spatial Architectures,A5109306000,Michael Adler,middle,15
SOSP,2015,W1988150112,Efficient Control and Communication Paradigms for Coarse-Grained Spatial Architectures,A5005443434,Bushra Ahsan,middle,15
SOSP,2015,W1988150112,Efficient Control and Communication Paradigms for Coarse-Grained Spatial Architectures,A5042818004,R. Allmon,middle,15
SOSP,2015,W1988150112,Efficient Control and Communication Paradigms for Coarse-Grained Spatial Architectures,A5060189926,Neal Crago,middle,15
SOSP,2015,W1988150112,Efficient Control and Communication Paradigms for Coarse-Grained Spatial Architectures,A5027505039,Kermin Fleming,middle,15
SOSP,2015,W1988150112,Efficient Control and Communication Paradigms for Coarse-Grained Spatial Architectures,A5075681742,Mohit Gambhir,middle,15
SOSP,2015,W1988150112,Efficient Control and Communication Paradigms for Coarse-Grained Spatial Architectures,A5078825915,Aamer Jaleel,middle,15
SOSP,2015,W1988150112,Efficient Control and Communication Paradigms for Coarse-Grained Spatial Architectures,A5034089074,Tushar Krishna,middle,15
SOSP,2015,W1988150112,Efficient Control and Communication Paradigms for Coarse-Grained Spatial Architectures,A5078894707,Daniel Lustig,middle,15
SOSP,2015,W1988150112,Efficient Control and Communication Paradigms for Coarse-Grained Spatial Architectures,A5082025700,Stephen Maresh,middle,15
SOSP,2015,W1988150112,Efficient Control and Communication Paradigms for Coarse-Grained Spatial Architectures,A5034290853,В. В. Павлов,middle,15
SOSP,2015,W1988150112,Efficient Control and Communication Paradigms for Coarse-Grained Spatial Architectures,A5009749854,Rachid Rayess,middle,15
SOSP,2015,W1988150112,Efficient Control and Communication Paradigms for Coarse-Grained Spatial Architectures,A5053597061,Antonia Zhai,middle,15
SOSP,2015,W1988150112,Efficient Control and Communication Paradigms for Coarse-Grained Spatial Architectures,A5024384625,Joel Emer,last,15
SOSP,2017,W2972670050,"(2+1)-dimensional interface dynamics: mixing time, hydrodynamic limit\n and Anisotropic KPZ growth",A5012730394,Fabio Lucio Toninelli,first,8
SOSP,2017,W2964295897,,A5064637859,Ivan G. Graham,first,54
SOSP,2017,W2964295897,,A5045896084,Frances Y. Kuo,middle,54
SOSP,2017,W2964295897,,A5045125806,Dirk Nuyens,middle,54
SOSP,2017,W2964295897,,A5050544926,Robert Scheichl,middle,54
SOSP,2017,W2964295897,,A5075686837,Ian H. Sloan,last,54
SOSP,2017,W3100671893,\nGames for Bisimulation and Abstraction,A5077617115,David de Frutos Escrig,first,15
SOSP,2017,W3100671893,\nGames for Bisimulation and Abstraction,A5010819147,Jeroen J. A. Keiren,middle,15
SOSP,2017,W3100671893,\nGames for Bisimulation and Abstraction,A5042194099,Tim A. C. Willemse,last,15
STOC,2007,W2073889093,Characterizing and reasoning about probabilistic and non-probabilistic expectation,A5087025582,Joseph Y. Halpern,first,6
STOC,2007,W2073889093,Characterizing and reasoning about probabilistic and non-probabilistic expectation,A5091462128,Riccardo Pucella,last,6
STOC,2007,W2131338348,On the maximum satisfiability of random formulas,A5021300666,Dimitris Achlioptas,first,23
STOC,2007,W2131338348,On the maximum satisfiability of random formulas,A5052985577,Assaf Naor,middle,23
STOC,2007,W2131338348,On the maximum satisfiability of random formulas,A5020836845,Yuval Peres,last,23
STOC,2007,W2026368027,Optimal pants decompositions and shortest homotopic cycles on an orientable surface,A5059014964,Éric Colin de Verdière,first,45
STOC,2007,W2026368027,Optimal pants decompositions and shortest homotopic cycles on an orientable surface,A5044057604,Francis Lazarus,last,45
STOC,2010,W2170632730,A concurrent dual-band doherty power amplifier,A5100331052,Xiang Li,first,44
STOC,2010,W2170632730,A concurrent dual-band doherty power amplifier,A5100766414,Wenhua Chen,middle,44
STOC,2010,W2170632730,A concurrent dual-band doherty power amplifier,A5107143915,Zhijun Zhang,middle,44
STOC,2010,W2170632730,A concurrent dual-band doherty power amplifier,A5049087396,Zhenghe Feng,middle,44
STOC,2010,W2170632730,A concurrent dual-band doherty power amplifier,A5101891560,Xinyi Tang,middle,44
STOC,2010,W2170632730,A concurrent dual-band doherty power amplifier,A5061017975,Koen Mouthaan,last,44
STOC,2010,W2338754720,Lower bound on the weakly connected domination number of a cycledisjoint graph,A5110243069,Khee Meng Koh,first,3
STOC,2010,W2338754720,Lower bound on the weakly connected domination number of a cycledisjoint graph,A5110378609,T. S. Ting,middle,3
STOC,2010,W2338754720,Lower bound on the weakly connected domination number of a cycledisjoint graph,A5045681192,Zihang Xu,middle,3
STOC,2010,W2338754720,Lower bound on the weakly connected domination number of a cycledisjoint graph,A5040286132,Fengming Dong,last,3
STOC,2010,W2185437208,"A Revision Of The Portunus Pelagicus (Linnaeus, 1758) Species Complex (Crustacea: Brachyura: Portunidae), With The Recognition Of Four Species",A5036666523,Joelle C. Y. Lai,first,167
STOC,2010,W2185437208,"A Revision Of The Portunus Pelagicus (Linnaeus, 1758) Species Complex (Crustacea: Brachyura: Portunidae), With The Recognition Of Four Species",A5091244919,Peter K. L. Ng,middle,167
STOC,2010,W2185437208,"A Revision Of The Portunus Pelagicus (Linnaeus, 1758) Species Complex (Crustacea: Brachyura: Portunidae), With The Recognition Of Four Species",A5016537835,Peter J. F. Davie,last,167
STOC,2016,W2964097236,Large gaps between consecutive prime numbers,A5013873679,Kevin Ford,first,44
STOC,2016,W2964097236,Large gaps between consecutive prime numbers,A5100610718,Ben Green,middle,44
STOC,2016,W2964097236,Large gaps between consecutive prime numbers,A5087367773,Sergeĭ Konyagin,middle,44
STOC,2016,W2964097236,Large gaps between consecutive prime numbers,A5066728260,Terence Tao,last,44
STOC,2016,W2559529531,Progression-free sets in $\mathbb{Z}_4^n$ are exponentially small,A5001899130,Ernie Croot,first,109
STOC,2016,W2559529531,Progression-free sets in $\mathbb{Z}_4^n$ are exponentially small,A5009343444,Vsevolod F. Lev,middle,109
STOC,2016,W2559529531,Progression-free sets in $\mathbb{Z}_4^n$ are exponentially small,A5083419958,Péter Pál Pach,last,109
STOC,2016,W1846653373,On the nonexistence of elements of Kervaire invariant one,A5044034295,Michael A. Hill,first,366
STOC,2016,W1846653373,On the nonexistence of elements of Kervaire invariant one,A5059524702,Michael J. Hopkins,middle,366
STOC,2016,W1846653373,On the nonexistence of elements of Kervaire invariant one,A5076662507,Douglas C. Ravenel,last,366
UIST,2013,W2518051191,Application of diazene-directed fragment assembly to the total synthesis and stereochemical assignment of (+)-desmethyl-meso-chimonanthine and related heterodimeric alkaloids,A5080831832,Stephen P. Lathrop,first,0
UIST,2013,W2518051191,Application of diazene-directed fragment assembly to the total synthesis and stereochemical assignment of (+)-desmethyl-meso-chimonanthine and related heterodimeric alkaloids,A5081366480,Mohammad Movassaghi,last,0
UIST,2013,W3012176723,Angular Momentum Generation by Parity Violation,A5100410313,Hong Liu,first,0
UIST,2013,W3012176723,Angular Momentum Generation by Parity Violation,A5005844709,Hirosi Ooguri,middle,0
UIST,2013,W3012176723,Angular Momentum Generation by Parity Violation,A5070124533,Bogdan Stoica,last,0
UIST,2013,W2260666670,Accurate Test of Chiral Dynamics in the [→ over y]p→π[superscript 0]p Reaction,A5103459733,A. M. Bernstein,first,0
UIST,2015,W2257822827,Life at the Local Scale: An alternative perspective on the urban,A5056409436,Michael Smyth,first,0
UIST,2015,W2257822827,Life at the Local Scale: An alternative perspective on the urban,A5042250772,Ingi Helgason,last,0
UIST,2015,W1876999307,Experiences of using Audio Feedback in Engineering Mathematics Modules.,A5012748757,Kate Durkacz,first,0
UIST,2015,W1876999307,Experiences of using Audio Feedback in Engineering Mathematics Modules.,A5081857522,Elaine Mowat,last,0
UIST,2015,W1928773727,Preparing students to face stressful situations in practice.,A5036554460,Mary Fraser,first,0
UIST,2016,W2710522989,A miniature CSTR cascade for continuous flow of reactions containing solids,A5031948547,Yiming Mo,first,0
UIST,2016,W2710522989,A miniature CSTR cascade for continuous flow of reactions containing solids,A5071010920,Klavs F. Jensen,last,0
UIST,2016,W2920360782,A New Lunar Digital Elevation Model from the Lunar Orbiter Laser Altimeter and SELENE Terrain Camera,A5001886502,M. K. Barker,first,0
UIST,2016,W2920360782,A New Lunar Digital Elevation Model from the Lunar Orbiter Laser Altimeter and SELENE Terrain Camera,A5075400563,E. Mazarico,middle,0
UIST,2016,W2920360782,A New Lunar Digital Elevation Model from the Lunar Orbiter Laser Altimeter and SELENE Terrain Camera,A5047333821,G. A. Neumann,middle,0
UIST,2016,W2920360782,A New Lunar Digital Elevation Model from the Lunar Orbiter Laser Altimeter and SELENE Terrain Camera,A5018571347,M. T. Zuber,middle,0
UIST,2016,W2920360782,A New Lunar Digital Elevation Model from the Lunar Orbiter Laser Altimeter and SELENE Terrain Camera,A5036749526,J. Haruyama,middle,0
UIST,2016,W2920360782,A New Lunar Digital Elevation Model from the Lunar Orbiter Laser Altimeter and SELENE Terrain Camera,A5101549575,David H. Smith,middle,0
UIST,2016,W3107197475,"A sodium-ion battery exploiting layered oxide cathode, graphite anode and glyme-based electrolyte",A5077505468,Ivana Hasa,first,0
UIST,2016,W3107197475,"A sodium-ion battery exploiting layered oxide cathode, graphite anode and glyme-based electrolyte",A5112587763,Xinwei Dou,middle,0
UIST,2016,W3107197475,"A sodium-ion battery exploiting layered oxide cathode, graphite anode and glyme-based electrolyte",A5084281925,Daniel Buchholz,middle,0
UIST,2016,W3107197475,"A sodium-ion battery exploiting layered oxide cathode, graphite anode and glyme-based electrolyte",A5100601237,Yang Shao‐Horn,middle,0
UIST,2016,W3107197475,"A sodium-ion battery exploiting layered oxide cathode, graphite anode and glyme-based electrolyte",A5004350204,Jusef Hassoun,middle,0
UIST,2016,W3107197475,"A sodium-ion battery exploiting layered oxide cathode, graphite anode and glyme-based electrolyte",A5080121034,Stefano Passerini,middle,0
UIST,2016,W3107197475,"A sodium-ion battery exploiting layered oxide cathode, graphite anode and glyme-based electrolyte",A5045848593,Bruno Scrosati,last,0
UIST,2017,W2962799130,,A5068016630,Nicolas Broutin,first,0
UIST,2017,W2962799130,,A5043693108,Henning Sulzbach,last,0
UIST,2017,W2775600447,A Berestycki-Lions type results for a class of generalized Kadomtsev-Petviashvili equation,A5004270706,Claudianor O. Alves,first,0
UIST,2017,W2775600447,A Berestycki-Lions type results for a class of generalized Kadomtsev-Petviashvili equation,A5055261386,Olı́mpio H. Miyagaki,middle,0
UIST,2017,W2775600447,A Berestycki-Lions type results for a class of generalized Kadomtsev-Petviashvili equation,A5051867950,Alessio Pomponio,last,0
UIST,2017,W2763696345,A Bayesian inference approach for determining player abilities in soccer,A5047343749,Gavin A. Whitaker,first,1
UIST,2017,W2763696345,A Bayesian inference approach for determining player abilities in soccer,A5100372621,Ricardo Silva,middle,1
UIST,2017,W2763696345,A Bayesian inference approach for determining player abilities in soccer,A5111170481,Daniel Edwards,last,1
UIST,2018,W2889180343,Commentary on Second Homes Tourism and Mobilities Are we breaking free from tradition,A5013455933,Serena Volo,first,2
UIST,2018,W4412274946,"Dialettologia, sociolinguistica e linguistica variazionale: Présentation",A5055627453,Jan Lindschouw,first,0
UIST,2018,W4412274946,"Dialettologia, sociolinguistica e linguistica variazionale: Présentation",A5057365089,Paul Videsott,middle,0
UIST,2018,W4412274946,"Dialettologia, sociolinguistica e linguistica variazionale: Présentation",A5017812909,Ugo Vignuzzi,last,0
UIST,2018,W3009458490,Community Based Solidarity Economy and Eco-Social Transformation,A5067076053,Susanne Elsen,first,0
VLDB,2005,W2103834747,XQuery implementation in a relational database system,A5109859454,Shankar Pal,first,61
VLDB,2005,W2103834747,XQuery implementation in a relational database system,A5075040616,Istvan Cseri,middle,61
VLDB,2005,W2103834747,XQuery implementation in a relational database system,A5047500047,Oliver Seeliger,middle,61
VLDB,2005,W2103834747,XQuery implementation in a relational database system,A5110197580,Michael Rys,middle,61
VLDB,2005,W2103834747,XQuery implementation in a relational database system,A5018979151,Gideon Schaller,middle,61
VLDB,2005,W2103834747,XQuery implementation in a relational database system,A5002139930,Wei Yu,middle,61
VLDB,2005,W2103834747,XQuery implementation in a relational database system,A5038188843,Dragan Tomic,middle,61
VLDB,2005,W2103834747,XQuery implementation in a relational database system,A5027803599,Adrian Baras,middle,61
VLDB,2005,W2103834747,XQuery implementation in a relational database system,A5053439365,Brandon Berg,middle,61
VLDB,2005,W2103834747,XQuery implementation in a relational database system,A5018809254,Denis Churin,middle,61
VLDB,2005,W2103834747,XQuery implementation in a relational database system,A5075871491,Eugene Kogan,last,61
VLDB,2005,W1559437623,StreamGlobe : processing and sharing data streams in grid-based P2P infrastructures,A5022616340,Richard Kuntschke,first,48
VLDB,2005,W1559437623,StreamGlobe : processing and sharing data streams in grid-based P2P infrastructures,A5046853549,Bernhard Stegmaier,middle,48
VLDB,2005,W1559437623,StreamGlobe : processing and sharing data streams in grid-based P2P infrastructures,A5105817801,Alfons Kemper,middle,48
VLDB,2005,W1559437623,StreamGlobe : processing and sharing data streams in grid-based P2P infrastructures,A5026572127,Angelika Reiser,last,48
VLDB,2005,W2108075439,Approximate joins: concepts and techniques,A5035257754,Nick Koudas,first,29
VLDB,2005,W2108075439,Approximate joins: concepts and techniques,A5088315797,Divesh Srivastava,last,29
VLDB,2006,W2119050385,A dip in the reservoir: maintaining sample synopses of evolving datasets,A5041227178,Rainer Gemulla,first,47
VLDB,2006,W2119050385,A dip in the reservoir: maintaining sample synopses of evolving datasets,A5063512642,Wolfgang Lehner,middle,47
VLDB,2006,W2119050385,A dip in the reservoir: maintaining sample synopses of evolving datasets,A5090729930,Peter J. Haas,last,47
VLDB,2006,W2090682579,IO-Top-k: index-access optimized top-k query processing,A5113677058,Holger Bast,first,133
VLDB,2006,W2090682579,IO-Top-k: index-access optimized top-k query processing,A5110446128,Debapriyo Majumdar,middle,133
VLDB,2006,W2090682579,IO-Top-k: index-access optimized top-k query processing,A5049745760,Ralf Schenkel,middle,133
VLDB,2006,W2090682579,IO-Top-k: index-access optimized top-k query processing,A5060837952,Martin Theobald,middle,133
VLDB,2006,W2090682579,IO-Top-k: index-access optimized top-k query processing,A5088135366,Gerhard Weikum,last,133
VLDB,2006,W2121755841,POP/FED: progressive query optimization for federated queries in DB2,A5049051678,Holger Kache,first,18
VLDB,2006,W2121755841,POP/FED: progressive query optimization for federated queries in DB2,A5035744252,Wook-Shin Han,middle,18
VLDB,2006,W2121755841,POP/FED: progressive query optimization for federated queries in DB2,A5002413906,Volker Markl,middle,18
VLDB,2006,W2121755841,POP/FED: progressive query optimization for federated queries in DB2,A5103997746,Vijayshankar Raman,middle,18
VLDB,2006,W2121755841,POP/FED: progressive query optimization for federated queries in DB2,A5036482272,Stephan Ewen,last,18
VLDB,2009,W2030185169,Revisiting the cube lifecycle in the presence of hierarchies,A5062680180,Konstantinos Morfonios,first,1
VLDB,2009,W2030185169,Revisiting the cube lifecycle in the presence of hierarchies,A5084870386,Yannis Ioannidis,last,1
VLDB,2009,W2148858739,Anytime measures for top-k algorithms on exact and fuzzy data sets,A5008031008,Benjamin Arai,first,19
VLDB,2009,W2148858739,Anytime measures for top-k algorithms on exact and fuzzy data sets,A5002203026,Gautam Das,middle,19
VLDB,2009,W2148858739,Anytime measures for top-k algorithms on exact and fuzzy data sets,A5063685438,Dimitrios Gunopulos,middle,19
VLDB,2009,W2148858739,Anytime measures for top-k algorithms on exact and fuzzy data sets,A5035257754,Nick Koudas,last,19
VLDB,2009,W2070928147,Analysis and evaluation of V*-kNN: an efficient algorithm for moving kNN queries,A5071030042,Sarana Nutanong,first,39
VLDB,2009,W2070928147,Analysis and evaluation of V*-kNN: an efficient algorithm for moving kNN queries,A5100422092,Rui Zhang,middle,39
VLDB,2009,W2070928147,Analysis and evaluation of V*-kNN: an efficient algorithm for moving kNN queries,A5035347745,Egemen Tanin,middle,39
VLDB,2009,W2070928147,Analysis and evaluation of V*-kNN: an efficient algorithm for moving kNN queries,A5102773565,Lars Kulik,last,39
VLDB,2010,W2130608682,Structural consistency: enabling XML keyword search to eliminate spurious results consistently,A5091742813,Kihoon Lee,first,11
VLDB,2010,W2130608682,Structural consistency: enabling XML keyword search to eliminate spurious results consistently,A5021272202,Kyu-Young Whang,middle,11
VLDB,2010,W2130608682,Structural consistency: enabling XML keyword search to eliminate spurious results consistently,A5035744252,Wook-Shin Han,middle,11
VLDB,2010,W2130608682,Structural consistency: enabling XML keyword search to eliminate spurious results consistently,A5100362684,Minsoo Kim,last,11
VLDB,2010,W2162722036,Log-based middleware server recovery with transaction support,A5100431222,Rui Wang,first,4
VLDB,2010,W2162722036,Log-based middleware server recovery with transaction support,A5053141494,Betty Salzberg,middle,4
VLDB,2010,W2162722036,Log-based middleware server recovery with transaction support,A5009686443,David Lomet,last,4
VLDB,2010,W2085044339,Speed up kernel discriminant analysis,A5037942269,Deng Cai,first,208
VLDB,2010,W2085044339,Speed up kernel discriminant analysis,A5102013345,Xiaofei He,middle,208
VLDB,2010,W2085044339,Speed up kernel discriminant analysis,A5019539533,Jiawei Han,last,208
VLDB,2011,W1974932383,Elastic SI-Cache: consistent and scalable caching in multi-tier architectures,A5011818844,Francisco Perez-Sorrosal,first,28
VLDB,2011,W1974932383,Elastic SI-Cache: consistent and scalable caching in multi-tier architectures,A5108531115,Marta Patiño-Martı́nez,middle,28
VLDB,2011,W1974932383,Elastic SI-Cache: consistent and scalable caching in multi-tier architectures,A5033744944,Ricardo Jiménez,middle,28
VLDB,2011,W1974932383,Elastic SI-Cache: consistent and scalable caching in multi-tier architectures,A5000301016,Bettina Kemme,last,28
VLDB,2011,W2145459259,Design by example for SQL table definitions with functional dependencies,A5103092450,Sven Hartmann,first,53
VLDB,2011,W2145459259,Design by example for SQL table definitions with functional dependencies,A5033274035,Markus Kirchberg,middle,53
VLDB,2011,W2145459259,Design by example for SQL table definitions with functional dependencies,A5069839542,Sebastian Link,last,53
VLDB,2011,W2999860620,Normalization and optimization of schema mappings,A5050151740,Georg Gottlob,first,13
VLDB,2011,W2999860620,Normalization and optimization of schema mappings,A5091683403,Reinhard Pichler,middle,13
VLDB,2011,W2999860620,Normalization and optimization of schema mappings,A5038696353,Vadim Savenkov,last,13
VLDB,2012,W2155196944,Auditing a database under retention policies,A5061441984,Wentian Lu,first,13
VLDB,2012,W2155196944,Auditing a database under retention policies,A5036518572,Gerome Miklau,middle,13
VLDB,2012,W2155196944,Auditing a database under retention policies,A5053065200,Neil Immerman,last,13
VLDB,2012,W1992416685,Lindex: a lattice-based index for graph databases,A5051925673,Dayu Yuan,first,29
VLDB,2012,W1992416685,Lindex: a lattice-based index for graph databases,A5009542542,Prasenjit Mitra,last,29
VLDB,2012,W2114541504,"OXPath: A language for scalable data extraction, automation, and crawling on the deep web",A5113511969,Tim Furche,first,73
VLDB,2012,W2114541504,"OXPath: A language for scalable data extraction, automation, and crawling on the deep web",A5050151740,Georg Gottlob,middle,73
VLDB,2012,W2114541504,"OXPath: A language for scalable data extraction, automation, and crawling on the deep web",A5036346128,Giovanni Grasso,middle,73
VLDB,2012,W2114541504,"OXPath: A language for scalable data extraction, automation, and crawling on the deep web",A5051365299,Christian Schallhart,middle,73
VLDB,2012,W2114541504,"OXPath: A language for scalable data extraction, automation, and crawling on the deep web",A5001911595,Andrew Sellers,last,73
VLDB,2013,W2094308804,Counting and sampling triangles from a graph stream,A5112023986,A. Pavan,first,197
VLDB,2013,W2094308804,Counting and sampling triangles from a graph stream,A5054849628,Kanat Tangwongsan,middle,197
VLDB,2013,W2094308804,Counting and sampling triangles from a graph stream,A5047034711,Srikanta Tirthapura,middle,197
VLDB,2013,W2094308804,Counting and sampling triangles from a graph stream,A5009103211,Kun‐Lung Wu,last,197
VLDB,2013,W2253095715,An approach towards the study of symmetric queries,A5016874794,Marc Gyssens,first,3
VLDB,2013,W2253095715,An approach towards the study of symmetric queries,A5079333668,Jan Paredaens,middle,3
VLDB,2013,W2253095715,An approach towards the study of symmetric queries,A5110598353,Dirk Van Gucht,middle,3
VLDB,2013,W2253095715,An approach towards the study of symmetric queries,A5058654623,Jef Wijsen,middle,3
VLDB,2013,W2253095715,An approach towards the study of symmetric queries,A5047960393,Yuqing Wu,last,3
VLDB,2013,W2047128326,EagleTree,A5003707725,Niv Dayan,first,26
VLDB,2013,W2047128326,EagleTree,A5031015602,Martin Kjær Svendsen,middle,26
VLDB,2013,W2047128326,EagleTree,A5007900296,Matias Bjørling,middle,26
VLDB,2013,W2047128326,EagleTree,A5079584430,Philippe Bonnet,middle,26
VLDB,2013,W2047128326,EagleTree,A5084985579,Luc Bouganim,last,26
VLDB,2014,W1597017619,epiC,A5077156448,Dawei Jiang,first,66
VLDB,2014,W1597017619,epiC,A5011070866,Gang Chen,middle,66
VLDB,2014,W1597017619,epiC,A5024892041,Beng Chin Ooi,middle,66
VLDB,2014,W1597017619,epiC,A5077593594,Kian‐Lee Tan,middle,66
VLDB,2014,W1597017619,epiC,A5064646829,Sai Wu,last,66
VLDB,2014,W2296194724,Getting your big data priorities straight,A5100422092,Rui Zhang,first,10
VLDB,2014,W2296194724,Getting your big data priorities straight,A5081679946,Reshu Jain,middle,10
VLDB,2014,W2296194724,Getting your big data priorities straight,A5050010930,Prasenjit Sarkar,middle,10
VLDB,2014,W2296194724,Getting your big data priorities straight,A5049824486,Lukas Rupprecht,last,10
VLDB,2014,W2095779006,Chimera,A5101592963,Chong Sun,first,88
VLDB,2014,W2095779006,Chimera,A5024030198,Narasimhan Rampalli,middle,88
VLDB,2014,W2095779006,Chimera,A5072623685,Frank Yang,middle,88
VLDB,2014,W2095779006,Chimera,A5110256670,AnHai Doan,last,88
VLDB,2017,W2752203301,Explaining and querying knowledge graphs by relatedness,A5022322296,Valeria Fionda,first,9
VLDB,2017,W2752203301,Explaining and querying knowledge graphs by relatedness,A5086627069,Giuseppe Pirrò,last,9
VLDB,2017,W2752723376,Fiber-based architecture for NFV cloud databases,A5041737153,Vaidas Gasiūnas,first,8
VLDB,2017,W2752723376,Fiber-based architecture for NFV cloud databases,A5074957674,David Domínguez-Sal,middle,8
VLDB,2017,W2752723376,Fiber-based architecture for NFV cloud databases,A5016275191,Ralph Acker,middle,8
VLDB,2017,W2752723376,Fiber-based architecture for NFV cloud databases,A5062219801,Aharon Avitzur,middle,8
VLDB,2017,W2752723376,Fiber-based architecture for NFV cloud databases,A5067558951,И. Е. Бронштейн,middle,8
VLDB,2017,W2752723376,Fiber-based architecture for NFV cloud databases,A5062546146,Alexander M. Rush,middle,8
VLDB,2017,W2752723376,Fiber-based architecture for NFV cloud databases,A5074840748,Eli Ginot,middle,8
VLDB,2017,W2752723376,Fiber-based architecture for NFV cloud databases,A5090348079,Norbert Martínez-Bazán,middle,8
VLDB,2017,W2752723376,Fiber-based architecture for NFV cloud databases,A5017306399,Michael Müller,middle,8
VLDB,2017,W2752723376,Fiber-based architecture for NFV cloud databases,A5107876447,Alexander Nozdrin,middle,8
VLDB,2017,W2752723376,Fiber-based architecture for NFV cloud databases,A5046166254,Weijie Ou,middle,8
VLDB,2017,W2752723376,Fiber-based architecture for NFV cloud databases,A5033978067,Nir Pachter,middle,8
VLDB,2017,W2752723376,Fiber-based architecture for NFV cloud databases,A5064859510,Dima Sivov,middle,8
VLDB,2017,W2752723376,Fiber-based architecture for NFV cloud databases,A5035050131,Eliezer Levy,last,8
VLDB,2017,W2751600782,Distributed trajectory similarity search,A5101871030,Dong Xie,first,130
VLDB,2017,W2751600782,Distributed trajectory similarity search,A5100450470,Feifei Li,middle,130
VLDB,2017,W2751600782,Distributed trajectory similarity search,A5017619650,Jeff M. Phillips,last,130
WWW,2000,W2033398599,A cost-effective approximation for SRD traffic in arbitrary multi-buffered networks,A5108393089,Demetres D. Kouvatsos,first,16
WWW,2000,W2033398599,A cost-effective approximation for SRD traffic in arbitrary multi-buffered networks,A5062402324,Irfan Awan,middle,16
WWW,2000,W2033398599,A cost-effective approximation for SRD traffic in arbitrary multi-buffered networks,A5012657395,Rod J. Fretwell,middle,16
WWW,2000,W2033398599,A cost-effective approximation for SRD traffic in arbitrary multi-buffered networks,A5111707443,George Dimakopoulos,last,16
WWW,2000,W1981967656,Internet electronic product catalogs: an approach beyond simple keywords and multimedia,A5036393144,Katarina Stanoevska‐Slabeva,first,32
WWW,2000,W1981967656,Internet electronic product catalogs: an approach beyond simple keywords and multimedia,A5060198690,Beat Schmid,last,32
WWW,2000,W2037009600,Future wireless networks,A5069586556,Luigi Logrippo,first,0
WWW,2000,W2037009600,Future wireless networks,A5049922699,John Visser,last,0
WWW,2003,W233847721,Critiquing Nursing Research - 1st Edition,A5105685190,John R. Cutcliffe,first,0
WWW,2003,W233847721,Critiquing Nursing Research - 1st Edition,A5111863007,Martin Ward,last,0
WWW,2003,W52199716,Hunting for Everyday History: Introduction,A5071118328,Marjorie L McLellan,first,0
WWW,2003,W296260267,Applying the Abstraction Hierarchy to the Aircraft Manual Control Task,A5105541964,Matthijs Amelink,first,7
WWW,2003,W296260267,Applying the Abstraction Hierarchy to the Aircraft Manual Control Task,A5026899611,M. M. van Paassen,middle,7
WWW,2003,W296260267,Applying the Abstraction Hierarchy to the Aircraft Manual Control Task,A5001682481,Max Mulder,middle,7
WWW,2003,W296260267,Applying the Abstraction Hierarchy to the Aircraft Manual Control Task,A5091037083,John M. Flach,last,7
WWW,2014,W4412285167,Counter-Democratic Surveillance: The Watchful Eye of a Local Institution,A5037912411,Morten Hjelholt,first,0
WWW,2014,W4412285547,"Graeme Kirkpatrick, Aesthetic Theory and the Video Game",A5010167112,Torill Elvira Mortensen,first,0
WWW,2014,W9039887,Communicating Ideas Purposefully - Toward a Design Theory of Innovation Artifacts,A5026073769,Raffaele Ciriello,first,6
WWW,2014,W9039887,Communicating Ideas Purposefully - Toward a Design Theory of Innovation Artifacts,A5005606525,Felix-Robinson Aschoff,middle,6
WWW,2014,W9039887,Communicating Ideas Purposefully - Toward a Design Theory of Innovation Artifacts,A5028332151,Mateusz Dolata,middle,6
WWW,2014,W9039887,Communicating Ideas Purposefully - Toward a Design Theory of Innovation Artifacts,A5061717541,Alexander Richter,last,6
