author_id,award_year,pre_pubs,post_pubs,pre_cits,post_cits,pub_lift,cit_lift,conference,author_position,group
A5000009841,2018,2.2,5.4,129.2,42.6,3.2,-86.6,OSDI,first,nonaward
A5000026575,2018,5.8,6.2,241.8,5315.4,0.40000000000000036,5073.599999999999,ACL,middle,nonaward
A5000026575,2018,5.8,6.2,241.8,5315.4,0.40000000000000036,5073.599999999999,ICML,middle,nonaward
A5000026575,2018,5.8,6.2,241.8,5315.4,0.40000000000000036,5073.599999999999,ICSE,middle,nonaward
A5000026575,2018,5.8,6.2,241.8,5315.4,0.40000000000000036,5073.599999999999,IJCAI,middle,nonaward
A5000026575,2018,5.8,6.2,241.8,5315.4,0.40000000000000036,5073.599999999999,KDD,middle,nonaward
A5000026575,2018,5.8,6.2,241.8,5315.4,0.40000000000000036,5073.599999999999,NeurIPS,middle,nonaward
A5000141065,2017,8.2,9.4,674.0,173.0,1.200000000000001,-501.0,VLDB,middle,nonaward
A5000152601,2015,0.4,0.0,15.8,0.0,-0.4,-15.8,S&P,first,nonaward
A5000168797,2011,52.6,80.0,2243.8,5585.2,27.4,3341.3999999999996,IJCAI,middle,nonaward
A5000189617,2003,0.0,1.0,0.0,41.0,1.0,41.0,SOSP,middle,nonaward
A5000194562,2008,0.0,3.0,0.0,85.6,3.0,85.6,S&P,last,nonaward
A5000256641,2017,2.6,3.4,139.8,85.2,0.7999999999999998,-54.60000000000001,ICCV,middle,nonaward
A5000256641,2017,2.6,3.4,139.8,85.2,0.7999999999999998,-54.60000000000001,S&P,middle,nonaward
A5000294737,2016,2.2,3.8,319.6,132.4,1.5999999999999996,-187.20000000000002,IJCAI,middle,nonaward
A5000308912,2013,0.8,2.0,32.0,222.0,1.2,190.0,ICSE,first,nonaward
A5000327528,2012,25.4,31.4,1131.8,697.4,6.0,-434.4,AAAI,middle,nonaward
A5000371569,2015,0.0,1.4,0.0,11.0,1.4,11.0,PODS,middle,nonaward
A5000435983,2018,1.4,1.6,142.4,10.8,0.20000000000000018,-131.6,OSDI,middle,nonaward
A5000576164,2016,8.2,6.8,141.0,157.0,-1.3999999999999995,16.0,IJCAI,first,nonaward
A5000621430,2010,3.2,4.6,88.2,90.2,1.3999999999999995,2.0,VLDB,first,nonaward
A5000650022,2016,0.8,1.2,53.2,19.6,0.3999999999999999,-33.6,OSDI,middle,nonaward
A5000867187,2002,1.8,7.4,24.0,113.8,5.6000000000000005,89.8,FOCS,middle,nonaward
A5000947547,2010,11.6,10.6,205.2,203.8,-1.0,-1.3999999999999773,CIKM,last,nonaward
A5000953773,2011,0.0,0.0,0.0,0.0,0.0,0.0,CHI,first,nonaward
A5000977391,2004,3.4,6.8,466.0,275.4,3.4,-190.60000000000002,OSDI,first,nonaward
A5001035442,2003,1.4,8.2,113.6,987.2,6.799999999999999,873.6,FOCS,middle,nonaward
A5001035442,2007,6.4,12.0,828.8,625.8,5.6,-203.0,STOC,middle,nonaward
A5001136426,2014,3.2,4.6,314.8,193.4,1.3999999999999995,-121.4,SODA,middle,nonaward
A5001191744,2010,2.6,0.2,114.0,14.6,-2.4,-99.4,VLDB,middle,nonaward
A5001203216,2008,0.0,0.0,0.0,0.0,0.0,0.0,CHI,first,nonaward
A5001303489,2004,5.0,3.4,436.8,114.2,-1.6,-322.6,ACL,last,nonaward
A5001594573,2001,9.8,18.8,4464.2,6439.4,9.0,1975.1999999999998,ICCV,last,nonaward
A5001597905,2015,2.6,1.0,100.0,60.2,-1.6,-39.8,SOSP,first,nonaward
A5001682167,2014,5.6,9.4,441.2,217.8,3.8000000000000007,-223.39999999999998,SODA,middle,nonaward
A5001953637,2011,1.8,2.6,70.2,57.0,0.8,-13.200000000000003,AAAI,middle,nonaward
A5001997252,2009,0.6,1.0,0.8,8.0,0.4,7.2,S&P,middle,nonaward
A5002059431,2003,0.2,4.8,1.4,877.0,4.6,875.6,SOSP,last,nonaward
A5002059431,2008,5.4,5.0,2386.4,154.0,-0.40000000000000036,-2232.4,NSDI,last,nonaward
A5002060759,2017,3.0,8.8,54.4,204.2,5.800000000000001,149.79999999999998,VLDB,first,nonaward
A5002114513,2018,8.8,3.8,226.4,107.2,-5.000000000000001,-119.2,SODA,middle,nonaward
A5002177924,2011,56.6,136.6,2778.8,11059.6,80.0,8280.8,IJCAI,middle,nonaward
A5002180750,2002,2.4,1.4,9.8,3.0,-1.0,-6.800000000000001,FOCS,first,nonaward
A5002208831,2012,6.0,5.4,142.0,69.6,-0.5999999999999996,-72.4,SODA,middle,nonaward
A5002375662,2004,14.6,8.0,363.6,220.6,-6.6,-143.00000000000003,AAAI,first,nonaward
A5002431770,2014,4.4,10.6,65.4,830.4,6.199999999999999,765.0,NeurIPS,last,nonaward
A5002525752,2016,0.0,1.4,0.0,15.4,1.4,15.4,CHI,middle,nonaward
A5002623098,2018,2.4,7.4,39.4,41.8,5.0,2.3999999999999986,OSDI,middle,nonaward
A5002754414,2018,21.8,8.8,308.4,102.0,-13.0,-206.39999999999998,SODA,middle,nonaward
A5003076118,2015,0.0,0.4,0.0,15.0,0.4,15.0,SOSP,middle,nonaward
A5003225722,2016,6.0,0.8,119.4,1.8,-5.2,-117.60000000000001,UIST,middle,nonaward
A5003327487,2017,5.8,6.0,127.0,181.4,0.20000000000000018,54.400000000000006,ICCV,middle,nonaward
A5003327487,2017,5.8,6.0,127.0,181.4,0.20000000000000018,54.400000000000006,S&P,middle,nonaward
A5003562101,2015,7.0,19.4,5460.2,12189.2,12.399999999999999,6729.000000000001,NeurIPS,first,nonaward
A5003568875,2011,33.0,20.6,1652.0,787.2,-12.399999999999999,-864.8,IJCAI,middle,nonaward
A5003742829,2011,3.8,4.2,126.2,353.4,0.40000000000000036,227.2,IJCAI,middle,nonaward
A5003943585,2018,2.8,3.0,49.0,27.2,0.20000000000000018,-21.8,SODA,middle,nonaward
A5003985505,2011,3.8,3.2,570.0,127.8,-0.5999999999999996,-442.2,CVPR,first,nonaward
A5003998207,2011,5.0,7.2,372.2,396.8,2.2,24.600000000000023,IJCAI,middle,nonaward
A5004031088,2018,45.8,51.4,3647.6,1712.4,5.600000000000001,-1935.1999999999998,MOBICOM,middle,nonaward
A5004083108,2013,4.4,5.8,90.6,5589.2,1.3999999999999995,5498.599999999999,AAAI,last,nonaward
A5004134215,2018,15.4,17.0,581.0,428.0,1.5999999999999996,-153.0,SODA,middle,nonaward
A5004235109,2017,5.0,5.6,255.4,285.0,0.5999999999999996,29.599999999999994,ICCV,middle,nonaward
A5004235109,2017,5.0,5.6,255.4,285.0,0.5999999999999996,29.599999999999994,S&P,middle,nonaward
A5004386681,2016,1.2,0.6,825.2,11.4,-0.6,-813.8000000000001,OSDI,middle,nonaward
A5004535565,2004,2.6,4.6,40.6,112.6,1.9999999999999996,72.0,ACL,first,nonaward
A5004629670,2011,0.4,2.2,13.6,147.6,1.8000000000000003,134.0,ACL,first,nonaward
A5004650249,2016,2.2,7.0,19.0,3082.6,4.8,3063.6,OSDI,middle,nonaward
A5004685876,2015,0.0,0.2,0.0,1.2,0.2,1.2,FSE,middle,nonaward
A5004717608,2016,1.4,6.4,45.4,124.0,5.0,78.6,UIST,first,nonaward
A5004857788,2006,1.2,3.2,93.0,523.8,2.0,430.79999999999995,VLDB,middle,nonaward
A5004921249,2003,2.8,9.8,446.8,1058.4,7.000000000000001,611.6000000000001,IJCAI,middle,nonaward
A5004921249,2007,7.6,14.2,2333.4,952.2,6.6,-1381.2,ACL,last,nonaward
A5004930941,2017,6.8,7.4,162.2,164.6,0.6000000000000005,2.4000000000000057,ICCV,middle,nonaward
A5004930941,2017,6.8,7.4,162.2,164.6,0.6000000000000005,2.4000000000000057,S&P,middle,nonaward
A5004949920,2018,7.4,11.4,887.0,205.6,4.0,-681.4,MOBICOM,middle,nonaward
A5005051998,2018,37.2,30.0,1454.0,937.4,-7.200000000000003,-516.6,SODA,middle,nonaward
A5005110375,2007,2.6,3.4,228.2,33.6,0.7999999999999998,-194.6,SOSP,middle,nonaward
A5005192326,2014,2.6,4.6,17.0,35.0,1.9999999999999996,18.0,WWW,first,nonaward
A5005263992,2004,1.2,1.6,19.0,72.0,0.40000000000000013,53.0,ACL,first,nonaward
A5005340983,2006,3.6,4.2,427.0,813.6,0.6000000000000001,386.6,CVPR,middle,nonaward
A5005354721,2004,3.8,1.8,332.2,11.8,-1.9999999999999998,-320.4,OSDI,middle,nonaward
A5005482536,2015,0.4,0.2,2.0,0.6,-0.2,-1.4,PODS,middle,nonaward
A5005526984,2018,25.8,7.8,966.0,80.0,-18.0,-886.0,SODA,middle,nonaward
A5005554337,2008,1.2,8.0,81.2,6259.6,6.8,6178.400000000001,OSDI,first,nonaward
A5005679152,2017,2.0,10.6,100.4,292.8,8.6,192.4,ICCV,middle,nonaward
A5005679152,2017,2.0,10.6,100.4,292.8,8.6,192.4,S&P,middle,nonaward
A5005694941,2012,8.8,22.4,712.6,1200.2,13.599999999999998,487.6,ICML,middle,nonaward
A5005764203,2004,8.6,8.8,543.4,676.4,0.20000000000000107,133.0,OSDI,middle,nonaward
A5005764203,2007,7.4,19.4,361.6,1733.4,11.999999999999998,1371.8000000000002,SOSP,first,nonaward
A5005847882,2017,12.2,16.0,417.2,365.0,3.8000000000000007,-52.19999999999999,VLDB,last,nonaward
A5005848976,2015,5.8,10.2,322.2,251.4,4.3999999999999995,-70.79999999999998,PODS,middle,nonaward
A5005864661,2013,3.0,0.8,1255.2,32.0,-2.2,-1223.2,UIST,first,nonaward
A5005883880,2003,0.0,1.2,0.0,49.8,1.2,49.8,SOSP,middle,nonaward
A5005925571,2018,3.4,10.8,1404.2,269.4,7.4,-1134.8000000000002,AAAI,middle,nonaward
A5005967077,2017,20.2,29.2,979.0,580.4,9.0,-398.6,ICCV,middle,nonaward
A5005967077,2017,20.2,29.2,979.0,580.4,9.0,-398.6,S&P,middle,nonaward
A5005967499,2017,24.2,32.6,781.4,510.0,8.400000000000002,-271.4,ICCV,middle,nonaward
A5005967499,2017,24.2,32.6,781.4,510.0,8.400000000000002,-271.4,S&P,middle,nonaward
A5006074687,2017,1.8,4.8,92.8,106.6,3.0,13.799999999999997,ICCV,middle,nonaward
A5006074687,2017,1.8,4.8,92.8,106.6,3.0,13.799999999999997,S&P,middle,nonaward
A5006080834,2010,0.2,0.4,0.0,0.0,0.2,0.0,CIKM,last,nonaward
A5006100199,2018,2.4,2.8,53.4,32.6,0.3999999999999999,-20.799999999999997,SODA,middle,nonaward
A5006266975,2016,0.4,3.8,1.4,168.4,3.4,167.0,CHI,last,nonaward
A5006356937,2016,4.2,7.4,68.4,167.4,3.2,99.0,UIST,first,nonaward
A5006380227,2016,13.2,19.2,1972.6,11641.8,6.0,9669.199999999999,ICSE,middle,nonaward
A5006607273,2010,1.4,4.0,31.4,97.2,2.6,65.80000000000001,CIKM,middle,nonaward
A5006661722,2015,12.8,28.8,796.4,888.8,16.0,92.39999999999998,PODS,middle,nonaward
A5006681132,2010,7.6,4.6,952.4,62.0,-3.0,-890.4,VLDB,middle,nonaward
A5006700393,2011,0.0,2.4,0.0,85.2,2.4,85.2,CHI,last,nonaward
A5006794669,2016,15.6,20.8,354.2,369.6,5.200000000000001,15.400000000000034,IJCAI,last,nonaward
A5006837188,2011,1.6,4.8,230.4,182.8,3.1999999999999997,-47.599999999999994,IJCAI,middle,nonaward
A5007063168,2018,61.0,26.4,2987.6,834.6,-34.6,-2153.0,SODA,last,nonaward
A5007124763,2012,6.8,13.6,287.0,576.2,6.8,289.20000000000005,VLDB,middle,nonaward
A5007368382,2003,5.4,11.0,364.2,1380.0,5.6,1015.8,FOCS,last,nonaward
A5007368382,2007,17.2,9.8,664.6,207.0,-7.399999999999999,-457.6,STOC,last,nonaward
A5007444897,2017,0.4,0.6,6.4,11.8,0.19999999999999996,5.4,ICCV,middle,nonaward
A5007444897,2017,0.4,0.6,6.4,11.8,0.19999999999999996,5.4,S&P,middle,nonaward
A5007560593,2011,1.6,0.8,352.8,0.0,-0.8,-352.8,CVPR,middle,nonaward
A5007685597,2018,18.0,19.2,543.6,287.4,1.1999999999999993,-256.20000000000005,SODA,middle,nonaward
A5007751344,2011,8.2,4.4,21.2,91.0,-3.799999999999999,69.8,IJCAI,last,nonaward
A5007925027,2011,102.2,264.8,7060.0,22166.8,162.60000000000002,15106.8,IJCAI,middle,nonaward
A5007985109,2011,12.6,17.6,3101.4,2266.4,5.000000000000002,-835.0,IJCAI,middle,nonaward
A5007994419,2015,3.0,4.0,64.6,23.2,1.0,-41.39999999999999,SOSP,middle,nonaward
A5008059820,2011,2.2,79.0,36.4,4170.2,76.8,4133.8,IJCAI,middle,nonaward
A5008222900,2015,3.8,4.2,23.0,37.8,0.40000000000000036,14.799999999999997,S&P,first,nonaward
A5008259889,2016,4.0,4.6,2433.2,487.8,0.5999999999999996,-1945.3999999999999,ICML,middle,nonaward
A5008273580,2011,1.8,15.2,123.2,3627.8,13.399999999999999,3504.6000000000004,IJCAI,middle,nonaward
A5008366952,2016,0.0,2.2,0.0,52.0,2.2,52.0,OSDI,middle,nonaward
A5008442348,2006,4.0,12.0,166.6,489.4,8.0,322.79999999999995,SIGMOD,first,nonaward
A5008448494,2018,0.8,4.2,9.8,68.0,3.4000000000000004,58.2,OSDI,middle,nonaward
A5008547462,2012,14.6,24.2,328.8,628.4,9.6,299.59999999999997,ICML,middle,nonaward
A5008584768,2003,0.4,1.6,34.8,154.2,1.2000000000000002,119.39999999999999,IJCAI,middle,nonaward
A5008597537,2015,0.0,0.0,0.0,0.0,0.0,0.0,PODS,middle,nonaward
A5008668830,2017,2.8,8.8,26.6,263.8,6.000000000000001,237.20000000000002,ICCV,middle,nonaward
A5008668830,2017,2.8,8.8,26.6,263.8,6.000000000000001,237.20000000000002,S&P,middle,nonaward
A5008678740,2013,7.0,11.6,126.6,445.4,4.6,318.79999999999995,CHI,middle,nonaward
A5008689083,2007,10.4,15.2,753.6,461.8,4.799999999999999,-291.8,STOC,first,nonaward
A5008715111,2011,10.2,9.0,933.0,867.2,-1.1999999999999993,-65.79999999999995,AAAI,last,nonaward
A5008715111,2013,7.8,11.4,565.8,736.4,3.6000000000000005,170.60000000000002,AAAI,middle,nonaward
A5008806543,2004,7.8,8.4,1662.2,363.8,0.6000000000000005,-1298.4,OSDI,middle,nonaward
A5009035775,2017,0.2,0.0,0.0,0.0,-0.2,0.0,PLDI,middle,nonaward
A5009128820,2000,16.2,24.2,621.2,1355.6,8.0,734.3999999999999,AAAI,last,nonaward
A5009248582,2011,5.2,7.2,614.8,72.4,2.0,-542.4,VLDB,middle,nonaward
A5009362952,2014,5.4,13.6,388.8,530.8,8.2,141.99999999999994,NeurIPS,middle,nonaward
A5009510257,2016,0.0,1.0,0.0,22.4,1.0,22.4,OSDI,middle,nonaward
A5009711392,2018,5.0,6.6,324.8,95.8,1.5999999999999996,-229.0,SODA,middle,nonaward
A5009722403,2007,10.0,16.0,1260.0,852.0,6.0,-408.0,AAAI,last,nonaward
A5009744002,2014,0.0,0.0,0.0,0.0,0.0,0.0,SODA,middle,nonaward
A5009876111,2017,2.0,4.6,1147.4,749.8,2.5999999999999996,-397.60000000000014,SIGIR,middle,nonaward
A5009879346,2014,3.2,1.4,288.8,91.0,-1.8000000000000003,-197.8,NeurIPS,middle,nonaward
A5009913852,2008,0.8,0.8,42.0,330.6,0.0,288.6,AAAI,middle,nonaward
A5010087030,2018,11.2,53.6,1925.2,3410.6,42.400000000000006,1485.3999999999999,AAAI,last,nonaward
A5010088368,2007,0.0,0.0,0.0,0.0,0.0,0.0,ICSE,middle,nonaward
A5010114060,2010,20.6,13.0,385.4,325.6,-7.600000000000001,-59.799999999999955,CIKM,middle,nonaward
A5010114060,2011,21.6,11.2,426.4,259.0,-10.400000000000002,-167.39999999999998,VLDB,middle,nonaward
A5010150737,2013,13.6,7.6,1247.8,500.6,-6.0,-747.1999999999999,CHI,middle,nonaward
A5010313313,2018,4.8,12.0,123.2,378.2,7.2,255.0,SODA,middle,nonaward
A5010442160,2012,21.2,16.4,569.8,478.0,-4.800000000000001,-91.79999999999995,ICML,middle,nonaward
A5010452641,2015,8.2,4.6,76.8,172.0,-3.5999999999999996,95.2,S&P,first,nonaward
A5010533347,2010,11.4,6.4,494.0,160.0,-5.0,-334.0,VLDB,middle,nonaward
A5010590565,2016,0.0,2.2,0.0,97.6,2.2,97.6,OSDI,middle,nonaward
A5010699077,2014,0.6,2.6,0.4,0.0,2.0,-0.4,S&P,last,nonaward
A5010727123,2010,35.2,56.0,1807.6,731.0,20.799999999999997,-1076.6,VLDB,last,nonaward
A5010768151,2010,1.8,1.2,322.2,8.6,-0.6000000000000001,-313.59999999999997,ICML,last,nonaward
A5010817303,2011,4.8,7.4,273.6,481.0,2.6000000000000005,207.39999999999998,AAAI,last,nonaward
A5010842984,2012,4.2,4.4,82.4,19.0,0.20000000000000018,-63.400000000000006,SODA,middle,nonaward
A5010848619,2014,1.0,4.4,1804.0,1417.4,3.4000000000000004,-386.5999999999999,SODA,middle,nonaward
A5010857349,2010,1.0,1.4,10.6,19.4,0.3999999999999999,8.799999999999999,ICML,middle,nonaward
A5010857944,2006,16.0,6.0,3548.4,382.4,-10.0,-3166.0,VLDB,last,nonaward
A5010903591,2006,0.6,7.4,69.0,533.0,6.800000000000001,464.0,VLDB,first,nonaward
A5010935764,2012,14.8,12.2,939.4,236.4,-2.6000000000000014,-703.0,ICML,middle,nonaward
A5011117177,2017,3.0,4.4,232.4,307.4,1.4000000000000004,74.99999999999997,VLDB,middle,nonaward
A5011170964,2009,2.0,3.4,45.6,126.4,1.4,80.80000000000001,CHI,middle,nonaward
A5011377871,2016,6.0,3.6,832.0,96.0,-2.4,-736.0,IJCAI,middle,nonaward
A5011469525,2014,3.2,3.0,456.4,90.0,-0.20000000000000018,-366.4,SODA,middle,nonaward
A5011512061,2010,6.6,9.6,152.0,398.0,3.0,246.0,CIKM,middle,nonaward
A5011760436,2011,7.0,19.6,312.0,769.0,12.600000000000001,457.0,IJCAI,middle,nonaward
A5011854017,2013,0.2,0.2,1.8,108.4,0.0,106.60000000000001,VLDB,middle,nonaward
A5011858791,2011,7.2,3.6,1400.2,183.4,-3.6,-1216.8,CVPR,middle,nonaward
A5011964538,2009,3.2,3.8,447.6,369.2,0.5999999999999996,-78.40000000000003,S&P,middle,nonaward
A5012068017,2014,20.8,27.2,799.4,1280.2,6.399999999999999,480.80000000000007,S&P,last,nonaward
A5012068017,2014,20.8,27.2,799.4,1280.2,6.399999999999999,480.80000000000007,VLDB,last,nonaward
A5012081424,2007,10.0,6.2,743.4,99.2,-3.8,-644.1999999999999,CVPR,middle,nonaward
A5012132706,2017,8.0,9.8,241.0,930.2,1.8000000000000007,689.2,SIGIR,last,nonaward
A5012663906,2005,0.0,0.2,0.0,24.0,0.2,24.0,SOSP,middle,nonaward
A5012738373,2015,2.6,1.8,563.0,38.4,-0.8,-524.6,SOSP,first,nonaward
A5012998255,2003,0.8,0.8,15.6,4765.6,0.0,4750.0,SOSP,first,nonaward
A5012998255,2009,0.8,0.8,4765.6,366.4,0.0,-4399.200000000001,S&P,last,nonaward
A5012998255,2016,0.6,0.8,366.0,11.4,0.20000000000000007,-354.6,OSDI,middle,nonaward
A5013065278,2009,0.4,6.8,9.2,98.4,6.3999999999999995,89.2,S&P,middle,nonaward
A5013099735,2014,2.8,1.8,53.4,95.2,-0.9999999999999998,41.800000000000004,SODA,middle,nonaward
A5013135203,2008,0.2,2.4,0.0,71.0,2.1999999999999997,71.0,AAAI,last,nonaward
A5013221837,2018,40.8,42.8,5212.0,3053.4,2.0,-2158.6,SODA,middle,nonaward
A5013224421,2009,10.0,13.0,474.2,335.4,3.0,-138.8,CHI,first,nonaward
A5013240918,2016,6.0,26.0,654.2,11055.0,20.0,10400.8,ICSE,first,nonaward
A5013275024,2011,15.8,49.0,1687.4,5173.2,33.2,3485.7999999999997,IJCAI,middle,nonaward
A5013288056,2017,8.8,10.6,348.2,209.2,1.799999999999999,-139.0,ICCV,middle,nonaward
A5013288056,2017,8.8,10.6,348.2,209.2,1.799999999999999,-139.0,S&P,middle,nonaward
A5013458478,2017,28.2,39.4,952.2,786.4,11.2,-165.80000000000007,ICCV,middle,nonaward
A5013458478,2017,28.2,39.4,952.2,786.4,11.2,-165.80000000000007,S&P,middle,nonaward
A5013545831,2010,32.0,41.6,635.2,683.8,9.600000000000001,48.59999999999991,CIKM,middle,nonaward
A5013582936,2013,20.8,32.6,10948.4,8094.6,11.8,-2853.7999999999993,UIST,last,nonaward
A5013633154,2011,6.4,9.2,82.4,867.6,2.799999999999999,785.2,ICSE,middle,nonaward
A5013698877,2012,27.2,9.6,646.6,83.8,-17.6,-562.8000000000001,SODA,middle,nonaward
A5013843778,2016,8.4,16.4,296.0,651.2,7.999999999999998,355.20000000000005,ICSE,middle,nonaward
A5013978216,2015,2.0,0.4,272.2,8.8,-1.6,-263.4,SOSP,middle,nonaward
A5014046469,2018,17.8,7.8,2379.4,374.4,-10.0,-2005.0,SODA,middle,nonaward
A5014063704,2011,1.8,1.6,179.0,236.2,-0.19999999999999996,57.19999999999999,IJCAI,middle,nonaward
A5014141359,2013,17.8,17.6,1384.0,644.6,-0.1999999999999993,-739.4,VLDB,middle,nonaward
A5014206487,2005,0.2,3.0,0.4,98.4,2.8,98.0,SOSP,first,nonaward
A5014318204,2009,0.4,0.0,136.8,0.0,-0.4,-136.8,VLDB,last,nonaward
A5014322699,2018,0.0,4.4,0.0,146.6,4.4,146.6,AAAI,first,nonaward
A5014405928,2016,0.2,3.2,6.0,340.6,3.0,334.6,OSDI,middle,nonaward
A5014605519,2018,4.4,0.2,74.2,2.0,-4.2,-72.2,MOBICOM,first,nonaward
A5014824446,2008,12.2,10.2,1253.2,642.8,-2.0,-610.4000000000001,S&P,middle,nonaward
A5014859870,2010,0.0,0.2,0.0,0.2,0.2,0.2,ICML,middle,nonaward
A5015060335,2011,0.0,0.0,0.0,0.0,0.0,0.0,ICSE,last,nonaward
A5015100237,2011,4.4,5.8,161.0,91.2,1.3999999999999995,-69.8,VLDB,last,nonaward
A5015162425,2007,5.6,9.8,632.4,841.6,4.200000000000001,209.20000000000005,CVPR,last,nonaward
A5015166762,2004,1.0,4.2,6.8,43.4,3.2,36.6,ACL,middle,nonaward
A5015186693,2013,1.0,0.4,565.8,39.4,-0.6,-526.4,UIST,middle,nonaward
A5015208803,2009,1.8,4.0,102.0,193.8,2.2,91.80000000000001,SOSP,middle,nonaward
A5015328387,2012,2.8,7.6,96.8,184.8,4.8,88.00000000000001,KDD,first,nonaward
A5015355530,2016,3.4,3.2,69.4,58.8,-0.19999999999999973,-10.600000000000009,NSDI,first,nonaward
A5015390291,2011,5.0,11.8,102.6,208.8,6.800000000000001,106.20000000000002,CHI,first,nonaward
A5015429075,2013,2.0,1.0,736.8,108.6,-1.0,-628.1999999999999,VLDB,last,nonaward
A5015641011,2015,11.6,19.6,377.2,358.4,8.000000000000002,-18.80000000000001,PODS,middle,nonaward
A5015710502,2010,5.2,5.0,30.2,51.4,-0.20000000000000018,21.2,CIKM,middle,nonaward
A5015824343,2013,47.4,44.0,677.2,1856.2,-3.3999999999999986,1179.0,CHI,first,nonaward
A5015857371,2017,7.6,7.8,5626.6,749.2,0.20000000000000018,-4877.400000000001,ACL,middle,nonaward
A5015857371,2017,7.6,7.8,5626.6,749.2,0.20000000000000018,-4877.400000000001,CVPR,middle,nonaward
A5015857371,2017,7.6,7.8,5626.6,749.2,0.20000000000000018,-4877.400000000001,SOSP,middle,nonaward
A5015965031,2010,8.8,2.8,1766.8,453.0,-6.000000000000001,-1313.8,OSDI,middle,nonaward
A5015968689,2011,20.6,8.4,424.0,117.4,-12.200000000000001,-306.6,SOSP,last,nonaward
A5016095713,2011,1.4,5.2,21.4,350.2,3.8000000000000003,328.8,AAAI,first,nonaward
A5016115127,2008,0.2,3.0,12.0,727.6,2.8,715.6,S&P,first,nonaward
A5016158060,2010,0.2,3.0,2.6,169.8,2.8,167.20000000000002,AAAI,middle,nonaward
A5016220769,2013,0.0,0.2,0.0,108.4,0.2,108.4,VLDB,middle,nonaward
A5016318325,2010,1.6,3.2,18.6,378.4,1.6,359.79999999999995,OSDI,middle,nonaward
A5016327606,2008,0.2,2.4,2.6,68.6,2.1999999999999997,66.0,NSDI,middle,nonaward
A5016462041,2015,11.4,10.2,245.4,132.8,-1.200000000000001,-112.6,IJCAI,last,nonaward
A5016537835,2010,2.6,5.8,237.4,307.2,3.1999999999999997,69.79999999999998,STOC,last,nonaward
A5016586245,2016,1.6,0.6,596.8,11.4,-1.0,-585.4,OSDI,middle,nonaward
A5016656677,2012,14.8,10.6,880.4,284.8,-4.200000000000001,-595.5999999999999,SODA,middle,nonaward
A5016701251,2011,53.6,62.4,2203.4,2858.6,8.799999999999997,655.1999999999998,IJCAI,middle,nonaward
A5016825195,2015,12.2,12.8,323.6,267.6,0.6000000000000014,-56.0,PODS,middle,nonaward
A5016956470,2017,5.6,24.2,290.8,2093.6,18.6,1802.8,ACL,middle,nonaward
A5016956470,2017,5.6,24.2,290.8,2093.6,18.6,1802.8,CVPR,middle,nonaward
A5016956470,2017,5.6,24.2,290.8,2093.6,18.6,1802.8,SOSP,middle,nonaward
A5016969309,2013,0.0,0.0,0.0,0.0,0.0,0.0,VLDB,middle,nonaward
A5016990122,2011,39.2,74.0,1778.0,4758.4,34.8,2980.3999999999996,IJCAI,middle,nonaward
A5017063785,2016,0.6,4.0,37.2,41.0,3.4,3.799999999999997,AAAI,last,nonaward
A5017124490,2003,0.4,2.4,61.4,700.4,2.0,639.0,SOSP,middle,nonaward
A5017124490,2007,3.4,0.4,2653.8,0.4,-3.0,-2653.4,SOSP,first,nonaward
A5017171662,2017,6.4,18.2,261.0,429.6,11.799999999999999,168.60000000000002,ICCV,middle,nonaward
A5017171662,2017,6.4,18.2,261.0,429.6,11.799999999999999,168.60000000000002,S&P,middle,nonaward
A5017172547,2017,16.0,37.0,539.4,986.4,21.0,447.0,ICCV,middle,nonaward
A5017172547,2017,16.0,37.0,539.4,986.4,21.0,447.0,S&P,middle,nonaward
A5017301493,2015,0.8,0.2,13.8,0.8,-0.6000000000000001,-13.0,PODS,middle,nonaward
A5017309894,2012,4.0,7.0,141.2,243.8,3.0,102.60000000000002,ICML,middle,nonaward
A5017319081,2016,0.2,3.2,37.0,86.8,3.0,49.8,NSDI,middle,nonaward
A5017353709,2011,11.0,11.2,655.0,389.4,0.1999999999999993,-265.6,IJCAI,middle,nonaward
A5017381278,2008,8.2,14.0,816.6,4044.8,5.800000000000001,3228.2000000000003,OSDI,middle,nonaward
A5017440349,2009,10.6,8.6,261.6,1305.8,-2.0,1044.1999999999998,SOSP,last,nonaward
A5017482178,2012,11.0,10.2,408.4,397.2,-0.8000000000000007,-11.199999999999989,ICML,middle,nonaward
A5017491938,2010,3.8,7.4,25.6,159.6,3.6000000000000005,134.0,ICML,last,nonaward
A5017670779,2015,3.6,17.0,737.6,430.2,13.4,-307.40000000000003,MOBICOM,middle,nonaward
A5017775499,2006,0.2,0.0,3.6,0.0,-0.2,-3.6,OSDI,middle,nonaward
A5017925444,2009,3.0,11.0,75.6,294.8,8.0,219.20000000000002,SOSP,last,nonaward
A5017927399,2012,21.8,36.4,1330.4,2268.8,14.599999999999998,938.4000000000001,ICML,middle,nonaward
A5017985443,2015,2.8,8.8,759.6,1288.8,6.000000000000001,529.1999999999999,NeurIPS,middle,nonaward
A5018023802,2014,3.4,1.0,76.2,54.0,-2.4,-22.200000000000003,S&P,first,nonaward
A5018122494,2017,19.6,28.0,557.8,590.8,8.399999999999999,33.0,ICCV,middle,nonaward
A5018122494,2017,19.6,28.0,557.8,590.8,8.399999999999999,33.0,S&P,middle,nonaward
A5018394419,2008,0.0,1.2,0.0,253.6,1.2,253.6,OSDI,last,nonaward
A5018423252,2012,0.0,0.2,0.0,4.6,0.2,4.6,AAAI,middle,nonaward
A5018478116,2017,3.8,2.0,1168.6,196.6,-1.7999999999999998,-971.9999999999999,SIGIR,first,nonaward
A5018504427,2003,2.6,10.4,12.0,750.8,7.800000000000001,738.8,SOSP,middle,nonaward
A5018504427,2007,7.2,18.0,2561.0,685.8,10.8,-1875.2,SOSP,last,nonaward
A5018550156,2015,0.2,0.0,4.0,0.0,-0.2,-4.0,S&P,middle,nonaward
A5018630988,2013,4.2,8.4,136.2,471.0,4.2,334.8,VLDB,middle,nonaward
A5018659692,2018,7.2,8.4,246.8,196.0,1.2000000000000002,-50.80000000000001,SODA,middle,nonaward
A5018777906,2003,3.0,11.0,185.4,776.8,8.0,591.4,FOCS,middle,nonaward
A5018923627,2013,0.0,0.0,0.0,0.0,0.0,0.0,VLDB,middle,nonaward
A5019043770,2016,15.2,12.6,1221.0,398.8,-2.5999999999999996,-822.2,NSDI,last,nonaward
A5019106673,2018,4.0,16.0,183.0,132.2,12.0,-50.80000000000001,AAAI,middle,nonaward
A5019185222,2006,1.6,3.0,64.0,221.4,1.4,157.4,CVPR,last,nonaward
A5019241553,2017,5.2,23.6,2264.0,2629.2,18.400000000000002,365.1999999999998,NeurIPS,middle,nonaward
A5019300625,2015,3.6,4.2,660.0,124.4,0.6000000000000001,-535.6,ICSE,middle,nonaward
A5019313176,2017,0.0,0.0,0.0,0.0,0.0,0.0,ICCV,middle,nonaward
A5019313176,2017,0.0,0.0,0.0,0.0,0.0,0.0,S&P,middle,nonaward
A5019339179,2018,1.2,1.4,6.0,90.2,0.19999999999999996,84.2,ACL,middle,nonaward
A5019339179,2018,1.2,1.4,6.0,90.2,0.19999999999999996,84.2,ICML,middle,nonaward
A5019339179,2018,1.2,1.4,6.0,90.2,0.19999999999999996,84.2,ICSE,middle,nonaward
A5019339179,2018,1.2,1.4,6.0,90.2,0.19999999999999996,84.2,IJCAI,middle,nonaward
A5019339179,2018,1.2,1.4,6.0,90.2,0.19999999999999996,84.2,KDD,middle,nonaward
A5019339179,2018,1.2,1.4,6.0,90.2,0.19999999999999996,84.2,NeurIPS,middle,nonaward
A5019539533,2010,33.8,55.8,3963.0,9903.8,22.0,5940.799999999999,VLDB,last,nonaward
A5019539533,2014,60.4,55.4,11092.6,1917.6,-5.0,-9175.0,VLDB,last,nonaward
A5019677811,2010,1.4,6.2,80.8,95.0,4.800000000000001,14.200000000000003,CIKM,first,nonaward
A5019748631,2007,1.8,0.0,51.4,0.0,-1.8,-51.4,SOSP,middle,nonaward
A5019809723,2014,15.0,26.0,749.4,965.0,11.0,215.60000000000002,SODA,middle,nonaward
A5019859264,2014,0.0,0.0,0.0,0.0,0.0,0.0,ICSE,first,nonaward
A5019961334,2014,27.8,52.8,837.8,2619.8,24.999999999999996,1782.0000000000002,SODA,middle,nonaward
A5019968861,2009,0.8,1.2,6.6,14.4,0.3999999999999999,7.800000000000001,S&P,middle,nonaward
A5020003045,2013,1.8,1.0,276.4,47.0,-0.8,-229.39999999999998,UIST,middle,nonaward
A5020086434,2015,1.6,7.2,243.6,104.8,5.6,-138.8,SOSP,middle,nonaward
A5020091080,2012,9.2,9.4,385.8,148.2,0.20000000000000107,-237.60000000000002,AAAI,middle,nonaward
A5020147981,2003,1.0,4.8,8.0,479.4,3.8,471.4,ICSE,first,nonaward
A5020275137,2010,1.2,2.2,222.6,114.8,1.0000000000000002,-107.8,VLDB,first,nonaward
A5020276561,2014,3.0,10.0,17.2,853.0,7.0,835.8,MOBICOM,middle,nonaward
A5020353111,2018,28.0,15.4,1418.6,525.6,-12.6,-892.9999999999999,SODA,middle,nonaward
A5020375635,2012,21.0,29.8,1546.4,481.2,8.8,-1065.2,SODA,first,nonaward
A5020375635,2012,21.0,29.8,1546.4,481.2,8.8,-1065.2,SODA,middle,nonaward
A5020418881,2018,2.4,13.6,61.8,626.6,11.2,564.8000000000001,OSDI,middle,nonaward
A5020446643,2015,13.2,8.6,122.6,134.2,-4.6,11.599999999999994,IJCAI,first,nonaward
A5020457547,2014,0.0,1.2,0.0,204.2,1.2,204.2,SODA,middle,nonaward
A5020699030,2008,0.8,4.8,52.2,182.2,4.0,130.0,KDD,first,nonaward
A5020758125,2017,19.8,17.2,996.6,436.2,-2.6000000000000014,-560.4000000000001,ICCV,middle,nonaward
A5020758125,2017,19.8,17.2,996.6,436.2,-2.6000000000000014,-560.4000000000001,S&P,middle,nonaward
A5020860412,2006,14.6,8.0,1534.8,253.2,-6.6,-1281.6,OSDI,first,nonaward
A5020938231,2018,6.4,4.4,1373.0,131.8,-2.0,-1241.2,ACL,middle,nonaward
A5020938231,2018,6.4,4.4,1373.0,131.8,-2.0,-1241.2,ICML,middle,nonaward
A5020938231,2018,6.4,4.4,1373.0,131.8,-2.0,-1241.2,ICSE,middle,nonaward
A5020938231,2018,6.4,4.4,1373.0,131.8,-2.0,-1241.2,IJCAI,middle,nonaward
A5020938231,2018,6.4,4.4,1373.0,131.8,-2.0,-1241.2,KDD,middle,nonaward
A5020938231,2018,6.4,4.4,1373.0,131.8,-2.0,-1241.2,NeurIPS,middle,nonaward
A5021158346,2018,6.6,9.8,119.6,146.4,3.200000000000001,26.80000000000001,SODA,middle,nonaward
A5021257546,2001,2.4,5.8,318.0,1218.4,3.4,900.4000000000001,ICCV,first,nonaward
A5021257546,2014,20.4,21.2,1925.8,4195.2,0.8000000000000007,2269.3999999999996,SODA,last,nonaward
A5021405899,2011,53.4,73.4,3352.4,3138.8,20.000000000000007,-213.5999999999999,IJCAI,middle,nonaward
A5021437174,2004,0.2,0.0,0.0,0.0,-0.2,0.0,ICSE,last,nonaward
A5021472133,2011,4.2,12.6,81.4,403.4,8.399999999999999,322.0,SOSP,last,nonaward
A5021663592,2015,6.0,7.6,251.0,82.6,1.5999999999999996,-168.4,IJCAI,last,nonaward
A5021977080,2011,0.0,0.0,0.0,0.0,0.0,0.0,MOBICOM,first,nonaward
A5022081583,2008,3.8,1.6,56.4,15.8,-2.1999999999999997,-40.599999999999994,NSDI,last,nonaward
A5022264843,2005,6.6,8.0,392.0,212.8,1.4000000000000004,-179.2,PODS,first,nonaward
A5022276464,2015,8.8,13.8,591.6,408.2,5.0,-183.40000000000003,PODS,last,nonaward
A5022352605,2013,24.6,56.4,5188.2,6305.8,31.799999999999997,1117.6000000000004,UIST,middle,nonaward
A5022538464,2005,1.2,2.2,209.8,185.4,1.0000000000000002,-24.400000000000006,SOSP,middle,nonaward
A5022658803,2007,19.2,6.6,850.8,58.6,-12.6,-792.1999999999999,IJCAI,first,nonaward
A5022714894,2018,1.2,6.8,47.8,76.8,5.6,29.0,AAAI,middle,nonaward
A5022767483,2018,11.4,9.4,249.0,154.0,-2.0,-95.0,MOBICOM,last,nonaward
A5022773009,2011,4.8,49.8,114.8,1984.4,45.0,1869.6000000000001,IJCAI,middle,nonaward
A5022806484,2017,0.8,9.8,3.2,184.6,9.0,181.4,ICCV,middle,nonaward
A5022806484,2017,0.8,9.8,3.2,184.6,9.0,181.4,S&P,middle,nonaward
A5023370249,2011,4.0,9.2,118.2,161.0,5.199999999999999,42.8,CHI,middle,nonaward
A5023430434,2013,0.2,0.0,0.2,0.0,-0.2,-0.2,AAAI,first,nonaward
A5023468732,2018,16.0,21.4,785.6,375.6,5.399999999999999,-410.0,SODA,middle,nonaward
A5023537206,2014,17.2,13.4,754.2,570.4,-3.799999999999999,-183.80000000000007,S&P,middle,nonaward
A5023571961,2012,12.8,17.4,578.8,413.8,4.599999999999998,-164.99999999999994,AAAI,middle,nonaward
A5023647833,2014,0.4,0.6,10.6,18.8,0.19999999999999996,8.200000000000001,SODA,middle,nonaward
A5023748369,2011,38.4,11.6,1788.8,395.6,-26.799999999999997,-1393.1999999999998,IJCAI,middle,nonaward
A5023802054,2008,14.4,25.8,1086.8,1325.8,11.4,239.0,AAAI,middle,nonaward
A5023881736,2010,5.2,7.2,1326.0,1184.2,2.0,-141.79999999999995,OSDI,middle,nonaward
A5023917368,2013,0.0,0.2,0.0,108.4,0.2,108.4,VLDB,middle,nonaward
A5024034310,2010,4.8,7.6,552.2,793.8,2.8,241.5999999999999,OSDI,first,nonaward
A5024040521,2007,3.4,10.2,155.6,1144.0,6.799999999999999,988.4,FSE,first,nonaward
A5024096866,2007,1.6,0.0,34.6,0.0,-1.6,-34.6,SOSP,middle,nonaward
A5024108653,2017,46.0,102.6,2097.6,5594.6,56.599999999999994,3497.0000000000005,ICCV,middle,nonaward
A5024108653,2017,46.0,102.6,2097.6,5594.6,56.599999999999994,3497.0000000000005,S&P,middle,nonaward
A5024113105,2018,17.8,15.6,458.4,349.2,-2.200000000000001,-109.19999999999999,SODA,middle,nonaward
A5024140027,2016,1.8,1.8,1347.0,176.4,0.0,-1170.6,OSDI,middle,nonaward
A5024180968,2011,36.4,137.6,1401.8,11339.4,101.19999999999999,9937.6,IJCAI,middle,nonaward
A5024296934,2000,6.4,9.6,233.0,140.8,3.1999999999999993,-92.19999999999999,WWW,middle,nonaward
A5024299583,2007,20.2,16.2,1254.0,939.8,-4.0,-314.20000000000005,CVPR,first,nonaward
A5024342851,2008,8.8,4.2,868.4,158.4,-4.6000000000000005,-710.0,S&P,last,nonaward
A5024389877,2009,4.4,2.4,170.2,45.2,-2.0000000000000004,-124.99999999999999,SOSP,middle,nonaward
A5024447954,2013,0.2,0.2,0.8,34.2,0.0,33.400000000000006,ICSE,last,nonaward
A5024497379,2011,1.0,0.0,112.0,0.0,-1.0,-112.0,SOSP,middle,nonaward
A5024505700,2011,12.4,14.4,708.4,1002.4,2.0,294.0,VLDB,first,nonaward
A5024530310,2010,2.8,11.4,36.2,45.2,8.600000000000001,9.0,OSDI,middle,nonaward
A5024685984,2016,0.8,2.0,85.4,44.8,1.2,-40.60000000000001,NSDI,first,nonaward
A5024711700,2007,14.2,18.6,728.2,607.2,4.400000000000002,-121.0,ACL,last,nonaward
A5024723282,2008,2.8,4.8,380.4,98.0,2.0,-282.4,OSDI,middle,nonaward
A5024803432,2003,7.8,13.2,1727.6,1823.8,5.3999999999999995,96.20000000000005,FOCS,first,nonaward
A5024834851,2014,3.6,2.4,389.0,142.8,-1.2000000000000002,-246.2,S&P,middle,nonaward
A5024883549,2007,2.6,2.6,35.2,48.2,0.0,13.0,SOSP,middle,nonaward
A5024898168,2011,2.0,8.8,158.0,303.0,6.800000000000001,145.0,VLDB,middle,nonaward
A5025102675,2018,1.8,2.8,27.0,117.2,0.9999999999999998,90.2,ACL,middle,nonaward
A5025102675,2018,1.8,2.8,27.0,117.2,0.9999999999999998,90.2,ICML,middle,nonaward
A5025102675,2018,1.8,2.8,27.0,117.2,0.9999999999999998,90.2,ICSE,middle,nonaward
A5025102675,2018,1.8,2.8,27.0,117.2,0.9999999999999998,90.2,IJCAI,middle,nonaward
A5025102675,2018,1.8,2.8,27.0,117.2,0.9999999999999998,90.2,KDD,middle,nonaward
A5025102675,2018,1.8,2.8,27.0,117.2,0.9999999999999998,90.2,NeurIPS,middle,nonaward
A5025137249,2018,2.0,2.8,197.8,79.8,0.7999999999999998,-118.00000000000001,MOBICOM,middle,nonaward
A5025169074,2009,1.2,2.4,9.2,318.2,1.2,309.0,SOSP,first,nonaward
A5025205227,2016,2.6,10.6,111.8,158.0,8.0,46.2,UIST,middle,nonaward
A5025255731,2017,4.4,4.2,193.8,152.8,-0.20000000000000018,-41.0,ICCV,middle,nonaward
A5025255731,2017,4.4,4.2,193.8,152.8,-0.20000000000000018,-41.0,S&P,middle,nonaward
A5025318877,2004,5.2,12.2,472.4,612.2,6.999999999999999,139.80000000000007,ICSE,middle,nonaward
A5025500718,2011,0.0,0.0,0.0,0.0,0.0,0.0,AAAI,middle,nonaward
A5025518930,2011,8.4,106.0,272.6,6500.2,97.6,6227.599999999999,IJCAI,middle,nonaward
A5025696341,2012,12.8,30.4,295.2,1136.2,17.599999999999998,841.0,ICML,first,nonaward
A5025841679,2011,10.6,31.4,714.6,1677.4,20.799999999999997,962.8000000000001,ICSE,first,nonaward
A5025915825,2006,4.8,4.2,116.6,30.8,-0.5999999999999996,-85.8,ICML,first,nonaward
A5026130910,2008,7.4,9.6,825.4,1311.0,2.1999999999999993,485.6,S&P,middle,nonaward
A5026264194,2007,17.2,33.8,919.4,1654.6,16.599999999999998,735.1999999999999,CVPR,last,nonaward
A5026530550,2011,32.0,63.4,1381.2,6336.8,31.4,4955.6,IJCAI,middle,nonaward
A5026715017,2015,2.6,2.4,596.2,74.8,-0.20000000000000018,-521.4000000000001,ICSE,middle,nonaward
A5026745638,2016,0.4,1.6,6.6,36.2,1.2000000000000002,29.6,OSDI,middle,nonaward
A5026905380,2012,3.2,7.4,156.2,309.6,4.2,153.40000000000003,ICML,first,nonaward
A5026944066,2016,2.0,10.4,395.2,4183.2,8.4,3788.0,ICML,first,nonaward
A5026966790,2017,5.4,10.6,71.6,234.8,5.199999999999999,163.20000000000002,ICCV,middle,nonaward
A5026966790,2017,5.4,10.6,71.6,234.8,5.199999999999999,163.20000000000002,S&P,middle,nonaward
A5027096734,2011,0.0,0.0,0.0,0.0,0.0,0.0,IJCAI,middle,nonaward
A5027118902,2004,0.8,1.6,0.6,16.4,0.8,15.799999999999999,AAAI,first,nonaward
A5027138711,2014,0.2,4.4,2.6,41.2,4.2,38.6,WWW,first,nonaward
A5027233158,2018,8.6,6.2,308.6,81.0,-2.3999999999999995,-227.60000000000002,SODA,middle,nonaward
A5027353936,2009,6.8,5.8,120.6,50.0,-1.0,-70.6,CHI,middle,nonaward
A5027381841,2013,0.4,0.0,14.4,0.0,-0.4,-14.4,CHI,middle,nonaward
A5027409441,2018,3.2,3.0,331.2,115.4,-0.20000000000000018,-215.79999999999998,MOBICOM,middle,nonaward
A5027511386,2011,9.6,15.0,625.4,604.8,5.4,-20.600000000000023,SOSP,last,nonaward
A5027566829,2016,3.6,0.6,253.2,99.6,-3.0,-153.6,NSDI,middle,nonaward
A5027635524,2017,17.2,16.2,678.2,332.0,-1.0,-346.20000000000005,ICCV,middle,nonaward
A5027635524,2017,17.2,16.2,678.2,332.0,-1.0,-346.20000000000005,S&P,middle,nonaward
A5027678871,2007,23.0,14.4,611.2,352.0,-8.6,-259.20000000000005,SOSP,last,nonaward
A5027818842,2017,15.8,28.4,949.6,819.4,12.599999999999998,-130.20000000000005,ICCV,middle,nonaward
A5027818842,2017,15.8,28.4,949.6,819.4,12.599999999999998,-130.20000000000005,S&P,middle,nonaward
A5028019543,2000,4.6,7.8,545.0,745.8,3.2,200.79999999999995,SIGIR,first,nonaward
A5028055551,2000,0.0,0.0,0.0,0.0,0.0,0.0,AAAI,last,nonaward
A5028085764,2011,52.8,42.0,2061.0,894.4,-10.799999999999997,-1166.6,IJCAI,middle,nonaward
A5028092717,2007,2.4,0.4,118.8,7.2,-2.0,-111.6,STOC,middle,nonaward
A5028103745,2017,11.4,22.4,484.8,408.0,10.999999999999998,-76.80000000000001,ICCV,middle,nonaward
A5028103745,2017,11.4,22.4,484.8,408.0,10.999999999999998,-76.80000000000001,S&P,middle,nonaward
A5028277225,2017,2.4,7.2,18.0,434.2,4.800000000000001,416.2,VLDB,middle,nonaward
A5028352869,2006,3.0,5.6,3310.4,494.0,2.5999999999999996,-2816.4,CVPR,first,nonaward
A5028518494,2007,13.6,26.2,1366.0,1584.6,12.6,218.5999999999999,FSE,last,nonaward
A5028549543,2015,0.2,0.0,43.6,0.0,-0.2,-43.6,NeurIPS,middle,nonaward
A5028683722,2010,2.0,4.6,1425.8,542.4,2.5999999999999996,-883.4,AAAI,middle,nonaward
A5028793592,2017,15.2,9.8,341.8,199.2,-5.399999999999999,-142.60000000000002,ICCV,middle,nonaward
A5028793592,2017,15.2,9.8,341.8,199.2,-5.399999999999999,-142.60000000000002,S&P,middle,nonaward
A5028871912,2015,0.0,0.4,0.0,25.6,0.4,25.6,ICSE,first,nonaward
A5028883531,2018,5.8,5.2,244.0,68.6,-0.5999999999999996,-175.4,SODA,middle,nonaward
A5028913764,2003,5.2,16.6,498.0,777.6,11.400000000000002,279.6,IJCAI,last,nonaward
A5028992619,2016,0.0,3.4,0.0,3383.8,3.4,3383.8,OSDI,middle,nonaward
A5029086323,2014,0.4,1.4,18.4,51.8,0.9999999999999999,33.4,SODA,middle,nonaward
A5029097761,2007,2.0,2.2,235.8,145.4,0.20000000000000018,-90.4,AAAI,first,nonaward
A5029365650,2012,5.0,9.0,101.0,75.8,4.0,-25.200000000000003,AAAI,middle,nonaward
A5029380368,2012,36.0,39.8,1259.2,810.4,3.799999999999997,-448.80000000000007,VLDB,last,nonaward
A5029454626,2011,6.4,7.8,202.2,214.4,1.3999999999999995,12.200000000000017,SOSP,middle,nonaward
A5029514761,2008,5.6,11.6,990.4,911.0,6.0,-79.39999999999998,NSDI,middle,nonaward
A5029523970,2016,16.6,17.6,259.4,317.0,1.0,57.60000000000002,OSDI,last,nonaward
A5029568096,2008,6.4,9.6,205.0,346.4,3.1999999999999993,141.39999999999998,AAAI,first,nonaward
A5029611587,2016,2.0,2.8,55.6,243.6,0.7999999999999998,188.0,OSDI,middle,nonaward
A5029791348,2003,1.2,0.8,4.8,101.0,-0.3999999999999999,96.2,SOSP,middle,nonaward
A5029801689,2017,0.0,3.2,0.0,89.2,3.2,89.2,SIGIR,first,nonaward
A5030046395,2005,0.8,2.0,61.4,28.2,1.2,-33.2,SOSP,middle,nonaward
A5030116441,2003,1.8,0.0,58.6,0.0,-1.8,-58.6,FOCS,last,nonaward
A5030260337,2009,2.0,7.4,82.8,253.6,5.4,170.8,CHI,middle,nonaward
A5030367905,2014,5.2,8.6,289.8,809.2,3.3999999999999995,519.4000000000001,NeurIPS,first,nonaward
A5030576560,2011,49.4,32.8,2119.6,806.8,-16.6,-1312.8,IJCAI,middle,nonaward
A5030666511,2012,6.6,6.0,263.2,112.8,-0.5999999999999996,-150.39999999999998,ICML,middle,nonaward
A5030735013,2015,4.0,8.2,18.0,21.4,4.199999999999999,3.3999999999999986,PODS,middle,nonaward
A5030822548,2011,0.4,6.2,1.8,116.6,5.8,114.8,ACL,last,nonaward
A5030900037,2008,1.6,3.0,15.6,80.2,1.4,64.60000000000001,NSDI,first,nonaward
A5031002895,2015,6.8,25.8,1180.4,5690.0,19.0,4509.6,NeurIPS,last,nonaward
A5031018090,2018,0.4,1.0,105.4,125.2,0.6,19.799999999999997,ACL,middle,nonaward
A5031018090,2018,0.4,1.0,105.4,125.2,0.6,19.799999999999997,ICML,middle,nonaward
A5031018090,2018,0.4,1.0,105.4,125.2,0.6,19.799999999999997,ICSE,middle,nonaward
A5031018090,2018,0.4,1.0,105.4,125.2,0.6,19.799999999999997,IJCAI,middle,nonaward
A5031018090,2018,0.4,1.0,105.4,125.2,0.6,19.799999999999997,KDD,middle,nonaward
A5031018090,2018,0.4,1.0,105.4,125.2,0.6,19.799999999999997,NeurIPS,middle,nonaward
A5031071237,2010,2.2,4.6,101.0,574.4,2.3999999999999995,473.4,OSDI,first,nonaward
A5031312547,2011,3.0,0.8,89.0,11.2,-2.2,-77.8,VLDB,first,nonaward
A5031372035,2009,17.2,9.4,357.6,238.0,-7.799999999999999,-119.60000000000002,SOSP,middle,nonaward
A5031384489,2003,1.8,0.0,125.4,0.0,-1.8,-125.4,SOSP,middle,nonaward
A5031450777,2013,1.4,3.0,120.6,78.8,1.6,-41.8,UIST,middle,nonaward
A5031706321,2014,0.0,2.4,0.0,662.6,2.4,662.6,SODA,middle,nonaward
A5031710345,2005,8.0,11.2,346.6,312.8,3.1999999999999993,-33.80000000000001,PODS,last,nonaward
A5031715173,2006,1.2,1.0,140.2,59.4,-0.19999999999999996,-80.79999999999998,OSDI,first,nonaward
A5031761219,2016,0.0,0.0,0.0,0.0,0.0,0.0,ICML,middle,nonaward
A5031775706,2003,2.0,3.4,37.2,112.8,1.4,75.6,IJCAI,first,nonaward
A5031849486,2003,6.6,17.2,582.8,658.8,10.6,76.0,SOSP,middle,nonaward
A5031849486,2007,11.8,27.0,2219.0,382.6,15.2,-1836.4,SOSP,middle,nonaward
A5031932067,2012,5.4,1.6,177.2,121.0,-3.8000000000000003,-56.19999999999999,SODA,last,nonaward
A5031964906,2015,14.0,13.6,87.4,89.6,-0.40000000000000036,2.1999999999999886,IJCAI,middle,nonaward
A5031968426,2012,4.8,11.8,204.4,84.0,7.000000000000001,-120.4,SODA,last,nonaward
A5032051279,2017,10.4,14.4,186.4,212.2,4.0,25.799999999999983,ICCV,middle,nonaward
A5032051279,2017,10.4,14.4,186.4,212.2,4.0,25.799999999999983,S&P,middle,nonaward
A5032068969,2007,17.0,16.4,1127.6,949.8,-0.6000000000000014,-177.79999999999995,ICSE,middle,nonaward
A5032068969,2012,14.6,13.8,1367.6,901.0,-0.7999999999999989,-466.5999999999999,VLDB,last,nonaward
A5032192522,2014,25.8,23.0,1030.6,1446.0,-2.8000000000000007,415.4000000000001,WWW,last,nonaward
A5032382472,2018,0.4,1.6,64.4,498.0,1.2000000000000002,433.6,ACL,middle,nonaward
A5032382472,2018,0.4,1.6,64.4,498.0,1.2000000000000002,433.6,ICML,middle,nonaward
A5032382472,2018,0.4,1.6,64.4,498.0,1.2000000000000002,433.6,ICSE,middle,nonaward
A5032382472,2018,0.4,1.6,64.4,498.0,1.2000000000000002,433.6,IJCAI,middle,nonaward
A5032382472,2018,0.4,1.6,64.4,498.0,1.2000000000000002,433.6,KDD,middle,nonaward
A5032382472,2018,0.4,1.6,64.4,498.0,1.2000000000000002,433.6,NeurIPS,middle,nonaward
A5032459671,2016,5.2,2.0,587.0,266.4,-3.2,-320.6,NSDI,last,nonaward
A5032502185,2009,5.2,9.8,120.4,318.4,4.6000000000000005,197.99999999999997,CHI,middle,nonaward
A5032518822,2018,6.8,14.4,231.8,243.0,7.6000000000000005,11.199999999999989,SODA,middle,nonaward
A5032569209,2017,21.0,36.4,814.6,1133.6,15.399999999999999,318.9999999999999,ICCV,middle,nonaward
A5032569209,2017,21.0,36.4,814.6,1133.6,15.399999999999999,318.9999999999999,S&P,middle,nonaward
A5032625857,2013,0.0,0.0,0.0,0.0,0.0,0.0,CHI,last,nonaward
A5032913787,2011,65.0,180.6,4358.8,14461.2,115.6,10102.400000000001,IJCAI,middle,nonaward
A5032995066,2009,0.6,2.2,4.6,368.8,1.6,364.2,S&P,middle,nonaward
A5033058198,2009,0.6,4.6,48.4,60.0,3.9999999999999996,11.600000000000001,S&P,middle,nonaward
A5033089246,2017,5.4,2.4,259.4,28.8,-3.0000000000000004,-230.59999999999997,NeurIPS,middle,nonaward
A5033097683,2010,7.6,7.0,698.6,1077.8,-0.5999999999999996,379.19999999999993,ICML,last,nonaward
A5033188343,2010,4.0,2.0,29.6,15.4,-2.0,-14.200000000000001,ICML,middle,nonaward
A5033317994,2003,8.0,6.6,2671.2,707.4,-1.4000000000000004,-1963.7999999999997,SOSP,middle,nonaward
A5033317994,2005,9.6,5.6,3383.0,450.2,-4.0,-2932.8,SOSP,middle,nonaward
A5033437844,2018,17.8,55.2,573.2,1650.6,37.400000000000006,1077.3999999999999,SODA,middle,nonaward
A5033444412,2014,1.8,14.8,154.4,5836.4,13.0,5682.0,SODA,first,nonaward
A5033579432,2015,33.0,56.0,2296.4,1711.6,23.0,-584.8000000000002,PODS,middle,nonaward
A5033770678,2008,4.6,7.4,190.2,256.0,2.8000000000000007,65.80000000000001,FOCS,first,nonaward
A5033790668,2015,3.2,1.8,415.2,26.4,-1.4000000000000001,-388.8,PODS,middle,nonaward
A5033821180,2011,51.2,3.0,2195.8,69.4,-48.2,-2126.4,IJCAI,middle,nonaward
A5033867112,2009,1.2,2.2,217.8,329.4,1.0000000000000002,111.59999999999997,S&P,middle,nonaward
A5033947343,2012,18.2,23.2,1273.2,876.4,5.0,-396.80000000000007,ICML,last,nonaward
A5033975637,2017,11.8,13.2,588.8,290.0,1.3999999999999986,-298.79999999999995,VLDB,middle,nonaward
A5034076043,2017,2.8,10.8,77.2,272.6,8.0,195.40000000000003,ICCV,middle,nonaward
A5034076043,2017,2.8,10.8,77.2,272.6,8.0,195.40000000000003,S&P,middle,nonaward
A5034219523,2005,3.8,3.8,121.2,114.0,0.0,-7.200000000000003,SOSP,last,nonaward
A5034221987,2014,8.0,14.4,283.6,1147.8,6.4,864.1999999999999,SODA,first,nonaward
A5034222207,2010,5.8,2.8,103.8,20.0,-3.0,-83.8,CIKM,middle,nonaward
A5034523390,2010,1.6,0.6,100.0,101.6,-1.0,1.5999999999999943,ICML,middle,nonaward
A5034529404,2002,18.2,17.6,614.2,500.2,-0.5999999999999979,-114.00000000000006,FOCS,first,nonaward
A5034537917,2012,18.4,14.8,714.2,466.2,-3.599999999999998,-248.00000000000006,ICML,middle,nonaward
A5034644722,2016,9.6,8.4,186.6,126.8,-1.1999999999999993,-59.8,OSDI,middle,nonaward
A5034778174,2007,11.4,19.0,214.6,151.8,7.6,-62.79999999999998,CVPR,middle,nonaward
A5034924491,2006,5.4,11.6,364.2,586.2,6.199999999999999,222.00000000000006,SIGMOD,first,nonaward
A5035061794,2018,26.0,17.6,1880.2,511.2,-8.399999999999999,-1369.0,SODA,middle,nonaward
A5035134864,2006,11.4,10.8,664.8,580.2,-0.5999999999999996,-84.59999999999991,OSDI,last,nonaward
A5035238049,2008,0.6,1.4,16.4,58.6,0.7999999999999999,42.2,KDD,middle,nonaward
A5035284805,2017,2.0,6.8,95.4,336.6,4.8,241.20000000000002,ICCV,middle,nonaward
A5035284805,2017,2.0,6.8,95.4,336.6,4.8,241.20000000000002,S&P,middle,nonaward
A5035369215,2017,4.0,9.0,278.2,553.0,5.0,274.8,NeurIPS,first,nonaward
A5035390303,2012,12.6,12.4,687.2,665.4,-0.1999999999999993,-21.800000000000068,ICML,first,nonaward
A5035488390,2011,26.4,14.2,1071.4,410.8,-12.2,-660.6000000000001,IJCAI,middle,nonaward
A5035496453,2018,15.8,27.6,781.8,714.0,11.8,-67.79999999999995,SODA,middle,nonaward
A5035706928,2012,9.0,11.8,2940.4,4510.0,2.8000000000000007,1569.6,KDD,first,nonaward
A5035801062,2011,0.6,0.4,0.6,0.0,-0.19999999999999996,-0.6,SOSP,first,nonaward
A5035882771,2010,5.8,9.0,55.0,131.2,3.2,76.19999999999999,CIKM,middle,nonaward
A5035918501,2003,11.8,8.6,3418.2,1322.6,-3.200000000000001,-2095.6,SOSP,middle,nonaward
A5035998469,2006,0.2,0.0,0.0,0.0,-0.2,0.0,SIGMOD,middle,nonaward
A5036237095,2011,2.8,4.6,344.2,129.8,1.7999999999999998,-214.39999999999998,VLDB,middle,nonaward
A5036247394,2012,0.6,0.4,2.0,5.0,-0.19999999999999996,3.0,AAAI,middle,nonaward
A5036260775,2016,29.4,38.6,848.4,423.4,9.200000000000003,-425.0,ICSE,last,nonaward
A5036278905,2013,8.2,13.2,593.6,655.0,5.0,61.39999999999998,ICSE,last,nonaward
A5036308058,2018,2.0,2.2,110.2,80.0,0.20000000000000018,-30.200000000000003,OSDI,middle,nonaward
A5036357902,2017,73.2,151.4,3547.2,6983.2,78.2,3436.0,NeurIPS,last,nonaward
A5036370739,2014,0.2,0.2,7.8,3.6,0.0,-4.199999999999999,SODA,middle,nonaward
A5036410050,2014,0.0,5.8,0.0,73.4,5.8,73.4,WWW,middle,nonaward
A5036518572,2010,4.2,5.4,299.2,189.6,1.2000000000000002,-109.6,VLDB,middle,nonaward
A5036568091,2003,0.6,1.2,131.4,82.8,0.6,-48.60000000000001,IJCAI,first,nonaward
A5036631991,2014,1.4,0.4,352.2,244.8,-0.9999999999999999,-107.39999999999998,SODA,first,nonaward
A5036666523,2010,1.8,2.0,54.8,89.4,0.19999999999999996,34.60000000000001,STOC,first,nonaward
A5036683370,2010,35.0,35.6,2282.6,1169.8,0.6000000000000014,-1112.8,VLDB,middle,nonaward
A5036874891,2009,2.0,3.6,104.4,28.0,1.6,-76.4,CHI,middle,nonaward
A5036887176,2015,0.2,0.0,22.6,0.0,-0.2,-22.6,PODS,first,nonaward
A5037070020,2004,0.8,2.6,4.2,11.6,1.8,7.3999999999999995,ACL,last,nonaward
A5037303942,2016,2.2,1.8,55.4,65.2,-0.40000000000000013,9.800000000000004,UIST,middle,nonaward
A5037359171,2005,3.0,6.6,329.8,270.4,3.5999999999999996,-59.400000000000034,SOSP,middle,nonaward
A5037419606,2016,16.0,15.4,7825.2,1477.2,-0.5999999999999996,-6348.0,ICML,last,nonaward
A5037440046,2014,11.4,19.2,719.0,1437.8,7.799999999999999,718.8,SODA,middle,nonaward
A5037519328,2010,0.0,0.0,0.0,0.0,0.0,0.0,ICML,middle,nonaward
A5037546466,2017,20.0,14.6,135.0,79.2,-5.4,-55.8,ICCV,middle,nonaward
A5037546466,2017,20.0,14.6,135.0,79.2,-5.4,-55.8,S&P,middle,nonaward
A5037557529,2005,24.8,15.8,893.2,669.6,-9.0,-223.60000000000002,SOSP,middle,nonaward
A5037570621,2012,23.6,23.4,1785.4,955.2,-0.20000000000000284,-830.2,ICML,middle,nonaward
A5037742794,2009,16.6,21.2,3477.8,1726.6,4.599999999999998,-1751.2000000000003,VLDB,middle,nonaward
A5037750291,2018,1.4,1.6,30.4,13.8,0.20000000000000018,-16.599999999999998,OSDI,middle,nonaward
A5037856815,2013,0.4,2.0,54.8,333.4,1.6,278.59999999999997,UIST,middle,nonaward
A5037942269,2010,8.8,12.4,1713.2,722.8,3.5999999999999996,-990.4000000000001,VLDB,first,nonaward
A5037942269,2011,8.4,13.2,1599.0,487.0,4.799999999999999,-1112.0,AAAI,last,nonaward
A5038000502,2013,1.0,7.8,0.0,484.4,6.8,484.4,CHI,middle,nonaward
A5038008468,2003,18.0,18.2,234.6,784.2,0.1999999999999993,549.6,ICSE,last,nonaward
A5038037154,2005,13.6,13.4,1312.6,643.6,-0.1999999999999993,-668.9999999999999,VLDB,last,nonaward
A5038074519,2015,1.0,0.4,10.8,41.8,-0.6,30.999999999999996,S&P,middle,nonaward
A5038089398,2006,1.4,0.4,23.0,3.2,-0.9999999999999999,-19.8,VLDB,last,nonaward
A5038194873,2006,13.6,24.0,4085.6,3876.8,10.4,-208.79999999999973,ICML,last,nonaward
A5038206174,2008,10.6,6.4,628.0,893.2,-4.199999999999999,265.20000000000005,S&P,last,nonaward
A5038272292,2000,0.0,0.0,0.0,0.0,0.0,0.0,WWW,last,nonaward
A5038443968,2014,2.6,10.4,41.6,146.2,7.800000000000001,104.6,WWW,last,nonaward
A5038581447,2011,7.4,17.8,276.0,1147.4,10.4,871.4000000000001,ACL,middle,nonaward
A5038581447,2013,10.0,15.4,564.4,740.4,5.4,176.0,ACL,last,nonaward
A5038701345,2018,17.6,14.8,401.0,75.8,-2.8000000000000007,-325.2,ACL,last,nonaward
A5038701345,2018,17.6,14.8,401.0,75.8,-2.8000000000000007,-325.2,ICML,last,nonaward
A5038701345,2018,17.6,14.8,401.0,75.8,-2.8000000000000007,-325.2,ICSE,last,nonaward
A5038701345,2018,17.6,14.8,401.0,75.8,-2.8000000000000007,-325.2,IJCAI,last,nonaward
A5038701345,2018,17.6,14.8,401.0,75.8,-2.8000000000000007,-325.2,KDD,last,nonaward
A5038701345,2018,17.6,14.8,401.0,75.8,-2.8000000000000007,-325.2,NeurIPS,last,nonaward
A5038874544,2017,6.6,13.0,250.0,252.4,6.4,2.4000000000000057,ICCV,middle,nonaward
A5038874544,2017,6.6,13.0,250.0,252.4,6.4,2.4000000000000057,S&P,middle,nonaward
A5038905934,2015,12.6,9.4,571.2,397.8,-3.1999999999999993,-173.40000000000003,ICSE,middle,nonaward
A5039062073,2017,0.2,0.2,10.2,11.0,0.0,0.8000000000000007,ICCV,middle,nonaward
A5039062073,2017,0.2,0.2,10.2,11.0,0.0,0.8000000000000007,S&P,middle,nonaward
A5039064160,2011,12.8,10.2,584.2,344.2,-2.6000000000000014,-240.00000000000006,ICSE,first,nonaward
A5039084762,2010,3.4,3.6,981.2,524.2,0.20000000000000018,-457.0,OSDI,first,nonaward
A5039185696,2013,1.0,5.2,29.6,66.6,4.2,36.99999999999999,CHI,middle,nonaward
A5039189748,2018,9.2,13.8,1148.4,1129.0,4.600000000000001,-19.40000000000009,SODA,middle,nonaward
A5039339364,2011,0.4,1.6,0.2,0.4,1.2000000000000002,0.2,SOSP,middle,nonaward
A5039365507,2007,1.2,4.0,131.6,415.6,2.8,284.0,ACL,first,nonaward
A5039419996,2015,7.4,4.8,139.8,70.6,-2.6000000000000005,-69.20000000000002,CIKM,last,nonaward
A5039644814,2003,0.0,1.4,0.0,270.4,1.4,270.4,IJCAI,middle,nonaward
A5039727555,2015,8.6,10.0,74.4,50.8,1.4000000000000004,-23.60000000000001,IJCAI,middle,nonaward
A5039811502,2016,1.6,16.2,33.8,197.6,14.6,163.8,AAAI,middle,nonaward
A5040009052,2006,2.6,9.0,212.6,524.4,6.4,311.79999999999995,OSDI,last,nonaward
A5040082544,2014,5.0,5.4,1261.8,3086.0,0.40000000000000036,1824.2,SODA,middle,nonaward
A5040101293,2011,4.4,6.2,153.2,249.0,1.7999999999999998,95.80000000000001,VLDB,middle,nonaward
A5040311844,2016,2.6,4.8,349.4,2162.2,2.1999999999999997,1812.7999999999997,ICML,first,nonaward
A5040326968,2015,12.0,19.4,974.6,798.4,7.399999999999999,-176.20000000000005,ICSE,middle,nonaward
A5040334531,2017,2.0,5.2,10.6,52.4,3.2,41.8,ICCV,middle,nonaward
A5040334531,2017,2.0,5.2,10.6,52.4,3.2,41.8,S&P,middle,nonaward
A5040508390,2011,12.4,7.0,139.2,43.4,-5.4,-95.79999999999998,CHI,middle,nonaward
A5040529929,2010,24.4,19.4,4795.0,3609.8,-5.0,-1185.1999999999998,OSDI,last,nonaward
A5040574362,2015,24.4,31.4,1216.4,1092.4,7.0,-124.0,ICSE,middle,nonaward
A5040612113,2017,1.0,1.4,24.8,49.8,0.3999999999999999,24.999999999999996,ICCV,middle,nonaward
A5040612113,2017,1.0,1.4,24.8,49.8,0.3999999999999999,24.999999999999996,S&P,middle,nonaward
A5040707552,2015,2.4,2.2,582.4,115.8,-0.19999999999999973,-466.59999999999997,ICSE,middle,nonaward
A5040893925,2011,55.2,109.8,2245.2,4299.6,54.599999999999994,2054.4000000000005,IJCAI,middle,nonaward
A5040921743,2010,5.0,6.2,290.8,448.6,1.2000000000000002,157.8,OSDI,middle,nonaward
A5041023938,2012,5.8,5.2,89.0,46.0,-0.5999999999999996,-43.0,AAAI,last,nonaward
A5041084431,2007,5.4,5.8,271.8,215.0,0.39999999999999947,-56.80000000000001,ICSE,middle,nonaward
A5041092741,2012,3.8,1.0,160.0,5.2,-2.8,-154.8,ICML,middle,nonaward
A5041165593,2006,0.0,0.0,0.0,0.0,0.0,0.0,ICML,middle,nonaward
A5041219071,2017,14.4,34.8,525.0,626.6,20.4,101.60000000000002,ICCV,middle,nonaward
A5041219071,2017,14.4,34.8,525.0,626.6,20.4,101.60000000000002,S&P,middle,nonaward
A5041663672,2005,5.2,2.4,201.2,208.2,-2.8000000000000003,7.0,SOSP,middle,nonaward
A5041706388,2003,3.4,13.2,445.6,1414.4,9.799999999999999,968.8000000000001,FOCS,first,nonaward
A5041724055,2006,2.2,1.4,141.2,102.2,-0.8000000000000003,-38.999999999999986,CVPR,first,nonaward
A5041847213,2016,3.2,1.0,51.0,30.2,-2.2,-20.8,OSDI,middle,nonaward
A5041859681,2013,7.8,8.8,1356.8,513.6,1.0000000000000009,-843.1999999999999,UIST,middle,nonaward
A5041894019,2011,8.6,7.4,601.2,763.6,-1.1999999999999993,162.39999999999998,IJCAI,middle,nonaward
A5041920173,2008,27.6,24.2,3922.2,8219.6,-3.400000000000002,4297.400000000001,OSDI,last,nonaward
A5041920173,2010,21.2,26.2,3831.2,4319.2,5.0,488.0,OSDI,middle,nonaward
A5042104587,2017,15.0,20.6,617.2,355.8,5.600000000000001,-261.40000000000003,ICCV,middle,nonaward
A5042104587,2017,15.0,20.6,617.2,355.8,5.600000000000001,-261.40000000000003,S&P,middle,nonaward
A5042148531,2018,15.4,11.2,1393.4,333.8,-4.200000000000001,-1059.6000000000001,OSDI,last,nonaward
A5042236168,2007,0.0,0.0,0.0,0.0,0.0,0.0,ICSE,last,nonaward
A5042259625,2017,0.0,0.0,0.0,0.0,0.0,0.0,ACL,first,nonaward
A5042259625,2017,0.0,0.0,0.0,0.0,0.0,0.0,CVPR,first,nonaward
A5042259625,2017,0.0,0.0,0.0,0.0,0.0,0.0,SOSP,first,nonaward
A5042285100,2017,6.4,4.2,217.6,95.4,-2.2,-122.19999999999999,ICCV,middle,nonaward
A5042285100,2017,6.4,4.2,217.6,95.4,-2.2,-122.19999999999999,S&P,middle,nonaward
A5042514541,2015,1.8,1.2,18.8,1.6,-0.6000000000000001,-17.2,PODS,first,nonaward
A5042565827,2011,48.4,57.6,2144.0,5248.8,9.200000000000003,3104.8,IJCAI,middle,nonaward
A5042818115,2004,4.8,6.4,264.6,236.4,1.6000000000000005,-28.200000000000017,OSDI,last,nonaward
A5042869570,2013,0.0,0.4,0.0,69.8,0.4,69.8,UIST,middle,nonaward
A5042899882,2017,14.4,48.4,3036.6,5051.2,34.0,2014.6,SIGIR,last,nonaward
A5042983625,2018,17.0,19.0,1372.4,540.6,2.0,-831.8000000000001,SODA,middle,nonaward
A5043053174,2015,3.0,13.4,204.0,670.0,10.4,466.0,ICSE,middle,nonaward
A5043285372,2013,3.6,10.0,309.0,441.6,6.4,132.60000000000002,CHI,middle,nonaward
A5043289060,2017,6.8,9.6,209.4,504.2,2.8,294.79999999999995,ACL,middle,nonaward
A5043289060,2017,6.8,9.6,209.4,504.2,2.8,294.79999999999995,CVPR,middle,nonaward
A5043289060,2017,6.8,9.6,209.4,504.2,2.8,294.79999999999995,SOSP,middle,nonaward
A5043314383,2000,4.4,4.6,259.6,729.8,0.1999999999999993,470.19999999999993,WWW,first,nonaward
A5043512908,2015,9.8,2.8,417.0,9.0,-7.000000000000001,-408.0,NeurIPS,middle,nonaward
A5043534784,2017,3.8,3.8,151.6,122.6,0.0,-29.0,ICCV,middle,nonaward
A5043534784,2017,3.8,3.8,151.6,122.6,0.0,-29.0,S&P,middle,nonaward
A5043608616,2011,2.0,5.6,114.4,147.4,3.5999999999999996,33.0,ACL,middle,nonaward
A5043689214,2017,12.0,16.8,295.2,325.2,4.800000000000001,30.0,ICCV,middle,nonaward
A5043689214,2017,12.0,16.8,295.2,325.2,4.800000000000001,30.0,S&P,middle,nonaward
A5043695676,2018,15.6,17.4,472.4,646.8,1.799999999999999,174.39999999999998,SODA,middle,nonaward
A5043699777,2000,2.8,9.8,94.8,2330.6,7.000000000000001,2235.7999999999997,AAAI,first,nonaward
A5043780039,2010,12.4,27.2,720.8,2646.4,14.799999999999999,1925.6000000000001,ICML,middle,nonaward
A5043817735,2011,36.0,38.2,1542.0,1220.8,2.200000000000003,-321.20000000000005,IJCAI,middle,nonaward
A5043864604,2015,2.8,8.0,449.6,292.2,5.2,-157.40000000000003,ICSE,first,nonaward
A5043872671,2009,8.8,11.6,5078.6,7772.2,2.799999999999999,2693.5999999999995,S&P,first,nonaward
A5043872671,2016,12.6,11.4,10554.8,3183.8,-1.1999999999999993,-7370.999999999999,OSDI,middle,nonaward
A5043925652,2011,1.4,2.4,54.8,36.6,1.0,-18.199999999999996,VLDB,middle,nonaward
A5043936415,2003,5.4,9.6,491.0,219.4,4.199999999999999,-271.6,FOCS,middle,nonaward
A5044019139,2014,18.0,16.6,306.2,845.0,-1.3999999999999986,538.8,INFOCOM,first,nonaward
A5044038080,2011,45.0,28.2,2072.0,2782.0,-16.8,710.0,IJCAI,middle,nonaward
A5044149951,2018,0.2,2.2,0.0,21.8,2.0,21.8,OSDI,middle,nonaward
A5044266156,2011,0.8,1.6,43.2,78.4,0.8,35.2,IJCAI,first,nonaward
A5044698998,2016,0.4,2.4,4.2,241.0,2.0,236.8,ICML,last,nonaward
A5044707182,2011,0.0,0.0,0.0,0.0,0.0,0.0,MOBICOM,last,nonaward
A5044737881,2015,5.4,3.4,399.4,159.6,-2.0000000000000004,-239.79999999999998,PODS,middle,nonaward
A5044806693,2015,0.6,5.4,2.0,512.0,4.800000000000001,510.0,NeurIPS,middle,nonaward
A5044898565,2011,9.0,18.2,693.0,593.6,9.2,-99.39999999999998,VLDB,middle,nonaward
A5044932018,2007,0.8,1.4,68.4,122.0,0.5999999999999999,53.599999999999994,ACL,first,nonaward
A5045044903,2011,54.6,36.4,2205.0,830.2,-18.200000000000003,-1374.8,IJCAI,middle,nonaward
A5045087569,2004,5.0,11.6,155.6,349.8,6.6,194.20000000000002,ICSE,first,nonaward
A5045132623,2006,1.4,0.2,1.8,0.6,-1.2,-1.2000000000000002,ICML,first,nonaward
A5045198704,2012,8.8,17.0,798.0,1136.0,8.2,338.0,VLDB,middle,nonaward
A5045226987,2004,0.4,3.6,1.8,112.6,3.2,110.8,ACL,middle,nonaward
A5045299750,2013,0.0,0.2,0.0,33.6,0.2,33.6,CHI,middle,nonaward
A5045529752,2016,0.4,1.2,11.4,91.8,0.7999999999999999,80.39999999999999,OSDI,middle,nonaward
A5045738532,2013,1.8,1.2,490.0,50.4,-0.6000000000000001,-439.6,UIST,first,nonaward
A5045738980,2010,12.2,10.4,808.2,332.4,-1.799999999999999,-475.80000000000007,CIKM,middle,nonaward
A5045807606,2010,1.0,3.0,31.2,400.8,2.0,369.6,STOC,first,nonaward
A5045821546,2011,19.2,13.0,323.4,325.0,-6.199999999999999,1.6000000000000227,ICSE,middle,nonaward
A5045875579,2000,3.0,14.2,33.8,181.6,11.2,147.8,SIGIR,first,nonaward
A5046006076,2003,15.0,26.0,2898.2,4878.4,11.0,1980.1999999999998,IJCAI,last,nonaward
A5046237164,2015,11.4,22.4,355.2,679.2,10.999999999999998,324.00000000000006,ICSE,middle,nonaward
A5046318343,2000,0.0,3.8,0.0,20.2,3.8,20.2,WWW,last,nonaward
A5046318636,2010,0.0,0.0,0.0,0.0,0.0,0.0,OSDI,middle,nonaward
A5046320512,2011,1.8,9.0,36.4,255.6,7.2,219.2,IJCAI,middle,nonaward
A5046525615,2007,10.4,14.6,293.8,271.2,4.199999999999999,-22.600000000000023,STOC,last,nonaward
A5046576694,2014,0.6,15.4,6.4,638.2,14.8,631.8000000000001,VLDB,middle,nonaward
A5046665314,2018,10.4,9.2,825.0,212.4,-1.200000000000001,-612.6,MOBICOM,middle,nonaward
A5046685246,2004,9.4,11.4,1579.2,1431.2,2.0,-148.0,OSDI,last,nonaward
A5046685409,2008,4.2,6.0,124.8,519.4,1.7999999999999998,394.59999999999997,FOCS,first,nonaward
A5046950574,2005,6.0,13.6,669.0,780.8,7.6,111.79999999999995,SOSP,middle,nonaward
A5047419169,2014,5.6,7.2,141.2,110.0,1.6000000000000005,-31.19999999999999,WWW,middle,nonaward
A5047547279,2011,60.2,145.8,2855.8,11217.0,85.60000000000001,8361.2,IJCAI,middle,nonaward
A5047795399,2011,1.4,3.6,116.2,180.8,2.2,64.60000000000001,IJCAI,middle,nonaward
A5047801764,2015,1.2,0.0,225.8,0.0,-1.2,-225.8,NeurIPS,middle,nonaward
A5047864304,2009,7.8,14.6,78.8,155.4,6.8,76.60000000000001,CHI,middle,nonaward
A5047914507,2017,0.2,3.2,6.6,29.0,3.0,22.4,PLDI,middle,nonaward
A5047980012,2006,21.8,26.4,4086.2,834.6,4.599999999999998,-3251.6,SIGMOD,last,nonaward
A5048067096,2010,5.6,6.2,323.8,212.2,0.6000000000000005,-111.60000000000002,CIKM,first,nonaward
A5048097675,2015,0.0,0.0,0.0,0.0,0.0,0.0,PODS,middle,nonaward
A5048102708,2009,6.4,21.4,375.6,899.8,14.999999999999998,524.1999999999999,SOSP,first,nonaward
A5048230428,2011,3.8,8.6,96.6,89.2,4.8,-7.3999999999999915,CHI,middle,nonaward
A5048332811,2000,12.2,16.6,637.4,482.6,4.400000000000002,-154.79999999999995,WWW,first,nonaward
A5048393936,2013,0.4,0.4,4.4,4.6,0.0,0.1999999999999993,ICSE,middle,nonaward
A5048394730,2006,9.8,12.6,1774.0,2247.2,2.799999999999999,473.1999999999998,OSDI,last,nonaward
A5048420254,2003,0.0,2.0,0.0,48.2,2.0,48.2,SOSP,middle,nonaward
A5048455688,2016,2.6,2.6,9.6,15.8,0.0,6.200000000000001,ICML,middle,nonaward
A5048517879,2018,19.6,15.2,729.0,419.2,-4.400000000000002,-309.8,SODA,middle,nonaward
A5048609852,2006,11.2,14.4,1643.6,700.0,3.200000000000001,-943.5999999999999,VLDB,last,nonaward
A5048875009,2009,14.2,14.2,317.8,319.2,0.0,1.3999999999999773,CHI,middle,nonaward
A5049080042,2015,10.6,12.0,418.0,17.0,1.4000000000000004,-401.0,NeurIPS,middle,nonaward
A5049143500,2013,3.0,2.0,256.8,56.4,-1.0,-200.4,ACL,first,nonaward
A5049265718,2011,2.2,4.2,164.8,137.0,2.0,-27.80000000000001,SOSP,middle,nonaward
A5049321288,2007,29.8,35.4,1629.6,851.0,5.599999999999998,-778.5999999999999,SOSP,middle,nonaward
A5049321288,2015,29.6,29.6,558.0,576.0,0.0,18.0,SOSP,middle,nonaward
A5049321288,2017,22.4,26.0,308.6,297.4,3.6000000000000014,-11.200000000000045,NeurIPS,middle,nonaward
A5049326989,2003,0.4,0.0,12.8,0.0,-0.4,-12.8,SOSP,last,nonaward
A5049333271,2009,3.0,5.0,1178.6,510.4,2.0,-668.1999999999999,VLDB,first,nonaward
A5049356695,2013,0.0,0.0,0.0,0.0,0.0,0.0,AAAI,middle,nonaward
A5049427071,2018,4.6,13.8,238.4,255.8,9.200000000000001,17.400000000000006,AAAI,middle,nonaward
A5049506430,2012,0.4,0.2,0.2,0.0,-0.2,-0.2,ICML,middle,nonaward
A5049757389,2016,5.0,7.6,916.8,635.0,2.5999999999999996,-281.79999999999995,IJCAI,last,nonaward
A5049923623,2018,6.0,7.2,126.6,230.8,1.2000000000000002,104.20000000000002,SODA,middle,nonaward
A5049954115,2017,7.0,13.8,144.4,118.2,6.800000000000001,-26.200000000000003,PLDI,last,nonaward
A5050068584,2003,0.4,3.2,14.0,242.4,2.8000000000000003,228.4,FOCS,middle,nonaward
A5050328715,2007,6.4,10.4,230.8,248.0,4.0,17.19999999999999,FSE,middle,nonaward
A5050460385,2018,26.4,8.6,608.6,172.4,-17.799999999999997,-436.20000000000005,SODA,middle,nonaward
A5050480768,2018,13.6,15.0,505.0,1295.0,1.4000000000000004,790.0,ACL,middle,nonaward
A5050480768,2018,13.6,15.0,505.0,1295.0,1.4000000000000004,790.0,ICML,middle,nonaward
A5050480768,2018,13.6,15.0,505.0,1295.0,1.4000000000000004,790.0,ICSE,middle,nonaward
A5050480768,2018,13.6,15.0,505.0,1295.0,1.4000000000000004,790.0,IJCAI,middle,nonaward
A5050480768,2018,13.6,15.0,505.0,1295.0,1.4000000000000004,790.0,KDD,middle,nonaward
A5050480768,2018,13.6,15.0,505.0,1295.0,1.4000000000000004,790.0,NeurIPS,middle,nonaward
A5050734736,2004,0.4,0.8,8.6,59.8,0.4,51.199999999999996,ACL,middle,nonaward
A5050960308,2017,13.8,28.0,352.4,312.2,14.2,-40.19999999999999,ICCV,middle,nonaward
A5050960308,2017,13.8,28.0,352.4,312.2,14.2,-40.19999999999999,S&P,middle,nonaward
A5050971487,2017,3.6,0.6,345.6,1.8,-3.0,-343.8,ACL,last,nonaward
A5050971487,2017,3.6,0.6,345.6,1.8,-3.0,-343.8,CVPR,last,nonaward
A5050971487,2017,3.6,0.6,345.6,1.8,-3.0,-343.8,SOSP,last,nonaward
A5050993892,2017,76.2,21.4,863.6,331.8,-54.800000000000004,-531.8,ICCV,middle,nonaward
A5050993892,2017,76.2,21.4,863.6,331.8,-54.800000000000004,-531.8,S&P,middle,nonaward
A5051025628,2004,4.0,1.6,88.2,9.0,-2.4,-79.2,ICSE,last,nonaward
A5051082636,2010,1.6,0.4,53.0,29.2,-1.2000000000000002,-23.8,VLDB,middle,nonaward
A5051148799,2006,2.6,1.8,41.8,114.8,-0.8,73.0,SIGMOD,middle,nonaward
A5051292813,2018,8.8,9.2,328.4,97.6,0.3999999999999986,-230.79999999999998,SODA,middle,nonaward
A5051301731,2011,11.0,5.4,1308.4,378.2,-5.6,-930.2,CVPR,middle,nonaward
A5051301731,2014,7.6,2.6,1205.4,94.2,-5.0,-1111.2,S&P,middle,nonaward
A5051319680,2003,0.0,0.0,0.0,0.0,0.0,0.0,IJCAI,middle,nonaward
A5051391610,2007,0.4,2.2,2.6,137.6,1.8000000000000003,135.0,AAAI,middle,nonaward
A5051406984,2014,28.2,31.0,905.8,845.0,2.8000000000000007,-60.799999999999955,INFOCOM,middle,nonaward
A5051442533,2015,6.0,6.8,152.6,1200.6,0.7999999999999998,1048.0,SOSP,last,nonaward
A5051475447,2007,6.4,2.2,246.4,35.4,-4.2,-211.0,SOSP,last,nonaward
A5051481523,2016,3.6,5.8,597.8,129.4,2.1999999999999997,-468.4,IJCAI,first,nonaward
A5051715566,2017,1.0,0.6,93.4,68.6,-0.4,-24.80000000000001,ICCV,middle,nonaward
A5051715566,2017,1.0,0.6,93.4,68.6,-0.4,-24.80000000000001,S&P,middle,nonaward
A5051884519,2011,5.8,17.6,111.2,529.2,11.8,418.00000000000006,ICSE,middle,nonaward
A5051984379,2000,0.0,2.4,0.0,514.6,2.4,514.6,WWW,middle,nonaward
A5052081116,2012,1.2,8.8,106.2,3514.8,7.6000000000000005,3408.6000000000004,KDD,middle,nonaward
A5052086392,2009,6.0,8.2,196.0,335.8,2.1999999999999993,139.8,SOSP,middle,nonaward
A5052120403,2017,8.4,10.4,148.8,216.6,2.0,67.79999999999998,ICCV,middle,nonaward
A5052120403,2017,8.4,10.4,148.8,216.6,2.0,67.79999999999998,S&P,middle,nonaward
A5052188209,2015,0.8,0.0,425.4,0.0,-0.8,-425.4,SOSP,middle,nonaward
A5052194592,2011,8.0,5.6,239.0,248.0,-2.4000000000000004,9.0,IJCAI,middle,nonaward
A5052227093,2004,10.4,10.2,1207.0,1194.8,-0.20000000000000107,-12.200000000000045,OSDI,last,nonaward
A5052227093,2015,9.4,7.6,634.6,965.4,-1.8000000000000007,330.79999999999995,MOBICOM,first,nonaward
A5052249797,2004,11.0,11.4,1445.2,727.4,0.40000000000000036,-717.8000000000001,ICSE,first,nonaward
A5052390500,2017,9.2,5.4,3277.4,170.8,-3.799999999999999,-3106.6,ACL,last,nonaward
A5052390500,2017,9.2,5.4,3277.4,170.8,-3.799999999999999,-3106.6,CVPR,last,nonaward
A5052390500,2017,9.2,5.4,3277.4,170.8,-3.799999999999999,-3106.6,SOSP,last,nonaward
A5052426710,2013,8.0,17.4,388.0,478.8,9.399999999999999,90.80000000000001,ICSE,middle,nonaward
A5052828434,2006,0.2,0.2,0.2,18.8,0.0,18.6,ICML,middle,nonaward
A5052856441,2014,9.8,21.0,2099.0,8366.6,11.2,6267.6,MOBICOM,last,nonaward
A5052885090,2008,4.6,9.6,408.0,858.0,5.0,450.0,NSDI,middle,nonaward
A5052885090,2008,4.6,9.6,408.0,858.0,5.0,450.0,S&P,middle,nonaward
A5052906385,2004,3.0,1.2,119.4,56.4,-1.8,-63.00000000000001,ICSE,middle,nonaward
A5052909644,2011,3.0,3.2,168.8,38.2,0.20000000000000018,-130.60000000000002,MOBICOM,first,nonaward
A5052911278,2009,4.4,10.4,197.4,1180.0,6.0,982.6,SOSP,middle,nonaward
A5052954668,2009,6.4,9.2,177.4,130.6,2.799999999999999,-46.80000000000001,CHI,middle,nonaward
A5053094139,2005,9.4,3.6,330.6,161.2,-5.800000000000001,-169.40000000000003,VLDB,first,nonaward
A5053099892,2014,0.8,0.2,7.0,0.0,-0.6000000000000001,-7.0,WWW,first,nonaward
A5053128729,2006,9.2,13.8,2861.4,2972.2,4.600000000000001,110.79999999999973,ICML,first,nonaward
A5053148274,2017,5.0,24.2,1276.8,1567.2,19.2,290.4000000000001,ACL,last,nonaward
A5053148274,2017,5.0,24.2,1276.8,1567.2,19.2,290.4000000000001,CVPR,last,nonaward
A5053148274,2017,5.0,24.2,1276.8,1567.2,19.2,290.4000000000001,SOSP,last,nonaward
A5053174914,2016,4.2,10.8,97.0,184.2,6.6000000000000005,87.19999999999999,AAAI,middle,nonaward
A5053290697,2016,17.2,16.8,1220.8,719.4,-0.3999999999999986,-501.4,IJCAI,last,nonaward
A5053327496,2000,1.8,0.8,211.0,57.6,-1.0,-153.4,AAAI,middle,nonaward
A5053355200,2008,2.2,3.8,334.6,341.2,1.5999999999999996,6.599999999999966,OSDI,first,nonaward
A5053653018,2017,11.2,24.0,2060.0,4183.4,12.8,2123.3999999999996,ICCV,middle,nonaward
A5053653018,2017,11.2,24.0,2060.0,4183.4,12.8,2123.3999999999996,S&P,middle,nonaward
A5053774781,2017,8.4,17.8,358.8,313.6,9.4,-45.19999999999999,ICCV,middle,nonaward
A5053774781,2017,8.4,17.8,358.8,313.6,9.4,-45.19999999999999,S&P,middle,nonaward
A5053884572,2010,3.8,7.2,150.4,1698.6,3.4000000000000004,1548.1999999999998,ICML,middle,nonaward
A5053990531,2016,3.0,3.6,9571.6,906.2,0.6000000000000001,-8665.4,ICML,last,nonaward
A5053996737,2014,24.6,24.4,1763.6,2058.8,-0.20000000000000284,295.2000000000003,NeurIPS,middle,nonaward
A5054099357,2011,9.2,5.8,246.6,345.4,-3.3999999999999995,98.79999999999998,IJCAI,middle,nonaward
A5054208211,2007,8.2,5.2,527.6,291.8,-2.999999999999999,-235.8,SOSP,first,nonaward
A5054219498,2017,8.0,25.4,415.0,696.4,17.4,281.4,ICCV,middle,nonaward
A5054219498,2017,8.0,25.4,415.0,696.4,17.4,281.4,S&P,middle,nonaward
A5054262288,2015,0.2,4.8,10.8,396.2,4.6,385.4,NeurIPS,first,nonaward
A5054284310,2015,0.0,0.0,0.0,0.0,0.0,0.0,NeurIPS,last,nonaward
A5054300074,2018,8.8,8.6,129.8,148.8,-0.20000000000000107,19.0,SODA,middle,nonaward
A5054318382,2015,6.0,5.0,180.8,75.6,-1.0,-105.20000000000002,PODS,last,nonaward
A5054340462,2009,17.6,22.0,286.2,236.8,4.399999999999999,-49.39999999999998,CHI,first,nonaward
A5054358438,2011,5.6,12.0,71.8,370.8,6.4,299.0,VLDB,middle,nonaward
A5054496543,2017,0.2,0.2,52.8,4.6,0.0,-48.199999999999996,ACL,first,nonaward
A5054496543,2017,0.2,0.2,52.8,4.6,0.0,-48.199999999999996,CVPR,first,nonaward
A5054496543,2017,0.2,0.2,52.8,4.6,0.0,-48.199999999999996,SOSP,first,nonaward
A5054516256,2017,6.4,2.4,163.0,424.4,-4.0,261.4,PLDI,last,nonaward
A5054631313,2012,5.2,14.0,159.6,499.0,8.8,339.4,ICML,middle,nonaward
A5054714302,2016,2.6,2.0,389.4,133.6,-0.6000000000000001,-255.79999999999998,NSDI,last,nonaward
A5054806825,2017,0.0,1.6,0.0,62.6,1.6,62.6,ACL,middle,nonaward
A5054806825,2017,0.0,1.6,0.0,62.6,1.6,62.6,CVPR,middle,nonaward
A5054806825,2017,0.0,1.6,0.0,62.6,1.6,62.6,SOSP,middle,nonaward
A5054877198,2006,3.8,4.4,16.6,27.8,0.6000000000000005,11.2,CVPR,middle,nonaward
A5054882498,2004,1.8,0.4,347.6,47.6,-1.4,-300.0,ICSE,middle,nonaward
A5054951671,2008,0.0,1.6,0.0,177.8,1.6,177.8,NSDI,first,nonaward
A5055080388,2012,2.6,3.0,94.4,102.2,0.3999999999999999,7.799999999999997,ICML,middle,nonaward
A5055085947,2008,0.4,1.8,8.6,1107.4,1.4,1098.8000000000002,KDD,last,nonaward
A5055174684,2018,20.4,39.4,1070.6,768.8,19.0,-301.79999999999995,SODA,middle,nonaward
A5055202003,2006,19.2,14.6,12485.2,815.2,-4.6,-11670.0,CVPR,last,nonaward
A5055262951,2013,14.6,11.6,1444.8,2261.8,-3.0,817.0000000000002,CHI,last,nonaward
A5055300345,2015,1.0,1.2,59.6,56.2,0.19999999999999996,-3.3999999999999986,SOSP,first,nonaward
A5055322973,2015,0.8,1.2,1.6,14.0,0.3999999999999999,12.4,CIKM,first,nonaward
A5055368149,2010,18.0,11.6,1168.2,1490.6,-6.4,322.39999999999986,OSDI,middle,nonaward
A5055368149,2015,10.8,24.6,2038.0,3231.0,13.8,1193.0,ICSE,last,nonaward
A5055597663,2011,52.2,101.0,2793.0,10137.4,48.8,7344.4,IJCAI,middle,nonaward
A5055631938,2010,2.8,8.4,20.0,188.2,5.6000000000000005,168.2,ICML,first,nonaward
A5055778766,2014,5.2,6.6,75.4,350.2,1.3999999999999995,274.79999999999995,VLDB,middle,nonaward
A5055793906,2008,0.4,2.0,1.8,47.8,1.6,46.0,NSDI,first,nonaward
A5055928795,2015,1.4,6.0,489.6,699.6,4.6,210.0,NeurIPS,first,nonaward
A5056048906,2017,0.4,0.4,24.0,4.8,0.0,-19.2,PLDI,first,nonaward
A5056131799,2008,1.8,1.4,62.2,16.6,-0.40000000000000013,-45.6,FOCS,last,nonaward
A5056145687,2017,72.8,73.0,3349.8,5972.0,0.20000000000000284,2622.2,ICCV,last,nonaward
A5056145687,2017,72.8,73.0,3349.8,5972.0,0.20000000000000284,2622.2,S&P,last,nonaward
A5056145687,2018,72.8,86.8,3999.4,5242.8,14.0,1243.4,ACL,middle,nonaward
A5056145687,2018,72.8,86.8,3999.4,5242.8,14.0,1243.4,ICML,middle,nonaward
A5056145687,2018,72.8,86.8,3999.4,5242.8,14.0,1243.4,ICSE,middle,nonaward
A5056145687,2018,72.8,86.8,3999.4,5242.8,14.0,1243.4,IJCAI,middle,nonaward
A5056145687,2018,72.8,86.8,3999.4,5242.8,14.0,1243.4,KDD,middle,nonaward
A5056145687,2018,72.8,86.8,3999.4,5242.8,14.0,1243.4,NeurIPS,middle,nonaward
A5056186622,2006,31.8,11.8,1263.6,628.4,-20.0,-635.1999999999999,SIGMOD,last,nonaward
A5056213327,2010,6.2,8.0,89.4,168.8,1.7999999999999998,79.4,AAAI,middle,nonaward
A5056275555,2004,0.6,0.2,17.4,12.2,-0.39999999999999997,-5.199999999999999,OSDI,middle,nonaward
A5056331037,2018,13.4,54.2,149.2,1857.6,40.800000000000004,1708.3999999999999,ACL,middle,nonaward
A5056331037,2018,13.4,54.2,149.2,1857.6,40.800000000000004,1708.3999999999999,ICML,middle,nonaward
A5056331037,2018,13.4,54.2,149.2,1857.6,40.800000000000004,1708.3999999999999,ICSE,middle,nonaward
A5056331037,2018,13.4,54.2,149.2,1857.6,40.800000000000004,1708.3999999999999,IJCAI,middle,nonaward
A5056331037,2018,13.4,54.2,149.2,1857.6,40.800000000000004,1708.3999999999999,KDD,middle,nonaward
A5056331037,2018,13.4,54.2,149.2,1857.6,40.800000000000004,1708.3999999999999,NeurIPS,middle,nonaward
A5056401515,2015,0.0,0.6,0.0,13.2,0.6,13.2,SOSP,middle,nonaward
A5056439450,2011,3.2,3.2,724.2,467.2,0.0,-257.00000000000006,IJCAI,middle,nonaward
A5056523340,2002,0.4,2.8,1.8,12.6,2.4,10.799999999999999,FOCS,middle,nonaward
A5056529215,2006,3.2,4.4,800.0,35.6,1.2000000000000002,-764.4,SIGMOD,middle,nonaward
A5056574071,2009,9.2,26.6,294.4,467.4,17.400000000000002,173.0,VLDB,last,nonaward
A5056816569,2009,0.6,1.2,2.4,17.8,0.6,15.4,SOSP,middle,nonaward
A5056835166,2015,0.0,0.0,0.0,0.0,0.0,0.0,PODS,middle,nonaward
A5056968239,2010,14.2,21.0,256.0,187.6,6.800000000000001,-68.4,CIKM,middle,nonaward
A5056977175,2017,3.0,14.2,390.0,327.8,11.2,-62.19999999999999,SIGIR,middle,nonaward
A5057193820,2012,20.4,19.8,1585.0,1223.8,-0.5999999999999979,-361.20000000000005,AAAI,last,nonaward
A5057277134,2007,0.6,0.0,36.8,0.0,-0.6,-36.8,SOSP,middle,nonaward
A5057451920,2017,2.6,6.6,122.6,274.0,3.9999999999999996,151.4,NeurIPS,middle,nonaward
A5057720082,2016,0.4,0.0,1.8,0.0,-0.4,-1.8,CHI,last,nonaward
A5057836299,2014,3.0,4.8,353.2,279.0,1.7999999999999998,-74.19999999999999,NeurIPS,first,nonaward
A5057862535,2014,2.8,5.0,858.6,611.2,2.2,-247.39999999999998,SODA,middle,nonaward
A5057864403,2012,3.4,2.4,219.8,20.6,-1.0,-199.20000000000002,VLDB,first,nonaward
A5058102069,2008,2.8,4.8,200.6,669.4,2.0,468.79999999999995,S&P,first,nonaward
A5058111343,2017,0.4,2.8,38.0,112.6,2.4,74.6,ICCV,middle,nonaward
A5058111343,2017,0.4,2.8,38.0,112.6,2.4,74.6,S&P,middle,nonaward
A5058194958,2014,5.2,10.4,2081.0,1754.8,5.2,-326.20000000000005,SODA,middle,nonaward
A5058252161,2013,0.0,0.0,0.0,0.0,0.0,0.0,VLDB,middle,nonaward
A5058445680,2018,27.0,27.0,2155.2,928.8,0.0,-1226.3999999999999,SODA,middle,nonaward
A5058585051,2005,0.0,0.6,0.0,31.8,0.6,31.8,SOSP,middle,nonaward
A5058658448,2018,34.8,22.4,3238.6,819.2,-12.399999999999999,-2419.3999999999996,SODA,middle,nonaward
A5058661031,2008,0.6,0.6,24.6,76.6,0.0,51.99999999999999,S&P,middle,nonaward
A5058699032,2015,9.6,11.4,336.4,451.6,1.8000000000000007,115.20000000000005,PODS,middle,nonaward
A5058849628,2011,2.4,3.4,78.6,163.0,1.0,84.4,ACL,first,nonaward
A5058858179,2010,6.6,7.4,463.0,713.6,0.8000000000000007,250.60000000000002,ICML,middle,nonaward
A5059156047,2016,1.8,0.8,19.2,36.0,-1.0,16.8,ICSE,first,nonaward
A5059159508,2018,5.0,9.6,471.2,201.0,4.6,-270.2,SODA,middle,nonaward
A5059167302,2014,4.4,7.0,62.0,109.4,2.5999999999999996,47.400000000000006,S&P,middle,nonaward
A5059248173,2017,14.6,12.8,307.8,255.8,-1.799999999999999,-52.0,ICCV,middle,nonaward
A5059248173,2017,14.6,12.8,307.8,255.8,-1.799999999999999,-52.0,S&P,middle,nonaward
A5059273574,2011,3.6,6.2,132.0,233.2,2.6,101.19999999999999,AAAI,first,nonaward
A5059454433,2014,5.4,6.6,390.2,766.4,1.1999999999999993,376.2,NeurIPS,last,nonaward
A5059491225,2003,5.2,7.8,1990.0,581.2,2.5999999999999996,-1408.8,SOSP,first,nonaward
A5059491225,2005,9.2,5.6,2156.2,321.8,-3.5999999999999996,-1834.3999999999999,SOSP,middle,nonaward
A5059514811,2015,2.8,5.8,32.2,20.6,3.0,-11.600000000000001,PODS,last,nonaward
A5059524630,2013,1.0,0.2,34.6,2.0,-0.8,-32.6,VLDB,first,nonaward
A5059591440,2010,0.8,2.6,21.0,120.8,1.8,99.8,AAAI,middle,nonaward
A5059597570,2016,3.8,2.6,55.4,31.0,-1.1999999999999997,-24.4,OSDI,middle,nonaward
A5059734125,2009,0.4,0.4,14.0,278.6,0.0,264.6,S&P,middle,nonaward
A5059796153,2012,17.6,22.8,1261.0,833.6,5.199999999999999,-427.4,ICML,middle,nonaward
A5059822476,2015,6.0,3.6,391.8,160.4,-2.4,-231.4,FSE,middle,nonaward
A5059896630,2018,4.0,1.4,352.4,18.0,-2.6,-334.4,MOBICOM,middle,nonaward
A5060020877,2018,62.0,93.8,2113.2,3676.0,31.799999999999997,1562.8000000000002,ACL,last,nonaward
A5060020877,2018,62.0,93.8,2113.2,3676.0,31.799999999999997,1562.8000000000002,ICML,last,nonaward
A5060020877,2018,62.0,93.8,2113.2,3676.0,31.799999999999997,1562.8000000000002,ICSE,last,nonaward
A5060020877,2018,62.0,93.8,2113.2,3676.0,31.799999999999997,1562.8000000000002,IJCAI,last,nonaward
A5060020877,2018,62.0,93.8,2113.2,3676.0,31.799999999999997,1562.8000000000002,KDD,last,nonaward
A5060020877,2018,62.0,93.8,2113.2,3676.0,31.799999999999997,1562.8000000000002,NeurIPS,last,nonaward
A5060049408,2014,2.2,3.4,7202.4,481.0,1.1999999999999997,-6721.4,SODA,middle,nonaward
A5060118256,2015,1.0,0.0,220.0,0.0,-1.0,-220.0,NeurIPS,middle,nonaward
A5060230343,2013,1.4,2.6,25.0,34.0,1.2000000000000002,9.0,VLDB,first,nonaward
A5060331748,2012,0.0,0.8,0.0,12.0,0.8,12.0,AAAI,middle,nonaward
A5060511349,2017,16.2,40.0,9110.8,2442.0,23.8,-6668.799999999999,SIGIR,middle,nonaward
A5060511349,2017,16.2,40.0,9110.8,2442.0,23.8,-6668.799999999999,SIGIR,last,nonaward
A5060633277,2015,15.2,23.6,522.6,787.2,8.400000000000002,264.6,PODS,middle,nonaward
A5060663565,2018,21.6,11.6,1093.4,376.6,-10.000000000000002,-716.8000000000001,SODA,first,nonaward
A5060703788,2018,0.4,2.6,20.8,46.0,2.2,25.2,OSDI,first,nonaward
A5060736512,2011,49.2,28.4,2081.6,663.2,-20.800000000000004,-1418.3999999999999,IJCAI,middle,nonaward
A5060795990,2012,13.8,7.0,820.8,59.6,-6.800000000000001,-761.1999999999999,ICML,last,nonaward
A5060826866,2017,4.6,8.0,154.6,222.4,3.4000000000000004,67.80000000000001,ICCV,middle,nonaward
A5060826866,2017,4.6,8.0,154.6,222.4,3.4000000000000004,67.80000000000001,S&P,middle,nonaward
A5060832606,2008,2.0,3.0,932.2,61.6,1.0,-870.6,OSDI,middle,nonaward
A5061038699,2000,0.0,0.6,0.0,23.0,0.6,23.0,WWW,middle,nonaward
A5061159721,2000,5.0,8.0,133.0,264.6,3.0,131.60000000000002,AAAI,first,nonaward
A5061200287,2017,0.2,8.2,13.8,532.4,7.999999999999999,518.6,ICCV,first,nonaward
A5061200287,2017,0.2,8.2,13.8,532.4,7.999999999999999,518.6,S&P,first,nonaward
A5061271133,2017,8.4,7.2,397.8,213.0,-1.2000000000000002,-184.8,ICCV,middle,nonaward
A5061271133,2017,8.4,7.2,397.8,213.0,-1.2000000000000002,-184.8,S&P,middle,nonaward
A5061339425,2018,2.6,7.0,32.6,204.6,4.4,172.0,OSDI,middle,nonaward
A5061370149,2011,1.6,0.8,322.0,193.0,-0.8,-129.0,IJCAI,middle,nonaward
A5061429095,2017,32.8,89.0,1841.0,5884.0,56.2,4043.0,ICCV,middle,nonaward
A5061429095,2017,32.8,89.0,1841.0,5884.0,56.2,4043.0,S&P,middle,nonaward
A5061488382,2015,1.0,5.0,48.6,1183.0,4.0,1134.4,CIKM,first,nonaward
A5061550768,2017,9.8,22.4,1123.8,254.6,12.599999999999998,-869.1999999999999,ICCV,middle,nonaward
A5061550768,2017,9.8,22.4,1123.8,254.6,12.599999999999998,-869.1999999999999,S&P,middle,nonaward
A5061717541,2014,17.6,14.4,249.2,241.8,-3.200000000000001,-7.399999999999977,WWW,last,nonaward
A5061781581,2015,0.6,1.8,12.8,17.8,1.2000000000000002,5.0,PODS,middle,nonaward
A5061917374,2008,0.0,0.0,0.0,0.0,0.0,0.0,KDD,middle,nonaward
A5061948215,2007,0.6,0.6,13.2,7.8,0.0,-5.3999999999999995,ACL,first,nonaward
A5062060515,2015,11.4,13.8,257.0,277.8,2.4000000000000004,20.80000000000001,PODS,middle,nonaward
A5062093738,2005,20.8,32.0,839.4,2214.6,11.2,1375.1999999999998,SOSP,middle,nonaward
A5062135735,2011,2.4,4.4,4.2,97.4,2.0000000000000004,93.2,ICSE,first,nonaward
A5062279338,2010,0.0,0.2,0.0,56.2,0.2,56.2,OSDI,middle,nonaward
A5062281425,2013,0.8,3.0,6.8,25.2,2.2,18.4,VLDB,middle,nonaward
A5062375227,2014,23.6,24.0,370.4,1168.2,0.3999999999999986,797.8000000000001,NeurIPS,middle,nonaward
A5062461687,2013,0.4,5.4,2.0,149.6,5.0,147.6,CHI,first,nonaward
A5062488081,2012,1.0,0.0,403.0,0.0,-1.0,-403.0,VLDB,middle,nonaward
A5062506598,2017,27.0,39.2,529.4,398.8,12.200000000000003,-130.59999999999997,ICCV,middle,nonaward
A5062506598,2017,27.0,39.2,529.4,398.8,12.200000000000003,-130.59999999999997,S&P,middle,nonaward
A5062606021,2015,4.2,1.6,582.6,133.8,-2.6,-448.8,NeurIPS,middle,nonaward
A5062687219,2018,9.2,255.6,406.2,832.6,246.4,426.40000000000003,SODA,middle,nonaward
A5062883663,2016,1.4,3.6,1116.2,10255.2,2.2,9139.0,ICML,middle,nonaward
A5062951341,2016,5.2,26.4,2347.4,1719.4,21.2,-628.0,ICML,middle,nonaward
A5063231555,2007,7.0,2.8,238.6,118.8,-4.2,-119.8,SOSP,middle,nonaward
A5063271203,2003,3.2,0.6,71.8,43.0,-2.6,-28.799999999999997,ICSE,middle,nonaward
A5063418985,2011,49.2,70.4,2247.2,5963.8,21.200000000000003,3716.6000000000004,IJCAI,middle,nonaward
A5063596836,2018,0.4,0.6,105.4,88.8,0.19999999999999996,-16.60000000000001,ACL,middle,nonaward
A5063596836,2018,0.4,0.6,105.4,88.8,0.19999999999999996,-16.60000000000001,ICML,middle,nonaward
A5063596836,2018,0.4,0.6,105.4,88.8,0.19999999999999996,-16.60000000000001,ICSE,middle,nonaward
A5063596836,2018,0.4,0.6,105.4,88.8,0.19999999999999996,-16.60000000000001,IJCAI,middle,nonaward
A5063596836,2018,0.4,0.6,105.4,88.8,0.19999999999999996,-16.60000000000001,KDD,middle,nonaward
A5063596836,2018,0.4,0.6,105.4,88.8,0.19999999999999996,-16.60000000000001,NeurIPS,middle,nonaward
A5063702379,2015,12.6,19.4,689.6,824.4,6.799999999999999,134.79999999999995,PODS,middle,nonaward
A5063732029,2016,0.8,2.2,1.2,3.6,1.4000000000000001,2.4000000000000004,CHI,last,nonaward
A5063771762,2016,0.0,0.8,0.0,120.2,0.8,120.2,OSDI,middle,nonaward
A5063837636,2013,0.0,0.2,0.0,108.4,0.2,108.4,VLDB,first,nonaward
A5064005944,2017,2.4,10.8,77.0,280.8,8.4,203.8,ICCV,middle,nonaward
A5064005944,2017,2.4,10.8,77.0,280.8,8.4,203.8,S&P,middle,nonaward
A5064032990,2016,13.2,17.4,342.8,254.2,4.199999999999999,-88.60000000000002,NSDI,middle,nonaward
A5064323671,2012,5.0,16.6,141.4,222.8,11.600000000000001,81.4,AAAI,middle,nonaward
A5064467907,2011,19.4,70.4,606.4,2583.6,51.00000000000001,1977.1999999999998,IJCAI,middle,nonaward
A5064588009,2014,8.4,9.4,813.6,678.0,1.0,-135.60000000000002,SODA,middle,nonaward
A5064686531,2002,0.0,0.4,0.0,0.8,0.4,0.8,FOCS,first,nonaward
A5064822549,2018,2.4,0.4,40.8,2.4,-2.0,-38.4,OSDI,middle,nonaward
A5064857767,2018,13.2,17.6,912.6,533.0,4.400000000000002,-379.6,MOBICOM,middle,nonaward
A5064913223,2015,0.2,0.0,4.0,0.0,-0.2,-4.0,S&P,last,nonaward
A5064952364,2010,1.6,0.6,100.2,100.0,-1.0,-0.20000000000000284,ICML,middle,nonaward
A5064967272,2018,8.2,26.0,859.6,2215.0,17.8,1355.4,SODA,middle,nonaward
A5064988079,2012,11.6,10.0,710.2,282.6,-1.5999999999999996,-427.6,VLDB,middle,nonaward
A5065104734,2013,12.0,3.0,325.6,140.6,-9.0,-185.00000000000003,AAAI,last,nonaward
A5065272741,2012,0.2,0.0,8.2,0.0,-0.2,-8.2,SODA,middle,nonaward
A5065277559,2002,3.0,3.8,53.8,74.2,0.7999999999999998,20.400000000000006,FOCS,last,nonaward
A5065337164,2009,2.4,9.0,29.4,83.8,6.6,54.4,VLDB,first,nonaward
A5065382757,2011,2.2,1.2,14.8,21.6,-1.0000000000000002,6.800000000000001,MOBICOM,first,nonaward
A5065444666,2008,2.8,8.2,331.6,665.0,5.3999999999999995,333.4,KDD,middle,nonaward
A5065590784,2004,2.8,3.0,91.0,103.8,0.20000000000000018,12.799999999999997,OSDI,first,nonaward
A5065634079,2018,8.4,10.8,2163.0,148.4,2.4000000000000004,-2014.6,SODA,last,nonaward
A5065661266,2014,1.4,4.6,55.8,3334.4,3.1999999999999997,3278.6,SODA,middle,nonaward
A5065667589,2017,8.6,11.8,312.6,274.0,3.200000000000001,-38.60000000000002,ICCV,middle,nonaward
A5065667589,2017,8.6,11.8,312.6,274.0,3.200000000000001,-38.60000000000002,S&P,middle,nonaward
A5065859226,2012,6.8,7.0,155.6,74.4,0.20000000000000018,-81.19999999999999,SODA,middle,nonaward
A5066000219,2004,3.2,5.0,573.0,2249.4,1.7999999999999998,1676.4,OSDI,middle,nonaward
A5066005299,2015,0.8,3.2,5.8,22.4,2.4000000000000004,16.599999999999998,IJCAI,first,nonaward
A5066020533,2007,18.4,11.8,303.4,109.4,-6.599999999999998,-193.99999999999997,IJCAI,first,nonaward
A5066054979,2018,19.4,15.6,402.2,264.6,-3.799999999999999,-137.59999999999997,SODA,middle,nonaward
A5066263895,2004,9.0,2.0,401.0,220.6,-7.0,-180.4,OSDI,middle,nonaward
A5066283048,2015,1.4,0.6,396.6,0.4,-0.7999999999999999,-396.20000000000005,MOBICOM,middle,nonaward
A5066294254,2016,2.8,16.8,1321.8,5476.0,14.0,4154.2,ICML,first,nonaward
A5066366719,2013,1.2,0.2,1.6,0.4,-1.0,-1.2000000000000002,AAAI,last,nonaward
A5066367543,2016,0.0,1.2,0.0,23.0,1.2,23.0,AAAI,middle,nonaward
A5066545991,2005,13.6,9.0,7842.4,451.6,-4.6,-7390.799999999999,SOSP,last,nonaward
A5066582682,2015,15.6,7.4,794.4,236.4,-8.2,-558.0,CIKM,middle,nonaward
A5066707136,2010,3.8,7.8,107.8,850.0,4.0,742.2,OSDI,middle,nonaward
A5066732439,2008,0.2,0.4,1.2,1.8,0.2,0.6000000000000001,CHI,first,nonaward
A5066785271,2017,0.4,1.6,19.2,24.6,1.2000000000000002,5.400000000000002,PLDI,first,nonaward
A5066905923,2013,2.6,7.6,97.4,478.8,5.0,381.4,CHI,middle,nonaward
A5066932926,2009,3.6,2.2,597.0,11.4,-1.4,-585.6,SOSP,middle,nonaward
A5067010782,2016,0.8,1.8,1.8,61.6,1.0,59.800000000000004,OSDI,first,nonaward
A5067131548,2016,0.0,2.4,0.0,132.2,2.4,132.2,OSDI,middle,nonaward
A5067205810,2017,1.2,3.6,9.8,70.2,2.4000000000000004,60.400000000000006,PLDI,middle,nonaward
A5067250964,2011,4.0,3.6,1219.8,367.6,-0.3999999999999999,-852.1999999999999,CVPR,middle,nonaward
A5067335143,2016,3.8,1.8,288.6,43.6,-1.9999999999999998,-245.00000000000003,OSDI,middle,nonaward
A5067514564,2018,0.8,4.2,176.2,317.2,3.4000000000000004,141.0,AAAI,first,nonaward
A5067517357,2010,2.2,9.0,14.8,612.0,6.8,597.2,OSDI,middle,nonaward
A5067621853,2006,18.8,11.4,2603.2,1583.2,-7.4,-1019.9999999999998,VLDB,first,nonaward
A5067621853,2006,18.8,11.4,2603.2,1583.2,-7.4,-1019.9999999999998,VLDB,middle,nonaward
A5067621853,2011,11.4,10.2,1597.0,222.4,-1.200000000000001,-1374.6,CVPR,last,nonaward
A5067704386,2016,6.8,5.8,88.4,113.2,-1.0,24.799999999999997,ICSE,last,nonaward
A5067890007,2017,25.6,22.6,1085.4,682.6,-3.0,-402.80000000000007,ICCV,middle,nonaward
A5067890007,2017,25.6,22.6,1085.4,682.6,-3.0,-402.80000000000007,S&P,middle,nonaward
A5067924380,2015,3.4,6.4,31.6,24.0,3.0000000000000004,-7.600000000000001,IJCAI,last,nonaward
A5068021191,2000,4.0,7.8,663.8,1855.8,3.8,1192.0,WWW,middle,nonaward
A5068021191,2005,6.2,9.2,2003.8,1247.4,2.999999999999999,-756.3999999999999,VLDB,last,nonaward
A5068112747,2015,2.4,0.0,118.0,0.0,-2.4,-118.0,MOBICOM,first,nonaward
A5068251706,2012,8.6,6.4,424.8,237.4,-2.1999999999999993,-187.4,AAAI,middle,nonaward
A5068254275,2011,7.6,6.6,2854.0,516.6,-1.0,-2337.4,CVPR,middle,nonaward
A5068394403,2017,0.6,9.4,101.4,1664.6,8.8,1563.1999999999998,ACL,first,nonaward
A5068394403,2017,0.6,9.4,101.4,1664.6,8.8,1563.1999999999998,CVPR,first,nonaward
A5068394403,2017,0.6,9.4,101.4,1664.6,8.8,1563.1999999999998,SOSP,first,nonaward
A5068599616,2016,0.0,1.6,0.0,189.0,1.6,189.0,OSDI,middle,nonaward
A5068656698,2017,0.2,2.6,13.8,19.2,2.4,5.399999999999999,ICCV,middle,nonaward
A5068656698,2017,0.2,2.6,13.8,19.2,2.4,5.399999999999999,S&P,middle,nonaward
A5068715576,2007,3.6,1.2,61.8,5.2,-2.4000000000000004,-56.599999999999994,SOSP,middle,nonaward
A5068774836,2001,0.0,2.4,0.0,775.2,2.4,775.2,ICCV,first,nonaward
A5068927131,2018,1.8,1.6,30.4,14.8,-0.19999999999999996,-15.599999999999998,SODA,middle,nonaward
A5068984079,2009,5.4,6.8,196.0,160.2,1.3999999999999995,-35.80000000000001,SOSP,middle,nonaward
A5069011854,2016,0.0,0.8,0.0,2.8,0.8,2.8,CHI,first,nonaward
A5069203388,2009,0.6,4.8,11.4,290.0,4.2,278.6,SOSP,middle,nonaward
A5069206751,2018,20.2,12.2,715.4,123.2,-8.0,-592.1999999999999,SODA,middle,nonaward
A5069236544,2014,11.4,5.6,304.0,50.0,-5.800000000000001,-254.0,VLDB,middle,nonaward
A5069237428,2014,12.8,12.4,677.6,328.2,-0.40000000000000036,-349.40000000000003,S&P,middle,nonaward
A5069438536,2014,7.6,5.6,176.2,153.0,-2.0,-23.19999999999999,INFOCOM,last,nonaward
A5069553722,2018,24.4,13.2,772.0,176.2,-11.2,-595.8,SODA,middle,nonaward
A5069629751,2011,0.0,0.0,0.0,0.0,0.0,0.0,IJCAI,first,nonaward
A5069856068,2016,16.6,39.6,819.6,529.2,23.0,-290.4,ICSE,middle,nonaward
A5069904746,2018,27.4,14.4,1240.6,414.4,-12.999999999999998,-826.1999999999999,SODA,middle,nonaward
A5069989966,2011,1.4,13.6,48.4,494.8,12.2,446.40000000000003,SOSP,first,nonaward
A5070031492,2018,1.6,12.6,77.8,256.0,11.0,178.2,OSDI,middle,nonaward
A5070178395,2010,2.8,11.4,89.8,1551.6,8.600000000000001,1461.8,ICML,first,nonaward
A5070230245,2017,21.4,30.4,913.8,613.4,9.0,-300.4,ICCV,first,nonaward
A5070230245,2017,21.4,30.4,913.8,613.4,9.0,-300.4,S&P,first,nonaward
A5070256636,2015,0.4,0.2,34.0,5.6,-0.2,-28.4,SOSP,middle,nonaward
A5070273088,2007,15.8,11.0,864.2,746.0,-4.800000000000001,-118.20000000000005,AAAI,middle,nonaward
A5070351718,2018,6.8,12.0,227.0,315.0,5.2,88.0,SODA,middle,nonaward
A5070428897,2013,4.0,8.4,107.4,281.0,4.4,173.6,CHI,middle,nonaward
A5070486479,2013,23.2,26.6,1731.0,1373.2,3.400000000000002,-357.79999999999995,UIST,last,nonaward
A5070613374,2017,12.4,17.0,997.4,357.2,4.6,-640.2,NeurIPS,last,nonaward
A5070920982,2010,10.0,21.2,3099.2,3275.8,11.2,176.60000000000036,ICML,first,nonaward
A5070924304,2006,2.6,9.8,1347.2,2193.2,7.200000000000001,845.9999999999998,ICML,middle,nonaward
A5070988309,2003,0.8,0.6,7.0,34.4,-0.20000000000000007,27.4,ICSE,middle,nonaward
A5071001999,2011,11.8,16.6,228.8,480.4,4.800000000000001,251.59999999999997,ICSE,middle,nonaward
A5071016611,2008,11.0,7.8,1178.2,400.6,-3.2,-777.6,FOCS,middle,nonaward
A5071039750,2007,5.4,4.6,351.0,251.4,-0.8000000000000007,-99.6,STOC,middle,nonaward
A5071057752,2018,2.8,6.4,61.8,114.6,3.6000000000000005,52.8,SODA,middle,nonaward
A5071093940,2016,24.0,62.0,2733.4,3038.6,38.0,305.1999999999998,UIST,last,nonaward
A5071107599,2017,2.8,2.8,144.4,142.4,0.0,-2.0,ICCV,middle,nonaward
A5071107599,2017,2.8,2.8,144.4,142.4,0.0,-2.0,S&P,middle,nonaward
A5071341444,2016,30.6,52.0,2808.4,2701.4,21.4,-107.0,IJCAI,middle,nonaward
A5071356177,2003,1.8,5.8,107.6,872.6,4.0,765.0,SOSP,middle,nonaward
A5071367253,2010,21.8,31.4,1451.2,2119.6,9.599999999999998,668.3999999999999,AAAI,first,nonaward
A5071518289,2007,8.0,35.2,97.0,1928.0,27.200000000000003,1831.0,AAAI,last,nonaward
A5071661999,2018,0.2,1.0,0.2,23.8,0.8,23.6,OSDI,middle,nonaward
A5071710055,2016,1.6,3.6,309.0,2224.2,2.0,1915.1999999999998,ICML,middle,nonaward
A5071747335,2011,6.0,6.0,347.4,339.0,0.0,-8.399999999999977,IJCAI,middle,nonaward
A5071969226,2015,0.8,1.0,1.4,8.8,0.19999999999999996,7.4,FSE,first,nonaward
A5072032804,2011,21.6,22.2,283.0,371.6,0.5999999999999979,88.60000000000002,ACL,first,nonaward
A5072132161,2005,1.6,3.4,19.2,136.4,1.7999999999999998,117.2,PODS,first,nonaward
A5072236833,2008,0.2,0.0,13.0,0.0,-0.2,-13.0,OSDI,middle,nonaward
A5072545148,2016,0.8,0.0,72.8,0.0,-0.8,-72.8,NSDI,first,nonaward
A5072668133,2010,1.4,0.6,46.4,3.6,-0.7999999999999999,-42.8,AAAI,middle,nonaward
A5072754929,2015,14.4,11.4,436.6,333.4,-3.0,-103.20000000000005,FSE,middle,nonaward
A5072765579,2003,2.8,4.4,182.0,164.8,1.6000000000000005,-17.19999999999999,ICSE,first,nonaward
A5072768006,2012,9.8,16.0,401.6,444.6,6.199999999999999,43.0,AAAI,middle,nonaward
A5072774346,2012,0.2,1.4,8.0,14.2,1.2,6.199999999999999,AAAI,first,nonaward
A5072845141,2012,0.0,6.2,0.0,219.4,6.2,219.4,ICML,middle,nonaward
A5072946826,2013,19.4,12.6,294.0,1941.6,-6.799999999999999,1647.6,VLDB,last,nonaward
A5072972153,2017,1.0,6.6,1.8,252.2,5.6,250.39999999999998,NeurIPS,middle,nonaward
A5073266051,2015,0.2,0.4,0.0,0.8,0.2,0.8,PODS,first,nonaward
A5073279320,2018,16.8,33.4,779.8,1132.2,16.599999999999998,352.4000000000001,SODA,middle,nonaward
A5073381808,2011,2.2,2.6,43.4,32.8,0.3999999999999999,-10.600000000000001,MOBICOM,middle,nonaward
A5073490832,2010,0.6,4.4,83.4,238.6,3.8000000000000003,155.2,AAAI,first,nonaward
A5073564746,2013,1.8,2.2,20.2,228.2,0.40000000000000013,208.0,UIST,first,nonaward
A5073615852,2013,28.4,19.6,1598.0,626.6,-8.799999999999997,-971.4,UIST,middle,nonaward
A5073644080,2011,2.8,3.2,162.2,120.6,0.40000000000000036,-41.599999999999994,AAAI,middle,nonaward
A5073761333,2010,0.8,2.6,23.8,86.0,1.8,62.2,AAAI,middle,nonaward
A5073838872,2011,0.8,5.0,29.6,182.2,4.2,152.6,SOSP,first,nonaward
A5073893026,2007,15.2,9.8,1153.8,235.2,-5.399999999999999,-918.5999999999999,STOC,first,nonaward
A5073929693,2014,8.0,7.2,299.6,59.4,-0.7999999999999998,-240.20000000000002,S&P,middle,nonaward
A5074053393,2018,8.4,23.4,1038.4,1997.8,14.999999999999998,959.3999999999999,SODA,middle,nonaward
A5074117167,2005,15.2,24.2,841.6,1142.4,9.0,300.80000000000007,SOSP,middle,nonaward
A5074449880,2015,33.6,24.6,397.8,365.2,-9.0,-32.60000000000002,PODS,middle,nonaward
A5074634159,2011,52.0,34.4,2190.0,824.2,-17.6,-1365.8,IJCAI,middle,nonaward
A5074676968,2017,2.8,5.8,147.4,166.4,3.0,19.0,ICCV,middle,nonaward
A5074676968,2017,2.8,5.8,147.4,166.4,3.0,19.0,S&P,middle,nonaward
A5074688642,2017,5.8,8.8,296.4,339.6,3.000000000000001,43.200000000000045,ICCV,middle,nonaward
A5074688642,2017,5.8,8.8,296.4,339.6,3.000000000000001,43.200000000000045,S&P,middle,nonaward
A5074696397,2014,0.6,0.0,1.0,0.0,-0.6,-1.0,ICSE,first,nonaward
A5074699550,2013,2.8,2.6,54.6,18.4,-0.19999999999999973,-36.2,VLDB,middle,nonaward
A5074733625,2015,25.4,27.2,16475.4,1638.4,1.8000000000000007,-14837.000000000002,MOBICOM,first,nonaward
A5074833254,2007,0.0,0.8,0.0,1.6,0.8,1.6,ICSE,last,nonaward
A5074932472,2011,0.2,0.8,28.2,111.8,0.6000000000000001,83.6,ACL,middle,nonaward
A5074972565,2016,5.4,1.2,38.8,16.6,-4.2,-22.199999999999996,OSDI,middle,nonaward
A5074983045,2018,0.0,0.2,0.0,87.2,0.2,87.2,ACL,middle,nonaward
A5074983045,2018,0.0,0.2,0.0,87.2,0.2,87.2,ICML,middle,nonaward
A5074983045,2018,0.0,0.2,0.0,87.2,0.2,87.2,ICSE,middle,nonaward
A5074983045,2018,0.0,0.2,0.0,87.2,0.2,87.2,IJCAI,middle,nonaward
A5074983045,2018,0.0,0.2,0.0,87.2,0.2,87.2,KDD,middle,nonaward
A5074983045,2018,0.0,0.2,0.0,87.2,0.2,87.2,NeurIPS,middle,nonaward
A5075020037,2018,9.6,11.8,388.6,585.2,2.200000000000001,196.60000000000002,SODA,first,nonaward
A5075120903,2016,9.6,9.6,216.6,290.0,0.0,73.4,OSDI,middle,nonaward
A5075239850,2004,0.6,0.0,37.0,0.0,-0.6,-37.0,ICSE,middle,nonaward
A5075250507,2012,11.6,14.4,165.2,157.4,2.8000000000000007,-7.799999999999983,AAAI,last,nonaward
A5075324475,2011,4.8,5.2,183.4,24.2,0.40000000000000036,-159.20000000000002,CHI,first,nonaward
A5075352227,2009,1.2,4.2,93.6,68.4,3.0,-25.19999999999999,S&P,middle,nonaward
A5075370174,2016,49.4,32.2,697.2,371.6,-17.199999999999996,-325.6,UIST,last,nonaward
A5075517045,2015,140.4,61.2,1991.4,770.4,-79.2,-1221.0,S&P,last,nonaward
A5075647934,2017,1.6,1.4,157.4,25.6,-0.20000000000000018,-131.8,ACL,middle,nonaward
A5075647934,2017,1.6,1.4,157.4,25.6,-0.20000000000000018,-131.8,CVPR,middle,nonaward
A5075647934,2017,1.6,1.4,157.4,25.6,-0.20000000000000018,-131.8,SOSP,middle,nonaward
A5075694498,2016,17.2,17.0,224.8,406.4,-0.1999999999999993,181.59999999999997,CHI,first,nonaward
A5075716233,2017,1.2,11.4,27.2,302.2,10.200000000000001,275.0,ICCV,middle,nonaward
A5075716233,2017,1.2,11.4,27.2,302.2,10.200000000000001,275.0,S&P,middle,nonaward
A5075743927,2011,14.2,9.0,675.4,200.2,-5.199999999999999,-475.2,IJCAI,middle,nonaward
A5075828320,2017,37.2,34.8,1343.2,755.2,-2.4000000000000057,-588.0,ICCV,middle,nonaward
A5075828320,2017,37.2,34.8,1343.2,755.2,-2.4000000000000057,-588.0,S&P,middle,nonaward
A5075829722,2018,18.0,11.8,990.6,215.4,-6.199999999999999,-775.2,SODA,middle,nonaward
A5075894805,2007,4.4,4.8,193.8,325.0,0.39999999999999947,131.2,STOC,first,nonaward
A5075906727,2013,4.2,23.4,913.0,6748.0,19.2,5835.0,AAAI,middle,nonaward
A5075917312,2014,0.0,0.4,0.0,5.6,0.4,5.6,NeurIPS,first,nonaward
A5076069948,2011,7.2,60.4,152.8,5391.6,53.199999999999996,5238.8,IJCAI,middle,nonaward
A5076090151,2011,18.2,48.8,613.0,3215.8,30.599999999999998,2602.8,IJCAI,middle,nonaward
A5076172595,2013,8.2,9.2,533.8,399.6,1.0,-134.19999999999993,CHI,middle,nonaward
A5076175302,2017,3.6,4.2,154.6,135.0,0.6000000000000001,-19.599999999999994,ICCV,middle,nonaward
A5076175302,2017,3.6,4.2,154.6,135.0,0.6000000000000001,-19.599999999999994,S&P,middle,nonaward
A5076210154,2013,5.8,9.2,64.0,257.0,3.3999999999999995,193.0,AAAI,first,nonaward
A5076215229,2017,0.6,5.4,111.4,206.2,4.800000000000001,94.79999999999998,VLDB,first,nonaward
A5076236630,2013,2.8,0.0,17.0,0.0,-2.8,-17.0,CHI,middle,nonaward
A5076549608,2005,10.2,15.4,831.0,527.8,5.200000000000001,-303.20000000000005,PODS,last,nonaward
A5076549608,2005,10.2,15.4,831.0,527.8,5.200000000000001,-303.20000000000005,PODS,first,nonaward
A5076598696,2011,2.8,0.8,25.0,5.6,-1.9999999999999998,-19.4,SOSP,middle,nonaward
A5076622066,2017,19.2,25.0,598.2,574.2,5.800000000000001,-24.0,ICCV,middle,nonaward
A5076622066,2017,19.2,25.0,598.2,574.2,5.800000000000001,-24.0,S&P,middle,nonaward
A5076678278,2015,15.8,18.0,996.2,326.6,2.1999999999999993,-669.6,ICSE,middle,nonaward
A5076730859,2018,2.2,47.6,25.4,1478.8,45.4,1453.3999999999999,ACL,first,nonaward
A5076730859,2018,2.2,47.6,25.4,1478.8,45.4,1453.3999999999999,ICML,first,nonaward
A5076730859,2018,2.2,47.6,25.4,1478.8,45.4,1453.3999999999999,ICSE,first,nonaward
A5076730859,2018,2.2,47.6,25.4,1478.8,45.4,1453.3999999999999,IJCAI,first,nonaward
A5076730859,2018,2.2,47.6,25.4,1478.8,45.4,1453.3999999999999,KDD,first,nonaward
A5076730859,2018,2.2,47.6,25.4,1478.8,45.4,1453.3999999999999,NeurIPS,first,nonaward
A5076733263,2011,56.6,57.0,4158.0,2403.4,0.3999999999999986,-1754.6,IJCAI,middle,nonaward
A5076757931,2015,0.8,0.0,2.4,0.0,-0.8,-2.4,MOBICOM,last,nonaward
A5076885789,2011,1.4,4.8,948.4,818.2,3.4,-130.19999999999993,IJCAI,middle,nonaward
A5076904467,2008,3.8,6.4,259.2,320.6,2.6000000000000005,61.400000000000034,AAAI,first,nonaward
A5076917986,2008,7.8,7.8,308.6,103.2,0.0,-205.40000000000003,AAAI,first,nonaward
A5076927452,2017,10.6,42.4,175.6,659.2,31.799999999999997,483.6,ICCV,middle,nonaward
A5076927452,2017,10.6,42.4,175.6,659.2,31.799999999999997,483.6,S&P,middle,nonaward
A5076962341,2008,0.6,0.6,30.4,4.4,0.0,-26.0,S&P,middle,nonaward
A5076999854,2018,11.2,5.2,560.8,119.2,-5.999999999999999,-441.59999999999997,MOBICOM,middle,nonaward
A5077002817,2011,16.8,5.2,4739.0,210.4,-11.600000000000001,-4528.6,CVPR,last,nonaward
A5077276149,2017,5.4,13.6,67.8,44.8,8.2,-23.0,PLDI,first,nonaward
A5077304103,2013,0.6,1.8,14.4,43.8,1.2000000000000002,29.4,ACL,first,nonaward
A5077324816,2007,1.4,0.4,46.0,0.2,-0.9999999999999999,-45.8,IJCAI,last,nonaward
A5077334819,2017,110.6,13.0,1659.0,211.0,-97.6,-1448.0,ICCV,middle,nonaward
A5077334819,2017,110.6,13.0,1659.0,211.0,-97.6,-1448.0,S&P,middle,nonaward
A5077347243,2018,4.2,8.0,122.0,100.8,3.8,-21.200000000000003,MOBICOM,first,nonaward
A5077380555,2009,0.0,0.0,0.0,0.0,0.0,0.0,CHI,last,nonaward
A5077474277,2018,5.8,10.4,883.0,369.2,4.6000000000000005,-513.8,SODA,middle,nonaward
A5077610917,2007,4.6,9.2,448.6,690.8,4.6,242.19999999999993,ICSE,middle,nonaward
A5077695306,2015,0.0,0.0,0.0,0.0,0.0,0.0,FSE,first,nonaward
A5077714086,2009,13.4,21.4,899.6,1148.2,7.999999999999998,248.60000000000002,CHI,first,nonaward
A5077725628,2010,1.0,0.6,16.6,20.2,-0.4,3.599999999999998,AAAI,middle,nonaward
A5077886327,2018,2.6,16.8,327.6,1692.4,14.200000000000001,1364.8000000000002,SODA,middle,nonaward
A5078473813,2006,2.8,6.8,68.8,75.6,4.0,6.799999999999997,SIGMOD,middle,nonaward
A5078491738,2000,13.8,13.0,3222.8,1510.0,-0.8000000000000007,-1712.8000000000002,WWW,middle,nonaward
A5078578035,2007,1.0,4.0,25.2,105.0,3.0,79.8,FSE,middle,nonaward
A5078842469,2016,10.6,11.0,250.4,258.8,0.40000000000000036,8.400000000000006,OSDI,middle,nonaward
A5079119908,2008,0.2,0.4,6.0,35.6,0.2,29.6,OSDI,middle,nonaward
A5079175103,2014,13.4,14.4,1632.8,959.4,1.0,-673.4,INFOCOM,middle,nonaward
A5079680969,2009,12.0,17.0,628.2,566.2,5.0,-62.0,S&P,last,nonaward
A5079788579,2003,1.4,2.2,42.0,211.4,0.8000000000000003,169.4,ICSE,first,nonaward
A5079833242,2017,0.4,0.2,4.6,66.6,-0.2,61.99999999999999,VLDB,middle,nonaward
A5080142151,2002,2.8,14.0,62.0,316.2,11.2,254.2,FOCS,middle,nonaward
A5080460372,2012,4.6,5.2,444.6,505.2,0.6000000000000005,60.599999999999966,SODA,first,nonaward
A5080587144,2018,27.6,26.0,1751.4,620.2,-1.6000000000000014,-1131.2,SODA,middle,nonaward
A5080608636,2016,0.6,1.0,3.0,9.6,0.4,6.6,IJCAI,middle,nonaward
A5080634620,2015,0.0,0.4,0.0,5.6,0.4,5.6,SOSP,middle,nonaward
A5080727812,2011,13.2,19.0,516.4,937.0,5.800000000000001,420.6,IJCAI,middle,nonaward
A5080764662,2016,0.8,2.0,30.4,86.8,1.2,56.4,OSDI,middle,nonaward
A5080805971,2017,71.6,94.8,3337.8,1698.2,23.200000000000003,-1639.6000000000001,ICCV,middle,nonaward
A5080805971,2017,71.6,94.8,3337.8,1698.2,23.200000000000003,-1639.6000000000001,S&P,middle,nonaward
A5080897805,2016,3.6,3.2,2309.4,409.0,-0.3999999999999999,-1900.4,ICML,middle,nonaward
A5080901995,2016,0.0,0.4,0.0,17.4,0.4,17.4,ICML,middle,nonaward
A5080903368,2017,4.8,6.2,28.2,56.6,1.4000000000000004,28.400000000000002,ICCV,middle,nonaward
A5080903368,2017,4.8,6.2,28.2,56.6,1.4000000000000004,28.400000000000002,S&P,middle,nonaward
A5080970728,2012,20.0,32.6,900.0,979.8,12.600000000000001,79.79999999999995,ICML,middle,nonaward
A5080982288,2007,4.0,6.6,413.6,435.8,2.5999999999999996,22.19999999999999,CVPR,middle,nonaward
A5080989652,2008,0.2,1.4,3.8,2449.8,1.2,2446.0,OSDI,middle,nonaward
A5081012015,2015,2.6,1.4,750.2,148.8,-1.2000000000000002,-601.4000000000001,ICSE,middle,nonaward
A5081366293,2006,11.8,13.6,1232.8,1230.0,1.799999999999999,-2.7999999999999545,OSDI,middle,nonaward
A5081422989,2011,29.0,16.6,1214.6,455.8,-12.399999999999999,-758.8,IJCAI,middle,nonaward
A5081498756,2015,1.0,0.0,639.4,0.0,-1.0,-639.4,NeurIPS,middle,nonaward
A5081587169,2013,1.8,2.6,15.2,39.4,0.8,24.2,ACL,first,nonaward
A5081588490,2011,13.2,39.8,516.2,3810.2,26.599999999999998,3294.0,IJCAI,middle,nonaward
A5081595136,2018,87.4,81.0,4906.0,3239.2,-6.400000000000006,-1666.8000000000002,SODA,middle,nonaward
A5081676508,2015,12.2,19.6,255.8,882.4,7.400000000000002,626.5999999999999,FSE,first,nonaward
A5081702690,2018,17.4,26.0,1055.6,586.4,8.600000000000001,-469.19999999999993,SODA,middle,nonaward
A5081780439,2016,0.0,0.0,0.0,0.0,0.0,0.0,ICSE,middle,nonaward
A5081813991,2015,0.2,3.8,1.6,787.2,3.5999999999999996,785.6,NeurIPS,middle,nonaward
A5081879974,2011,2.0,3.4,53.6,87.0,1.4,33.4,IJCAI,middle,nonaward
A5081914923,2018,20.4,182.4,565.2,471.2,162.0,-94.00000000000006,OSDI,middle,nonaward
A5081922410,2008,25.6,40.2,2774.0,2029.8,14.600000000000001,-744.2,KDD,first,nonaward
A5081925956,2000,7.2,10.2,322.0,795.4,2.999999999999999,473.4,SIGIR,first,nonaward
A5081950523,2017,2.8,2.2,132.8,157.4,-0.5999999999999996,24.599999999999994,ICCV,middle,nonaward
A5081950523,2017,2.8,2.2,132.8,157.4,-0.5999999999999996,24.599999999999994,S&P,middle,nonaward
A5081952912,2012,0.4,0.0,145.0,0.0,-0.4,-145.0,VLDB,last,nonaward
A5081973800,2013,0.0,0.2,0.0,108.4,0.2,108.4,VLDB,last,nonaward
A5082061932,2004,0.4,0.2,15.2,12.2,-0.2,-3.0,OSDI,middle,nonaward
A5082115203,2013,0.4,2.6,4.2,176.2,2.2,172.0,CHI,first,nonaward
A5082153975,2016,1.0,6.4,31.2,26.6,5.4,-4.599999999999998,UIST,middle,nonaward
A5082290526,2013,0.0,0.0,0.0,0.0,0.0,0.0,VLDB,middle,nonaward
A5082450455,2011,14.8,17.4,1605.2,848.2,2.599999999999998,-757.0,ACL,last,nonaward
A5082545325,2013,4.0,7.2,44.8,209.6,3.2,164.8,CHI,middle,nonaward
A5082591693,2005,0.4,0.8,17.8,48.8,0.4,30.999999999999996,VLDB,middle,nonaward
A5082609006,2011,0.0,0.0,0.0,0.0,0.0,0.0,ACL,middle,nonaward
A5082650785,2016,0.8,0.6,1.6,2.8,-0.20000000000000007,1.1999999999999997,CHI,middle,nonaward
A5082720005,2013,4.4,24.6,154.2,698.0,20.200000000000003,543.8,ICSE,first,nonaward
A5082835974,2015,9.6,21.8,205.4,943.2,12.200000000000001,737.8000000000001,ICSE,middle,nonaward
A5082984558,2007,0.2,4.6,2.4,5112.6,4.3999999999999995,5110.200000000001,AAAI,first,nonaward
A5082984558,2013,4.6,10.6,5112.6,1027.8,6.0,-4084.8,ICSE,middle,nonaward
A5083016682,2017,2.8,6.0,744.4,5673.2,3.2,4928.8,ACL,middle,nonaward
A5083016682,2017,2.8,6.0,744.4,5673.2,3.2,4928.8,CVPR,middle,nonaward
A5083016682,2017,2.8,6.0,744.4,5673.2,3.2,4928.8,SOSP,middle,nonaward
A5083045442,2017,6.6,0.0,28.2,0.0,-6.6,-28.2,NeurIPS,last,nonaward
A5083048049,2007,0.2,6.0,11.0,297.0,5.8,286.0,ICSE,first,nonaward
A5083069362,2007,0.2,0.4,51.2,7.2,0.2,-44.0,ICSE,middle,nonaward
A5083084972,2010,5.4,4.6,845.6,899.4,-0.8000000000000007,53.799999999999955,OSDI,middle,nonaward
A5083273662,2018,5.4,9.6,161.0,69.4,4.199999999999999,-91.6,SODA,middle,nonaward
A5083295397,2014,5.2,3.6,65.8,52.2,-1.6,-13.599999999999994,WWW,middle,nonaward
A5083363281,2002,7.0,10.0,234.0,194.8,3.0,-39.19999999999999,FOCS,middle,nonaward
A5083520677,2012,11.0,7.0,6256.6,4371.0,-4.0,-1885.6000000000004,KDD,last,nonaward
A5083563896,2007,9.6,8.6,155.6,162.6,-1.0,7.0,CVPR,middle,nonaward
A5083695993,2014,1.6,2.0,319.0,215.0,0.3999999999999999,-104.0,SODA,middle,nonaward
A5083772018,2017,1.0,0.8,93.4,68.8,-0.19999999999999996,-24.60000000000001,ICCV,middle,nonaward
A5083772018,2017,1.0,0.8,93.4,68.8,-0.19999999999999996,-24.60000000000001,S&P,middle,nonaward
A5083800790,2016,10.2,3.0,183.0,106.2,-7.199999999999999,-76.8,OSDI,last,nonaward
A5083908579,2007,1.4,5.6,15.8,169.4,4.199999999999999,153.6,FSE,first,nonaward
A5083976181,2012,0.6,0.0,0.4,0.0,-0.6,-0.4,ICML,middle,nonaward
A5084092408,2018,33.6,34.6,1952.8,918.0,1.0,-1034.8,SODA,middle,nonaward
A5084198418,2014,16.8,20.8,1255.2,766.6,4.0,-488.6,NeurIPS,last,nonaward
A5084203289,2017,3.2,5.8,97.4,169.0,2.5999999999999996,71.6,ICCV,middle,nonaward
A5084203289,2017,3.2,5.8,97.4,169.0,2.5999999999999996,71.6,S&P,middle,nonaward
A5084241576,2000,0.0,0.0,0.0,0.0,0.0,0.0,WWW,middle,nonaward
A5084380361,2008,0.0,0.0,0.0,0.0,0.0,0.0,KDD,last,nonaward
A5084478386,2017,0.2,2.6,0.8,169.0,2.4,168.2,SIGIR,middle,nonaward
A5084524791,2003,8.2,12.0,430.6,1486.6,3.8000000000000007,1056.0,ICSE,last,nonaward
A5084552935,2015,4.4,3.8,192.6,18.2,-0.6000000000000005,-174.4,CIKM,middle,nonaward
A5084714533,2006,11.2,12.2,173.6,415.8,1.0,242.20000000000002,SIGMOD,middle,nonaward
A5084877030,2017,23.0,27.4,907.2,524.0,4.399999999999999,-383.20000000000005,ICCV,middle,nonaward
A5084877030,2017,23.0,27.4,907.2,524.0,4.399999999999999,-383.20000000000005,S&P,middle,nonaward
A5085020955,2001,1.4,6.8,39.2,1857.4,5.4,1818.2,ICCV,last,nonaward
A5085020955,2014,18.8,29.6,4036.2,7992.6,10.8,3956.4000000000005,SODA,middle,nonaward
A5085020955,2016,17.0,35.2,3666.0,4332.6,18.200000000000003,666.6000000000004,UIST,middle,nonaward
A5085031832,2011,1.8,4.4,387.6,3959.0,2.6000000000000005,3571.4,IJCAI,middle,nonaward
A5085123747,2005,5.6,4.0,1309.4,338.8,-1.5999999999999996,-970.6000000000001,SOSP,middle,nonaward
A5085142791,2011,54.0,156.4,2793.0,12334.8,102.4,9541.8,IJCAI,middle,nonaward
A5085205626,2018,8.4,6.2,281.4,49.2,-2.2,-232.2,MOBICOM,middle,nonaward
A5085227942,2005,3.6,3.0,47.2,61.0,-0.6000000000000001,13.799999999999997,VLDB,last,nonaward
A5085248097,2011,5.4,7.4,2031.6,789.6,2.0,-1242.0,CVPR,middle,nonaward
A5085313636,2015,1.6,2.8,151.6,30.4,1.1999999999999997,-121.19999999999999,IJCAI,first,nonaward
A5085380425,2015,1.8,2.0,180.8,215.6,0.19999999999999996,34.79999999999998,SOSP,middle,nonaward
A5085386025,2014,1.0,1.2,113.0,319.4,0.19999999999999996,206.39999999999998,SODA,middle,nonaward
A5085471281,2010,3.0,1.2,507.2,75.0,-1.8,-432.2,AAAI,last,nonaward
A5085479490,2008,5.2,11.0,430.6,1017.0,5.8,586.4,NSDI,last,nonaward
A5085538238,2011,6.2,9.4,91.2,216.2,3.2,124.99999999999999,CVPR,last,nonaward
A5085580232,2014,2.8,2.2,128.4,117.2,-0.5999999999999996,-11.200000000000003,SODA,middle,nonaward
A5085770881,2001,7.8,19.2,149.6,2381.6,11.399999999999999,2232.0,ICCV,last,nonaward
A5085827610,2015,0.2,0.0,4.0,0.0,-0.2,-4.0,S&P,middle,nonaward
A5085828091,2009,3.0,3.8,13.0,87.2,0.7999999999999998,74.2,SOSP,first,nonaward
A5085896252,2007,3.0,2.0,291.4,184.0,-1.0,-107.39999999999998,AAAI,first,nonaward
A5086016458,2018,1.0,2.2,53.0,52.6,1.2000000000000002,-0.3999999999999986,SODA,middle,nonaward
A5086310297,2018,15.0,10.0,205.4,193.2,-5.0,-12.200000000000017,SODA,middle,nonaward
A5086367709,2008,8.2,7.0,480.0,936.4,-1.1999999999999993,456.4,FOCS,first,nonaward
A5086547450,2016,3.6,2.0,1222.6,64.0,-1.6,-1158.6,ICML,middle,nonaward
A5086585292,2010,16.4,16.6,625.2,253.0,0.20000000000000284,-372.20000000000005,CIKM,middle,nonaward
A5086598510,2018,0.2,0.2,26.0,0.0,0.0,-26.0,MOBICOM,middle,nonaward
A5086623416,2000,0.6,0.6,41.2,214.4,0.0,173.2,WWW,middle,nonaward
A5086757331,2004,11.0,10.2,876.8,485.8,-0.8000000000000007,-390.99999999999994,ICSE,first,nonaward
A5086852785,2016,58.4,98.6,9357.6,4977.8,40.199999999999996,-4379.8,IJCAI,first,nonaward
A5086865721,2018,18.0,27.8,807.2,727.4,9.8,-79.80000000000007,SODA,middle,nonaward
A5086904495,2003,3.4,4.8,187.0,519.0,1.4,332.0,FOCS,middle,nonaward
A5086954218,2015,0.8,0.0,9.6,0.0,-0.8,-9.6,NeurIPS,middle,nonaward
A5087012731,2014,8.6,13.6,229.0,289.2,5.0,60.19999999999999,VLDB,last,nonaward
A5087032437,2007,12.8,13.8,407.2,2687.4,1.0,2280.2000000000003,ICSE,first,nonaward
A5087148487,2017,2.8,0.0,16.4,0.0,-2.8,-16.4,NeurIPS,first,nonaward
A5087154420,2004,6.6,7.0,765.8,752.8,0.40000000000000036,-13.0,OSDI,middle,nonaward
A5087192873,2011,15.6,27.6,732.6,566.8,12.000000000000002,-165.80000000000007,VLDB,last,nonaward
A5087265755,2011,3.2,5.6,496.2,829.0,2.3999999999999995,332.8,IJCAI,last,nonaward
A5087317622,2015,8.8,10.8,141.8,243.0,2.0,101.19999999999999,FSE,middle,nonaward
A5087579719,2014,9.0,9.6,417.4,139.8,0.5999999999999996,-277.59999999999997,S&P,last,nonaward
A5087654538,2017,58.2,85.4,3435.2,2104.6,27.200000000000003,-1330.6,ICCV,middle,nonaward
A5087654538,2017,58.2,85.4,3435.2,2104.6,27.200000000000003,-1330.6,S&P,middle,nonaward
A5087767807,2010,11.2,11.4,305.4,267.6,0.20000000000000107,-37.799999999999955,CIKM,last,nonaward
A5087774807,2010,0.6,0.4,20.0,88.6,-0.19999999999999996,68.6,STOC,first,nonaward
A5087829850,2014,1.8,5.8,4.6,334.6,4.0,330.0,SODA,middle,nonaward
A5087873744,2010,0.0,0.6,0.0,468.2,0.6,468.2,OSDI,middle,nonaward
A5087909822,2015,8.2,4.8,72.8,34.0,-3.3999999999999995,-38.8,PODS,middle,nonaward
A5087961508,2003,0.8,6.6,25.0,771.6,5.8,746.6,SOSP,middle,nonaward
A5088125552,2018,3.6,12.6,1066.8,1494.4,9.0,427.60000000000014,SODA,middle,nonaward
A5088135366,2009,45.4,31.2,1284.6,1399.8,-14.2,115.20000000000005,VLDB,last,nonaward
A5088135366,2010,48.2,30.0,1512.2,1152.8,-18.200000000000003,-359.4000000000001,CIKM,middle,nonaward
A5088183118,2012,3.4,17.4,266.6,1103.8,13.999999999999998,837.1999999999999,AAAI,middle,nonaward
A5088193935,2015,12.0,20.0,705.2,1067.0,8.0,361.79999999999995,PODS,middle,nonaward
A5088203678,2011,50.8,32.8,2232.4,805.8,-18.0,-1426.6000000000001,IJCAI,middle,nonaward
A5088459720,2018,18.4,30.6,989.8,962.2,12.200000000000003,-27.59999999999991,SODA,middle,nonaward
A5088500114,2015,4.2,6.0,961.8,84.6,1.7999999999999998,-877.1999999999999,MOBICOM,last,nonaward
A5088658114,2005,1.8,1.0,27.0,42.6,-0.8,15.600000000000001,VLDB,first,nonaward
A5088710181,2010,0.6,0.2,362.6,56.2,-0.39999999999999997,-306.40000000000003,OSDI,middle,nonaward
A5088794758,2015,24.4,31.8,634.4,632.8,7.400000000000002,-1.6000000000000227,PODS,middle,nonaward
A5088801045,2012,1.8,1.0,167.4,515.8,-0.8,348.4,KDD,first,nonaward
A5088815712,2015,0.6,2.0,0.0,182.4,1.4,182.4,NeurIPS,middle,nonaward
A5088826068,2003,5.6,11.8,589.4,1277.0,6.200000000000001,687.6,FOCS,middle,nonaward
A5088958424,2013,0.0,0.0,0.0,0.0,0.0,0.0,AAAI,first,nonaward
A5089092555,2013,0.0,0.0,0.0,0.0,0.0,0.0,VLDB,middle,nonaward
A5089242709,2004,1.0,0.2,25.6,12.2,-0.8,-13.400000000000002,OSDI,middle,nonaward
A5089452758,2017,20.2,42.6,788.4,841.4,22.400000000000002,53.0,ICCV,middle,nonaward
A5089452758,2017,20.2,42.6,788.4,841.4,22.400000000000002,53.0,S&P,middle,nonaward
A5089485917,2017,0.6,9.2,0.0,275.6,8.6,275.6,ICCV,middle,nonaward
A5089485917,2017,0.6,9.2,0.0,275.6,8.6,275.6,S&P,middle,nonaward
A5089543053,2008,3.8,5.2,1695.6,735.2,1.4000000000000004,-960.3999999999999,OSDI,middle,nonaward
A5089543053,2016,4.4,1.6,401.2,51.0,-2.8000000000000003,-350.2,OSDI,middle,nonaward
A5089558228,2008,5.2,3.4,1021.4,68.2,-1.8000000000000003,-953.1999999999999,OSDI,middle,nonaward
A5089560181,2013,2.4,4.4,184.2,135.4,2.0000000000000004,-48.79999999999998,VLDB,middle,nonaward
A5089807699,2003,2.6,10.4,381.2,624.4,7.800000000000001,243.2,IJCAI,first,nonaward
A5089807699,2012,15.2,11.6,1707.2,741.0,-3.5999999999999996,-966.2,AAAI,middle,nonaward
A5089807699,2017,12.2,10.0,825.2,250.2,-2.1999999999999993,-575.0,PLDI,middle,nonaward
A5089936059,2018,0.0,0.2,0.0,87.2,0.2,87.2,ACL,middle,nonaward
A5089936059,2018,0.0,0.2,0.0,87.2,0.2,87.2,ICML,middle,nonaward
A5089936059,2018,0.0,0.2,0.0,87.2,0.2,87.2,ICSE,middle,nonaward
A5089936059,2018,0.0,0.2,0.0,87.2,0.2,87.2,IJCAI,middle,nonaward
A5089936059,2018,0.0,0.2,0.0,87.2,0.2,87.2,KDD,middle,nonaward
A5089936059,2018,0.0,0.2,0.0,87.2,0.2,87.2,NeurIPS,middle,nonaward
A5090097496,2009,6.4,7.6,43.8,29.2,1.1999999999999993,-14.599999999999998,CHI,middle,nonaward
A5090138078,2007,7.2,15.2,663.0,478.4,7.999999999999999,-184.60000000000002,CVPR,first,nonaward
A5090251185,2016,1.0,1.8,267.8,76.2,0.8,-191.60000000000002,IJCAI,middle,nonaward
A5090401584,2015,16.4,16.2,622.8,270.4,-0.1999999999999993,-352.4,ICSE,last,nonaward
A5090469776,2018,2.2,2.2,287.2,34.4,0.0,-252.79999999999998,ACL,first,nonaward
A5090469776,2018,2.2,2.2,287.2,34.4,0.0,-252.79999999999998,ICML,first,nonaward
A5090469776,2018,2.2,2.2,287.2,34.4,0.0,-252.79999999999998,ICSE,first,nonaward
A5090469776,2018,2.2,2.2,287.2,34.4,0.0,-252.79999999999998,IJCAI,first,nonaward
A5090469776,2018,2.2,2.2,287.2,34.4,0.0,-252.79999999999998,KDD,first,nonaward
A5090469776,2018,2.2,2.2,287.2,34.4,0.0,-252.79999999999998,NeurIPS,first,nonaward
A5090470639,2017,7.4,7.6,267.8,55.4,0.1999999999999993,-212.4,ICCV,middle,nonaward
A5090470639,2017,7.4,7.6,267.8,55.4,0.1999999999999993,-212.4,S&P,middle,nonaward
A5090509743,2005,0.4,1.2,0.0,38.6,0.7999999999999999,38.6,SOSP,first,nonaward
A5090550596,2014,5.2,6.2,470.2,161.6,1.0,-308.6,S&P,first,nonaward
A5090580728,2011,0.0,0.4,0.0,138.0,0.4,138.0,ICSE,last,nonaward
A5090656265,2018,12.6,53.4,2182.2,4245.6,40.8,2063.4000000000005,SODA,first,nonaward
A5090739892,2018,7.8,6.2,4430.2,174.4,-1.5999999999999996,-4255.8,OSDI,middle,nonaward
A5090745043,2016,14.0,7.4,171.2,17.4,-6.6,-153.79999999999998,CHI,first,nonaward
A5090895772,2017,0.6,11.2,6.6,167.8,10.6,161.20000000000002,NeurIPS,middle,nonaward
A5090981855,2008,0.2,1.4,1.4,146.8,1.2,145.4,NSDI,middle,nonaward
A5091004704,2015,1.2,3.0,28.2,34.4,1.8,6.199999999999999,FSE,middle,nonaward
A5091107483,2017,6.4,7.4,315.0,179.6,1.0,-135.4,PLDI,last,nonaward
A5091163773,2011,3.6,2.0,534.6,155.0,-1.6,-379.6,IJCAI,middle,nonaward
A5091231157,2015,6.0,2.2,142.6,11.6,-3.8,-131.0,CIKM,first,nonaward
A5091244919,2010,26.4,26.0,1748.8,618.6,-0.3999999999999986,-1130.1999999999998,STOC,middle,nonaward
A5091279780,2014,6.0,5.4,397.0,313.8,-0.5999999999999996,-83.19999999999999,NeurIPS,middle,nonaward
A5091569651,2017,25.6,27.0,1033.2,570.8,1.3999999999999986,-462.4000000000001,ICCV,middle,nonaward
A5091569651,2017,25.6,27.0,1033.2,570.8,1.3999999999999986,-462.4000000000001,S&P,middle,nonaward
A5091586373,2015,26.2,29.2,1593.6,1511.0,3.0,-82.59999999999991,ICSE,last,nonaward
A5091715155,2015,1.4,0.6,178.0,72.0,-0.7999999999999999,-106.0,SOSP,middle,nonaward
A5091716232,2007,13.0,21.2,478.4,1239.8,8.2,761.4,FSE,last,nonaward
A5091716232,2011,22.0,14.2,793.2,535.2,-7.800000000000001,-258.0,VLDB,last,nonaward
A5091771290,2016,9.4,14.0,9300.2,14144.2,4.6,4844.0,ICML,middle,nonaward
A5091883185,2006,5.2,5.2,66.4,88.8,0.0,22.39999999999999,SIGMOD,first,nonaward
A5098547550,2008,0.0,0.0,0.0,0.0,0.0,0.0,CHI,first,nonaward
A5100295770,2018,12.0,5.2,231.0,55.4,-6.8,-175.6,MOBICOM,last,nonaward
A5100319922,2018,4.4,21.2,130.4,554.4,16.799999999999997,424.0,SODA,middle,nonaward
A5100323241,2010,0.6,2.8,81.4,126.2,2.1999999999999997,44.8,VLDB,last,nonaward
A5100334039,2018,6.4,15.2,464.8,344.4,8.799999999999999,-120.40000000000003,SODA,middle,nonaward
A5100344522,2017,47.8,50.6,1474.0,737.4,2.8000000000000043,-736.6,ICCV,middle,nonaward
A5100344522,2017,47.8,50.6,1474.0,737.4,2.8000000000000043,-736.6,S&P,middle,nonaward
A5100350205,2014,6.2,8.8,146.2,240.6,2.6000000000000005,94.4,VLDB,first,nonaward
A5100354043,2018,1.8,8.0,263.0,216.4,6.2,-46.599999999999994,SODA,middle,nonaward
A5100371596,2018,1.6,4.6,6.0,20.8,2.9999999999999996,14.8,OSDI,middle,nonaward
A5100373517,2017,43.0,48.8,3236.4,2793.6,5.799999999999997,-442.8000000000002,NeurIPS,middle,nonaward
A5100373723,2014,1.4,4.4,9.2,147.6,3.0000000000000004,138.4,INFOCOM,middle,nonaward
A5100376187,2013,0.8,1.8,8.8,82.6,1.0,73.8,VLDB,middle,nonaward
A5100380588,2014,9.0,11.8,505.6,353.8,2.8000000000000007,-151.8,VLDB,middle,nonaward
A5100381761,2018,1.4,3.6,94.6,115.2,2.2,20.60000000000001,AAAI,first,nonaward
A5100381946,2018,43.4,82.4,4782.8,5410.4,39.00000000000001,627.5999999999995,SODA,last,nonaward
A5100401298,2014,5.8,24.2,9718.8,10499.8,18.4,781.0,SODA,last,nonaward
A5100414163,2017,8.6,11.2,162.8,525.0,2.5999999999999996,362.2,SIGIR,first,nonaward
A5100430971,2017,2.2,1.2,315.2,47.2,-1.0000000000000002,-268.0,VLDB,middle,nonaward
A5100431363,2018,1.6,1.2,249.4,49.6,-0.40000000000000013,-199.8,MOBICOM,first,nonaward
A5100444874,2008,2.8,4.0,614.4,259.8,1.2000000000000002,-354.59999999999997,OSDI,first,nonaward
A5100450470,2010,2.6,4.6,64.0,33.6,1.9999999999999996,-30.4,CIKM,first,nonaward
A5100451576,2017,19.0,36.8,932.6,1266.8,17.799999999999997,334.19999999999993,VLDB,middle,nonaward
A5100457371,2018,10.8,28.0,1272.0,1238.4,17.2,-33.59999999999991,SODA,middle,nonaward
A5100461783,2006,4.0,8.2,209.8,136.8,4.199999999999999,-73.0,CVPR,first,nonaward
A5100627392,2014,7.8,14.8,940.6,375.6,7.000000000000001,-565.0,SODA,middle,nonaward
A5100631553,2014,0.6,3.4,1.8,109.2,2.8,107.4,NeurIPS,middle,nonaward
A5100636286,2007,31.2,53.2,2236.8,7732.8,22.000000000000004,5496.0,AAAI,middle,nonaward
A5100636286,2010,45.4,43.2,9665.4,1778.2,-2.1999999999999957,-7887.2,AAAI,last,nonaward
A5100665512,2016,91.8,108.8,3460.2,4573.4,17.0,1113.1999999999998,OSDI,middle,nonaward
A5100666554,2014,40.0,60.4,1104.2,2228.2,20.4,1123.9999999999998,INFOCOM,middle,nonaward
A5100666747,2011,59.4,153.6,2861.8,11329.6,94.19999999999999,8467.8,IJCAI,middle,nonaward
A5100671711,2011,54.2,116.8,2195.0,9319.6,62.599999999999994,7124.6,IJCAI,middle,nonaward
A5100685799,2018,1.0,7.4,67.0,364.2,6.4,297.2,MOBICOM,middle,nonaward
A5100688200,2013,2.6,7.0,126.2,521.4,4.4,395.2,VLDB,middle,nonaward
A5100690861,2015,2.6,2.2,13.6,43.6,-0.3999999999999999,30.0,S&P,middle,nonaward
A5100691368,2012,0.4,3.6,2.0,66.4,3.2,64.4,AAAI,middle,nonaward
A5100695700,2013,8.2,8.8,614.8,503.2,0.6000000000000014,-111.59999999999997,ICSE,last,nonaward
A5100699659,2014,5.4,13.6,293.2,510.2,8.2,217.0,MOBICOM,first,nonaward
A5100700361,2016,8.2,12.0,18101.2,30539.6,3.8000000000000007,12438.399999999998,ICML,middle,nonaward
A5100704639,2013,17.6,25.4,463.4,532.8,7.799999999999997,69.39999999999998,VLDB,middle,nonaward
A5100713555,2017,0.2,6.8,1.4,411.0,6.6,409.6,NeurIPS,first,nonaward
A5100715414,2014,18.4,18.0,517.0,197.8,-0.3999999999999986,-319.2,INFOCOM,last,nonaward
A5100715421,2016,3.4,11.2,30.0,225.4,7.799999999999999,195.4,OSDI,middle,nonaward
A5100732938,2014,4.6,22.0,46.0,1341.0,17.4,1295.0,VLDB,middle,nonaward
A5100740268,2014,24.8,18.4,181.8,154.0,-6.400000000000002,-27.80000000000001,VLDB,first,nonaward
A5100741029,2018,7.2,16.0,159.6,160.8,8.8,1.200000000000017,OSDI,last,nonaward
A5100772262,2016,5.4,7.2,53.4,993.2,1.7999999999999998,939.8000000000001,ICSE,middle,nonaward
A5100781385,2014,5.4,16.4,287.8,768.0,10.999999999999998,480.2,VLDB,middle,nonaward
A5100861201,2008,3.8,11.8,104.4,246.2,8.0,141.79999999999998,AAAI,last,nonaward
A5101134579,2005,1.2,1.0,23.4,44.2,-0.19999999999999996,20.800000000000004,VLDB,middle,nonaward
A5101404695,2018,17.6,21.0,1051.0,1812.2,3.3999999999999986,761.2,AAAI,last,nonaward
A5101411518,2011,1.0,3.4,14.2,17.8,2.4,3.6000000000000014,MOBICOM,last,nonaward
A5101423778,2018,15.0,15.2,840.2,214.0,0.1999999999999993,-626.2,ACL,last,nonaward
A5101423778,2018,15.0,15.2,840.2,214.0,0.1999999999999993,-626.2,ICML,last,nonaward
A5101423778,2018,15.0,15.2,840.2,214.0,0.1999999999999993,-626.2,ICSE,last,nonaward
A5101423778,2018,15.0,15.2,840.2,214.0,0.1999999999999993,-626.2,IJCAI,last,nonaward
A5101423778,2018,15.0,15.2,840.2,214.0,0.1999999999999993,-626.2,KDD,last,nonaward
A5101423778,2018,15.0,15.2,840.2,214.0,0.1999999999999993,-626.2,NeurIPS,last,nonaward
A5101428665,2017,3.0,5.4,53.4,155.6,2.4000000000000004,102.19999999999999,ICCV,middle,nonaward
A5101428665,2017,3.0,5.4,53.4,155.6,2.4000000000000004,102.19999999999999,S&P,middle,nonaward
A5101471083,2018,3.6,11.2,1234.2,103.4,7.6,-1130.8,OSDI,first,nonaward
A5101487519,2014,10.6,7.0,298.6,232.4,-3.5999999999999996,-66.20000000000002,SODA,middle,nonaward
A5101497042,2018,20.0,20.2,1363.0,566.4,0.1999999999999993,-796.6,OSDI,last,nonaward
A5101513166,2010,22.2,21.6,1146.6,792.0,-0.5999999999999979,-354.5999999999999,AAAI,first,nonaward
A5101536498,2018,14.6,30.6,362.6,801.4,16.0,438.79999999999995,SODA,middle,nonaward
A5101537278,2017,5.8,4.6,201.4,168.0,-1.2000000000000002,-33.400000000000006,ICCV,middle,nonaward
A5101537278,2017,5.8,4.6,201.4,168.0,-1.2000000000000002,-33.400000000000006,S&P,middle,nonaward
A5101544732,2016,15.0,35.8,1247.0,807.0,20.799999999999997,-440.0,ICSE,last,nonaward
A5101570172,2018,1.6,4.2,103.2,48.4,2.6,-54.800000000000004,MOBICOM,middle,nonaward
A5101574083,2016,1.2,2.2,58.8,22.8,1.0000000000000002,-36.0,OSDI,first,nonaward
A5101586926,2018,0.0,2.4,0.0,120.0,2.4,120.0,OSDI,middle,nonaward
A5101624980,2011,15.0,20.6,628.0,565.8,5.600000000000001,-62.200000000000045,IJCAI,middle,nonaward
A5101652939,2018,2.2,5.6,28.8,134.2,3.3999999999999995,105.39999999999999,MOBICOM,middle,nonaward
A5101655460,2015,30.0,19.4,1847.8,417.0,-10.600000000000001,-1430.8,FSE,last,nonaward
A5101704281,2017,1.8,5.8,58.0,112.0,4.0,54.0,ICCV,middle,nonaward
A5101704281,2017,1.8,5.8,58.0,112.0,4.0,54.0,S&P,middle,nonaward
A5101715775,2004,16.2,13.2,870.2,567.4,-3.0,-302.80000000000007,ICSE,middle,nonaward
A5101721006,2014,3.6,3.0,177.0,36.4,-0.6000000000000001,-140.6,INFOCOM,last,nonaward
A5101743919,2018,3.2,7.8,267.2,820.2,4.6,553.0,SODA,middle,nonaward
A5101758608,2014,6.2,5.4,958.0,192.8,-0.7999999999999998,-765.2,MOBICOM,middle,nonaward
A5101772551,2018,1.0,1.6,31.8,13.6,0.6000000000000001,-18.200000000000003,MOBICOM,last,nonaward
A5101772780,2000,0.0,1.4,0.0,345.4,1.4,345.4,WWW,middle,nonaward
A5101783316,2006,0.6,4.0,48.8,292.2,3.4,243.39999999999998,OSDI,first,nonaward
A5101800282,2014,12.8,8.2,336.0,68.0,-4.600000000000001,-268.0,VLDB,middle,nonaward
A5101802949,2012,0.8,0.4,5.6,17.0,-0.4,11.4,VLDB,middle,nonaward
A5101814491,2017,1.6,5.0,190.4,62.4,3.4,-128.0,VLDB,first,nonaward
A5101828231,2011,1.4,1.6,51.4,41.2,0.20000000000000018,-10.199999999999996,VLDB,first,nonaward
A5101831247,2018,2.0,1.0,113.8,97.6,-1.0,-16.200000000000003,ACL,first,nonaward
A5101831247,2018,2.0,1.0,113.8,97.6,-1.0,-16.200000000000003,ICML,first,nonaward
A5101831247,2018,2.0,1.0,113.8,97.6,-1.0,-16.200000000000003,ICSE,first,nonaward
A5101831247,2018,2.0,1.0,113.8,97.6,-1.0,-16.200000000000003,IJCAI,first,nonaward
A5101831247,2018,2.0,1.0,113.8,97.6,-1.0,-16.200000000000003,KDD,first,nonaward
A5101831247,2018,2.0,1.0,113.8,97.6,-1.0,-16.200000000000003,NeurIPS,first,nonaward
A5101880157,2009,5.6,12.2,252.6,720.6,6.6,468.0,VLDB,first,nonaward
A5101884287,2017,17.4,53.0,776.2,1773.4,35.6,997.2,ICCV,last,nonaward
A5101884287,2017,17.4,53.0,776.2,1773.4,35.6,997.2,S&P,last,nonaward
A5101927146,2009,5.2,4.2,609.2,200.4,-1.0,-408.80000000000007,S&P,last,nonaward
A5101962613,2017,2.8,9.4,614.2,908.6,6.6000000000000005,294.4,ICCV,first,nonaward
A5101962613,2017,2.8,9.4,614.2,908.6,6.6000000000000005,294.4,S&P,first,nonaward
A5101974681,2014,5.6,6.0,108.8,63.8,0.40000000000000036,-45.0,ICSE,first,nonaward
A5101981128,2018,8.8,23.4,115.8,500.2,14.599999999999998,384.4,AAAI,last,nonaward
A5101985940,2005,3.8,2.8,883.0,189.4,-1.0,-693.6,SOSP,middle,nonaward
A5102013176,2012,3.4,5.4,175.6,195.8,2.0000000000000004,20.200000000000017,VLDB,first,nonaward
A5102013345,2010,10.8,17.0,1684.4,723.2,6.199999999999999,-961.2,VLDB,middle,nonaward
A5102099238,2012,1.6,5.2,230.4,184.2,3.6,-46.20000000000002,VLDB,first,nonaward
A5102174870,2016,0.4,11.0,9.2,112.2,10.6,103.0,AAAI,first,nonaward
A5102176636,2014,0.8,1.8,0.4,54.6,1.0,54.2,SODA,middle,nonaward
A5102256630,2012,5.4,0.8,96.4,27.2,-4.6000000000000005,-69.2,AAAI,first,nonaward
A5102710346,2012,16.4,7.6,1315.2,233.6,-8.799999999999999,-1081.6000000000001,SODA,first,nonaward
A5102746800,2009,4.6,10.4,796.6,246.6,5.800000000000001,-550.0,S&P,first,nonaward
A5102766796,2015,2.4,3.4,115.4,114.4,1.0,-1.0,NeurIPS,middle,nonaward
A5102856768,2018,6.6,3.2,267.8,61.2,-3.3999999999999995,-206.60000000000002,SODA,middle,nonaward
A5102867584,2011,0.6,0.2,57.6,0.0,-0.39999999999999997,-57.6,AAAI,first,nonaward
A5102915302,2011,49.4,31.2,2139.8,794.8,-18.2,-1345.0000000000002,IJCAI,middle,nonaward
A5102921433,2010,8.8,11.0,1118.4,2444.4,2.1999999999999993,1326.0,AAAI,last,nonaward
A5102980268,2017,0.4,3.0,2.8,20.6,2.6,17.8,VLDB,middle,nonaward
A5102988664,2016,0.6,1.2,1.4,9.4,0.6,8.0,OSDI,last,nonaward
A5103010526,2016,2.4,0.4,35.2,0.2,-2.0,-35.0,AAAI,first,nonaward
A5103027305,2005,3.0,5.0,517.8,149.4,2.0,-368.4,VLDB,first,nonaward
A5103027305,2012,5.2,1.4,142.2,21.8,-3.8000000000000003,-120.39999999999999,VLDB,middle,nonaward
A5103059451,2012,4.2,4.2,100.6,44.2,0.0,-56.39999999999999,AAAI,middle,nonaward
A5103087131,2008,5.4,5.2,310.2,211.0,-0.20000000000000018,-99.19999999999999,S&P,first,nonaward
A5103099352,2013,1.0,4.2,17.6,92.4,3.2,74.80000000000001,CHI,middle,nonaward
A5103141832,2016,12.6,15.2,273.0,224.2,2.5999999999999996,-48.80000000000001,OSDI,middle,nonaward
A5103153703,2011,3.8,6.4,245.8,207.0,2.6000000000000005,-38.80000000000001,AAAI,middle,nonaward
A5103206590,2018,2.0,0.8,43.8,24.2,-1.2,-19.599999999999998,OSDI,middle,nonaward
A5103212061,2006,3.0,2.2,126.0,214.6,-0.7999999999999998,88.6,VLDB,first,nonaward
A5103232829,2012,5.0,5.4,1011.0,4053.2,0.40000000000000036,3042.2,KDD,middle,nonaward
A5103234094,2013,0.2,0.2,0.0,108.4,0.0,108.4,VLDB,middle,nonaward
A5103240319,2007,2.2,3.2,18.0,25.2,1.0,7.199999999999999,IJCAI,last,nonaward
A5103247269,2015,0.2,1.8,0.0,27.4,1.6,27.4,SOSP,middle,nonaward
A5103258769,2014,6.4,6.2,266.2,470.8,-0.20000000000000018,204.60000000000002,INFOCOM,first,nonaward
A5103385224,2006,6.0,13.2,622.0,714.6,7.199999999999999,92.60000000000002,OSDI,middle,nonaward
A5103436292,2011,1.0,0.8,247.6,6.4,-0.19999999999999996,-241.2,IJCAI,middle,nonaward
A5103490546,2014,0.0,0.0,0.0,0.0,0.0,0.0,NeurIPS,middle,nonaward
A5103591438,2012,4.2,10.2,50.4,186.0,5.999999999999999,135.6,AAAI,middle,nonaward
A5103597463,2015,1.6,2.0,40.8,14.0,0.3999999999999999,-26.799999999999997,SOSP,last,nonaward
A5103685393,2003,1.6,1.2,377.4,23.0,-0.40000000000000013,-354.4,FOCS,middle,nonaward
A5103703352,2003,0.0,2.2,0.0,89.0,2.2,89.0,SOSP,last,nonaward
A5103751566,2018,3.8,7.2,162.2,1582.6,3.4000000000000004,1420.3999999999999,ACL,middle,nonaward
A5103751566,2018,3.8,7.2,162.2,1582.6,3.4000000000000004,1420.3999999999999,ICML,middle,nonaward
A5103751566,2018,3.8,7.2,162.2,1582.6,3.4000000000000004,1420.3999999999999,ICSE,middle,nonaward
A5103751566,2018,3.8,7.2,162.2,1582.6,3.4000000000000004,1420.3999999999999,IJCAI,middle,nonaward
A5103751566,2018,3.8,7.2,162.2,1582.6,3.4000000000000004,1420.3999999999999,KDD,middle,nonaward
A5103751566,2018,3.8,7.2,162.2,1582.6,3.4000000000000004,1420.3999999999999,NeurIPS,middle,nonaward
A5103775901,2008,0.0,2.2,0.0,147.6,2.2,147.6,S&P,middle,nonaward
A5103835895,2012,13.2,26.4,2754.6,1532.0,13.2,-1222.6,SODA,middle,nonaward
A5103835895,2012,13.2,26.4,2754.6,1532.0,13.2,-1222.6,SODA,last,nonaward
A5103848813,2009,4.4,2.0,20.2,21.8,-2.4000000000000004,1.6000000000000014,SOSP,middle,nonaward
A5103852640,2017,24.0,24.2,985.8,1131.0,0.1999999999999993,145.20000000000005,VLDB,last,nonaward
A5103959495,2016,2.0,1.6,195.6,51.6,-0.3999999999999999,-144.0,NSDI,middle,nonaward
A5104002311,2015,1.8,1.6,51.0,3.4,-0.19999999999999996,-47.6,SOSP,middle,nonaward
A5104023644,2000,3.2,4.2,886.2,350.2,1.0,-536.0,WWW,middle,nonaward
A5104065501,2004,7.6,13.2,488.8,1003.8,5.6,515.0,OSDI,middle,nonaward
A5104075606,2016,1.8,1.2,13.8,1.0,-0.6000000000000001,-12.8,OSDI,middle,nonaward
A5104084056,2016,1.4,0.8,19.8,41.8,-0.5999999999999999,21.999999999999996,OSDI,middle,nonaward
A5104105328,2011,1.0,2.2,230.8,104.8,1.2000000000000002,-126.00000000000001,ACL,middle,nonaward
A5105286015,2011,1.6,3.8,87.6,167.0,2.1999999999999997,79.4,SOSP,middle,nonaward
A5105356861,2003,8.6,11.4,2235.0,1424.2,2.8000000000000007,-810.8,FOCS,first,nonaward
A5105503431,2011,41.2,30.8,1629.2,903.6,-10.400000000000002,-725.6,IJCAI,middle,nonaward
A5105775913,2011,45.8,74.4,1899.6,7239.6,28.60000000000001,5340.0,IJCAI,middle,nonaward
A5105782914,2015,4.4,3.0,265.0,63.6,-1.4000000000000004,-201.4,SOSP,middle,nonaward
A5105838499,2011,51.4,95.2,2102.8,3803.4,43.800000000000004,1700.6,IJCAI,middle,nonaward
A5105838753,2011,50.4,60.2,2461.4,4986.2,9.800000000000004,2524.7999999999997,IJCAI,middle,nonaward
A5105839982,2013,17.2,11.8,424.2,290.6,-5.399999999999999,-133.59999999999997,ACL,last,nonaward
A5105868315,2011,46.2,11.4,2148.4,401.4,-34.800000000000004,-1747.0,IJCAI,middle,nonaward
A5106233801,2011,3.4,1.2,40.6,40.0,-2.2,-0.6000000000000014,SOSP,middle,nonaward
A5106300154,2011,51.6,34.6,2432.0,3943.4,-17.0,1511.4,IJCAI,middle,nonaward
A5106300835,2011,52.4,69.0,2565.2,5788.4,16.6,3223.2,IJCAI,middle,nonaward
A5106407830,2015,26.0,31.8,73.6,843.0,5.800000000000001,769.4,ICSE,first,nonaward
A5106419573,2017,4.0,8.0,172.4,149.4,4.0,-23.0,ICCV,middle,nonaward
A5106419573,2017,4.0,8.0,172.4,149.4,4.0,-23.0,S&P,middle,nonaward
A5106426616,2011,71.8,223.0,4594.6,17240.4,151.2,12645.800000000001,IJCAI,middle,nonaward
A5106460231,2012,13.6,15.4,378.8,380.0,1.8000000000000007,1.1999999999999886,ICML,middle,nonaward
A5106468531,2011,58.6,129.0,4000.2,10738.0,70.4,6737.8,IJCAI,middle,nonaward
A5106477758,2017,4.0,8.2,214.6,212.4,4.199999999999999,-2.1999999999999886,ICCV,middle,nonaward
A5106477758,2017,4.0,8.2,214.6,212.4,4.199999999999999,-2.1999999999999886,S&P,middle,nonaward
A5106485822,2011,48.0,29.6,2108.0,816.2,-18.4,-1291.8,IJCAI,middle,nonaward
A5106486716,2017,1.6,4.2,55.2,124.2,2.6,69.0,ICCV,middle,nonaward
A5106486716,2017,1.6,4.2,55.2,124.2,2.6,69.0,S&P,middle,nonaward
A5106499765,2017,1.4,0.4,96.0,57.6,-0.9999999999999999,-38.4,ICCV,middle,nonaward
A5106499765,2017,1.4,0.4,96.0,57.6,-0.9999999999999999,-38.4,S&P,middle,nonaward
A5106542229,2011,8.4,32.4,272.6,797.2,24.0,524.6,IJCAI,middle,nonaward
A5106673058,2006,6.2,0.0,1.2,0.0,-6.2,-1.2,SIGMOD,last,nonaward
A5106821597,2013,12.6,21.2,513.2,668.2,8.6,155.0,ACL,last,nonaward
A5107073143,2011,45.8,27.0,2138.4,789.2,-18.799999999999997,-1349.2,IJCAI,middle,nonaward
A5107277461,2011,45.0,54.2,3804.4,5848.6,9.200000000000003,2044.2000000000003,IJCAI,middle,nonaward
A5107312460,2017,2.6,2.2,135.2,151.6,-0.3999999999999999,16.400000000000006,ICCV,middle,nonaward
A5107312460,2017,2.6,2.2,135.2,151.6,-0.3999999999999999,16.400000000000006,S&P,middle,nonaward
A5107343958,2011,51.0,93.0,2213.6,8002.2,42.0,5788.6,IJCAI,middle,nonaward
A5107390047,2011,55.6,136.8,3035.4,10603.4,81.20000000000002,7568.0,IJCAI,middle,nonaward
A5107430550,2017,3.8,2.0,247.6,149.8,-1.7999999999999998,-97.79999999999998,ICCV,middle,nonaward
A5107430550,2017,3.8,2.0,247.6,149.8,-1.7999999999999998,-97.79999999999998,S&P,middle,nonaward
A5107503149,2017,12.0,6.4,615.0,248.2,-5.6,-366.8,ICCV,middle,nonaward
A5107503149,2017,12.0,6.4,615.0,248.2,-5.6,-366.8,S&P,middle,nonaward
A5107809381,2005,2.4,6.2,628.8,273.0,3.8000000000000003,-355.79999999999995,VLDB,middle,nonaward
A5107824830,2011,49.4,31.2,2158.0,883.8,-18.2,-1274.2,IJCAI,middle,nonaward
A5107824832,2011,51.2,108.2,2717.8,9596.6,57.0,6878.8,IJCAI,middle,nonaward
A5107825991,2011,48.6,31.0,2146.2,793.2,-17.6,-1352.9999999999998,IJCAI,middle,nonaward
A5107826307,2011,47.0,29.2,2120.4,805.8,-17.8,-1314.6000000000001,IJCAI,middle,nonaward
A5107827189,2011,42.8,89.8,2778.4,9124.8,47.0,6346.4,IJCAI,middle,nonaward
A5107827440,2011,1.6,20.8,36.4,575.8,19.2,539.4,IJCAI,middle,nonaward
A5107828469,2011,50.2,32.8,2173.6,985.6,-17.400000000000006,-1188.0,IJCAI,middle,nonaward
A5107831518,2011,39.2,116.0,2887.8,13195.6,76.8,10307.8,IJCAI,middle,nonaward
A5107834630,2011,27.0,41.2,1444.0,5247.2,14.200000000000003,3803.2,IJCAI,middle,nonaward
A5107835962,2011,20.6,24.8,1035.0,1002.8,4.199999999999999,-32.200000000000045,IJCAI,middle,nonaward
A5107836019,2011,40.2,112.0,1850.2,9376.8,71.8,7526.599999999999,IJCAI,middle,nonaward
A5107844142,2011,50.4,31.0,2185.8,795.0,-19.4,-1390.8000000000002,IJCAI,middle,nonaward
A5107848496,2017,8.6,2.6,466.4,121.0,-6.0,-345.4,ICCV,middle,nonaward
A5107848496,2017,8.6,2.6,466.4,121.0,-6.0,-345.4,S&P,middle,nonaward
A5107851222,2011,44.0,90.4,2452.4,9031.8,46.400000000000006,6579.4,IJCAI,middle,nonaward
A5107851564,2011,42.8,53.2,2214.6,5431.0,10.400000000000006,3216.4,IJCAI,middle,nonaward
A5107853609,2011,54.6,14.0,2457.4,629.2,-40.6,-1828.2,IJCAI,middle,nonaward
A5107854487,2011,43.8,45.6,2381.0,5198.4,1.8000000000000043,2817.3999999999996,IJCAI,middle,nonaward
A5107860640,2011,33.4,43.8,1609.6,4461.6,10.399999999999999,2852.0000000000005,IJCAI,middle,nonaward
A5107861142,2011,42.0,26.2,2035.6,767.6,-15.8,-1268.0,IJCAI,middle,nonaward
A5107873039,2011,34.4,31.2,1528.6,817.4,-3.1999999999999993,-711.1999999999999,IJCAI,middle,nonaward
A5107875217,2011,4.8,28.0,161.8,763.2,23.2,601.4000000000001,IJCAI,middle,nonaward
A5107875982,2011,43.0,88.2,2692.8,10053.4,45.2,7360.599999999999,IJCAI,middle,nonaward
A5107883240,2011,8.4,66.4,334.0,4796.8,58.00000000000001,4462.8,IJCAI,middle,nonaward
A5107890981,2017,3.0,3.0,90.2,97.0,0.0,6.799999999999997,ICCV,middle,nonaward
A5107890981,2017,3.0,3.0,90.2,97.0,0.0,6.799999999999997,S&P,middle,nonaward
A5107895938,2011,44.2,96.6,2686.2,9636.2,52.39999999999999,6950.000000000001,IJCAI,middle,nonaward
A5107937309,2011,52.2,38.4,2430.4,4160.6,-13.800000000000004,1730.2000000000003,IJCAI,middle,nonaward
A5108021735,2011,21.4,32.6,883.2,870.8,11.200000000000003,-12.400000000000091,IJCAI,middle,nonaward
A5108050911,2016,28.2,23.0,297.2,417.6,-5.199999999999999,120.40000000000003,OSDI,middle,nonaward
A5108070847,2017,5.2,8.2,165.8,251.0,2.999999999999999,85.19999999999999,ICCV,middle,nonaward
A5108070847,2017,5.2,8.2,165.8,251.0,2.999999999999999,85.19999999999999,S&P,middle,nonaward
A5108084234,2008,7.4,5.6,2180.4,1388.2,-1.8000000000000007,-792.2,KDD,first,nonaward
A5108088359,2017,3.0,8.8,134.0,197.8,5.800000000000001,63.80000000000001,ICCV,middle,nonaward
A5108088359,2017,3.0,8.8,134.0,197.8,5.800000000000001,63.80000000000001,S&P,middle,nonaward
A5108093617,2011,4.8,14.0,289.0,328.0,9.2,39.0,IJCAI,middle,nonaward
A5108124931,2017,3.4,3.0,140.6,119.8,-0.3999999999999999,-20.799999999999997,ICCV,middle,nonaward
A5108124931,2017,3.4,3.0,140.6,119.8,-0.3999999999999999,-20.799999999999997,S&P,middle,nonaward
A5108131438,2017,4.0,7.4,194.4,285.4,3.4000000000000004,90.99999999999997,ICCV,middle,nonaward
A5108131438,2017,4.0,7.4,194.4,285.4,3.4000000000000004,90.99999999999997,S&P,middle,nonaward
A5108139995,2018,2.4,5.0,441.6,585.4,2.6,143.79999999999995,ACL,middle,nonaward
A5108139995,2018,2.4,5.0,441.6,585.4,2.6,143.79999999999995,ICML,middle,nonaward
A5108139995,2018,2.4,5.0,441.6,585.4,2.6,143.79999999999995,ICSE,middle,nonaward
A5108139995,2018,2.4,5.0,441.6,585.4,2.6,143.79999999999995,IJCAI,middle,nonaward
A5108139995,2018,2.4,5.0,441.6,585.4,2.6,143.79999999999995,KDD,middle,nonaward
A5108139995,2018,2.4,5.0,441.6,585.4,2.6,143.79999999999995,NeurIPS,middle,nonaward
A5108143968,2015,1.4,2.0,587.6,2949.8,0.6000000000000001,2362.2000000000003,MOBICOM,middle,nonaward
A5108208453,2008,1.6,2.4,24.4,22.0,0.7999999999999998,-2.3999999999999986,NSDI,middle,nonaward
A5108227231,2010,3.6,2.2,243.8,31.4,-1.4,-212.4,OSDI,last,nonaward
A5108288895,2008,0.0,3.0,0.0,300.6,3.0,300.6,S&P,middle,nonaward
A5108356713,2004,11.8,8.8,747.4,539.2,-3.0,-208.19999999999993,ICSE,last,nonaward
A5108387979,2008,0.0,0.0,0.0,0.0,0.0,0.0,S&P,middle,nonaward
A5108405470,2002,1.2,5.8,25.0,98.6,4.6,73.6,FOCS,middle,nonaward
A5108488934,2011,37.2,32.8,1503.8,812.0,-4.400000000000006,-691.8,IJCAI,middle,nonaward
A5108523545,2016,3.0,8.6,471.0,450.0,5.6,-21.0,ICSE,middle,nonaward
A5108541542,2000,4.8,4.4,794.4,945.6,-0.39999999999999947,151.20000000000005,WWW,first,nonaward
A5108543945,2017,10.6,8.2,313.6,172.4,-2.4000000000000004,-141.20000000000002,ICCV,middle,nonaward
A5108543945,2017,10.6,8.2,313.6,172.4,-2.4000000000000004,-141.20000000000002,S&P,middle,nonaward
A5108572275,2012,7.4,9.8,296.6,118.4,2.4000000000000004,-178.20000000000002,ICML,last,nonaward
A5108612538,2000,1.4,3.6,41.8,105.4,2.2,63.60000000000001,AAAI,last,nonaward
A5108628355,2016,0.0,1.4,0.0,54.0,1.4,54.0,OSDI,middle,nonaward
A5108645448,2007,10.4,9.6,62.2,38.8,-0.8000000000000007,-23.400000000000006,IJCAI,first,nonaward
A5108729589,2017,8.0,8.8,192.8,107.6,0.8000000000000007,-85.20000000000002,ICCV,middle,nonaward
A5108729589,2017,8.0,8.8,192.8,107.6,0.8000000000000007,-85.20000000000002,S&P,middle,nonaward
A5108789340,2009,1.0,1.4,2.2,33.6,0.3999999999999999,31.400000000000002,SOSP,middle,nonaward
A5108792886,2017,0.8,1.0,54.2,44.0,0.19999999999999996,-10.200000000000003,ICCV,middle,nonaward
A5108792886,2017,0.8,1.0,54.2,44.0,0.19999999999999996,-10.200000000000003,S&P,middle,nonaward
A5109032945,2011,4.6,16.0,9.2,16.6,11.4,7.400000000000002,CHI,last,nonaward
A5109039470,2012,4.0,2.8,338.0,178.6,-1.2000000000000002,-159.4,VLDB,middle,nonaward
A5109042243,2000,1.4,1.6,10.0,2.6,0.20000000000000018,-7.4,SIGIR,last,nonaward
A5109068256,2015,3.6,0.8,148.4,7.4,-2.8,-141.0,SOSP,last,nonaward
A5109094093,2010,3.8,3.2,110.6,19.4,-0.5999999999999996,-91.19999999999999,ICML,middle,nonaward
A5109273209,2006,1.6,0.2,11.0,44.6,-1.4000000000000001,33.6,SIGMOD,middle,nonaward
A5109285175,2010,0.2,0.2,0.0,0.0,0.0,0.0,OSDI,middle,nonaward
A5109364915,2015,0.2,1.0,0.4,31.8,0.8,31.400000000000002,FSE,last,nonaward
A5109374362,2014,0.4,5.0,10.8,177.4,4.6,166.6,VLDB,first,nonaward
A5109381048,2014,1.8,3.2,7020.4,1137.0,1.4000000000000001,-5883.4,SODA,middle,nonaward
A5109387322,2016,8.4,2.8,313.8,108.4,-5.6000000000000005,-205.4,OSDI,first,nonaward
A5109394052,2007,1.2,2.6,35.8,14.2,1.4000000000000001,-21.599999999999998,CVPR,first,nonaward
A5109429009,2011,19.2,28.6,841.0,776.0,9.400000000000002,-65.0,IJCAI,middle,nonaward
A5109431125,2011,5.0,5.0,232.6,86.2,0.0,-146.39999999999998,ACL,last,nonaward
A5109493234,2017,0.4,2.0,27.2,107.6,1.6,80.39999999999999,ICCV,middle,nonaward
A5109493234,2017,0.4,2.0,27.2,107.6,1.6,80.39999999999999,S&P,middle,nonaward
A5109495187,2016,2.2,5.8,26.6,32.6,3.5999999999999996,6.0,ICSE,first,nonaward
A5109519525,2017,2.6,11.0,305.0,460.0,8.4,155.0,VLDB,last,nonaward
A5109527979,2011,44.4,39.0,1595.4,850.6,-5.399999999999999,-744.8000000000001,IJCAI,first,nonaward
A5109560331,2008,15.8,12.6,1032.2,4396.6,-3.200000000000001,3364.4000000000005,OSDI,middle,nonaward
A5109586539,2017,5.6,8.6,258.4,198.4,3.0,-59.99999999999997,ICCV,middle,nonaward
A5109586539,2017,5.6,8.6,258.4,198.4,3.0,-59.99999999999997,S&P,middle,nonaward
A5109593948,2014,13.6,31.8,1700.8,4089.6,18.200000000000003,2388.8,SODA,last,nonaward
A5109834751,2000,3.2,3.4,299.8,137.6,0.19999999999999973,-162.20000000000002,AAAI,middle,nonaward
A5109837652,2010,1.8,0.2,158.0,56.2,-1.6,-101.8,OSDI,middle,nonaward
A5109854280,2015,0.0,0.4,0.0,30.8,0.4,30.8,MOBICOM,middle,nonaward
A5109862901,2011,8.4,6.2,623.4,197.0,-2.2,-426.4,AAAI,middle,nonaward
A5109885554,2017,3.2,7.6,156.0,170.4,4.3999999999999995,14.400000000000006,VLDB,middle,nonaward
A5109902974,2016,1.8,1.6,208.8,84.4,-0.19999999999999996,-124.4,UIST,first,nonaward
A5109918726,2007,0.8,0.8,69.0,103.2,0.0,34.2,ICSE,first,nonaward
A5109987399,2017,10.4,5.6,185.0,313.4,-4.800000000000001,128.39999999999998,ICCV,middle,nonaward
A5109987399,2017,10.4,5.6,185.0,313.4,-4.800000000000001,128.39999999999998,S&P,middle,nonaward
A5109988859,2007,0.8,0.6,64.8,51.2,-0.20000000000000007,-13.599999999999994,AAAI,last,nonaward
A5110081955,2007,6.2,9.2,474.2,656.4,2.999999999999999,182.2,ACL,last,nonaward
A5110081955,2010,8.4,7.2,520.2,660.0,-1.2000000000000002,139.79999999999995,STOC,last,nonaward
A5110126701,2015,10.2,3.8,222.8,300.2,-6.3999999999999995,77.39999999999998,S&P,last,nonaward
A5110154678,2017,3.8,3.6,126.8,140.2,-0.19999999999999973,13.399999999999991,ICCV,middle,nonaward
A5110154678,2017,3.8,3.6,126.8,140.2,-0.19999999999999973,13.399999999999991,S&P,middle,nonaward
A5110181358,2012,6.2,5.8,313.8,78.6,-0.40000000000000036,-235.20000000000002,ICML,middle,nonaward
A5110193634,2003,1.0,4.0,19.6,340.2,3.0,320.59999999999997,SOSP,first,nonaward
A5110193634,2005,2.4,3.0,2078.4,259.8,0.6000000000000001,-1818.6000000000001,SOSP,last,nonaward
A5110193634,2016,1.0,1.0,134.0,24.2,0.0,-109.8,OSDI,middle,nonaward
A5110236312,2005,4.0,2.4,999.2,80.6,-1.6,-918.6,SOSP,middle,nonaward
A5110237883,2005,0.6,3.4,35.8,226.2,2.8,190.39999999999998,SOSP,first,nonaward
A5110256670,2011,9.4,9.2,434.8,288.4,-0.20000000000000107,-146.40000000000003,CVPR,first,nonaward
A5110256966,2013,1.6,0.2,14.2,9.4,-1.4000000000000001,-4.799999999999999,CHI,middle,nonaward
A5110272790,2010,4.8,1.2,989.0,371.6,-3.5999999999999996,-617.4,OSDI,middle,nonaward
A5110279104,2006,5.2,1.6,3045.6,1125.8,-3.6,-1919.8,CVPR,last,nonaward
A5110418524,2016,1.8,0.2,332.4,63.8,-1.6,-268.59999999999997,IJCAI,middle,nonaward
A5110433665,2010,0.0,0.0,0.0,0.0,0.0,0.0,ICML,middle,nonaward
A5110442084,2017,6.8,1.2,211.2,102.6,-5.6,-108.6,ICCV,middle,nonaward
A5110442084,2017,6.8,1.2,211.2,102.6,-5.6,-108.6,S&P,middle,nonaward
A5110545841,2015,0.0,0.0,0.0,0.0,0.0,0.0,PODS,middle,nonaward
A5110549323,2013,1.6,4.6,372.4,661.0,2.9999999999999996,288.6,UIST,middle,nonaward
A5110666998,2008,3.2,1.2,930.2,148.4,-2.0,-781.8000000000001,KDD,middle,nonaward
A5110701511,2003,4.6,7.6,507.4,226.8,3.0,-280.59999999999997,FOCS,last,nonaward
A5110727373,2017,6.8,6.0,203.6,77.4,-0.7999999999999998,-126.19999999999999,ICCV,middle,nonaward
A5110727373,2017,6.8,6.0,203.6,77.4,-0.7999999999999998,-126.19999999999999,S&P,middle,nonaward
A5110737584,2018,1.0,0.6,13.4,88.0,-0.4,74.6,ACL,middle,nonaward
A5110737584,2018,1.0,0.6,13.4,88.0,-0.4,74.6,ICML,middle,nonaward
A5110737584,2018,1.0,0.6,13.4,88.0,-0.4,74.6,ICSE,middle,nonaward
A5110737584,2018,1.0,0.6,13.4,88.0,-0.4,74.6,IJCAI,middle,nonaward
A5110737584,2018,1.0,0.6,13.4,88.0,-0.4,74.6,KDD,middle,nonaward
A5110737584,2018,1.0,0.6,13.4,88.0,-0.4,74.6,NeurIPS,middle,nonaward
A5110910623,2013,2.8,7.2,161.4,399.8,4.4,238.4,UIST,middle,nonaward
A5111035037,2009,0.4,0.0,16.2,0.0,-0.4,-16.2,SOSP,middle,nonaward
A5111055353,2013,0.4,1.0,27.8,107.0,0.6,79.2,CHI,middle,nonaward
A5111159639,2006,1.0,5.2,3.4,102.2,4.2,98.8,SIGMOD,middle,nonaward
A5111221391,2013,2.0,2.6,63.8,149.8,0.6000000000000001,86.00000000000001,CHI,middle,nonaward
A5111375410,2012,1.8,3.0,6.0,29.4,1.2,23.4,AAAI,first,nonaward
A5111380593,2006,7.2,0.2,614.8,1.8,-7.0,-613.0,OSDI,middle,nonaward
A5111383811,2000,1.0,7.8,82.4,1977.0,6.8,1894.6,AAAI,first,nonaward
A5111413844,2011,51.2,88.6,4032.0,7701.2,37.39999999999999,3669.2,IJCAI,middle,nonaward
A5111415138,2009,0.0,0.8,0.0,17.0,0.8,17.0,CHI,middle,nonaward
A5111421027,2014,1.6,0.4,3.8,0.0,-1.2000000000000002,-3.8,S&P,first,nonaward
A5111433717,2011,46.0,15.0,2046.2,434.0,-31.0,-1612.2,IJCAI,middle,nonaward
A5111468263,2011,26.0,3.2,1089.6,123.2,-22.8,-966.3999999999999,IJCAI,middle,nonaward
A5111483754,2011,47.6,5.0,2191.0,2131.0,-42.6,-60.0,IJCAI,middle,nonaward
A5111510733,2011,42.2,65.6,2275.6,6398.8,23.39999999999999,4123.200000000001,IJCAI,middle,nonaward
A5111515855,2010,3.6,4.0,303.4,779.8,0.3999999999999999,476.4,OSDI,last,nonaward
A5111518156,2009,1.8,0.6,162.2,322.6,-1.2000000000000002,160.40000000000003,S&P,middle,nonaward
A5111537551,2006,10.8,3.6,1139.6,842.2,-7.200000000000001,-297.39999999999986,OSDI,middle,nonaward
A5111537551,2008,6.8,2.2,844.8,185.6,-4.6,-659.1999999999999,OSDI,last,nonaward
A5111552059,2011,5.6,6.6,270.0,369.8,1.0,99.80000000000001,SOSP,middle,nonaward
A5111587495,2008,1.6,2.6,483.2,203.2,1.0,-280.0,KDD,middle,nonaward
A5111596155,2008,5.8,6.4,925.0,557.4,0.6000000000000005,-367.6,KDD,middle,nonaward
A5111684967,2009,3.8,4.4,656.8,435.8,0.6000000000000005,-220.99999999999994,S&P,first,nonaward
A5111723795,2004,3.6,3.6,127.2,106.2,0.0,-21.0,OSDI,first,nonaward
A5111749716,2017,12.4,7.8,388.8,202.6,-4.6000000000000005,-186.20000000000002,ICCV,middle,nonaward
A5111749716,2017,12.4,7.8,388.8,202.6,-4.6000000000000005,-186.20000000000002,S&P,middle,nonaward
A5111775451,2003,0.4,0.4,83.4,13.6,0.0,-69.80000000000001,ICSE,last,nonaward
A5111830942,2015,3.8,2.2,311.6,27.8,-1.5999999999999996,-283.8,SOSP,middle,nonaward
A5111906678,2011,1.4,38.4,49.8,932.0,37.0,882.2,IJCAI,middle,nonaward
A5111915025,2014,0.8,2.4,27.8,441.0,1.5999999999999999,413.2,SODA,middle,nonaward
A5111929615,2001,2.2,3.0,717.8,191.0,0.7999999999999998,-526.8,ICCV,first,nonaward
A5111939810,2011,0.0,0.8,0.0,1.0,0.8,1.0,SOSP,middle,nonaward
A5111970544,2000,2.0,1.8,89.8,346.8,-0.19999999999999996,257.0,WWW,middle,nonaward
A5111987936,2004,8.0,8.4,126.4,221.4,0.40000000000000036,95.0,ICSE,middle,nonaward
A5112054152,2011,49.2,3.0,2181.8,67.8,-46.2,-2114.0,IJCAI,middle,nonaward
A5112355043,2009,1.2,4.4,139.0,343.8,3.2,204.8,VLDB,middle,nonaward
A5112445699,2015,4.0,8.6,3372.8,1925.4,4.6,-1447.4,NeurIPS,last,nonaward
A5112700874,2015,1.6,3.8,13047.2,88.0,2.1999999999999997,-12959.2,MOBICOM,middle,nonaward
A5112758056,2016,11.4,45.0,478.0,1369.4,33.6,891.4000000000001,UIST,last,nonaward
A5112776179,2010,0.2,0.6,0.4,584.4,0.39999999999999997,584.0,OSDI,middle,nonaward
A5112785267,2008,0.6,1.0,0.0,5.2,0.4,5.2,NSDI,middle,nonaward
A5112875487,2011,12.0,6.2,1165.2,212.6,-5.8,-952.6,CVPR,first,nonaward
A5113151758,2013,0.0,4.2,0.0,60.4,4.2,60.4,VLDB,middle,nonaward
A5113268159,2018,1.2,2.4,38.6,57.4,1.2,18.799999999999997,MOBICOM,middle,nonaward
A5113489017,2004,1.4,5.0,27.2,485.2,3.6,458.0,ACL,first,nonaward
A5113489619,2018,1.0,0.8,67.4,10.2,-0.19999999999999996,-57.2,SODA,middle,nonaward
A5113501528,2011,2.4,30.0,39.2,776.4,27.6,737.1999999999999,IJCAI,middle,nonaward
A5113601495,2017,8.4,1.2,306.8,120.0,-7.2,-186.8,ICCV,middle,nonaward
A5113601495,2017,8.4,1.2,306.8,120.0,-7.2,-186.8,S&P,middle,nonaward
A5113630672,2016,0.8,0.8,5.4,4.0,0.0,-1.4000000000000004,CHI,middle,nonaward
A5113662214,2014,5.4,18.2,251.2,767.0,12.799999999999999,515.8,INFOCOM,first,nonaward
A5113681033,2000,3.2,4.2,302.2,522.4,1.0,220.2,WWW,last,nonaward
A5113708992,2008,2.0,7.4,243.2,544.0,5.4,300.8,S&P,middle,nonaward
A5113741389,2004,3.4,2.4,309.8,58.6,-1.0,-251.20000000000002,AAAI,first,nonaward
A5113788459,2009,1.0,3.2,2.6,7.6,2.2,5.0,CHI,last,nonaward
A5113836277,2010,0.2,2.2,0.2,2.6,2.0,2.4,OSDI,middle,nonaward
A5113842424,2011,2.8,3.8,40.4,80.0,1.0,39.6,IJCAI,middle,nonaward
A5113936218,2017,5.4,3.0,197.8,155.2,-2.4000000000000004,-42.60000000000002,ICCV,middle,nonaward
A5113936218,2017,5.4,3.0,197.8,155.2,-2.4000000000000004,-42.60000000000002,S&P,middle,nonaward
A5114025712,2017,2.0,4.6,120.4,167.2,2.5999999999999996,46.79999999999998,ICCV,middle,nonaward
A5114025712,2017,2.0,4.6,120.4,167.2,2.5999999999999996,46.79999999999998,S&P,middle,nonaward
A5114248503,2007,9.6,7.0,1115.6,327.0,-2.5999999999999996,-788.5999999999999,ICSE,last,nonaward
A5114259175,2006,0.8,7.8,10.6,453.0,7.0,442.4,VLDB,middle,nonaward
A5115076637,2013,0.8,3.2,11.4,81.4,2.4000000000000004,70.0,ICSE,first,nonaward
A5115589054,2016,3.0,8.2,1223.6,2630.2,5.199999999999999,1406.6,AAAI,first,nonaward
A5115604308,2013,10.6,8.2,2230.2,883.2,-2.4000000000000004,-1346.9999999999998,UIST,last,nonaward
A5120542855,2011,20.8,56.0,1664.0,5782.6,35.2,4118.6,IJCAI,middle,nonaward
