author_id,award_year,pre_avg_citations,post_avg_citations,pre_avg_works,post_avg_works,lift_citations,lift_works,conference,author_position,group,treatment
A5000299170,2011,0.0,0.0,0.0,0.0,,,ICSE,middle,nonaward,
A5000301016,2011,162.4,109.8,12.2,6.6,0.6761083743842364,0.5409836065573771,VLDB,last,nonaward,
A5000302173,2007,27.2,22.6,1.2,2.2,0.8308823529411765,1.8333333333333333,IJCAI,first,nonaward,
A5000469305,2011,83.0,22.2,5.4,3.4,0.2674698795180723,0.6296296296296295,MOBICOM,first,nonaward,
A5000576164,2016,141.0,157.2,8.2,6.8,1.1148936170212764,0.8292682926829269,IJCAI,first,nonaward,
A5000827846,2017,0.0,0.0,6.4,5.6,,0.8749999999999999,ICCV,first,nonaward,
A5000968210,2007,30.6,68.8,3.0,3.6,2.2483660130718954,1.2,CHI,first,nonaward,
A5001203216,2008,0.0,0.0,0.0,0.0,,,CHI,first,nonaward,
A5001206547,2006,746.4,1697.8,20.6,39.4,2.27465166130761,1.9126213592233008,ICML,middle,nonaward,
A5001303489,2004,437.0,114.2,5.0,3.4,0.2613272311212815,0.6799999999999999,ACL,last,nonaward,
A5001306703,2015,4.8,58.8,1.8,7.2,12.25,4.0,PODS,middle,nonaward,
A5001307762,2010,119.6,127.4,3.2,3.6,1.065217391304348,1.125,ICSE,middle,nonaward,
A5001413512,2010,42.6,126.8,1.4,4.4,2.976525821596244,3.1428571428571432,CIKM,last,nonaward,
A5001422310,2000,350.0,663.0,14.0,15.6,1.8942857142857144,1.1142857142857143,SIGIR,first,nonaward,
A5001530127,2014,0.2,11.0,1.2,2.4,55.0,2.0,CHI,middle,nonaward,
A5001653478,2017,0.0,50.8,0.0,2.4,,,SIGIR,middle,nonaward,
A5001682481,2003,28.8,437.6,4.8,29.2,15.194444444444445,6.083333333333333,WWW,middle,nonaward,
A5001723274,2007,96.8,24.4,1.6,1.4,0.2520661157024793,0.8749999999999999,SOSP,middle,nonaward,
A5001763022,2013,601.0,1430.8,5.0,12.4,2.380698835274542,2.48,AAAI,middle,nonaward,
A5001863597,2017,95.2,166.8,5.6,6.0,1.7521008403361344,1.0714285714285714,SIGIR,last,nonaward,
A5001877366,2010,610.6,1630.6,18.0,23.2,2.670488044546348,1.2888888888888888,ICML,last,nonaward,
A5001886502,2016,163.8,417.0,4.6,10.8,2.5457875457875456,2.347826086956522,UIST,first,nonaward,
A5001899130,2016,19.2,0.2,2.8,0.4,0.0104166666666666,0.1428571428571428,STOC,first,nonaward,
A5001911595,2012,10.2,10.0,1.8,2.0,0.9803921568627452,1.1111111111111112,VLDB,last,nonaward,
A5002013490,2005,0.2,13.2,0.2,2.2,65.99999999999999,11.0,SOSP,middle,nonaward,
A5002075773,2015,657.2,235.0,19.6,7.0,0.3575776019476567,0.3571428571428571,SOSP,last,nonaward,
A5002102744,2007,396.6,131.0,13.6,13.2,0.3303076147251639,0.9705882352941176,FSE,middle,nonaward,
A5002111312,2014,48.8,23.0,2.6,3.8,0.4713114754098361,1.4615384615384617,NeurIPS,middle,nonaward,
A5002139930,2005,11.6,425.8,3.2,14.4,36.70689655172414,4.5,VLDB,middle,nonaward,
A5002203026,2009,502.2,342.8,11.4,16.4,0.6825965750696934,1.43859649122807,VLDB,middle,nonaward,
A5002285642,2010,35.0,21.2,0.6,1.2,0.6057142857142856,2.0,OSDI,first,nonaward,
A5002296631,2017,0.8,5.8,2.4,7.8,7.249999999999999,3.25,ICCV,first,nonaward,
A5002413906,2006,249.2,172.4,5.6,8.4,0.6918138041733548,1.5000000000000002,VLDB,middle,nonaward,
A5002436680,2008,1648.8,25.6,14.4,5.6,0.0155264434740417,0.3888888888888888,OSDI,last,nonaward,
A5002459127,2007,107.2,282.8,6.2,4.4,2.638059701492537,0.7096774193548387,CVPR,last,nonaward,
A5002563905,2018,26.8,23.8,1.4,2.6,0.8880597014925373,1.8571428571428572,INFOCOM,middle,nonaward,
A5002645384,2008,1.4,3.4,0.2,0.6,2.428571428571429,3.0,ICSE,first,nonaward,
A5002705704,2012,107.4,170.6,4.8,12.2,1.5884543761638732,2.5416666666666665,SODA,first,nonaward,
A5002965713,2010,0.0,66.2,0.0,0.4,,,ICSE,first,nonaward,
A5003010093,2005,25.4,222.0,0.8,6.6,8.740157480314961,8.249999999999998,ICSE,first,nonaward,
A5003126135,2011,38.6,145.0,2.8,7.8,3.756476683937824,2.785714285714286,SOSP,middle,nonaward,
A5003181758,2017,12.8,5.4,2.4,1.0,0.421875,0.4166666666666667,SIGIR,middle,nonaward,
A5003324660,2010,2.0,12.2,0.4,1.6,6.1,4.0,CIKM,first,nonaward,
A5003336244,2011,435.0,135.2,17.0,11.4,0.3108045977011494,0.6705882352941177,FOCS,last,nonaward,
A5003384121,2016,29.4,25.8,3.6,2.6,0.8775510204081634,0.7222222222222222,IJCAI,middle,nonaward,
A5003427260,2017,2.0,0.0,35.0,3.0,0.0,0.0857142857142857,S&P,middle,nonaward,
A5003625306,2014,26.0,8.4,1.8,1.8,0.3230769230769231,1.0,FSE,first,nonaward,
A5003707725,2013,0.0,128.2,0.0,2.6,,,VLDB,first,nonaward,
A5003963139,2018,217.4,91.0,8.6,13.8,0.4185832566697332,1.604651162790698,NeurIPS,last,nonaward,
A5004068520,2011,55.2,362.4,2.4,9.8,6.565217391304347,4.083333333333334,SOSP,last,nonaward,
A5004216729,2018,217.2,61.6,5.6,2.6,0.283609576427256,0.4642857142857143,SODA,middle,nonaward,
A5004270706,2017,370.0,188.8,21.2,24.8,0.5102702702702703,1.169811320754717,UIST,first,nonaward,
A5004350204,2016,2597.2,404.4,28.2,10.0,0.1557061450793161,0.3546099290780142,UIST,middle,nonaward,
A5004507358,2018,91.8,1099.2,13.0,32.2,11.973856209150329,2.476923076923077,NeurIPS,middle,nonaward,
A5004535565,2004,40.6,112.6,2.6,4.6,2.7733990147783247,1.769230769230769,ACL,first,nonaward,
A5004587018,2010,76.8,59.4,3.0,6.8,0.7734375,2.2666666666666666,AAAI,middle,nonaward,
A5004722373,2018,0.6,4.2,0.2,2.4,7.000000000000001,11.999999999999998,ACL,first,nonaward,
A5004745943,2006,154.2,3671.4,6.8,41.4,23.80933852140078,6.088235294117647,ICML,middle,nonaward,
A5004825611,2018,591.4,235.8,29.6,33.0,0.3987149137639499,1.114864864864865,NeurIPS,first,nonaward,
A5004921249,2007,2333.6,952.2,7.6,14.2,0.4080390812478574,1.868421052631579,ACL,last,nonaward,
A5004960011,2015,348.4,73.6,19.6,10.0,0.2112514351320321,0.5102040816326531,IJCAI,middle,nonaward,
A5004976322,2008,635.0,149.2,5.8,3.2,0.2349606299212598,0.5517241379310345,S&P,first,nonaward,
A5005072713,2014,149.2,556.2,2.0,2.6,3.727882037533512,1.3,SODA,middle,nonaward,
A5005263992,2004,19.0,72.0,1.2,1.6,3.789473684210526,1.3333333333333337,ACL,first,nonaward,
A5005431760,2018,2.0,0.6,2.0,2.0,0.3,1.0,KDD,first,nonaward,
A5005443434,2015,36.0,0.0,1.6,0.2,0.0,0.125,SOSP,middle,nonaward,
A5005448339,2015,443.8,344.6,4.8,10.0,0.7764758900405588,2.083333333333333,PODS,middle,nonaward,
A5005554337,2008,81.4,6262.6,1.2,8.0,76.93611793611794,6.666666666666667,OSDI,first,nonaward,
A5005589342,2014,11.8,10.0,4.4,5.0,0.847457627118644,1.1363636363636362,NeurIPS,last,nonaward,
A5005606525,2014,1.8,0.0,1.0,0.0,0.0,0.0,WWW,middle,nonaward,
A5005844709,2013,318.8,396.8,5.6,3.4,1.2446675031367629,0.6071428571428572,UIST,middle,nonaward,
A5005897295,2007,0.0,0.0,0.0,0.0,,,IJCAI,middle,nonaward,
A5006053030,2015,403.4,192.0,17.4,22.6,0.4759543877045117,1.2988505747126438,IJCAI,last,nonaward,
A5006055233,2014,156.8,122.2,6.0,5.6,0.7793367346938775,0.9333333333333332,INFOCOM,first,nonaward,
A5006077391,2018,0.0,8.0,0.0,1.0,,,OSDI,middle,nonaward,
A5006184530,2014,441.2,455.2,15.0,22.4,1.0317316409791475,1.4933333333333332,INFOCOM,middle,nonaward,
A5006208569,2013,0.0,1.6,1.2,3.4,,2.833333333333333,CHI,first,nonaward,
A5006228258,2013,6.0,93.2,2.0,3.2,15.533333333333331,1.6,ACL,last,nonaward,
A5006247481,2004,329.8,118.2,5.8,5.2,0.3583990297149788,0.896551724137931,ICSE,first,nonaward,
A5006258856,2010,215.4,540.0,8.8,20.4,2.5069637883008355,2.318181818181818,CIKM,last,nonaward,
A5006550805,2014,25.0,6.0,3.8,2.8,0.24,0.7368421052631579,FSE,first,nonaward,
A5006665729,2017,8.8,19.8,1.0,1.8,2.25,1.8,ACL,middle,nonaward,
A5006681407,2006,468.6,3369.4,8.0,52.2,7.190354246692275,6.525,ICML,middle,nonaward,
A5006794669,2016,354.6,371.0,15.6,20.8,1.046249294980259,1.3333333333333337,IJCAI,last,nonaward,
A5006801972,2014,906.8,2122.8,4.6,10.2,2.3409792677547423,2.217391304347826,SODA,first,nonaward,
A5006905045,2003,2.6,377.2,0.2,4.6,145.07692307692307,23.0,IJCAI,middle,nonaward,
A5006977070,2017,0.4,0.8,6.8,9.0,2.0,1.3235294117647058,S&P,last,nonaward,
A5006994335,2010,1319.2,877.8,20.6,31.0,0.6654032747119466,1.5048543689320388,ICSE,last,nonaward,
A5006997647,2018,241.4,73.6,4.2,4.0,0.3048881524440762,0.9523809523809524,ICML,middle,nonaward,
A5007008626,2018,794.2,907.4,11.2,19.8,1.142533366910098,1.767857142857143,ICML,last,nonaward,
A5007049054,2003,55.0,608.0,1.4,8.0,11.054545454545456,5.714285714285714,ICSE,first,nonaward,
A5007291045,2018,2884.4,1393.6,33.2,39.4,0.4831507419220635,1.186746987951807,SODA,middle,nonaward,
A5007730604,2012,223.6,102.2,8.2,4.2,0.4570661896243292,0.5121951219512195,SODA,first,nonaward,
A5007900296,2013,11.2,51.8,0.6,2.0,4.625,3.333333333333333,VLDB,middle,nonaward,
A5007910787,2006,1247.8,4099.4,23.4,69.2,3.285302131751884,2.9572649572649574,ICML,middle,nonaward,
A5008031008,2009,29.6,0.4,1.4,0.2,0.0135135135135135,0.1428571428571428,VLDB,first,nonaward,
A5008034417,2001,358.0,693.6,8.2,23.2,1.9374301675977652,2.829268292682927,ICCV,last,nonaward,
A5008153411,2017,0.0,75.8,0.0,2.4,,,NeurIPS,first,nonaward,
A5008560363,2017,1.8,9.4,1.6,4.6,5.222222222222222,2.875,CHI,middle,nonaward,
A5008609009,2011,180.8,155.8,13.6,10.8,0.8617256637168141,0.7941176470588236,ACL,middle,nonaward,
A5008660668,2015,0.0,0.0,0.0,0.0,,,CHI,middle,nonaward,
A5008726086,2015,19.4,8.8,2.8,2.6,0.4536082474226804,0.9285714285714288,IJCAI,first,nonaward,
A5009103211,2013,24.2,35.6,0.8,1.6,1.4710743801652897,2.0,VLDB,last,nonaward,
A5009114007,2014,476.4,363.4,5.8,8.0,0.7628043660789252,1.3793103448275863,NeurIPS,first,nonaward,
A5009343444,2016,9.4,2.0,3.4,2.4,0.2127659574468085,0.7058823529411765,STOC,middle,nonaward,
A5009345605,2011,24.4,8.0,0.6,0.8,0.3278688524590164,1.3333333333333337,SOSP,middle,nonaward,
A5009422155,2018,227.2,97.8,11.8,9.6,0.4304577464788732,0.8135593220338982,ACL,middle,nonaward,
A5009539513,2017,291.2,196.0,16.2,19.4,0.6730769230769231,1.1975308641975309,NeurIPS,last,nonaward,
A5009542542,2012,618.0,746.2,19.6,16.2,1.207443365695793,0.8265306122448979,VLDB,last,nonaward,
A5009682734,2018,1112.6,178.2,6.6,8.4,0.1601653783929534,1.272727272727273,ICSE,last,nonaward,
A5009686443,2010,200.6,158.2,6.6,3.6,0.7886340977068793,0.5454545454545455,VLDB,last,nonaward,
A5009741300,2016,96.4,754.6,4.6,15.6,7.827800829875518,3.391304347826088,ICSE,first,nonaward,
A5009749854,2015,34.2,0.0,0.6,0.0,0.0,0.0,SOSP,middle,nonaward,
A5009899168,2015,0.0,13.2,0.0,0.2,,,CHI,middle,nonaward,
A5009910914,2015,112.2,209.0,3.2,6.4,1.862745098039216,2.0,SOSP,first,nonaward,
A5010055493,2008,0.0,0.0,0.0,0.0,,,ICSE,first,nonaward,
A5010167112,2014,5.4,66.2,2.2,2.4,12.25925925925926,1.0909090909090908,WWW,first,nonaward,
A5010481434,2016,869.0,53.4,6.4,4.0,0.0614499424626006,0.625,OSDI,middle,nonaward,
A5010531211,2014,1173.8,178.0,3.4,1.6,0.1516442324075651,0.4705882352941177,SODA,middle,nonaward,
A5010720860,2014,205.0,53.2,6.0,4.0,0.2595121951219512,0.6666666666666666,FSE,first,nonaward,
A5010819147,2017,51.0,34.6,3.4,3.4,0.6784313725490196,1.0,SOSP,middle,nonaward,
A5010950085,2013,8.8,0.0,2.2,0.0,0.0,0.0,CHI,first,nonaward,
A5011070866,2014,191.0,260.0,11.4,7.6,1.361256544502618,0.6666666666666666,VLDB,middle,nonaward,
A5011118694,2018,357.6,293.0,14.6,11.2,0.8193512304250559,0.7671232876712328,SODA,last,nonaward,
A5011142751,2016,126.4,209.8,3.4,6.4,1.6598101265822784,1.8823529411764708,FSE,middle,nonaward,
A5011238161,2011,16.4,50.0,0.8,2.0,3.048780487804878,2.5,SOSP,middle,nonaward,
A5011344987,2000,226.0,246.4,3.0,3.0,1.0902654867256638,1.0,AAAI,first,nonaward,
A5011385367,2008,0.0,0.0,0.0,0.0,,,CHI,first,nonaward,
A5011509882,2016,157.0,5.2,1.0,1.4,0.0331210191082802,1.4,OSDI,first,nonaward,
A5011560405,2007,1.8,38.6,0.4,1.6,21.444444444444446,4.0,CHI,last,nonaward,
A5011609914,2017,10.8,50.4,2.4,4.6,4.666666666666666,1.9166666666666663,CVPR,middle,nonaward,
A5011758954,2015,62.8,136.4,3.4,8.2,2.171974522292994,2.411764705882353,NeurIPS,middle,nonaward,
A5011818844,2011,41.4,0.0,1.2,0.0,0.0,0.0,VLDB,first,nonaward,
A5011925943,2006,608.6,3693.2,18.2,62.8,6.0683535984226085,3.4505494505494507,ICML,middle,nonaward,
A5012487013,2008,415.4,947.6,7.6,17.2,2.2811747713047668,2.263157894736842,OSDI,middle,nonaward,
A5012514373,2018,0.0,4.2,0.0,0.6,,,ICML,first,nonaward,
A5012527999,2010,0.0,13.8,0.2,3.6,,18.0,AAAI,middle,nonaward,
A5012557712,2014,21194.2,5178.2,15.2,16.0,0.2443215596719857,1.0526315789473684,SODA,last,nonaward,
A5012617298,2013,17.0,8.2,0.8,1.0,0.4823529411764705,1.25,ICSE,middle,nonaward,
A5012618073,2014,325.0,402.0,10.4,15.4,1.236923076923077,1.4807692307692308,INFOCOM,last,nonaward,
A5012657395,2000,4.8,1.0,1.0,0.4,0.2083333333333333,0.4,WWW,middle,nonaward,
A5012730394,2017,38.4,6.4,4.2,3.8,0.1666666666666666,0.9047619047619048,FSE,first,nonaward,
A5012730394,2017,38.4,6.4,4.2,3.8,0.1666666666666666,0.9047619047619048,SOSP,first,nonaward,
A5012748757,2015,0.8,4.0,1.2,0.2,5.0,0.1666666666666666,UIST,first,nonaward,
A5012819177,2015,147.2,132.4,11.0,13.0,0.8994565217391305,1.181818181818182,MOBICOM,first,nonaward,
A5012819177,2015,147.2,132.4,11.0,13.0,0.8994565217391305,1.181818181818182,MOBICOM,last,nonaward,
A5012828540,2012,35.4,64.6,2.4,2.8,1.8248587570621468,1.1666666666666667,ICSE,first,nonaward,
A5012924253,2003,692.2,580.6,11.2,9.8,0.8387749205431956,0.8750000000000001,ICCV,last,nonaward,
A5012998255,2003,15.6,4766.6,0.8,0.8,305.5512820512821,1.0,SOSP,first,nonaward,
A5013335871,2003,22.6,35.2,0.8,1.2,1.5575221238938053,1.4999999999999998,FSE,first,nonaward,
A5013416189,2014,0.0,0.0,0.0,0.0,,,ICSE,first,nonaward,
A5013455933,2018,72.4,98.2,4.6,5.0,1.356353591160221,1.0869565217391306,UIST,first,nonaward,
A5013480706,2011,0.0,0.0,0.0,0.0,,,ICSE,last,nonaward,
A5013511053,2018,85.0,161.6,3.0,5.4,1.9011764705882352,1.8,SODA,middle,nonaward,
A5013553389,2007,131.0,24.6,3.0,3.2,0.1877862595419847,1.0666666666666669,SOSP,first,nonaward,
A5013557732,2016,196.8,1.8,1.2,0.4,0.0091463414634146,0.3333333333333333,OSDI,middle,nonaward,
A5013834800,2017,103.2,37.8,15.4,13.4,0.3662790697674418,0.8701298701298701,S&P,first,nonaward,
A5013873679,2016,30.4,27.6,4.8,5.8,0.9078947368421052,1.2083333333333333,STOC,first,nonaward,
A5013989748,2013,164.4,263.8,7.0,3.8,1.6046228710462287,0.5428571428571428,ICSE,middle,nonaward,
A5014163352,2007,41.0,2.4,2.2,0.6,0.0585365853658536,0.2727272727272727,IJCAI,last,nonaward,
A5014342735,2006,461.2,1897.0,12.8,41.0,4.113183000867303,3.203125,ICML,middle,nonaward,
A5014626719,2018,0.0,0.0,0.0,0.0,,,OSDI,middle,nonaward,
A5014691067,2013,0.0,48.8,0.0,1.6,,,AAAI,first,nonaward,
A5014952908,2011,11.8,70.0,1.6,1.6,5.932203389830508,1.0,AAAI,middle,nonaward,
A5015035219,2006,296.4,116.4,6.8,4.4,0.3927125506072875,0.6470588235294118,ICML,middle,nonaward,
A5015166762,2004,6.8,46.6,1.0,4.4,6.852941176470589,4.4,ACL,middle,nonaward,
A5015170324,2009,8.0,3.2,3.6,4.0,0.4,1.1111111111111112,SOSP,first,nonaward,
A5015319740,2003,27.2,86.4,0.8,3.2,3.1764705882352944,4.0,IJCAI,middle,nonaward,
A5015817476,2006,117.8,3958.4,5.6,38.8,33.602716468590835,6.928571428571429,ICML,middle,nonaward,
A5015845450,2016,87.0,19.4,1.8,0.4,0.2229885057471264,0.2222222222222222,ICSE,middle,nonaward,
A5015863866,2008,419.4,263.2,10.2,9.6,0.6275631855030996,0.9411764705882352,OSDI,middle,nonaward,
A5015863866,2016,357.2,220.4,10.8,8.8,0.6170212765957447,0.8148148148148149,OSDI,middle,nonaward,
A5015863866,2018,495.6,46.4,11.8,4.8,0.0936238902340597,0.4067796610169491,OSDI,middle,nonaward,
A5015950959,2003,63.6,44.6,2.6,3.0,0.7012578616352201,1.1538461538461535,IJCAI,first,nonaward,
A5015957810,2012,164.6,92.0,6.6,2.2,0.5589307411907655,0.3333333333333333,SODA,middle,nonaward,
A5016106696,2003,0.0,0.0,0.0,0.0,,,FSE,middle,nonaward,
A5016231702,2018,579.4,354.4,16.8,10.6,0.6116672419744563,0.6309523809523809,SODA,middle,nonaward,
A5016275191,2017,0.0,1.2,0.0,0.2,,,VLDB,middle,nonaward,
A5016327228,2009,0.0,15.8,0.2,0.2,,1.0,CHI,first,nonaward,
A5016372005,2012,0.2,0.0,0.8,0.2,0.0,0.25,KDD,first,nonaward,
A5016412107,2018,200.4,414.8,6.0,10.4,2.0698602794411176,1.7333333333333334,ICML,middle,nonaward,
A5016448581,2017,1703.8,1667.4,41.6,54.4,0.9786359901396878,1.3076923076923077,NeurIPS,middle,nonaward,
A5016462041,2012,138.4,340.6,13.8,8.4,2.4609826589595376,0.6086956521739131,AAAI,last,nonaward,
A5016537835,2010,237.4,307.6,2.6,5.8,1.295703454085931,2.230769230769231,STOC,last,nonaward,
A5016874794,2013,47.0,29.4,3.2,5.2,0.625531914893617,1.625,VLDB,first,nonaward,
A5016963468,2004,336.8,92.8,4.8,3.2,0.2755344418052256,0.6666666666666667,ICSE,middle,nonaward,
A5017016232,2014,147.8,95.8,5.0,5.8,0.6481732070365358,1.16,SODA,last,nonaward,
A5017183605,2018,5.2,11.0,1.0,4.2,2.1153846153846154,4.2,AAAI,last,nonaward,
A5017306399,2017,729.4,312.8,33.8,24.6,0.4288456265423636,0.727810650887574,VLDB,middle,nonaward,
A5017319081,2016,37.0,86.8,0.2,3.2,2.345945945945946,16.0,NSDI,middle,nonaward,
A5017381278,2008,816.8,4047.8,8.2,14.0,4.95568070519099,1.707317073170732,OSDI,middle,nonaward,
A5017619650,2017,233.6,110.2,11.0,14.8,0.4717465753424658,1.3454545454545457,VLDB,last,nonaward,
A5017661088,2016,1.2,13.2,0.2,1.8,11.0,9.0,OSDI,middle,nonaward,
A5017667209,2018,129.8,139.8,4.6,5.8,1.077041602465331,1.2608695652173914,SODA,middle,nonaward,
A5017691528,2009,660.6,573.4,10.0,15.0,0.8679987889797154,1.5,CHI,first,nonaward,
A5017722636,2011,0.0,0.0,0.0,0.0,,,FOCS,first,nonaward,
A5017736224,2014,1036.8,824.0,31.4,46.4,0.7947530864197532,1.4777070063694269,INFOCOM,middle,nonaward,
A5017775499,2006,3.6,0.0,0.2,0.0,0.0,0.0,OSDI,middle,nonaward,
A5017812909,2018,0.0,0.6,0.8,0.8,,1.0,UIST,last,nonaward,
A5017903772,2017,290.4,121.6,15.4,10.2,0.418732782369146,0.6623376623376622,PLDI,first,nonaward,
A5017920742,2008,0.0,0.0,0.0,0.0,,,CHI,last,nonaward,
A5017943933,2018,54.0,58.6,4.4,8.6,1.0851851851851853,1.9545454545454544,ACL,last,nonaward,
A5018143444,2016,278.8,186.8,5.8,9.0,0.6700143472022956,1.5517241379310345,IJCAI,last,nonaward,
A5018263124,2015,21.6,0.0,0.6,0.2,0.0,0.3333333333333333,CHI,middle,nonaward,
A5018484044,2005,10.8,0.6,0.2,0.4,0.0555555555555555,2.0,SOSP,last,nonaward,
A5018503243,2011,0.0,123.2,0.2,3.2,,16.0,ACL,last,nonaward,
A5018571347,2016,2248.0,559.2,92.6,29.0,0.2487544483985765,0.3131749460043196,UIST,middle,nonaward,
A5018641849,2014,95.6,211.4,15.4,12.8,2.2112970711297075,0.8311688311688312,MOBICOM,first,nonaward,
A5018783153,2006,174.8,3249.4,6.2,38.0,18.58924485125858,6.129032258064516,ICML,middle,nonaward,
A5018795232,2003,14.2,69.0,1.0,1.6,4.859154929577465,1.6,ICCV,first,nonaward,
A5018809254,2005,0.0,0.0,0.0,0.0,,,VLDB,middle,nonaward,
A5018979151,2005,96.4,0.0,0.6,0.0,0.0,0.0,VLDB,middle,nonaward,
A5019043770,2016,1221.0,399.0,15.2,12.6,0.3267813267813267,0.8289473684210527,NSDI,last,nonaward,
A5019394715,2016,6.6,160.8,0.6,3.8,24.363636363636367,6.333333333333333,FSE,first,nonaward,
A5019539533,2010,3963.8,9906.4,33.8,55.8,2.4992179221958724,1.650887573964497,VLDB,last,nonaward,
A5019700958,2006,0.6,17.2,3.6,2.8,28.666666666666668,0.7777777777777777,SIGMOD,last,nonaward,
A5019716133,2017,9.0,7.4,1.4,2.8,0.8222222222222223,2.0,SIGIR,first,nonaward,
A5019854432,2008,380.8,355.0,9.4,9.8,0.932247899159664,1.0425531914893618,AAAI,first,nonaward,
A5020104906,2016,20.8,54.4,3.6,4.2,2.6153846153846154,1.1666666666666667,PLDI,middle,nonaward,
A5020260274,2003,152.0,1188.4,2.8,31.8,7.81842105263158,11.357142857142858,FSE,middle,nonaward,
A5020577047,2018,1337.0,603.0,22.6,19.0,0.4510097232610321,0.8407079646017699,SODA,last,nonaward,
A5020700487,2016,78.2,15.4,8.4,4.2,0.1969309462915601,0.5,ICML,middle,nonaward,
A5020744800,2003,4368.4,452.4,9.0,8.6,0.1035619448768427,0.9555555555555556,FOCS,first,nonaward,
A5020824664,2011,75.8,0.0,4.8,0.0,0.0,0.0,CVPR,first,nonaward,
A5020836845,2007,592.2,1219.8,18.2,35.6,2.059777102330293,1.956043956043956,STOC,last,nonaward,
A5020867038,2012,26.2,24.6,3.0,5.6,0.9389312977099238,1.8666666666666665,ICML,first,nonaward,
A5020922899,2018,116.4,38.2,2.2,6.0,0.3281786941580756,2.727272727272727,ICML,middle,nonaward,
A5021272202,2010,359.2,11.8,8.6,3.8,0.0328507795100222,0.4418604651162791,VLDB,middle,nonaward,
A5021300666,2007,808.6,178.8,8.6,2.0,0.2211229285184269,0.2325581395348837,STOC,first,nonaward,
A5021358047,2016,0.0,29.6,0.4,1.8,,4.5,FSE,first,nonaward,
A5021513876,2007,15.6,0.2,1.4,0.6,0.0128205128205128,0.4285714285714286,ACL,last,nonaward,
A5021598695,2018,18.4,23.2,1.2,3.2,1.2608695652173914,2.666666666666667,AAAI,first,nonaward,
A5021709117,2011,253.4,129.6,2.6,5.8,0.5114443567482241,2.230769230769231,ACL,last,nonaward,
A5021842384,2015,1065.0,349.0,9.4,14.0,0.3276995305164319,1.4893617021276595,NeurIPS,first,nonaward,
A5021879561,2016,291.0,104.4,8.4,5.0,0.3587628865979381,0.5952380952380952,NSDI,first,nonaward,
A5021928700,2012,932.4,920.0,46.8,52.0,0.9867009867009868,1.1111111111111112,AAAI,middle,nonaward,
A5022249083,2009,0.0,0.0,0.0,0.0,,,S&P,first,nonaward,
A5022322296,2017,48.4,26.6,5.0,4.0,0.5495867768595042,0.8,VLDB,first,nonaward,
A5022376891,2016,0.0,0.0,0.0,0.0,,,CHI,middle,nonaward,
A5022407371,2008,0.0,53.0,0.2,1.0,,5.0,CHI,middle,nonaward,
A5022616340,2005,6.2,23.0,0.6,2.2,3.7096774193548394,3.666666666666667,VLDB,first,nonaward,
A5022711233,2015,131.6,397.8,6.6,12.6,3.022796352583587,1.9090909090909087,CIKM,middle,nonaward,
A5022853344,2018,222.2,73.4,10.8,7.2,0.3303330333033303,0.6666666666666666,SODA,middle,nonaward,
A5022875077,2018,92.6,55.4,9.8,14.6,0.5982721382289417,1.4897959183673468,ICSE,first,nonaward,
A5022886322,2008,2198.4,645.4,10.4,16.6,0.2935771470160116,1.5961538461538465,FOCS,last,nonaward,
A5023023068,2010,404.2,314.2,3.8,8.6,0.7773379515091539,2.263157894736842,ICSE,first,nonaward,
A5023057383,2008,922.6,685.2,27.6,21.4,0.7426837199219597,0.7753623188405796,S&P,last,nonaward,
A5023230863,2014,1654.0,802.6,5.8,5.8,0.4852478839177751,1.0,SODA,middle,nonaward,
A5023348307,2016,45.6,10.4,3.6,2.8,0.2280701754385964,0.7777777777777777,ICSE,last,nonaward,
A5023470556,2016,61.2,56.0,2.0,0.4,0.915032679738562,0.2,OSDI,middle,nonaward,
A5023480672,2006,16.4,7.0,1.4,2.8,0.426829268292683,2.0,ICML,first,nonaward,
A5023556444,2007,17.2,3.4,4.4,2.4,0.1976744186046511,0.5454545454545454,SOSP,last,nonaward,
A5023645110,2014,365.4,263.0,5.6,7.2,0.7197591680350302,1.2857142857142858,SODA,middle,nonaward,
A5023948083,2000,7.4,13.8,0.6,2.0,1.864864864864865,3.333333333333333,AAAI,first,nonaward,
A5024012980,2016,173.8,174.8,27.6,5.6,1.005753739930955,0.2028985507246376,NSDI,first,nonaward,
A5024030198,2014,0.0,4.8,0.0,0.2,,,VLDB,middle,nonaward,
A5024053576,2018,2015.0,2791.0,77.0,119.0,1.3851116625310174,1.5454545454545454,OSDI,middle,nonaward,
A5024384625,2015,484.2,3079.8,16.2,12.4,6.360594795539034,0.7654320987654322,SOSP,last,nonaward,
A5024403468,2016,0.0,0.6,0.6,0.4,,0.6666666666666667,CHI,first,nonaward,
A5024453747,2006,162.6,129.0,5.8,11.6,0.7933579335793358,2.0,CVPR,last,nonaward,
A5024580746,2010,1340.4,130.2,3.8,2.0,0.0971351835273052,0.5263157894736842,ICML,middle,nonaward,
A5024673952,2018,487.8,305.0,14.0,17.4,0.6252562525625256,1.2428571428571429,SODA,last,nonaward,
A5024685984,2016,85.4,44.8,0.8,2.0,0.5245901639344261,2.5,NSDI,first,nonaward,
A5024803432,2018,190.0,101.6,7.6,11.6,0.5347368421052632,1.5263157894736843,AAAI,first,nonaward,
A5024892041,2014,735.4,1103.0,15.0,17.8,1.4998640195811803,1.1866666666666668,VLDB,middle,nonaward,
A5024899017,2018,368.0,65.4,16.0,6.2,0.1777173913043478,0.3875,SODA,middle,nonaward,
A5024901904,2015,79.8,499.0,1.8,4.2,6.253132832080201,2.333333333333333,SOSP,middle,nonaward,
A5025001684,2014,0.0,92.0,0.0,1.0,,,SODA,middle,nonaward,
A5025048409,2007,235.2,431.8,7.0,22.2,1.8358843537414968,3.1714285714285717,CHI,middle,nonaward,
A5025101185,2017,43.0,30.8,2.0,8.0,0.7162790697674418,4.0,FSE,first,nonaward,
A5025153460,2016,56.2,36.4,8.8,4.6,0.6476868327402134,0.5227272727272726,ICSE,middle,nonaward,
A5025215607,2006,113.0,127.2,4.2,8.0,1.1256637168141592,1.9047619047619049,ICML,middle,nonaward,
A5025225026,2010,0.2,121.0,0.2,1.6,605.0,8.0,OSDI,middle,nonaward,
A5025353659,2018,67.6,106.0,1.6,9.4,1.5680473372781067,5.875,MOBICOM,middle,nonaward,
A5025384198,2006,470.4,2754.6,12.2,43.2,5.855867346938775,3.540983606557377,ICML,middle,nonaward,
A5025423639,2007,258.0,1059.8,9.6,13.8,4.107751937984496,1.4375000000000002,SOSP,middle,nonaward,
A5025449695,2014,509.0,94.4,4.6,4.4,0.1854616895874263,0.9565217391304348,SODA,middle,nonaward,
A5025699534,2003,53.6,16.6,3.4,3.8,0.3097014925373134,1.1176470588235294,IJCAI,first,nonaward,
A5025779298,2018,289.6,195.4,6.0,4.6,0.6747237569060773,0.7666666666666666,SODA,first,nonaward,
A5026073264,2007,29.6,18.6,0.6,1.4,0.6283783783783784,2.333333333333333,SOSP,middle,nonaward,
A5026073769,2014,1.2,75.6,0.2,3.6,63.0,18.0,WWW,first,nonaward,
A5026363213,2011,0.0,2.0,0.0,0.2,,,ACL,first,nonaward,
A5026413561,2014,54.2,6.6,1.6,1.0,0.1217712177121771,0.625,SODA,middle,nonaward,
A5026435500,2014,24.2,6.2,3.8,4.4,0.256198347107438,1.1578947368421053,FSE,last,nonaward,
A5026458035,2007,7.0,3.0,1.0,0.6,0.4285714285714285,0.6,AAAI,last,nonaward,
A5026515643,2015,276.2,87.2,25.0,25.2,0.3157132512671977,1.008,IJCAI,last,nonaward,
A5026572127,2005,1.0,16.0,0.8,2.2,16.0,2.75,VLDB,last,nonaward,
A5026582805,2007,191.0,274.0,4.8,17.4,1.4345549738219896,3.625,SOSP,middle,nonaward,
A5026596029,2018,156.6,1333.4,8.2,20.2,8.514687100893997,2.463414634146341,ACL,last,nonaward,
A5026656203,2008,89.6,72.0,1.2,1.4,0.8035714285714286,1.1666666666666667,S&P,first,nonaward,
A5026678321,2016,187.4,60.4,1.6,0.8,0.3223052294557097,0.5,FSE,middle,nonaward,
A5026741068,2003,1.0,185.6,0.2,8.4,185.6,42.0,FSE,middle,nonaward,
A5026899611,2003,33.0,384.6,3.6,25.0,11.654545454545456,6.944444444444445,WWW,middle,nonaward,
A5026993674,2015,73.2,80.6,3.8,3.8,1.1010928961748632,1.0,CIKM,first,nonaward,
A5027001071,2009,11.8,2.6,1.2,0.2,0.2203389830508474,0.1666666666666666,SOSP,middle,nonaward,
A5027106117,2011,0.0,10.2,0.0,0.2,,,ICSE,last,nonaward,
A5027129096,2003,18.0,48.0,1.2,3.6,2.6666666666666665,3.0,ICSE,last,nonaward,
A5027341076,2017,74.6,204.0,2.2,7.4,2.734584450402145,3.3636363636363638,NeurIPS,first,nonaward,
A5027381937,2015,1933.6,567.2,41.0,30.4,0.2933388498138188,0.7414634146341463,CHI,last,nonaward,
A5027457123,2017,307.6,942.2,14.4,40.0,3.0630689206762027,2.7777777777777777,CHI,last,nonaward,
A5027457123,2017,307.6,942.2,14.4,40.0,3.0630689206762027,2.7777777777777777,CVPR,last,nonaward,
A5027501147,2008,63.2,216.0,1.0,4.2,3.4177215189873418,4.2,S&P,middle,nonaward,
A5027505039,2015,115.4,21.6,3.2,1.2,0.1871750433275563,0.3749999999999999,SOSP,middle,nonaward,
A5027602567,2006,2.6,1889.0,0.2,42.2,726.5384615384615,211.0,ICML,middle,nonaward,
A5027761977,2011,621.8,950.6,13.0,30.8,1.5287873914441945,2.3692307692307693,ICSE,last,nonaward,
A5027803599,2005,0.0,0.4,0.0,0.2,,,VLDB,middle,nonaward,
A5027908197,2010,118.4,1183.0,1.4,3.8,9.991554054054054,2.7142857142857144,ICML,first,nonaward,
A5027987065,2017,12.8,1.4,16.2,3.8,0.1093749999999999,0.2345679012345679,S&P,first,nonaward,
A5028086816,2006,613.2,2016.8,20.2,45.4,3.2889758643183296,2.247524752475248,ICML,middle,nonaward,
A5028332151,2014,0.8,113.8,0.6,4.2,142.25,7.000000000000001,WWW,middle,nonaward,
A5028361657,2013,0.0,0.0,0.0,0.0,,,ACL,first,nonaward,
A5028729032,2011,171.0,112.4,9.4,8.8,0.6573099415204678,0.9361702127659576,ICSE,middle,nonaward,
A5028779193,2016,28.6,74.2,4.4,5.4,2.5944055944055946,1.2272727272727273,PLDI,first,nonaward,
A5029065205,2011,75.6,107.8,15.0,9.8,1.425925925925926,0.6533333333333334,ACL,last,nonaward,
A5029097761,2007,235.8,145.4,2.0,2.2,0.6166242578456319,1.1,AAAI,first,nonaward,
A5029118302,2018,1.4,0.0,1.6,0.6,0.0,0.3749999999999999,IJCAI,first,nonaward,
A5029345542,2009,0.0,0.0,0.0,0.0,,,S&P,middle,nonaward,
A5029367526,2006,40.8,496.0,2.6,3.0,12.15686274509804,1.1538461538461535,ICML,middle,nonaward,
A5029367717,2004,229.4,54.2,5.2,1.4,0.2362685265911072,0.2692307692307692,OSDI,last,nonaward,
A5029409294,2010,1230.8,1061.2,27.0,47.8,0.8622034449138772,1.7703703703703704,ICSE,last,nonaward,
A5029520140,2010,902.2,901.6,12.8,13.8,0.9993349589891376,1.078125,ICSE,middle,nonaward,
A5029635609,2004,114.2,92.4,6.4,8.0,0.809106830122592,1.25,ICSE,last,nonaward,
A5029767449,2017,6.6,39.4,0.6,3.8,5.96969696969697,6.333333333333333,ACL,first,nonaward,
A5029941221,2011,20.8,43.2,1.4,1.2,2.076923076923077,0.8571428571428572,FOCS,middle,nonaward,
A5029946732,2014,0.0,20.4,1.8,7.4,,4.111111111111112,CHI,first,nonaward,
A5030092619,2011,0.0,0.0,0.0,0.0,,,IJCAI,last,nonaward,
A5030154709,2017,23.0,65.2,3.2,3.6,2.834782608695652,1.125,PLDI,middle,nonaward,
A5030376788,2014,0.0,0.0,0.0,0.0,,,S&P,first,nonaward,
A5030442551,2006,483.0,1918.2,13.0,44.0,3.971428571428572,3.3846153846153846,ICML,middle,nonaward,
A5030821519,2006,0.0,0.0,0.0,0.0,,,CVPR,middle,nonaward,
A5030827413,2009,1.4,1.2,0.4,1.0,0.8571428571428572,2.5,CHI,last,nonaward,
A5030883890,2018,0.0,1.8,0.0,0.4,,,IJCAI,first,nonaward,
A5030961858,2004,340.0,843.4,5.8,10.8,2.480588235294117,1.862068965517241,ICSE,first,nonaward,
A5031015602,2013,0.0,2.0,0.0,0.4,,,VLDB,middle,nonaward,
A5031071237,2016,575.0,444.2,4.6,7.6,0.7725217391304348,1.6521739130434785,OSDI,middle,nonaward,
A5031158917,2017,0.0,0.0,4.6,1.4,,0.3043478260869565,S&P,first,nonaward,
A5031343036,2011,196.2,403.8,22.2,38.8,2.058103975535168,1.7477477477477477,SOSP,middle,nonaward,
A5031384489,2003,125.4,0.0,1.8,0.0,0.0,0.0,SOSP,middle,nonaward,
A5031394117,2016,0.0,0.0,0.0,0.0,,,IJCAI,last,nonaward,
A5031424617,2006,1680.4,2273.0,9.2,8.6,1.3526541299690549,0.9347826086956522,ICML,middle,nonaward,
A5031583884,2014,233.6,110.4,8.8,13.2,0.4726027397260274,1.4999999999999998,CHI,last,nonaward,
A5031611359,2016,56.2,72.0,8.4,11.2,1.281138790035587,1.3333333333333333,ICML,middle,nonaward,
A5031617521,2008,91.4,154.8,1.6,1.0,1.6936542669584245,0.625,NSDI,middle,nonaward,
A5031639271,2006,0.0,1189.2,0.0,26.0,,,ICML,middle,nonaward,
A5031669889,2018,5.0,8.6,2.0,2.8,1.72,1.4,ICSE,first,nonaward,
A5031715173,2006,140.2,59.4,1.2,1.0,0.4236804564907275,0.8333333333333334,OSDI,first,nonaward,
A5031727797,2014,139.6,29.2,4.2,3.8,0.2091690544412607,0.9047619047619048,NeurIPS,middle,nonaward,
A5031732469,2009,17.0,95.6,1.8,4.2,5.623529411764705,2.333333333333333,S&P,last,nonaward,
A5031948547,2016,33.4,187.0,1.2,3.6,5.598802395209581,3.0,UIST,first,nonaward,
A5032338461,2010,1137.8,1441.4,1.2,10.4,1.2668307259623837,8.666666666666668,ICML,middle,nonaward,
A5032390727,2015,46.2,612.6,2.0,10.6,13.25974025974026,5.3,PODS,middle,nonaward,
A5032418366,2013,120.0,145.2,10.0,17.6,1.21,1.7600000000000002,ACL,middle,nonaward,
A5032872922,2016,378.6,53.4,8.8,3.2,0.1410459587955626,0.3636363636363636,OSDI,middle,nonaward,
A5033055304,2007,283.2,789.4,7.2,3.4,2.787429378531073,0.4722222222222222,SOSP,middle,nonaward,
A5033095787,2018,636.6,138.2,11.4,9.2,0.217090794847628,0.8070175438596491,SODA,middle,nonaward,
A5033211983,2006,63.4,145.8,2.6,5.2,2.299684542586751,2.0,SIGMOD,middle,nonaward,
A5033237869,2015,407.0,1329.2,5.6,17.8,3.265847665847666,3.178571428571429,SOSP,middle,nonaward,
A5033245575,2011,107.0,147.6,6.2,7.0,1.3794392523364485,1.129032258064516,ICSE,middle,nonaward,
A5033274035,2011,30.6,18.8,7.4,2.0,0.6143790849673203,0.2702702702702702,VLDB,middle,nonaward,
A5033277945,2018,110.2,51.4,3.8,5.8,0.4664246823956443,1.5263157894736843,CHI,first,nonaward,
A5033570386,2003,600.8,426.4,6.2,8.2,0.7097203728362184,1.3225806451612905,ICCV,middle,nonaward,
A5033709763,2012,5.8,256.8,0.8,0.8,44.27586206896552,1.0,AAAI,middle,nonaward,
A5033744944,2011,317.6,356.2,17.2,16.0,1.121536523929471,0.9302325581395348,VLDB,middle,nonaward,
A5033770678,2008,190.2,256.0,4.6,7.4,1.345951629863302,1.6086956521739133,FOCS,first,nonaward,
A5033875883,2003,47.0,169.2,5.2,10.6,3.6,2.0384615384615383,FSE,middle,nonaward,
A5033958019,2012,93.8,72.8,5.6,5.0,0.7761194029850746,0.8928571428571429,ICSE,first,nonaward,
A5033978067,2017,0.0,2.8,0.0,0.4,,,VLDB,middle,nonaward,
A5034089074,2015,1122.8,1320.2,5.2,22.8,1.175810473815461,4.384615384615385,SOSP,middle,nonaward,
A5034097548,2014,746.0,424.0,9.0,11.0,0.5683646112600537,1.2222222222222223,NeurIPS,middle,nonaward,
A5034149172,2014,582.4,317.4,16.6,18.6,0.5449862637362637,1.120481927710843,SODA,middle,nonaward,
A5034205074,2011,42.6,113.4,1.8,4.6,2.6619718309859155,2.555555555555556,ICSE,first,nonaward,
A5034228010,2003,109.6,548.8,2.0,9.6,5.007299270072992,4.8,ICCV,middle,nonaward,
A5034290853,2015,34.2,5.2,1.8,2.6,0.1520467836257309,1.4444444444444444,SOSP,middle,nonaward,
A5035009100,2011,82.8,47.8,3.8,4.6,0.5772946859903382,1.2105263157894737,FOCS,middle,nonaward,
A5035050131,2017,26.4,3.4,1.2,0.4,0.1287878787878787,0.3333333333333333,VLDB,last,nonaward,
A5035064257,2008,417.4,304.6,10.6,10.0,0.7297556300910398,0.9433962264150944,OSDI,last,nonaward,
A5035064257,2016,352.2,220.0,10.6,9.4,0.6246450880181715,0.8867924528301887,OSDI,last,nonaward,
A5035064257,2018,491.4,45.4,11.8,5.8,0.0923890923890923,0.4915254237288135,OSDI,last,nonaward,
A5035134864,2006,665.2,580.6,11.4,10.8,0.8728202044497895,0.9473684210526316,OSDI,last,nonaward,
A5035180110,2004,0.0,1.2,0.0,0.2,,,AAAI,first,nonaward,
A5035219006,2008,247.8,0.0,2.4,0.4,0.0,0.1666666666666666,OSDI,middle,nonaward,
A5035257754,2005,1202.8,874.2,13.0,14.8,0.7268041237113403,1.1384615384615384,VLDB,first,nonaward,
A5035257754,2009,780.0,365.4,15.0,5.4,0.4684615384615384,0.36,VLDB,last,nonaward,
A5035273918,2012,0.8,0.4,0.8,0.8,0.5,1.0,ICML,last,nonaward,
A5035277014,2010,62.4,117.0,2.2,5.8,1.875,2.636363636363636,AAAI,middle,nonaward,
A5035329776,2016,1109.2,241.8,17.0,12.4,0.2179949513162639,0.7294117647058824,OSDI,last,nonaward,
A5035347745,2009,122.8,63.4,5.4,6.4,0.5162866449511401,1.1851851851851851,VLDB,middle,nonaward,
A5035611716,2007,20.8,24.4,3.2,2.6,1.173076923076923,0.8125,SOSP,first,nonaward,
A5035633649,2017,522.2,307.4,27.2,12.4,0.588663347376484,0.4558823529411765,SIGIR,middle,nonaward,
A5035702159,2006,1075.0,197.8,9.4,6.4,0.184,0.6808510638297872,OSDI,last,nonaward,
A5035744252,2006,62.6,95.6,5.8,7.8,1.5271565495207666,1.3448275862068966,VLDB,middle,nonaward,
A5035744252,2010,73.8,238.8,7.2,6.0,3.2357723577235773,0.8333333333333333,VLDB,middle,nonaward,
A5035819194,2018,76.4,88.4,3.6,6.8,1.1570680628272252,1.8888888888888888,MOBICOM,first,nonaward,
A5035918501,2006,3775.0,1177.4,12.6,6.2,0.3118940397350994,0.4920634920634921,OSDI,middle,nonaward,
A5035951638,2018,91.2,17.8,3.0,3.0,0.1951754385964912,1.0,MOBICOM,first,nonaward,
A5036255260,2014,3776.0,4623.2,18.6,37.2,1.224364406779661,2.0,SODA,middle,nonaward,
A5036346128,2012,70.0,34.0,3.0,2.4,0.4857142857142857,0.7999999999999999,VLDB,middle,nonaward,
A5036376601,2015,42.8,77.2,5.4,8.8,1.8037383177570092,1.6296296296296298,PODS,last,nonaward,
A5036393144,2000,22.0,77.6,3.8,6.4,3.527272727272727,1.6842105263157896,WWW,first,nonaward,
A5036482272,2006,2.2,72.0,0.4,1.2,32.72727272727273,3.0,VLDB,last,nonaward,
A5036492388,2015,826.8,400.8,11.2,8.8,0.4847605224963716,0.7857142857142858,SOSP,middle,nonaward,
A5036503505,2004,512.6,540.4,5.0,13.2,1.0542333203277408,2.64,FOCS,middle,nonaward,
A5036503505,2004,512.6,540.4,5.0,13.2,1.0542333203277408,2.64,FOCS,first,nonaward,
A5036518572,2012,568.2,203.6,5.8,5.8,0.3583245336149243,1.0,VLDB,middle,nonaward,
A5036554460,2015,3.0,9.4,1.8,4.6,3.1333333333333333,2.555555555555556,UIST,first,nonaward,
A5036583884,2011,1588.6,1048.0,52.6,37.4,0.6597003651013471,0.7110266159695817,AAAI,last,nonaward,
A5036621965,2004,77.0,133.6,9.8,12.8,1.735064935064935,1.3061224489795915,ICSE,first,nonaward,
A5036666523,2010,54.8,89.4,1.8,2.0,1.631386861313869,1.1111111111111112,STOC,first,nonaward,
A5036699594,2018,11.2,121.2,2.0,9.8,10.821428571428571,4.9,SODA,middle,nonaward,
A5036749526,2016,393.2,52.6,24.4,9.0,0.1337741607324516,0.3688524590163934,UIST,middle,nonaward,
A5036847520,2012,0.0,1.0,0.0,0.8,,,KDD,last,nonaward,
A5037000199,2015,669.8,170.0,16.2,7.0,0.2538071065989848,0.4320987654320988,CHI,middle,nonaward,
A5037010707,2011,0.0,0.0,0.0,0.0,,,IJCAI,first,nonaward,
A5037070020,2004,4.2,11.6,0.8,2.6,2.761904761904762,3.25,ACL,last,nonaward,
A5037292711,2003,489.6,629.2,11.2,15.4,1.2851307189542485,1.3750000000000002,SOSP,first,nonaward,
A5037641749,2005,0.0,0.0,0.0,0.0,,,ICSE,middle,nonaward,
A5037727186,2016,101.6,48.0,4.2,5.4,0.4724409448818898,1.2857142857142858,PLDI,middle,nonaward,
A5037774973,2008,243.0,152.0,6.8,12.8,0.6255144032921811,1.8823529411764708,FOCS,first,nonaward,
A5037912411,2014,0.8,51.8,1.8,5.0,64.74999999999999,2.7777777777777777,WWW,first,nonaward,
A5037942269,2010,1713.2,723.2,8.8,12.4,0.422134018211534,1.409090909090909,VLDB,first,nonaward,
A5037999920,2015,0.0,0.0,0.2,0.0,,0.0,S&P,first,nonaward,
A5038010510,2012,9.0,0.0,1.2,0.0,0.0,0.0,ICSE,first,nonaward,
A5038060982,2013,596.0,180.6,14.8,5.2,0.3030201342281879,0.3513513513513513,ICSE,first,nonaward,
A5038188843,2005,0.0,1.4,0.4,0.2,,0.5,VLDB,middle,nonaward,
A5038194873,2006,4088.6,3882.2,13.6,24.0,0.9495181724795774,1.7647058823529411,ICML,last,nonaward,
A5038228433,2011,277.4,756.2,12.0,23.6,2.726027397260274,1.9666666666666668,SOSP,middle,nonaward,
A5038406724,2004,1877.4,702.8,16.2,9.2,0.3743475018642803,0.5679012345679012,ICSE,last,nonaward,
A5038424355,2003,1.4,0.0,0.2,0.0,0.0,0.0,FOCS,last,nonaward,
A5038614330,2006,497.0,3805.4,14.6,56.2,7.656740442655936,3.849315068493151,ICML,middle,nonaward,
A5038635495,2014,2.6,0.0,0.8,0.0,0.0,0.0,FSE,middle,nonaward,
A5038696353,2011,16.6,22.0,1.0,2.8,1.325301204819277,2.8,VLDB,last,nonaward,
A5038706629,2015,41.8,57.8,3.8,4.0,1.3827751196172249,1.0526315789473684,CIKM,first,nonaward,
A5038742073,2015,0.0,0.0,0.0,0.0,,,CHI,last,nonaward,
A5038780856,2017,35.8,8.6,9.8,6.6,0.2402234636871508,0.6734693877551019,PLDI,first,nonaward,
A5038811034,2014,702.8,904.6,17.2,25.6,1.2871371656232216,1.488372093023256,INFOCOM,last,nonaward,
A5038961178,2003,2.6,3.4,0.2,0.2,1.3076923076923077,1.0,SOSP,middle,nonaward,
A5039140726,2006,69.0,503.8,2.6,3.0,7.301449275362319,1.1538461538461535,ICML,middle,nonaward,
A5039348733,2013,1.8,0.0,0.2,0.0,0.0,0.0,ACL,middle,nonaward,
A5039365507,2007,131.8,415.8,1.2,4.0,3.154779969650986,3.333333333333333,ACL,first,nonaward,
A5039408197,2016,5.0,94.2,1.8,1.8,18.84,1.0,PLDI,last,nonaward,
A5039619350,2004,1014.2,410.8,9.4,13.4,0.4050483139420233,1.425531914893617,FOCS,last,nonaward,
A5039995559,2018,308.8,124.0,7.0,8.6,0.4015544041450777,1.2285714285714284,KDD,last,nonaward,
A5040009052,2006,212.6,524.4,2.6,9.0,2.466603951081844,3.461538461538461,OSDI,last,nonaward,
A5040019274,2006,86.2,383.8,3.2,4.6,4.452436194895592,1.4374999999999998,ICML,middle,nonaward,
A5040237188,2007,359.4,267.0,13.6,14.4,0.7429048414023373,1.0588235294117647,CHI,first,nonaward,
A5040252809,2015,998.2,80.6,12.8,1.6,0.0807453416149068,0.125,SOSP,last,nonaward,
A5040286132,2010,118.4,35.0,2.6,3.8,0.2956081081081081,1.4615384615384617,STOC,last,nonaward,
A5040673747,2006,647.4,2332.0,20.8,47.8,3.6021007105344456,2.298076923076923,ICML,middle,nonaward,
A5040792334,2011,131.4,236.0,3.8,8.2,1.796042617960426,2.1578947368421053,SOSP,middle,nonaward,
A5040863689,2011,1.2,42.4,0.4,5.2,35.333333333333336,13.0,SOSP,first,nonaward,
A5040999439,2015,38.4,2.0,2.4,2.0,0.0520833333333333,0.8333333333333334,MOBICOM,last,nonaward,
A5040999439,2015,38.4,2.0,2.4,2.0,0.0520833333333333,0.8333333333333334,MOBICOM,first,nonaward,
A5041102285,2017,168.8,113.6,14.2,13.0,0.6729857819905213,0.9154929577464788,CVPR,last,nonaward,
A5041144469,2012,21.6,0.4,5.2,2.8,0.0185185185185185,0.5384615384615384,ICML,first,nonaward,
A5041159779,2011,169.2,300.8,7.6,7.0,1.777777777777778,0.9210526315789476,ACL,first,nonaward,
A5041165593,2006,0.0,0.0,0.0,0.0,,,ICML,middle,nonaward,
A5041211716,2018,0.0,0.0,0.0,0.0,,,CHI,first,nonaward,
A5041227178,2006,0.8,373.2,0.6,3.8,466.5,6.333333333333333,VLDB,first,nonaward,
A5041251687,2018,119.6,8.4,4.2,2.0,0.0702341137123745,0.4761904761904761,CHI,last,nonaward,
A5041424654,2009,0.8,23.0,0.4,3.6,28.75,9.0,SOSP,last,nonaward,
A5041426283,2008,38.0,234.6,4.2,12.0,6.173684210526315,2.857142857142857,ICSE,last,nonaward,
A5041500780,2008,161.2,358.4,6.2,14.8,2.22332506203474,2.3870967741935485,S&P,middle,nonaward,
A5041580483,2016,487.4,251.2,17.0,22.2,0.515387771850636,1.3058823529411765,PLDI,first,nonaward,
A5041595201,2008,833.4,657.0,5.2,6.6,0.7883369330453563,1.2692307692307692,NSDI,last,nonaward,
A5041737153,2017,0.8,0.0,0.4,0.0,0.0,0.0,VLDB,first,nonaward,
A5041745218,2013,0.0,0.0,0.0,0.0,,,ACL,first,nonaward,
A5041782809,2007,0.8,1.6,0.4,0.6,2.0,1.4999999999999998,CHI,middle,nonaward,
A5041859176,2018,153.0,146.8,12.0,15.0,0.9594771241830066,1.25,ICML,last,nonaward,
A5041872893,2004,44.8,51.8,5.0,6.8,1.15625,1.36,ICSE,last,nonaward,
A5041920173,2008,3922.2,8222.8,27.6,24.2,2.0964764672887664,0.8768115942028984,OSDI,last,nonaward,
A5042117009,2017,1357.8,127.2,16.6,12.0,0.0936809544851966,0.7228915662650601,SIGIR,middle,nonaward,
A5042194099,2017,78.0,63.2,7.6,10.6,0.8102564102564103,1.3947368421052633,SOSP,last,nonaward,
A5042250772,2015,6.6,10.8,3.2,1.8,1.6363636363636365,0.5625,UIST,last,nonaward,
A5042268476,2018,0.2,122.4,0.2,4.8,612.0,24.0,IJCAI,middle,nonaward,
A5042446306,2009,15.4,78.8,1.4,8.4,5.116883116883116,6.000000000000001,CHI,last,nonaward,
A5042560243,2018,62.2,26.4,3.2,3.0,0.4244372990353697,0.9375,INFOCOM,last,nonaward,
A5042807344,2006,766.4,6407.6,21.6,85.6,8.360647181628392,3.9629629629629615,ICML,middle,nonaward,
A5042818004,2015,94.6,4.8,1.0,0.2,0.0507399577167019,0.2,SOSP,middle,nonaward,
A5043012225,2014,420.6,489.8,20.0,29.0,1.16452686638136,1.45,MOBICOM,middle,nonaward,
A5043020439,2015,69.0,69.8,4.6,7.0,1.0115942028985507,1.5217391304347827,CIKM,middle,nonaward,
A5043069051,2008,0.0,41.8,0.0,1.2,,,OSDI,middle,nonaward,
A5043137436,2016,53.0,161.8,5.0,11.6,3.0528301886792457,2.32,OSDI,middle,nonaward,
A5043378003,2010,273.6,104.0,11.4,12.2,0.3801169590643274,1.0701754385964912,AAAI,last,nonaward,
A5043479090,2015,26.2,5.0,11.4,13.2,0.1908396946564885,1.157894736842105,FSE,first,nonaward,
A5043501397,2008,0.0,0.8,0.2,0.4,,2.0,AAAI,first,nonaward,
A5043560713,2016,96.6,215.2,5.2,6.6,2.227743271221532,1.2692307692307692,NSDI,last,nonaward,
A5043693108,2017,22.0,2.0,3.4,1.2,0.0909090909090909,0.3529411764705882,UIST,last,nonaward,
A5043724603,2013,44.4,45.6,0.8,2.8,1.0270270270270272,3.5,ACL,first,nonaward,
A5043728881,2011,11.2,9.8,1.8,1.4,0.8750000000000001,0.7777777777777777,IJCAI,first,nonaward,
A5043744252,2005,56.0,8.0,2.8,0.8,0.1428571428571428,0.2857142857142857,SOSP,first,nonaward,
A5044011754,2007,45.2,63.8,9.6,9.4,1.411504424778761,0.9791666666666669,FSE,first,nonaward,
A5044034295,2016,46.6,37.4,3.8,9.4,0.8025751072961372,2.473684210526316,STOC,first,nonaward,
A5044057604,2007,29.4,61.8,1.2,2.4,2.1020408163265305,2.0,STOC,last,nonaward,
A5044245950,2003,0.0,130.8,0.0,3.2,,,IJCAI,last,nonaward,
A5044329151,2018,96.8,53.0,5.8,4.8,0.5475206611570248,0.8275862068965517,SODA,middle,nonaward,
A5044560262,2003,72.2,186.8,3.0,10.0,2.587257617728532,3.333333333333333,FSE,middle,nonaward,
A5044731451,2001,0.0,118.6,0.0,2.6,,,ICCV,first,nonaward,
A5044980082,2011,741.6,378.0,33.8,29.6,0.5097087378640777,0.8757396449704143,FOCS,middle,nonaward,
A5045106271,2007,54.0,8.4,2.8,0.8,0.1555555555555555,0.2857142857142857,ACL,first,nonaward,
A5045125806,2017,55.2,36.6,11.4,8.0,0.6630434782608695,0.7017543859649122,SOSP,middle,nonaward,
A5045162159,2018,27.0,0.0,1.0,0.2,0.0,0.2,OSDI,first,nonaward,
A5045165255,2008,79.6,211.6,0.4,4.0,2.6582914572864325,10.0,NSDI,middle,nonaward,
A5045204301,2007,95.8,238.0,2.4,6.0,2.4843423799582465,2.5,SOSP,middle,nonaward,
A5045226987,2004,1.8,112.6,0.4,3.6,62.55555555555555,9.0,ACL,middle,nonaward,
A5045268197,2011,104.2,182.8,3.0,6.0,1.7543186180422266,2.0,CVPR,first,nonaward,
A5045363082,2000,139.8,459.6,5.2,5.6,3.2875536480686693,1.0769230769230769,AAAI,middle,nonaward,
A5045414402,2006,0.0,26.8,0.0,3.6,,,ICML,middle,nonaward,
A5045426705,2008,66.6,193.2,5.0,7.6,2.900900900900901,1.52,ICSE,middle,nonaward,
A5045641364,2007,41.8,56.2,3.8,5.0,1.3444976076555026,1.3157894736842106,ICSE,last,nonaward,
A5045680792,2015,4.4,9.0,0.8,2.6,2.0454545454545454,3.25,ICSE,last,nonaward,
A5045681192,2010,0.0,0.0,0.0,0.0,,,STOC,middle,nonaward,
A5045848593,2016,4284.4,47.4,35.4,2.2,0.0110633927737839,0.0621468926553672,UIST,last,nonaward,
A5045896084,2017,290.4,47.8,8.4,9.4,0.1646005509641873,1.119047619047619,SOSP,middle,nonaward,
A5046166254,2017,0.0,1.8,0.0,0.2,,,VLDB,middle,nonaward,
A5046171235,2018,18.0,88.6,1.4,9.8,4.922222222222222,7.000000000000001,NeurIPS,first,nonaward,
A5046294107,2018,666.0,92.2,15.2,2.0,0.1384384384384384,0.131578947368421,SODA,middle,nonaward,
A5046804945,2018,305.8,70.8,4.8,5.0,0.2315238718116415,1.0416666666666667,SODA,first,nonaward,
A5046853549,2005,38.4,0.2,1.2,0.2,0.0052083333333333,0.1666666666666666,VLDB,middle,nonaward,
A5047034711,2013,96.4,112.8,5.4,8.8,1.170124481327801,1.6296296296296298,VLDB,middle,nonaward,
A5047069715,2004,150.4,16.2,3.4,0.8,0.1077127659574468,0.2352941176470588,OSDI,middle,nonaward,
A5047186295,2006,292.6,81.0,7.2,5.2,0.2768284347231715,0.7222222222222222,ICML,middle,nonaward,
A5047278112,2013,0.4,1.6,0.8,5.6,4.0,6.999999999999999,CHI,first,nonaward,
A5047278339,2007,34.4,41.0,2.4,1.0,1.1918604651162792,0.4166666666666667,IJCAI,first,nonaward,
A5047333821,2016,1675.2,702.0,55.2,29.0,0.419054441260745,0.5253623188405797,UIST,middle,nonaward,
A5047343749,2017,9.4,3.0,0.8,1.0,0.3191489361702127,1.25,UIST,first,nonaward,
A5047500047,2005,17.2,0.0,0.2,0.0,0.0,0.0,VLDB,middle,nonaward,
A5047896872,2006,298.4,1565.4,7.6,6.0,5.245978552278821,0.7894736842105263,ICML,middle,nonaward,
A5047960393,2013,32.8,180.4,5.0,9.8,5.500000000000001,1.96,VLDB,last,nonaward,
A5048029439,2015,70.8,40.6,1.6,2.2,0.5734463276836158,1.375,CHI,middle,nonaward,
A5048100077,2015,606.8,134.0,18.4,10.0,0.2208305866842452,0.5434782608695653,CHI,middle,nonaward,
A5048198161,2006,150.8,202.8,1.8,2.0,1.3448275862068966,1.1111111111111112,CVPR,last,nonaward,
A5048285002,2003,36.0,48.2,1.6,3.0,1.338888888888889,1.875,ICCV,middle,nonaward,
A5048451114,2016,260.2,308.0,2.2,5.4,1.183704842428901,2.4545454545454546,OSDI,middle,nonaward,
A5048497384,2017,35.6,38.2,0.8,0.2,1.0730337078651686,0.25,NeurIPS,middle,nonaward,
A5048534333,2008,12.4,0.0,0.4,0.0,0.0,0.0,KDD,first,nonaward,
A5048649001,2007,183.0,12.2,4.6,2.8,0.0666666666666666,0.6086956521739131,SOSP,middle,nonaward,
A5048770056,2015,240.0,135.2,2.4,0.8,0.5633333333333332,0.3333333333333333,PODS,first,nonaward,
A5048852859,2011,263.4,145.8,6.6,6.2,0.5535307517084284,0.9393939393939394,FOCS,first,nonaward,
A5049051678,2006,0.0,5.0,0.0,0.4,,,VLDB,first,nonaward,
A5049087396,2010,263.0,672.8,21.2,29.4,2.5581749049429656,1.3867924528301887,STOC,middle,nonaward,
A5049158651,2006,592.8,1888.8,16.0,41.8,3.1862348178137654,2.6125,ICML,middle,nonaward,
A5049326989,2003,12.8,0.0,0.4,0.0,0.0,0.0,SOSP,last,nonaward,
A5049398785,2015,736.0,469.2,16.0,21.2,0.6375,1.325,CIKM,last,nonaward,
A5049485111,2006,408.6,2506.8,11.4,47.6,6.135095447870778,4.175438596491228,ICML,middle,nonaward,
A5049519363,2017,4851.8,4125.2,31.6,44.2,0.850241147615318,1.39873417721519,FSE,middle,nonaward,
A5049699235,2006,382.8,337.6,18.0,24.0,0.8819226750261233,1.3333333333333333,SIGMOD,middle,nonaward,
A5049745760,2006,147.6,315.8,5.4,16.4,2.139566395663957,3.0370370370370368,VLDB,middle,nonaward,
A5049824486,2014,3.0,65.6,1.0,3.2,21.866666666666664,3.2,VLDB,last,nonaward,
A5049825577,2017,602.0,230.6,25.8,19.8,0.3830564784053156,0.7674418604651163,CVPR,last,nonaward,
A5049877369,2009,0.0,0.0,0.0,0.0,,,SOSP,middle,nonaward,
A5049922699,2000,8.0,4.0,1.6,2.0,0.5,1.25,WWW,last,nonaward,
A5049955015,2018,188.8,24.6,7.6,2.2,0.1302966101694915,0.2894736842105263,SODA,middle,nonaward,
A5049975458,2014,3713.4,9175.8,13.0,26.2,2.4709969300371624,2.0153846153846158,NeurIPS,middle,nonaward,
A5050003000,2016,675.2,752.8,14.6,48.2,1.1149289099526063,3.301369863013699,FSE,last,nonaward,
A5050010930,2014,118.8,16.0,4.8,2.2,0.1346801346801346,0.4583333333333333,VLDB,middle,nonaward,
A5050126054,2012,0.6,0.0,0.6,0.2,0.0,0.3333333333333333,AAAI,first,nonaward,
A5050151740,2011,785.6,475.6,17.4,16.2,0.6053971486761711,0.9310344827586208,VLDB,first,nonaward,
A5050151740,2012,633.4,286.8,21.4,13.6,0.4527944426902431,0.6355140186915889,VLDB,middle,nonaward,
A5050151740,2015,680.0,147.6,22.2,12.8,0.2170588235294117,0.5765765765765766,IJCAI,first,nonaward,
A5050180409,2014,2748.0,3165.0,39.2,49.6,1.1517467248908295,1.2653061224489794,NeurIPS,middle,nonaward,
A5050245571,2008,1354.0,2135.4,18.2,17.2,1.5771048744460858,0.945054945054945,NSDI,last,nonaward,
A5050303059,2013,48.8,18.4,8.0,2.8,0.3770491803278688,0.35,CHI,middle,nonaward,
A5050312737,2018,93.2,222.8,1.2,9.6,2.390557939914163,8.0,KDD,first,nonaward,
A5050313002,2018,38.8,20.8,1.2,2.6,0.5360824742268042,2.166666666666667,SODA,middle,nonaward,
A5050386571,2006,899.6,3727.2,21.0,62.4,4.143174744330813,2.9714285714285715,ICML,middle,nonaward,
A5050544926,2017,335.6,70.8,11.8,12.2,0.2109654350417163,1.0338983050847457,SOSP,middle,nonaward,
A5050625157,2004,265.0,1273.2,4.8,9.4,4.804528301886792,1.9583333333333333,AAAI,first,nonaward,
A5050734736,2004,8.6,59.8,0.4,0.8,6.953488372093023,2.0,ACL,middle,nonaward,
A5050753118,2010,103.6,137.2,7.6,11.8,1.3243243243243243,1.5526315789473686,CIKM,first,nonaward,
A5050964144,2018,51.8,149.4,1.8,8.4,2.8841698841698844,4.666666666666667,OSDI,middle,nonaward,
A5050967621,2005,0.0,0.0,0.0,0.0,,,ICSE,middle,nonaward,
A5051099547,2011,84.8,18.4,2.2,1.2,0.2169811320754716,0.5454545454545454,AAAI,middle,nonaward,
A5051365299,2012,401.0,36.2,6.4,3.2,0.0902743142144638,0.5,VLDB,middle,nonaward,
A5051385269,2011,0.2,0.2,1.0,4.2,1.0,4.2,CHI,first,nonaward,
A5051411799,2006,592.2,599.6,2.0,4.8,1.0124957784532251,2.4,CVPR,first,nonaward,
A5051424894,2010,0.0,12.2,0.2,2.8,,13.999999999999998,AAAI,first,nonaward,
A5051464097,2015,3.0,4.2,0.6,0.2,1.4,0.3333333333333333,CHI,middle,nonaward,
A5051619646,2010,303.0,981.4,4.0,9.0,3.238943894389439,2.25,AAAI,middle,nonaward,
A5051633352,2017,0.4,48.2,0.2,3.8,120.5,19.0,SIGIR,middle,nonaward,
A5051694539,2009,0.0,2.0,0.0,3.2,,,CHI,first,nonaward,
A5051867950,2017,71.4,23.2,2.8,3.8,0.3249299719887955,1.3571428571428572,UIST,last,nonaward,
A5051888366,2007,310.4,479.4,6.6,12.8,1.544458762886598,1.93939393939394,SOSP,last,nonaward,
A5051925673,2012,0.8,28.4,0.2,2.0,35.49999999999999,10.0,VLDB,first,nonaward,
A5051971262,2018,57.4,507.6,7.4,18.2,8.843205574912892,2.459459459459459,SODA,middle,nonaward,
A5051975921,2001,1247.4,3332.0,9.0,28.4,2.6711560044893377,3.1555555555555554,ICCV,last,nonaward,
A5052065733,2014,31.4,13.2,0.2,0.8,0.4203821656050955,4.0,S&P,first,nonaward,
A5052202085,2003,109.0,32.6,4.0,1.6,0.2990825688073394,0.4,FOCS,first,nonaward,
A5052243076,2014,103.8,705.6,8.0,6.8,6.797687861271677,0.85,INFOCOM,middle,nonaward,
A5052352973,2016,0.0,5.8,0.4,1.8,,4.5,ICML,first,nonaward,
A5052576907,2017,295.2,418.4,8.8,15.6,1.4173441734417345,1.7727272727272725,NeurIPS,last,nonaward,
A5052656865,2015,118.0,179.8,3.0,8.0,1.523728813559322,2.6666666666666665,S&P,first,nonaward,
A5052692249,2018,17.0,3.4,2.2,0.8,0.1999999999999999,0.3636363636363636,INFOCOM,middle,nonaward,
A5052755605,2006,53.4,573.4,2.0,5.0,10.737827715355806,2.5,OSDI,first,nonaward,
A5052828434,2006,0.2,18.8,0.2,0.2,94.0,1.0,ICML,middle,nonaward,
A5052836807,2008,180.6,69.0,1.6,1.2,0.3820598006644518,0.7499999999999999,NSDI,first,nonaward,
A5052847918,2009,9.8,0.0,0.2,0.0,0.0,0.0,SOSP,last,nonaward,
A5052985577,2007,692.6,233.8,12.2,15.8,0.3375685821542015,1.2950819672131149,STOC,middle,nonaward,
A5053065200,2012,205.8,124.0,4.8,4.8,0.6025267249757046,1.0,VLDB,last,nonaward,
A5053128729,2006,2864.4,2974.2,9.2,13.8,1.0383326351068285,1.5000000000000002,ICML,first,nonaward,
A5053141494,2010,34.2,0.0,2.0,0.0,0.0,0.0,VLDB,middle,nonaward,
A5053324467,2017,4.6,2.0,1.6,1.4,0.4347826086956522,0.8749999999999999,CHI,first,nonaward,
A5053379085,2011,367.6,144.8,16.6,13.0,0.3939064200217628,0.7831325301204819,FOCS,middle,nonaward,
A5053439365,2005,0.0,1.4,0.0,0.2,,,VLDB,middle,nonaward,
A5053455798,2010,253.2,103.6,16.4,7.6,0.4091627172195892,0.4634146341463415,ICML,first,nonaward,
A5053540460,2015,973.4,497.0,21.0,14.4,0.5105814670228067,0.6857142857142857,CHI,last,nonaward,
A5053541912,2004,2223.2,1447.6,44.0,26.2,0.6511335012594458,0.5954545454545455,OSDI,last,nonaward,
A5053580135,2017,59.6,370.4,5.2,7.6,6.214765100671141,1.4615384615384617,CHI,last,nonaward,
A5053597061,2015,105.2,16.6,4.8,2.2,0.1577946768060836,0.4583333333333333,SOSP,middle,nonaward,
A5053651798,2000,427.0,590.4,7.2,10.2,1.3826697892271662,1.4166666666666663,AAAI,last,nonaward,
A5053754436,2011,51.6,133.2,4.2,14.0,2.581395348837209,3.333333333333333,SOSP,first,nonaward,
A5053770947,2014,154.6,1131.8,2.8,9.8,7.320827943078913,3.5000000000000004,NeurIPS,middle,nonaward,
A5054055304,2018,227.6,137.4,11.6,14.0,0.6036906854130053,1.206896551724138,NeurIPS,last,nonaward,
A5054060516,2015,4.0,12.8,1.0,0.8,3.2,0.8,PODS,middle,nonaward,
A5054250862,2017,53.0,956.6,4.6,16.0,18.049056603773582,3.4782608695652177,CVPR,first,nonaward,
A5054408811,2005,561.8,89.0,16.2,3.4,0.1584193663225347,0.2098765432098765,ICSE,last,nonaward,
A5054506277,2017,0.0,45.6,0.0,2.8,,,NeurIPS,middle,nonaward,
A5054781707,2011,7.4,7.8,1.8,3.8,1.054054054054054,2.111111111111111,IJCAI,first,nonaward,
A5054849628,2013,136.8,91.4,4.0,3.4,0.6681286549707602,0.85,VLDB,middle,nonaward,
A5054877673,2016,27.0,61.0,0.8,4.2,2.259259259259259,5.25,OSDI,first,nonaward,
A5054877673,2018,67.2,22.8,2.0,3.2,0.3392857142857143,1.6,OSDI,first,nonaward,
A5054950513,2004,40.0,0.0,1.8,0.0,0.0,0.0,OSDI,middle,nonaward,
A5055045322,2014,14.4,154.4,1.4,11.0,10.722222222222223,7.857142857142858,ICSE,first,nonaward,
A5055048393,2014,11095.8,10616.2,30.2,42.8,0.9567764379314696,1.4172185430463575,SODA,last,nonaward,
A5055057373,2013,0.0,0.0,0.0,0.0,,,ICSE,middle,nonaward,
A5055231636,2004,534.4,221.4,17.6,12.4,0.4142964071856287,0.7045454545454545,OSDI,middle,nonaward,
A5055261386,2017,156.0,69.2,12.4,14.0,0.4435897435897436,1.129032258064516,UIST,middle,nonaward,
A5055470679,2011,0.0,193.6,0.0,2.0,,,ACL,first,nonaward,
A5055497304,2004,105.0,11.2,2.4,1.2,0.1066666666666666,0.5,OSDI,first,nonaward,
A5055546274,2007,660.8,962.4,20.4,26.0,1.4564164648910412,1.2745098039215688,CVPR,first,nonaward,
A5055604672,2006,165.8,958.4,6.0,23.2,5.780458383594691,3.8666666666666663,ICML,middle,nonaward,
A5055627453,2018,1.6,0.2,2.2,4.2,0.125,1.909090909090909,UIST,first,nonaward,
A5055660368,2009,520.6,525.2,11.8,17.6,1.0088359585094122,1.4915254237288136,S&P,last,nonaward,
A5055825885,2016,2.6,45.0,1.4,3.6,17.307692307692307,2.571428571428572,ICSE,first,nonaward,
A5055964348,2018,226.8,51.0,5.2,2.2,0.2248677248677248,0.4230769230769231,OSDI,middle,nonaward,
A5056000802,2016,18.8,30.4,0.6,3.2,1.6170212765957446,5.333333333333334,OSDI,middle,nonaward,
A5056000802,2018,39.0,12.2,1.2,2.4,0.3128205128205128,2.0,OSDI,middle,nonaward,
A5056005179,2016,33.0,30.6,2.2,2.4,0.9272727272727274,1.0909090909090908,IJCAI,first,nonaward,
A5056109933,2006,1219.6,3987.2,23.0,50.2,3.2692686126598884,2.182608695652174,ICML,middle,nonaward,
A5056131799,2008,62.2,16.6,1.8,1.4,0.2668810289389067,0.7777777777777777,FOCS,last,nonaward,
A5056133675,2011,34.4,18.0,3.8,1.8,0.5232558139534884,0.4736842105263158,ACL,middle,nonaward,
A5056185046,2016,74.4,144.2,15.8,11.4,1.9381720430107523,0.7215189873417721,ICSE,middle,nonaward,
A5056252920,2010,1.2,0.0,0.4,0.0,0.0,0.0,AAAI,middle,nonaward,
A5056265554,2009,123.4,32.4,2.0,1.2,0.2625607779578606,0.6,SOSP,first,nonaward,
A5056361709,2007,8.6,0.4,3.2,3.8,0.0465116279069767,1.1874999999999998,FSE,first,nonaward,
A5056409436,2015,39.4,29.8,3.8,3.4,0.7563451776649747,0.8947368421052632,UIST,first,nonaward,
A5056418282,2015,32.0,24.4,1.0,1.0,0.7625,1.0,CHI,first,nonaward,
A5056585168,2003,563.8,423.2,8.6,12.0,0.7506207875133026,1.3953488372093024,ICCV,first,nonaward,
A5056597127,2016,1.0,0.2,1.2,2.2,0.2,1.8333333333333333,PLDI,first,nonaward,
A5056711571,2017,2.6,12.4,12.4,8.4,4.769230769230769,0.6774193548387097,S&P,middle,nonaward,
A5056799472,2006,0.0,0.0,0.0,0.0,,,SIGMOD,middle,nonaward,
A5056949827,2015,407.6,304.2,1.0,5.2,0.7463199214916584,5.2,SOSP,middle,nonaward,
A5057059233,2011,54.6,51.6,4.4,7.8,0.945054945054945,1.7727272727272725,AAAI,first,nonaward,
A5057118326,2018,1053.6,1075.8,28.6,41.8,1.0210706150341686,1.4615384615384617,MOBICOM,last,nonaward,
A5057124086,2013,436.2,107.8,5.8,5.4,0.2471343420449335,0.9310344827586208,ICSE,middle,nonaward,
A5057270325,2007,1.8,48.0,0.6,3.6,26.666666666666664,6.0,AAAI,first,nonaward,
A5057365089,2018,2.4,2.0,5.0,4.4,0.8333333333333334,0.8800000000000001,UIST,middle,nonaward,
A5057455166,2006,662.6,1946.6,18.2,46.2,2.9378207063084814,2.5384615384615388,ICML,middle,nonaward,
A5057579026,2006,513.0,1973.2,11.4,38.4,3.846393762183236,3.3684210526315788,ICML,middle,nonaward,
A5057777900,2006,612.6,4363.2,17.0,66.2,7.122428991185112,3.894117647058824,ICML,middle,nonaward,
A5057978770,2017,0.0,6.0,0.0,2.2,,,ACL,first,nonaward,
A5057993554,2011,251.2,138.6,10.0,17.8,0.5517515923566879,1.78,MOBICOM,first,nonaward,
A5058117020,2003,107.8,181.8,1.6,4.6,1.6864564007421152,2.875,SOSP,middle,nonaward,
A5058165189,2011,0.0,0.4,1.6,1.2,,0.7499999999999999,MOBICOM,first,nonaward,
A5058173304,2016,0.0,10.8,0.0,0.4,,,AAAI,first,nonaward,
A5058318839,2013,0.0,6.2,0.0,1.4,,,ACL,middle,nonaward,
A5058502658,2008,55.4,2.0,2.8,0.6,0.0361010830324909,0.2142857142857143,OSDI,first,nonaward,
A5058642630,2015,187.2,17.6,4.4,0.6,0.094017094017094,0.1363636363636363,SOSP,middle,nonaward,
A5058654623,2013,62.8,34.2,4.0,3.4,0.5445859872611466,0.85,VLDB,middle,nonaward,
A5058877947,2018,20.4,3.4,1.8,0.8,0.1666666666666666,0.4444444444444445,INFOCOM,middle,nonaward,
A5058967466,2016,17.2,43.4,1.0,4.2,2.5232558139534884,4.2,OSDI,first,nonaward,
A5059014964,2007,85.0,62.2,2.6,2.8,0.731764705882353,1.0769230769230769,STOC,first,nonaward,
A5059017058,2004,168.2,600.4,5.8,7.8,3.5695600475624256,1.3448275862068966,OSDI,first,nonaward,
A5059035538,2017,0.4,0.0,0.2,0.0,0.0,0.0,SIGIR,last,nonaward,
A5059045166,2001,534.4,199.8,3.0,10.0,0.373877245508982,3.333333333333333,ICCV,last,nonaward,
A5059299639,2003,23.0,147.2,1.8,0.4,6.4,0.2222222222222222,FOCS,first,nonaward,
A5059524702,2016,80.8,25.2,10.8,11.0,0.3118811881188119,1.0185185185185184,STOC,middle,nonaward,
A5059637615,2005,0.0,0.0,0.0,0.0,,,ICSE,first,nonaward,
A5059658260,2014,252.0,74.6,8.6,5.0,0.296031746031746,0.5813953488372093,MOBICOM,first,nonaward,
A5059688960,2015,162.4,88.0,5.4,7.4,0.541871921182266,1.3703703703703702,IJCAI,middle,nonaward,
A5059772905,2014,26.4,299.2,2.2,10.8,11.333333333333334,4.909090909090909,MOBICOM,first,nonaward,
A5059875369,2011,107.2,392.4,1.0,1.6,3.6604477611940296,1.6,FOCS,first,nonaward,
A5059899443,2018,43.2,37.0,1.0,2.0,0.8564814814814814,2.0,OSDI,last,nonaward,
A5059907791,2010,376.0,210.0,4.8,1.8,0.5585106382978723,0.375,AAAI,middle,nonaward,
A5060033947,2014,34.0,188.8,0.6,5.0,5.552941176470589,8.333333333333334,INFOCOM,middle,nonaward,
A5060086981,2018,53.2,10.4,2.6,1.4,0.1954887218045112,0.5384615384615384,CHI,first,nonaward,
A5060189926,2015,44.8,64.0,2.0,0.6,1.4285714285714286,0.3,SOSP,middle,nonaward,
A5060198690,2000,121.6,115.4,9.8,10.8,0.949013157894737,1.1020408163265305,WWW,last,nonaward,
A5060647099,2002,0.0,0.0,0.0,0.0,,,FOCS,first,nonaward,
A5060831762,2003,0.0,1.8,0.0,0.4,,,ICSE,middle,nonaward,
A5060837952,2006,116.0,314.0,5.0,10.2,2.706896551724138,2.04,VLDB,middle,nonaward,
A5060868585,2016,27.2,28.6,0.6,2.0,1.0514705882352942,3.333333333333333,OSDI,middle,nonaward,
A5060877529,2006,592.0,1918.6,16.8,40.8,3.2408783783783783,2.4285714285714284,ICML,middle,nonaward,
A5060882963,2011,78.0,189.6,1.6,7.2,2.4307692307692306,4.5,SOSP,middle,nonaward,
A5060897635,2006,379.8,3808.4,9.4,66.8,10.027382833070035,7.106382978723404,ICML,middle,nonaward,
A5061017975,2010,110.6,112.4,7.8,12.0,1.0162748643761303,1.5384615384615383,STOC,last,nonaward,
A5061043691,2014,0.0,0.0,0.4,0.0,,0.0,CHI,middle,nonaward,
A5061181990,2018,150.6,213.4,3.8,8.2,1.4169986719787515,2.1578947368421053,CHI,last,nonaward,
A5061441984,2012,6.0,17.0,0.6,0.4,2.833333333333333,0.6666666666666667,VLDB,first,nonaward,
A5061509885,2014,1287.8,1881.4,13.0,27.8,1.4609411399285606,2.1384615384615384,MOBICOM,last,nonaward,
A5061717541,2014,249.2,242.4,17.6,14.4,0.9727126805778492,0.8181818181818181,WWW,last,nonaward,
A5061790787,2010,0.0,10.2,0.2,0.2,,1.0,ICSE,first,nonaward,
A5061917250,2017,268.2,438.4,21.8,19.8,1.6346010439970171,0.908256880733945,CHI,first,nonaward,
A5061917250,2017,268.2,438.4,21.8,19.8,1.6346010439970171,0.908256880733945,CVPR,first,nonaward,
A5061959272,2007,0.0,1.6,0.0,0.4,,,CHI,last,nonaward,
A5062213802,2006,0.0,21.4,0.2,1.6,,8.0,SIGMOD,middle,nonaward,
A5062219801,2017,8.8,2.8,0.2,0.6,0.3181818181818181,3.0,VLDB,middle,nonaward,
A5062402324,2000,0.0,29.0,0.0,4.8,,,WWW,middle,nonaward,
A5062546146,2017,1516.6,2729.0,12.0,25.4,1.799419754714493,2.1166666666666667,VLDB,middle,nonaward,
A5062619833,2016,6.2,7.2,0.8,0.6,1.1612903225806452,0.7499999999999999,OSDI,middle,nonaward,
A5062662918,2018,20.6,11.6,2.2,0.6,0.5631067961165048,0.2727272727272727,AAAI,middle,nonaward,
A5062680180,2009,26.2,14.2,1.0,1.4,0.5419847328244275,1.4,VLDB,first,nonaward,
A5062700710,2012,38.4,124.0,5.8,4.0,3.229166666666667,0.6896551724137931,AAAI,last,nonaward,
A5062708755,2014,138.4,130.8,11.6,5.4,0.9450867052023122,0.4655172413793104,INFOCOM,middle,nonaward,
A5062733974,2011,260.0,27.4,9.0,2.6,0.1053846153846153,0.2888888888888889,FOCS,middle,nonaward,
A5062762550,2007,58.8,35.2,9.0,6.4,0.598639455782313,0.7111111111111111,AAAI,last,nonaward,
A5062876456,2018,611.2,543.6,14.6,22.4,0.8893979057591622,1.5342465753424657,SODA,middle,nonaward,
A5063144492,2013,20.8,154.2,1.6,4.2,7.413461538461537,2.625,CHI,middle,nonaward,
A5063512642,2006,117.6,310.4,12.6,25.6,2.639455782312925,2.031746031746032,VLDB,middle,nonaward,
A5063685438,2009,814.4,376.6,17.4,16.0,0.462426326129666,0.9195402298850576,VLDB,middle,nonaward,
A5063732029,2016,1.2,3.6,0.8,2.2,3.0,2.75,CHI,last,nonaward,
A5063752829,2015,0.0,3.8,0.0,0.2,,,CHI,middle,nonaward,
A5063898003,2018,1667.8,143.0,17.8,8.2,0.08574169564696,0.4606741573033707,SODA,first,nonaward,
A5063987582,2006,677.4,3798.6,17.8,70.4,5.607617360496015,3.955056179775281,ICML,middle,nonaward,
A5064072134,2006,300.0,3800.6,8.6,98.4,12.668666666666669,11.44186046511628,ICML,middle,nonaward,
A5064230639,2005,156.0,546.8,4.4,11.0,3.5051282051282047,2.5,ICSE,middle,nonaward,
A5064304951,2016,45.6,8.2,4.6,11.8,0.1798245614035087,2.565217391304348,ICSE,middle,nonaward,
A5064606350,2015,193.0,67.4,6.2,7.2,0.3492227979274612,1.1612903225806452,IJCAI,first,nonaward,
A5064631496,2015,16.0,217.0,3.4,4.4,13.5625,1.2941176470588236,ICSE,first,nonaward,
A5064637859,2017,158.0,83.4,3.8,8.0,0.5278481012658228,2.1052631578947367,SOSP,first,nonaward,
A5064646829,2014,400.8,124.6,7.2,9.4,0.310878243512974,1.3055555555555556,VLDB,last,nonaward,
A5064729514,2006,466.0,1894.6,15.6,42.4,4.065665236051502,2.717948717948718,ICML,middle,nonaward,
A5064859510,2017,0.0,2.8,0.0,0.2,,,VLDB,middle,nonaward,
A5064932423,2007,56.4,30.6,2.0,5.2,0.5425531914893618,2.6,FSE,last,nonaward,
A5065028933,2014,1307.4,12468.6,14.4,23.6,9.536943552088111,1.6388888888888888,NeurIPS,last,nonaward,
A5065049106,2012,0.0,0.0,0.2,0.0,,0.0,CHI,first,nonaward,
A5065112237,2003,5.6,696.2,1.2,10.6,124.32142857142858,8.833333333333334,IJCAI,middle,nonaward,
A5065413313,2007,74.4,83.4,5.2,4.0,1.1209677419354838,0.7692307692307692,ACL,middle,nonaward,
A5065527041,2011,317.0,509.2,5.8,19.8,1.6063091482649845,3.413793103448276,AAAI,middle,nonaward,
A5065543469,2018,0.0,0.0,0.2,0.0,,0.0,INFOCOM,first,nonaward,
A5065595661,2003,631.0,1283.0,15.2,32.6,2.033280507131537,2.1447368421052637,IJCAI,first,nonaward,
A5065676720,2013,26.6,12.6,4.4,1.8,0.4736842105263157,0.409090909090909,CHI,middle,nonaward,
A5065718043,2008,173.8,173.4,3.0,7.2,0.997698504027618,2.4,NSDI,first,nonaward,
A5065727495,2008,6.6,154.8,1.2,3.6,23.454545454545457,3.0,S&P,last,nonaward,
A5065789205,2016,1.2,120.2,1.0,5.0,100.16666666666669,5.0,FSE,middle,nonaward,
A5065836447,2015,1728.0,874.8,16.2,35.0,0.50625,2.160493827160494,NeurIPS,middle,nonaward,
A5065946847,2015,135.6,0.4,2.4,0.2,0.0029498525073746,0.0833333333333333,SOSP,first,nonaward,
A5066082974,2016,33.0,19.4,10.0,6.0,0.5878787878787879,0.6,ICML,last,nonaward,
A5066143236,2018,389.4,179.6,20.2,18.8,0.4612223934257832,0.9306930693069309,ACL,first,nonaward,
A5066210234,2012,470.4,569.8,5.4,4.8,1.2113095238095235,0.8888888888888888,AAAI,middle,nonaward,
A5066263987,2007,8.2,0.0,1.2,0.2,0.0,0.1666666666666666,SOSP,middle,nonaward,
A5066380349,2015,14.4,134.2,2.4,3.0,9.319444444444445,1.25,CIKM,middle,nonaward,
A5066450078,2011,0.0,74.6,0.0,2.8,,,SOSP,middle,nonaward,
A5066466403,2006,0.0,0.0,0.0,0.0,,,SIGMOD,first,nonaward,
A5066621096,2017,11.4,91.0,0.4,1.8,7.982456140350877,4.5,NeurIPS,last,nonaward,
A5066624570,2014,12.0,87.4,0.4,1.0,7.283333333333334,2.5,ICSE,first,nonaward,
A5066728260,2016,1102.6,138.0,28.8,15.6,0.1251587157627426,0.5416666666666666,STOC,last,nonaward,
A5066751813,2013,0.0,0.0,0.0,0.0,,,ACL,middle,nonaward,
A5067001353,2011,119.8,140.4,2.8,4.8,1.1719532554257095,1.7142857142857144,SOSP,first,nonaward,
A5067014858,2009,1.0,2.0,1.0,3.0,2.0,3.0,S&P,first,nonaward,
A5067076053,2018,18.8,32.0,2.8,5.2,1.702127659574468,1.8571428571428572,UIST,first,nonaward,
A5067087113,2010,103.4,64.4,5.2,4.2,0.6228239845261122,0.8076923076923077,AAAI,last,nonaward,
A5067247364,2014,1.2,1.8,4.6,3.0,1.5,0.6521739130434783,CHI,first,nonaward,
A5067265648,2017,4.2,34.4,0.6,1.8,8.19047619047619,3.0,PLDI,last,nonaward,
A5067369217,2015,9.2,13.6,2.0,1.8,1.4782608695652175,0.9,NeurIPS,last,nonaward,
A5067386294,2006,13.8,2636.8,0.6,37.4,191.07246376811597,62.333333333333336,ICML,middle,nonaward,
A5067558951,2017,0.0,4.4,0.6,0.8,,1.3333333333333337,VLDB,middle,nonaward,
A5067603809,2007,23.2,372.0,0.2,1.6,16.03448275862069,8.0,IJCAI,first,nonaward,
A5067610387,2007,118.6,64.2,6.2,3.0,0.5413153456998314,0.4838709677419354,IJCAI,last,nonaward,
A5067717339,2018,30.8,55.2,3.2,7.0,1.7922077922077924,2.1875,ICML,first,nonaward,
A5067803666,2018,153.2,120.8,6.2,7.8,0.7885117493472585,1.2580645161290325,CHI,middle,nonaward,
A5067817607,2015,256.6,42.4,6.6,5.2,0.1652377240841777,0.787878787878788,MOBICOM,last,nonaward,
A5067851924,2013,75.2,239.6,5.4,14.2,3.186170212765957,2.6296296296296293,ACL,last,nonaward,
A5067916743,2017,7.6,17.6,1.0,5.8,2.3157894736842106,5.8,FSE,last,nonaward,
A5067962748,2015,270.8,60.8,8.6,9.2,0.224519940915805,1.069767441860465,IJCAI,last,nonaward,
A5068016630,2017,38.4,13.0,6.0,3.0,0.3385416666666667,0.5,UIST,first,nonaward,
A5068263006,2010,264.6,578.2,39.0,44.8,2.185185185185185,1.1487179487179486,ICSE,last,nonaward,
A5068383847,2015,664.8,289.2,10.4,4.6,0.4350180505415162,0.4423076923076922,MOBICOM,middle,nonaward,
A5068526986,2008,0.0,0.0,0.0,0.0,,,CHI,first,nonaward,
A5068600661,2014,24.4,240.6,1.2,6.4,9.86065573770492,5.333333333333334,NeurIPS,middle,nonaward,
A5068822568,2015,140.0,43.6,10.4,8.0,0.3114285714285714,0.7692307692307692,NeurIPS,last,nonaward,
A5068897889,2017,243.6,266.6,4.4,8.0,1.094417077175698,1.818181818181818,NeurIPS,middle,nonaward,
A5068914921,2000,0.0,0.6,0.0,1.2,,,SIGIR,first,nonaward,
A5069030030,2012,212.4,407.2,9.4,11.8,1.9171374764595104,1.25531914893617,AAAI,last,nonaward,
A5069288338,2014,407.2,222.0,6.2,14.4,0.5451866404715128,2.3225806451612905,SODA,middle,nonaward,
A5069370648,2012,782.4,761.2,5.6,11.0,0.9729038854805728,1.9642857142857144,AAAI,middle,nonaward,
A5069494158,2018,15.0,26.8,0.2,1.0,1.7866666666666666,5.0,OSDI,middle,nonaward,
A5069586556,2000,41.2,57.2,3.2,4.2,1.3883495145631068,1.3125,WWW,first,nonaward,
A5069652185,2014,5503.8,1983.2,6.8,3.8,0.3603328609324466,0.5588235294117647,SODA,middle,nonaward,
A5069697084,2014,82.0,23.2,10.2,5.6,0.2829268292682926,0.5490196078431373,NeurIPS,first,nonaward,
A5069732839,2005,0.2,2.8,2.8,8.4,13.999999999999998,3.0000000000000004,PODS,first,nonaward,
A5069839542,2011,192.8,182.4,11.0,15.0,0.946058091286307,1.3636363636363635,VLDB,last,nonaward,
A5069862528,2008,514.6,367.0,5.4,7.4,0.7131752817722503,1.3703703703703702,S&P,middle,nonaward,
A5069942717,2007,13.6,55.0,2.2,7.2,4.044117647058823,3.2727272727272725,AAAI,first,nonaward,
A5070012709,2006,0.0,24.2,0.0,3.8,,,ICML,middle,nonaward,
A5070105322,2005,346.4,312.4,10.2,15.6,0.9018475750577368,1.5294117647058825,ICSE,last,nonaward,
A5070124533,2013,0.0,171.0,0.2,2.6,,13.0,UIST,last,nonaward,
A5070183492,2016,342.6,137.6,3.4,3.8,0.4016345592527728,1.1176470588235294,OSDI,last,nonaward,
A5070427456,2006,0.0,13.6,0.0,1.0,,,SIGMOD,middle,nonaward,
A5070557649,2012,16.6,6.6,4.8,2.0,0.3975903614457831,0.4166666666666667,KDD,first,nonaward,
A5070565287,2008,577.6,804.4,10.0,15.0,1.3926592797783932,1.5,FOCS,middle,nonaward,
A5070690146,2011,37.6,0.6,0.8,0.2,0.0159574468085106,0.25,AAAI,first,nonaward,
A5070739659,2018,170.0,62.8,4.2,2.8,0.3694117647058823,0.6666666666666666,SODA,middle,nonaward,
A5070780598,2018,12.4,3.8,5.2,3.4,0.3064516129032257,0.6538461538461539,ICML,first,nonaward,
A5070876308,2016,0.0,0.0,0.0,0.0,,,AAAI,first,nonaward,
A5070924304,2006,1349.6,2195.2,2.6,9.8,1.6265560165975104,3.769230769230769,ICML,middle,nonaward,
A5071010920,2016,1554.8,3225.0,23.4,28.6,2.0742217648572163,1.2222222222222223,UIST,last,nonaward,
A5071016611,2004,1901.2,805.0,7.6,9.8,0.4234167893961708,1.2894736842105263,FOCS,first,nonaward,
A5071016611,2008,1178.2,400.8,11.0,7.8,0.3401799354948226,0.7090909090909091,FOCS,middle,nonaward,
A5071030042,2009,35.8,57.8,1.2,3.2,1.6145251396648046,2.666666666666667,VLDB,first,nonaward,
A5071118328,2003,1.6,0.0,1.4,0.8,0.0,0.5714285714285715,WWW,first,nonaward,
A5071146004,2014,0.0,126.4,0.0,2.4,,,SODA,first,nonaward,
A5071337714,2011,136.2,544.6,6.0,9.6,3.998531571218797,1.6,ICSE,middle,nonaward,
A5071341444,2016,2823.0,2723.4,30.6,52.0,0.9647183846971308,1.699346405228758,IJCAI,middle,nonaward,
A5071356177,2008,2497.4,10.8,8.6,0.2,0.0043244974773764,0.0232558139534883,NSDI,first,nonaward,
A5071367253,2013,1960.6,1324.8,35.0,33.2,0.675711516882587,0.9485714285714286,AAAI,middle,nonaward,
A5071381487,2007,3.4,0.0,0.2,0.0,0.0,0.0,SOSP,first,nonaward,
A5071518289,2007,97.0,1929.8,8.0,35.2,19.894845360824743,4.4,AAAI,last,nonaward,
A5071656172,2017,15.6,12.8,3.4,5.4,0.8205128205128206,1.5882352941176472,ACL,first,nonaward,
A5071670543,2016,3.4,110.2,1.0,3.2,32.411764705882355,3.2,ICSE,middle,nonaward,
A5071687867,2002,0.0,17.8,1.4,2.0,,1.4285714285714286,FOCS,first,nonaward,
A5071746007,2016,58.0,0.0,1.8,0.0,0.0,0.0,OSDI,middle,nonaward,
A5071891413,2016,325.2,218.8,11.4,14.6,0.6728167281672818,1.280701754385965,ICSE,last,nonaward,
A5072070511,2013,13.4,104.6,2.0,7.0,7.805970149253731,3.5,ICSE,first,nonaward,
A5072109473,2018,957.8,196.2,15.6,21.8,0.2048444351639173,1.3974358974358976,MOBICOM,first,nonaward,
A5072260746,2006,33.8,29.4,2.4,3.2,0.8698224852071006,1.3333333333333337,ICML,middle,nonaward,
A5072278119,2018,24.6,0.8,1.2,1.4,0.032520325203252,1.1666666666666667,IJCAI,last,nonaward,
A5072449178,2006,593.0,4829.0,15.4,62.8,8.143338954468803,4.077922077922078,ICML,middle,nonaward,
A5072623685,2014,0.0,4.8,0.0,0.2,,,VLDB,middle,nonaward,
A5072659963,2015,92.2,40.0,5.4,7.4,0.4338394793926247,1.3703703703703702,IJCAI,middle,nonaward,
A5072683214,2017,0.0,0.0,0.0,0.0,,,SIGIR,middle,nonaward,
A5072863196,2003,254.8,79.6,4.6,6.4,0.3124018838304552,1.3913043478260871,ICSE,middle,nonaward,
A5072884282,2011,372.0,65.2,12.8,7.6,0.175268817204301,0.5937499999999999,FOCS,middle,nonaward,
A5072930694,2016,48.2,148.2,5.2,8.2,3.0746887966804977,1.5769230769230766,FSE,middle,nonaward,
A5073275117,2017,237.0,79.8,2.0,3.8,0.3367088607594936,1.9,FSE,first,nonaward,
A5073308016,2016,40.2,205.2,3.4,9.6,5.104477611940298,2.823529411764706,CHI,last,nonaward,
A5073527013,2018,1039.0,835.6,38.6,47.8,0.8042348411934552,1.238341968911917,MOBICOM,middle,nonaward,
A5073780128,2006,609.2,5213.4,17.4,66.6,8.557780695994746,3.827586206896552,ICML,middle,nonaward,
A5073799052,2018,11.2,26.4,1.2,6.8,2.357142857142857,5.666666666666667,ICML,last,nonaward,
A5073893026,2012,387.6,220.0,11.2,14.8,0.567595459236326,1.3214285714285716,SODA,first,nonaward,
A5074088845,2011,18.8,37.4,2.0,2.4,1.9893617021276595,1.2,AAAI,first,nonaward,
A5074254840,2014,361.0,93.8,2.6,3.0,0.2598337950138504,1.1538461538461535,SODA,middle,nonaward,
A5074325217,2003,281.6,676.4,13.0,41.0,2.401988636363636,3.1538461538461537,FSE,middle,nonaward,
A5074374806,2017,1.2,38.0,0.6,3.0,31.666666666666668,5.0,ACL,last,nonaward,
A5074447259,2006,21.0,3040.4,1.2,77.2,144.7809523809524,64.33333333333334,ICML,middle,nonaward,
A5074660905,2006,344.8,1779.8,8.6,17.2,5.16183294663573,2.0,ICML,middle,nonaward,
A5074840748,2017,0.0,2.8,0.0,0.2,,,VLDB,middle,nonaward,
A5074916914,2014,81.8,176.6,0.6,3.4,2.158924205378973,5.666666666666667,NeurIPS,first,nonaward,
A5074957674,2017,95.4,0.6,4.2,0.2,0.0062893081761006,0.0476190476190476,VLDB,middle,nonaward,
A5075040616,2005,93.6,0.0,0.4,0.0,0.0,0.0,VLDB,middle,nonaward,
A5075343049,2003,0.0,1.6,0.0,0.2,,,SOSP,last,nonaward,
A5075400563,2016,1022.0,818.4,38.8,46.6,0.8007827788649706,1.2010309278350515,UIST,middle,nonaward,
A5075484247,2016,325.6,216.6,7.2,12.2,0.6652334152334152,1.6944444444444442,FSE,middle,nonaward,
A5075535623,2011,314.0,150.8,1.4,5.4,0.4802547770700637,3.8571428571428577,CVPR,first,nonaward,
A5075677474,2003,0.0,110.0,0.0,2.2,,,IJCAI,middle,nonaward,
A5075681742,2015,37.4,0.2,1.2,0.6,0.0053475935828877,0.5,SOSP,middle,nonaward,
A5075686837,2017,329.4,32.6,13.6,10.8,0.0989678202792957,0.7941176470588236,SOSP,last,nonaward,
A5075791698,2010,249.6,301.2,8.4,18.4,1.2067307692307692,2.1904761904761902,CIKM,middle,nonaward,
A5075871491,2005,0.0,0.0,0.0,0.0,,,VLDB,last,nonaward,
A5076252003,2015,2331.4,1341.2,29.4,26.4,0.575276657802179,0.8979591836734694,PODS,last,nonaward,
A5076263850,2014,16.2,13.6,14.2,5.6,0.8395061728395062,0.3943661971830985,S&P,first,nonaward,
A5076346273,2015,691.8,708.2,17.2,20.8,1.023706273489448,1.2093023255813955,NeurIPS,last,nonaward,
A5076346273,2018,854.2,286.8,26.2,13.6,0.3357527511121517,0.5190839694656488,AAAI,last,nonaward,
A5076385023,2003,0.0,0.0,0.0,0.0,,,ICSE,last,nonaward,
A5076560318,2013,136.6,104.6,2.0,2.0,0.7657393850658858,1.0,AAAI,first,nonaward,
A5076568601,2016,855.6,303.6,25.8,10.0,0.3548387096774194,0.3875968992248061,ICSE,middle,nonaward,
A5076574941,2010,0.0,4.4,0.0,2.2,,,CIKM,first,nonaward,
A5076581659,2016,611.8,338.6,19.2,13.0,0.5534488394900295,0.6770833333333334,FSE,last,nonaward,
A5076625502,2007,90.2,92.0,3.4,3.6,1.0199556541019956,1.0588235294117647,CHI,middle,nonaward,
A5076662507,2016,0.0,4.6,0.6,4.2,,7.000000000000001,STOC,last,nonaward,
A5076934078,2015,824.6,262.4,15.0,22.0,0.3182148920688818,1.4666666666666666,SOSP,middle,nonaward,
A5077094576,2000,52.8,103.6,1.6,3.8,1.962121212121212,2.375,SIGIR,last,nonaward,
A5077137558,2017,707.6,937.6,23.0,31.0,1.3250423968343696,1.3478260869565215,FSE,last,nonaward,
A5077156448,2014,156.0,8.0,3.8,1.2,0.0512820512820512,0.3157894736842105,VLDB,first,nonaward,
A5077505468,2016,186.8,697.8,2.6,6.2,3.7355460385438968,2.3846153846153846,UIST,first,nonaward,
A5077593594,2014,392.0,951.8,20.2,17.4,2.428061224489796,0.8613861386138614,VLDB,middle,nonaward,
A5077602461,2011,1.4,1.4,2.2,2.4,1.0,1.0909090909090908,CHI,first,nonaward,
A5077617115,2017,14.4,3.4,3.0,1.6,0.2361111111111111,0.5333333333333333,SOSP,first,nonaward,
A5077920937,2012,0.0,0.0,0.6,0.0,,0.0,ICML,middle,nonaward,
A5078100439,2010,115.4,241.2,3.4,6.4,2.090121317157712,1.8823529411764708,OSDI,first,nonaward,
A5078135607,2011,83.6,0.6,1.0,0.2,0.0071770334928229,0.2,MOBICOM,last,nonaward,
A5078160983,2015,1586.8,1237.8,16.6,14.6,0.7800604991177212,0.8795180722891566,MOBICOM,middle,nonaward,
A5078245977,2003,163.6,195.0,7.2,8.4,1.1919315403422983,1.1666666666666667,ICSE,last,nonaward,
A5078269201,2011,3.0,23.8,0.6,1.6,7.933333333333334,2.666666666666667,ICSE,first,nonaward,
A5078381096,2016,0.0,0.0,0.0,0.0,,,IJCAI,middle,nonaward,
A5078407582,2005,0.0,0.0,0.0,0.0,,,ICSE,last,nonaward,
A5078515233,2003,112.6,244.6,4.6,6.2,2.172291296625222,1.347826086956522,ICSE,first,nonaward,
A5078533117,2012,994.6,779.0,18.4,23.0,0.7832294389704404,1.25,ICSE,last,nonaward,
A5078785146,2016,123.2,177.8,4.6,7.8,1.4431818181818183,1.6956521739130437,ICML,middle,nonaward,
A5078793574,2006,0.8,0.4,0.2,0.8,0.5,4.0,SIGMOD,middle,nonaward,
A5078825915,2015,582.0,207.6,6.0,4.6,0.356701030927835,0.7666666666666666,SOSP,middle,nonaward,
A5078855341,2009,0.0,0.0,0.0,0.0,,,S&P,middle,nonaward,
A5078894707,2015,112.2,126.2,1.4,5.8,1.124777183600713,4.142857142857143,SOSP,middle,nonaward,
A5079088594,2011,0.0,19.2,0.0,0.8,,,SOSP,middle,nonaward,
A5079178622,2017,0.0,0.0,0.0,0.4,,,SIGIR,middle,nonaward,
A5079331774,2013,149.8,42.6,9.2,5.0,0.2843791722296395,0.5434782608695653,AAAI,last,nonaward,
A5079333668,2013,76.6,9.0,5.6,2.4,0.1174934725848564,0.4285714285714286,VLDB,middle,nonaward,
A5079427051,2006,588.6,2682.0,15.0,42.2,4.556574923547401,2.813333333333333,ICML,middle,nonaward,
A5079440863,2013,0.8,3.6,0.4,0.6,4.5,1.4999999999999998,AAAI,first,nonaward,
A5079503076,2014,170.8,4.4,1.0,0.4,0.0257611241217798,0.4,SODA,middle,nonaward,
A5079560717,2014,0.0,24.2,1.2,3.4,,2.833333333333333,CHI,first,nonaward,
A5079584430,2013,116.8,97.8,7.6,13.6,0.8373287671232876,1.7894736842105263,VLDB,middle,nonaward,
A5079888779,2013,324.6,153.8,5.2,6.0,0.4738139248305607,1.1538461538461535,ICSE,last,nonaward,
A5080121034,2016,4519.6,4458.6,56.6,64.4,0.9865032303743694,1.137809187279152,UIST,middle,nonaward,
A5080148990,2015,0.0,0.0,0.0,0.0,,,MOBICOM,middle,nonaward,
A5080418218,2007,34.2,2.0,2.6,0.2,0.0584795321637426,0.0769230769230769,ACL,first,nonaward,
A5080525324,2007,2.0,133.0,0.4,2.0,66.5,5.0,SOSP,last,nonaward,
A5080608636,2016,3.0,9.6,0.6,1.0,3.2,1.6666666666666667,IJCAI,middle,nonaward,
A5080646031,2016,99.4,31.8,2.0,2.8,0.3199195171026157,1.4,IJCAI,middle,nonaward,
A5080675126,2016,0.0,35.6,0.0,2.4,,,ICML,first,nonaward,
A5080772091,2018,63.6,58.8,5.0,9.0,0.9245283018867924,1.8,AAAI,last,nonaward,
A5080831832,2013,109.0,22.6,2.8,0.8,0.2073394495412844,0.2857142857142857,UIST,first,nonaward,
A5080900102,2002,0.0,0.0,0.0,0.0,,,FOCS,first,nonaward,
A5080989652,2008,3.8,2452.6,0.2,1.4,645.421052631579,6.999999999999999,OSDI,middle,nonaward,
A5081022073,2007,121.0,24.2,1.6,1.6,0.1999999999999999,1.0,SOSP,middle,nonaward,
A5081029231,2015,4.0,10.4,9.0,21.8,2.6,2.4222222222222225,FSE,first,nonaward,
A5081120128,2015,244.6,160.4,9.0,14.6,0.6557645134914146,1.6222222222222222,IJCAI,middle,nonaward,
A5081216926,2016,0.0,0.0,0.0,0.0,,,IJCAI,first,nonaward,
A5081225515,2016,1182.8,484.6,31.8,18.2,0.4097057828880622,0.5723270440251572,FSE,middle,nonaward,
A5081366480,2013,564.8,282.2,17.8,8.8,0.4996458923512748,0.4943820224719101,UIST,last,nonaward,
A5081389855,2018,0.0,0.0,0.0,0.0,,,IJCAI,middle,nonaward,
A5081679946,2014,0.8,0.6,0.2,0.2,0.7499999999999999,1.0,VLDB,middle,nonaward,
A5081800415,2013,4.0,0.6,2.6,2.0,0.15,0.7692307692307692,CHI,last,nonaward,
A5081801523,2007,418.2,229.2,7.6,9.2,0.5480631276901005,1.2105263157894737,CVPR,last,nonaward,
A5081808759,2014,568.4,542.0,1.4,6.4,0.9535538353272344,4.571428571428572,SODA,middle,nonaward,
A5081857522,2015,3.4,8.4,0.4,0.2,2.4705882352941178,0.5,UIST,last,nonaward,
A5081927864,2005,82.8,113.8,3.4,3.0,1.3743961352657006,0.8823529411764706,ICSE,first,nonaward,
A5081982372,2007,89.0,1.8,1.8,0.2,0.0202247191011235,0.1111111111111111,SOSP,middle,nonaward,
A5082025700,2015,34.2,0.0,0.6,0.0,0.0,0.0,SOSP,middle,nonaward,
A5082069042,2016,51.8,44.0,9.0,7.6,0.8494208494208495,0.8444444444444444,ICSE,last,nonaward,
A5082163396,2017,12.0,45.2,0.8,3.4,3.766666666666667,4.25,NeurIPS,middle,nonaward,
A5082164627,2011,12.4,27.4,2.8,4.2,2.2096774193548385,1.5000000000000002,FOCS,middle,nonaward,
A5082176398,2017,114.6,68.4,9.8,9.0,0.5968586387434556,0.9183673469387754,CVPR,first,nonaward,
A5082211098,2010,77.2,29.4,2.8,32.0,0.3808290155440414,11.428571428571429,AAAI,first,nonaward,
A5082319187,2006,714.8,1628.6,17.8,33.8,2.278399552322328,1.8988764044943816,ICML,middle,nonaward,
A5082398034,2014,189.2,66.6,8.2,8.2,0.3520084566596194,1.0,FSE,last,nonaward,
A5082531747,2018,75.8,84.0,6.6,3.0,1.108179419525066,0.4545454545454546,SODA,middle,nonaward,
A5082653046,2014,339.0,284.4,8.6,11.2,0.838938053097345,1.3023255813953487,INFOCOM,middle,nonaward,
A5082808262,2010,216.2,1177.2,1.8,13.6,5.444958371877892,7.555555555555555,OSDI,middle,nonaward,
A5082940158,2018,0.0,98.4,0.0,2.8,,,IJCAI,middle,nonaward,
A5083306492,2015,5.6,10.0,1.6,1.8,1.7857142857142858,1.125,PODS,first,nonaward,
A5083419958,2016,17.6,7.2,3.4,4.6,0.409090909090909,1.352941176470588,STOC,last,nonaward,
A5083523172,2003,0.0,7.6,0.0,0.6,,,IJCAI,middle,nonaward,
A5083867344,2011,550.6,290.6,23.0,14.8,0.527787867780603,0.6434782608695653,SOSP,last,nonaward,
A5083976078,2004,8.8,99.6,2.0,7.6,11.318181818181817,3.8,ICSE,middle,nonaward,
A5084051792,2014,818.0,313.0,7.6,6.2,0.382640586797066,0.8157894736842106,S&P,last,nonaward,
A5084092408,2018,1955.0,919.4,33.6,34.6,0.4702813299232736,1.0297619047619049,SODA,middle,nonaward,
A5084126023,2010,2243.8,972.8,14.0,10.8,0.433550227292985,0.7714285714285715,ICML,last,nonaward,
A5084213178,2008,915.0,528.4,11.2,13.4,0.5774863387978142,1.1964285714285716,S&P,middle,nonaward,
A5084281925,2016,618.2,1022.8,7.6,5.8,1.6544807505661596,0.7631578947368421,UIST,middle,nonaward,
A5084315644,2012,2.8,9.4,1.0,1.2,3.3571428571428577,1.2,ICML,first,nonaward,
A5084455368,2014,27.4,146.0,1.2,1.2,5.328467153284672,1.0,SODA,middle,nonaward,
A5084469975,2010,24.8,15.0,3.0,4.0,0.6048387096774194,1.3333333333333333,AAAI,middle,nonaward,
A5084499878,2013,3033.8,2276.8,35.2,36.0,0.7504779484474916,1.0227272727272727,AAAI,last,nonaward,
A5084870386,2009,680.0,167.2,12.6,11.0,0.2458823529411764,0.873015873015873,VLDB,last,nonaward,
A5084882914,2014,29.4,13.0,1.2,1.2,0.4421768707482993,1.0,SODA,middle,nonaward,
A5084900407,2011,23.2,124.6,1.4,9.0,5.370689655172414,6.428571428571429,SOSP,middle,nonaward,
A5084985579,2013,75.4,14.8,7.2,5.4,0.1962864721485411,0.75,VLDB,last,nonaward,
A5085032007,2013,1151.8,139.2,7.4,1.8,0.1208543149852404,0.2432432432432432,AAAI,middle,nonaward,
A5085127350,2001,146.0,1331.4,4.4,6.8,9.119178082191782,1.5454545454545452,ICCV,first,nonaward,
A5085222174,2003,208.8,234.8,4.0,6.6,1.1245210727969348,1.65,FOCS,middle,nonaward,
A5085261097,2015,18.0,157.4,1.6,12.0,8.744444444444445,7.5,CHI,first,nonaward,
A5085290420,2006,0.0,12.4,0.4,4.2,,10.5,ICML,middle,nonaward,
A5085382896,2006,396.6,5096.0,10.8,63.4,12.849218356026222,5.87037037037037,ICML,middle,nonaward,
A5085431646,2018,319.4,359.4,11.4,13.4,1.1252348152786475,1.1754385964912282,SODA,middle,nonaward,
A5085438892,2008,108.0,95.4,2.0,3.4,0.8833333333333334,1.7,OSDI,first,nonaward,
A5085519104,2015,11.6,95.0,3.4,4.0,8.189655172413794,1.1764705882352942,CIKM,middle,nonaward,
A5085643229,2006,164.4,360.8,2.2,5.6,2.194647201946472,2.545454545454545,CVPR,first,nonaward,
A5085687963,2012,76.0,126.6,4.4,7.6,1.6657894736842105,1.727272727272727,ICSE,last,nonaward,
A5085861007,2007,0.0,79.0,0.0,2.2,,,ICSE,first,nonaward,
A5085916845,2008,53.0,104.2,5.2,11.2,1.9660377358490568,2.1538461538461537,AAAI,last,nonaward,
A5085945429,2018,79.8,18.2,2.6,2.2,0.2280701754385964,0.8461538461538461,OSDI,middle,nonaward,
A5086166992,2015,1.8,2.8,0.4,1.2,1.5555555555555554,3.0,CIKM,first,nonaward,
A5086433638,2006,6.0,40.0,0.8,2.2,6.666666666666667,2.75,SIGMOD,first,nonaward,
A5086558126,2003,78.6,174.2,4.6,10.0,2.2162849872773536,2.173913043478261,ICSE,middle,nonaward,
A5086570524,2014,15.6,152.0,1.6,4.8,9.743589743589745,3.0,INFOCOM,first,nonaward,
A5086616243,2008,169.6,114.8,7.2,8.4,0.6768867924528302,1.1666666666666667,S&P,middle,nonaward,
A5086627069,2017,74.4,34.8,6.4,5.8,0.4677419354838709,0.90625,VLDB,last,nonaward,
A5086844548,2011,109.2,392.2,13.4,21.8,3.5915750915750912,1.626865671641791,FOCS,middle,nonaward,
A5086980677,2015,47.6,59.6,2.2,6.6,1.2521008403361344,3.0,SOSP,middle,nonaward,
A5087020709,2008,5.8,55.8,0.6,1.4,9.620689655172413,2.333333333333333,AAAI,first,nonaward,
A5087025582,2007,1450.0,433.0,20.4,19.4,0.2986206896551724,0.9509803921568628,STOC,first,nonaward,
A5087154420,2008,766.6,328.0,7.2,6.4,0.4278632924602139,0.888888888888889,NSDI,middle,nonaward,
A5087260448,2012,19.4,5.8,1.8,0.6,0.2989690721649484,0.3333333333333333,KDD,first,nonaward,
A5087367773,2016,67.0,29.0,10.2,5.4,0.4328358208955223,0.5294117647058825,STOC,middle,nonaward,
A5087547134,2003,338.8,883.2,5.8,14.4,2.606847697756789,2.4827586206896552,ICSE,middle,nonaward,
A5087587379,2008,308.4,339.6,7.2,8.8,1.1011673151750974,1.2222222222222223,FOCS,last,nonaward,
A5087775599,2003,0.0,116.2,0.0,3.6,,,IJCAI,middle,nonaward,
A5087781429,2012,100.6,240.4,2.4,3.4,2.389662027833002,1.4166666666666667,AAAI,middle,nonaward,
A5087879595,2004,13.4,6.8,1.0,0.2,0.5074626865671642,0.2,OSDI,first,nonaward,
A5087949585,2006,0.0,27.6,0.0,1.0,,,SIGMOD,middle,nonaward,
A5087963362,2015,0.4,0.0,0.4,0.0,0.0,0.0,ICSE,middle,nonaward,
A5087996332,2017,104.8,100.2,5.6,7.4,0.9561068702290076,1.3214285714285716,SIGIR,first,nonaward,
A5088055007,2006,597.6,4817.8,17.4,63.0,8.061914323962517,3.620689655172414,ICML,middle,nonaward,
A5088135366,2006,843.0,1646.8,33.8,40.4,1.9534994068801896,1.1952662721893492,VLDB,last,nonaward,
A5088315797,2005,1295.8,1103.4,16.4,19.8,0.8515202963420282,1.207317073170732,VLDB,last,nonaward,
A5088577458,2018,34.4,12.2,8.2,5.0,0.3546511627906977,0.6097560975609757,KDD,last,nonaward,
A5088791029,2018,314.6,46.4,7.4,2.6,0.147488874761602,0.3513513513513513,OSDI,middle,nonaward,
A5088855767,2015,2273.8,71.6,11.2,5.0,0.0314891371272759,0.4464285714285714,S&P,first,nonaward,
A5089062610,2016,0.2,207.8,0.4,7.4,1039.0,18.5,FSE,first,nonaward,
A5089095204,2008,129.0,194.0,9.2,22.2,1.503875968992248,2.4130434782608696,KDD,first,nonaward,
A5089135250,2007,91.2,100.2,4.6,3.4,1.0986842105263157,0.7391304347826088,SOSP,middle,nonaward,
A5089343422,2006,30.4,0.2,0.8,0.2,0.006578947368421,0.25,SIGMOD,first,nonaward,
A5089433655,2015,12.0,15.0,2.0,0.8,1.25,0.4,NeurIPS,first,nonaward,
A5089542402,2000,502.6,802.6,8.6,16.0,1.5968961400716275,1.8604651162790695,AAAI,last,nonaward,
A5089823917,2005,160.2,225.6,9.4,9.4,1.408239700374532,1.0,PODS,first,nonaward,
A5089843782,2016,122.8,79.4,5.2,4.8,0.6465798045602607,0.923076923076923,IJCAI,middle,nonaward,
A5089970457,2013,274.6,6.2,2.2,1.0,0.0225782957028404,0.4545454545454545,ICSE,last,nonaward,
A5089989028,2009,81.0,439.0,1.4,5.4,5.419753086419753,3.8571428571428577,CHI,middle,nonaward,
A5090061474,2000,0.2,2.6,0.6,0.6,13.0,1.0,AAAI,first,nonaward,
A5090084463,2003,21.2,131.4,2.4,14.2,6.19811320754717,5.916666666666667,ICSE,first,nonaward,
A5090141062,2018,16.6,118.0,1.8,3.0,7.108433734939759,1.6666666666666663,SODA,middle,nonaward,
A5090235510,2011,75.8,110.8,3.0,5.6,1.4617414248021108,1.8666666666666665,ICSE,middle,nonaward,
A5090261891,2012,1236.6,759.6,4.0,9.4,0.6142649199417759,2.35,AAAI,first,nonaward,
A5090311560,2016,384.8,140.0,7.2,2.8,0.3638253638253638,0.3888888888888888,OSDI,middle,nonaward,
A5090348079,2017,28.6,0.0,1.0,0.0,0.0,0.0,VLDB,middle,nonaward,
A5090361945,2018,1933.0,963.6,31.8,38.0,0.4984997413347129,1.1949685534591197,SODA,middle,nonaward,
A5090410754,2009,0.0,0.0,0.0,0.0,,,S&P,middle,nonaward,
A5090720658,2018,235.4,126.4,13.2,11.4,0.5369583687340697,0.8636363636363638,ACL,first,nonaward,
A5090729930,2006,539.8,474.4,11.6,8.0,0.8788440163023342,0.6896551724137931,VLDB,last,nonaward,
A5090745043,2016,171.2,17.4,14.0,7.4,0.1016355140186915,0.5285714285714286,CHI,first,nonaward,
A5090840518,2010,0.0,0.0,0.0,0.0,,,ICSE,middle,nonaward,
A5090849099,2012,136.8,77.0,3.8,2.0,0.5628654970760233,0.5263157894736842,SODA,last,nonaward,
A5091037083,2003,171.4,48.6,5.6,4.8,0.2835472578763127,0.8571428571428572,WWW,last,nonaward,
A5091048049,2012,0.2,33.0,0.2,3.0,165.0,15.0,AAAI,first,nonaward,
A5091244919,2010,1752.2,619.6,26.4,26.0,0.3536126013012213,0.9848484848484848,STOC,middle,nonaward,
A5091329448,2016,7.8,4.8,1.2,3.0,0.6153846153846154,2.5,ICML,first,nonaward,
A5091339763,2018,83.8,224.6,7.8,11.2,2.6801909307875897,1.435897435897436,SODA,middle,nonaward,
A5091384549,2017,6.2,1.2,2.4,3.4,0.1935483870967742,1.4166666666666667,SIGIR,first,nonaward,
A5091462128,2007,107.2,78.8,13.0,3.6,0.7350746268656716,0.2769230769230769,STOC,last,nonaward,
A5091683403,2011,113.0,130.0,7.8,10.8,1.1504424778761062,1.3846153846153848,VLDB,middle,nonaward,
A5091742813,2010,97.2,77.2,4.8,9.0,0.7942386831275721,1.875,VLDB,first,nonaward,
A5091784079,2005,0.0,0.0,0.0,0.0,,,SOSP,first,nonaward,
A5091879812,2010,286.0,665.4,20.8,30.8,2.3265734265734266,1.4807692307692308,CIKM,middle,nonaward,
A5100323476,2007,115.4,178.0,4.0,15.6,1.5424610051993066,3.9,CHI,first,nonaward,
A5100328229,2014,27.8,111.8,1.8,5.6,4.0215827338129495,3.1111111111111107,INFOCOM,first,nonaward,
A5100329548,2018,54.6,1056.8,7.2,27.0,19.355311355311358,3.75,NeurIPS,last,nonaward,
A5100331052,2010,12.2,125.8,1.4,6.0,10.311475409836063,4.285714285714286,STOC,first,nonaward,
A5100337268,2014,10.8,88.0,2.0,6.0,8.148148148148147,3.0,INFOCOM,last,nonaward,
A5100343061,2017,121.8,305.8,7.4,16.2,2.5106732348111658,2.189189189189189,FSE,middle,nonaward,
A5100348109,2014,93.0,460.0,1.0,3.0,4.946236559139785,3.0,SODA,middle,nonaward,
A5100362684,2010,26.6,87.8,3.4,2.8,3.300751879699248,0.8235294117647058,VLDB,last,nonaward,
A5100372621,2017,18.2,10.4,1.4,1.8,0.5714285714285715,1.2857142857142858,UIST,middle,nonaward,
A5100375112,2018,15.4,13.6,1.2,1.6,0.8831168831168831,1.3333333333333337,OSDI,middle,nonaward,
A5100393616,2011,21.6,116.4,2.0,10.6,5.388888888888888,5.3,AAAI,last,nonaward,
A5100394750,2015,1254.6,1451.2,26.6,39.6,1.1567033317392,1.4887218045112782,MOBICOM,middle,nonaward,
A5100396435,2015,172.8,567.4,4.8,9.8,3.2835648148148144,2.041666666666667,SOSP,middle,nonaward,
A5100403348,2018,5.2,11.8,2.4,3.8,2.269230769230769,1.5833333333333333,ICSE,last,nonaward,
A5100410313,2013,610.4,370.6,5.4,7.6,0.6071428571428572,1.4074074074074072,UIST,first,nonaward,
A5100412739,2018,93.2,133.0,10.8,8.8,1.427038626609442,0.8148148148148149,NeurIPS,middle,nonaward,
A5100422092,2009,265.8,338.6,8.0,21.0,1.273890142964635,2.625,VLDB,middle,nonaward,
A5100422092,2014,308.2,940.0,18.4,29.4,3.0499675535366646,1.5978260869565215,VLDB,first,nonaward,
A5100431222,2010,10.8,197.8,3.2,14.4,18.314814814814813,4.5,VLDB,first,nonaward,
A5100442237,2010,0.8,41.8,0.4,1.6,52.24999999999999,4.0,OSDI,middle,nonaward,
A5100442242,2018,413.8,247.0,5.4,9.2,0.596906718221363,1.7037037037037035,OSDI,last,nonaward,
A5100450470,2017,86.0,339.4,4.8,11.0,3.946511627906976,2.291666666666667,VLDB,middle,nonaward,
A5100450575,2015,87.8,145.0,11.4,9.8,1.651480637813212,0.8596491228070176,SOSP,middle,nonaward,
A5100452974,2013,450.6,1181.8,8.6,11.8,2.6227252552152684,1.3720930232558142,ICSE,middle,nonaward,
A5100462351,2018,38.0,16.4,0.4,1.2,0.431578947368421,3.0,IJCAI,first,nonaward,
A5100513265,2011,54.0,81.2,6.4,4.8,1.5037037037037038,0.7499999999999999,AAAI,middle,nonaward,
A5100600328,2006,26.6,2949.6,1.4,18.4,110.88721804511276,13.142857142857142,ICML,middle,nonaward,
A5100601237,2016,7532.4,4326.6,42.4,41.8,0.5743985980563965,0.9858490566037736,UIST,middle,nonaward,
A5100610718,2016,258.6,34.6,6.6,4.4,0.1337973704563031,0.6666666666666667,STOC,middle,nonaward,
A5100610905,2017,0.2,65.2,0.2,2.6,326.0,13.0,NeurIPS,first,nonaward,
A5100636362,2018,18.0,27.0,3.0,2.2,1.5,0.7333333333333334,NeurIPS,middle,nonaward,
A5100636429,2018,437.8,208.4,5.6,12.0,0.4760164458656921,2.142857142857143,NeurIPS,first,nonaward,
A5100649849,2006,502.0,2375.0,13.4,47.8,4.731075697211155,3.567164179104477,ICML,middle,nonaward,
A5100652204,2017,21.8,24.0,2.6,2.8,1.1009174311926606,1.0769230769230769,CVPR,middle,nonaward,
A5100653715,2018,533.6,179.0,5.6,14.4,0.3354572713643178,2.571428571428572,OSDI,middle,nonaward,
A5100693968,2016,5.6,198.2,1.2,7.2,35.392857142857146,6.0,AAAI,first,nonaward,
A5100707660,2018,572.8,1059.4,29.2,61.6,1.8495111731843576,2.1095890410958904,IJCAI,last,nonaward,
A5100708815,2006,305.6,3427.2,7.0,38.0,11.214659685863872,5.428571428571429,ICML,middle,nonaward,
A5100724250,2006,1008.6,3733.6,28.6,63.8,3.701764822526274,2.2307692307692304,ICML,middle,nonaward,
A5100735230,2017,0.0,45.8,0.2,2.8,,13.999999999999998,NeurIPS,middle,nonaward,
A5100742122,2011,27.2,1929.4,1.0,5.2,70.93382352941177,5.2,AAAI,middle,nonaward,
A5100742450,2018,76.6,127.0,2.2,4.8,1.657963446475196,2.1818181818181817,ICSE,first,nonaward,
A5100743709,2010,4.8,226.2,4.6,7.8,47.125,1.6956521739130437,OSDI,first,nonaward,
A5100752467,2018,1212.0,464.8,4.8,11.0,0.3834983498349835,2.291666666666667,SODA,middle,nonaward,
A5100766414,2010,124.8,320.2,11.0,18.0,2.565705128205128,1.6363636363636365,STOC,middle,nonaward,
A5100771782,2018,7.2,9.6,1.0,0.6,1.3333333333333333,0.6,NeurIPS,middle,nonaward,
A5100903325,2012,0.0,0.0,0.0,0.0,,,AAAI,middle,nonaward,
A5101402614,2003,0.0,6.0,0.0,0.2,,,FSE,middle,nonaward,
A5101428909,2018,67.0,210.0,9.6,16.2,3.1343283582089554,1.6875,KDD,first,nonaward,
A5101444024,2005,0.0,2.6,0.0,0.4,,,SOSP,first,nonaward,
A5101497042,2008,1089.0,2199.0,17.0,17.4,2.0192837465564737,1.0235294117647058,NSDI,middle,nonaward,
A5101498177,2015,299.2,201.2,0.4,3.6,0.6724598930481284,9.0,SOSP,middle,nonaward,
A5101506825,2015,22.2,34.8,1.6,2.0,1.5675675675675675,1.25,ICSE,first,nonaward,
A5101549575,2016,891.2,93.8,15.6,7.6,0.1052513464991023,0.4871794871794871,UIST,middle,nonaward,
A5101590044,2015,2.2,121.4,0.2,7.2,55.18181818181818,36.0,NeurIPS,first,nonaward,
A5101592963,2014,4.2,4.8,0.4,0.4,1.1428571428571428,1.0,VLDB,first,nonaward,
A5101630043,2015,301.6,151.2,2.4,6.0,0.5013262599469496,2.5,SOSP,middle,nonaward,
A5101651345,2003,0.0,365.8,0.4,3.8,,9.499999999999998,IJCAI,middle,nonaward,
A5101738013,2015,491.0,104.6,8.6,6.2,0.2130346232179226,0.7209302325581396,SOSP,middle,nonaward,
A5101772310,2018,2.8,10.2,0.8,4.0,3.642857142857143,5.0,ACL,middle,nonaward,
A5101780958,2003,276.0,479.2,5.2,10.6,1.736231884057971,2.0384615384615383,ICCV,last,nonaward,
A5101783316,2006,48.8,292.8,0.6,4.0,6.000000000000001,6.666666666666667,OSDI,first,nonaward,
A5101830775,2003,231.4,540.2,6.8,17.6,2.334485738980121,2.588235294117647,ICCV,middle,nonaward,
A5101869045,2018,20.2,62.6,5.0,8.8,3.099009900990099,1.7600000000000002,KDD,last,nonaward,
A5101871030,2017,70.0,38.8,2.2,5.2,0.5542857142857143,2.3636363636363638,VLDB,first,nonaward,
A5101891560,2010,18.2,57.0,2.4,3.6,3.131868131868132,1.5,STOC,middle,nonaward,
A5101927146,2015,200.6,1226.4,4.2,6.4,6.113659022931207,1.5238095238095235,S&P,last,nonaward,
A5101982218,2014,21.0,63.6,1.4,2.8,3.0285714285714285,2.0,SODA,middle,nonaward,
A5101987526,2018,908.0,440.2,8.0,10.2,0.4848017621145374,1.275,AAAI,first,nonaward,
A5102013345,2010,1684.6,723.6,10.8,17.0,0.4295381692983498,1.574074074074074,VLDB,middle,nonaward,
A5102149725,2015,0.0,0.0,0.2,0.0,,0.0,CHI,first,nonaward,
A5102639982,2006,286.6,1397.8,6.4,29.4,4.877180739706908,4.593749999999999,ICML,middle,nonaward,
A5102773565,2009,377.8,292.0,5.8,11.4,0.7728957120169402,1.9655172413793105,VLDB,last,nonaward,
A5102882221,2014,1.0,3.4,0.4,1.0,3.4,2.5,FSE,last,nonaward,
A5102886132,2003,394.0,428.4,4.2,6.8,1.0873096446700508,1.6190476190476188,SOSP,first,nonaward,
A5102897959,2017,69.4,62.8,4.0,4.2,0.9048991354466858,1.05,CHI,first,nonaward,
A5102899461,2007,115.0,91.6,6.2,6.4,0.7965217391304348,1.032258064516129,FSE,first,nonaward,
A5102932665,2015,25.0,144.6,6.6,5.2,5.784,0.787878787878788,MOBICOM,first,nonaward,
A5103063258,2003,6.0,144.2,0.4,7.6,24.03333333333333,19.0,SOSP,middle,nonaward,
A5103066327,2004,972.8,74.2,8.2,3.8,0.0762746710526315,0.4634146341463415,FOCS,middle,nonaward,
A5103092450,2011,137.2,39.6,12.6,5.2,0.2886297376093295,0.4126984126984127,VLDB,first,nonaward,
A5103139816,2018,5.0,34.2,0.8,5.6,6.840000000000001,6.999999999999999,NeurIPS,middle,nonaward,
A5103141563,2017,3.8,3.4,4.4,2.6,0.8947368421052632,0.5909090909090908,PLDI,first,nonaward,
A5103200572,2008,1619.8,525.4,8.8,8.4,0.3243610322262008,0.9545454545454544,FOCS,first,nonaward,
A5103365288,2016,177.8,6.2,7.0,1.0,0.0348706411698537,0.1428571428571428,FSE,last,nonaward,
A5103459733,2013,53.4,6.8,4.6,1.8,0.1273408239700374,0.391304347826087,UIST,first,nonaward,
A5103459918,2015,14.0,28.8,1.4,1.2,2.0571428571428574,0.8571428571428572,CHI,middle,nonaward,
A5103489081,2007,114.0,357.0,3.8,7.4,3.131578947368421,1.947368421052632,ICSE,last,nonaward,
A5103489081,2012,423.0,316.8,8.4,9.0,0.748936170212766,1.0714285714285714,ICSE,last,nonaward,
A5103513371,2014,7.0,5.6,0.6,0.6,0.7999999999999999,1.0,SODA,middle,nonaward,
A5103564685,2013,64.6,11.4,2.2,1.6,0.1764705882352941,0.7272727272727273,ICSE,first,nonaward,
A5103591818,2011,15.2,83.4,1.2,2.6,5.486842105263158,2.166666666666667,ICSE,first,nonaward,
A5103710922,2011,49.0,102.8,11.4,7.8,2.097959183673469,0.6842105263157895,AAAI,middle,nonaward,
A5103855130,2016,44.4,273.6,2.0,14.2,6.162162162162163,7.1,ICML,last,nonaward,
A5103997746,2006,526.0,185.2,2.6,2.6,0.3520912547528517,1.0,VLDB,middle,nonaward,
A5104047094,2017,1.0,0.0,0.6,0.2,0.0,0.3333333333333333,CVPR,middle,nonaward,
A5105124259,2004,100.6,95.8,2.6,6.6,0.9522862823061632,2.5384615384615383,FOCS,last,nonaward,
A5105517869,2009,62.4,179.8,5.6,14.6,2.881410256410257,2.607142857142857,SOSP,first,nonaward,
A5105541964,2003,0.0,23.8,0.0,1.0,,,WWW,first,nonaward,
A5105618469,2006,0.8,7.8,3.0,3.8,9.75,1.2666666666666666,ICML,middle,nonaward,
A5105685190,2003,542.0,307.2,14.4,10.8,0.566789667896679,0.75,WWW,first,nonaward,
A5105759722,2006,300.2,2370.2,8.4,31.0,7.895403064623584,3.6904761904761902,ICML,middle,nonaward,
A5105817801,2005,90.0,368.6,5.2,10.8,4.095555555555555,2.076923076923077,VLDB,middle,nonaward,
A5106084748,2008,33.6,236.6,3.6,8.2,7.041666666666666,2.2777777777777777,ICSE,middle,nonaward,
A5106182541,2003,34.6,106.6,1.8,5.6,3.0809248554913293,3.1111111111111107,ICCV,first,nonaward,
A5106325702,2006,620.6,1892.8,16.4,41.0,3.0499516596841763,2.5,ICML,middle,nonaward,
A5106430491,2016,18.0,0.0,1.2,0.2,0.0,0.1666666666666666,ICSE,first,nonaward,
A5106470002,2006,171.0,3662.4,5.8,55.4,21.41754385964912,9.551724137931034,ICML,middle,nonaward,
A5106499574,2006,1188.8,3762.4,28.0,76.4,3.1648721399730824,2.7285714285714286,ICML,middle,nonaward,
A5106522072,2006,0.0,5086.8,0.0,63.6,,,ICML,middle,nonaward,
A5106558559,2006,69.8,713.6,2.6,5.8,10.223495702005732,2.230769230769231,ICML,middle,nonaward,
A5107063476,2006,454.8,1946.2,11.2,43.6,4.2792436235708005,3.8928571428571432,ICML,middle,nonaward,
A5107143915,2010,0.8,0.0,0.2,0.0,0.0,0.0,STOC,middle,nonaward,
A5107345659,2006,538.8,2472.0,13.6,23.6,4.587973273942094,1.7352941176470589,ICML,middle,nonaward,
A5107725819,2006,337.8,2029.6,14.2,26.2,6.008288928359976,1.8450704225352117,ICML,middle,nonaward,
A5107772128,2018,510.8,739.0,22.6,43.2,1.4467501957713391,1.9115044247787607,IJCAI,middle,nonaward,
A5107824863,2006,440.4,3198.8,10.8,52.2,7.263396911898275,4.833333333333333,ICML,middle,nonaward,
A5107825885,2006,554.8,1839.6,13.6,38.2,3.3157894736842106,2.808823529411765,ICML,middle,nonaward,
A5107825907,2006,143.0,2914.0,5.0,45.2,20.377622377622377,9.04,ICML,middle,nonaward,
A5107835210,2006,589.4,2002.6,16.0,42.2,3.3976925687139463,2.6375,ICML,middle,nonaward,
A5107841465,2006,540.8,3803.4,16.8,51.4,7.0329142011834325,3.0595238095238093,ICML,middle,nonaward,
A5107852250,2006,7.0,3810.2,1.4,33.0,544.3142857142857,23.571428571428573,ICML,middle,nonaward,
A5107854512,2006,499.6,3046.4,9.6,20.0,6.097678142514011,2.083333333333333,ICML,middle,nonaward,
A5107857327,2006,597.2,1798.6,16.8,27.8,3.011721366376423,1.6547619047619049,ICML,middle,nonaward,
A5107858213,2006,1678.6,1844.6,20.4,38.6,1.098891933754319,1.8921568627450984,ICML,middle,nonaward,
A5107872879,2006,33.2,1169.2,1.2,23.8,35.21686746987952,19.833333333333336,ICML,middle,nonaward,
A5107876447,2017,0.0,0.0,0.0,0.0,,,VLDB,middle,nonaward,
A5107881801,2006,0.0,378.2,0.0,4.8,,,ICML,middle,nonaward,
A5107893242,2006,3.0,2544.0,3.2,47.0,848.0,14.6875,ICML,middle,nonaward,
A5107913788,2006,566.6,1974.0,23.4,52.0,3.483939286974938,2.2222222222222223,ICML,first,nonaward,
A5107929368,2006,14.2,1953.6,1.6,42.6,137.5774647887324,26.625,ICML,middle,nonaward,
A5108022294,2006,581.4,3654.4,14.2,63.0,6.285517715858274,4.436619718309859,ICML,middle,nonaward,
A5108037649,2012,80.6,594.8,5.8,9.4,7.379652605459057,1.620689655172414,AAAI,middle,nonaward,
A5108067248,2006,587.4,2389.6,16.0,48.8,4.068096697310181,3.05,ICML,middle,nonaward,
A5108092918,2006,79.2,884.8,2.2,16.2,11.171717171717171,7.363636363636362,ICML,middle,nonaward,
A5108096149,2006,169.0,1985.4,5.8,45.8,11.74792899408284,7.896551724137931,ICML,middle,nonaward,
A5108166785,2006,1166.4,3764.2,28.2,67.0,3.227194787379972,2.375886524822695,ICML,middle,nonaward,
A5108166891,2006,1444.4,3339.4,40.2,55.2,2.3119634450290776,1.373134328358209,ICML,middle,nonaward,
A5108187635,2015,124.4,36.4,10.4,6.0,0.292604501607717,0.5769230769230769,CIKM,last,nonaward,
A5108240929,2018,16.0,20.8,1.8,0.8,1.3,0.4444444444444445,ACL,last,nonaward,
A5108250160,2017,110.8,30.0,11.0,8.0,0.2707581227436823,0.7272727272727273,CHI,last,nonaward,
A5108257764,2013,1437.0,1502.6,10.4,14.6,1.0456506610995129,1.4038461538461535,AAAI,middle,nonaward,
A5108266079,2014,333.0,245.4,0.8,0.8,0.736936936936937,1.0,SODA,middle,nonaward,
A5108393089,2000,19.0,37.2,4.8,3.0,1.9578947368421051,0.625,WWW,first,nonaward,
A5108412465,2006,178.2,3127.6,7.6,54.2,17.551066217732885,7.131578947368422,ICML,middle,nonaward,
A5108496831,2006,97.4,377.0,2.8,7.4,3.870636550308008,2.6428571428571432,ICML,middle,nonaward,
A5108522137,2006,691.8,1913.8,16.2,46.4,2.7664064758600757,2.8641975308641974,ICML,middle,nonaward,
A5108531115,2011,130.6,81.8,8.0,3.4,0.6263399693721287,0.425,VLDB,middle,nonaward,
A5108601424,2004,230.0,63.2,6.4,2.8,0.2747826086956522,0.4374999999999999,OSDI,last,nonaward,
A5108812885,2014,90.6,9.4,0.4,1.2,0.1037527593818984,3.0,SODA,middle,nonaward,
A5109054795,2006,14.2,19.8,5.2,4.6,1.3943661971830987,0.8846153846153845,SIGMOD,middle,nonaward,
A5109171779,2008,140.6,75.0,1.4,1.0,0.5334281650071124,0.7142857142857143,S&P,middle,nonaward,
A5109185793,2009,2447.8,229.0,6.6,4.6,0.093553394885203,0.6969696969696969,S&P,first,nonaward,
A5109192583,2004,170.4,219.2,3.4,7.4,1.2863849765258215,2.1764705882352944,FOCS,middle,nonaward,
A5109226915,2011,0.0,0.0,0.0,0.0,,,SOSP,last,nonaward,
A5109260860,2015,0.2,3.8,0.2,0.6,19.0,3.0,ICSE,middle,nonaward,
A5109290567,2006,898.2,778.4,25.0,17.4,0.8666221331551992,0.696,ICML,middle,nonaward,
A5109306000,2015,162.8,43.0,4.8,4.0,0.2641277641277641,0.8333333333333334,SOSP,middle,nonaward,
A5109325186,2006,233.6,58.6,21.6,11.4,0.2508561643835617,0.5277777777777778,CVPR,first,nonaward,
A5109395565,2010,0.0,36.4,0.0,0.2,,,ICML,first,nonaward,
A5109529796,2006,226.4,308.8,7.8,11.0,1.3639575971731448,1.4102564102564104,ICML,middle,nonaward,
A5109560331,2008,1032.2,4400.0,15.8,12.6,4.262739779112575,0.7974683544303797,OSDI,middle,nonaward,
A5109859454,2005,96.8,1.8,0.6,0.4,0.018595041322314,0.6666666666666667,VLDB,first,nonaward,
A5109870596,2015,521.2,9.4,5.6,1.2,0.0180353031465848,0.2142857142857143,SOSP,middle,nonaward,
A5109878341,2003,0.6,118.8,0.2,1.6,198.0,8.0,SOSP,last,nonaward,
A5109881851,2010,811.8,554.4,9.4,19.4,0.6829268292682927,2.0638297872340425,CIKM,middle,nonaward,
A5109886311,2015,830.2,318.0,8.6,4.6,0.3830402312695736,0.5348837209302325,SOSP,first,nonaward,
A5109906919,2006,510.8,1966.4,12.4,40.8,3.849647611589664,3.290322580645161,ICML,middle,nonaward,
A5109929091,2001,0.4,4.2,0.2,0.8,10.5,4.0,ICCV,first,nonaward,
A5109961614,2016,18.0,0.4,6.0,1.4,0.0222222222222222,0.2333333333333333,CHI,first,nonaward,
A5109968020,2010,622.2,384.8,9.0,6.2,0.6184506589521054,0.6888888888888889,OSDI,last,nonaward,
A5109989183,2017,28.6,0.0,1.4,0.2,0.0,0.1428571428571428,SIGIR,middle,nonaward,
A5110067433,2011,16.8,11.2,3.8,2.0,0.6666666666666666,0.5263157894736842,FOCS,middle,nonaward,
A5110083108,2014,1146.2,297.4,20.0,4.0,0.2594660617693247,0.2,NeurIPS,last,nonaward,
A5110197580,2005,20.0,11.4,2.2,1.6,0.5700000000000001,0.7272727272727273,VLDB,middle,nonaward,
A5110243069,2010,3.8,5.6,4.4,2.6,1.4736842105263157,0.5909090909090908,STOC,first,nonaward,
A5110256670,2014,546.6,274.4,10.8,4.8,0.5020124405415294,0.4444444444444444,VLDB,last,nonaward,
A5110259817,2006,715.4,460.0,9.8,11.0,0.6429969247973162,1.1224489795918366,ICML,last,nonaward,
A5110266367,2015,47.2,3.6,2.8,2.8,0.0762711864406779,1.0,ICSE,first,nonaward,
A5110357433,2007,126.8,1407.4,1.2,2.6,11.099369085173503,2.166666666666667,CVPR,first,nonaward,
A5110358726,2015,52.2,0.0,2.0,0.2,0.0,0.1,PODS,last,nonaward,
A5110361417,2006,0.0,0.0,0.0,0.0,,,SIGMOD,middle,nonaward,
A5110378609,2010,0.0,0.2,0.0,0.4,,,STOC,middle,nonaward,
A5110446128,2006,0.4,65.0,0.2,2.0,162.5,10.0,VLDB,middle,nonaward,
A5110467801,2013,141.2,1143.6,9.8,21.8,8.09915014164306,2.224489795918368,AAAI,last,nonaward,
A5110468289,2014,0.2,1.8,0.4,0.2,9.0,0.5,CHI,middle,nonaward,
A5110598353,2013,39.6,30.2,3.6,4.4,0.7626262626262625,1.2222222222222223,VLDB,middle,nonaward,
A5110636599,2014,31.6,35.8,0.2,1.6,1.1329113924050631,8.0,SODA,first,nonaward,
A5110795980,2008,11.6,19.6,2.8,2.0,1.6896551724137934,0.7142857142857143,ICSE,first,nonaward,
A5111170481,2017,0.0,21.2,0.2,1.4,,6.999999999999999,UIST,last,nonaward,
A5111400587,2008,88.8,61.2,2.8,1.6,0.6891891891891893,0.5714285714285715,S&P,last,nonaward,
A5111407149,2011,8.0,3.0,9.0,11.4,0.375,1.2666666666666666,CHI,first,nonaward,
A5111444816,2011,143.4,173.4,6.6,11.8,1.209205020920502,1.787878787878788,SOSP,middle,nonaward,
A5111447650,2003,0.0,162.0,0.0,0.8,,,SOSP,middle,nonaward,
A5111449120,2006,275.0,1613.2,8.2,29.6,5.866181818181818,3.609756097560976,ICML,middle,nonaward,
A5111484611,2011,176.2,335.4,13.0,27.2,1.9035187287173667,2.0923076923076924,FOCS,last,nonaward,
A5111509620,2006,586.8,2507.4,15.4,49.4,4.273006134969326,3.2077922077922074,ICML,middle,nonaward,
A5111537551,2006,1139.8,842.4,10.8,3.6,0.7390770310580804,0.3333333333333333,OSDI,middle,nonaward,
A5111603661,2003,0.0,14.6,0.2,2.2,,11.0,FSE,last,nonaward,
A5111638399,2000,3745.4,1192.2,4.4,11.8,0.3183104608319538,2.6818181818181817,SIGIR,first,nonaward,
A5111661876,2006,4.8,24.6,0.8,3.4,5.125000000000001,4.25,SIGMOD,last,nonaward,
A5111707443,2000,0.0,0.0,0.0,0.0,,,WWW,last,nonaward,
A5111723795,2004,127.2,106.2,3.6,3.6,0.8349056603773585,1.0,FOCS,first,nonaward,
A5111863007,2003,38.6,7.0,6.8,1.8,0.1813471502590673,0.2647058823529412,WWW,last,nonaward,
A5111883347,2007,111.8,108.6,8.2,16.4,0.9713774597495528,2.0,ICSE,first,nonaward,
A5111953201,2006,95.6,1327.8,1.2,3.2,13.889121338912137,2.666666666666667,CVPR,last,nonaward,
A5111992632,2003,54.8,177.6,2.2,5.0,3.240875912408759,2.2727272727272725,IJCAI,last,nonaward,
A5112022255,2011,3.8,19.0,1.2,1.2,5.0,1.0,FOCS,middle,nonaward,
A5112023986,2013,14.8,14.6,3.4,3.4,0.9864864864864864,1.0,VLDB,first,nonaward,
A5112039412,2010,562.6,217.4,4.4,5.0,0.3864201919658727,1.1363636363636362,OSDI,last,nonaward,
A5112052963,2007,1.0,34.8,1.0,5.4,34.8,5.4,ICSE,first,nonaward,
A5112110952,2017,138.0,58.6,3.0,6.2,0.4246376811594203,2.066666666666667,NeurIPS,middle,nonaward,
A5112117974,2018,388.2,34.2,7.6,4.6,0.0880989180834621,0.6052631578947368,OSDI,first,nonaward,
A5112142130,2008,60.2,0.4,1.8,0.4,0.0066445182724252,0.2222222222222222,S&P,first,nonaward,
A5112200891,2009,0.2,8.4,1.4,1.6,42.0,1.142857142857143,S&P,middle,nonaward,
A5112370928,2006,98.8,944.0,3.0,20.2,9.554655870445345,6.733333333333333,ICML,middle,nonaward,
A5112426575,2017,40.6,9.0,1.6,1.6,0.2216748768472906,1.0,NeurIPS,middle,nonaward,
A5112456378,2007,8466.2,7092.2,11.2,18.0,0.8377075901821359,1.6071428571428572,IJCAI,last,nonaward,
A5112587763,2016,47.8,323.0,0.8,3.4,6.757322175732218,4.25,UIST,middle,nonaward,
A5112649653,2004,5380.4,439.8,12.4,9.0,0.0817411344881421,0.7258064516129032,FOCS,last,nonaward,
A5112735193,2017,0.2,3.4,9.6,5.8,17.0,0.6041666666666666,ICCV,first,nonaward,
A5113184097,2009,54.8,9.4,0.4,0.8,0.1715328467153284,2.0,SOSP,middle,nonaward,
A5113327536,2006,339.8,1225.8,10.4,27.0,3.607416127133608,2.5961538461538463,ICML,middle,nonaward,
A5113452421,2003,62.8,160.0,1.0,6.0,2.547770700636943,6.0,FOCS,middle,nonaward,
A5113489017,2004,27.2,485.4,1.4,5.0,17.845588235294116,3.571428571428572,ACL,first,nonaward,
A5113492261,2014,8.6,803.6,0.2,2.8,93.44186046511628,13.999999999999998,SODA,middle,nonaward,
A5113511969,2012,52.8,53.0,9.8,2.8,1.003787878787879,0.2857142857142857,VLDB,first,nonaward,
A5113522207,2013,171.0,37.4,7.0,2.6,0.2187134502923976,0.3714285714285714,ACL,last,nonaward,
A5113596454,2003,0.0,31.6,0.6,2.4,,4.0,FSE,first,nonaward,
A5113628038,2006,867.6,1607.2,19.6,34.2,1.852466574458276,1.7448979591836735,ICML,middle,nonaward,
A5113674516,2010,0.0,22.8,0.0,0.2,,,AAAI,first,nonaward,
A5113677058,2006,2.4,157.0,1.8,2.4,65.41666666666667,1.3333333333333333,VLDB,first,nonaward,
A5113686271,2011,3.8,0.0,1.0,0.0,0.0,0.0,AAAI,last,nonaward,
A5113740542,2003,33.4,20.4,3.8,3.6,0.6107784431137724,0.9473684210526316,IJCAI,last,nonaward,
A5113897946,2007,167.8,65.6,3.4,3.4,0.3909415971394516,1.0,CVPR,first,nonaward,
A5114255423,2006,618.2,1897.4,15.6,42.8,3.0692332578453576,2.743589743589744,ICML,middle,nonaward,
A5114378267,2018,1095.8,735.4,56.4,57.6,0.6711078663989779,1.021276595744681,MOBICOM,last,nonaward,
A5117396980,2006,476.0,1408.4,9.8,23.6,2.958823529411765,2.4081632653061225,ICML,middle,nonaward,
A5118941210,2006,10.2,19.0,2.2,8.4,1.862745098039216,3.818181818181818,ICML,middle,nonaward,
A5121385257,2018,0.0,0.0,0.0,0.0,,,INFOCOM,first,nonaward,
A5128128396,2018,0.0,0.0,0.6,2.6,,4.333333333333334,INFOCOM,middle,nonaward,
A5128130007,2018,0.0,0.0,1.0,2.6,,2.6,INFOCOM,middle,nonaward,
A5128131485,2018,0.0,0.0,2.4,1.8,,0.75,INFOCOM,middle,nonaward,
A5128132575,2018,0.0,0.0,4.8,3.2,,0.6666666666666667,INFOCOM,middle,nonaward,
A5128133382,2018,0.0,0.0,4.8,2.8,,0.5833333333333334,INFOCOM,middle,nonaward,
A5128134604,2018,0.0,0.0,1.0,1.6,,1.6,INFOCOM,middle,nonaward,
A5128134755,2018,0.0,0.0,0.2,0.6,,3.0,INFOCOM,middle,nonaward,
A5128134950,2018,0.0,0.0,2.2,1.2,,0.5454545454545454,INFOCOM,middle,nonaward,
A5128135923,2018,0.0,0.0,5.0,3.4,,0.6799999999999999,INFOCOM,middle,nonaward,
A5128138427,2018,0.0,0.0,4.4,2.8,,0.6363636363636362,INFOCOM,middle,nonaward,
A5128138846,2018,0.0,0.0,1.0,2.0,,2.0,INFOCOM,middle,nonaward,
A5128140218,2018,0.0,0.0,4.8,3.2,,0.6666666666666667,INFOCOM,middle,nonaward,
A5128140604,2018,0.0,0.0,2.0,1.6,,0.8,INFOCOM,middle,nonaward,
A5128141944,2018,0.0,0.0,0.8,2.6,,3.25,INFOCOM,middle,nonaward,
A5128142294,2018,0.0,0.0,3.6,3.2,,0.888888888888889,INFOCOM,middle,nonaward,
A5128143450,2018,0.0,0.0,2.4,1.6,,0.6666666666666667,INFOCOM,middle,nonaward,
A5128143649,2018,0.0,0.0,0.8,2.0,,2.5,INFOCOM,middle,nonaward,
A5128145708,2018,0.0,0.0,0.0,2.4,,,INFOCOM,middle,nonaward,
A5128147514,2018,0.0,0.0,4.0,3.2,,0.8,INFOCOM,middle,nonaward,
A5128148741,2018,0.0,0.0,1.2,2.2,,1.8333333333333333,INFOCOM,middle,nonaward,
A5128149110,2018,0.0,0.0,4.6,3.0,,0.6521739130434783,INFOCOM,middle,nonaward,
A5128149208,2018,0.0,0.0,0.6,2.4,,4.0,INFOCOM,middle,nonaward,
A5128149472,2018,0.0,0.0,4.8,2.4,,0.5,INFOCOM,middle,nonaward,
A5128149489,2018,0.0,0.0,1.0,2.4,,2.4,INFOCOM,middle,nonaward,
A5128149615,2018,0.0,0.0,2.6,1.6,,0.6153846153846154,INFOCOM,middle,nonaward,
A5128149909,2018,0.0,0.0,0.0,2.4,,,INFOCOM,middle,nonaward,
A5128150210,2018,0.0,0.0,5.0,3.4,,0.6799999999999999,INFOCOM,middle,nonaward,
A5128151112,2018,0.0,0.0,2.6,2.0,,0.7692307692307692,INFOCOM,middle,nonaward,
A5128151748,2018,0.0,0.0,1.2,1.0,,0.8333333333333334,INFOCOM,middle,nonaward,
A5128152573,2018,0.0,0.0,1.0,3.0,,3.0,INFOCOM,middle,nonaward,
A5128156187,2018,0.0,0.0,2.2,2.0,,0.9090909090909092,INFOCOM,middle,nonaward,
A5128156407,2018,0.0,0.0,3.0,3.0,,1.0,INFOCOM,middle,nonaward,
A5128157516,2018,0.0,0.0,2.4,1.4,,0.5833333333333334,INFOCOM,middle,nonaward,
A5128157877,2018,0.0,0.0,0.6,2.8,,4.666666666666667,INFOCOM,middle,nonaward,
A5128158008,2018,0.0,0.0,1.0,1.2,,1.2,INFOCOM,middle,nonaward,
A5128158221,2018,0.0,0.0,2.6,1.6,,0.6153846153846154,INFOCOM,middle,nonaward,
A5128158634,2018,0.0,0.0,1.0,1.4,,1.4,INFOCOM,middle,nonaward,
A5128158921,2018,0.0,0.0,2.4,1.8,,0.75,INFOCOM,middle,nonaward,
A5128161613,2018,0.0,0.0,4.8,3.0,,0.625,INFOCOM,middle,nonaward,
A5128162839,2018,0.0,0.0,2.0,2.6,,1.3,INFOCOM,middle,nonaward,
A5128164422,2018,0.0,0.0,4.8,3.0,,0.625,INFOCOM,middle,nonaward,
A5128166113,2018,0.0,0.0,1.6,1.0,,0.625,INFOCOM,middle,nonaward,
A5128170014,2018,0.0,0.0,4.8,2.8,,0.5833333333333334,INFOCOM,middle,nonaward,
A5128170149,2018,0.0,0.0,2.0,1.6,,0.8,INFOCOM,middle,nonaward,
A5128171312,2018,0.0,0.0,2.4,2.2,,0.9166666666666669,INFOCOM,middle,nonaward,
A5128172767,2018,0.0,0.0,5.0,2.0,,0.4,INFOCOM,middle,nonaward,
A5128173477,2018,0.0,0.0,1.8,1.6,,0.888888888888889,INFOCOM,middle,nonaward,
A5128173494,2018,0.0,0.0,0.4,2.4,,5.999999999999999,INFOCOM,middle,nonaward,
A5128174947,2018,0.0,0.0,0.4,2.6,,6.5,INFOCOM,middle,nonaward,
A5128175187,2018,0.0,0.0,3.8,1.6,,0.4210526315789474,INFOCOM,middle,nonaward,
A5128175347,2018,0.0,0.0,3.0,1.6,,0.5333333333333333,INFOCOM,middle,nonaward,
A5128177774,2018,0.0,0.0,0.2,1.0,,5.0,INFOCOM,middle,nonaward,
A5128178404,2018,0.0,0.0,4.8,3.0,,0.625,INFOCOM,middle,nonaward,
A5128178492,2018,0.0,0.0,1.0,1.4,,1.4,INFOCOM,middle,nonaward,
A5128179708,2018,0.0,0.0,1.0,2.2,,2.2,INFOCOM,middle,nonaward,
A5128180114,2018,0.0,0.0,1.0,0.8,,0.8,INFOCOM,middle,nonaward,
A5128183322,2018,0.0,0.0,2.6,1.4,,0.5384615384615384,INFOCOM,middle,nonaward,
A5128183489,2018,0.0,0.0,2.4,3.2,,1.3333333333333337,INFOCOM,middle,nonaward,
A5128184710,2018,0.0,0.0,4.8,1.6,,0.3333333333333333,INFOCOM,middle,nonaward,
A5128186927,2018,0.0,0.0,2.0,2.0,,1.0,INFOCOM,middle,nonaward,
A5128187960,2018,0.0,0.0,0.4,2.4,,5.999999999999999,INFOCOM,middle,nonaward,
A5128189857,2018,0.0,0.0,0.0,2.2,,,INFOCOM,middle,nonaward,
A5128190636,2018,0.0,0.0,5.2,3.4,,0.6538461538461539,INFOCOM,middle,nonaward,
A5128191455,2018,0.0,0.0,1.6,2.6,,1.625,INFOCOM,middle,nonaward,
A5128191789,2018,0.0,0.0,4.8,3.0,,0.625,INFOCOM,middle,nonaward,
A5128192259,2018,0.0,0.0,4.6,2.2,,0.4782608695652174,INFOCOM,first,nonaward,
A5128193272,2018,0.0,0.0,5.0,3.4,,0.6799999999999999,INFOCOM,middle,nonaward,
A5128193881,2018,0.0,0.0,4.8,3.2,,0.6666666666666667,INFOCOM,middle,nonaward,
A5128194795,2018,0.0,0.0,4.8,3.2,,0.6666666666666667,INFOCOM,middle,nonaward,
A5128196895,2018,0.0,0.0,2.6,1.8,,0.6923076923076923,INFOCOM,middle,nonaward,
A5128197120,2018,0.0,0.0,2.4,0.8,,0.3333333333333333,INFOCOM,middle,nonaward,
A5128198072,2018,0.0,0.0,1.2,1.2,,1.0,INFOCOM,middle,nonaward,
A5128198443,2018,0.0,0.0,2.0,2.2,,1.1,INFOCOM,middle,nonaward,
A5128198860,2018,0.0,0.0,4.6,3.2,,0.6956521739130436,INFOCOM,middle,nonaward,
A5128199491,2018,0.0,0.0,0.8,0.8,,1.0,INFOCOM,middle,nonaward,
A5128201013,2018,0.0,0.0,0.6,2.0,,3.333333333333333,INFOCOM,middle,nonaward,
A5128201779,2018,0.0,0.0,2.4,2.6,,1.0833333333333337,INFOCOM,middle,nonaward,
A5128205573,2018,0.0,0.0,0.0,2.4,,,INFOCOM,middle,nonaward,
A5128206540,2018,0.0,0.0,1.0,1.0,,1.0,INFOCOM,middle,nonaward,
A5128206898,2018,0.0,0.0,4.6,3.2,,0.6956521739130436,INFOCOM,middle,nonaward,
A5128206909,2018,0.0,0.0,2.0,3.2,,1.6,INFOCOM,middle,nonaward,
A5128206957,2018,0.0,0.0,4.8,2.4,,0.5,INFOCOM,middle,nonaward,
A5128208333,2018,0.0,0.0,4.2,1.4,,0.3333333333333333,INFOCOM,middle,nonaward,
A5128208348,2018,0.0,0.0,3.6,3.2,,0.888888888888889,INFOCOM,middle,nonaward,
A5128208719,2018,0.0,0.0,4.8,3.2,,0.6666666666666667,INFOCOM,middle,nonaward,
A5128209280,2018,0.0,0.0,1.0,2.4,,2.4,INFOCOM,middle,nonaward,
A5128209683,2018,0.0,0.0,0.8,3.0,,3.75,INFOCOM,middle,nonaward,
A5128210936,2018,0.0,0.0,0.0,0.0,,,INFOCOM,middle,nonaward,
A5128212226,2018,0.0,0.0,3.2,2.6,,0.8125,INFOCOM,middle,nonaward,
A5128212390,2018,0.0,0.0,1.4,0.6,,0.4285714285714286,INFOCOM,middle,nonaward,
A5128213105,2018,0.0,0.0,2.4,1.0,,0.4166666666666667,INFOCOM,middle,nonaward,
A5128213152,2018,0.0,0.0,2.4,1.6,,0.6666666666666667,INFOCOM,middle,nonaward,
A5128213363,2018,0.0,0.0,1.8,3.2,,1.777777777777778,INFOCOM,middle,nonaward,
A5128213645,2018,0.0,0.0,0.4,2.6,,6.5,INFOCOM,middle,nonaward,
A5128214243,2018,0.0,0.0,3.0,3.0,,1.0,INFOCOM,middle,nonaward,
A5128215139,2018,0.0,0.0,1.0,1.4,,1.4,INFOCOM,middle,nonaward,
A5128215296,2018,0.0,0.0,1.4,3.2,,2.285714285714286,INFOCOM,middle,nonaward,
A5128216362,2018,0.0,0.0,4.6,1.6,,0.3478260869565218,INFOCOM,middle,nonaward,
A5128216614,2018,0.0,0.0,0.4,1.6,,4.0,INFOCOM,middle,nonaward,
https://openalex.org/A5014823249,2018,19.75,48.0,2.0,4.333333333333333,2.430379746835443,2.1666666666666665,AAAI,,award,1.0
https://openalex.org/A5069646529,2018,319.0,145.6,4.0,4.6,0.4564263322884012,1.15,ACL,,award,1.0
https://openalex.org/A5032195981,2018,27.0,15.0,2.0,2.0,0.5555555555555556,1.0,CHI,,award,1.0
https://openalex.org/A5035195609,2018,2.5,17.5,2.5,2.5,7.0,1.0,CHI,,award,1.0
https://openalex.org/A5061115418,2018,141.5,63.4,4.0,5.2,0.4480565371024735,1.3,CHI,,award,1.0
https://openalex.org/A5021296068,2018,8.0,,1.0,,,,CHI,,award,1.0
https://openalex.org/A5084538652,2018,64.0,231.2,2.0,5.4,3.6125,2.7,CHI,,award,1.0
https://openalex.org/A5034634435,2018,447.0,9.0,3.0,1.0,0.0201342281879194,0.3333333333333333,CHI,,award,1.0
https://openalex.org/A5078903072,2018,78.5,12.0,4.75,1.0,0.1528662420382165,0.2105263157894736,CHI,,award,1.0
https://openalex.org/A5011438930,2018,45.66666666666666,60.6,1.6666666666666667,2.0,1.327007299270073,1.2,CHI,,award,1.0
https://openalex.org/A5091847639,2018,189.5,,2.0,,,,CHI,,award,1.0
https://openalex.org/A5086240513,2018,18.0,162.8,1.5,10.0,9.044444444444444,6.666666666666667,CHI,,award,1.0
https://openalex.org/A5109428307,2018,6.0,22.8,1.0,2.2,3.8,2.2,CHI,,award,1.0
https://openalex.org/A5091174431,2018,33.0,6.0,2.0,1.0,0.1818181818181818,0.5,CHI,,award,1.0
https://openalex.org/A5011207998,2018,2.5,19.0,1.0,1.5,7.6,1.5,FOCS,,award,1.0
https://openalex.org/A5063520549,2018,28.5,44.0,1.0,11.2,1.543859649122807,11.2,FOCS,,award,1.0
https://openalex.org/A5023724495,2018,57.75,77.2,4.75,6.2,1.3367965367965369,1.305263157894737,FSE,,award,1.0
https://openalex.org/A5091720485,2018,368.0,175.75,2.5,1.5,0.4775815217391304,0.6,ICML,,award,1.0
https://openalex.org/A5017596078,2018,10.0,18.0,1.0,2.6,1.8,2.6,ICML,,award,1.0
https://openalex.org/A5102012317,2018,136.5,233.0,2.5,7.8,1.706959706959707,3.12,ICSE,,award,1.0
https://openalex.org/A5071723330,2018,5829.0,6.0,3.5,1.3333333333333333,0.0010293360782295,0.3809523809523809,ICSE,,award,1.0
https://openalex.org/A5103226106,2018,113.66666666666669,40.2,4.666666666666667,2.4,0.3536656891495601,0.5142857142857142,ICSE,,award,1.0
https://openalex.org/A5056334354,2018,8.333333333333334,22.8,1.3333333333333333,3.0,2.736,2.25,ICSE,,award,1.0
https://openalex.org/A5009835433,2018,49.0,,4.5,,,,ICSE,,award,1.0
https://openalex.org/A5082629071,2018,28.0,27.5,2.0,35.5,0.9821428571428572,17.75,ICSE,,award,1.0
https://openalex.org/A5032569584,2018,65.5,,1.5,,,,ICSE,,award,1.0
https://openalex.org/A5030456881,2018,6.0,11.0,1.5,3.8,1.8333333333333333,2.533333333333333,IJCAI,,award,1.0
https://openalex.org/A5011742954,2018,105.0,77.0,3.0,8.6,0.7333333333333333,2.8666666666666667,IJCAI,,award,1.0
https://openalex.org/A5064520344,2018,120.0,52.0,3.333333333333333,1.0,0.4333333333333333,0.3,IJCAI,,award,1.0
https://openalex.org/A5100342798,2018,126.0,140.8,3.0,6.2,1.1174603174603177,2.066666666666667,INFOCOM,,award,1.0
https://openalex.org/A5082318381,2018,4.0,73.6,2.0,2.6,18.4,1.3,INFOCOM,,award,1.0
https://openalex.org/A5036229988,2018,12.0,44.4,2.0,5.2,3.7,2.6,INFOCOM,,award,1.0
https://openalex.org/A5052671825,2018,89.66666666666667,129.2,2.333333333333333,7.0,1.44089219330855,3.0,INFOCOM,,award,1.0
https://openalex.org/A5025058751,2018,13.0,247.2,1.0,6.2,19.015384615384612,6.2,KDD,,award,1.0
https://openalex.org/A5101558101,2018,51.5,8.0,2.5,1.0,0.1553398058252427,0.4,MOBICOM,,award,1.0
https://openalex.org/A5056747950,2018,20.0,19.0,3.0,4.4,0.95,1.4666666666666668,NeurIPS,,award,1.0
https://openalex.org/A5039192820,2018,58.0,3155.0,1.0,13.4,54.39655172413793,13.4,NeurIPS,,award,1.0
https://openalex.org/A5100425893,2018,91.0,101.0,1.3333333333333333,7.0,1.10989010989011,5.25,NSDI,,award,1.0
https://openalex.org/A5085945429,2018,99.25,18.0,3.25,2.2,0.181360201511335,0.676923076923077,OSDI,,award,1.0
https://openalex.org/A5060703788,2018,104.0,45.8,2.0,2.6,0.4403846153846154,1.3,OSDI,,award,1.0
https://openalex.org/A5071661999,2018,1.0,59.5,1.0,2.5,59.5,2.5,OSDI,,award,1.0
https://openalex.org/A5081476292,2018,30.5,77.0,1.0,2.0,2.5245901639344264,2.0,SIGIR,,award,1.0
https://openalex.org/A5015113627,2018,122.0,28.0,1.0,4.0,0.2295081967213114,4.0,SIGMOD,,award,1.0
https://openalex.org/A5090101869,2018,21.0,53.8,2.333333333333333,4.0,2.5619047619047617,1.7142857142857142,SODA,,award,1.0
https://openalex.org/A5021735130,2018,8.0,17.8,1.0,1.8,2.225,1.8,UIST,,award,1.0
https://openalex.org/A5073533400,2018,286.5,24.5,4.5,2.0,0.0855148342059336,0.4444444444444444,UIST,,award,1.0
https://openalex.org/A5041654458,2018,13.5,24.0,1.0,2.0,1.7777777777777777,2.0,UIST,,award,1.0
https://openalex.org/A5019954653,2018,137.0,140.0,2.0,2.0,1.0218978102189782,1.0,UIST,,award,1.0
https://openalex.org/A5061951606,2017,224.0,635.8,5.25,43.6,2.838392857142857,8.304761904761905,ACL,,award,1.0
https://openalex.org/A5089731854,2017,78.0,67.0,4.25,4.4,0.8589743589743589,1.035294117647059,CHI,,award,1.0
https://openalex.org/A5016617747,2017,144.0,186.0,4.0,5.4,1.2916666666666667,1.35,CHI,,award,1.0
https://openalex.org/A5068345805,2017,77.0,15.0,2.0,2.0,0.1948051948051948,1.0,CHI,,award,1.0
https://openalex.org/A5049567786,2017,32.0,38.75,2.0,1.75,1.2109375,0.875,CHI,,award,1.0
https://openalex.org/A5021981631,2017,32.0,,2.0,,,,CHI,,award,1.0
https://openalex.org/A5008267619,2017,15.5,1376.0,1.0,4.0,88.7741935483871,4.0,CHI,,award,1.0
https://openalex.org/A5074224778,2017,37.333333333333336,66.33333333333333,1.0,4.0,1.776785714285714,4.0,CHI,,award,1.0
https://openalex.org/A5031825409,2017,15.8,22.0,1.4,2.0,1.3924050632911391,1.4285714285714286,CHI,,award,1.0
https://openalex.org/A5014963962,2017,12.0,,1.0,,,,CHI,,award,1.0
https://openalex.org/A5024399465,2017,120.25,337.0,4.0,9.0,2.8024948024948024,2.25,CHI,,award,1.0
https://openalex.org/A5033203092,2017,31.0,187.4,2.6666666666666665,6.2,6.04516129032258,2.325,CHI,,award,1.0
https://openalex.org/A5056738154,2017,326.8,64.0,2.4,2.333333333333333,0.1958384332925336,0.9722222222222224,CHI,,award,1.0
https://openalex.org/A5062258537,2017,111.66666666666669,153.8,1.6666666666666667,3.8,1.377313432835821,2.28,CHI,,award,1.0
https://openalex.org/A5044904792,2017,1.0,35.4,2.0,2.4,35.4,1.2,CHI,,award,1.0
https://openalex.org/A5072417908,2017,174.5,836.8,3.5,5.2,4.79541547277937,1.4857142857142858,CHI,,award,1.0
https://openalex.org/A5049519805,2017,7.0,,1.0,,,,CIKM,,award,1.0
https://openalex.org/A5076388753,2017,11.0,14.0,1.0,1.75,1.2727272727272727,1.75,FSE,,award,1.0
https://openalex.org/A5021297302,2017,290.0,,2.0,,,,FSE,,award,1.0
https://openalex.org/A5038532934,2017,72.33333333333333,56.2,2.333333333333333,7.8,0.7769585253456223,3.3428571428571425,FSE,,award,1.0
https://openalex.org/A5014407395,2017,463.0,1324.2,3.25,6.4,2.8600431965442765,1.9692307692307691,ICCV,,award,1.0
https://openalex.org/A5085762342,2017,70.0,116.0,3.0,2.25,1.6571428571428573,0.75,ICSE,,award,1.0
https://openalex.org/A5013623251,2017,12.0,154.4,1.0,5.8,12.866666666666667,5.8,ICSE,,award,1.0
https://openalex.org/A5081483504,2017,177.33333333333334,184.6,3.0,5.4,1.0409774436090224,1.8,ICSE,,award,1.0
https://openalex.org/A5046120615,2017,258.0,233.8,5.0,7.8,0.906201550387597,1.56,INFOCOM,,award,1.0
https://openalex.org/A5008595840,2017,178.0,345.0,2.0,5.0,1.9382022471910112,2.5,NeurIPS,,award,1.0
https://openalex.org/A5008326572,2017,26.0,2.0,1.5,1.0,0.0769230769230769,0.6666666666666666,PLDI,,award,1.0
https://openalex.org/A5070223708,2017,26.0,20.33333333333333,1.5,2.0,0.782051282051282,1.3333333333333333,PLDI,,award,1.0
https://openalex.org/A5078763719,2017,67.0,54.4,2.5,3.0,0.8119402985074626,1.2,PLDI,,award,1.0
https://openalex.org/A5019918530,2017,25.25,0.5,1.5,1.0,0.0198019801980198,0.6666666666666666,PLDI,,award,1.0
https://openalex.org/A5020454182,2017,47.0,13.2,3.75,3.2,0.2808510638297872,0.8533333333333334,PLDI,,award,1.0
https://openalex.org/A5018284688,2017,158.0,28.666666666666668,1.5,4.666666666666667,0.1814345991561181,3.111111111111111,S&P,,award,1.0
https://openalex.org/A5008674902,2017,429.8,70.25,4.4,7.25,0.1634481154025128,1.6477272727272725,SIGCOMM,,award,1.0
https://openalex.org/A5086057750,2017,10.0,63.0,1.0,1.0,6.3,1.0,SIGCOMM,,award,1.0
https://openalex.org/A5102759092,2017,30.25,9.75,2.0,2.5,0.3223140495867768,1.25,SOSP,,award,1.0
https://openalex.org/A5007048525,2017,93.66666666666669,450.2,1.6666666666666667,3.6,4.806405693950177,2.16,SOSP,,award,1.0
https://openalex.org/A5001875469,2017,39.0,11.25,1.0,1.0,0.2884615384615384,1.0,UIST,,award,1.0
https://openalex.org/A5010359061,2017,9.0,28.2,1.0,3.8,3.1333333333333333,3.8,VLDB,,award,1.0
https://openalex.org/A5088017068,2016,345.0,279.4,2.8,7.4,0.8098550724637681,2.6428571428571432,AAAI,,award,1.0
https://openalex.org/A5091346638,2016,8.0,14.333333333333334,1.0,1.0,1.7916666666666667,1.0,ACL,,award,1.0
https://openalex.org/A5062650159,2016,57.0,70.0,3.0,2.4,1.2280701754385963,0.7999999999999999,CHI,,award,1.0
https://openalex.org/A5035414960,2016,124.5,,2.5,,,,CHI,,award,1.0
https://openalex.org/A5055844978,2016,25.0,73.0,1.5,5.6,2.92,3.733333333333333,CHI,,award,1.0
https://openalex.org/A5000163896,2016,433.25,373.8,3.0,9.6,0.8627813040969418,3.2,CHI,,award,1.0
https://openalex.org/A5034805006,2016,67.8,48.5,4.4,1.5,0.7153392330383481,0.3409090909090909,CHI,,award,1.0
https://openalex.org/A5059880425,2016,22.5,80.4,2.0,5.0,3.5733333333333337,2.5,CHI,,award,1.0
https://openalex.org/A5043922248,2016,25.0,14.25,1.5,1.5,0.57,1.0,CHI,,award,1.0
https://openalex.org/A5035627325,2016,94.33333333333331,12.666666666666666,1.3333333333333333,1.6666666666666667,0.1342756183745583,1.2500000000000002,CHI,,award,1.0
https://openalex.org/A5014639509,2016,26.5,36.66666666666666,1.0,1.3333333333333333,1.3836477987421385,1.3333333333333333,CHI,,award,1.0
https://openalex.org/A5072109649,2016,34.5,47.0,2.0,3.6,1.3623188405797102,1.8,CHI,,award,1.0
https://openalex.org/A5015385005,2016,64.0,116.8,2.6666666666666665,4.8,1.825,1.8,CHI,,award,1.0
https://openalex.org/A5082002320,2016,122.4,85.5,3.2,3.0,0.6985294117647058,0.9375,CHI,,award,1.0
https://openalex.org/A5101776191,2016,68.5,93.0,2.5,3.0,1.3576642335766422,1.2,CHI,,award,1.0
https://openalex.org/A5038894198,2016,14.0,23.2,2.5,4.6,1.657142857142857,1.84,CIKM,,award,1.0
https://openalex.org/A5057072967,2016,63.5,5.0,2.0,1.0,0.0787401574803149,0.5,FSE,,award,1.0
https://openalex.org/A5018416139,2016,57.2,0.0,3.2,1.0,0.0,0.3125,FSE,,award,1.0
https://openalex.org/A5047536715,2016,43.0,41.4,2.0,2.4,0.9627906976744186,1.2,FSE,,award,1.0
https://openalex.org/A5002742929,2016,5.0,,1.0,,,,FSE,,award,1.0
https://openalex.org/A5101822967,2016,43.0,83.66666666666667,2.5,1.3333333333333333,1.9457364341085277,0.5333333333333333,FSE,,award,1.0
https://openalex.org/A5039776447,2016,411.25,3199.4,2.75,9.8,7.779696048632219,3.563636363636364,ICML,,award,1.0
https://openalex.org/A5041869459,2016,259.0,389.0,4.5,15.2,1.501930501930502,3.3777777777777778,ICML,,award,1.0
https://openalex.org/A5034330109,2016,77.6,33.75,1.6,3.0,0.4349226804123711,1.875,ICSE,,award,1.0
https://openalex.org/A5020000401,2016,4.0,20.0,1.5,1.0,5.0,0.6666666666666666,ICSE,,award,1.0
https://openalex.org/A5087342649,2016,50.0,24.5,1.3333333333333333,2.0,0.49,1.5,ICSE,,award,1.0
https://openalex.org/A5110418524,2016,414.75,317.0,2.25,1.0,0.7643158529234478,0.4444444444444444,IJCAI,,award,1.0
https://openalex.org/A5065675832,2016,46.0,704.0,1.5,19.6,15.304347826086955,13.066666666666668,KDD,,award,1.0
https://openalex.org/A5030516279,2016,644.0,266.75,3.5,3.5,0.4142080745341615,1.0,NSDI,,award,1.0
https://openalex.org/A5045162159,2016,1.0,33.0,1.0,1.3333333333333333,33.0,1.3333333333333333,OSDI,,award,1.0
https://openalex.org/A5055964348,2016,48.5,109.0,2.0,3.4,2.247422680412371,1.7,OSDI,,award,1.0
https://openalex.org/A5013809751,2016,249.0,66.0,3.0,2.5,0.2650602409638554,0.8333333333333334,PLDI,,award,1.0
https://openalex.org/A5051217958,2016,18.0,,1.0,,,,PLDI,,award,1.0
https://openalex.org/A5021229048,2016,8.0,104.2,5.0,8.8,13.025,1.7600000000000002,PLDI,,award,1.0
https://openalex.org/A5054069870,2016,51.25,41.25,3.25,3.0,0.8048780487804879,0.9230769230769232,PLDI,,award,1.0
https://openalex.org/A5013744700,2016,27.0,6.0,1.0,1.5,0.2222222222222222,1.5,PLDI,,award,1.0
https://openalex.org/A5034538466,2016,23.0,79.8,2.5,6.0,3.4695652173913043,2.4,PODS,,award,1.0
https://openalex.org/A5034738254,2016,387.0,201.8,4.5,4.4,0.5214470284237727,0.977777777777778,SIGCOMM,,award,1.0
https://openalex.org/A5061114394,2016,68.8,94.2,3.2,8.8,1.369186046511628,2.75,STOC,,award,1.0
https://openalex.org/A5045073799,2016,31.33333333333333,19.0,2.0,5.8,0.6063829787234043,2.9,STOC,,award,1.0
https://openalex.org/A5101796605,2016,247.33333333333331,58.8,4.333333333333333,3.0,0.2377358490566037,0.6923076923076924,UIST,,award,1.0
https://openalex.org/A5002723576,2016,68.0,95.6,3.2,4.4,1.4058823529411764,1.375,UIST,,award,1.0
https://openalex.org/A5041275294,2016,19.5,51.333333333333336,2.0,2.6666666666666665,2.6324786324786325,1.3333333333333333,UIST,,award,1.0
https://openalex.org/A5039125132,2016,224.5,268.25,3.25,7.75,1.1948775055679288,2.3846153846153846,UIST,,award,1.0
https://openalex.org/A5016501970,2015,88.0,263.5,1.5,5.0,2.9943181818181817,3.333333333333333,ACL,,award,1.0
https://openalex.org/A5013958366,2015,9.5,,1.0,,,,CHI,,award,1.0
https://openalex.org/A5013050933,2015,6.0,,1.0,,,,CHI,,award,1.0
https://openalex.org/A5072922547,2015,42.5,89.4,3.5,4.0,2.103529411764706,1.1428571428571428,CHI,,award,1.0
https://openalex.org/A5064547400,2015,68.5,160.0,1.0,2.6,2.335766423357664,2.6,CHI,,award,1.0
https://openalex.org/A5021777354,2015,225.0,607.2,3.0,5.8,2.698666666666667,1.9333333333333331,CHI,,award,1.0
https://openalex.org/A5032530421,2015,84.25,529.4,3.25,21.2,6.283679525222552,6.523076923076923,CHI,,award,1.0
https://openalex.org/A5000906180,2015,32.5,135.5,1.25,2.75,4.1692307692307695,2.2,CHI,,award,1.0
https://openalex.org/A5103414046,2015,276.5,65.5,2.0,2.0,0.2368896925858951,1.0,CHI,,award,1.0
https://openalex.org/A5087981305,2015,50.0,174.0,1.0,3.0,3.48,3.0,CHI,,award,1.0
https://openalex.org/A5017750168,2015,155.0,78.5,2.333333333333333,1.0,0.5064516129032258,0.4285714285714285,CHI,,award,1.0
https://openalex.org/A5019276791,2015,53.0,51.0,4.0,2.5,0.9622641509433962,0.625,CIKM,,award,1.0
https://openalex.org/A5001563585,2015,40.5,69.0,1.5,1.6666666666666667,1.7037037037037035,1.1111111111111112,FSE,,award,1.0
https://openalex.org/A5039301553,2015,191.25,60.0,4.0,3.4,0.3137254901960784,0.85,FSE,,award,1.0
https://openalex.org/A5069439324,2015,405.0,403.6,4.5,11.0,0.9965432098765432,2.4444444444444446,FSE,,award,1.0
https://openalex.org/A5056526226,2015,890.0,1014.2,13.4,20.8,1.1395505617977528,1.5522388059701493,FSE,,award,1.0
https://openalex.org/A5002052018,2015,160.0,10.75,6.0,2.25,0.0671875,0.375,FSE,,award,1.0
https://openalex.org/A5090520110,2015,21.0,58.25,1.6666666666666667,2.25,2.773809523809524,1.35,FSE,,award,1.0
https://openalex.org/A5016750744,2015,204.0,193.6,6.333333333333333,6.6,0.9490196078431372,1.0421052631578946,ICSE,,award,1.0
https://openalex.org/A5021806319,2015,17.0,24.0,1.6666666666666667,2.0,1.411764705882353,1.2,ICSE,,award,1.0
https://openalex.org/A5077191191,2015,57.0,16.6,1.6666666666666667,1.8,0.2912280701754386,1.08,IJCAI,,award,1.0
https://openalex.org/A5050433159,2015,28.5,300.0,2.0,8.2,10.526315789473683,4.1,IJCAI,,award,1.0
https://openalex.org/A5045181694,2015,16.25,54.66666666666666,1.75,3.333333333333333,3.364102564102564,1.9047619047619049,INFOCOM,,award,1.0
https://openalex.org/A5038820344,2015,15.5,15.333333333333334,1.5,1.6666666666666667,0.989247311827957,1.1111111111111112,MOBICOM,,award,1.0
https://openalex.org/A5103890688,2015,73.75,1161.0,4.25,11.4,15.742372881355932,2.682352941176471,NeurIPS,,award,1.0
https://openalex.org/A5022031348,2015,59.5,66.6,2.0,4.0,1.1193277310924368,2.0,PLDI,,award,1.0
https://openalex.org/A5008206932,2015,27.25,15.0,3.0,3.0,0.5504587155963303,1.0,PODS,,award,1.0
https://openalex.org/A5061584053,2015,0.5,8.75,1.0,1.5,17.5,1.5,PODS,,award,1.0
https://openalex.org/A5028459977,2015,7.5,17.6,2.0,3.0,2.3466666666666667,1.5,PODS,,award,1.0
https://openalex.org/A5042649150,2015,19.0,70.2,1.0,3.0,3.694736842105263,3.0,S&P,,award,1.0
https://openalex.org/A5065703902,2015,33.0,14.5,2.0,2.0,0.4393939393939394,1.0,SIGCOMM,,award,1.0
https://openalex.org/A5064699160,2015,93.66666666666669,1118.0,3.333333333333333,10.8,11.93594306049822,3.24,SIGMETRICS,,award,1.0
https://openalex.org/A5068471095,2015,223.0,28.8,1.0,2.6,0.1291479820627802,2.6,SIGMOD,,award,1.0
https://openalex.org/A5011277895,2015,1.3333333333333333,100.4,1.3333333333333333,2.8,75.30000000000001,2.1,SOSP,,award,1.0
https://openalex.org/A5010436566,2015,42.5,46.0,1.5,2.75,1.0823529411764703,1.8333333333333333,SOSP,,award,1.0
https://openalex.org/A5021833322,2015,18.75,6.666666666666667,2.0,1.6666666666666667,0.3555555555555555,0.8333333333333334,STOC,,award,1.0
https://openalex.org/A5038687630,2015,8.0,35.0,1.5,6.0,4.375,4.0,STOC,,award,1.0
https://openalex.org/A5058504215,2015,85.2,,4.2,,,,UIST,,award,1.0
https://openalex.org/A5015893090,2015,11.2,93.2,1.8,4.0,8.321428571428573,2.2222222222222223,UIST,,award,1.0
https://openalex.org/A5087672786,2015,105.4,308.0,2.8,14.4,2.922201138519924,5.142857142857143,UIST,,award,1.0
https://openalex.org/A5077463393,2014,53.75,72.5,2.5,2.5,1.3488372093023255,1.0,CHI,,award,1.0
https://openalex.org/A5075318331,2014,15.0,,1.0,,,,CHI,,award,1.0
https://openalex.org/A5002616622,2014,93.5,215.5,3.5,4.0,2.304812834224599,1.1428571428571428,CHI,,award,1.0
https://openalex.org/A5051803370,2014,36.0,61.333333333333336,2.5,2.6666666666666665,1.7037037037037035,1.0666666666666669,CHI,,award,1.0
https://openalex.org/A5029485566,2014,44.0,82.5,1.8,2.25,1.875,1.25,CHI,,award,1.0
https://openalex.org/A5024501566,2014,97.75,57.333333333333336,2.0,1.6666666666666667,0.586530264279625,0.8333333333333334,CHI,,award,1.0
https://openalex.org/A5036031138,2014,142.0,80.75,1.3333333333333333,2.5,0.5686619718309859,1.875,CHI,,award,1.0
https://openalex.org/A5041066830,2014,12.25,24.2,1.75,2.0,1.9755102040816328,1.1428571428571428,CIKM,,award,1.0
https://openalex.org/A5027563965,2014,12.0,2.333333333333333,1.0,1.6666666666666667,0.1944444444444444,1.6666666666666667,FSE,,award,1.0
https://openalex.org/A5080221214,2014,182.33333333333331,600.0,1.6666666666666667,8.2,3.290676416819013,4.919999999999999,FSE,,award,1.0
https://openalex.org/A5014292887,2014,13.5,49.5,1.5,2.0,3.6666666666666665,1.3333333333333333,FSE,,award,1.0
https://openalex.org/A5010881756,2014,47.5,34.0,2.5,1.5,0.7157894736842105,0.6,ICSE,,award,1.0
https://openalex.org/A5084868951,2014,62.0,158.2,2.0,5.4,2.551612903225806,2.7,ICSE,,award,1.0
https://openalex.org/A5049839987,2014,554.0,27.5,2.0,1.0,0.049638989169675,0.5,ICSE,,award,1.0
https://openalex.org/A5037888372,2014,515.0,22.0,1.0,1.0,0.0427184466019417,1.0,ICSE,,award,1.0
https://openalex.org/A5033475627,2014,7.0,50.0,2.0,2.6666666666666665,7.142857142857143,1.3333333333333333,ICSE,,award,1.0
https://openalex.org/A5087729117,2014,8.0,15.0,1.0,1.3333333333333333,1.875,1.3333333333333333,INFOCOM,,award,1.0
https://openalex.org/A5100631553,2014,3.0,109.2,1.0,3.4,36.4,3.4,NeurIPS,,award,1.0
https://openalex.org/A5026744189,2014,79.0,74.25,1.75,2.0,0.939873417721519,1.1428571428571428,OSDI,,award,1.0
https://openalex.org/A5000009841,2014,9.0,153.5,1.0,3.5,17.055555555555557,3.5,OSDI,,award,1.0
https://openalex.org/A5037461995,2014,11.0,1.5,1.0,1.5,0.1363636363636363,1.5,PLDI,,award,1.0
https://openalex.org/A5091819924,2014,24.0,628.8,2.5,4.4,26.2,1.7600000000000002,S&P,,award,1.0
https://openalex.org/A5063317383,2014,47.0,119.75,3.0,2.25,2.547872340425532,0.75,S&P,,award,1.0
https://openalex.org/A5074751039,2014,78.33333333333333,114.5,1.3333333333333333,2.5,1.4617021276595743,1.875,SIGCOMM,,award,1.0
https://openalex.org/A5036144178,2014,258.0,198.33333333333331,1.5,1.6666666666666667,0.768733850129199,1.1111111111111112,SIGCOMM,,award,1.0
https://openalex.org/A5024980585,2014,360.0,354.8,12.0,16.8,0.9855555555555556,1.4,SODA,,award,1.0
https://openalex.org/A5003378492,2014,1.0,17.333333333333332,1.0,1.3333333333333333,17.333333333333332,1.3333333333333333,UIST,,award,1.0
https://openalex.org/A5005397258,2014,71.0,76.2,2.0,5.2,1.0732394366197184,2.6,VLDB,,award,1.0
https://openalex.org/A5063997221,2014,26.0,8.75,2.25,1.0,0.3365384615384615,0.4444444444444444,VLDB,,award,1.0
https://openalex.org/A5025737201,2014,1.0,67.0,1.0,5.75,67.0,5.75,VLDB,,award,1.0
https://openalex.org/A5034816930,2014,30.0,51.333333333333336,1.25,1.6666666666666667,1.7111111111111112,1.3333333333333337,VLDB,,award,1.0
https://openalex.org/A5027517542,2014,145.66666666666666,57.8,5.333333333333333,8.6,0.3967963386727688,1.6125,VLDB,,award,1.0
https://openalex.org/A5069747496,2014,131.0,16.75,1.25,2.25,0.1278625954198473,1.8,WWW,,award,1.0
https://openalex.org/A5055445718,2013,20.5,163.2,2.0,9.2,7.960975609756097,4.6,AAAI,,award,1.0
https://openalex.org/A5009585935,2013,29.5,171.4,1.0,4.2,5.810169491525424,4.2,ACL,,award,1.0
https://openalex.org/A5068799512,2013,415.75,619.2,7.0,9.2,1.489356584485869,1.3142857142857145,CHI,,award,1.0
https://openalex.org/A5012186497,2013,72.33333333333333,41.0,2.333333333333333,2.0,0.5668202764976958,0.8571428571428571,CHI,,award,1.0
https://openalex.org/A5076413226,2013,91.0,69.0,1.5,1.0,0.7582417582417582,0.6666666666666666,CHI,,award,1.0
https://openalex.org/A5004988074,2013,111.75,118.33333333333331,2.0,4.333333333333333,1.058911260253542,2.1666666666666665,CHI,,award,1.0
https://openalex.org/A5089242807,2013,567.3333333333334,264.4,3.0,4.4,0.4660399529964746,1.4666666666666668,CHI,,award,1.0
https://openalex.org/A5027407975,2013,113.0,269.25,1.5,4.25,2.3827433628318584,2.833333333333333,CHI,,award,1.0
https://openalex.org/A5077783676,2013,8.0,632.5,3.0,3.5,79.0625,1.1666666666666667,CHI,,award,1.0
https://openalex.org/A5063521318,2013,54.0,26.0,1.0,1.0,0.4814814814814814,1.0,CHI,,award,1.0
https://openalex.org/A5015875478,2013,365.5,22.8,3.0,3.2,0.0623803009575923,1.0666666666666669,CIKM,,award,1.0
https://openalex.org/A5041808447,2013,16.8,267.8,1.8,11.8,15.94047619047619,6.555555555555555,CIKM,,award,1.0
https://openalex.org/A5027328044,2013,619.3333333333334,1599.0,1.6666666666666667,8.0,2.581808396124865,4.8,ICCV,,award,1.0
https://openalex.org/A5089862531,2013,6.5,73.8,1.0,4.0,11.353846153846153,4.0,ICML,,award,1.0
https://openalex.org/A5034150823,2013,42.75,218.2,3.0,11.8,5.104093567251462,3.9333333333333336,ICSE,,award,1.0
https://openalex.org/A5072756568,2013,2.0,1.0,1.0,1.0,0.5,1.0,ICSE,,award,1.0
https://openalex.org/A5076258904,2013,44.5,24.2,2.0,3.2,0.5438202247191011,1.6,ICSE,,award,1.0
https://openalex.org/A5056378414,2013,74.5,354.4,2.25,9.6,4.757046979865772,4.266666666666667,ICSE,,award,1.0
https://openalex.org/A5029665272,2013,230.66666666666663,212.5,4.0,1.5,0.921242774566474,0.375,ICSE,,award,1.0
https://openalex.org/A5000308912,2013,80.0,276.5,2.0,2.5,3.45625,1.25,ICSE,,award,1.0
https://openalex.org/A5064825146,2013,146.0,17.0,1.6666666666666667,1.75,0.1164383561643835,1.05,INFOCOM,,award,1.0
https://openalex.org/A5035348123,2013,94.0,213.6,2.0,1.6,2.272340425531915,0.8,MOBICOM,,award,1.0
https://openalex.org/A5103356207,2013,511.6666666666667,86.5,4.333333333333333,3.0,0.1690553745928338,0.6923076923076924,MOBICOM,,award,1.0
https://openalex.org/A5006723758,2013,288.0,114.4,4.0,6.2,0.3972222222222222,1.55,PLDI,,award,1.0
https://openalex.org/A5044253018,2013,6.0,65.0,2.0,3.5,10.833333333333334,1.75,PLDI,,award,1.0
https://openalex.org/A5085711958,2013,42.25,30.0,2.0,5.0,0.7100591715976331,2.5,PODS,,award,1.0
https://openalex.org/A5103417248,2013,1035.2,696.25,3.6,2.75,0.6725753477588872,0.7638888888888888,SOSP,,award,1.0
https://openalex.org/A5056988727,2013,4.0,261.6,1.0,4.0,65.4,4.0,UIST,,award,1.0
https://openalex.org/A5003218066,2013,105.4,54.333333333333336,2.4,1.0,0.5154965211891208,0.4166666666666667,VLDB,,award,1.0
https://openalex.org/A5011012964,2013,418.75,446.6,5.25,9.0,1.0665074626865672,1.7142857142857142,WWW,,award,1.0
https://openalex.org/A5074393622,2012,48.4,70.25,1.6,2.5,1.4514462809917357,1.5625,AAAI,,award,1.0
https://openalex.org/A5040024687,2012,284.8,549.6,6.4,21.0,1.9297752808988764,3.28125,CHI,,award,1.0
https://openalex.org/A5006126917,2012,26.0,8.8,1.75,1.8,0.3384615384615385,1.0285714285714287,CHI,,award,1.0
https://openalex.org/A5083692181,2012,2.0,52.0,1.5,2.0,26.0,1.3333333333333333,CHI,,award,1.0
https://openalex.org/A5091725659,2012,6.666666666666667,,1.6666666666666667,,,,CHI,,award,1.0
https://openalex.org/A5067066896,2012,8.0,743.6,1.0,2.4,92.95,2.4,ICML,,award,1.0
https://openalex.org/A5088410123,2012,100.0,137.8,5.0,9.6,1.378,1.92,ICSE,,award,1.0
https://openalex.org/A5041608081,2012,8.5,4.75,1.0,1.5,0.5588235294117647,1.5,ICSE,,award,1.0
https://openalex.org/A5063441997,2012,115.0,61.75,1.0,3.25,0.5369565217391304,3.25,ICSE,,award,1.0
https://openalex.org/A5012643471,2012,30.0,64.0,1.0,1.3333333333333333,2.1333333333333333,1.3333333333333333,ICSE,,award,1.0
https://openalex.org/A5084776885,2012,27.0,171.8,1.8,7.4,6.362962962962963,4.111111111111112,ICSE,,award,1.0
https://openalex.org/A5085243096,2012,93.0,304.4,3.0,9.4,3.2731182795698923,3.1333333333333333,INFOCOM,,award,1.0
https://openalex.org/A5080702284,2012,39.4,109.2,2.0,9.2,2.771573604060914,4.6,INFOCOM,,award,1.0
https://openalex.org/A5015547365,2012,100.0,125.66666666666669,3.0,2.0,1.2566666666666668,0.6666666666666666,KDD,,award,1.0
https://openalex.org/A5041608911,2012,5.0,59.75,1.25,2.25,11.95,1.8,SIGMETRICS,,award,1.0
https://openalex.org/A5013551063,2012,164.0,116.0,4.5,9.0,0.7073170731707317,2.0,STOC,,award,1.0
https://openalex.org/A5006688930,2012,13.5,,1.0,,,,UIST,,award,1.0
https://openalex.org/A5050138372,2012,47.5,103.0,1.25,1.0,2.168421052631579,0.8,VLDB,,award,1.0
https://openalex.org/A5034897040,2011,87.5,155.4,6.5,10.8,1.776,1.6615384615384616,AAAI,,award,1.0
https://openalex.org/A5063059225,2011,316.0,485.4,3.0,10.6,1.5360759493670886,3.533333333333333,AAAI,,award,1.0
https://openalex.org/A5021055773,2011,229.6,631.0,3.0,4.4,2.7482578397212545,1.4666666666666668,ACL,,award,1.0
https://openalex.org/A5091273829,2011,6.0,134.6,1.5,3.2,22.433333333333334,2.1333333333333333,CHI,,award,1.0
https://openalex.org/A5078932168,2011,38.0,,1.0,,,,CHI,,award,1.0
https://openalex.org/A5084307262,2011,223.0,91.33333333333331,2.5,1.6666666666666667,0.4095665171898355,0.6666666666666667,CHI,,award,1.0
https://openalex.org/A5022201710,2011,260.75,19.0,3.5,2.0,0.0728667305848514,0.5714285714285714,CHI,,award,1.0
https://openalex.org/A5065240151,2011,3.6666666666666665,44.66666666666666,1.0,1.3333333333333333,12.181818181818182,1.3333333333333333,CHI,,award,1.0
https://openalex.org/A5088621320,2011,199.75,1148.0,4.0,13.2,5.747183979974968,3.3,CIKM,,award,1.0
https://openalex.org/A5017101724,2011,20.25,184.4,1.75,8.2,9.106172839506174,4.685714285714285,FOCS,,award,1.0
https://openalex.org/A5049191217,2011,144.75,50.5,4.25,2.5,0.3488773747841105,0.5882352941176471,FSE,,award,1.0
https://openalex.org/A5083739081,2011,74.0,184.8,3.0,8.0,2.497297297297297,2.6666666666666665,ICSE,,award,1.0
https://openalex.org/A5031168005,2011,279.3333333333333,185.2,3.6666666666666665,5.4,0.6630071599045346,1.4727272727272729,ICSE,,award,1.0
https://openalex.org/A5008490992,2011,273.6666666666667,144.0,3.0,4.8,0.5261875761266748,1.6,ICSE,,award,1.0
https://openalex.org/A5004005620,2011,59.0,2.0,1.0,1.0,0.0338983050847457,1.0,ICSE,,award,1.0
https://openalex.org/A5062838041,2011,254.0,47.0,2.0,1.0,0.1850393700787401,0.5,ICSE,,award,1.0
https://openalex.org/A5082514679,2011,2.0,212.0,2.0,2.75,106.0,1.375,ICSE,,award,1.0
https://openalex.org/A5082856719,2011,7.0,180.0,1.0,6.75,25.714285714285715,6.75,IJCAI,,award,1.0
https://openalex.org/A5000893188,2011,69.0,204.2,3.5,7.2,2.959420289855072,2.0571428571428574,PODS,,award,1.0
https://openalex.org/A5068150550,2011,72.0,355.4,1.3333333333333333,4.6,4.936111111111111,3.45,SIGCOMM,,award,1.0
https://openalex.org/A5108288895,2011,436.5,250.4,2.5,3.4,0.5736540664375716,1.36,SIGCOMM,,award,1.0
https://openalex.org/A5023215207,2011,128.4,489.8,8.6,13.8,3.8146417445482874,1.604651162790698,SIGMETRICS,,award,1.0
https://openalex.org/A5033603487,2011,7.0,23.0,1.0,1.0,3.2857142857142856,1.0,SOSP,,award,1.0
https://openalex.org/A5049011416,2011,30.666666666666668,61.0,3.6666666666666665,4.6,1.9891304347826089,1.2545454545454544,STOC,,award,1.0
https://openalex.org/A5032253873,2011,148.66666666666666,139.0,2.6666666666666665,2.4,0.9349775784753364,0.9,VLDB,,award,1.0
https://openalex.org/A5055793906,2011,193.0,92.0,2.5,3.5,0.4766839378238341,1.4,VLDB,,award,1.0
https://openalex.org/A5100423728,2011,9.333333333333334,234.25,1.6666666666666667,6.25,25.098214285714285,3.75,WWW,,award,1.0
https://openalex.org/A5028755343,2010,27.33333333333333,30.75,1.3333333333333333,1.75,1.125,1.3125,AAAI,,award,1.0
https://openalex.org/A5049201950,2010,295.4,189.6,6.0,6.0,0.6418415707515234,1.0,AAAI,,award,1.0
https://openalex.org/A5109353454,2010,19.0,104.8,1.0,3.2,5.515789473684211,3.2,CHI,,award,1.0
https://openalex.org/A5067384837,2010,95.5,238.0,1.0,1.5,2.492146596858639,1.5,CHI,,award,1.0
https://openalex.org/A5085818578,2010,91.33333333333331,274.6,3.333333333333333,10.0,3.006569343065694,3.0,CIKM,,award,1.0
https://openalex.org/A5006306262,2010,11.0,7.75,2.0,1.5,0.7045454545454546,0.75,CIKM,,award,1.0
https://openalex.org/A5083631720,2010,120.5,175.0,3.0,2.6666666666666665,1.4522821576763485,0.8888888888888888,FSE,,award,1.0
https://openalex.org/A5030863830,2010,3.0,65.25,1.0,2.5,21.75,2.5,ICML,,award,1.0
https://openalex.org/A5000582109,2010,181.0,1046.0,2.0,19.0,5.779005524861878,9.5,ICSE,,award,1.0
https://openalex.org/A5011785079,2010,9.5,16.8,1.75,2.6,1.7684210526315791,1.4857142857142858,ICSE,,award,1.0
https://openalex.org/A5051155440,2010,14.0,73.8,1.5,2.8,5.271428571428571,1.8666666666666665,ICSE,,award,1.0
https://openalex.org/A5025340145,2010,139.0,109.0,2.0,4.5,0.7841726618705036,2.25,ICSE,,award,1.0
https://openalex.org/A5071597932,2010,41.66666666666666,71.0,2.6666666666666665,1.0,1.7040000000000002,0.375,INFOCOM,,award,1.0
https://openalex.org/A5009660759,2010,93.33333333333331,85.6,3.333333333333333,2.2,0.9171428571428571,0.66,KDD,,award,1.0
https://openalex.org/A5072515084,2010,1.0,519.25,1.0,4.5,519.25,4.5,NSDI,,award,1.0
https://openalex.org/A5058555162,2010,6.5,160.6,1.0,1.8,24.707692307692305,1.8,OSDI,,award,1.0
https://openalex.org/A5066531106,2010,367.3333333333333,265.2,6.333333333333333,5.4,0.7219600725952813,0.8526315789473685,OSDI,,award,1.0
https://openalex.org/A5109135732,2010,75.25,227.2,2.75,7.2,3.019269102990033,2.618181818181818,PODS,,award,1.0
https://openalex.org/A5014539613,2010,68.0,32.0,1.0,3.0,0.4705882352941176,3.0,S&P,,award,1.0
https://openalex.org/A5100687673,2010,64.25,119.4,2.25,6.4,1.858365758754864,2.844444444444445,SIGCOMM,,award,1.0
https://openalex.org/A5111985072,2010,362.25,551.2,3.25,6.6,1.5216011042098,2.0307692307692307,SIGMOD,,award,1.0
https://openalex.org/A5081042997,2010,91.0,45.0,1.6666666666666667,1.0,0.4945054945054945,0.6,SODA,,award,1.0
https://openalex.org/A5075969007,2010,52.0,38.0,1.75,2.0,0.7307692307692307,1.1428571428571428,STOC,,award,1.0
https://openalex.org/A5023591555,2010,75.6,117.25,3.6,6.25,1.550925925925926,1.7361111111111112,STOC,,award,1.0
https://openalex.org/A5084269195,2010,231.0,166.0,1.0,2.0,0.7186147186147186,2.0,UIST,,award,1.0
https://openalex.org/A5006980420,2010,265.3333333333333,208.8,2.333333333333333,5.2,0.7869346733668343,2.2285714285714286,VLDB,,award,1.0
https://openalex.org/A5080877905,2010,234.33333333333331,1499.0,3.333333333333333,5.2,6.396870554765291,1.56,WWW,,award,1.0
https://openalex.org/A5001722321,2009,43.0,156.33333333333334,1.0,3.333333333333333,3.6356589147286815,3.333333333333333,ACL,,award,1.0
https://openalex.org/A5004854992,2009,9.5,60.5,1.0,1.5,6.368421052631579,1.5,ACL,,award,1.0
https://openalex.org/A5053694765,2009,108.33333333333331,92.25,1.0,2.5,0.8515384615384616,2.5,ACL,,award,1.0
https://openalex.org/A5083211235,2009,39.5,19.0,3.0,2.2,0.4810126582278481,0.7333333333333334,CHI,,award,1.0
https://openalex.org/A5072031454,2009,402.0,59.75,1.0,4.5,0.1486318407960199,4.5,FSE,,award,1.0
https://openalex.org/A5102141585,2009,8.0,108.0,1.5,2.0,13.5,1.3333333333333333,FSE,,award,1.0
https://openalex.org/A5049280707,2009,9.0,129.75,1.0,1.5,14.416666666666666,1.5,ICCV,,award,1.0
https://openalex.org/A5054163834,2009,28.5,69.66666666666667,1.0,1.0,2.4444444444444446,1.0,ICML,,award,1.0
https://openalex.org/A5024034818,2009,78.0,367.2,2.333333333333333,4.6,4.707692307692308,1.971428571428571,ICSE,,award,1.0
https://openalex.org/A5100735704,2009,172.4,250.2,7.2,8.8,1.451276102088167,1.2222222222222223,INFOCOM,,award,1.0
https://openalex.org/A5103031701,2009,243.75,79.0,3.0,1.6,0.3241025641025641,0.5333333333333333,MOBICOM,,award,1.0
https://openalex.org/A5112277360,2009,57.75,108.25,2.75,3.25,1.8744588744588744,1.181818181818182,MOBICOM,,award,1.0
https://openalex.org/A5001043287,2009,35.0,57.0,1.0,1.0,1.6285714285714286,1.0,PODS,,award,1.0
https://openalex.org/A5079503799,2009,62.0,389.2,2.0,7.4,6.27741935483871,3.7,PODS,,award,1.0
https://openalex.org/A5041937385,2009,1149.8,563.6,11.8,12.6,0.4901722038615412,1.0677966101694911,SIGCOMM,,award,1.0
https://openalex.org/A5005715220,2009,4.0,,2.5,,,,SIGMETRICS,,award,1.0
https://openalex.org/A5001598240,2009,7.0,46.4,2.0,4.6,6.628571428571428,2.3,SOSP,,award,1.0
https://openalex.org/A5073935967,2009,18.0,178.33333333333334,2.0,2.6666666666666665,9.907407407407408,1.3333333333333333,STOC,,award,1.0
https://openalex.org/A5110611660,2009,18.5,217.0,1.5,7.0,11.72972972972973,4.666666666666667,VLDB,,award,1.0
https://openalex.org/A5011891560,2008,40.0,171.5,1.0,4.0,4.2875,4.0,CHI,,award,1.0
https://openalex.org/A5046611715,2008,62.0,77.2,1.3333333333333333,3.4,1.2451612903225806,2.5500000000000003,CHI,,award,1.0
https://openalex.org/A5012802996,2008,2.6666666666666665,31.0,1.6666666666666667,3.5,11.625,2.1,CHI,,award,1.0
https://openalex.org/A5077783791,2008,74.75,452.6,1.75,7.2,6.054849498327759,4.114285714285715,CVPR,,award,1.0
https://openalex.org/A5068587315,2008,33.0,112.25,2.0,4.0,3.4015151515151514,2.0,CVPR,,award,1.0
https://openalex.org/A5023279342,2008,369.0,18.4,4.0,3.2,0.0498644986449864,0.8,FOCS,,award,1.0
https://openalex.org/A5113684638,2008,59.5,214.8,1.0,4.4,3.610084033613445,4.4,FSE,,award,1.0
https://openalex.org/A5048641532,2008,118.0,339.0,1.0,2.0,2.8728813559322037,2.0,FSE,,award,1.0
https://openalex.org/A5069763558,2008,153.5,223.2,2.5,3.2,1.4540716612377849,1.28,FSE,,award,1.0
https://openalex.org/A5101967307,2008,45.0,266.8,2.0,6.8,5.928888888888889,3.4,ICSE,,award,1.0
https://openalex.org/A5079075574,2008,99.0,17.6,2.5,2.6,0.1777777777777777,1.04,ICSE,,award,1.0
https://openalex.org/A5084552503,2008,101.75,6.0,3.75,2.5,0.0589680589680589,0.6666666666666666,ICSE,,award,1.0
https://openalex.org/A5022354495,2008,34.0,42.0,1.0,1.0,1.2352941176470589,1.0,INFOCOM,,award,1.0
https://openalex.org/A5100368855,2008,53.5,70.25,1.0,2.5,1.3130841121495327,2.5,KDD,,award,1.0
https://openalex.org/A5016327606,2008,13.0,68.6,1.0,2.4,5.276923076923077,2.4,NSDI,,award,1.0
https://openalex.org/A5045165255,2008,398.0,211.6,2.0,4.0,0.5316582914572864,2.0,NSDI,,award,1.0
https://openalex.org/A5053355200,2008,418.25,340.6,2.75,3.8,0.8143454871488345,1.3818181818181818,OSDI,,award,1.0
https://openalex.org/A5072236833,2008,65.0,,1.0,,,,OSDI,,award,1.0
https://openalex.org/A5060832606,2008,932.2,61.6,2.0,3.0,0.0660802402917828,1.5,OSDI,,award,1.0
https://openalex.org/A5052836807,2008,225.75,115.0,2.0,2.0,0.5094130675526024,1.0,OSDI,,award,1.0
https://openalex.org/A5000107991,2008,381.5,132.5,2.5,2.5,0.3473132372214941,1.0,OSDI,,award,1.0
https://openalex.org/A5113577071,2008,13.333333333333334,378.4,1.0,10.2,28.379999999999995,10.2,PODS,,award,1.0
https://openalex.org/A5058661031,2008,61.5,383.0,1.5,3.0,6.227642276422764,2.0,S&P,,award,1.0
https://openalex.org/A5050157577,2008,77.4,269.4,1.8,4.4,3.480620155038759,2.4444444444444446,SIGMOD,,award,1.0
https://openalex.org/A5105307360,2007,49.0,371.2,3.333333333333333,2.2,7.575510204081632,0.66,AAAI,,award,1.0
https://openalex.org/A5036074668,2007,32.0,578.5,2.0,3.0,18.078125,1.5,AAAI,,award,1.0
https://openalex.org/A5077791792,2007,238.75,17.5,1.75,1.0,0.0732984293193717,0.5714285714285714,ACL,,award,1.0
https://openalex.org/A5069459444,2007,16.0,13.0,1.0,2.0,0.8125,2.0,CHI,,award,1.0
https://openalex.org/A5024737277,2007,3.0,,2.0,,,,CHI,,award,1.0
https://openalex.org/A5057210065,2007,258.6666666666667,32.0,2.333333333333333,2.0,0.1237113402061855,0.8571428571428571,CVPR,,award,1.0
https://openalex.org/A5023658938,2007,77.75,117.4,2.5,4.6,1.509967845659164,1.84,FSE,,award,1.0
https://openalex.org/A5075701279,2007,150.0,140.0,2.8,7.2,0.9333333333333332,2.571428571428572,FSE,,award,1.0
https://openalex.org/A5022177364,2007,1360.0,1883.6,10.6,19.4,1.385,1.830188679245283,FSE,,award,1.0
https://openalex.org/A5057086547,2007,108.75,37.2,3.0,2.6,0.3420689655172414,0.8666666666666667,FSE,,award,1.0
https://openalex.org/A5088203996,2007,31.33333333333333,89.33333333333333,2.0,1.6666666666666667,2.851063829787234,0.8333333333333334,ICML,,award,1.0
https://openalex.org/A5049134079,2007,540.75,1556.4,2.0,4.8,2.878224687933426,2.4,ICML,,award,1.0
https://openalex.org/A5101633144,2007,2.333333333333333,343.0,1.0,6.8,147.0,6.8,ICML,,award,1.0
https://openalex.org/A5019848726,2007,1.0,57.6,1.0,1.8,57.6,1.8,ICSE,,award,1.0
https://openalex.org/A5100695695,2007,206.0,281.2,3.0,3.2,1.3650485436893205,1.0666666666666669,ICSE,,award,1.0
https://openalex.org/A5022905724,2007,130.33333333333334,122.6,3.0,5.2,0.9406649616368286,1.7333333333333334,ICSE,,award,1.0
https://openalex.org/A5019170764,2007,90.25,563.4,2.75,4.4,6.242659279778393,1.6,ICSE,,award,1.0
https://openalex.org/A5102785744,2007,5.0,97.0,2.0,1.0,19.4,0.5,IJCAI,,award,1.0
https://openalex.org/A5025202709,2007,612.5,62.25,3.0,1.75,0.1016326530612244,0.5833333333333334,KDD,,award,1.0
https://openalex.org/A5031711886,2007,4.0,225.0,1.0,3.0,56.25,3.0,PLDI,,award,1.0
https://openalex.org/A5018151279,2007,142.0,118.2,3.0,2.6,0.8323943661971831,0.8666666666666667,PLDI,,award,1.0
https://openalex.org/A5043706888,2007,934.75,161.0,3.25,3.2,0.1722385664616207,0.9846153846153848,SIGIR,,award,1.0
https://openalex.org/A5103467344,2007,29.5,31.33333333333333,1.0,1.0,1.0621468926553672,1.0,SIGMOD,,award,1.0
https://openalex.org/A5022320149,2007,54.0,81.0,1.6666666666666667,1.0,1.5,0.6,SIGMOD,,award,1.0
https://openalex.org/A5066623526,2007,65.0,97.5,1.25,2.25,1.5,1.8,SOSP,,award,1.0
https://openalex.org/A5046383149,2007,172.0,168.4,3.25,4.8,0.9790697674418604,1.4769230769230768,SOSP,,award,1.0
https://openalex.org/A5020572630,2007,42.0,112.0,2.0,1.5,2.6666666666666665,0.75,SOSP,,award,1.0
https://openalex.org/A5046685409,2007,75.2,613.4,3.6,5.8,8.15691489361702,1.611111111111111,STOC,,award,1.0
https://openalex.org/A5076861145,2007,754.0,265.25,1.0,3.0,0.3517904509283819,3.0,UIST,,award,1.0
https://openalex.org/A5049333271,2007,941.4,1334.0,2.0,5.0,1.4170384533673253,2.5,VLDB,,award,1.0
https://openalex.org/A5027983493,2006,361.5,1254.0,1.5,1.5,3.4688796680497926,1.0,ACL,,award,1.0
https://openalex.org/A5067442653,2006,117.0,99.0,1.0,2.0,0.8461538461538461,2.0,CHI,,award,1.0
https://openalex.org/A5021697915,2006,58.0,46.66666666666666,4.0,4.0,0.8045977011494252,1.0,CIKM,,award,1.0
https://openalex.org/A5009682734,2006,858.5,1522.6,3.5,9.0,1.7735585323238203,2.571428571428572,CVPR,,award,1.0
https://openalex.org/A5036361185,2006,58.0,60.4,4.0,2.4,1.0413793103448277,0.6,ICML,,award,1.0
https://openalex.org/A5101744869,2006,5.75,18.5,1.75,3.25,3.217391304347826,1.8571428571428568,ICSE,,award,1.0
https://openalex.org/A5038565477,2006,193.4,321.0,3.2,1.6666666666666667,1.6597724922440538,0.5208333333333334,ICSE,,award,1.0
https://openalex.org/A5033307955,2006,248.0,98.0,1.0,1.0,0.3951612903225806,1.0,ICSE,,award,1.0
https://openalex.org/A5031385754,2006,206.33333333333331,353.6,2.6666666666666665,3.2,1.7137318255250404,1.2000000000000002,OSDI,,award,1.0
https://openalex.org/A5053342250,2006,102.0,281.8,3.25,6.6,2.762745098039216,2.0307692307692307,SIGMETRICS,,award,1.0
https://openalex.org/A5110176750,2006,3.0,36.333333333333336,2.0,4.333333333333333,12.111111111111112,2.1666666666666665,VLDB,,award,1.0
https://openalex.org/A5037160778,2005,486.6666666666667,405.0,3.0,5.6,0.8321917808219178,1.8666666666666665,CHI,,award,1.0
https://openalex.org/A5103008611,2005,341.5,408.5,2.5,1.0,1.1961932650073206,0.4,CHI,,award,1.0
https://openalex.org/A5002696075,2005,59.0,167.5,2.0,4.5,2.8389830508474576,2.25,CIKM,,award,1.0
https://openalex.org/A5006066917,2005,17.0,155.2,1.0,2.0,9.129411764705882,2.0,FOCS,,award,1.0
https://openalex.org/A5046598816,2005,240.0,255.5,4.25,1.5,1.0645833333333334,0.3529411764705882,FSE,,award,1.0
https://openalex.org/A5016315666,2005,101.25,76.0,2.5,5.5,0.7506172839506173,2.2,ICSE,,award,1.0
https://openalex.org/A5007057846,2005,360.0,482.2,4.8,8.8,1.3394444444444444,1.8333333333333333,ICSE,,award,1.0
https://openalex.org/A5103412814,2005,8.0,214.2,1.75,2.8,26.775,1.6,ICSE,,award,1.0
https://openalex.org/A5064241063,2005,923.3333333333334,145.0,4.0,1.5,0.1570397111913357,0.375,PLDI,,award,1.0
https://openalex.org/A5001159571,2005,47.5,140.2,4.5,4.6,2.9515789473684206,1.022222222222222,PLDI,,award,1.0
https://openalex.org/A5007519378,2005,4.5,16.0,1.5,1.6666666666666667,3.555555555555556,1.1111111111111112,PODS,,award,1.0
https://openalex.org/A5043552468,2005,25.666666666666668,143.8,1.3333333333333333,3.4,5.602597402597403,2.5500000000000003,VLDB,,award,1.0
https://openalex.org/A5088242464,2005,253.0,127.5,2.0,1.5,0.5039525691699605,0.75,WWW,,award,1.0
https://openalex.org/A5016270907,2004,136.0,167.0,2.0,4.0,1.2279411764705883,2.0,ACL,,award,1.0
https://openalex.org/A5075130969,2004,274.0,146.25,2.0,5.5,0.5337591240875912,2.75,CIKM,,award,1.0
https://openalex.org/A5024843495,2004,29.0,102.0,1.0,3.0,3.5172413793103448,3.0,CVPR,,award,1.0
https://openalex.org/A5067917669,2004,409.0,706.8,6.25,10.8,1.7281173594132029,1.7280000000000002,FOCS,,award,1.0
https://openalex.org/A5005318859,2004,172.33333333333334,105.5,3.0,1.5,0.6121856866537717,0.5,FSE,,award,1.0
https://openalex.org/A5100388576,2004,26.0,415.4,1.5,6.8,15.976923076923075,4.533333333333333,ICSE,,award,1.0
https://openalex.org/A5019272809,2004,28.0,216.2,2.5,5.4,7.721428571428571,2.16,ICSE,,award,1.0
https://openalex.org/A5036568062,2004,81.66666666666667,124.33333333333331,2.0,1.6666666666666667,1.5224489795918366,0.8333333333333334,ICSE,,award,1.0
https://openalex.org/A5112572279,2004,312.6666666666667,507.2,1.0,4.6,1.6221748400852878,4.6,KDD,,award,1.0
https://openalex.org/A5006085341,2004,1.5,79.5,1.5,2.0,53.0,1.3333333333333333,OSDI,,award,1.0
https://openalex.org/A5056288677,2004,374.5,976.6666666666666,1.0,1.6666666666666667,2.607921673342234,1.6666666666666667,OSDI,,award,1.0
https://openalex.org/A5101716412,2004,6.0,212.6,4.0,6.6,35.43333333333333,1.65,SIGIR,,award,1.0
https://openalex.org/A5020404511,2004,556.0,204.6,5.8,7.4,0.3679856115107913,1.2758620689655171,SIGMETRICS,,award,1.0
https://openalex.org/A5083735800,2004,158.0,425.4,2.5,7.0,2.692405063291139,2.8,UIST,,award,1.0
https://openalex.org/A5082188602,2004,136.0,115.2,5.0,6.2,0.8470588235294118,1.24,WWW,,award,1.0
https://openalex.org/A5110904945,2004,52.66666666666666,465.25,1.3333333333333333,10.0,8.833860759493671,7.5,WWW,,award,1.0
https://openalex.org/A5069830330,2003,67.0,65.0,2.0,2.0,0.9701492537313432,1.0,ACL,,award,1.0
https://openalex.org/A5025420692,2003,13.0,42.75,1.0,1.75,3.2884615384615383,1.75,FOCS,,award,1.0
https://openalex.org/A5078041729,2003,2.0,350.8,2.0,3.2,175.4,1.6,FSE,,award,1.0
https://openalex.org/A5084185098,2003,19.0,108.4,2.0,2.2,5.705263157894737,1.1,FSE,,award,1.0
https://openalex.org/A5001760915,2003,244.33333333333331,713.0,3.333333333333333,7.6,2.918144611186903,2.28,ICCV,,award,1.0
https://openalex.org/A5003047938,2003,15.0,1089.0,1.0,1.0,72.6,1.0,ICCV,,award,1.0
https://openalex.org/A5026996875,2003,219.33333333333331,134.8,4.0,7.0,0.6145896656534955,1.75,ICSE,,award,1.0
https://openalex.org/A5026932942,2003,159.5,297.0,4.0,5.6,1.862068965517241,1.4,ICSE,,award,1.0
https://openalex.org/A5069421748,2003,125.2,86.0,2.0,3.5,0.6869009584664536,1.75,IJCAI,,award,1.0
https://openalex.org/A5064274071,2003,251.0,1308.0,2.0,7.4,5.211155378486056,3.7,KDD,,award,1.0
https://openalex.org/A5102725147,2003,178.66666666666666,465.8,2.333333333333333,7.2,2.607089552238806,3.0857142857142854,SOSP,,award,1.0
https://openalex.org/A5112039412,2003,511.0,793.3333333333334,2.0,4.666666666666667,1.5525114155251143,2.333333333333333,SOSP,,award,1.0
https://openalex.org/A5087418634,2003,1982.0,24.0,2.0,1.0,0.012108980827447,0.5,WWW,,award,1.0
https://openalex.org/A5046457818,2002,946.5,2900.4,4.75,5.2,3.064342313787639,1.0947368421052632,ACL,,award,1.0
https://openalex.org/A5014101817,2002,28.0,61.0,1.0,2.0,2.1785714285714284,2.0,KDD,,award,1.0
https://openalex.org/A5100388094,2002,116.0,82.0,1.0,3.0,0.7068965517241379,3.0,SIGIR,,award,1.0
https://openalex.org/A5027569258,2001,15.333333333333334,99.0,2.0,2.5,6.456521739130435,1.25,ACL,,award,1.0
https://openalex.org/A5053233618,2001,32.0,52.0,1.0,1.0,1.625,1.0,ACL,,award,1.0
https://openalex.org/A5012032862,2001,717.4,3.0,2.2,1.0,0.0041817674937273,0.4545454545454545,KDD,,award,1.0
https://openalex.org/A5015424594,2001,197.0,318.3333333333333,2.6666666666666665,1.0,1.6159052453468696,0.375,PODS,,award,1.0
https://openalex.org/A5068395748,2001,24.0,,1.0,,,,SIGIR,,award,1.0
https://openalex.org/A5078245746,2001,594.25,3633.0,2.5,19.2,6.113588557004627,7.68,SIGMOD,,award,1.0
https://openalex.org/A5041830534,2001,145.5,456.6,3.5,6.6,3.138144329896907,1.8857142857142857,SOSP,,award,1.0
https://openalex.org/A5111998286,2001,22.0,221.75,3.0,2.75,10.079545454545457,0.9166666666666666,SOSP,,award,1.0
https://openalex.org/A5059491225,2001,972.5,2226.4,3.75,10.4,2.2893573264781493,2.773333333333333,SOSP,,award,1.0
https://openalex.org/A5102195798,2001,167.0,133.5,2.0,2.25,0.7994011976047904,1.125,WWW,,award,1.0
https://openalex.org/A5047278339,2000,15.5,62.2,1.0,2.6,4.012903225806451,2.6,AAAI,,award,1.0
https://openalex.org/A5012751147,2000,423.0,4475.2,2.333333333333333,13.0,10.57966903073286,5.571428571428571,CVPR,,award,1.0
https://openalex.org/A5017036718,2000,9.0,415.5,1.0,3.25,46.16666666666666,3.25,INFOCOM,,award,1.0
https://openalex.org/A5015797494,2000,6.333333333333333,295.0,1.3333333333333333,2.0,46.578947368421055,1.5,INFOCOM,,award,1.0
https://openalex.org/A5108791099,2000,20.0,880.6666666666666,1.0,6.0,44.03333333333333,6.0,OSDI,,award,1.0
https://openalex.org/A5086854307,2000,77.5,1254.75,1.5,2.75,16.190322580645162,1.8333333333333333,SIGIR,,award,1.0
https://openalex.org/A5057889288,2000,15.5,9.0,1.5,1.0,0.5806451612903226,0.6666666666666666,SIGMOD,,award,1.0
https://openalex.org/A5026521600,2018,3.75,32.8,1.75,3.6,8.746666666666666,2.0571428571428574,AAAI,,award,0.0
https://openalex.org/A5111222692,2018,4392.2,266.6,37.4,11.0,0.060698510996767,0.2941176470588235,ACL,,award,0.0
https://openalex.org/A5010677076,2018,63.0,25.8,7.4,4.0,0.4095238095238095,0.5405405405405405,CHI,,award,0.0
https://openalex.org/A5001484153,2018,42.0,30.75,2.6666666666666665,4.25,0.7321428571428571,1.59375,CHI,,award,0.0
https://openalex.org/A5111222692,2018,4392.2,266.6,37.4,11.0,0.060698510996767,0.2941176470588235,CHI,,award,0.0
https://openalex.org/A5111222692,2018,4392.2,266.6,37.4,11.0,0.060698510996767,0.2941176470588235,CHI,,award,0.0
https://openalex.org/A5039799789,2018,110.0,113.0,3.4,7.0,1.0272727272727271,2.058823529411765,CHI,,award,0.0
https://openalex.org/A5001484153,2018,42.0,30.75,2.6666666666666665,4.25,0.7321428571428571,1.59375,CHI,,award,0.0
https://openalex.org/A5111222692,2018,4392.2,266.6,37.4,11.0,0.060698510996767,0.2941176470588235,CHI,,award,0.0
https://openalex.org/A5001484153,2018,42.0,30.75,2.6666666666666665,4.25,0.7321428571428571,1.59375,CHI,,award,0.0
https://openalex.org/A5012652561,2018,57.0,733.296,1.0,7.128,12.86484210526316,7.128,CHI,,award,0.0
https://openalex.org/A5109995935,2018,3.5,0.96,1.0,2.28,0.2742857142857143,2.28,CHI,,award,0.0
https://openalex.org/A5029738364,2018,42.30952380952381,29.416666666666668,2.5,4.011904761904762,0.6952729319077097,1.6047619047619048,CHI,,award,0.0
https://openalex.org/A5020160332,2018,611.2933333333333,512.5733333333334,13.293333333333331,18.106666666666666,0.8385063362924511,1.362086258776329,CHI,,award,0.0
https://openalex.org/A5012652561,2018,57.0,733.296,1.0,7.128,12.86484210526316,7.128,CHI,,award,0.0
https://openalex.org/A5109995935,2018,3.5,0.96,1.0,2.28,0.2742857142857143,2.28,CHI,,award,0.0
https://openalex.org/A5029738364,2018,42.30952380952381,29.416666666666668,2.5,4.011904761904762,0.6952729319077097,1.6047619047619048,CHI,,award,0.0
https://openalex.org/A5020160332,2018,611.2933333333333,512.5733333333334,13.293333333333331,18.106666666666666,0.8385063362924511,1.362086258776329,FOCS,,award,0.0
https://openalex.org/A5032452724,2018,86.15,199.1,3.575,7.775,2.3110853163087635,2.174825174825175,FOCS,,award,0.0
https://openalex.org/A5012652561,2018,57.0,733.296,1.0,7.128,12.86484210526316,7.128,FOCS,,award,0.0
https://openalex.org/A5109995935,2018,3.5,0.96,1.0,2.28,0.2742857142857143,2.28,FSE,,award,0.0
https://openalex.org/A5029738364,2018,42.30952380952381,29.416666666666668,2.5,4.011904761904762,0.6952729319077097,1.6047619047619048,FSE,,award,0.0
https://openalex.org/A5020160332,2018,611.2933333333333,512.5733333333334,13.293333333333331,18.106666666666666,0.8385063362924511,1.362086258776329,ICML,,award,0.0
https://openalex.org/A5032452724,2018,86.15,199.1,3.575,7.775,2.3110853163087635,2.174825174825175,ICML,,award,0.0
https://openalex.org/A5012652561,2018,57.0,733.296,1.0,7.128,12.86484210526316,7.128,ICSE,,award,0.0
https://openalex.org/A5109995935,2018,3.5,0.96,1.0,2.28,0.2742857142857143,2.28,ICSE,,award,0.0
https://openalex.org/A5012652561,2018,57.0,733.296,1.0,7.128,12.86484210526316,7.128,ICSE,,award,0.0
https://openalex.org/A5109995935,2018,3.5,0.96,1.0,2.28,0.2742857142857143,2.28,ICSE,,award,0.0
https://openalex.org/A5029738364,2018,42.30952380952381,29.416666666666668,2.5,4.011904761904762,0.6952729319077097,1.6047619047619048,ICSE,,award,0.0
https://openalex.org/A5020160332,2018,611.2933333333333,512.5733333333334,13.293333333333331,18.106666666666666,0.8385063362924511,1.362086258776329,ICSE,,award,0.0
https://openalex.org/A5032452724,2018,86.15,199.1,3.575,7.775,2.3110853163087635,2.174825174825175,ICSE,,award,0.0
https://openalex.org/A5012652561,2018,57.0,733.296,1.0,7.128,12.86484210526316,7.128,IJCAI,,award,0.0
https://openalex.org/A5109995935,2018,3.5,0.96,1.0,2.28,0.2742857142857143,2.28,IJCAI,,award,0.0
https://openalex.org/A5029738364,2018,42.30952380952381,29.416666666666668,2.5,4.011904761904762,0.6952729319077097,1.6047619047619048,IJCAI,,award,0.0
https://openalex.org/A5012652561,2018,57.0,733.296,1.0,7.128,12.86484210526316,7.128,IJCAI,,award,0.0
https://openalex.org/A5109995935,2018,3.5,0.96,1.0,2.28,0.2742857142857143,2.28,INFOCOM,,award,0.0
https://openalex.org/A5029738364,2018,42.30952380952381,29.416666666666668,2.5,4.011904761904762,0.6952729319077097,1.6047619047619048,INFOCOM,,award,0.0
https://openalex.org/A5020160332,2018,611.2933333333333,512.5733333333334,13.293333333333331,18.106666666666666,0.8385063362924511,1.362086258776329,INFOCOM,,award,0.0
https://openalex.org/A5032452724,2018,86.15,199.1,3.575,7.775,2.3110853163087635,2.174825174825175,INFOCOM,,award,0.0
https://openalex.org/A5012652561,2018,57.0,733.296,1.0,7.128,12.86484210526316,7.128,KDD,,award,0.0
https://openalex.org/A5109995935,2018,3.5,0.96,1.0,2.28,0.2742857142857143,2.28,KDD,,award,0.0
https://openalex.org/A5029738364,2018,42.30952380952381,29.416666666666668,2.5,4.011904761904762,0.6952729319077097,1.6047619047619048,MOBICOM,,award,0.0
https://openalex.org/A5020160332,2018,611.2933333333333,512.5733333333334,13.293333333333331,18.106666666666666,0.8385063362924511,1.362086258776329,NeurIPS,,award,0.0
https://openalex.org/A5032452724,2018,86.15,199.1,3.575,7.775,2.3110853163087635,2.174825174825175,NeurIPS,,award,0.0
https://openalex.org/A5012652561,2018,57.0,733.296,1.0,7.128,12.86484210526316,7.128,NeurIPS,,award,0.0
https://openalex.org/A5109995935,2018,3.5,0.96,1.0,2.28,0.2742857142857143,2.28,NeurIPS,,award,0.0
https://openalex.org/A5029738364,2018,42.30952380952381,29.416666666666668,2.5,4.011904761904762,0.6952729319077097,1.6047619047619048,NSDI,,award,0.0
https://openalex.org/A5012652561,2018,57.0,733.296,1.0,7.128,12.86484210526316,7.128,OSDI,,award,0.0
https://openalex.org/A5109995935,2018,3.5,0.96,1.0,2.28,0.2742857142857143,2.28,OSDI,,award,0.0
https://openalex.org/A5012652561,2018,57.0,733.296,1.0,7.128,12.86484210526316,7.128,OSDI,,award,0.0
https://openalex.org/A5109995935,2018,3.5,0.96,1.0,2.28,0.2742857142857143,2.28,OSDI,,award,0.0
https://openalex.org/A5029738364,2018,42.30952380952381,29.416666666666668,2.5,4.011904761904762,0.6952729319077097,1.6047619047619048,S&P,,award,0.0
https://openalex.org/A5020160332,2018,611.2933333333333,512.5733333333334,13.293333333333331,18.106666666666666,0.8385063362924511,1.362086258776329,SIGIR,,award,0.0
https://openalex.org/A5012652561,2018,57.0,733.296,1.0,7.128,12.86484210526316,7.128,SIGMOD,,award,0.0
https://openalex.org/A5109995935,2018,3.5,0.96,1.0,2.28,0.2742857142857143,2.28,SODA,,award,0.0
https://openalex.org/A5029738364,2018,42.30952380952381,29.416666666666668,2.5,4.011904761904762,0.6952729319077097,1.6047619047619048,UIST,,award,0.0
https://openalex.org/A5012652561,2018,57.0,733.296,1.0,7.128,12.86484210526316,7.128,UIST,,award,0.0
https://openalex.org/A5109995935,2018,3.5,0.96,1.0,2.28,0.2742857142857143,2.28,UIST,,award,0.0
https://openalex.org/A5029738364,2018,42.30952380952381,29.416666666666668,2.5,4.011904761904762,0.6952729319077097,1.6047619047619048,UIST,,award,0.0
https://openalex.org/A5012652561,2017,57.0,733.296,1.0,7.128,12.86484210526316,7.128,ACL,,award,0.0
https://openalex.org/A5109995935,2017,3.5,0.96,1.0,2.28,0.2742857142857143,2.28,CHI,,award,0.0
https://openalex.org/A5012652561,2017,57.0,733.296,1.0,7.128,12.86484210526316,7.128,CHI,,award,0.0
https://openalex.org/A5109995935,2017,3.5,0.96,1.0,2.28,0.2742857142857143,2.28,CHI,,award,0.0
https://openalex.org/A5029738364,2017,42.30952380952381,29.416666666666668,2.5,4.011904761904762,0.6952729319077097,1.6047619047619048,CHI,,award,0.0
https://openalex.org/A5020160332,2017,611.2933333333333,512.5733333333334,13.293333333333331,18.106666666666666,0.8385063362924511,1.362086258776329,CHI,,award,0.0
https://openalex.org/A5032452724,2017,86.15,199.1,3.575,7.775,2.3110853163087635,2.174825174825175,CHI,,award,0.0
https://openalex.org/A5012652561,2017,57.0,733.296,1.0,7.128,12.86484210526316,7.128,CHI,,award,0.0
https://openalex.org/A5109995935,2017,3.5,0.96,1.0,2.28,0.2742857142857143,2.28,CHI,,award,0.0
https://openalex.org/A5029738364,2017,42.30952380952381,29.416666666666668,2.5,4.011904761904762,0.6952729319077097,1.6047619047619048,CHI,,award,0.0
https://openalex.org/A5020160332,2017,611.2933333333333,512.5733333333334,13.293333333333331,18.106666666666666,0.8385063362924511,1.362086258776329,CHI,,award,0.0
https://openalex.org/A5032452724,2017,86.15,199.1,3.575,7.775,2.3110853163087635,2.174825174825175,CHI,,award,0.0
https://openalex.org/A5012652561,2017,57.0,733.296,1.0,7.128,12.86484210526316,7.128,CHI,,award,0.0
https://openalex.org/A5109995935,2017,3.5,0.96,1.0,2.28,0.2742857142857143,2.28,CHI,,award,0.0
https://openalex.org/A5029738364,2017,42.30952380952381,29.416666666666668,2.5,4.011904761904762,0.6952729319077097,1.6047619047619048,CHI,,award,0.0
https://openalex.org/A5020160332,2017,611.2933333333333,512.5733333333334,13.293333333333331,18.106666666666666,0.8385063362924511,1.362086258776329,CHI,,award,0.0
https://openalex.org/A5012652561,2017,57.0,733.296,1.0,7.128,12.86484210526316,7.128,CHI,,award,0.0
https://openalex.org/A5109995935,2017,3.5,0.96,1.0,2.28,0.2742857142857143,2.28,CHI,,award,0.0
https://openalex.org/A5012652561,2017,57.0,733.296,1.0,7.128,12.86484210526316,7.128,CHI,,award,0.0
https://openalex.org/A5109995935,2017,3.5,0.96,1.0,2.28,0.2742857142857143,2.28,CHI,,award,0.0
https://openalex.org/A5029738364,2017,42.30952380952381,29.416666666666668,2.5,4.011904761904762,0.6952729319077097,1.6047619047619048,CIKM,,award,0.0
https://openalex.org/A5020160332,2017,611.2933333333333,512.5733333333334,13.293333333333331,18.106666666666666,0.8385063362924511,1.362086258776329,CVPR,,award,0.0
https://openalex.org/A5032452724,2017,86.15,199.1,3.575,7.775,2.3110853163087635,2.174825174825175,FSE,,award,0.0
https://openalex.org/A5012652561,2017,57.0,733.296,1.0,7.128,12.86484210526316,7.128,FSE,,award,0.0
https://openalex.org/A5109995935,2017,3.5,0.96,1.0,2.28,0.2742857142857143,2.28,FSE,,award,0.0
https://openalex.org/A5029738364,2017,42.30952380952381,29.416666666666668,2.5,4.011904761904762,0.6952729319077097,1.6047619047619048,FSE,,award,0.0
https://openalex.org/A5020160332,2017,611.2933333333333,512.5733333333334,13.293333333333331,18.106666666666666,0.8385063362924511,1.362086258776329,FSE,,award,0.0
https://openalex.org/A5012652561,2017,57.0,733.296,1.0,7.128,12.86484210526316,7.128,FSE,,award,0.0
https://openalex.org/A5109995935,2017,3.5,0.96,1.0,2.28,0.2742857142857143,2.28,FSE,,award,0.0
https://openalex.org/A5029738364,2017,42.30952380952381,29.416666666666668,2.5,4.011904761904762,0.6952729319077097,1.6047619047619048,ICCV,,award,0.0
https://openalex.org/A5020160332,2017,611.2933333333333,512.5733333333334,13.293333333333331,18.106666666666666,0.8385063362924511,1.362086258776329,ICSE,,award,0.0
https://openalex.org/A5012652561,2017,57.0,733.296,1.0,7.128,12.86484210526316,7.128,ICSE,,award,0.0
https://openalex.org/A5109995935,2017,3.5,0.96,1.0,2.28,0.2742857142857143,2.28,ICSE,,award,0.0
https://openalex.org/A5029738364,2017,42.30952380952381,29.416666666666668,2.5,4.011904761904762,0.6952729319077097,1.6047619047619048,ICSE,,award,0.0
https://openalex.org/A5012652561,2017,57.0,733.296,1.0,7.128,12.86484210526316,7.128,ICSE,,award,0.0
https://openalex.org/A5109995935,2017,3.5,0.96,1.0,2.28,0.2742857142857143,2.28,INFOCOM,,award,0.0
https://openalex.org/A5029738364,2017,42.30952380952381,29.416666666666668,2.5,4.011904761904762,0.6952729319077097,1.6047619047619048,NeurIPS,,award,0.0
https://openalex.org/A5020160332,2017,611.2933333333333,512.5733333333334,13.293333333333331,18.106666666666666,0.8385063362924511,1.362086258776329,PLDI,,award,0.0
https://openalex.org/A5012652561,2017,57.0,733.296,1.0,7.128,12.86484210526316,7.128,PLDI,,award,0.0
https://openalex.org/A5109995935,2017,3.5,0.96,1.0,2.28,0.2742857142857143,2.28,PLDI,,award,0.0
https://openalex.org/A5029738364,2017,42.30952380952381,29.416666666666668,2.5,4.011904761904762,0.6952729319077097,1.6047619047619048,PLDI,,award,0.0
https://openalex.org/A5012652561,2017,57.0,733.296,1.0,7.128,12.86484210526316,7.128,PLDI,,award,0.0
https://openalex.org/A5109995935,2017,3.5,0.96,1.0,2.28,0.2742857142857143,2.28,PLDI,,award,0.0
https://openalex.org/A5029738364,2017,42.30952380952381,29.416666666666668,2.5,4.011904761904762,0.6952729319077097,1.6047619047619048,S&P,,award,0.0
https://openalex.org/A5020160332,2017,611.2933333333333,512.5733333333334,13.293333333333331,18.106666666666666,0.8385063362924511,1.362086258776329,SIGCOMM,,award,0.0
https://openalex.org/A5100648252,2017,10.0,14.0,1.6666666666666667,3.0,1.4,1.7999999999999998,SIGCOMM,,award,0.0
https://openalex.org/A5100668121,2017,383.6,1142.2,17.2,37.0,2.977580813347237,2.1511627906976747,SIGIR,,award,0.0
https://openalex.org/A5100760812,2017,507.0,1085.6,18.4,35.8,2.141222879684418,1.9456521739130437,SOSP,,award,0.0
https://openalex.org/A5111504451,2017,820.6,1793.2,26.6,43.6,2.1852303192785767,1.6390977443609025,SOSP,,award,0.0
https://openalex.org/A5023178110,2017,1682.8,513.8,5.4,7.2,0.305324459234609,1.3333333333333333,UIST,,award,0.0
https://openalex.org/A5007556540,2017,63.6,244.6,1.6,3.6,3.8459119496855343,2.25,UIST,,award,0.0
https://openalex.org/A5112905724,2017,4.0,62.4,2.0,2.0,15.6,1.0,VLDB,,award,0.0
https://openalex.org/A5065368881,2016,2261.4,6169.6,20.4,41.8,2.728221455735385,2.049019607843137,AAAI,,award,0.0
https://openalex.org/A5001594573,2016,10776.6,3312.6,20.2,29.4,0.3073882300540059,1.4554455445544554,ACL,,award,0.0
https://openalex.org/A5103266587,2016,127.14285714285714,23.55555555555556,2.142857142857143,3.0,0.1852684144818976,1.4,CHI,,award,0.0
https://openalex.org/A5103266587,2016,127.14285714285714,23.55555555555556,2.142857142857143,3.0,0.1852684144818976,1.4,CHI,,award,0.0
https://openalex.org/A5007318528,2016,50.25,22.4,3.5,2.6,0.4457711442786069,0.7428571428571429,CHI,,award,0.0
https://openalex.org/A5007318528,2016,50.25,22.4,3.5,2.6,0.4457711442786069,0.7428571428571429,CHI,,award,0.0
https://openalex.org/A5103266587,2016,127.14285714285714,23.55555555555556,2.142857142857143,3.0,0.1852684144818976,1.4,CHI,,award,0.0
https://openalex.org/A5007318528,2016,50.25,22.4,3.5,2.6,0.4457711442786069,0.7428571428571429,CHI,,award,0.0
https://openalex.org/A5007318528,2016,50.25,22.4,3.5,2.6,0.4457711442786069,0.7428571428571429,CHI,,award,0.0
https://openalex.org/A5007318528,2016,50.25,22.4,3.5,2.6,0.4457711442786069,0.7428571428571429,CHI,,award,0.0
https://openalex.org/A5001594573,2016,10776.6,3312.6,20.2,29.4,0.3073882300540059,1.4554455445544554,CHI,,award,0.0
https://openalex.org/A5013948143,2016,0.5,96.2,1.5,7.4,192.4,4.933333333333334,CHI,,award,0.0
https://openalex.org/A5017792083,2016,10.0,93.25,1.0,5.0,9.325,5.0,CHI,,award,0.0
https://openalex.org/A5039701716,2016,37.0,90.6,1.75,7.6,2.4486486486486485,4.342857142857143,CHI,,award,0.0
https://openalex.org/A5065310265,2016,124.2,112.4,7.8,8.4,0.9049919484702094,1.076923076923077,CHI,,award,0.0
https://openalex.org/A5013948143,2016,0.5,96.2,1.5,7.4,192.4,4.933333333333334,CHI,,award,0.0
https://openalex.org/A5017792083,2016,10.0,93.25,1.0,5.0,9.325,5.0,CHI,,award,0.0
https://openalex.org/A5039701716,2016,37.0,90.6,1.75,7.6,2.4486486486486485,4.342857142857143,CHI,,award,0.0
https://openalex.org/A5013948143,2016,0.5,96.2,1.5,7.4,192.4,4.933333333333334,CHI,,award,0.0
https://openalex.org/A5017792083,2016,10.0,93.25,1.0,5.0,9.325,5.0,CIKM,,award,0.0
https://openalex.org/A5039701716,2016,37.0,90.6,1.75,7.6,2.4486486486486485,4.342857142857143,FSE,,award,0.0
https://openalex.org/A5013948143,2016,0.5,96.2,1.5,7.4,192.4,4.933333333333334,FSE,,award,0.0
https://openalex.org/A5017792083,2016,10.0,93.25,1.0,5.0,9.325,5.0,FSE,,award,0.0
https://openalex.org/A5039701716,2016,37.0,90.6,1.75,7.6,2.4486486486486485,4.342857142857143,FSE,,award,0.0
https://openalex.org/A5013948143,2016,0.5,96.2,1.5,7.4,192.4,4.933333333333334,FSE,,award,0.0
https://openalex.org/A5017792083,2016,10.0,93.25,1.0,5.0,9.325,5.0,ICML,,award,0.0
https://openalex.org/A5039701716,2016,37.0,90.6,1.75,7.6,2.4486486486486485,4.342857142857143,ICML,,award,0.0
https://openalex.org/A5065310265,2016,124.2,112.4,7.8,8.4,0.9049919484702094,1.076923076923077,ICSE,,award,0.0
https://openalex.org/A5100391567,2016,67.25,41.6,2.5,4.4,0.6185873605947956,1.7600000000000002,ICSE,,award,0.0
https://openalex.org/A5013948143,2016,0.5,96.2,1.5,7.4,192.4,4.933333333333334,ICSE,,award,0.0
https://openalex.org/A5017792083,2016,10.0,93.25,1.0,5.0,9.325,5.0,ICSE,,award,0.0
https://openalex.org/A5039701716,2016,37.0,90.6,1.75,7.6,2.4486486486486485,4.342857142857143,ICSE,,award,0.0
https://openalex.org/A5065310265,2016,124.2,112.4,7.8,8.4,0.9049919484702094,1.076923076923077,IJCAI,,award,0.0
https://openalex.org/A5100391567,2016,67.25,41.6,2.5,4.4,0.6185873605947956,1.7600000000000002,KDD,,award,0.0
https://openalex.org/A5079904764,2016,219.0,1160.571428571429,1.6666666666666667,5.857142857142857,5.299412915851272,3.514285714285714,NSDI,,award,0.0
https://openalex.org/A5034257647,2016,119.66666666666669,2539.2,1.6666666666666667,16.0,21.21894150417827,9.6,OSDI,,award,0.0
https://openalex.org/A5062174672,2016,1556.2,1019.4,18.6,17.6,0.6550571905924688,0.946236559139785,OSDI,,award,0.0
https://openalex.org/A5079904764,2016,219.0,1160.571428571429,1.6666666666666667,5.857142857142857,5.299412915851272,3.514285714285714,PLDI,,award,0.0
https://openalex.org/A5034257647,2016,119.66666666666669,2539.2,1.6666666666666667,16.0,21.21894150417827,9.6,PLDI,,award,0.0
https://openalex.org/A5062174672,2016,1556.2,1019.4,18.6,17.6,0.6550571905924688,0.946236559139785,PLDI,,award,0.0
https://openalex.org/A5039915143,2016,1086.8,921.0,8.4,9.4,0.847442031652558,1.119047619047619,PLDI,,award,0.0
https://openalex.org/A5039915143,2016,1086.8,921.0,8.4,9.4,0.847442031652558,1.119047619047619,PLDI,,award,0.0
https://openalex.org/A5100352782,2016,31.0625,226.375,2.34375,10.1,7.287726358148894,4.309333333333333,PLDI,,award,0.0
https://openalex.org/A5002119636,2016,154.37142857142857,291.0,11.657142857142857,17.65714285714286,1.8850638534147697,1.5147058823529411,PLDI,,award,0.0
https://openalex.org/A5024116315,2016,54.142857142857146,97.06666666666666,1.7142857142857142,4.933333333333334,1.7927880386983288,2.877777777777778,PODS,,award,0.0
https://openalex.org/A5027812149,2016,117.16,239.6,13.76,22.64,2.04506657562308,1.6453488372093024,SIGCOMM,,award,0.0
https://openalex.org/A5100355692,2016,1278.2,6487.8,99.6,216.9,5.075731497418245,2.177710843373494,STOC,,award,0.0
https://openalex.org/A5100352782,2016,31.0625,226.375,2.34375,10.1,7.287726358148894,4.309333333333333,STOC,,award,0.0
https://openalex.org/A5100352782,2016,31.0625,226.375,2.34375,10.1,7.287726358148894,4.309333333333333,UIST,,award,0.0
https://openalex.org/A5002119636,2016,154.37142857142857,291.0,11.657142857142857,17.65714285714286,1.8850638534147697,1.5147058823529411,UIST,,award,0.0
https://openalex.org/A5024116315,2016,54.142857142857146,97.06666666666666,1.7142857142857142,4.933333333333334,1.7927880386983288,2.877777777777778,UIST,,award,0.0
https://openalex.org/A5027812149,2016,117.16,239.6,13.76,22.64,2.04506657562308,1.6453488372093024,UIST,,award,0.0
https://openalex.org/A5100355692,2016,1278.2,6487.8,99.6,216.9,5.075731497418245,2.177710843373494,UIST,,award,0.0
https://openalex.org/A5100352782,2015,31.0625,226.375,2.34375,10.1,7.287726358148894,4.309333333333333,ACL,,award,0.0
https://openalex.org/A5002119636,2015,154.37142857142857,291.0,11.657142857142857,17.65714285714286,1.8850638534147697,1.5147058823529411,ACL,,award,0.0
https://openalex.org/A5100352782,2015,31.0625,226.375,2.34375,10.1,7.287726358148894,4.309333333333333,ACL,,award,0.0
https://openalex.org/A5002119636,2015,154.37142857142857,291.0,11.657142857142857,17.65714285714286,1.8850638534147697,1.5147058823529411,CHI,,award,0.0
https://openalex.org/A5024116315,2015,54.142857142857146,97.06666666666666,1.7142857142857142,4.933333333333334,1.7927880386983288,2.877777777777778,CHI,,award,0.0
https://openalex.org/A5027812149,2015,117.16,239.6,13.76,22.64,2.04506657562308,1.6453488372093024,CHI,,award,0.0
https://openalex.org/A5100352782,2015,31.0625,226.375,2.34375,10.1,7.287726358148894,4.309333333333333,CHI,,award,0.0
https://openalex.org/A5002119636,2015,154.37142857142857,291.0,11.657142857142857,17.65714285714286,1.8850638534147697,1.5147058823529411,CHI,,award,0.0
https://openalex.org/A5024116315,2015,54.142857142857146,97.06666666666666,1.7142857142857142,4.933333333333334,1.7927880386983288,2.877777777777778,CHI,,award,0.0
https://openalex.org/A5100352782,2015,31.0625,226.375,2.34375,10.1,7.287726358148894,4.309333333333333,CHI,,award,0.0
https://openalex.org/A5002119636,2015,154.37142857142857,291.0,11.657142857142857,17.65714285714286,1.8850638534147697,1.5147058823529411,CHI,,award,0.0
https://openalex.org/A5024116315,2015,54.142857142857146,97.06666666666666,1.7142857142857142,4.933333333333334,1.7927880386983288,2.877777777777778,CHI,,award,0.0
https://openalex.org/A5027812149,2015,117.16,239.6,13.76,22.64,2.04506657562308,1.6453488372093024,CHI,,award,0.0
https://openalex.org/A5100355692,2015,1278.2,6487.8,99.6,216.9,5.075731497418245,2.177710843373494,CHI,,award,0.0
https://openalex.org/A5100352782,2015,31.0625,226.375,2.34375,10.1,7.287726358148894,4.309333333333333,CHI,,award,0.0
https://openalex.org/A5002119636,2015,154.37142857142857,291.0,11.657142857142857,17.65714285714286,1.8850638534147697,1.5147058823529411,CHI,,award,0.0
https://openalex.org/A5024116315,2015,54.142857142857146,97.06666666666666,1.7142857142857142,4.933333333333334,1.7927880386983288,2.877777777777778,CHI,,award,0.0
https://openalex.org/A5027812149,2015,117.16,239.6,13.76,22.64,2.04506657562308,1.6453488372093024,CHI,,award,0.0
https://openalex.org/A5100355692,2015,1278.2,6487.8,99.6,216.9,5.075731497418245,2.177710843373494,CIKM,,award,0.0
https://openalex.org/A5101445828,2015,46.6,180.75,2.2,7.25,3.878755364806867,3.295454545454545,FSE,,award,0.0
https://openalex.org/A5029568096,2015,311.4,791.4,11.4,23.0,2.5414258188824665,2.017543859649123,FSE,,award,0.0
https://openalex.org/A5101445828,2015,46.6,180.75,2.2,7.25,3.878755364806867,3.295454545454545,FSE,,award,0.0
https://openalex.org/A5029568096,2015,311.4,791.4,11.4,23.0,2.5414258188824665,2.017543859649123,FSE,,award,0.0
https://openalex.org/A5001529504,2015,500.4,2262.8,8.4,36.4,4.521982414068746,4.333333333333333,FSE,,award,0.0
https://openalex.org/A5101445828,2015,46.6,180.75,2.2,7.25,3.878755364806867,3.295454545454545,FSE,,award,0.0
https://openalex.org/A5029568096,2015,311.4,791.4,11.4,23.0,2.5414258188824665,2.017543859649123,FSE,,award,0.0
https://openalex.org/A5001529504,2015,500.4,2262.8,8.4,36.4,4.521982414068746,4.333333333333333,ICSE,,award,0.0
https://openalex.org/A5100730687,2015,3.0,65.33333333333333,1.0,5.333333333333333,21.77777777777777,5.333333333333333,ICSE,,award,0.0
https://openalex.org/A5102861619,2015,24.33333333333333,304.8,3.333333333333333,6.4,12.526027397260275,1.92,IJCAI,,award,0.0
https://openalex.org/A5101445828,2015,46.6,180.75,2.2,7.25,3.878755364806867,3.295454545454545,IJCAI,,award,0.0
https://openalex.org/A5029568096,2015,311.4,791.4,11.4,23.0,2.5414258188824665,2.017543859649123,INFOCOM,,award,0.0
https://openalex.org/A5001529504,2015,500.4,2262.8,8.4,36.4,4.521982414068746,4.333333333333333,MOBICOM,,award,0.0
https://openalex.org/A5101445828,2015,46.6,180.75,2.2,7.25,3.878755364806867,3.295454545454545,NeurIPS,,award,0.0
https://openalex.org/A5029568096,2015,311.4,791.4,11.4,23.0,2.5414258188824665,2.017543859649123,PLDI,,award,0.0
https://openalex.org/A5001529504,2015,500.4,2262.8,8.4,36.4,4.521982414068746,4.333333333333333,PLDI,,award,0.0
https://openalex.org/A5101445828,2015,46.6,180.75,2.2,7.25,3.878755364806867,3.295454545454545,PODS,,award,0.0
https://openalex.org/A5029568096,2015,311.4,791.4,11.4,23.0,2.5414258188824665,2.017543859649123,PODS,,award,0.0
https://openalex.org/A5001529504,2015,500.4,2262.8,8.4,36.4,4.521982414068746,4.333333333333333,PODS,,award,0.0
https://openalex.org/A5100730687,2015,3.0,65.33333333333333,1.0,5.333333333333333,21.77777777777777,5.333333333333333,S&P,,award,0.0
https://openalex.org/A5102861619,2015,24.33333333333333,304.8,3.333333333333333,6.4,12.526027397260275,1.92,SIGCOMM,,award,0.0
https://openalex.org/A5101445828,2015,46.6,180.75,2.2,7.25,3.878755364806867,3.295454545454545,SIGMETRICS,,award,0.0
https://openalex.org/A5029568096,2015,311.4,791.4,11.4,23.0,2.5414258188824665,2.017543859649123,SIGMOD,,award,0.0
https://openalex.org/A5001529504,2015,500.4,2262.8,8.4,36.4,4.521982414068746,4.333333333333333,SOSP,,award,0.0
https://openalex.org/A5100730687,2015,3.0,65.33333333333333,1.0,5.333333333333333,21.77777777777777,5.333333333333333,SOSP,,award,0.0
https://openalex.org/A5100443178,2015,60.66666666666666,1215.4,6.666666666666667,17.066666666666666,20.034065934065936,2.56,SOSP,,award,0.0
https://openalex.org/A5100673750,2015,73.28571428571429,99.46666666666668,2.0,2.333333333333333,1.357244964262508,1.1666666666666667,STOC,,award,0.0
https://openalex.org/A5085088065,2015,157.41666666666666,22.0,3.6666666666666665,2.75,0.1397564849126522,0.75,STOC,,award,0.0
https://openalex.org/A5048431501,2015,62.4,122.9,4.7,9.0,1.9695512820512824,1.9148936170212765,UIST,,award,0.0
https://openalex.org/A5100634702,2015,22.0,569.0,4.0,8.0,25.863636363636363,2.0,UIST,,award,0.0
https://openalex.org/A5100443178,2015,60.66666666666666,1215.4,6.666666666666667,17.066666666666666,20.034065934065936,2.56,UIST,,award,0.0
https://openalex.org/A5100673750,2015,73.28571428571429,99.46666666666668,2.0,2.333333333333333,1.357244964262508,1.1666666666666667,UIST,,award,0.0
https://openalex.org/A5085088065,2015,157.41666666666666,22.0,3.6666666666666665,2.75,0.1397564849126522,0.75,UIST,,award,0.0
https://openalex.org/A5048431501,2014,62.4,122.9,4.7,9.0,1.9695512820512824,1.9148936170212765,CHI,,award,0.0
https://openalex.org/A5100634702,2014,22.0,569.0,4.0,8.0,25.863636363636363,2.0,CHI,,award,0.0
https://openalex.org/A5100443178,2014,60.66666666666666,1215.4,6.666666666666667,17.066666666666666,20.034065934065936,2.56,CHI,,award,0.0
https://openalex.org/A5100673750,2014,73.28571428571429,99.46666666666668,2.0,2.333333333333333,1.357244964262508,1.1666666666666667,CHI,,award,0.0
https://openalex.org/A5085088065,2014,157.41666666666666,22.0,3.6666666666666665,2.75,0.1397564849126522,0.75,CHI,,award,0.0
https://openalex.org/A5025028660,2014,11.4,40.5,2.0,3.3,3.552631578947368,1.65,CHI,,award,0.0
https://openalex.org/A5074504351,2014,295.4,1058.2,10.0,15.0,3.58226134055518,1.5,CHI,,award,0.0
https://openalex.org/A5074504351,2014,295.4,1058.2,10.0,15.0,3.58226134055518,1.5,CHI,,award,0.0
https://openalex.org/A5100450015,2014,20.0,138.42857142857142,2.8,5.285714285714286,6.921428571428571,1.8877551020408163,CHI,,award,0.0
https://openalex.org/A5018752163,2014,273.4,232.4,6.8,7.8,0.8500365764447697,1.1470588235294117,CHI,,award,0.0
https://openalex.org/A5085678555,2014,11.0,105.8,1.75,2.8,9.618181818181816,1.6,CIKM,,award,0.0
https://openalex.org/A5103503444,2014,658.0,202.4,17.2,8.0,0.3075987841945289,0.4651162790697674,FSE,,award,0.0
https://openalex.org/A5012670041,2014,69.0,107.33333333333331,1.3333333333333333,5.0,1.5555555555555556,3.75,FSE,,award,0.0
https://openalex.org/A5086690493,2014,239.8,73.8,3.0,2.2,0.3077564637197664,0.7333333333333334,FSE,,award,0.0
https://openalex.org/A5010575626,2014,270.6,320.2,11.4,12.0,1.1832963784183297,1.0526315789473684,FSE,,award,0.0
https://openalex.org/A5036934218,2014,756.4,167.8,16.4,6.6,0.2218402961396087,0.4024390243902439,FSE,,award,0.0
https://openalex.org/A5086690493,2014,239.8,73.8,3.0,2.2,0.3077564637197664,0.7333333333333334,ICSE,,award,0.0
https://openalex.org/A5010575626,2014,270.6,320.2,11.4,12.0,1.1832963784183297,1.0526315789473684,ICSE,,award,0.0
https://openalex.org/A5036934218,2014,756.4,167.8,16.4,6.6,0.2218402961396087,0.4024390243902439,ICSE,,award,0.0
https://openalex.org/A5030409494,2014,199.0,1716.6,2.5,10.8,8.626130653266332,4.32,ICSE,,award,0.0
https://openalex.org/A5089076722,2014,40.25,134.8,4.75,7.4,3.349068322981367,1.5578947368421054,ICSE,,award,0.0
https://openalex.org/A5086690493,2014,239.8,73.8,3.0,2.2,0.3077564637197664,0.7333333333333334,ICSE,,award,0.0
https://openalex.org/A5010575626,2014,270.6,320.2,11.4,12.0,1.1832963784183297,1.0526315789473684,ICSE,,award,0.0
https://openalex.org/A5036934218,2014,756.4,167.8,16.4,6.6,0.2218402961396087,0.4024390243902439,ICSE,,award,0.0
https://openalex.org/A5030409494,2014,199.0,1716.6,2.5,10.8,8.626130653266332,4.32,ICSE,,award,0.0
https://openalex.org/A5089076722,2014,40.25,134.8,4.75,7.4,3.349068322981367,1.5578947368421054,ICSE,,award,0.0
https://openalex.org/A5086690493,2014,239.8,73.8,3.0,2.2,0.3077564637197664,0.7333333333333334,INFOCOM,,award,0.0
https://openalex.org/A5010575626,2014,270.6,320.2,11.4,12.0,1.1832963784183297,1.0526315789473684,KDD,,award,0.0
https://openalex.org/A5036934218,2014,756.4,167.8,16.4,6.6,0.2218402961396087,0.4024390243902439,MOBICOM,,award,0.0
https://openalex.org/A5030409494,2014,199.0,1716.6,2.5,10.8,8.626130653266332,4.32,NeurIPS,,award,0.0
https://openalex.org/A5100641353,2014,80.0,298.6,2.0,5.0,3.7325,2.5,OSDI,,award,0.0
https://openalex.org/A5100693396,2014,65.2,186.4,3.8,5.4,2.8588957055214723,1.4210526315789476,OSDI,,award,0.0
https://openalex.org/A5100693396,2014,65.2,186.4,3.8,5.4,2.8588957055214723,1.4210526315789476,PLDI,,award,0.0
https://openalex.org/A5013378091,2014,746.8,394.2,6.2,11.4,0.5278521692554901,1.8387096774193548,PLDI,,award,0.0
https://openalex.org/A5033355299,2014,285.0,263.6,4.8,3.2,0.9249122807017544,0.6666666666666667,S&P,,award,0.0
https://openalex.org/A5048777417,2014,61.2,47.66666666666666,3.0,2.333333333333333,0.7788671023965141,0.7777777777777778,S&P,,award,0.0
https://openalex.org/A5077585432,2014,33.0,85.6,2.0,3.8,2.5939393939393938,1.9,SIGCOMM,,award,0.0
https://openalex.org/A5050964144,2014,81.33333333333333,319.5,2.6666666666666665,4.5,3.9282786885245904,1.6875,SIGCOMM,,award,0.0
https://openalex.org/A5100741029,2014,131.2,232.6,6.8,11.0,1.7728658536585369,1.6176470588235294,SODA,,award,0.0
https://openalex.org/A5100741029,2014,131.2,232.6,6.8,11.0,1.7728658536585369,1.6176470588235294,UIST,,award,0.0
https://openalex.org/A5048777417,2014,61.2,47.66666666666666,3.0,2.333333333333333,0.7788671023965141,0.7777777777777778,UIST,,award,0.0
https://openalex.org/A5077585432,2014,33.0,85.6,2.0,3.8,2.5939393939393938,1.9,VLDB,,award,0.0
https://openalex.org/A5050964144,2014,81.33333333333333,319.5,2.6666666666666665,4.5,3.9282786885245904,1.6875,VLDB,,award,0.0
https://openalex.org/A5100741029,2014,131.2,232.6,6.8,11.0,1.7728658536585369,1.6176470588235294,VLDB,,award,0.0
https://openalex.org/A5048777417,2014,61.2,47.66666666666666,3.0,2.333333333333333,0.7788671023965141,0.7777777777777778,VLDB,,award,0.0
https://openalex.org/A5077585432,2014,33.0,85.6,2.0,3.8,2.5939393939393938,1.9,VLDB,,award,0.0
https://openalex.org/A5050964144,2014,81.33333333333333,319.5,2.6666666666666665,4.5,3.9282786885245904,1.6875,VLDB,,award,0.0
https://openalex.org/A5100741029,2014,131.2,232.6,6.8,11.0,1.7728658536585369,1.6176470588235294,WWW,,award,0.0
https://openalex.org/A5004145814,2013,4.333333333333333,61.75,1.0,4.25,14.250000000000002,4.25,AAAI,,award,0.0
https://openalex.org/A5101995804,2013,44.25,216.2,2.5,7.8,4.885875706214689,3.12,AAAI,,award,0.0
https://openalex.org/A5034957233,2013,168.4,103.6,11.0,8.0,0.6152019002375296,0.7272727272727273,ACL,,award,0.0
https://openalex.org/A5006424908,2013,175.2,534.8,3.8,13.4,3.0525114155251143,3.5263157894736845,CHI,,award,0.0
https://openalex.org/A5004145814,2013,4.333333333333333,61.75,1.0,4.25,14.250000000000002,4.25,CHI,,award,0.0
https://openalex.org/A5101995804,2013,44.25,216.2,2.5,7.8,4.885875706214689,3.12,CHI,,award,0.0
https://openalex.org/A5034957233,2013,168.4,103.6,11.0,8.0,0.6152019002375296,0.7272727272727273,CHI,,award,0.0
https://openalex.org/A5004145814,2013,4.333333333333333,61.75,1.0,4.25,14.250000000000002,4.25,CHI,,award,0.0
https://openalex.org/A5101995804,2013,44.25,216.2,2.5,7.8,4.885875706214689,3.12,CHI,,award,0.0
https://openalex.org/A5034957233,2013,168.4,103.6,11.0,8.0,0.6152019002375296,0.7272727272727273,CHI,,award,0.0
https://openalex.org/A5048609852,2013,553.2,154.6,15.4,10.4,0.279464931308749,0.6753246753246753,CHI,,award,0.0
https://openalex.org/A5011387239,2013,71.6,47.25,3.4,1.5,0.6599162011173185,0.4411764705882353,CHI,,award,0.0
https://openalex.org/A5065305058,2013,10.666666666666666,44.0,1.6666666666666667,1.5,4.125,0.8999999999999999,CHI,,award,0.0
https://openalex.org/A5089763199,2013,16.25,53.4,2.0,3.0,3.286153846153846,1.5,CIKM,,award,0.0
https://openalex.org/A5006799119,2013,95.6,158.4,2.6,5.2,1.656903765690377,2.0,CIKM,,award,0.0
https://openalex.org/A5045962151,2013,291.0,693.4,9.4,10.6,2.3828178694158075,1.127659574468085,CVPR,,award,0.0
https://openalex.org/A5011387239,2013,71.6,47.25,3.4,1.5,0.6599162011173185,0.4411764705882353,ICCV,,award,0.0
https://openalex.org/A5065305058,2013,10.666666666666666,44.0,1.6666666666666667,1.5,4.125,0.8999999999999999,ICML,,award,0.0
https://openalex.org/A5089763199,2013,16.25,53.4,2.0,3.0,3.286153846153846,1.5,ICSE,,award,0.0
https://openalex.org/A5005275631,2013,156.8,169.2,3.8,7.2,1.079081632653061,1.8947368421052635,ICSE,,award,0.0
https://openalex.org/A5112073231,2013,262.4,162.2,5.2,8.2,0.618140243902439,1.5769230769230766,ICSE,,award,0.0
https://openalex.org/A5006799119,2013,95.6,158.4,2.6,5.2,1.656903765690377,2.0,ICSE,,award,0.0
https://openalex.org/A5084986707,2013,516.5,47.2,2.5,2.6,0.0913843175217812,1.04,ICSE,,award,0.0
https://openalex.org/A5005275631,2013,156.8,169.2,3.8,7.2,1.079081632653061,1.8947368421052635,ICSE,,award,0.0
https://openalex.org/A5052940596,2013,521.2,221.4,9.2,4.4,0.4247889485801995,0.4782608695652174,INFOCOM,,award,0.0
https://openalex.org/A5052639125,2013,138.0,175.8,6.0,8.2,1.2739130434782608,1.3666666666666665,MOBICOM,,award,0.0
https://openalex.org/A5055823052,2013,78.8,110.4,9.4,11.0,1.401015228426396,1.1702127659574468,MOBICOM,,award,0.0
https://openalex.org/A5050218314,2013,185.25,225.8,2.0,3.4,1.21889338731444,1.7,PLDI,,award,0.0
https://openalex.org/A5050218314,2013,185.25,225.8,2.0,3.4,1.21889338731444,1.7,PLDI,,award,0.0
https://openalex.org/A5046213289,2013,36.0,488.8,2.0,5.6,13.577777777777778,2.8,PLDI,,award,0.0
https://openalex.org/A5085479490,2013,1156.8,973.2,11.2,9.0,0.841286307053942,0.8035714285714286,PLDI,,award,0.0
https://openalex.org/A5052885090,2013,667.75,668.9,6.25,6.1,1.001722201422688,0.976,PODS,,award,0.0
https://openalex.org/A5034603892,2013,508.4,405.8,7.6,8.6,0.7981904012588513,1.131578947368421,SODA,,award,0.0
https://openalex.org/A5004695759,2013,19.0,25.7,1.5,5.9,1.3526315789473684,3.9333333333333336,UIST,,award,0.0
https://openalex.org/A5034603892,2013,508.4,405.8,7.6,8.6,0.7981904012588513,1.131578947368421,VLDB,,award,0.0
https://openalex.org/A5004695759,2012,19.0,25.7,1.5,5.9,1.3526315789473684,3.9333333333333336,AAAI,,award,0.0
https://openalex.org/A5079186295,2012,253.3,193.25,15.0,12.05,0.7629293328069483,0.8033333333333333,AAAI,,award,0.0
https://openalex.org/A5101627589,2012,71.26666666666667,71.26666666666667,10.666666666666666,12.2,1.0,1.14375,CHI,,award,0.0
https://openalex.org/A5009630097,2012,21.0,43.6,1.0,2.8,2.0761904761904764,2.8,CHI,,award,0.0
https://openalex.org/A5060695800,2012,590.6,850.4,4.2,7.8,1.4398916356247882,1.857142857142857,CHI,,award,0.0
https://openalex.org/A5009630097,2012,21.0,43.6,1.0,2.8,2.0761904761904764,2.8,CHI,,award,0.0
https://openalex.org/A5017344436,2012,363.2,892.4,4.2,16.2,2.45704845814978,3.8571428571428568,FSE,,award,0.0
https://openalex.org/A5060695800,2012,590.6,850.4,4.2,7.8,1.4398916356247882,1.857142857142857,ICSE,,award,0.0
https://openalex.org/A5060695800,2012,590.6,850.4,4.2,7.8,1.4398916356247882,1.857142857142857,ICSE,,award,0.0
https://openalex.org/A5009630097,2012,21.0,43.6,1.0,2.8,2.0761904761904764,2.8,ICSE,,award,0.0
https://openalex.org/A5017344436,2012,363.2,892.4,4.2,16.2,2.45704845814978,3.8571428571428568,ICSE,,award,0.0
https://openalex.org/A5083732107,2012,71.2,170.2,3.0,7.0,2.3904494382022468,2.333333333333333,ICSE,,award,0.0
https://openalex.org/A5021195349,2012,743.6,1373.4,14.6,31.0,1.8469607315761165,2.1232876712328768,ICSE,,award,0.0
https://openalex.org/A5010587031,2012,60.0,184.8,4.4,8.4,3.08,1.909090909090909,INFOCOM,,award,0.0
https://openalex.org/A5050639579,2012,283.2,112.4,5.6,5.4,0.3968926553672317,0.9642857142857144,INFOCOM,,award,0.0
https://openalex.org/A5013361951,2012,24.0,157.4,3.0,6.2,6.558333333333334,2.066666666666667,KDD,,award,0.0
https://openalex.org/A5088135366,2012,1646.8,748.4,40.4,33.6,0.4544571289774107,0.8316831683168318,SIGMETRICS,,award,0.0
https://openalex.org/A5084822815,2012,450.0,290.0,5.0,5.8,0.6444444444444445,1.16,SIGMETRICS,,award,0.0
https://openalex.org/A5077149145,2012,364.53333333333336,322.6666666666667,5.133333333333334,7.533333333333333,0.8851499634235552,1.4675324675324677,SIGMETRICS,,award,0.0
https://openalex.org/A5084822815,2012,450.0,290.0,5.0,5.8,0.6444444444444445,1.16,SODA,,award,0.0
https://openalex.org/A5052467896,2012,300.4,274.0,5.6,7.8,0.9121171770972036,1.392857142857143,STOC,,award,0.0
https://openalex.org/A5014222815,2012,7.151515151515151,43.41818181818182,6.696969696969697,3.9909090909090903,6.071186440677967,0.5959276018099547,UIST,,award,0.0
https://openalex.org/A5031323457,2012,357.63157894736844,473.7052631578948,20.05263157894737,26.03157894736842,1.324562178072112,1.2981627296587923,WWW,,award,0.0
https://openalex.org/A5064190255,2011,25.075,114.475,2.2875,7.9875,4.56530408773679,3.491803278688524,AAAI,,award,0.0
https://openalex.org/A5048622877,2011,655.3833333333333,2162.85,20.9,39.766666666666666,3.300129695089388,1.9027113237639557,AAAI,,award,0.0
https://openalex.org/A5014222815,2011,7.151515151515151,43.41818181818182,6.696969696969697,3.9909090909090903,6.071186440677967,0.5959276018099547,AAAI,,award,0.0
https://openalex.org/A5031323457,2011,357.63157894736844,473.7052631578948,20.05263157894737,26.03157894736842,1.324562178072112,1.2981627296587923,CHI,,award,0.0
https://openalex.org/A5064190255,2011,25.075,114.475,2.2875,7.9875,4.56530408773679,3.491803278688524,CHI,,award,0.0
https://openalex.org/A5048622877,2011,655.3833333333333,2162.85,20.9,39.766666666666666,3.300129695089388,1.9027113237639557,CHI,,award,0.0
https://openalex.org/A5014222815,2011,7.151515151515151,43.41818181818182,6.696969696969697,3.9909090909090903,6.071186440677967,0.5959276018099547,CHI,,award,0.0
https://openalex.org/A5014222815,2011,7.151515151515151,43.41818181818182,6.696969696969697,3.9909090909090903,6.071186440677967,0.5959276018099547,CHI,,award,0.0
https://openalex.org/A5031323457,2011,357.63157894736844,473.7052631578948,20.05263157894737,26.03157894736842,1.324562178072112,1.2981627296587923,CVPR,,award,0.0
https://openalex.org/A5064190255,2011,25.075,114.475,2.2875,7.9875,4.56530408773679,3.491803278688524,FOCS,,award,0.0
https://openalex.org/A5014222815,2011,7.151515151515151,43.41818181818182,6.696969696969697,3.9909090909090903,6.071186440677967,0.5959276018099547,FOCS,,award,0.0
https://openalex.org/A5031323457,2011,357.63157894736844,473.7052631578948,20.05263157894737,26.03157894736842,1.324562178072112,1.2981627296587923,ICSE,,award,0.0
https://openalex.org/A5064190255,2011,25.075,114.475,2.2875,7.9875,4.56530408773679,3.491803278688524,ICSE,,award,0.0
https://openalex.org/A5014222815,2011,7.151515151515151,43.41818181818182,6.696969696969697,3.9909090909090903,6.071186440677967,0.5959276018099547,ICSE,,award,0.0
https://openalex.org/A5031323457,2011,357.63157894736844,473.7052631578948,20.05263157894737,26.03157894736842,1.324562178072112,1.2981627296587923,ICSE,,award,0.0
https://openalex.org/A5064190255,2011,25.075,114.475,2.2875,7.9875,4.56530408773679,3.491803278688524,ICSE,,award,0.0
https://openalex.org/A5048622877,2011,655.3833333333333,2162.85,20.9,39.766666666666666,3.300129695089388,1.9027113237639557,ICSE,,award,0.0
https://openalex.org/A5014222815,2011,7.151515151515151,43.41818181818182,6.696969696969697,3.9909090909090903,6.071186440677967,0.5959276018099547,IJCAI,,award,0.0
https://openalex.org/A5031323457,2011,357.63157894736844,473.7052631578948,20.05263157894737,26.03157894736842,1.324562178072112,1.2981627296587923,PODS,,award,0.0
https://openalex.org/A5064190255,2011,25.075,114.475,2.2875,7.9875,4.56530408773679,3.491803278688524,SIGCOMM,,award,0.0
https://openalex.org/A5048622877,2011,655.3833333333333,2162.85,20.9,39.766666666666666,3.300129695089388,1.9027113237639557,SIGCOMM,,award,0.0
https://openalex.org/A5014222815,2011,7.151515151515151,43.41818181818182,6.696969696969697,3.9909090909090903,6.071186440677967,0.5959276018099547,SIGIR,,award,0.0
https://openalex.org/A5031323457,2011,357.63157894736844,473.7052631578948,20.05263157894737,26.03157894736842,1.324562178072112,1.2981627296587923,SOSP,,award,0.0
https://openalex.org/A5064190255,2011,25.075,114.475,2.2875,7.9875,4.56530408773679,3.491803278688524,SOSP,,award,0.0
https://openalex.org/A5014222815,2011,7.151515151515151,43.41818181818182,6.696969696969697,3.9909090909090903,6.071186440677967,0.5959276018099547,SOSP,,award,0.0
https://openalex.org/A5031323457,2011,357.63157894736844,473.7052631578948,20.05263157894737,26.03157894736842,1.324562178072112,1.2981627296587923,VLDB,,award,0.0
https://openalex.org/A5064190255,2011,25.075,114.475,2.2875,7.9875,4.56530408773679,3.491803278688524,VLDB,,award,0.0
https://openalex.org/A5048622877,2011,655.3833333333333,2162.85,20.9,39.766666666666666,3.300129695089388,1.9027113237639557,VLDB,,award,0.0
https://openalex.org/A5014222815,2011,7.151515151515151,43.41818181818182,6.696969696969697,3.9909090909090903,6.071186440677967,0.5959276018099547,WWW,,award,0.0
https://openalex.org/A5031323457,2010,357.63157894736844,473.7052631578948,20.05263157894737,26.03157894736842,1.324562178072112,1.2981627296587923,AAAI,,award,0.0
https://openalex.org/A5014222815,2010,7.151515151515151,43.41818181818182,6.696969696969697,3.9909090909090903,6.071186440677967,0.5959276018099547,CHI,,award,0.0
https://openalex.org/A5031323457,2010,357.63157894736844,473.7052631578948,20.05263157894737,26.03157894736842,1.324562178072112,1.2981627296587923,CHI,,award,0.0
https://openalex.org/A5064190255,2010,25.075,114.475,2.2875,7.9875,4.56530408773679,3.491803278688524,CHI,,award,0.0
https://openalex.org/A5048622877,2010,655.3833333333333,2162.85,20.9,39.766666666666666,3.300129695089388,1.9027113237639557,CHI,,award,0.0
https://openalex.org/A5014222815,2010,7.151515151515151,43.41818181818182,6.696969696969697,3.9909090909090903,6.071186440677967,0.5959276018099547,CHI,,award,0.0
https://openalex.org/A5031323457,2010,357.63157894736844,473.7052631578948,20.05263157894737,26.03157894736842,1.324562178072112,1.2981627296587923,CIKM,,award,0.0
https://openalex.org/A5014222815,2010,7.151515151515151,43.41818181818182,6.696969696969697,3.9909090909090903,6.071186440677967,0.5959276018099547,FSE,,award,0.0
https://openalex.org/A5014222815,2010,7.151515151515151,43.41818181818182,6.696969696969697,3.9909090909090903,6.071186440677967,0.5959276018099547,ICSE,,award,0.0
https://openalex.org/A5031323457,2010,357.63157894736844,473.7052631578948,20.05263157894737,26.03157894736842,1.324562178072112,1.2981627296587923,ICSE,,award,0.0
https://openalex.org/A5064190255,2010,25.075,114.475,2.2875,7.9875,4.56530408773679,3.491803278688524,ICSE,,award,0.0
https://openalex.org/A5014222815,2010,7.151515151515151,43.41818181818182,6.696969696969697,3.9909090909090903,6.071186440677967,0.5959276018099547,ICSE,,award,0.0
https://openalex.org/A5031323457,2010,357.63157894736844,473.7052631578948,20.05263157894737,26.03157894736842,1.324562178072112,1.2981627296587923,INFOCOM,,award,0.0
https://openalex.org/A5064190255,2010,25.075,114.475,2.2875,7.9875,4.56530408773679,3.491803278688524,KDD,,award,0.0
https://openalex.org/A5048622877,2010,655.3833333333333,2162.85,20.9,39.766666666666666,3.300129695089388,1.9027113237639557,NSDI,,award,0.0
https://openalex.org/A5014222815,2010,7.151515151515151,43.41818181818182,6.696969696969697,3.9909090909090903,6.071186440677967,0.5959276018099547,OSDI,,award,0.0
https://openalex.org/A5031323457,2010,357.63157894736844,473.7052631578948,20.05263157894737,26.03157894736842,1.324562178072112,1.2981627296587923,PODS,,award,0.0
https://openalex.org/A5064190255,2010,25.075,114.475,2.2875,7.9875,4.56530408773679,3.491803278688524,S&P,,award,0.0
https://openalex.org/A5048622877,2010,655.3833333333333,2162.85,20.9,39.766666666666666,3.300129695089388,1.9027113237639557,SIGCOMM,,award,0.0
https://openalex.org/A5014222815,2010,7.151515151515151,43.41818181818182,6.696969696969697,3.9909090909090903,6.071186440677967,0.5959276018099547,SIGCOMM,,award,0.0
https://openalex.org/A5031323457,2010,357.63157894736844,473.7052631578948,20.05263157894737,26.03157894736842,1.324562178072112,1.2981627296587923,SIGMETRICS,,award,0.0
https://openalex.org/A5014222815,2010,7.151515151515151,43.41818181818182,6.696969696969697,3.9909090909090903,6.071186440677967,0.5959276018099547,SIGMOD,,award,0.0
https://openalex.org/A5014222815,2010,7.151515151515151,43.41818181818182,6.696969696969697,3.9909090909090903,6.071186440677967,0.5959276018099547,STOC,,award,0.0
https://openalex.org/A5031323457,2010,357.63157894736844,473.7052631578948,20.05263157894737,26.03157894736842,1.324562178072112,1.2981627296587923,UIST,,award,0.0
https://openalex.org/A5064190255,2010,25.075,114.475,2.2875,7.9875,4.56530408773679,3.491803278688524,UIST,,award,0.0
https://openalex.org/A5048622877,2010,655.3833333333333,2162.85,20.9,39.766666666666666,3.300129695089388,1.9027113237639557,VLDB,,award,0.0
https://openalex.org/A5014222815,2010,7.151515151515151,43.41818181818182,6.696969696969697,3.9909090909090903,6.071186440677967,0.5959276018099547,WWW,,award,0.0
https://openalex.org/A5031323457,2009,357.63157894736844,473.7052631578948,20.05263157894737,26.03157894736842,1.324562178072112,1.2981627296587923,ACL,,award,0.0
https://openalex.org/A5064190255,2009,25.075,114.475,2.2875,7.9875,4.56530408773679,3.491803278688524,ACL,,award,0.0
https://openalex.org/A5048622877,2009,655.3833333333333,2162.85,20.9,39.766666666666666,3.300129695089388,1.9027113237639557,ACL,,award,0.0
https://openalex.org/A5014222815,2009,7.151515151515151,43.41818181818182,6.696969696969697,3.9909090909090903,6.071186440677967,0.5959276018099547,CHI,,award,0.0
https://openalex.org/A5031323457,2009,357.63157894736844,473.7052631578948,20.05263157894737,26.03157894736842,1.324562178072112,1.2981627296587923,FSE,,award,0.0
https://openalex.org/A5064190255,2009,25.075,114.475,2.2875,7.9875,4.56530408773679,3.491803278688524,ICCV,,award,0.0
https://openalex.org/A5048622877,2009,655.3833333333333,2162.85,20.9,39.766666666666666,3.300129695089388,1.9027113237639557,ICML,,award,0.0
https://openalex.org/A5014222815,2009,7.151515151515151,43.41818181818182,6.696969696969697,3.9909090909090903,6.071186440677967,0.5959276018099547,ICSE,,award,0.0
https://openalex.org/A5031323457,2009,357.63157894736844,473.7052631578948,20.05263157894737,26.03157894736842,1.324562178072112,1.2981627296587923,MOBICOM,,award,0.0
https://openalex.org/A5064190255,2009,25.075,114.475,2.2875,7.9875,4.56530408773679,3.491803278688524,MOBICOM,,award,0.0
https://openalex.org/A5048622877,2009,655.3833333333333,2162.85,20.9,39.766666666666666,3.300129695089388,1.9027113237639557,PODS,,award,0.0
https://openalex.org/A5100735881,2009,22.0,2.25,3.75,3.0,0.1022727272727272,0.8,PODS,,award,0.0
https://openalex.org/A5100451576,2009,215.75,599.4,7.75,16.2,2.778215527230591,2.0903225806451613,S&P,,award,0.0
https://openalex.org/A5027915931,2009,278.5,685.4,8.5,28.6,2.461041292639138,3.364705882352941,SIGCOMM,,award,0.0
https://openalex.org/A5100951661,2009,190.2,610.8,8.4,12.8,3.211356466876972,1.5238095238095235,SIGMETRICS,,award,0.0
https://openalex.org/A5109065097,2009,7157.8,791.5,1.0,6.8,0.1105786694235659,6.8,STOC,,award,0.0
https://openalex.org/A5006380227,2009,915.6666666666666,1848.1,2.888888888888889,10.1,2.0183108846013837,3.496153846153846,VLDB,,award,0.0
https://openalex.org/A5109065097,2008,7157.8,791.5,1.0,6.8,0.1105786694235659,6.8,CHI,,award,0.0
https://openalex.org/A5006380227,2008,915.6666666666666,1848.1,2.888888888888889,10.1,2.0183108846013837,3.496153846153846,CHI,,award,0.0
https://openalex.org/A5027119635,2008,40.8,56.4,5.0,10.6,1.3823529411764706,2.12,CHI,,award,0.0
https://openalex.org/A5103266587,2008,127.14285714285714,23.55555555555556,2.142857142857143,3.0,0.1852684144818976,1.4,CVPR,,award,0.0
https://openalex.org/A5103266587,2008,127.14285714285714,23.55555555555556,2.142857142857143,3.0,0.1852684144818976,1.4,CVPR,,award,0.0
https://openalex.org/A5103266587,2008,127.14285714285714,23.55555555555556,2.142857142857143,3.0,0.1852684144818976,1.4,FOCS,,award,0.0
https://openalex.org/A5113712973,2008,53.91666666666666,53.8,2.083333333333333,3.533333333333333,0.9978361669242658,1.6959999999999995,ICSE,,award,0.0
https://openalex.org/A5081289583,2008,828.0,424.6,7.6,11.0,0.5128019323671498,1.4473684210526316,ICSE,,award,0.0
https://openalex.org/A5113712973,2008,53.91666666666666,53.8,2.083333333333333,3.533333333333333,0.9978361669242658,1.6959999999999995,INFOCOM,,award,0.0
https://openalex.org/A5081289583,2008,828.0,424.6,7.6,11.0,0.5128019323671498,1.4473684210526316,KDD,,award,0.0
https://openalex.org/A5019404521,2008,354.0,372.2,6.0,7.2,1.051412429378531,1.2,NSDI,,award,0.0
https://openalex.org/A5113712973,2008,53.91666666666666,53.8,2.083333333333333,3.533333333333333,0.9978361669242658,1.6959999999999995,OSDI,,award,0.0
https://openalex.org/A5081289583,2008,828.0,424.6,7.6,11.0,0.5128019323671498,1.4473684210526316,OSDI,,award,0.0
https://openalex.org/A5019404521,2008,354.0,372.2,6.0,7.2,1.051412429378531,1.2,OSDI,,award,0.0
https://openalex.org/A5113712973,2008,53.91666666666666,53.8,2.083333333333333,3.533333333333333,0.9978361669242658,1.6959999999999995,S&P,,award,0.0
https://openalex.org/A5113712973,2007,53.91666666666666,53.8,2.083333333333333,3.533333333333333,0.9978361669242658,1.6959999999999995,AAAI,,award,0.0
https://openalex.org/A5113712973,2007,53.91666666666666,53.8,2.083333333333333,3.533333333333333,0.9978361669242658,1.6959999999999995,CHI,,award,0.0
https://openalex.org/A5079904764,2007,219.0,1160.571428571429,1.6666666666666667,5.857142857142857,5.299412915851272,3.514285714285714,CHI,,award,0.0
https://openalex.org/A5025255782,2007,357.0,494.0,2.6666666666666665,4.8,1.3837535014005602,1.8,CHI,,award,0.0
https://openalex.org/A5057866698,2007,2904.0,1715.6,2.0,2.2,0.5907713498622589,1.1,CHI,,award,0.0
https://openalex.org/A5049246408,2007,9.0,3051.75,2.0,3.25,339.0833333333333,1.625,CVPR,,award,0.0
https://openalex.org/A5079904764,2007,219.0,1160.571428571429,1.6666666666666667,5.857142857142857,5.299412915851272,3.514285714285714,CVPR,,award,0.0
https://openalex.org/A5025255782,2007,357.0,494.0,2.6666666666666665,4.8,1.3837535014005602,1.8,FSE,,award,0.0
https://openalex.org/A5010875819,2007,3.0,0.0,1.0,12.0,0.0,12.0,FSE,,award,0.0
https://openalex.org/A5054753279,2007,56.8,312.8,6.4,12.6,5.507042253521127,1.96875,FSE,,award,0.0
https://openalex.org/A5010875819,2007,3.0,0.0,1.0,12.0,0.0,12.0,FSE,,award,0.0
https://openalex.org/A5054753279,2007,56.8,312.8,6.4,12.6,5.507042253521127,1.96875,ICML,,award,0.0
https://openalex.org/A5010875819,2007,3.0,0.0,1.0,12.0,0.0,12.0,ICML,,award,0.0
https://openalex.org/A5054753279,2007,56.8,312.8,6.4,12.6,5.507042253521127,1.96875,ICML,,award,0.0
https://openalex.org/A5079261847,2007,33.25,731.2,4.0,12.6,21.990977443609022,3.15,ICSE,,award,0.0
https://openalex.org/A5010875819,2007,3.0,0.0,1.0,12.0,0.0,12.0,ICSE,,award,0.0
https://openalex.org/A5054753279,2007,56.8,312.8,6.4,12.6,5.507042253521127,1.96875,ICSE,,award,0.0
https://openalex.org/A5010875819,2007,3.0,0.0,1.0,12.0,0.0,12.0,KDD,,award,0.0
https://openalex.org/A5054753279,2007,56.8,312.8,6.4,12.6,5.507042253521127,1.96875,PLDI,,award,0.0
https://openalex.org/A5010875819,2007,3.0,0.0,1.0,12.0,0.0,12.0,SIGIR,,award,0.0
https://openalex.org/A5054753279,2007,56.8,312.8,6.4,12.6,5.507042253521127,1.96875,SIGMOD,,award,0.0
https://openalex.org/A5079261847,2007,33.25,731.2,4.0,12.6,21.990977443609022,3.15,SOSP,,award,0.0
https://openalex.org/A5008085180,2007,104.0,53.0,1.0,2.333333333333333,0.5096153846153846,2.333333333333333,SOSP,,award,0.0
https://openalex.org/A5080366682,2007,376.2,489.0,6.9,12.1,1.2998405103668262,1.753623188405797,SOSP,,award,0.0
https://openalex.org/A5023732514,2007,222.77777777777777,990.4,5.222222222222222,12.5,4.44568578553616,2.3936170212765955,STOC,,award,0.0
https://openalex.org/A5077636035,2007,869.0,695.2,9.6,11.8,0.8,1.2291666666666667,VLDB,,award,0.0
https://openalex.org/A5060350556,2006,2769.2,1332.8,23.8,18.6,0.4812942366026289,0.7815126050420168,ACL,,award,0.0
https://openalex.org/A5080366682,2006,376.2,489.0,6.9,12.1,1.2998405103668262,1.753623188405797,CHI,,award,0.0
https://openalex.org/A5023732514,2006,222.77777777777777,990.4,5.222222222222222,12.5,4.44568578553616,2.3936170212765955,CHI,,award,0.0
https://openalex.org/A5005247877,2006,743.5,168.4,1.0,4.4,0.2264963012777404,4.4,CHI,,award,0.0
https://openalex.org/A5014892027,2006,2074.4,491.0,24.4,20.8,0.2366949479367527,0.8524590163934427,CIKM,,award,0.0
https://openalex.org/A5025028660,2006,11.4,40.5,2.0,3.3,3.552631578947368,1.65,CVPR,,award,0.0
https://openalex.org/A5050656871,2006,62.0,1384.0,4.0,6.8,22.32258064516129,1.7,FSE,,award,0.0
https://openalex.org/A5014892027,2006,2074.4,491.0,24.4,20.8,0.2366949479367527,0.8524590163934427,ICML,,award,0.0
https://openalex.org/A5100450015,2006,20.0,138.42857142857142,2.8,5.285714285714286,6.921428571428571,1.8877551020408163,ICSE,,award,0.0
https://openalex.org/A5038811034,2006,1818.25,663.8,6.25,14.8,0.3650763096383885,2.3680000000000003,ICSE,,award,0.0
https://openalex.org/A5006744201,2006,20.0,,1.0,,,,ICSE,,award,0.0
https://openalex.org/A5023571961,2006,1241.6,578.8,26.6,12.8,0.4661726804123711,0.4812030075187969,OSDI,,award,0.0
https://openalex.org/A5006744201,2006,20.0,,1.0,,,,OSDI,,award,0.0
https://openalex.org/A5023571961,2006,1241.6,578.8,26.6,12.8,0.4661726804123711,0.4812030075187969,SIGMETRICS,,award,0.0
https://openalex.org/A5006744201,2006,20.0,,1.0,,,,SIGMOD,,award,0.0
https://openalex.org/A5023571961,2006,1241.6,578.8,26.6,12.8,0.4661726804123711,0.4812030075187969,VLDB,,award,0.0
https://openalex.org/A5044512769,2005,75.8,240.2,2.4,13.4,3.1688654353562007,5.583333333333334,CHI,,award,0.0
https://openalex.org/A5012922872,2005,319.8,926.0,3.8,10.0,2.8955597248280176,2.631578947368421,CHI,,award,0.0
https://openalex.org/A5004160420,2005,229.75,2411.2,3.5,15.4,10.494885745375408,4.4,CIKM,,award,0.0
https://openalex.org/A5020815483,2005,60.4,8.0,3.2,1.75,0.1324503311258278,0.546875,FSE,,award,0.0
https://openalex.org/A5038456726,2005,222.0,431.25,3.0,5.0,1.9425675675675675,1.6666666666666667,ICSE,,award,0.0
https://openalex.org/A5054382677,2005,25.5,93.47368421052632,1.5,3.421052631578948,3.6656346749226008,2.280701754385965,PLDI,,award,0.0
https://openalex.org/A5053098822,2005,205.5,31.88888888888889,8.0,2.7777777777777777,0.155177074885104,0.3472222222222222,PLDI,,award,0.0
https://openalex.org/A5026069638,2005,12.444444444444445,148.1,2.111111111111111,6.4,11.900892857142855,3.031578947368421,PODS,,award,0.0
https://openalex.org/A5054382677,2005,25.5,93.47368421052632,1.5,3.421052631578948,3.6656346749226008,2.280701754385965,SOSP,,award,0.0
https://openalex.org/A5053098822,2005,205.5,31.88888888888889,8.0,2.7777777777777777,0.155177074885104,0.3472222222222222,UIST,,award,0.0
https://openalex.org/A5026069638,2005,12.444444444444445,148.1,2.111111111111111,6.4,11.900892857142855,3.031578947368421,UIST,,award,0.0
https://openalex.org/A5050585539,2005,62.2,128.9,2.8,4.4,2.072347266881029,1.5714285714285716,VLDB,,award,0.0
https://openalex.org/A5054382677,2005,25.5,93.47368421052632,1.5,3.421052631578948,3.6656346749226008,2.280701754385965,WWW,,award,0.0
https://openalex.org/A5053098822,2004,205.5,31.88888888888889,8.0,2.7777777777777777,0.155177074885104,0.3472222222222222,AAAI,,award,0.0
https://openalex.org/A5026069638,2004,12.444444444444445,148.1,2.111111111111111,6.4,11.900892857142855,3.031578947368421,ACL,,award,0.0
https://openalex.org/A5054382677,2004,25.5,93.47368421052632,1.5,3.421052631578948,3.6656346749226008,2.280701754385965,CVPR,,award,0.0
https://openalex.org/A5053098822,2004,205.5,31.88888888888889,8.0,2.7777777777777777,0.155177074885104,0.3472222222222222,FOCS,,award,0.0
https://openalex.org/A5026069638,2004,12.444444444444445,148.1,2.111111111111111,6.4,11.900892857142855,3.031578947368421,FOCS,,award,0.0
https://openalex.org/A5050585539,2004,62.2,128.9,2.8,4.4,2.072347266881029,1.5714285714285716,FSE,,award,0.0
https://openalex.org/A5034616829,2004,153.6,940.6,7.8,15.8,6.123697916666667,2.025641025641026,ICSE,,award,0.0
https://openalex.org/A5034616829,2004,153.6,940.6,7.8,15.8,6.123697916666667,2.025641025641026,ICSE,,award,0.0
https://openalex.org/A5010967150,2004,715.4,688.6,10.6,15.2,0.9625384400335476,1.4339622641509433,ICSE,,award,0.0
https://openalex.org/A5026297326,2004,85.0,224.8,2.5,4.2,2.644705882352941,1.6800000000000002,ICSE,,award,0.0
https://openalex.org/A5004976322,2004,426.4,440.6,4.6,4.4,1.0333020637898689,0.9565217391304348,ICSE,,award,0.0
https://openalex.org/A5004976322,2004,426.4,440.6,4.6,4.4,1.0333020637898689,0.9565217391304348,ICSE,,award,0.0
https://openalex.org/A5089788947,2004,4219.8,731.8,11.2,9.8,0.1734205412578795,0.8750000000000001,ICSE,,award,0.0
https://openalex.org/A5013518229,2004,1500.3333333333333,642.6,7.0,7.6,0.4283048211508554,1.0857142857142856,INFOCOM,,award,0.0
https://openalex.org/A5112001300,2004,2289.333333333333,563.2,5.666666666666667,6.0,0.2460104834012813,1.0588235294117647,OSDI,,award,0.0
https://openalex.org/A5077257816,2004,93.8,868.4,6.2,12.0,9.257995735607675,1.9354838709677415,OSDI,,award,0.0
https://openalex.org/A5089788947,2004,4219.8,731.8,11.2,9.8,0.1734205412578795,0.8750000000000001,OSDI,,award,0.0
https://openalex.org/A5013518229,2004,1500.3333333333333,642.6,7.0,7.6,0.4283048211508554,1.0857142857142856,SIGIR,,award,0.0
https://openalex.org/A5112001300,2004,2289.333333333333,563.2,5.666666666666667,6.0,0.2460104834012813,1.0588235294117647,SIGMETRICS,,award,0.0
https://openalex.org/A5077257816,2004,93.8,868.4,6.2,12.0,9.257995735607675,1.9354838709677415,SIGMOD,,award,0.0
https://openalex.org/A5070565287,2004,402.2,735.4,6.2,11.0,1.8284435604177027,1.7741935483870968,WWW,,award,0.0
https://openalex.org/A5071093153,2003,22.0,22.5,1.5,1.5,1.0227272727272727,1.0,ACL,,award,0.0
https://openalex.org/A5052885090,2003,667.75,668.9,6.25,6.1,1.001722201422688,0.976,FOCS,,award,0.0
https://openalex.org/A5034923438,2003,51.0,119.6,1.6666666666666667,5.8,2.3450980392156864,3.4799999999999995,FSE,,award,0.0
https://openalex.org/A5034923438,2003,51.0,119.6,1.6666666666666667,5.8,2.3450980392156864,3.4799999999999995,FSE,,award,0.0
https://openalex.org/A5101783316,2003,39.0,145.0,1.0,1.5,3.717948717948718,1.5,ICCV,,award,0.0
https://openalex.org/A5034923438,2003,51.0,119.6,1.6666666666666667,5.8,2.3450980392156864,3.4799999999999995,ICCV,,award,0.0
https://openalex.org/A5101783316,2003,39.0,145.0,1.0,1.5,3.717948717948718,1.5,ICSE,,award,0.0
https://openalex.org/A5079186295,2003,253.3,193.25,15.0,12.05,0.7629293328069483,0.8033333333333333,IJCAI,,award,0.0
https://openalex.org/A5079186295,2003,253.3,193.25,15.0,12.05,0.7629293328069483,0.8033333333333333,KDD,,award,0.0
https://openalex.org/A5101627589,2003,71.26666666666667,71.26666666666667,10.666666666666666,12.2,1.0,1.14375,SIGMOD,,award,0.0
https://openalex.org/A5109808768,2003,134.6,55.4,6.0,5.2,0.4115898959881129,0.8666666666666667,SOSP,,award,0.0
https://openalex.org/A5100318444,2003,169.6,570.0,7.2,25.0,3.3608490566037736,3.4722222222222223,SOSP,,award,0.0
https://openalex.org/A5085103227,2003,90.6,194.4,10.0,17.4,2.145695364238411,1.7399999999999998,WWW,,award,0.0
https://openalex.org/A5079186295,2003,253.3,193.25,15.0,12.05,0.7629293328069483,0.8033333333333333,WWW,,award,0.0
https://openalex.org/A5101627589,2003,71.26666666666667,71.26666666666667,10.666666666666666,12.2,1.0,1.14375,WWW,,award,0.0
https://openalex.org/A5022440000,2002,147.91666666666666,802.4,1.3333333333333333,8.0,5.424676056338028,6.0,KDD,,award,0.0
https://openalex.org/A5022440000,2001,147.91666666666666,802.4,1.3333333333333333,8.0,5.424676056338028,6.0,ICCV,,award,0.0
https://openalex.org/A5022440000,2001,147.91666666666666,802.4,1.3333333333333333,8.0,5.424676056338028,6.0,SOSP,,award,0.0
https://openalex.org/A5021195349,2001,743.6,1373.4,14.6,31.0,1.8469607315761165,2.1232876712328768,SOSP,,award,0.0
https://openalex.org/A5077149145,2001,364.53333333333336,322.6666666666667,5.133333333333334,7.533333333333333,0.8851499634235552,1.4675324675324677,UIST,,award,0.0
https://openalex.org/A5077149145,2001,364.53333333333336,322.6666666666667,5.133333333333334,7.533333333333333,0.8851499634235552,1.4675324675324677,WWW,,award,0.0
https://openalex.org/A5043344696,2000,3.0,372.5,1.5,3.5,124.16666666666669,2.333333333333333,OSDI,,award,0.0
https://openalex.org/A5035443322,2000,4.0,0.0,1.0,2.0,0.0,2.0,SIGIR,,award,0.0
https://openalex.org/A5083432344,2000,428.2,182.6,2.8,3.8,0.426436244745446,1.3571428571428572,WWW,,award,0.0
