paper_openalex_id,paper_title,conference,award_year,author_id,author_name,author_position
https://openalex.org/W2788603415,Memory-Augmented Monte Carlo Tree Search,AAAI,2018,https://openalex.org/A5026521600,Chenjun Xiao,first
https://openalex.org/W2788603415,Memory-Augmented Monte Carlo Tree Search,AAAI,2018,https://openalex.org/A5014823249,Jincheng Mei,middle
https://openalex.org/W2788603415,Memory-Augmented Monte Carlo Tree Search,AAAI,2018,https://openalex.org/A5010677076,Martin Müller,last
https://openalex.org/W2798397965,Finding syntax in human encephalography with beam search,ACL,2018,https://openalex.org/A5054978902,John Hale,first
https://openalex.org/W2798397965,Finding syntax in human encephalography with beam search,ACL,2018,https://openalex.org/A5111222692,Chris Dyer,middle
https://openalex.org/W2798397965,Finding syntax in human encephalography with beam search,ACL,2018,https://openalex.org/A5069646529,Adhiguna Kuncoro,middle
https://openalex.org/W2798397965,Finding syntax in human encephalography with beam search,ACL,2018,https://openalex.org/A5039799789,Jonathan Brennan,last
https://openalex.org/W2963033005,Learning to Ask Good Questions: Ranking Clarification Questions using Neural Expected Value of Perfect Information,ACL,2018,https://openalex.org/A5001484153,Sudha Rao,first
https://openalex.org/W2963033005,Learning to Ask Good Questions: Ranking Clarification Questions using Neural Expected Value of Perfect Information,ACL,2018,https://openalex.org/A5019928111,Hal Daumé,last
https://openalex.org/W2899300759,"Let's do it ""again"": A First Computational Approach to Detecting Adverbial Presupposition Triggers",ACL,2018,https://openalex.org/A5040699318,Alexandre Cremers,first
https://openalex.org/W4255717503,Agile 3D Sketching with Air Scaffolding,CHI,2018,https://openalex.org/A5040685721,Yongkwan Kim,first
https://openalex.org/W4255717503,Agile 3D Sketching with Air Scaffolding,CHI,2018,https://openalex.org/A5032195981,Sang-Gyun An,middle
https://openalex.org/W4255717503,Agile 3D Sketching with Air Scaffolding,CHI,2018,https://openalex.org/A5029738364,Joon Hyub Lee,middle
https://openalex.org/W4255717503,Agile 3D Sketching with Air Scaffolding,CHI,2018,https://openalex.org/A5034851596,Seok-Hyung Bae,last
https://openalex.org/W2796228338,Pinpointing: Precise Head- and Eye-Based Target Selection for Augmented Reality,CHI,2018,https://openalex.org/A5026112124,Mikko Kytö,first
https://openalex.org/W2796228338,Pinpointing: Precise Head- and Eye-Based Target Selection for Augmented Reality,CHI,2018,https://openalex.org/A5023623172,Barrett Ens,middle
https://openalex.org/W2796228338,Pinpointing: Precise Head- and Eye-Based Target Selection for Augmented Reality,CHI,2018,https://openalex.org/A5089644604,Thammathip Piumsomboon,middle
https://openalex.org/W2796228338,Pinpointing: Precise Head- and Eye-Based Target Selection for Augmented Reality,CHI,2018,https://openalex.org/A5020160332,Gun Lee,middle
https://openalex.org/W2796228338,Pinpointing: Precise Head- and Eye-Based Target Selection for Augmented Reality,CHI,2018,https://openalex.org/A5021195349,Mark Billinghurst,last
https://openalex.org/W2795857247,Data Illustrator: Augmenting Vector Design Tools with Lazy Data Binding for Expressive Visualization Authoring,CHI,2018,https://openalex.org/A5100745766,Zhicheng Liu,first
https://openalex.org/W2795857247,Data Illustrator: Augmenting Vector Design Tools with Lazy Data Binding for Expressive Visualization Authoring,CHI,2018,https://openalex.org/A5061223874,J. Thompson,middle
https://openalex.org/W2795857247,Data Illustrator: Augmenting Vector Design Tools with Lazy Data Binding for Expressive Visualization Authoring,CHI,2018,https://openalex.org/A5083645031,Alan M. Wilson,middle
https://openalex.org/W2795857247,Data Illustrator: Augmenting Vector Design Tools with Lazy Data Binding for Expressive Visualization Authoring,CHI,2018,https://openalex.org/A5083949511,Mira Dontcheva,middle
https://openalex.org/W2795857247,Data Illustrator: Augmenting Vector Design Tools with Lazy Data Binding for Expressive Visualization Authoring,CHI,2018,https://openalex.org/A5078187042,James Delorey,middle
https://openalex.org/W2795857247,Data Illustrator: Augmenting Vector Design Tools with Lazy Data Binding for Expressive Visualization Authoring,CHI,2018,https://openalex.org/A5049518342,Sam Grigg,middle
https://openalex.org/W2795857247,Data Illustrator: Augmenting Vector Design Tools with Lazy Data Binding for Expressive Visualization Authoring,CHI,2018,https://openalex.org/A5072370411,Bernard J Kerr,middle
https://openalex.org/W2795857247,Data Illustrator: Augmenting Vector Design Tools with Lazy Data Binding for Expressive Visualization Authoring,CHI,2018,https://openalex.org/A5082668404,John Stasko,last
https://openalex.org/W2889312863,"""A Stalker's Paradise"": How Intimate Partner Abusers Exploit Technology",CHI,2018,https://openalex.org/A5025927395,Jayson Althofer,first
https://openalex.org/W2889312863,"""A Stalker's Paradise"": How Intimate Partner Abusers Exploit Technology",CHI,2018,https://openalex.org/A5109995935,Brian Musgrove,last
https://openalex.org/W2796063124,"Keeping a Low Profile? Technology, Risk and Privacy among Undocumented Immigrants",CHI,2018,https://openalex.org/A5009105907,Tamy Guberek,first
https://openalex.org/W2796063124,"Keeping a Low Profile? Technology, Risk and Privacy among Undocumented Immigrants",CHI,2018,https://openalex.org/A5045574489,Allison McDonald,middle
https://openalex.org/W2796063124,"Keeping a Low Profile? Technology, Risk and Privacy among Undocumented Immigrants",CHI,2018,https://openalex.org/A5075359884,Sylvia Simioni,middle
https://openalex.org/W2796063124,"Keeping a Low Profile? Technology, Risk and Privacy among Undocumented Immigrants",CHI,2018,https://openalex.org/A5086921313,Abraham Mhaidli,middle
https://openalex.org/W2796063124,"Keeping a Low Profile? Technology, Risk and Privacy among Undocumented Immigrants",CHI,2018,https://openalex.org/A5032452724,Kentaro Toyama,middle
https://openalex.org/W2796063124,"Keeping a Low Profile? Technology, Risk and Privacy among Undocumented Immigrants",CHI,2018,https://openalex.org/A5061205711,Florian Schaub,last
https://openalex.org/W2796122895,Streets for People: Engaging Children in Placemaking Through a Socio-technical Process,CHI,2018,https://openalex.org/A5035195609,Sean Peacock,first
https://openalex.org/W2796122895,Streets for People: Engaging Children in Placemaking Through a Socio-technical Process,CHI,2018,https://openalex.org/A5064563429,Robert H. Anderson,middle
https://openalex.org/W2796122895,Streets for People: Engaging Children in Placemaking Through a Socio-technical Process,CHI,2018,https://openalex.org/A5061115418,Clara Crivellaro,last
https://openalex.org/W2795975316,Addressing Age-Related Bias in Sentiment Analysis,CHI,2018,https://openalex.org/A5012652561,Mark Díaz,first
https://openalex.org/W2795975316,Addressing Age-Related Bias in Sentiment Analysis,CHI,2018,https://openalex.org/A5034891790,Isaac Johnson,middle
https://openalex.org/W2795975316,Addressing Age-Related Bias in Sentiment Analysis,CHI,2018,https://openalex.org/A5014790341,Amanda Lazar,middle
https://openalex.org/W2795975316,Addressing Age-Related Bias in Sentiment Analysis,CHI,2018,https://openalex.org/A5066173469,Anne Marie Piper,middle
https://openalex.org/W2795975316,Addressing Age-Related Bias in Sentiment Analysis,CHI,2018,https://openalex.org/A5061173804,Darren Gergle,last
https://openalex.org/W2795736453,"From Her Story, to Our Story: Digital Storytelling as Public Engagement around Abortion Rights Advocacy in Ireland",CHI,2018,https://openalex.org/A5021296068,Lydia Michie,first
https://openalex.org/W2795736453,"From Her Story, to Our Story: Digital Storytelling as Public Engagement around Abortion Rights Advocacy in Ireland",CHI,2018,https://openalex.org/A5078308184,Madeline Balaam,middle
https://openalex.org/W2795736453,"From Her Story, to Our Story: Digital Storytelling as Public Engagement around Abortion Rights Advocacy in Ireland",CHI,2018,https://openalex.org/A5001232416,John McCarthy,middle
https://openalex.org/W2795736453,"From Her Story, to Our Story: Digital Storytelling as Public Engagement around Abortion Rights Advocacy in Ireland",CHI,2018,https://openalex.org/A5032939256,Timur Osadchiy,middle
https://openalex.org/W2795736453,"From Her Story, to Our Story: Digital Storytelling as Public Engagement around Abortion Rights Advocacy in Ireland",CHI,2018,https://openalex.org/A5057143988,Kellie Morrissey,last
https://openalex.org/W2795908329,Gender Recognition or Gender Reductionism?: The Social Implications of Embedded Gender Recognition Systems,CHI,2018,https://openalex.org/A5031349141,Foad Hamidi,first
https://openalex.org/W2795908329,Gender Recognition or Gender Reductionism?: The Social Implications of Embedded Gender Recognition Systems,CHI,2018,https://openalex.org/A5084538652,Morgan Klaus Scheuerman,middle
https://openalex.org/W2795908329,Gender Recognition or Gender Reductionism?: The Social Implications of Embedded Gender Recognition Systems,CHI,2018,https://openalex.org/A5026377321,Stacy Branham,last
https://openalex.org/W2795620203,How Relevant are Incidental Power Poses for HCI?,CHI,2018,https://openalex.org/A5074985413,Yvonne Jansen,first
https://openalex.org/W2795620203,How Relevant are Incidental Power Poses for HCI?,CHI,2018,https://openalex.org/A5015615908,Kasper Hornbæk,last
https://openalex.org/W2787712888,Voice Interfaces in Everyday Life,CHI,2018,https://openalex.org/A5063697388,Martin Porcheron,first
https://openalex.org/W2787712888,Voice Interfaces in Everyday Life,CHI,2018,https://openalex.org/A5091627990,Joel E. Fischer,middle
https://openalex.org/W2787712888,Voice Interfaces in Everyday Life,CHI,2018,https://openalex.org/A5020860057,Stuart Reeves,middle
https://openalex.org/W2787712888,Voice Interfaces in Everyday Life,CHI,2018,https://openalex.org/A5054151701,Sarah Sharples,last
https://openalex.org/W2795582800,Examining Wikipedia With a Broader Lens: Quantifying the Value of Wikipedia's Relationships with Other Large-Scale Online Communities,CHI,2018,https://openalex.org/A5070837664,Nicholas Vincent,first
https://openalex.org/W2795582800,Examining Wikipedia With a Broader Lens: Quantifying the Value of Wikipedia's Relationships with Other Large-Scale Online Communities,CHI,2018,https://openalex.org/A5034891790,Isaac Johnson,middle
https://openalex.org/W2795582800,Examining Wikipedia With a Broader Lens: Quantifying the Value of Wikipedia's Relationships with Other Large-Scale Online Communities,CHI,2018,https://openalex.org/A5005448339,Brent Hecht,last
https://openalex.org/W2795389852,"Let's Talk About Race: Identity, Chatbots, and AI",CHI,2018,https://openalex.org/A5034634435,Ari Schlesinger,first
https://openalex.org/W2795389852,"Let's Talk About Race: Identity, Chatbots, and AI",CHI,2018,https://openalex.org/A5064650373,Kenton O’Hara,middle
https://openalex.org/W2795389852,"Let's Talk About Race: Identity, Chatbots, and AI",CHI,2018,https://openalex.org/A5029562752,Alex Taylor,last
https://openalex.org/W2795783386,Semi-Automated Coding for Qualitative Research: A User-Centered Inquiry and Initial Prototypes,CHI,2018,https://openalex.org/A5023043627,Megh Marathe,first
https://openalex.org/W2795783386,Semi-Automated Coding for Qualitative Research: A User-Centered Inquiry and Initial Prototypes,CHI,2018,https://openalex.org/A5032452724,Kentaro Toyama,last
https://openalex.org/W2796076588,Wall++: Room-Scale Interactive and Context-Aware Sensing,CHI,2018,https://openalex.org/A5100354637,Yang Zhang,first
https://openalex.org/W2796076588,Wall++: Room-Scale Interactive and Context-Aware Sensing,CHI,2018,https://openalex.org/A5071383028,Chouchang Yang,middle
https://openalex.org/W2796076588,Wall++: Room-Scale Interactive and Context-Aware Sensing,CHI,2018,https://openalex.org/A5039238746,Scott E. Hudson,middle
https://openalex.org/W2796076588,Wall++: Room-Scale Interactive and Context-Aware Sensing,CHI,2018,https://openalex.org/A5029290807,Chris Harrison,middle
https://openalex.org/W2796076588,Wall++: Room-Scale Interactive and Context-Aware Sensing,CHI,2018,https://openalex.org/A5047416400,Alanson P. Sample,last
https://openalex.org/W2807472134,HARK No More: On the Preregistration of CHI Experiments,CHI,2018,https://openalex.org/A5028106242,Asheley R. Landrum,first
https://openalex.org/W2807472134,HARK No More: On the Preregistration of CHI Experiments,CHI,2018,https://openalex.org/A5090363920,Joseph Hilgard,middle
https://openalex.org/W2807472134,HARK No More: On the Preregistration of CHI Experiments,CHI,2018,https://openalex.org/A5078903072,Robert B. Lull,middle
https://openalex.org/W2807472134,HARK No More: On the Preregistration of CHI Experiments,CHI,2018,https://openalex.org/A5010424762,Heather Akin,middle
https://openalex.org/W2807472134,HARK No More: On the Preregistration of CHI Experiments,CHI,2018,https://openalex.org/A5060508167,Kathleen Hall Jamieson,last
https://openalex.org/W2795429875,Making as Expression: Informing Design with People with Complex Communication Needs through Art Therapy,CHI,2018,https://openalex.org/A5014790341,Amanda Lazar,first
https://openalex.org/W2795429875,Making as Expression: Informing Design with People with Complex Communication Needs through Art Therapy,CHI,2018,https://openalex.org/A5011438930,Jessica L. Feuston,middle
https://openalex.org/W2795429875,Making as Expression: Informing Design with People with Complex Communication Needs through Art Therapy,CHI,2018,https://openalex.org/A5091847639,Caroline Edasis,middle
https://openalex.org/W2795429875,Making as Expression: Informing Design with People with Complex Communication Needs through Art Therapy,CHI,2018,https://openalex.org/A5066173469,Anne Marie Piper,last
https://openalex.org/W2795442664,Expressive Time Series Querying with Hand-Drawn Scale-Free Sketches,CHI,2018,https://openalex.org/A5075026385,Miro Mannino,first
https://openalex.org/W2795442664,Expressive Time Series Querying with Hand-Drawn Scale-Free Sketches,CHI,2018,https://openalex.org/A5044418740,Azza Abouzied,last
https://openalex.org/W2795619128,Project Zanzibar: A Portable and Flexible Tangible Interaction Platform,CHI,2018,https://openalex.org/A5066919494,Nicolas Villar,first
https://openalex.org/W2795619128,Project Zanzibar: A Portable and Flexible Tangible Interaction Platform,CHI,2018,https://openalex.org/A5000796744,Daniel Cletheroe,middle
https://openalex.org/W2795619128,Project Zanzibar: A Portable and Flexible Tangible Interaction Platform,CHI,2018,https://openalex.org/A5041491565,Greg Saul,middle
https://openalex.org/W2795619128,Project Zanzibar: A Portable and Flexible Tangible Interaction Platform,CHI,2018,https://openalex.org/A5046815740,Christian Holz,middle
https://openalex.org/W2795619128,Project Zanzibar: A Portable and Flexible Tangible Interaction Platform,CHI,2018,https://openalex.org/A5089370410,Tim Regan,middle
https://openalex.org/W2795619128,Project Zanzibar: A Portable and Flexible Tangible Interaction Platform,CHI,2018,https://openalex.org/A5046813937,Oscar Salandin,middle
https://openalex.org/W2795619128,Project Zanzibar: A Portable and Flexible Tangible Interaction Platform,CHI,2018,https://openalex.org/A5029380651,Misha Sra,middle
https://openalex.org/W2795619128,Project Zanzibar: A Portable and Flexible Tangible Interaction Platform,CHI,2018,https://openalex.org/A5028482882,Hui-Shyong Yeo,middle
https://openalex.org/W2795619128,Project Zanzibar: A Portable and Flexible Tangible Interaction Platform,CHI,2018,https://openalex.org/A5073012307,William J. Field,middle
https://openalex.org/W2795619128,Project Zanzibar: A Portable and Flexible Tangible Interaction Platform,CHI,2018,https://openalex.org/A5048262602,Haiyan Zhang,last
https://openalex.org/W2795552328,Experiencing the Body as Play,CHI,2018,https://openalex.org/A5071394525,Florian Mueller,first
https://openalex.org/W2795552328,Experiencing the Body as Play,CHI,2018,https://openalex.org/A5012929048,Richard Byrne,middle
https://openalex.org/W2795552328,Experiencing the Body as Play,CHI,2018,https://openalex.org/A5086240513,Josh Andrés,middle
https://openalex.org/W2795552328,Experiencing the Body as Play,CHI,2018,https://openalex.org/A5061987881,Rakesh Patibanda,last
https://openalex.org/W2795802000,Making Core Memory: Design Inquiry into Gendered Legacies of Engineering and Craftwork,CHI,2018,https://openalex.org/A5021902946,Daniela K. Rosner,first
https://openalex.org/W2795802000,Making Core Memory: Design Inquiry into Gendered Legacies of Engineering and Craftwork,CHI,2018,https://openalex.org/A5051153434,Samantha Shorey,middle
https://openalex.org/W2795802000,Making Core Memory: Design Inquiry into Gendered Legacies of Engineering and Craftwork,CHI,2018,https://openalex.org/A5019431004,Brock Craft,middle
https://openalex.org/W2795802000,Making Core Memory: Design Inquiry into Gendered Legacies of Engineering and Craftwork,CHI,2018,https://openalex.org/A5071897087,Helen Remick,last
https://openalex.org/W2795651511,Design for Collaborative Survival: An Inquiry into Human-Fungi Relationships,CHI,2018,https://openalex.org/A5109428307,Jen Liu,first
https://openalex.org/W2795651511,Design for Collaborative Survival: An Inquiry into Human-Fungi Relationships,CHI,2018,https://openalex.org/A5001613449,Daragh Byrne,middle
https://openalex.org/W2795651511,Design for Collaborative Survival: An Inquiry into Human-Fungi Relationships,CHI,2018,https://openalex.org/A5038303490,Laura Devendorf,last
https://openalex.org/W2796034586,Design Within a Patriarchal Society: Opportunities and Challenges in Designing for Rural Women in Bangladesh,CHI,2018,https://openalex.org/A5103026409,Sharifa Sultana,first
https://openalex.org/W2796034586,Design Within a Patriarchal Society: Opportunities and Challenges in Designing for Rural Women in Bangladesh,CHI,2018,https://openalex.org/A5037702709,François Guimbretière,middle
https://openalex.org/W2796034586,Design Within a Patriarchal Society: Opportunities and Challenges in Designing for Rural Women in Bangladesh,CHI,2018,https://openalex.org/A5059066123,Phoebe Sengers,middle
https://openalex.org/W2796034586,Design Within a Patriarchal Society: Opportunities and Challenges in Designing for Rural Women in Bangladesh,CHI,2018,https://openalex.org/A5057564242,Nicola Dell,last
https://openalex.org/W2795953912,Hoarding and Minimalism: Tendencies in Digital Data Preservation,CHI,2018,https://openalex.org/A5043350857,Francesco Vitale,first
https://openalex.org/W2795953912,Hoarding and Minimalism: Tendencies in Digital Data Preservation,CHI,2018,https://openalex.org/A5091174431,Izabelle Janzen,middle
https://openalex.org/W2795953912,Hoarding and Minimalism: Tendencies in Digital Data Preservation,CHI,2018,https://openalex.org/A5016459516,Joanna McGrenere,last
https://openalex.org/W2796058046,Extending Manual Drawing Practices with Artist-Centric Programming Tools,CHI,2018,https://openalex.org/A5058644728,Jennifer Jacobs,first
https://openalex.org/W2796058046,Extending Manual Drawing Practices with Artist-Centric Programming Tools,CHI,2018,https://openalex.org/A5023292508,Joel Brandt,middle
https://openalex.org/W2796058046,Extending Manual Drawing Practices with Artist-Centric Programming Tools,CHI,2018,https://openalex.org/A5060956547,Radomír Měch,middle
https://openalex.org/W2796058046,Extending Manual Drawing Practices with Artist-Centric Programming Tools,CHI,2018,https://openalex.org/A5111684967,Mitchel Resnick,last
https://openalex.org/W2897496397,Relevance estimation with multiple information sources on search engine result pages,CIKM,2018,https://openalex.org/A5100648252,Junqi Zhang,first
https://openalex.org/W2897496397,Relevance estimation with multiple information sources on search engine result pages,CIKM,2018,https://openalex.org/A5100668121,Yiqun Liu,middle
https://openalex.org/W2897496397,Relevance estimation with multiple information sources on search engine result pages,CIKM,2018,https://openalex.org/A5100760812,Shaoping Ma,middle
https://openalex.org/W2897496397,Relevance estimation with multiple information sources on search engine result pages,CIKM,2018,https://openalex.org/A5111504451,Qi Tian,last
https://openalex.org/W2798512429,Taskonomy: Disentangling Task Transfer Learning,CVPR,2018,https://openalex.org/A5023178110,Amir Zamir,first
https://openalex.org/W2798512429,Taskonomy: Disentangling Task Transfer Learning,CVPR,2018,https://openalex.org/A5007556540,Alexander F. Sax,middle
https://openalex.org/W2798512429,Taskonomy: Disentangling Task Transfer Learning,CVPR,2018,https://openalex.org/A5112905724,William Shen,middle
https://openalex.org/W2798512429,Taskonomy: Disentangling Task Transfer Learning,CVPR,2018,https://openalex.org/A5065368881,Leonidas Guibas,middle
https://openalex.org/W2798512429,Taskonomy: Disentangling Task Transfer Learning,CVPR,2018,https://openalex.org/A5001594573,Jitendra Malik,middle
https://openalex.org/W2798512429,Taskonomy: Disentangling Task Transfer Learning,CVPR,2018,https://openalex.org/A5042646536,Silvio Savarese,last
https://openalex.org/W2963124215,Classical Verification of Quantum Computation,FOCS,2018,https://openalex.org/A5011207998,Urmila Mahadev,first
https://openalex.org/W2787022562,Pseudorandom Sets in Grassmann Graph have Near-Perfect Expansion,FOCS,2018,https://openalex.org/A5112345861,Khot Subhash,first
https://openalex.org/W2787022562,Pseudorandom Sets in Grassmann Graph have Near-Perfect Expansion,FOCS,2018,https://openalex.org/A5063520549,Dor Minzer,middle
https://openalex.org/W2787022562,Pseudorandom Sets in Grassmann Graph have Near-Perfect Expansion,FOCS,2018,https://openalex.org/A5007318528,Muli Safra,last
https://openalex.org/W2899462170,The Impact of Regular Expression Denial of Service (ReDoS) in Practice: An Empirical Study at the Ecosystem Scale,FSE,2018,https://openalex.org/A5013948143,James C. Davis,first
https://openalex.org/W2899462170,The Impact of Regular Expression Denial of Service (ReDoS) in Practice: An Empirical Study at the Ecosystem Scale,FSE,2018,https://openalex.org/A5068145628,Christy A. Coghlan,middle
https://openalex.org/W2899462170,The Impact of Regular Expression Denial of Service (ReDoS) in Practice: An Empirical Study at the Ecosystem Scale,FSE,2018,https://openalex.org/A5039701716,Francisco Servant,middle
https://openalex.org/W2899462170,The Impact of Regular Expression Denial of Service (ReDoS) in Practice: An Empirical Study at the Ecosystem Scale,FSE,2018,https://openalex.org/A5065310265,Dongyoon Lee,last
https://openalex.org/W2964177714,Adversarial Symbolic Execution for Detecting Concurrency-Related Cache Timing Leaks,FSE,2018,https://openalex.org/A5015125413,Shengjian Guo,first
https://openalex.org/W2964177714,Adversarial Symbolic Execution for Detecting Concurrency-Related Cache Timing Leaks,FSE,2018,https://openalex.org/A5017792083,Meng Wu,middle
https://openalex.org/W2964177714,Adversarial Symbolic Execution for Detecting Concurrency-Related Cache Timing Leaks,FSE,2018,https://openalex.org/A5100406890,Chao Wang,last
https://openalex.org/W2884340427,Data Race Detection on Compressed Traces,FSE,2018,https://openalex.org/A5068124021,Dileep Kini,first
https://openalex.org/W2884340427,Data Race Detection on Compressed Traces,FSE,2018,https://openalex.org/A5016958234,Umang Mathur,middle
https://openalex.org/W2884340427,Data Race Detection on Compressed Traces,FSE,2018,https://openalex.org/A5076852218,Mahesh Viswanathan,last
https://openalex.org/W2899510293,An Empirical Study on Crash Recovery Bugs in Large-Scale Distributed Systems,FSE,2018,https://openalex.org/A5048975494,Yu Gao,first
https://openalex.org/W2899510293,An Empirical Study on Crash Recovery Bugs in Large-Scale Distributed Systems,FSE,2018,https://openalex.org/A5023724495,Wensheng Dou,middle
https://openalex.org/W2899510293,An Empirical Study on Crash Recovery Bugs in Large-Scale Distributed Systems,FSE,2018,https://openalex.org/A5028781688,Feng Qin,middle
https://openalex.org/W2899510293,An Empirical Study on Crash Recovery Bugs in Large-Scale Distributed Systems,FSE,2018,https://openalex.org/A5036073707,Chushu Gao,middle
https://openalex.org/W2899510293,An Empirical Study on Crash Recovery Bugs in Large-Scale Distributed Systems,FSE,2018,https://openalex.org/A5100391567,Dong Wang,middle
https://openalex.org/W2899510293,An Empirical Study on Crash Recovery Bugs in Large-Scale Distributed Systems,FSE,2018,https://openalex.org/A5037779332,Jun Wei,middle
https://openalex.org/W2899510293,An Empirical Study on Crash Recovery Bugs in Large-Scale Distributed Systems,FSE,2018,https://openalex.org/A5112210547,Ruirui Huang,middle
https://openalex.org/W2899510293,An Empirical Study on Crash Recovery Bugs in Large-Scale Distributed Systems,FSE,2018,https://openalex.org/A5101911602,L. Zhou,middle
https://openalex.org/W2899510293,An Empirical Study on Crash Recovery Bugs in Large-Scale Distributed Systems,FSE,2018,https://openalex.org/A5101484888,Yongming Wu,last
https://openalex.org/W2787708942,Obfuscated Gradients Give a False Sense of Security: Circumventing Defenses to Adversarial Examples,ICML,2018,https://openalex.org/A5091720485,Anish Athalye,first
https://openalex.org/W2787708942,Obfuscated Gradients Give a False Sense of Security: Circumventing Defenses to Adversarial Examples,ICML,2018,https://openalex.org/A5034257647,Nicholas Carlini,middle
https://openalex.org/W2787708942,Obfuscated Gradients Give a False Sense of Security: Circumventing Defenses to Adversarial Examples,ICML,2018,https://openalex.org/A5062174672,David Wagner,last
https://openalex.org/W2790697880,Delayed Impact of Fair Machine Learning,ICML,2018,https://openalex.org/A5017596078,Lydia T. Liu,first
https://openalex.org/W2790697880,Delayed Impact of Fair Machine Learning,ICML,2018,https://openalex.org/A5029554720,Sarah Dean,middle
https://openalex.org/W2790697880,Delayed Impact of Fair Machine Learning,ICML,2018,https://openalex.org/A5047182302,Esther Rolf,middle
https://openalex.org/W2790697880,Delayed Impact of Fair Machine Learning,ICML,2018,https://openalex.org/A5037154191,Max Simchowitz,middle
https://openalex.org/W2790697880,Delayed Impact of Fair Machine Learning,ICML,2018,https://openalex.org/A5039915143,Moritz Hardt,last
https://openalex.org/W2784669118,Large-Scale Analysis of Framework-Specific Exceptions in Android Apps,ICSE,2018,https://openalex.org/A5102012317,Lingling Fan,first
https://openalex.org/W2784669118,Large-Scale Analysis of Framework-Specific Exceptions in Android Apps,ICSE,2018,https://openalex.org/A5043441209,Ting Su,middle
https://openalex.org/W2784669118,Large-Scale Analysis of Framework-Specific Exceptions in Android Apps,ICSE,2018,https://openalex.org/A5100658276,Sen Chen,middle
https://openalex.org/W2784669118,Large-Scale Analysis of Framework-Specific Exceptions in Android Apps,ICSE,2018,https://openalex.org/A5017417068,Guozhu Meng,middle
https://openalex.org/W2784669118,Large-Scale Analysis of Framework-Specific Exceptions in Android Apps,ICSE,2018,https://openalex.org/A5100355692,Yang Liu,middle
https://openalex.org/W2784669118,Large-Scale Analysis of Framework-Specific Exceptions in Android Apps,ICSE,2018,https://openalex.org/A5072024833,Lihua Xu,middle
https://openalex.org/W2784669118,Large-Scale Analysis of Framework-Specific Exceptions in Android Apps,ICSE,2018,https://openalex.org/A5054490662,Geguang Pu,middle
https://openalex.org/W2784669118,Large-Scale Analysis of Framework-Specific Exceptions in Android Apps,ICSE,2018,https://openalex.org/A5077610917,Zhendong Su,last
https://openalex.org/W2799943342,Spatio-Temporal Context Reduction: A Pointer-Analysis-Based Static Approach for Detecting Use-After-Free Vulnerabilities,ICSE,2018,https://openalex.org/A5071723330,Timo Rehfeld,first
https://openalex.org/W2794694213,Identifying Design Problems in the Source Code: A Grounded Theory,ICSE,2018,https://openalex.org/A5103226106,Leonardo Sousa,first
https://openalex.org/W2794694213,Identifying Design Problems in the Source Code: A Grounded Theory,ICSE,2018,https://openalex.org/A5041090227,Anderson Oliveira,middle
https://openalex.org/W2794694213,Identifying Design Problems in the Source Code: A Grounded Theory,ICSE,2018,https://openalex.org/A5024116315,Willian Oizumi,middle
https://openalex.org/W2794694213,Identifying Design Problems in the Source Code: A Grounded Theory,ICSE,2018,https://openalex.org/A5027812149,Simone Diniz Junqueira Barbosa,middle
https://openalex.org/W2794694213,Identifying Design Problems in the Source Code: A Grounded Theory,ICSE,2018,https://openalex.org/A5007792821,Alessandro Garcia,middle
https://openalex.org/W2794694213,Identifying Design Problems in the Source Code: A Grounded Theory,ICSE,2018,https://openalex.org/A5100627188,Jaejoon Lee,middle
https://openalex.org/W2794694213,Identifying Design Problems in the Source Code: A Grounded Theory,ICSE,2018,https://openalex.org/A5062526200,Marcos Kalinowski,middle
https://openalex.org/W2794694213,Identifying Design Problems in the Source Code: A Grounded Theory,ICSE,2018,https://openalex.org/A5036209534,Rafael de Mello,middle
https://openalex.org/W2794694213,Identifying Design Problems in the Source Code: A Grounded Theory,ICSE,2018,https://openalex.org/A5090231856,Baldoíno Fonseca,middle
https://openalex.org/W2794694213,Identifying Design Problems in the Source Code: A Grounded Theory,ICSE,2018,https://openalex.org/A5043970768,Roberto Oliveira,middle
https://openalex.org/W2794694213,Identifying Design Problems in the Source Code: A Grounded Theory,ICSE,2018,https://openalex.org/A5021306015,Carlos Lucena,middle
https://openalex.org/W2794694213,Identifying Design Problems in the Source Code: A Grounded Theory,ICSE,2018,https://openalex.org/A5078986097,Rodrigo Paes,last
https://openalex.org/W2795338679,Static Automated Program Repair for Heap Properties,ICSE,2018,https://openalex.org/A5056334354,Rijnard van Tonder,first
https://openalex.org/W2795338679,Static Automated Program Repair for Heap Properties,ICSE,2018,https://openalex.org/A5032356672,Claire Le Goues,last
https://openalex.org/W2962804757,Automated Localization for Unreproducible Builds,ICSE,2018,https://openalex.org/A5108246345,Zhilei Ren,first
https://openalex.org/W2962804757,Automated Localization for Unreproducible Builds,ICSE,2018,https://openalex.org/A5002119636,He Jiang,middle
https://openalex.org/W2962804757,Automated Localization for Unreproducible Builds,ICSE,2018,https://openalex.org/A5002360773,Jifeng Xuan,middle
https://openalex.org/W2962804757,Automated Localization for Unreproducible Builds,ICSE,2018,https://openalex.org/A5101995389,Zijiang Yang,last
https://openalex.org/W2794901250,Generalized Data Structure Synthesis,ICSE,2018,https://openalex.org/A5009835433,Calvin Loncaric,first
https://openalex.org/W2794901250,Generalized Data Structure Synthesis,ICSE,2018,https://openalex.org/A5032068969,Michael D. Ernst,middle
https://openalex.org/W2794901250,Generalized Data Structure Synthesis,ICSE,2018,https://openalex.org/A5088791029,Emina Torlak,last
https://openalex.org/W2964064835,Traceability in the Wild: Automatically Augmenting Incomplete Trace links,ICSE,2018,https://openalex.org/A5082629071,Michael Rath,first
https://openalex.org/W2964064835,Traceability in the Wild: Automatically Augmenting Incomplete Trace links,ICSE,2018,https://openalex.org/A5032569584,Jacob Rendall,middle
https://openalex.org/W2964064835,Traceability in the Wild: Automatically Augmenting Incomplete Trace links,ICSE,2018,https://openalex.org/A5010572058,Jin Guo,middle
https://openalex.org/W2964064835,Traceability in the Wild: Automatically Augmenting Incomplete Trace links,ICSE,2018,https://openalex.org/A5037363688,Jane Cleland‐Huang,middle
https://openalex.org/W2964064835,Traceability in the Wild: Automatically Augmenting Incomplete Trace links,ICSE,2018,https://openalex.org/A5063243817,Patrick Mäder,last
https://openalex.org/W2795283266,Towards Optimal Concolic Testing,ICSE,2018,https://openalex.org/A5100352782,Xinyu Wang,first
https://openalex.org/W2795283266,Towards Optimal Concolic Testing,ICSE,2018,https://openalex.org/A5100429004,Jun Sun,middle
https://openalex.org/W2795283266,Towards Optimal Concolic Testing,ICSE,2018,https://openalex.org/A5024920190,Zhenbang Chen,middle
https://openalex.org/W2795283266,Towards Optimal Concolic Testing,ICSE,2018,https://openalex.org/A5100683238,Peixin Zhang,middle
https://openalex.org/W2795283266,Towards Optimal Concolic Testing,ICSE,2018,https://openalex.org/A5100319491,Jingyi Wang,middle
https://openalex.org/W2795283266,Towards Optimal Concolic Testing,ICSE,2018,https://openalex.org/A5063706766,Yun Lin,last
https://openalex.org/W2808437126,SentiGAN: Generating Sentimental Texts via Mixture Adversarial Networks,IJCAI,2018,https://openalex.org/A5101445828,Ke Wang,first
https://openalex.org/W2808437126,SentiGAN: Generating Sentimental Texts via Mixture Adversarial Networks,IJCAI,2018,https://openalex.org/A5029568096,Xiaojun Wan,last
https://openalex.org/W2808657866,Reasoning about Consensus when Opinions Diffuse through Majority Dynamics,IJCAI,2018,https://openalex.org/A5075507126,Vincenzo Auletta,first
https://openalex.org/W2808657866,Reasoning about Consensus when Opinions Diffuse through Majority Dynamics,IJCAI,2018,https://openalex.org/A5044085723,Diodato Ferraioli,middle
https://openalex.org/W2808657866,Reasoning about Consensus when Opinions Diffuse through Majority Dynamics,IJCAI,2018,https://openalex.org/A5087340443,Gianluigi Greco,last
https://openalex.org/W2807936987,R-SVM+: Robust Learning with Privileged Information,IJCAI,2018,https://openalex.org/A5100372201,Xue Li,first
https://openalex.org/W2807936987,R-SVM+: Robust Learning with Privileged Information,IJCAI,2018,https://openalex.org/A5060042752,Bo Du,middle
https://openalex.org/W2807936987,R-SVM+: Robust Learning with Privileged Information,IJCAI,2018,https://openalex.org/A5001529504,Chang Xu,middle
https://openalex.org/W2807936987,R-SVM+: Robust Learning with Privileged Information,IJCAI,2018,https://openalex.org/A5100730687,Yipeng Zhang,middle
https://openalex.org/W2807936987,R-SVM+: Robust Learning with Privileged Information,IJCAI,2018,https://openalex.org/A5024278302,Lefei Zhang,middle
https://openalex.org/W2807936987,R-SVM+: Robust Learning with Privileged Information,IJCAI,2018,https://openalex.org/A5074103823,Dacheng Tao,last
https://openalex.org/W2808071466,From Conjunctive Queries to Instance Queries in Ontology-Mediated Querying,IJCAI,2018,https://openalex.org/A5055516926,Cristina Feier,first
https://openalex.org/W2808071466,From Conjunctive Queries to Instance Queries in Ontology-Mediated Querying,IJCAI,2018,https://openalex.org/A5034616829,Carsten Lutz,middle
https://openalex.org/W2808071466,From Conjunctive Queries to Instance Queries in Ontology-Mediated Querying,IJCAI,2018,https://openalex.org/A5010967150,Frank Wolter,last
https://openalex.org/W2800007566,What game are we playing? End-to-end learning in normal and extensive form games,IJCAI,2018,https://openalex.org/A5030456881,Chun Kai Ling,first
https://openalex.org/W2800007566,What game are we playing? End-to-end learning in normal and extensive form games,IJCAI,2018,https://openalex.org/A5061127138,Fei Fang,middle
https://openalex.org/W2800007566,What game are we playing? End-to-end learning in normal and extensive form games,IJCAI,2018,https://openalex.org/A5075035644,J. Zico Kolter,last
https://openalex.org/W2807873315,Commonsense Knowledge Aware Conversation Generation with Graph Attention,IJCAI,2018,https://openalex.org/A5022574607,Hao Zhou,first
https://openalex.org/W2807873315,Commonsense Knowledge Aware Conversation Generation with Graph Attention,IJCAI,2018,https://openalex.org/A5038994448,Tom Young,middle
https://openalex.org/W2807873315,Commonsense Knowledge Aware Conversation Generation with Graph Attention,IJCAI,2018,https://openalex.org/A5044042138,Minlie Huang,middle
https://openalex.org/W2807873315,Commonsense Knowledge Aware Conversation Generation with Graph Attention,IJCAI,2018,https://openalex.org/A5068023300,Haizhou Zhao,middle
https://openalex.org/W2807873315,Commonsense Knowledge Aware Conversation Generation with Graph Attention,IJCAI,2018,https://openalex.org/A5102861619,Jingfang Xu,middle
https://openalex.org/W2807873315,Commonsense Knowledge Aware Conversation Generation with Graph Attention,IJCAI,2018,https://openalex.org/A5100452974,Xiaoyan Zhu,last
https://openalex.org/W2808551187,A Degeneracy Framework for Graph Similarity,IJCAI,2018,https://openalex.org/A5011742954,Giannis Nikolentzos,first
https://openalex.org/W2808551187,A Degeneracy Framework for Graph Similarity,IJCAI,2018,https://openalex.org/A5064520344,Polykarpos Meladianos,middle
https://openalex.org/W2808551187,A Degeneracy Framework for Graph Similarity,IJCAI,2018,https://openalex.org/A5058510425,Stratis Limnios,middle
https://openalex.org/W2808551187,A Degeneracy Framework for Graph Similarity,IJCAI,2018,https://openalex.org/A5057695979,Michalis Vazirgiannis,last
https://openalex.org/W2792261072,Understanding Ethereum via Graph Analysis,INFOCOM,2018,https://openalex.org/A5100443178,Ting Chen,first
https://openalex.org/W2792261072,Understanding Ethereum via Graph Analysis,INFOCOM,2018,https://openalex.org/A5100673750,Yu-Xiao Zhu,middle
https://openalex.org/W2792261072,Understanding Ethereum via Graph Analysis,INFOCOM,2018,https://openalex.org/A5100342798,Zihao Li,middle
https://openalex.org/W2792261072,Understanding Ethereum via Graph Analysis,INFOCOM,2018,https://openalex.org/A5086118824,Jiachi Chen,middle
https://openalex.org/W2792261072,Understanding Ethereum via Graph Analysis,INFOCOM,2018,https://openalex.org/A5100634702,Xiaoqi Li,middle
https://openalex.org/W2792261072,Understanding Ethereum via Graph Analysis,INFOCOM,2018,https://openalex.org/A5100400376,Xiapu Luo,middle
https://openalex.org/W2792261072,Understanding Ethereum via Graph Analysis,INFOCOM,2018,https://openalex.org/A5083787204,Xiaodong Lin,middle
https://openalex.org/W2792261072,Understanding Ethereum via Graph Analysis,INFOCOM,2018,https://openalex.org/A5035647171,Xiaosong Zhange,last
https://openalex.org/W2789643397,WiFED: WiFi Friendly Energy Delivery with Distributed Beamforming,INFOCOM,2018,https://openalex.org/A5082318381,Subhramoy Mohanti,first
https://openalex.org/W2789643397,WiFED: WiFi Friendly Energy Delivery with Distributed Beamforming,INFOCOM,2018,https://openalex.org/A5036229988,Elif Bozkaya,middle
https://openalex.org/W2789643397,WiFED: WiFi Friendly Energy Delivery with Distributed Beamforming,INFOCOM,2018,https://openalex.org/A5085088065,M. Yousof Naderi,middle
https://openalex.org/W2789643397,WiFED: WiFi Friendly Energy Delivery with Distributed Beamforming,INFOCOM,2018,https://openalex.org/A5048431501,Berk Canberk,middle
https://openalex.org/W2789643397,WiFED: WiFi Friendly Energy Delivery with Distributed Beamforming,INFOCOM,2018,https://openalex.org/A5080483470,Kaushik Chowdhury,last
https://openalex.org/W2791487310,Optimizing Age of Information in Wireless Networks with Throughput Constraints,INFOCOM,2018,https://openalex.org/A5052671825,Igor Kadota,first
https://openalex.org/W2791487310,Optimizing Age of Information in Wireless Networks with Throughput Constraints,INFOCOM,2018,https://openalex.org/A5057128963,Abhishek Sinha,middle
https://openalex.org/W2791487310,Optimizing Age of Information in Wireless Networks with Throughput Constraints,INFOCOM,2018,https://openalex.org/A5036587377,Eytan Modiano,last
https://openalex.org/W2803831897,Adversarial Attacks on Neural Networks for Graph Data,KDD,2018,https://openalex.org/A5025058751,Daniel Zügner,first
https://openalex.org/W2803831897,Adversarial Attacks on Neural Networks for Graph Data,KDD,2018,https://openalex.org/A5014557575,Amir Akbarnejad,middle
https://openalex.org/W2803831897,Adversarial Attacks on Neural Networks for Graph Data,KDD,2018,https://openalex.org/A5074504351,Stephan Günnemann,last
https://openalex.org/W2963620539,SkyCore: Moving Core to the Edge for Untethered and Reliable UAV-based LTE Networks,MOBICOM,2018,https://openalex.org/A5101558101,Mehrdad Moradi,first
https://openalex.org/W2963620539,SkyCore: Moving Core to the Edge for Untethered and Reliable UAV-based LTE Networks,MOBICOM,2018,https://openalex.org/A5018752163,Karthikeyan Sundaresan,middle
https://openalex.org/W2963620539,SkyCore: Moving Core to the Edge for Untethered and Reliable UAV-based LTE Networks,MOBICOM,2018,https://openalex.org/A5085678555,Eugene Chai,middle
https://openalex.org/W2963620539,SkyCore: Moving Core to the Edge for Untethered and Reliable UAV-based LTE Networks,MOBICOM,2018,https://openalex.org/A5103503444,Sampath Rangarajan,middle
https://openalex.org/W2963620539,SkyCore: Moving Core to the Edge for Untethered and Reliable UAV-based LTE Networks,MOBICOM,2018,https://openalex.org/A5012670041,Zeyu Mao,last
https://openalex.org/W2890192685,Non-delusional Q-learning and Value-iteration,NeurIPS,2018,https://openalex.org/A5086690493,Tyler Lu,first
https://openalex.org/W2890192685,Non-delusional Q-learning and Value-iteration,NeurIPS,2018,https://openalex.org/A5010575626,Dale Schuurmans,middle
https://openalex.org/W2890192685,Non-delusional Q-learning and Value-iteration,NeurIPS,2018,https://openalex.org/A5036934218,Craig Boutilier,last
https://openalex.org/W2807548807,Optimal Algorithms for Non-Smooth Distributed Optimization in Networks,NeurIPS,2018,https://openalex.org/A5056747950,Kevin Scaman,first
https://openalex.org/W2807548807,Optimal Algorithms for Non-Smooth Distributed Optimization in Networks,NeurIPS,2018,https://openalex.org/A5001483226,Francis Bach,middle
https://openalex.org/W2807548807,Optimal Algorithms for Non-Smooth Distributed Optimization in Networks,NeurIPS,2018,https://openalex.org/A5021842384,Sébastien Bubeck,middle
https://openalex.org/W2807548807,Optimal Algorithms for Non-Smooth Distributed Optimization in Networks,NeurIPS,2018,https://openalex.org/A5024980585,Yin Tat Lee,middle
https://openalex.org/W2807548807,Optimal Algorithms for Non-Smooth Distributed Optimization in Networks,NeurIPS,2018,https://openalex.org/A5007698196,Laurent Massoulié,last
https://openalex.org/W2891786606,Nearly Tight Sample Complexity Bounds for Learning Mixtures of Gaussians via Sample Compression Schemes,NeurIPS,2018,https://openalex.org/A5051338636,Hassan Ashtiani,first
https://openalex.org/W2891786606,Nearly Tight Sample Complexity Bounds for Learning Mixtures of Gaussians via Sample Compression Schemes,NeurIPS,2018,https://openalex.org/A5112193907,Shai Ben-David,middle
https://openalex.org/W2891786606,Nearly Tight Sample Complexity Bounds for Learning Mixtures of Gaussians via Sample Compression Schemes,NeurIPS,2018,https://openalex.org/A5102957872,Nicholas J. A. Harvey,middle
https://openalex.org/W2891786606,Nearly Tight Sample Complexity Bounds for Learning Mixtures of Gaussians via Sample Compression Schemes,NeurIPS,2018,https://openalex.org/A5076085270,Christopher Liaw,middle
https://openalex.org/W2891786606,Nearly Tight Sample Complexity Bounds for Learning Mixtures of Gaussians via Sample Compression Schemes,NeurIPS,2018,https://openalex.org/A5089076722,Abbas Mehrabian,middle
https://openalex.org/W2891786606,Nearly Tight Sample Complexity Bounds for Learning Mixtures of Gaussians via Sample Compression Schemes,NeurIPS,2018,https://openalex.org/A5018866413,Yaniv Plan,last
https://openalex.org/W2808746463,Neural Ordinary Differential Equations,NeurIPS,2018,https://openalex.org/A5029262768,Ricky T. Q. Chen,first
https://openalex.org/W2808746463,Neural Ordinary Differential Equations,NeurIPS,2018,https://openalex.org/A5039192820,Yulia Rubanova,middle
https://openalex.org/W2808746463,Neural Ordinary Differential Equations,NeurIPS,2018,https://openalex.org/A5027925889,Jesse Bettencourt,middle
https://openalex.org/W2808746463,Neural Ordinary Differential Equations,NeurIPS,2018,https://openalex.org/A5030409494,David Duvenaud,last
https://openalex.org/W2897044322,REPT: Reverse Debugging of Failures in Deployed Software,OSDI,2018,https://openalex.org/A5112117974,Weidong Cui,first
https://openalex.org/W2897044322,REPT: Reverse Debugging of Failures in Deployed Software,OSDI,2018,https://openalex.org/A5085945429,Xinyang Ge,middle
https://openalex.org/W2897044322,REPT: Reverse Debugging of Failures in Deployed Software,OSDI,2018,https://openalex.org/A5050964144,Baris Kasikci,middle
https://openalex.org/W2897044322,REPT: Reverse Debugging of Failures in Deployed Software,OSDI,2018,https://openalex.org/A5024053576,Ben Niu,middle
https://openalex.org/W2897044322,REPT: Reverse Debugging of Failures in Deployed Software,OSDI,2018,https://openalex.org/A5006077391,Upamanyu Sharma,middle
https://openalex.org/W2897044322,REPT: Reverse Debugging of Failures in Deployed Software,OSDI,2018,https://openalex.org/A5100653715,Ruoyu Wang,middle
https://openalex.org/W2897044322,REPT: Reverse Debugging of Failures in Deployed Software,OSDI,2018,https://openalex.org/A5059899443,Insu Yun,last
https://openalex.org/W2899396876,"LegoOS: A Disseminated, Distributed OS for Hardware Resource Disaggregation",OSDI,2018,https://openalex.org/A5060703788,Yizhou Shan,first
https://openalex.org/W2899396876,"LegoOS: A Disseminated, Distributed OS for Hardware Resource Disaggregation",OSDI,2018,https://openalex.org/A5071661999,Yutong Huang,middle
https://openalex.org/W2899396876,"LegoOS: A Disseminated, Distributed OS for Hardware Resource Disaggregation",OSDI,2018,https://openalex.org/A5020418881,Yilun Chen,middle
https://openalex.org/W2899396876,"LegoOS: A Disseminated, Distributed OS for Hardware Resource Disaggregation",OSDI,2018,https://openalex.org/A5100741029,Yiying Zhang,last
https://openalex.org/W2898817152,Orca: Differential Bug Localization in Large-Scale Services,OSDI,2018,https://openalex.org/A5048777417,Ranjita Bhagwan,first
https://openalex.org/W2898817152,Orca: Differential Bug Localization in Large-Scale Services,OSDI,2018,https://openalex.org/A5077585432,Rahul Kumar,middle
https://openalex.org/W2898817152,Orca: Differential Bug Localization in Large-Scale Services,OSDI,2018,https://openalex.org/A5110832647,Chandra Sekhar Maddila,middle
https://openalex.org/W2898817152,Orca: Differential Bug Localization in Large-Scale Services,OSDI,2018,https://openalex.org/A5066394199,Adithya Abraham Philip,last
https://openalex.org/W2964240296,Program synthesis using conflict-driven learning,PLDI,2018,https://openalex.org/A5101567136,Yu Feng,first
https://openalex.org/W2964240296,Program synthesis using conflict-driven learning,PLDI,2018,https://openalex.org/A5101995804,Ruben Martins,middle
https://openalex.org/W2964240296,Program synthesis using conflict-driven learning,PLDI,2018,https://openalex.org/A5029243071,Osbert Bastani,middle
https://openalex.org/W2964240296,Program synthesis using conflict-driven learning,PLDI,2018,https://openalex.org/A5006424908,Işıl Dillig,last
https://openalex.org/W2798609500,A data-driven CHC solver,PLDI,2018,https://openalex.org/A5004145814,He Zhu,first
https://openalex.org/W2798609500,A data-driven CHC solver,PLDI,2018,https://openalex.org/A5012433957,S. Magill,middle
https://openalex.org/W2798609500,A data-driven CHC solver,PLDI,2018,https://openalex.org/A5034957233,Suresh Jagannathan,last
https://openalex.org/W2798832443,Entity Matching with Active Monotone Classification,PODS,2018,https://openalex.org/A5048609852,Yufei Tao,first
https://openalex.org/W2794473399,On Enforcing the Digital Immunity of a Large Humanitarian Organization,S&P,2018,https://openalex.org/A5011387239,Stevens Le Blond,first
https://openalex.org/W2794473399,On Enforcing the Digital Immunity of a Large Humanitarian Organization,S&P,2018,https://openalex.org/A5065305058,Alejandro Cuevas,middle
https://openalex.org/W2794473399,On Enforcing the Digital Immunity of a Large Humanitarian Organization,S&P,2018,https://openalex.org/A5089763199,Juan Ramón Troncoso-Pastoriza,middle
https://openalex.org/W2794473399,On Enforcing the Digital Immunity of a Large Humanitarian Organization,S&P,2018,https://openalex.org/A5036662107,Philipp Jovanovic,middle
https://openalex.org/W2794473399,On Enforcing the Digital Immunity of a Large Humanitarian Organization,S&P,2018,https://openalex.org/A5045962151,Bryan Ford,middle
https://openalex.org/W2794473399,On Enforcing the Digital Immunity of a Large Humanitarian Organization,S&P,2018,https://openalex.org/A5080497445,Jean‐Pierre Hubaux,last
https://openalex.org/W2787222284,DEEPSEC: Deciding Equivalence Properties in Security Protocols -- Theory and Practice,S&P,2018,https://openalex.org/A5065695523,Vincent Cheval,first
https://openalex.org/W2787222284,DEEPSEC: Deciding Equivalence Properties in Security Protocols -- Theory and Practice,S&P,2018,https://openalex.org/A5085316790,Steve Kremer,middle
https://openalex.org/W2787222284,DEEPSEC: Deciding Equivalence Properties in Security Protocols -- Theory and Practice,S&P,2018,https://openalex.org/A5078512511,Itsaka Rakotonirina,last
https://openalex.org/W2876796450,Inferring Persistent Interdomain Congestion,SIGCOMM,2018,https://openalex.org/A5005275631,Amogh Dhamdhere,first
https://openalex.org/W2876796450,Inferring Persistent Interdomain Congestion,SIGCOMM,2018,https://openalex.org/A5112073231,David D. Clark,middle
https://openalex.org/W2876796450,Inferring Persistent Interdomain Congestion,SIGCOMM,2018,https://openalex.org/A5060437791,Alexander Gamero-Garrido,middle
https://openalex.org/W2876796450,Inferring Persistent Interdomain Congestion,SIGCOMM,2018,https://openalex.org/A5006799119,Matthew Luckie,middle
https://openalex.org/W2876796450,Inferring Persistent Interdomain Congestion,SIGCOMM,2018,https://openalex.org/A5084986707,Ricky K. P. Mok,middle
https://openalex.org/W2876796450,Inferring Persistent Interdomain Congestion,SIGCOMM,2018,https://openalex.org/A5085735887,Gautam Akiwate,middle
https://openalex.org/W2876796450,Inferring Persistent Interdomain Congestion,SIGCOMM,2018,https://openalex.org/A5009818638,Kabir Gogia,middle
https://openalex.org/W2876796450,Inferring Persistent Interdomain Congestion,SIGCOMM,2018,https://openalex.org/A5063889159,Vaibhav Bajpai,middle
https://openalex.org/W2876796450,Inferring Persistent Interdomain Congestion,SIGCOMM,2018,https://openalex.org/A5029890607,Alex C. Snoeren,middle
https://openalex.org/W2876796450,Inferring Persistent Interdomain Congestion,SIGCOMM,2018,https://openalex.org/A5072282499,kc claffy,last
https://openalex.org/W2799048248,Should I Follow the Crowd? A Probabilistic Analysis of the Effectiveness of Popularity in Recommender Systems,SIGIR,2018,https://openalex.org/A5081476292,Rocío Cañamares,first
https://openalex.org/W2799048248,Should I Follow the Crowd? A Probabilistic Analysis of the Effectiveness of Popularity in Recommender Systems,SIGIR,2018,https://openalex.org/A5052940596,Pablo Castells,last
https://openalex.org/W4252400026,A Refined Mean Field Approximation,SIGMETRICS,2018,https://openalex.org/A5052639125,Nicolas Gast,first
https://openalex.org/W4252400026,A Refined Mean Field Approximation,SIGMETRICS,2018,https://openalex.org/A5055823052,Benny Van Houdt,last
https://openalex.org/W2798891709,SuRF: Practical Range Query Filtering with Fast Succinct Tries,SIGMOD,2018,https://openalex.org/A5015113627,Huanchen Zhang,first
https://openalex.org/W2798891709,SuRF: Practical Range Query Filtering with Fast Succinct Tries,SIGMOD,2018,https://openalex.org/A5050218314,Hyeontaek Lim,middle
https://openalex.org/W2798891709,SuRF: Practical Range Query Filtering with Fast Succinct Tries,SIGMOD,2018,https://openalex.org/A5046213289,Viktor Leis,middle
https://openalex.org/W2798891709,SuRF: Practical Range Query Filtering with Fast Succinct Tries,SIGMOD,2018,https://openalex.org/A5085479490,David G. Andersen,middle
https://openalex.org/W2798891709,SuRF: Practical Range Query Filtering with Fast Succinct Tries,SIGMOD,2018,https://openalex.org/A5052885090,Michael Kaminsky,middle
https://openalex.org/W2798891709,SuRF: Practical Range Query Filtering with Fast Succinct Tries,SIGMOD,2018,https://openalex.org/A5053422735,Kimberly Keeton,middle
https://openalex.org/W2798891709,SuRF: Practical Range Query Filtering with Fast Succinct Tries,SIGMOD,2018,https://openalex.org/A5049165312,Andrew Pavlo,last
https://openalex.org/W2793481095,Approaching 3/2 for the s-t-path TSP,SODA,2018,https://openalex.org/A5034603892,Carlos Rodríguez‐Navarro,first
https://openalex.org/W2793481095,Approaching 3/2 for the s-t-path TSP,SODA,2018,https://openalex.org/A5090101869,Fulvio Di Lorenzo,middle
https://openalex.org/W2793481095,Approaching 3/2 for the s-t-path TSP,SODA,2018,https://openalex.org/A5030133462,Kerstin Elert,last
https://openalex.org/W2974337481,Online Bipartite Matching with Amortized O(log2 N)Replacements,SODA,2018,https://openalex.org/A5033889707,Aaron Bernstein,first
https://openalex.org/W2974337481,Online Bipartite Matching with Amortized O(log2 N)Replacements,SODA,2018,https://openalex.org/A5025874799,Jacob Holm,middle
https://openalex.org/W2974337481,Online Bipartite Matching with Amortized O(log2 N)Replacements,SODA,2018,https://openalex.org/A5004695759,Eva Rotenberg,last
https://openalex.org/W2896381102,Authoring and Verifying Human-Robot Interactions,UIST,2018,https://openalex.org/A5021735130,David Porfirio,first
https://openalex.org/W2896381102,Authoring and Verifying Human-Robot Interactions,UIST,2018,https://openalex.org/A5073533400,Allison Sauppé,middle
https://openalex.org/W2896381102,Authoring and Verifying Human-Robot Interactions,UIST,2018,https://openalex.org/A5050593520,Aws Albarghouthi,middle
https://openalex.org/W2896381102,Authoring and Verifying Human-Robot Interactions,UIST,2018,https://openalex.org/A5017344436,Bilge Mutlu,last
https://openalex.org/W2896806675,Porta: Profiling Software Tutorials Using Operating-System-Wide Activity Tracing,UIST,2018,https://openalex.org/A5041654458,Alok Mysore,first
https://openalex.org/W2896806675,Porta: Profiling Software Tutorials Using Operating-System-Wide Activity Tracing,UIST,2018,https://openalex.org/A5060695800,Philip J. Guo,last
https://openalex.org/W2897456565,"RESi: A Highly Flexible, Pressure-Sensitive, Imperceptible Textile Interface Based on Resistive Yarns",UIST,2018,https://openalex.org/A5019954653,Patrick Parzer,first
https://openalex.org/W2897456565,"RESi: A Highly Flexible, Pressure-Sensitive, Imperceptible Textile Interface Based on Resistive Yarns",UIST,2018,https://openalex.org/A5060423255,Florian Perteneder,middle
https://openalex.org/W2897456565,"RESi: A Highly Flexible, Pressure-Sensitive, Imperceptible Textile Interface Based on Resistive Yarns",UIST,2018,https://openalex.org/A5009630097,Kathrin Probst,middle
https://openalex.org/W2897456565,"RESi: A Highly Flexible, Pressure-Sensitive, Imperceptible Textile Interface Based on Resistive Yarns",UIST,2018,https://openalex.org/A5105368417,Christian Rendl,middle
https://openalex.org/W2897456565,"RESi: A Highly Flexible, Pressure-Sensitive, Imperceptible Textile Interface Based on Resistive Yarns",UIST,2018,https://openalex.org/A5020423438,Joanne Leong,middle
https://openalex.org/W2897456565,"RESi: A Highly Flexible, Pressure-Sensitive, Imperceptible Textile Interface Based on Resistive Yarns",UIST,2018,https://openalex.org/A5075233441,Sarah Schuetz,middle
https://openalex.org/W2897456565,"RESi: A Highly Flexible, Pressure-Sensitive, Imperceptible Textile Interface Based on Resistive Yarns",UIST,2018,https://openalex.org/A5057440817,Anita Vogl,middle
https://openalex.org/W2897456565,"RESi: A Highly Flexible, Pressure-Sensitive, Imperceptible Textile Interface Based on Resistive Yarns",UIST,2018,https://openalex.org/A5038015196,Reinhard Schwoediauer,middle
https://openalex.org/W2897456565,"RESi: A Highly Flexible, Pressure-Sensitive, Imperceptible Textile Interface Based on Resistive Yarns",UIST,2018,https://openalex.org/A5062271013,Martin Kaltenbrunner,middle
https://openalex.org/W2897456565,"RESi: A Highly Flexible, Pressure-Sensitive, Imperceptible Textile Interface Based on Resistive Yarns",UIST,2018,https://openalex.org/A5091161380,Siegfried Bauer,middle
https://openalex.org/W2897456565,"RESi: A Highly Flexible, Pressure-Sensitive, Imperceptible Textile Interface Based on Resistive Yarns",UIST,2018,https://openalex.org/A5009340165,Michael Haller,last
https://openalex.org/W2802609531,The Ubiquity of Large Graphs and Surprising Challenges of Graph Processing: Extended Survey,VLDB,2018,https://openalex.org/A5083732107,Arindam Dey,first
https://openalex.org/W2802609531,The Ubiquity of Large Graphs and Surprising Challenges of Graph Processing: Extended Survey,VLDB,2018,https://openalex.org/A5021195349,Mark Billinghurst,middle
https://openalex.org/W2802609531,The Ubiquity of Large Graphs and Surprising Challenges of Graph Processing: Extended Survey,VLDB,2018,https://openalex.org/A5010587031,Robert W. Lindeman,middle
https://openalex.org/W2802609531,The Ubiquity of Large Graphs and Surprising Challenges of Graph Processing: Extended Survey,VLDB,2018,https://openalex.org/A5050639579,J. Edward Swan,last
https://openalex.org/W2788150400,HighLife: Higher-arity Fact Harvesting,WWW,2018,https://openalex.org/A5013361951,Patrick Erñst,first
https://openalex.org/W2788150400,HighLife: Higher-arity Fact Harvesting,WWW,2018,https://openalex.org/A5065988924,Amy Siu,middle
https://openalex.org/W2788150400,HighLife: Higher-arity Fact Harvesting,WWW,2018,https://openalex.org/A5088135366,Gerhard Weikum,last
https://openalex.org/W2521461771,Label-Free Supervision of Neural Networks with Physics and Domain Knowledge,AAAI,2017,https://openalex.org/A5084822815,Russell J. Stewart,first
https://openalex.org/W2521461771,Label-Free Supervision of Neural Networks with Physics and Domain Knowledge,AAAI,2017,https://openalex.org/A5091179481,Stefano Ermon,last
https://openalex.org/W2611715906,Probabilistic Typology: Deep Generative Models of Vowel Inventories,ACL,2017,https://openalex.org/A5061951606,Ryan Cotterell,first
https://openalex.org/W2611715906,Probabilistic Typology: Deep Generative Models of Vowel Inventories,ACL,2017,https://openalex.org/A5052467896,Jason Eisner,last
https://openalex.org/W2610214088,Kinecting with Orangutans: Zoo Visitors' Empathetic Responses to Animals' Use of Interactive Technology,CHI,2017,https://openalex.org/A5089731854,Sarah Webber,first
https://openalex.org/W2610214088,Kinecting with Orangutans: Zoo Visitors' Empathetic Responses to Animals' Use of Interactive Technology,CHI,2017,https://openalex.org/A5041837927,Marcus Carter,middle
https://openalex.org/W2610214088,Kinecting with Orangutans: Zoo Visitors' Empathetic Responses to Animals' Use of Interactive Technology,CHI,2017,https://openalex.org/A5016617747,Sally Sherwen,middle
https://openalex.org/W2610214088,Kinecting with Orangutans: Zoo Visitors' Empathetic Responses to Animals' Use of Interactive Technology,CHI,2017,https://openalex.org/A5064190255,Wally Smith,middle
https://openalex.org/W2610214088,Kinecting with Orangutans: Zoo Visitors' Empathetic Responses to Animals' Use of Interactive Technology,CHI,2017,https://openalex.org/A5054772142,Zaher Joukhadar,middle
https://openalex.org/W2610214088,Kinecting with Orangutans: Zoo Visitors' Empathetic Responses to Animals' Use of Interactive Technology,CHI,2017,https://openalex.org/A5003298917,Frank Vetere,last
https://openalex.org/W4300093098,"Organic Primitives: Synthesis and Design of pH-Reactive Materials using Molecular I/O for Sensing, Actuation, and Interaction",CHI,2017,https://openalex.org/A5068345805,Viirj Kan,first
https://openalex.org/W4300093098,"Organic Primitives: Synthesis and Design of pH-Reactive Materials using Molecular I/O for Sensing, Actuation, and Interaction",CHI,2017,https://openalex.org/A5049567786,Emma Vargo,middle
https://openalex.org/W4300093098,"Organic Primitives: Synthesis and Design of pH-Reactive Materials using Molecular I/O for Sensing, Actuation, and Interaction",CHI,2017,https://openalex.org/A5021981631,Noa Machover,middle
https://openalex.org/W4300093098,"Organic Primitives: Synthesis and Design of pH-Reactive Materials using Molecular I/O for Sensing, Actuation, and Interaction",CHI,2017,https://openalex.org/A5101577450,Hiroshi Ishii,middle
https://openalex.org/W4300093098,"Organic Primitives: Synthesis and Design of pH-Reactive Materials using Molecular I/O for Sensing, Actuation, and Interaction",CHI,2017,https://openalex.org/A5003684093,Serena Pan,middle
https://openalex.org/W4300093098,"Organic Primitives: Synthesis and Design of pH-Reactive Materials using Molecular I/O for Sensing, Actuation, and Interaction",CHI,2017,https://openalex.org/A5010861834,Weixuan Chen,middle
https://openalex.org/W4300093098,"Organic Primitives: Synthesis and Design of pH-Reactive Materials using Molecular I/O for Sensing, Actuation, and Interaction",CHI,2017,https://openalex.org/A5074504443,Yasuaki Kakehi,last
https://openalex.org/W2594859391,Understanding Public Evaluation: Quantifying Experimenter Intervention,CHI,2017,https://openalex.org/A5014222815,Julie Williamson,first
https://openalex.org/W2594859391,Understanding Public Evaluation: Quantifying Experimenter Intervention,CHI,2017,https://openalex.org/A5060027329,John Williamson,last
https://openalex.org/W2591131751,Designing Gamified Applications that Make Safe Driving More Engaging,CHI,2017,https://openalex.org/A5088998913,Fabius Steinberger,first
https://openalex.org/W2591131751,Designing Gamified Applications that Make Safe Driving More Engaging,CHI,2017,https://openalex.org/A5024591851,Ronald Schroeter,middle
https://openalex.org/W2591131751,Designing Gamified Applications that Make Safe Driving More Engaging,CHI,2017,https://openalex.org/A5031323457,Marcus Foth,middle
https://openalex.org/W2591131751,Designing Gamified Applications that Make Safe Driving More Engaging,CHI,2017,https://openalex.org/A5024222363,Daniel Johnson,last
https://openalex.org/W2611348597,Illumination Aesthetics: Light as a Creative Material within Computational Design,CHI,2017,https://openalex.org/A5015509678,César Torres,first
https://openalex.org/W2611348597,Illumination Aesthetics: Light as a Creative Material within Computational Design,CHI,2017,https://openalex.org/A5056690614,Jasper Tran O'Leary,middle
https://openalex.org/W2611348597,Illumination Aesthetics: Light as a Creative Material within Computational Design,CHI,2017,https://openalex.org/A5011095433,Molly Jane Nicholas,middle
https://openalex.org/W2611348597,Illumination Aesthetics: Light as a Creative Material within Computational Design,CHI,2017,https://openalex.org/A5061784816,Eric Paulos,last
https://openalex.org/W2767327746,Empowered participation: How Citizens Use Technology in Local Governance,CHI,2017,https://openalex.org/A5060951383,Kawaljeet Kaur Kapoor,first
https://openalex.org/W2767327746,Empowered participation: How Citizens Use Technology in Local Governance,CHI,2017,https://openalex.org/A5008267619,Kuttimani Tamilmani,middle
https://openalex.org/W2767327746,Empowered participation: How Citizens Use Technology in Local Governance,CHI,2017,https://openalex.org/A5034248834,Nripendra P. Rana,middle
https://openalex.org/W2767327746,Empowered participation: How Citizens Use Technology in Local Governance,CHI,2017,https://openalex.org/A5108664356,Pushp P. Patil,middle
https://openalex.org/W2767327746,Empowered participation: How Citizens Use Technology in Local Governance,CHI,2017,https://openalex.org/A5048622877,Yogesh K. Dwivedi,middle
https://openalex.org/W2767327746,Empowered participation: How Citizens Use Technology in Local Governance,CHI,2017,https://openalex.org/A5007151045,Sridhar Nerur,last
https://openalex.org/W2778244123,Stories from Survivors: Privacy & Security Practices when Coping with Intimate Partner Abuse,CHI,2017,https://openalex.org/A5074224778,Camille Cobb,first
https://openalex.org/W2778244123,Stories from Survivors: Privacy & Security Practices when Coping with Intimate Partner Abuse,CHI,2017,https://openalex.org/A5031825409,Samuel Sudar,middle
https://openalex.org/W2778244123,Stories from Survivors: Privacy & Security Practices when Coping with Intimate Partner Abuse,CHI,2017,https://openalex.org/A5014963962,Nicholas Reiter,middle
https://openalex.org/W2778244123,Stories from Survivors: Privacy & Security Practices when Coping with Intimate Partner Abuse,CHI,2017,https://openalex.org/A5076685799,Richard Anderson,middle
https://openalex.org/W2778244123,Stories from Survivors: Privacy & Security Practices when Coping with Intimate Partner Abuse,CHI,2017,https://openalex.org/A5058923617,Franziska Roesner,middle
https://openalex.org/W2778244123,Stories from Survivors: Privacy & Security Practices when Coping with Intimate Partner Abuse,CHI,2017,https://openalex.org/A5026130910,Tadayoshi Kohno,last
https://openalex.org/W2611579020,ShareVR: Enabling Co-Located Experiences for Virtual Reality between HMD and Non-HMD Users,CHI,2017,https://openalex.org/A5024399465,Jan Gugenheimer,first
https://openalex.org/W2611579020,ShareVR: Enabling Co-Located Experiences for Virtual Reality between HMD and Non-HMD Users,CHI,2017,https://openalex.org/A5016957812,Evgeny Stemasov,middle
https://openalex.org/W2611579020,ShareVR: Enabling Co-Located Experiences for Virtual Reality between HMD and Non-HMD Users,CHI,2017,https://openalex.org/A5033203092,Julian Frommel,middle
https://openalex.org/W2611579020,ShareVR: Enabling Co-Located Experiences for Virtual Reality between HMD and Non-HMD Users,CHI,2017,https://openalex.org/A5089009282,Enrico Rukzio,last
https://openalex.org/W2610339637,Examining Menstrual Tracking to Inform the Design of Personal Informatics Tools,CHI,2017,https://openalex.org/A5088906729,Daniel A. Epstein,first
https://openalex.org/W2610339637,Examining Menstrual Tracking to Inform the Design of Personal Informatics Tools,CHI,2017,https://openalex.org/A5010812538,Nicole B. Lee,middle
https://openalex.org/W2610339637,Examining Menstrual Tracking to Inform the Design of Personal Informatics Tools,CHI,2017,https://openalex.org/A5078108366,Jennifer Kang,middle
https://openalex.org/W2610339637,Examining Menstrual Tracking to Inform the Design of Personal Informatics Tools,CHI,2017,https://openalex.org/A5015415555,Elena Agapie,middle
https://openalex.org/W2610339637,Examining Menstrual Tracking to Inform the Design of Personal Informatics Tools,CHI,2017,https://openalex.org/A5063071548,Jessica Schroeder,middle
https://openalex.org/W2610339637,Examining Menstrual Tracking to Inform the Design of Personal Informatics Tools,CHI,2017,https://openalex.org/A5113651203,Laura R. Pina,middle
https://openalex.org/W2610339637,Examining Menstrual Tracking to Inform the Design of Personal Informatics Tools,CHI,2017,https://openalex.org/A5066568444,James Fogarty,middle
https://openalex.org/W2610339637,Examining Menstrual Tracking to Inform the Design of Personal Informatics Tools,CHI,2017,https://openalex.org/A5066304043,Julie A. Kientz,middle
https://openalex.org/W2610339637,Examining Menstrual Tracking to Inform the Design of Personal Informatics Tools,CHI,2017,https://openalex.org/A5068504623,Sean A. Munson,last
https://openalex.org/W2611586694,Explaining the Gap: Visualizing One's Predictions Improves Recall and Comprehension of Data,CHI,2017,https://openalex.org/A5084668442,Yea‐Seul Kim,first
https://openalex.org/W2611586694,Explaining the Gap: Visualizing One's Predictions Improves Recall and Comprehension of Data,CHI,2017,https://openalex.org/A5076852435,Katharina Reinecke,middle
https://openalex.org/W2611586694,Explaining the Gap: Visualizing One's Predictions Improves Recall and Comprehension of Data,CHI,2017,https://openalex.org/A5068008545,Jessica Hullman,last
https://openalex.org/W2611667142,mHealth for Maternal Mental Health: Everyday Wisdom in Ethical Design,CHI,2017,https://openalex.org/A5005459236,Marguerite Barry,first
https://openalex.org/W2611667142,mHealth for Maternal Mental Health: Everyday Wisdom in Ethical Design,CHI,2017,https://openalex.org/A5059134273,Kevin Doherty,middle
https://openalex.org/W2611667142,mHealth for Maternal Mental Health: Everyday Wisdom in Ethical Design,CHI,2017,https://openalex.org/A5056738154,José S Marcano Belisario,middle
https://openalex.org/W2611667142,mHealth for Maternal Mental Health: Everyday Wisdom in Ethical Design,CHI,2017,https://openalex.org/A5061312708,Josip Car,middle
https://openalex.org/W2611667142,mHealth for Maternal Mental Health: Everyday Wisdom in Ethical Design,CHI,2017,https://openalex.org/A5049999565,Cecily Morrison,middle
https://openalex.org/W2611667142,mHealth for Maternal Mental Health: Everyday Wisdom in Ethical Design,CHI,2017,https://openalex.org/A5072415254,Gavin Doherty,last
https://openalex.org/W2610215278,A Critical Lens on Dementia and Design in HCI,CHI,2017,https://openalex.org/A5014790341,Amanda Lazar,first
https://openalex.org/W2610215278,A Critical Lens on Dementia and Design in HCI,CHI,2017,https://openalex.org/A5091847639,Caroline Edasis,middle
https://openalex.org/W2610215278,A Critical Lens on Dementia and Design in HCI,CHI,2017,https://openalex.org/A5066173469,Anne Marie Piper,last
https://openalex.org/W2611474773,What Is Interaction?,CHI,2017,https://openalex.org/A5015615908,Kasper Hornbæk,first
https://openalex.org/W2611474773,What Is Interaction?,CHI,2017,https://openalex.org/A5003084232,Antti Oulasvirta,last
https://openalex.org/W2610874624,BIGnav: Bayesian Information Gain for Guiding Multiscale Navigation,CHI,2017,https://openalex.org/A5101846243,Wanyu Liu,first
https://openalex.org/W2610874624,BIGnav: Bayesian Information Gain for Guiding Multiscale Navigation,CHI,2017,https://openalex.org/A5038365039,Rafael Lucas d'Oliveira,middle
https://openalex.org/W2610874624,BIGnav: Bayesian Information Gain for Guiding Multiscale Navigation,CHI,2017,https://openalex.org/A5069093421,Michel Beaudouin-Lafon,middle
https://openalex.org/W2610874624,BIGnav: Bayesian Information Gain for Guiding Multiscale Navigation,CHI,2017,https://openalex.org/A5079964478,Olivier Rioul,last
https://openalex.org/W2611632447,Modelling Learning of New Keyboard Layouts,CHI,2017,https://openalex.org/A5085770104,Jussi Jokinen,first
https://openalex.org/W2611632447,Modelling Learning of New Keyboard Layouts,CHI,2017,https://openalex.org/A5003319719,Sayan Sarcar,middle
https://openalex.org/W2611632447,Modelling Learning of New Keyboard Layouts,CHI,2017,https://openalex.org/A5003084232,Antti Oulasvirta,middle
https://openalex.org/W2611632447,Modelling Learning of New Keyboard Layouts,CHI,2017,https://openalex.org/A5082598678,Chaklam Silpasuwanchai,middle
https://openalex.org/W2611632447,Modelling Learning of New Keyboard Layouts,CHI,2017,https://openalex.org/A5109299988,Zhenxin Wang,middle
https://openalex.org/W2611632447,Modelling Learning of New Keyboard Layouts,CHI,2017,https://openalex.org/A5027222692,Xiangshi Ren,last
https://openalex.org/W2610281177,Flash Organizations: Crowdsourcing Complex Work by Structuring Crowds As Organizations,CHI,2017,https://openalex.org/A5048264180,Melissa Valentine,first
https://openalex.org/W2610281177,Flash Organizations: Crowdsourcing Complex Work by Structuring Crowds As Organizations,CHI,2017,https://openalex.org/A5080179499,Daniela Retelny,middle
https://openalex.org/W2610281177,Flash Organizations: Crowdsourcing Complex Work by Structuring Crowds As Organizations,CHI,2017,https://openalex.org/A5062258537,Alexandra To,middle
https://openalex.org/W2610281177,Flash Organizations: Crowdsourcing Complex Work by Structuring Crowds As Organizations,CHI,2017,https://openalex.org/A5037671485,Negar Rahmati,middle
https://openalex.org/W2610281177,Flash Organizations: Crowdsourcing Complex Work by Structuring Crowds As Organizations,CHI,2017,https://openalex.org/A5030125352,Tulsee Doshi,middle
https://openalex.org/W2610281177,Flash Organizations: Crowdsourcing Complex Work by Structuring Crowds As Organizations,CHI,2017,https://openalex.org/A5076189854,Michael S. Bernstein,last
https://openalex.org/W2610874523,Reflective Practicum: A Framework of Sensitising Concepts to Design for Transformative Reflection,CHI,2017,https://openalex.org/A5038063824,Petr Slovák,first
https://openalex.org/W2610874523,Reflective Practicum: A Framework of Sensitising Concepts to Design for Transformative Reflection,CHI,2017,https://openalex.org/A5045556508,Christopher Frauenberger,middle
https://openalex.org/W2610874523,Reflective Practicum: A Framework of Sensitising Concepts to Design for Transformative Reflection,CHI,2017,https://openalex.org/A5075913164,Geraldine Fitzpatrick,last
https://openalex.org/W2610929834,Fingertip Tactile Devices for Virtual Object Manipulation and Exploration,CHI,2017,https://openalex.org/A5021250785,S. Schorr,first
https://openalex.org/W2610929834,Fingertip Tactile Devices for Virtual Object Manipulation and Exploration,CHI,2017,https://openalex.org/A5067958710,Allison M. Okamura,last
https://openalex.org/W2558581619,What Can Be Predicted from Six Seconds of Driver Glances?,CHI,2017,https://openalex.org/A5109009001,Lex Fridman,first
https://openalex.org/W2558581619,What Can Be Predicted from Six Seconds of Driver Glances?,CHI,2017,https://openalex.org/A5044904792,Heishiro Toyoda,middle
https://openalex.org/W2558581619,What Can Be Predicted from Six Seconds of Driver Glances?,CHI,2017,https://openalex.org/A5019849691,Sean Seaman,middle
https://openalex.org/W2558581619,What Can Be Predicted from Six Seconds of Driver Glances?,CHI,2017,https://openalex.org/A5021645337,Bobbie Seppelt,middle
https://openalex.org/W2558581619,What Can Be Predicted from Six Seconds of Driver Glances?,CHI,2017,https://openalex.org/A5025657447,Linda Angell,middle
https://openalex.org/W2558581619,What Can Be Predicted from Six Seconds of Driver Glances?,CHI,2017,https://openalex.org/A5035297680,Joonbum Lee,middle
https://openalex.org/W2558581619,What Can Be Predicted from Six Seconds of Driver Glances?,CHI,2017,https://openalex.org/A5054532975,Bruce Mehler,middle
https://openalex.org/W2558581619,What Can Be Predicted from Six Seconds of Driver Glances?,CHI,2017,https://openalex.org/A5033143153,Bryan Reimer,last
https://openalex.org/W2610414453,Design and Evaluation of a Data-Driven Password Meter,CHI,2017,https://openalex.org/A5071246801,Blase Ur,first
https://openalex.org/W2610414453,Design and Evaluation of a Data-Driven Password Meter,CHI,2017,https://openalex.org/A5064927835,Felicia Alfieri,middle
https://openalex.org/W2610414453,Design and Evaluation of a Data-Driven Password Meter,CHI,2017,https://openalex.org/A5030447377,Maung Aung,middle
https://openalex.org/W2610414453,Design and Evaluation of a Data-Driven Password Meter,CHI,2017,https://openalex.org/A5002939847,Lujo Bauer,middle
https://openalex.org/W2610414453,Design and Evaluation of a Data-Driven Password Meter,CHI,2017,https://openalex.org/A5078075278,Nicolas Christin,middle
https://openalex.org/W2610414453,Design and Evaluation of a Data-Driven Password Meter,CHI,2017,https://openalex.org/A5038493007,Jessica Colnago,middle
https://openalex.org/W2610414453,Design and Evaluation of a Data-Driven Password Meter,CHI,2017,https://openalex.org/A5072760035,Lorrie Faith Cranor,middle
https://openalex.org/W2610414453,Design and Evaluation of a Data-Driven Password Meter,CHI,2017,https://openalex.org/A5091035257,Henry Dixon,middle
https://openalex.org/W2610414453,Design and Evaluation of a Data-Driven Password Meter,CHI,2017,https://openalex.org/A5019112654,Pardis Emami Naeini,middle
https://openalex.org/W2610414453,Design and Evaluation of a Data-Driven Password Meter,CHI,2017,https://openalex.org/A5086438983,Hana Habib,middle
https://openalex.org/W2610414453,Design and Evaluation of a Data-Driven Password Meter,CHI,2017,https://openalex.org/A5006975097,Noah M. Johnson,middle
https://openalex.org/W2610414453,Design and Evaluation of a Data-Driven Password Meter,CHI,2017,https://openalex.org/A5013765339,William Melicher,last
https://openalex.org/W2610850748,You Want Me to Work with Who?: Stakeholder Perceptions of Automated Team Formation in Project-based Courses,CHI,2017,https://openalex.org/A5076364930,Farnaz Jahanbakhsh,first
https://openalex.org/W2610850748,You Want Me to Work with Who?: Stakeholder Perceptions of Automated Team Formation in Project-based Courses,CHI,2017,https://openalex.org/A5104045637,Wai‐Tat Fu,middle
https://openalex.org/W2610850748,You Want Me to Work with Who?: Stakeholder Perceptions of Automated Team Formation in Project-based Courses,CHI,2017,https://openalex.org/A5075056899,Karrie Karahalios,middle
https://openalex.org/W2610850748,You Want Me to Work with Who?: Stakeholder Perceptions of Automated Team Formation in Project-based Courses,CHI,2017,https://openalex.org/A5081289583,Darko Marinov,middle
https://openalex.org/W2610850748,You Want Me to Work with Who?: Stakeholder Perceptions of Automated Team Formation in Project-based Courses,CHI,2017,https://openalex.org/A5034329641,Brian P. Bailey,last
https://openalex.org/W2603410158,Organic Primitives: Synthesis and Design of pH-Reactive Materials using Molecular I/O for Sensing Actuation and Interaction,CHI,2017,https://openalex.org/A5020061120,Sven M. J. Rogge,first
https://openalex.org/W2603410158,Organic Primitives: Synthesis and Design of pH-Reactive Materials using Molecular I/O for Sensing Actuation and Interaction,CHI,2017,https://openalex.org/A5072417908,Anastasiya Bavykina,middle
https://openalex.org/W2603410158,Organic Primitives: Synthesis and Design of pH-Reactive Materials using Molecular I/O for Sensing Actuation and Interaction,CHI,2017,https://openalex.org/A5032923261,Julianna Hajek,middle
https://openalex.org/W2603410158,Organic Primitives: Synthesis and Design of pH-Reactive Materials using Molecular I/O for Sensing Actuation and Interaction,CHI,2017,https://openalex.org/A5014540719,Hermenegildo Garcı́a,middle
https://openalex.org/W2603410158,Organic Primitives: Synthesis and Design of pH-Reactive Materials using Molecular I/O for Sensing Actuation and Interaction,CHI,2017,https://openalex.org/A5007316254,Alma I. Olivos Suarez,middle
https://openalex.org/W2603410158,Organic Primitives: Synthesis and Design of pH-Reactive Materials using Molecular I/O for Sensing Actuation and Interaction,CHI,2017,https://openalex.org/A5032916202,Antonio Sepúlveda‐Escribano,middle
https://openalex.org/W2603410158,Organic Primitives: Synthesis and Design of pH-Reactive Materials using Molecular I/O for Sensing Actuation and Interaction,CHI,2017,https://openalex.org/A5064791245,Alexandré Vimont,middle
https://openalex.org/W2603410158,Organic Primitives: Synthesis and Design of pH-Reactive Materials using Molecular I/O for Sensing Actuation and Interaction,CHI,2017,https://openalex.org/A5023686070,Guillaume Clet,middle
https://openalex.org/W2603410158,Organic Primitives: Synthesis and Design of pH-Reactive Materials using Molecular I/O for Sensing Actuation and Interaction,CHI,2017,https://openalex.org/A5048700993,Philippe Bazin,middle
https://openalex.org/W2603410158,Organic Primitives: Synthesis and Design of pH-Reactive Materials using Molecular I/O for Sensing Actuation and Interaction,CHI,2017,https://openalex.org/A5088345709,Freek Kapteijn,middle
https://openalex.org/W2603410158,Organic Primitives: Synthesis and Design of pH-Reactive Materials using Molecular I/O for Sensing Actuation and Interaction,CHI,2017,https://openalex.org/A5005985227,Marco Daturi,middle
https://openalex.org/W2603410158,Organic Primitives: Synthesis and Design of pH-Reactive Materials using Molecular I/O for Sensing Actuation and Interaction,CHI,2017,https://openalex.org/A5073671016,Enrique V. Ramos–Fernández,middle
https://openalex.org/W2603410158,Organic Primitives: Synthesis and Design of pH-Reactive Materials using Molecular I/O for Sensing Actuation and Interaction,CHI,2017,https://openalex.org/A5023798219,Francesc X. Llabrés i Xamena,middle
https://openalex.org/W2603410158,Organic Primitives: Synthesis and Design of pH-Reactive Materials using Molecular I/O for Sensing Actuation and Interaction,CHI,2017,https://openalex.org/A5071451863,Véronique Van Speybroeck,middle
https://openalex.org/W2603410158,Organic Primitives: Synthesis and Design of pH-Reactive Materials using Molecular I/O for Sensing Actuation and Interaction,CHI,2017,https://openalex.org/A5058113997,Jorge Gascón,last
https://openalex.org/W2767692092,Hike: A Hybrid Human-Machine Method for Entity Alignment in Large-Scale Knowledge Bases,CIKM,2017,https://openalex.org/A5100735881,Yan Zhuang,first
https://openalex.org/W2767692092,Hike: A Hybrid Human-Machine Method for Entity Alignment in Large-Scale Knowledge Bases,CIKM,2017,https://openalex.org/A5100451576,Guoliang Li,middle
https://openalex.org/W2767692092,Hike: A Hybrid Human-Machine Method for Entity Alignment in Large-Scale Knowledge Bases,CIKM,2017,https://openalex.org/A5049519805,Zhuojian Zhong,middle
https://openalex.org/W2767692092,Hike: A Hybrid Human-Machine Method for Entity Alignment in Large-Scale Knowledge Bases,CIKM,2017,https://openalex.org/A5100951661,Jianhua Feng,last
https://openalex.org/W2963446712,Densely Connected Convolutional Networks,CVPR,2017,https://openalex.org/A5013240918,Gao Huang,first
https://openalex.org/W2963446712,Densely Connected Convolutional Networks,CVPR,2017,https://openalex.org/A5100452089,Zhuang Liu,middle
https://openalex.org/W2963446712,Densely Connected Convolutional Networks,CVPR,2017,https://openalex.org/A5109065097,Laurens van der Maaten,middle
https://openalex.org/W2963446712,Densely Connected Convolutional Networks,CVPR,2017,https://openalex.org/A5006380227,Kilian Q. Weinberger,last
https://openalex.org/W2567101557,Learning from Simulated and Unsupervised Images through Adversarial Training,CVPR,2017,https://openalex.org/A5101415694,Ashish Shrivastava,first
https://openalex.org/W2567101557,Learning from Simulated and Unsupervised Images through Adversarial Training,CVPR,2017,https://openalex.org/A5101265241,Tomas Pfister,middle
https://openalex.org/W2567101557,Learning from Simulated and Unsupervised Images through Adversarial Training,CVPR,2017,https://openalex.org/A5028613002,Oncel Tuzel,middle
https://openalex.org/W2567101557,Learning from Simulated and Unsupervised Images through Adversarial Training,CVPR,2017,https://openalex.org/A5043808400,Josh Susskind,middle
https://openalex.org/W2567101557,Learning from Simulated and Unsupervised Images through Adversarial Training,CVPR,2017,https://openalex.org/A5027119635,Wen-Da Wang,middle
https://openalex.org/W2567101557,Learning from Simulated and Unsupervised Images through Adversarial Training,CVPR,2017,https://openalex.org/A5033975914,Russ Webb,last
https://openalex.org/W2605041732,A dichotomy theorem for nonuniform CSPs,FOCS,2017,https://openalex.org/A5103266587,Andreǐ A. Bulatov,first
https://openalex.org/W2606192553,The Proof of CSP Dichotomy Conjecture,FOCS,2017,https://openalex.org/A5060991122,Dmitriy Zhuk,first
https://openalex.org/W2741400146,"The Power of ""Why"" and ""Why Not"": Enriching Scenario Exploration with Provenance",FSE,2017,https://openalex.org/A5079753562,Tim Nelson,first
https://openalex.org/W2741400146,"The Power of ""Why"" and ""Why Not"": Enriching Scenario Exploration with Provenance",FSE,2017,https://openalex.org/A5033363730,Natasha Danas,middle
https://openalex.org/W2741400146,"The Power of ""Why"" and ""Why Not"": Enriching Scenario Exploration with Provenance",FSE,2017,https://openalex.org/A5113712973,Daniel J. Dougherty,middle
https://openalex.org/W2741400146,"The Power of ""Why"" and ""Why Not"": Enriching Scenario Exploration with Provenance",FSE,2017,https://openalex.org/A5024394821,Shriram Krishnamurthi,last
https://openalex.org/W2741643261,Understanding Misunderstandings in Source Code,FSE,2017,https://openalex.org/A5076388753,Dan Gopstein,first
https://openalex.org/W2741643261,Understanding Misunderstandings in Source Code,FSE,2017,https://openalex.org/A5015586819,Jake Iannacone,middle
https://openalex.org/W2741643261,Understanding Misunderstandings in Source Code,FSE,2017,https://openalex.org/A5103256885,Yan Yu,middle
https://openalex.org/W2741643261,Understanding Misunderstandings in Source Code,FSE,2017,https://openalex.org/A5025616028,Lois Anne DeLong,middle
https://openalex.org/W2741643261,Understanding Misunderstandings in Source Code,FSE,2017,https://openalex.org/A5072959708,Yanyan Zhuang,middle
https://openalex.org/W2741643261,Understanding Misunderstandings in Source Code,FSE,2017,https://openalex.org/A5047072562,Martin K.‐C. Yeh,middle
https://openalex.org/W2741643261,Understanding Misunderstandings in Source Code,FSE,2017,https://openalex.org/A5030900037,Justin Cappos,last
https://openalex.org/W2740295334,"Trade-Offs in Continuous Integration: Assurance, Security, and Flexibility",FSE,2017,https://openalex.org/A5088362471,Michael Hilton,first
https://openalex.org/W2740295334,"Trade-Offs in Continuous Integration: Assurance, Security, and Flexibility",FSE,2017,https://openalex.org/A5091246530,Nicholas Nelson,middle
https://openalex.org/W2740295334,"Trade-Offs in Continuous Integration: Assurance, Security, and Flexibility",FSE,2017,https://openalex.org/A5021297302,Timothy Tunnell,middle
https://openalex.org/W2740295334,"Trade-Offs in Continuous Integration: Assurance, Security, and Flexibility",FSE,2017,https://openalex.org/A5081289583,Darko Marinov,middle
https://openalex.org/W2740295334,"Trade-Offs in Continuous Integration: Assurance, Security, and Flexibility",FSE,2017,https://openalex.org/A5019404521,Danny Dig,last
https://openalex.org/W2739010619,Cooperative Kernels: GPU Multitasking for Blocking Algorithms,FSE,2017,https://openalex.org/A5052590511,Tyler Sorensen,first
https://openalex.org/W2739010619,Cooperative Kernels: GPU Multitasking for Blocking Algorithms,FSE,2017,https://openalex.org/A5087459870,Hugues Evrard,middle
https://openalex.org/W2739010619,Cooperative Kernels: GPU Multitasking for Blocking Algorithms,FSE,2017,https://openalex.org/A5080781439,Alastair F. Donaldson,last
https://openalex.org/W2730550703,Fairness Testing: Testing Software for Discrimination,FSE,2017,https://openalex.org/A5038532934,Sainyam Galhotra,first
https://openalex.org/W2730550703,Fairness Testing: Testing Software for Discrimination,FSE,2017,https://openalex.org/A5028789964,Yuriy Brun,middle
https://openalex.org/W2730550703,Fairness Testing: Testing Software for Discrimination,FSE,2017,https://openalex.org/A5019048013,Alexandra Meliou,last
https://openalex.org/W2741221537,Discovering Relational Specifications,FSE,2017,https://openalex.org/A5075808482,Calvin Smith,first
https://openalex.org/W2741221537,Discovering Relational Specifications,FSE,2017,https://openalex.org/A5055321934,Gabriel Ferns,middle
https://openalex.org/W2741221537,Discovering Relational Specifications,FSE,2017,https://openalex.org/A5050593520,Aws Albarghouthi,last
https://openalex.org/W2741422284,Automatically Diagnosing and Repairing Error Handling Bugs in C,FSE,2017,https://openalex.org/A5101415638,Yuchi Tian,first
https://openalex.org/W2741422284,Automatically Diagnosing and Repairing Error Handling Bugs in C,FSE,2017,https://openalex.org/A5064541855,Baishakhi Ray,last
https://openalex.org/W2963150697,Mask R-CNN,ICCV,2017,https://openalex.org/A5100700361,Kaiming He,first
https://openalex.org/W2963150697,Mask R-CNN,ICCV,2017,https://openalex.org/A5014407395,Georgia Gkioxari,middle
https://openalex.org/W2963150697,Mask R-CNN,ICCV,2017,https://openalex.org/A5057866698,Piotr Dollár,middle
https://openalex.org/W2963150697,Mask R-CNN,ICCV,2017,https://openalex.org/A5049246408,Ross Girshick,last
https://openalex.org/W2597603852,Understanding Black-box Predictions via Influence Functions,ICML,2017,https://openalex.org/A5079904764,Pang Wei Koh,first
https://openalex.org/W2597603852,Understanding Black-box Predictions via Influence Functions,ICML,2017,https://openalex.org/A5025255782,Percy Liang,last
https://openalex.org/W2620436109,Clone Refactoring with Lambda Expressions,ICSE,2017,https://openalex.org/A5088438387,Nikolaos Tsantalis,first
https://openalex.org/W2620436109,Clone Refactoring with Lambda Expressions,ICSE,2017,https://openalex.org/A5085762342,Davood Mazinanian,middle
https://openalex.org/W2620436109,Clone Refactoring with Lambda Expressions,ICSE,2017,https://openalex.org/A5068536257,Shahriar Rostami,last
https://openalex.org/W2620457578,A Grounded Theory of Agile Transitions in Practice,ICSE,2017,https://openalex.org/A5036986396,Rashina Hoda,first
https://openalex.org/W2620457578,A Grounded Theory of Agile Transitions in Practice,ICSE,2017,https://openalex.org/A5078368556,James Noble,last
https://openalex.org/W2616911398,Code Defenders: Crowdsourcing Effective Tests and Subtle Mutants with a Mutation Testing Game,ICSE,2017,https://openalex.org/A5065315160,José Miguel Rojas,first
https://openalex.org/W2616911398,Code Defenders: Crowdsourcing Effective Tests and Subtle Mutants with a Mutation Testing Game,ICSE,2017,https://openalex.org/A5052221889,Thomas White,middle
https://openalex.org/W2616911398,Code Defenders: Crowdsourcing Effective Tests and Subtle Mutants with a Mutation Testing Game,ICSE,2017,https://openalex.org/A5028238692,Benjamin Clegg,middle
https://openalex.org/W2616911398,Code Defenders: Crowdsourcing Effective Tests and Subtle Mutants with a Mutation Testing Game,ICSE,2017,https://openalex.org/A5079261847,Gordon Fraser,last
https://openalex.org/W2616911396,Decoding the representation of code in the brain: An fMRI study of code review and expertise,ICSE,2017,https://openalex.org/A5024997852,Benjamin Floyd,first
https://openalex.org/W2616911396,Decoding the representation of code in the brain: An fMRI study of code review and expertise,ICSE,2017,https://openalex.org/A5013623251,Tyler Santander,middle
https://openalex.org/W2616911396,Decoding the representation of code in the brain: An fMRI study of code review and expertise,ICSE,2017,https://openalex.org/A5083601969,Westley Weimer,last
https://openalex.org/W2617348763,Challenges for Static Analysis of Java Reflection - Literature Review and Empirical Study,ICSE,2017,https://openalex.org/A5010875819,Davy Landman,first
https://openalex.org/W2617348763,Challenges for Static Analysis of Java Reflection - Literature Review and Empirical Study,ICSE,2017,https://openalex.org/A5054753279,Alexander Serebrenik,middle
https://openalex.org/W2617348763,Challenges for Static Analysis of Java Reflection - Literature Review and Empirical Study,ICSE,2017,https://openalex.org/A5074526787,Jurgen Vinju,last
https://openalex.org/W2590575400,Optimizing Test Placement for Module-Level Regression Testing,ICSE,2017,https://openalex.org/A5081483504,August Shi,first
https://openalex.org/W2590575400,Optimizing Test Placement for Module-Level Regression Testing,ICSE,2017,https://openalex.org/A5024313608,Suresh Thummalapenta,middle
https://openalex.org/W2590575400,Optimizing Test Placement for Module-Level Regression Testing,ICSE,2017,https://openalex.org/A5041084431,Shuvendu K. Lahiri,middle
https://openalex.org/W2590575400,Optimizing Test Placement for Module-Level Regression Testing,ICSE,2017,https://openalex.org/A5091080723,Nikolaj Bjørner,middle
https://openalex.org/W2590575400,Optimizing Test Placement for Module-Level Regression Testing,ICSE,2017,https://openalex.org/A5008085180,Jacek Czerwonka,last
https://openalex.org/W2620074062,Foundations of Declarative Data Analysis Using Limit Datalog Programs,IJCAI,2017,https://openalex.org/A5080366682,Mark Kaminski,first
https://openalex.org/W2620074062,Foundations of Declarative Data Analysis Using Limit Datalog Programs,IJCAI,2017,https://openalex.org/A5023732514,Bernardo Cuenca Grau,middle
https://openalex.org/W2620074062,Foundations of Declarative Data Analysis Using Limit Datalog Programs,IJCAI,2017,https://openalex.org/A5071446856,Egor V. Kostylev,middle
https://openalex.org/W2620074062,Foundations of Declarative Data Analysis Using Limit Datalog Programs,IJCAI,2017,https://openalex.org/A5077636035,Boris Motik,middle
https://openalex.org/W2620074062,Foundations of Declarative Data Analysis Using Limit Datalog Programs,IJCAI,2017,https://openalex.org/A5060350556,Ian Horrocks,last
https://openalex.org/W2761021290,One Step at a Time: Optimizing SDN Upgrades in ISP Networks,INFOCOM,2017,https://openalex.org/A5046120615,Konstantinos Poularakis,first
https://openalex.org/W2761021290,One Step at a Time: Optimizing SDN Upgrades in ISP Networks,INFOCOM,2017,https://openalex.org/A5044138533,George Iosifidis,middle
https://openalex.org/W2761021290,One Step at a Time: Optimizing SDN Upgrades in ISP Networks,INFOCOM,2017,https://openalex.org/A5005247877,Georgios Smaragdakis,middle
https://openalex.org/W2761021290,One Step at a Time: Optimizing SDN Upgrades in ISP Networks,INFOCOM,2017,https://openalex.org/A5014892027,Leandros Tassiulas,last
https://openalex.org/W2645731340,Accelerating Innovation Through Analogy Mining,KDD,2017,https://openalex.org/A5025028660,Tom Hope,first
https://openalex.org/W2645731340,Accelerating Innovation Through Analogy Mining,KDD,2017,https://openalex.org/A5003751225,Joel Chan,middle
https://openalex.org/W2645731340,Accelerating Innovation Through Analogy Mining,KDD,2017,https://openalex.org/A5050656871,Aniket Kittur,middle
https://openalex.org/W2645731340,Accelerating Innovation Through Analogy Mining,KDD,2017,https://openalex.org/A5009660759,Dafna Shahaf,last
https://openalex.org/W2763753824,WEBee: Physical-Layer Cross-Technology Communication via Emulation,MOBICOM,2017,https://openalex.org/A5100450015,Zhijun Li,first
https://openalex.org/W2763753824,WEBee: Physical-Layer Cross-Technology Communication via Emulation,MOBICOM,2017,https://openalex.org/A5038811034,Tian He,last
https://openalex.org/W2612780607,Safe and Nested Subgame Solving for Imperfect-Information Games,NeurIPS,2017,https://openalex.org/A5006744201,Noam Brown,first
https://openalex.org/W2612780607,Safe and Nested Subgame Solving for Imperfect-Information Games,NeurIPS,2017,https://openalex.org/A5023571961,Tüomas Sandholm,last
https://openalex.org/W2944407464,Variance-based Regularization with Convex Objectives,NeurIPS,2017,https://openalex.org/A5008595840,Hongseok Namkoong,first
https://openalex.org/W2944407464,Variance-based Regularization with Convex Objectives,NeurIPS,2017,https://openalex.org/A5061331093,John C. Duchi,last
https://openalex.org/W2962812035,A Linear-Time Kernel Goodness-of-Fit Test,NeurIPS,2017,https://openalex.org/A5072755496,Wittawat Jitkrittum,first
https://openalex.org/W2962812035,A Linear-Time Kernel Goodness-of-Fit Test,NeurIPS,2017,https://openalex.org/A5101711249,Wenkai Xu,middle
https://openalex.org/W2962812035,A Linear-Time Kernel Goodness-of-Fit Test,NeurIPS,2017,https://openalex.org/A5044512769,Zoltán Szabó,middle
https://openalex.org/W2962812035,A Linear-Time Kernel Goodness-of-Fit Test,NeurIPS,2017,https://openalex.org/A5012922872,Kenji Fukumizu,middle
https://openalex.org/W2962812035,A Linear-Time Kernel Goodness-of-Fit Test,NeurIPS,2017,https://openalex.org/A5004160420,Arthur Gretton,last
https://openalex.org/W2731280337,Low Overhead Dynamic Binary Translation on ARM,PLDI,2017,https://openalex.org/A5008326572,Amanieu d'Antras,first
https://openalex.org/W2731280337,Low Overhead Dynamic Binary Translation on ARM,PLDI,2017,https://openalex.org/A5070223708,Cosmin Gorgovan,middle
https://openalex.org/W2731280337,Low Overhead Dynamic Binary Translation on ARM,PLDI,2017,https://openalex.org/A5053098822,Jim Garside,middle
https://openalex.org/W2731280337,Low Overhead Dynamic Binary Translation on ARM,PLDI,2017,https://openalex.org/A5026069638,Mikel Luján,last
https://openalex.org/W2626631502,Repairing sequential consistency in C/C++11,PLDI,2017,https://openalex.org/A5102734862,Ori Lahav,first
https://openalex.org/W2626631502,Repairing sequential consistency in C/C++11,PLDI,2017,https://openalex.org/A5023359178,Viktor Vafeiadis,middle
https://openalex.org/W2626631502,Repairing sequential consistency in C/C++11,PLDI,2017,https://openalex.org/A5078763719,Jeehoon Kang,middle
https://openalex.org/W2626631502,Repairing sequential consistency in C/C++11,PLDI,2017,https://openalex.org/A5035382393,Chung-Kil Hur,middle
https://openalex.org/W2626631502,Repairing sequential consistency in C/C++11,PLDI,2017,https://openalex.org/A5050585539,Derek Dreyer,last
https://openalex.org/W2562114628,Compiling without continuations,PLDI,2017,https://openalex.org/A5019918530,Luke Maurer,first
https://openalex.org/W2562114628,Compiling without continuations,PLDI,2017,https://openalex.org/A5020454182,Paul Downen,middle
https://openalex.org/W2562114628,Compiling without continuations,PLDI,2017,https://openalex.org/A5064696313,Zena M. Ariola,middle
https://openalex.org/W2562114628,Compiling without continuations,PLDI,2017,https://openalex.org/A5027817074,Simon Peyton Jones,last
https://openalex.org/W2625141509,Bringing the web up to speed with WebAssembly,PLDI,2017,https://openalex.org/A5010565905,Andreas Haas,first
https://openalex.org/W2625141509,Bringing the web up to speed with WebAssembly,PLDI,2017,https://openalex.org/A5054382677,Andreas Rossberg,middle
https://openalex.org/W2625141509,Bringing the web up to speed with WebAssembly,PLDI,2017,https://openalex.org/A5025665098,Derek L. Schuff,middle
https://openalex.org/W2625141509,Bringing the web up to speed with WebAssembly,PLDI,2017,https://openalex.org/A5034437441,Ben L. Titzer,middle
https://openalex.org/W2625141509,Bringing the web up to speed with WebAssembly,PLDI,2017,https://openalex.org/A5018138674,Michael Holman,middle
https://openalex.org/W2625141509,Bringing the web up to speed with WebAssembly,PLDI,2017,https://openalex.org/A5018116641,Dan Gohman,middle
https://openalex.org/W2625141509,Bringing the web up to speed with WebAssembly,PLDI,2017,https://openalex.org/A5085829276,Luke Wagner,middle
https://openalex.org/W2625141509,Bringing the web up to speed with WebAssembly,PLDI,2017,https://openalex.org/A5081323098,Alon Zakai,middle
https://openalex.org/W2625141509,Bringing the web up to speed with WebAssembly,PLDI,2017,https://openalex.org/A5071523992,JF Bastien,last
https://openalex.org/W2606293658,Dichotomies in Ontology-Mediated Querying with the Guarded Fragment,PODS,2017,https://openalex.org/A5063696466,André Hernich,first
https://openalex.org/W2606293658,Dichotomies in Ontology-Mediated Querying with the Guarded Fragment,PODS,2017,https://openalex.org/A5034616829,Carsten Lutz,middle
https://openalex.org/W2606293658,Dichotomies in Ontology-Mediated Querying with the Guarded Fragment,PODS,2017,https://openalex.org/A5036361163,Fabio Papacchini,middle
https://openalex.org/W2606293658,Dichotomies in Ontology-Mediated Querying with the Guarded Fragment,PODS,2017,https://openalex.org/A5010967150,Frank Wolter,last
https://openalex.org/W2618267215,Verified Models and Reference Implementations for the TLS 1.3 Standard Candidate,S&P,2017,https://openalex.org/A5026297326,Karthikeyan Bhargavan,first
https://openalex.org/W2618267215,Verified Models and Reference Implementations for the TLS 1.3 Standard Candidate,S&P,2017,https://openalex.org/A5004976322,Bruno Blanchet,middle
https://openalex.org/W2618267215,Verified Models and Reference Implementations for the TLS 1.3 Standard Candidate,S&P,2017,https://openalex.org/A5018284688,Nadim Kobeissi,last
https://openalex.org/W2744387122,Re-architecting datacenter networks and stacks for low latency and high performance,SIGCOMM,2017,https://openalex.org/A5089788947,Mark Handley,first
https://openalex.org/W2744387122,Re-architecting datacenter networks and stacks for low latency and high performance,SIGCOMM,2017,https://openalex.org/A5008493066,Costin Raiciu,middle
https://openalex.org/W2744387122,Re-architecting datacenter networks and stacks for low latency and high performance,SIGCOMM,2017,https://openalex.org/A5000170074,Alexandru Agache,middle
https://openalex.org/W2744387122,Re-architecting datacenter networks and stacks for low latency and high performance,SIGCOMM,2017,https://openalex.org/A5059724501,Andrei Voinescu,middle
https://openalex.org/W2744387122,Re-architecting datacenter networks and stacks for low latency and high performance,SIGCOMM,2017,https://openalex.org/A5077257816,Andrew W. Moore,middle
https://openalex.org/W2744387122,Re-architecting datacenter networks and stacks for low latency and high performance,SIGCOMM,2017,https://openalex.org/A5024205614,Gianni Antichi,middle
https://openalex.org/W2744387122,Re-architecting datacenter networks and stacks for low latency and high performance,SIGCOMM,2017,https://openalex.org/A5063652061,Marcin Wójcik,last
https://openalex.org/W2743093301,Language-directed hardware design for network performance monitoring,SIGCOMM,2017,https://openalex.org/A5035861133,Srinivas Narayana,first
https://openalex.org/W2743093301,Language-directed hardware design for network performance monitoring,SIGCOMM,2017,https://openalex.org/A5008674902,Anirudh Sivaraman,middle
https://openalex.org/W2743093301,Language-directed hardware design for network performance monitoring,SIGCOMM,2017,https://openalex.org/A5086057750,Vikram Nathan,middle
https://openalex.org/W2743093301,Language-directed hardware design for network performance monitoring,SIGCOMM,2017,https://openalex.org/A5067035316,Prateesh Goyal,middle
https://openalex.org/W2743093301,Language-directed hardware design for network performance monitoring,SIGCOMM,2017,https://openalex.org/A5103773112,Venkat Arun,middle
https://openalex.org/W2743093301,Language-directed hardware design for network performance monitoring,SIGCOMM,2017,https://openalex.org/A5101669321,Mohammad Alizadeh,middle
https://openalex.org/W2743093301,Language-directed hardware design for network performance monitoring,SIGCOMM,2017,https://openalex.org/A5035081958,Vimalkumar Jeyakumar,middle
https://openalex.org/W2743093301,Language-directed hardware design for network performance monitoring,SIGCOMM,2017,https://openalex.org/A5101626422,Changhoon Kim,last
https://openalex.org/W2970128991,BitFunnel: Revisiting Signatures for Search,SIGIR,2017,https://openalex.org/A5044787871,Phelim Bradley,first
https://openalex.org/W2576238278,Accelerating Performance Inference over Closed Systems by Asymptotic Methods,SIGMETRICS,2017,https://openalex.org/A5045967404,Giuliano Casale,first
https://openalex.org/W2613088476,Parallelizing Sequential Graph Computations,SIGMOD,2017,https://openalex.org/A5070565287,Wenfei Fan,first
https://openalex.org/W2613088476,Parallelizing Sequential Graph Computations,SIGMOD,2017,https://openalex.org/A5001504785,Jingbo Xu,middle
https://openalex.org/W2613088476,Parallelizing Sequential Graph Computations,SIGMOD,2017,https://openalex.org/A5071093153,Yinghui Wu,middle
https://openalex.org/W2613088476,Parallelizing Sequential Graph Computations,SIGMOD,2017,https://openalex.org/A5032456107,Wenyuan Yu,middle
https://openalex.org/W2613088476,Parallelizing Sequential Graph Computations,SIGMOD,2017,https://openalex.org/A5005904018,Jiaxin Jiang,middle
https://openalex.org/W2613088476,Parallelizing Sequential Graph Computations,SIGMOD,2017,https://openalex.org/A5002874750,Zeyu Zheng,middle
https://openalex.org/W2613088476,Parallelizing Sequential Graph Computations,SIGMOD,2017,https://openalex.org/A5052057696,Bohan Zhang,middle
https://openalex.org/W2613088476,Parallelizing Sequential Graph Computations,SIGMOD,2017,https://openalex.org/A5101426208,Yang Cao,middle
https://openalex.org/W2613088476,Parallelizing Sequential Graph Computations,SIGMOD,2017,https://openalex.org/A5100675047,Chao Tian,last
https://openalex.org/W2570172216,Subquadratic Algorithms for the Diameter and the Sum of Pairwise Distances in Planar Graphs,SODA,2017,https://openalex.org/A5034923438,Sergio Cabello,first
https://openalex.org/W2760356198,"The Efficient Server Audit Problem, Deduplicated Re-execution, and the Web",SOSP,2017,https://openalex.org/A5102759092,Cheng Tan,first
https://openalex.org/W2760356198,"The Efficient Server Audit Problem, Deduplicated Re-execution, and the Web",SOSP,2017,https://openalex.org/A5100957970,Lingfan Yu,middle
https://openalex.org/W2760356198,"The Efficient Server Audit Problem, Deduplicated Re-execution, and the Web",SOSP,2017,https://openalex.org/A5033815874,Joshua B. Leners,middle
https://openalex.org/W2760356198,"The Efficient Server Audit Problem, Deduplicated Re-execution, and the Web",SOSP,2017,https://openalex.org/A5059954552,Michael Walfish,last
https://openalex.org/W2909865272,DeepXplore: Automated Whitebox Testing of Deep Learning Systems,SOSP,2017,https://openalex.org/A5007048525,Kexin Pei,first
https://openalex.org/W2909865272,DeepXplore: Automated Whitebox Testing of Deep Learning Systems,SOSP,2017,https://openalex.org/A5070605476,Yinzhi Cao,middle
https://openalex.org/W2909865272,DeepXplore: Automated Whitebox Testing of Deep Learning Systems,SOSP,2017,https://openalex.org/A5101783316,Junfeng Yang,middle
https://openalex.org/W2909865272,DeepXplore: Automated Whitebox Testing of Deep Learning Systems,SOSP,2017,https://openalex.org/A5016425387,Suman Jana,last
https://openalex.org/W2604773616,"Explicit, Almost Optimal, Epsilon-Balanced Codes",STOC,2017,https://openalex.org/A5051671028,Amnon Ta‐Shma,first
https://openalex.org/W2586521831,Deciding Parity Games in Quasipolynomial Time,STOC,2017,https://openalex.org/A5079186295,Cristian S. Calude,first
https://openalex.org/W2586521831,Deciding Parity Games in Quasipolynomial Time,STOC,2017,https://openalex.org/A5101627589,Sanjay Jain,middle
https://openalex.org/W2586521831,Deciding Parity Games in Quasipolynomial Time,STOC,2017,https://openalex.org/A5109808768,Bakhadyr Khoussainov,middle
https://openalex.org/W2586521831,Deciding Parity Games in Quasipolynomial Time,STOC,2017,https://openalex.org/A5100318444,Wei Li,middle
https://openalex.org/W2586521831,Deciding Parity Games in Quasipolynomial Time,STOC,2017,https://openalex.org/A5085103227,Frank Stephan,last
https://openalex.org/W2625145881,A Weighted Linear Matroid Parity Algorithm,STOC,2017,https://openalex.org/A5040460257,Satoru Iwata,first
https://openalex.org/W2625145881,A Weighted Linear Matroid Parity Algorithm,STOC,2017,https://openalex.org/A5074548000,Yusuke Kobayashi,last
https://openalex.org/W2765855860,Triggering Artwork Swaps for Live Animation,UIST,2017,https://openalex.org/A5001875469,Nora S. Willett,first
https://openalex.org/W2765855860,Triggering Artwork Swaps for Live Animation,UIST,2017,https://openalex.org/A5018565806,Wilmot Li,middle
https://openalex.org/W2765855860,Triggering Artwork Swaps for Live Animation,UIST,2017,https://openalex.org/A5022440000,Jovan Popović,middle
https://openalex.org/W2765855860,Triggering Artwork Swaps for Live Animation,UIST,2017,https://openalex.org/A5034842939,Adam Finkelstein,last
https://openalex.org/W2766544714,Grabity: A Wearable Haptic Interface for Simulating Weight and Grasping in Virtual Reality,UIST,2017,https://openalex.org/A5103014803,Inrak Choi,first
https://openalex.org/W2766544714,Grabity: A Wearable Haptic Interface for Simulating Weight and Grasping in Virtual Reality,UIST,2017,https://openalex.org/A5026024402,Heather Culbertson,middle
https://openalex.org/W2766544714,Grabity: A Wearable Haptic Interface for Simulating Weight and Grasping in Virtual Reality,UIST,2017,https://openalex.org/A5067823399,Mark Roman Miller,middle
https://openalex.org/W2766544714,Grabity: A Wearable Haptic Interface for Simulating Weight and Grasping in Virtual Reality,UIST,2017,https://openalex.org/A5016503150,Alex Olwal,middle
https://openalex.org/W2766544714,Grabity: A Wearable Haptic Interface for Simulating Weight and Grasping in Virtual Reality,UIST,2017,https://openalex.org/A5039900558,Sean Follmer,last
https://openalex.org/W2739069594,AirCode: Unobtrusive Physical Tags for Digital Fabrication,UIST,2017,https://openalex.org/A5038972102,Dingzeyu Li,first
https://openalex.org/W2739069594,AirCode: Unobtrusive Physical Tags for Digital Fabrication,UIST,2017,https://openalex.org/A5070661194,Avinash S. Nair,middle
https://openalex.org/W2739069594,AirCode: Unobtrusive Physical Tags for Digital Fabrication,UIST,2017,https://openalex.org/A5051975921,Shree K. Nayar,middle
https://openalex.org/W2739069594,AirCode: Unobtrusive Physical Tags for Digital Fabrication,UIST,2017,https://openalex.org/A5101571936,Changxi Zheng,last
https://openalex.org/W2583856578,Provenance for Natural Language Queries,VLDB,2017,https://openalex.org/A5073835385,Daniel Deutch,first
https://openalex.org/W2583856578,Provenance for Natural Language Queries,VLDB,2017,https://openalex.org/A5010359061,Nave Frost,middle
https://openalex.org/W2583856578,Provenance for Natural Language Queries,VLDB,2017,https://openalex.org/A5027907153,Amir Gilad,last
https://openalex.org/W2555956881,Bidirectional Search That Is Guaranteed to Meet in the Middle,AAAI,2016,https://openalex.org/A5088017068,Guni Sharon,first
https://openalex.org/W2555956881,Bidirectional Search That Is Guaranteed to Meet in the Middle,AAAI,2016,https://openalex.org/A5077149145,Robert C. Holte,middle
https://openalex.org/W2555956881,Bidirectional Search That Is Guaranteed to Meet in the Middle,AAAI,2016,https://openalex.org/A5041415709,Nathan Sturtevant,middle
https://openalex.org/W2555956881,Bidirectional Search That Is Guaranteed to Meet in the Middle,AAAI,2016,https://openalex.org/A5011195666,Ariel Felner,last
https://openalex.org/W2515120005,Finding Non-Arbitrary Form-Meaning Systematicity Using String-Metric Learning for Kernel Regression,ACL,2016,https://openalex.org/A5091346638,Elkin Gutierrez,first
https://openalex.org/W2515120005,Finding Non-Arbitrary Form-Meaning Systematicity Using String-Metric Learning for Kernel Regression,ACL,2016,https://openalex.org/A5090215557,Roger Lévy,middle
https://openalex.org/W2515120005,Finding Non-Arbitrary Form-Meaning Systematicity Using String-Metric Learning for Kernel Regression,ACL,2016,https://openalex.org/A5043344696,Benjamin K. Bergen,last
https://openalex.org/W2407293509,The Effect of Visual Appearance on the Performance of Continuous Sliders and Visual Analogue Scales,CHI,2016,https://openalex.org/A5071489089,Justin Matejka,first
https://openalex.org/W2407293509,The Effect of Visual Appearance on the Performance of Continuous Sliders and Visual Analogue Scales,CHI,2016,https://openalex.org/A5035443322,Michael Glueck,middle
https://openalex.org/W2407293509,The Effect of Visual Appearance on the Performance of Continuous Sliders and Visual Analogue Scales,CHI,2016,https://openalex.org/A5058485609,Tovi Grossman,middle
https://openalex.org/W2407293509,The Effect of Visual Appearance on the Performance of Continuous Sliders and Visual Analogue Scales,CHI,2016,https://openalex.org/A5083432344,George Fitzmaurice,last
https://openalex.org/W2225313775,Designing Movement-based Play With Young People Using Powered Wheelchairs,CHI,2016,https://openalex.org/A5066273713,Kathrin Gerling,first
https://openalex.org/W2225313775,Designing Movement-based Play With Young People Using Powered Wheelchairs,CHI,2016,https://openalex.org/A5062650159,Kieran Hicks,middle
https://openalex.org/W2225313775,Designing Movement-based Play With Young People Using Powered Wheelchairs,CHI,2016,https://openalex.org/A5035414960,Michael R. Kalyn,middle
https://openalex.org/W2225313775,Designing Movement-based Play With Young People Using Powered Wheelchairs,CHI,2016,https://openalex.org/A5047728262,Adam B. Evans,middle
https://openalex.org/W2225313775,Designing Movement-based Play With Young People Using Powered Wheelchairs,CHI,2016,https://openalex.org/A5078710069,Conor Linehan,last
https://openalex.org/W2395063354,Object-Oriented Drawing,CHI,2016,https://openalex.org/A5016819583,Haijun Xia,first
https://openalex.org/W2395063354,Object-Oriented Drawing,CHI,2016,https://openalex.org/A5102876138,Bruno De Araujo,middle
https://openalex.org/W2395063354,Object-Oriented Drawing,CHI,2016,https://openalex.org/A5058485609,Tovi Grossman,middle
https://openalex.org/W2395063354,Object-Oriented Drawing,CHI,2016,https://openalex.org/A5083735800,Daniel Wigdor,last
https://openalex.org/W2400260714,Enabling Designers to Foresee Which Colors Users Cannot See,CHI,2016,https://openalex.org/A5076852435,Katharina Reinecke,first
https://openalex.org/W2400260714,Enabling Designers to Foresee Which Colors Users Cannot See,CHI,2016,https://openalex.org/A5045769819,David R. Flatla,middle
https://openalex.org/W2400260714,Enabling Designers to Foresee Which Colors Users Cannot See,CHI,2016,https://openalex.org/A5081802677,Christopher Brooks,last
https://openalex.org/W2402642969,On Looking at the Vagina through Labella,CHI,2016,https://openalex.org/A5055844978,Teresa Almeida,first
https://openalex.org/W2402642969,On Looking at the Vagina through Labella,CHI,2016,https://openalex.org/A5011581568,Rob Comber,middle
https://openalex.org/W2402642969,On Looking at the Vagina through Labella,CHI,2016,https://openalex.org/A5080544362,Gavin Wood,middle
https://openalex.org/W2402642969,On Looking at the Vagina through Labella,CHI,2016,https://openalex.org/A5062833970,Dean Saraf,middle
https://openalex.org/W2402642969,On Looking at the Vagina through Labella,CHI,2016,https://openalex.org/A5078308184,Madeline Balaam,last
https://openalex.org/W2405564622,Project Jacquard: Interactive Digital Textiles at Scale,CHI,2016,https://openalex.org/A5004961545,Ivan Poupyrev,first
https://openalex.org/W2405564622,Project Jacquard: Interactive Digital Textiles at Scale,CHI,2016,https://openalex.org/A5103428014,Nan‐Wei Gong,middle
https://openalex.org/W2405564622,Project Jacquard: Interactive Digital Textiles at Scale,CHI,2016,https://openalex.org/A5048484850,Shiho Fukuhara,middle
https://openalex.org/W2405564622,Project Jacquard: Interactive Digital Textiles at Scale,CHI,2016,https://openalex.org/A5068158176,Mustafa Emre Karagozler,middle
https://openalex.org/W2405564622,Project Jacquard: Interactive Digital Textiles at Scale,CHI,2016,https://openalex.org/A5062781897,Carsten Schwesig,middle
https://openalex.org/W2405564622,Project Jacquard: Interactive Digital Textiles at Scale,CHI,2016,https://openalex.org/A5039274899,Karen E. Robinson,last
https://openalex.org/W2582468434,"""I don't Want to Wear a Screen"": Probing Perceptions of and Possibilities for Dynamic Displays on Clothing",CHI,2016,https://openalex.org/A5041783895,Alexander Jackson Graves,first
https://openalex.org/W2351491323,Momentary Pleasure or Lasting Meaning?: Distinguishing Eudaimonic and Hedonic User Experiences,CHI,2016,https://openalex.org/A5000163896,Elisa D. Mekler,first
https://openalex.org/W2351491323,Momentary Pleasure or Lasting Meaning?: Distinguishing Eudaimonic and Hedonic User Experiences,CHI,2016,https://openalex.org/A5015615908,Kasper Hornbæk,last
https://openalex.org/W2346915687,RapID: A Framework for Fabricating Low-Latency Interactive Objects with RFID Tags,CHI,2016,https://openalex.org/A5006466898,Andrew Spielberg,first
https://openalex.org/W2346915687,RapID: A Framework for Fabricating Low-Latency Interactive Objects with RFID Tags,CHI,2016,https://openalex.org/A5047416400,Alanson P. Sample,middle
https://openalex.org/W2346915687,RapID: A Framework for Fabricating Low-Latency Interactive Objects with RFID Tags,CHI,2016,https://openalex.org/A5039238746,Scott E. Hudson,middle
https://openalex.org/W2346915687,RapID: A Framework for Fabricating Low-Latency Interactive Objects with RFID Tags,CHI,2016,https://openalex.org/A5040915036,Jennifer Mankoff,middle
https://openalex.org/W2346915687,RapID: A Framework for Fabricating Low-Latency Interactive Objects with RFID Tags,CHI,2016,https://openalex.org/A5018050000,James McCann,last
https://openalex.org/W2396575601,HCI Research as Problem-Solving,CHI,2016,https://openalex.org/A5003084232,Antti Oulasvirta,first
https://openalex.org/W2396575601,HCI Research as Problem-Solving,CHI,2016,https://openalex.org/A5015615908,Kasper Hornbæk,last
https://openalex.org/W2339558352,Haptic Wave: A Cross-Modal Interface for Visually Impaired Audio Producers,CHI,2016,https://openalex.org/A5024190993,Atau Tanaka,first
https://openalex.org/W2339558352,Haptic Wave: A Cross-Modal Interface for Visually Impaired Audio Producers,CHI,2016,https://openalex.org/A5052337093,Adam Parkinson,last
https://openalex.org/W2395423607,FlexCase: Enhancing Mobile Interaction with a Flexible Sensing and Display Cover,CHI,2016,https://openalex.org/A5105368417,Christian Rendl,first
https://openalex.org/W2395423607,FlexCase: Enhancing Mobile Interaction with a Flexible Sensing and Display Cover,CHI,2016,https://openalex.org/A5100403328,David Kim,middle
https://openalex.org/W2395423607,FlexCase: Enhancing Mobile Interaction with a Flexible Sensing and Display Cover,CHI,2016,https://openalex.org/A5019954653,Patrick Parzer,middle
https://openalex.org/W2395423607,FlexCase: Enhancing Mobile Interaction with a Flexible Sensing and Display Cover,CHI,2016,https://openalex.org/A5056677910,Sean Fanello,middle
https://openalex.org/W2395423607,FlexCase: Enhancing Mobile Interaction with a Flexible Sensing and Display Cover,CHI,2016,https://openalex.org/A5051099696,Martin Zirkl,middle
https://openalex.org/W2395423607,FlexCase: Enhancing Mobile Interaction with a Flexible Sensing and Display Cover,CHI,2016,https://openalex.org/A5020073971,Gregor Scheipl,middle
https://openalex.org/W2395423607,FlexCase: Enhancing Mobile Interaction with a Flexible Sensing and Display Cover,CHI,2016,https://openalex.org/A5009340165,Michael Haller,middle
https://openalex.org/W2395423607,FlexCase: Enhancing Mobile Interaction with a Flexible Sensing and Display Cover,CHI,2016,https://openalex.org/A5014927177,Shahram Izadi,last
https://openalex.org/W4289875163,Dear Diary: Teens Reflect on Their Weekly Online Risk Experiences,CHI,2016,https://openalex.org/A5008679594,William Cheng,first
https://openalex.org/W2408438722,Understanding and Mitigating the Effects of Device and Cloud Service Design Decisions on the Environmental Footprint of Digital Infrastructure,CHI,2016,https://openalex.org/A5060578766,Chris Preist,first
https://openalex.org/W2408438722,Understanding and Mitigating the Effects of Device and Cloud Service Design Decisions on the Environmental Footprint of Digital Infrastructure,CHI,2016,https://openalex.org/A5034805006,Daniel Schien,middle
https://openalex.org/W2408438722,Understanding and Mitigating the Effects of Device and Cloud Service Design Decisions on the Environmental Footprint of Digital Infrastructure,CHI,2016,https://openalex.org/A5024587876,Eli Blevis,last
https://openalex.org/W2406854312,Enhancing Cross-Device Interaction Scripting with Interactive Illustrations,CHI,2016,https://openalex.org/A5019085006,Pei-Yu Chi,first
https://openalex.org/W2406854312,Enhancing Cross-Device Interaction Scripting with Interactive Illustrations,CHI,2016,https://openalex.org/A5100688703,Yang Li,middle
https://openalex.org/W2406854312,Enhancing Cross-Device Interaction Scripting with Interactive Illustrations,CHI,2016,https://openalex.org/A5084965768,Björn Hartmann,last
https://openalex.org/W2402939184,Learn Piano with BACh: An Adaptive Learning Interface that Adjusts Task Difficulty Based on Brain State,CHI,2016,https://openalex.org/A5091604111,Beste F. Yuksel,first
https://openalex.org/W2402939184,Learn Piano with BACh: An Adaptive Learning Interface that Adjusts Task Difficulty Based on Brain State,CHI,2016,https://openalex.org/A5056394286,Kurt B. Oleson,middle
https://openalex.org/W2402939184,Learn Piano with BACh: An Adaptive Learning Interface that Adjusts Task Difficulty Based on Brain State,CHI,2016,https://openalex.org/A5087146581,Lane Harrison,middle
https://openalex.org/W2402939184,Learn Piano with BACh: An Adaptive Learning Interface that Adjusts Task Difficulty Based on Brain State,CHI,2016,https://openalex.org/A5011928259,Evan M. Peck,middle
https://openalex.org/W2402939184,Learn Piano with BACh: An Adaptive Learning Interface that Adjusts Task Difficulty Based on Brain State,CHI,2016,https://openalex.org/A5035894778,Daniel Afergan,middle
https://openalex.org/W2402939184,Learn Piano with BACh: An Adaptive Learning Interface that Adjusts Task Difficulty Based on Brain State,CHI,2016,https://openalex.org/A5089451178,Remco Chang,middle
https://openalex.org/W2402939184,Learn Piano with BACh: An Adaptive Learning Interface that Adjusts Task Difficulty Based on Brain State,CHI,2016,https://openalex.org/A5103343552,Robert J. K. Jacob,last
https://openalex.org/W2400074865,Smart Touch: Improving Touch Accuracy for People with Motor Impairments with Template Matching,CHI,2016,https://openalex.org/A5027766289,Martez E. Mott,first
https://openalex.org/W2400074865,Smart Touch: Improving Touch Accuracy for People with Motor Impairments with Template Matching,CHI,2016,https://openalex.org/A5033726877,Radu-Daniel Vatavu,middle
https://openalex.org/W2400074865,Smart Touch: Improving Touch Accuracy for People with Motor Impairments with Template Matching,CHI,2016,https://openalex.org/A5086948505,Shaun K. Kane,middle
https://openalex.org/W2400074865,Smart Touch: Improving Touch Accuracy for People with Motor Impairments with Template Matching,CHI,2016,https://openalex.org/A5086377685,Jacob O. Wobbrock,last
https://openalex.org/W2396533648,"Building a Personalized, Auto-Calibrating Eye Tracker from User Interactions",CHI,2016,https://openalex.org/A5059880425,Michael Xuelin Huang,first
https://openalex.org/W2396533648,"Building a Personalized, Auto-Calibrating Eye Tracker from User Interactions",CHI,2016,https://openalex.org/A5043922248,Tiffany C.K. Kwok,middle
https://openalex.org/W2396533648,"Building a Personalized, Auto-Calibrating Eye Tracker from User Interactions",CHI,2016,https://openalex.org/A5051682329,Grace Ngai,middle
https://openalex.org/W2396533648,"Building a Personalized, Auto-Calibrating Eye Tracker from User Interactions",CHI,2016,https://openalex.org/A5064619021,Stephen Chan,middle
https://openalex.org/W2396533648,"Building a Personalized, Auto-Calibrating Eye Tracker from User Interactions",CHI,2016,https://openalex.org/A5081054998,Hong Va Leong,last
https://openalex.org/W2394670422,Developing and Validating the User Burden Scale: A Tool for Assessing User Burden in Computing Systems,CHI,2016,https://openalex.org/A5035627325,Hyewon Suh,first
https://openalex.org/W2394670422,Developing and Validating the User Burden Scale: A Tool for Assessing User Burden in Computing Systems,CHI,2016,https://openalex.org/A5014842691,Nina Shahriaree,middle
https://openalex.org/W2394670422,Developing and Validating the User Burden Scale: A Tool for Assessing User Burden in Computing Systems,CHI,2016,https://openalex.org/A5078089549,Eric B. Hekler,middle
https://openalex.org/W2394670422,Developing and Validating the User Burden Scale: A Tool for Assessing User Burden in Computing Systems,CHI,2016,https://openalex.org/A5066304043,Julie A. Kientz,last
https://openalex.org/W2400341429,Foraging Among an Overabundance of Similar Variants,CHI,2016,https://openalex.org/A5014639509,Sruti Srinivasa Ragavan,first
https://openalex.org/W2400341429,Foraging Among an Overabundance of Similar Variants,CHI,2016,https://openalex.org/A5072109649,Sandeep Kaur Kuttal,middle
https://openalex.org/W2400341429,Foraging Among an Overabundance of Similar Variants,CHI,2016,https://openalex.org/A5111711612,Charles G. Hill,middle
https://openalex.org/W2400341429,Foraging Among an Overabundance of Similar Variants,CHI,2016,https://openalex.org/A5024821289,Anita Sarma,middle
https://openalex.org/W2400341429,Foraging Among an Overabundance of Similar Variants,CHI,2016,https://openalex.org/A5076670713,David Piorkowski,middle
https://openalex.org/W2400341429,Foraging Among an Overabundance of Similar Variants,CHI,2016,https://openalex.org/A5011173372,Margaret Burnett,last
https://openalex.org/W2396662988,"Finding Email in a Multi-Account, Multi-Device World",CHI,2016,https://openalex.org/A5015385005,Marta E. Cecchinato,first
https://openalex.org/W2396662988,"Finding Email in a Multi-Account, Multi-Device World",CHI,2016,https://openalex.org/A5054544784,Abigail Sellen,middle
https://openalex.org/W2396662988,"Finding Email in a Multi-Account, Multi-Device World",CHI,2016,https://openalex.org/A5088114671,Milad Shokouhi,middle
https://openalex.org/W2396662988,"Finding Email in a Multi-Account, Multi-Device World",CHI,2016,https://openalex.org/A5078670829,Gavin Smyth,last
https://openalex.org/W2273847690,Empath: Understanding Topic Signals in Large-Scale Text,CHI,2016,https://openalex.org/A5089313267,Ethan Fast,first
https://openalex.org/W2273847690,Empath: Understanding Topic Signals in Large-Scale Text,CHI,2016,https://openalex.org/A5100687676,Binbin Chen,middle
https://openalex.org/W2273847690,Empath: Understanding Topic Signals in Large-Scale Text,CHI,2016,https://openalex.org/A5076189854,Michael S. Bernstein,last
https://openalex.org/W2398012670,Lock n' LoL: Group-based Limiting Assistance App to Mitigate Smartphone Distractions in Group Activities,CHI,2016,https://openalex.org/A5082002320,Minsam Ko,first
https://openalex.org/W2398012670,Lock n' LoL: Group-based Limiting Assistance App to Mitigate Smartphone Distractions in Group Activities,CHI,2016,https://openalex.org/A5101776191,Seungwoo Choi,middle
https://openalex.org/W2398012670,Lock n' LoL: Group-based Limiting Assistance App to Mitigate Smartphone Distractions in Group Activities,CHI,2016,https://openalex.org/A5089292344,Koji Yatani,middle
https://openalex.org/W2398012670,Lock n' LoL: Group-based Limiting Assistance App to Mitigate Smartphone Distractions in Group Activities,CHI,2016,https://openalex.org/A5058987035,Uichin Lee,last
https://openalex.org/W2537475616,Vandalism Detection in Wikidata,CIKM,2016,https://openalex.org/A5038894198,Stefan Heindorf,first
https://openalex.org/W2537475616,Vandalism Detection in Wikidata,CIKM,2016,https://openalex.org/A5083712311,Martin Potthast,middle
https://openalex.org/W2537475616,Vandalism Detection in Wikidata,CIKM,2016,https://openalex.org/A5027915931,Benno Stein,middle
https://openalex.org/W2537475616,Vandalism Detection in Wikidata,CIKM,2016,https://openalex.org/A5022823882,Gregor Engels,last
https://openalex.org/W2194775991,Deep Residual Learning for Image Recognition,CVPR,2016,https://openalex.org/A5100700361,Kaiming He,first
https://openalex.org/W2194775991,Deep Residual Learning for Image Recognition,CVPR,2016,https://openalex.org/A5100362465,Xiangyu Zhang,middle
https://openalex.org/W2194775991,Deep Residual Learning for Image Recognition,CVPR,2016,https://openalex.org/A5100824251,Shaoqing Ren,middle
https://openalex.org/W2194775991,Deep Residual Learning for Image Recognition,CVPR,2016,https://openalex.org/A5100785015,Jian Sun,last
https://openalex.org/W2430369560,Settling the Complexity of Computing Approximate Two-Player Nash Equilibria,FOCS,2016,https://openalex.org/A5035432679,Aviad Rubinstein,first
https://openalex.org/W2903586563,Fast Learning Requires Good Memory: A Time-Space Lower Bound for Parity Learning,FOCS,2016,https://openalex.org/A5041545934,Ran Raz,first
https://openalex.org/W2548627465,API Code Recommendation Using Statistical Learning from Fine-grained Changes,FSE,2016,https://openalex.org/A5065748190,Anh Tuan Nguyen,first
https://openalex.org/W2548627465,API Code Recommendation Using Statistical Learning from Fine-grained Changes,FSE,2016,https://openalex.org/A5088362471,Michael Hilton,middle
https://openalex.org/W2548627465,API Code Recommendation Using Statistical Learning from Fine-grained Changes,FSE,2016,https://openalex.org/A5057072967,Mihai Codoban,middle
https://openalex.org/W2548627465,API Code Recommendation Using Statistical Learning from Fine-grained Changes,FSE,2016,https://openalex.org/A5044339946,Hoan Anh Nguyen,middle
https://openalex.org/W2548627465,API Code Recommendation Using Statistical Learning from Fine-grained Changes,FSE,2016,https://openalex.org/A5073728580,Lily Mast,middle
https://openalex.org/W2548627465,API Code Recommendation Using Statistical Learning from Fine-grained Changes,FSE,2016,https://openalex.org/A5085175414,Eli Rademacher,middle
https://openalex.org/W2548627465,API Code Recommendation Using Statistical Learning from Fine-grained Changes,FSE,2016,https://openalex.org/A5089000736,Tien N. Nguyen,middle
https://openalex.org/W2548627465,API Code Recommendation Using Statistical Learning from Fine-grained Changes,FSE,2016,https://openalex.org/A5019404521,Danny Dig,last
https://openalex.org/W2547900581,Detecting Sensitive Data Disclosure via Bi-directional Text Correlation Analysis,FSE,2016,https://openalex.org/A5037117080,Jianjun Huang,first
https://openalex.org/W2547900581,Detecting Sensitive Data Disclosure via Bi-directional Text Correlation Analysis,FSE,2016,https://openalex.org/A5100362465,Xiangyu Zhang,middle
https://openalex.org/W2547900581,Detecting Sensitive Data Disclosure via Bi-directional Text Correlation Analysis,FSE,2016,https://openalex.org/A5115883174,Lin Tan,last
https://openalex.org/W2546949415,Factors Influencing Code Review Processes in Industry,FSE,2016,https://openalex.org/A5080993531,Tobias Baum,first
https://openalex.org/W2546949415,Factors Influencing Code Review Processes in Industry,FSE,2016,https://openalex.org/A5018416139,Olga Liskin,middle
https://openalex.org/W2546949415,Factors Influencing Code Review Processes in Industry,FSE,2016,https://openalex.org/A5060719581,Kai Niklas,middle
https://openalex.org/W2546949415,Factors Influencing Code Review Processes in Industry,FSE,2016,https://openalex.org/A5031529088,Kurt Schneider,last
https://openalex.org/W2546851909,Foraging and Navigations Fundamentally: Developers' Predictions of Value and Cost,FSE,2016,https://openalex.org/A5076670713,David Piorkowski,first
https://openalex.org/W2546851909,Foraging and Navigations Fundamentally: Developers' Predictions of Value and Cost,FSE,2016,https://openalex.org/A5047536715,Austin Z. Henley,middle
https://openalex.org/W2546851909,Foraging and Navigations Fundamentally: Developers' Predictions of Value and Cost,FSE,2016,https://openalex.org/A5002742929,Tahmid Nabi,middle
https://openalex.org/W2546851909,Foraging and Navigations Fundamentally: Developers' Predictions of Value and Cost,FSE,2016,https://openalex.org/A5009797359,Scott Fleming,middle
https://openalex.org/W2546851909,Foraging and Navigations Fundamentally: Developers' Predictions of Value and Cost,FSE,2016,https://openalex.org/A5112258462,Christopher Scaffidi,middle
https://openalex.org/W2546851909,Foraging and Navigations Fundamentally: Developers' Predictions of Value and Cost,FSE,2016,https://openalex.org/A5011173372,Margaret Burnett,last
https://openalex.org/W2547471548,Multi-Representational Security Analysis,FSE,2016,https://openalex.org/A5044511705,Eunsuk Kang,first
https://openalex.org/W2547471548,Multi-Representational Security Analysis,FSE,2016,https://openalex.org/A5072901963,Aleksandar Milićević,middle
https://openalex.org/W2547471548,Multi-Representational Security Analysis,FSE,2016,https://openalex.org/A5101853727,Daniel Jackson,last
https://openalex.org/W2546918856,Proteus: Computing Disjunctive Loop Summary via Path Dependency Analysis,FSE,2016,https://openalex.org/A5084396416,Xiaofei Xie,first
https://openalex.org/W2546918856,Proteus: Computing Disjunctive Loop Summary via Path Dependency Analysis,FSE,2016,https://openalex.org/A5059253116,Bihuan Chen,middle
https://openalex.org/W2546918856,Proteus: Computing Disjunctive Loop Summary via Path Dependency Analysis,FSE,2016,https://openalex.org/A5100355692,Yang Liu,middle
https://openalex.org/W2546918856,Proteus: Computing Disjunctive Loop Summary via Path Dependency Analysis,FSE,2016,https://openalex.org/A5074426991,Wei Le,middle
https://openalex.org/W2546918856,Proteus: Computing Disjunctive Loop Summary via Path Dependency Analysis,FSE,2016,https://openalex.org/A5100451509,Xiaohong Li,last
https://openalex.org/W2476494490,Why We Refactor? Confessions of GitHub Contributors,FSE,2016,https://openalex.org/A5101822967,Danilo Silva,first
https://openalex.org/W2476494490,Why We Refactor? Confessions of GitHub Contributors,FSE,2016,https://openalex.org/A5088438387,Nikolaos Tsantalis,middle
https://openalex.org/W2476494490,Why We Refactor? Confessions of GitHub Contributors,FSE,2016,https://openalex.org/A5100703246,Marco Túlio Valente,last
https://openalex.org/W2556958149,Dueling Network Architectures for Deep Reinforcement Learning,ICML,2016,https://openalex.org/A5100420915,Ziyu Wang,first
https://openalex.org/W2556958149,Dueling Network Architectures for Deep Reinforcement Learning,ICML,2016,https://openalex.org/A5031378020,Victor Bapst,middle
https://openalex.org/W2556958149,Dueling Network Architectures for Deep Reinforcement Learning,ICML,2016,https://openalex.org/A5062951341,Nicolas Heess,middle
https://openalex.org/W2556958149,Dueling Network Architectures for Deep Reinforcement Learning,ICML,2016,https://openalex.org/A5008904142,Volodymyr Mnih,middle
https://openalex.org/W2556958149,Dueling Network Architectures for Deep Reinforcement Learning,ICML,2016,https://openalex.org/A5006533777,Rémi Munos,middle
https://openalex.org/W2556958149,Dueling Network Architectures for Deep Reinforcement Learning,ICML,2016,https://openalex.org/A5090341705,Koray Kavukcuoglu,middle
https://openalex.org/W2556958149,Dueling Network Architectures for Deep Reinforcement Learning,ICML,2016,https://openalex.org/A5082304130,Nando de Freitas,last
https://openalex.org/W2953318193,Pixel Recurrent Neural Networks,ICML,2016,https://openalex.org/A5039776447,Aäron van den Oord,first
https://openalex.org/W2953318193,Pixel Recurrent Neural Networks,ICML,2016,https://openalex.org/A5059729571,Nal Kalchbrenner,middle
https://openalex.org/W2953318193,Pixel Recurrent Neural Networks,ICML,2016,https://openalex.org/A5090341705,Koray Kavukcuoglu,last
https://openalex.org/W2949816416,Ensuring Rapid Mixing and Low Bias for Asynchronous Gibbs Sampling,ICML,2016,https://openalex.org/A5041869459,Christopher De,first
https://openalex.org/W2949816416,Ensuring Rapid Mixing and Low Bias for Asynchronous Gibbs Sampling,ICML,2016,https://openalex.org/A5023857198,Kunle Olukotun,middle
https://openalex.org/W2949816416,Ensuring Rapid Mixing and Low Bias for Asynchronous Gibbs Sampling,ICML,2016,https://openalex.org/A5103852640,Christopher Ré,last
https://openalex.org/W1927112189,Efficient Large-Scale Trace Checking Using MapReduce,ICSE,2016,https://openalex.org/A5052125239,Marcello M. Bersani,first
https://openalex.org/W1927112189,Efficient Large-Scale Trace Checking Using MapReduce,ICSE,2016,https://openalex.org/A5038017715,Domenico Bianculli,middle
https://openalex.org/W1927112189,Efficient Large-Scale Trace Checking Using MapReduce,ICSE,2016,https://openalex.org/A5024976868,Carlo Ghezzi,middle
https://openalex.org/W1927112189,Efficient Large-Scale Trace Checking Using MapReduce,ICSE,2016,https://openalex.org/A5028440299,Srđan Krstić,middle
https://openalex.org/W1927112189,Efficient Large-Scale Trace Checking Using MapReduce,ICSE,2016,https://openalex.org/A5064490024,Pierluigi San Pietro,last
https://openalex.org/W2344496621,Energy Profiles of Java Collections Classes,ICSE,2016,https://openalex.org/A5030073319,Samir Hasan,first
https://openalex.org/W2344496621,Energy Profiles of Java Collections Classes,ICSE,2016,https://openalex.org/A5048404082,Zachary King,middle
https://openalex.org/W2344496621,Energy Profiles of Java Collections Classes,ICSE,2016,https://openalex.org/A5060527236,Munawar Hafiz,middle
https://openalex.org/W2344496621,Energy Profiles of Java Collections Classes,ICSE,2016,https://openalex.org/A5023078795,Mohammed Sayagh,middle
https://openalex.org/W2344496621,Energy Profiles of Java Collections Classes,ICSE,2016,https://openalex.org/A5058164381,Bram Adams,middle
https://openalex.org/W2344496621,Energy Profiles of Java Collections Classes,ICSE,2016,https://openalex.org/A5070785370,Abram Hindle,last
https://openalex.org/W2393286498,Feedback-Directed Instrumentation for Deployed JavaScript Applications,ICSE,2016,https://openalex.org/A5034330109,Magnus Madsen,first
https://openalex.org/W2393286498,Feedback-Directed Instrumentation for Deployed JavaScript Applications,ICSE,2016,https://openalex.org/A5087594876,Frank Tip,middle
https://openalex.org/W2393286498,Feedback-Directed Instrumentation for Deployed JavaScript Applications,ICSE,2016,https://openalex.org/A5075681113,Esben Andreasen,middle
https://openalex.org/W2393286498,Feedback-Directed Instrumentation for Deployed JavaScript Applications,ICSE,2016,https://openalex.org/A5101569699,Koushik Sen,middle
https://openalex.org/W2393286498,Feedback-Directed Instrumentation for Deployed JavaScript Applications,ICSE,2016,https://openalex.org/A5103189175,Anders Møller,last
https://openalex.org/W2387719207,From Word Embeddings to Document Similarities for Improved Information Retrieval in Software Engineering,ICSE,2016,https://openalex.org/A5100348113,Xin Ye,first
https://openalex.org/W2387719207,From Word Embeddings to Document Similarities for Improved Information Retrieval in Software Engineering,ICSE,2016,https://openalex.org/A5002208932,Hui Shen,middle
https://openalex.org/W2387719207,From Word Embeddings to Document Similarities for Improved Information Retrieval in Software Engineering,ICSE,2016,https://openalex.org/A5011411728,Xiao Ma,middle
https://openalex.org/W2387719207,From Word Embeddings to Document Similarities for Improved Information Retrieval in Software Engineering,ICSE,2016,https://openalex.org/A5020435927,Răzvan Bunescu,middle
https://openalex.org/W2387719207,From Word Embeddings to Document Similarities for Improved Information Retrieval in Software Engineering,ICSE,2016,https://openalex.org/A5101434532,Chang Liu,last
https://openalex.org/W2294434616,Guiding Dynamic Symbolic Execution toward Unverified Program Executions,ICSE,2016,https://openalex.org/A5064181052,Maria Christakis,first
https://openalex.org/W2294434616,Guiding Dynamic Symbolic Execution toward Unverified Program Executions,ICSE,2016,https://openalex.org/A5109230478,Peter Müller,middle
https://openalex.org/W2294434616,Guiding Dynamic Symbolic Execution toward Unverified Program Executions,ICSE,2016,https://openalex.org/A5087604407,Valentin Wüstholz,last
https://openalex.org/W2367183013,"On the Techniques We Create, the Tools We Build, and Their Misalignments: A Study of KLEE",ICSE,2016,https://openalex.org/A5020000401,Eric F. Rizzi,first
https://openalex.org/W2367183013,"On the Techniques We Create, the Tools We Build, and Their Misalignments: A Study of KLEE",ICSE,2016,https://openalex.org/A5025318877,Sebastian Elbaum,middle
https://openalex.org/W2367183013,"On the Techniques We Create, the Tools We Build, and Their Misalignments: A Study of KLEE",ICSE,2016,https://openalex.org/A5086757331,Matthew B. Dwyer,last
https://openalex.org/W2381207137,Termination-Checking for LLVM Peephole Optimizations,ICSE,2016,https://openalex.org/A5087342649,David Menendez,first
https://openalex.org/W2381207137,Termination-Checking for LLVM Peephole Optimizations,ICSE,2016,https://openalex.org/A5011881274,Santosh Nagarakatte,last
https://openalex.org/W2374182234,VDTest: An Automated Framework to Support Testing for Virtual Devices,ICSE,2016,https://openalex.org/A5072070511,Tingting Yu,first
https://openalex.org/W2374182234,VDTest: An Automated Framework to Support Testing for Virtual Devices,ICSE,2016,https://openalex.org/A5100531293,Xiao Qu,middle
https://openalex.org/W2374182234,VDTest: An Automated Framework to Support Testing for Virtual Devices,ICSE,2016,https://openalex.org/A5020147981,Myra B. Cohen,last
https://openalex.org/W2144160189,Work Practices and Challenges in Pull-Based Development: The Contributor's Perspective,ICSE,2016,https://openalex.org/A5043864604,Georgios Gousios,first
https://openalex.org/W2144160189,Work Practices and Challenges in Pull-Based Development: The Contributor's Perspective,ICSE,2016,https://openalex.org/A5038905934,Margaret‐Anne Storey,middle
https://openalex.org/W2144160189,Work Practices and Challenges in Pull-Based Development: The Contributor's Perspective,ICSE,2016,https://openalex.org/A5082720005,Alberto Bacchelli,last
https://openalex.org/W2552810632,Hierarchical Finite State Controllers for Generalized Planning,IJCAI,2016,https://openalex.org/A5086852785,Karl Friston,first
https://openalex.org/W2552810632,Hierarchical Finite State Controllers for Generalized Planning,IJCAI,2016,https://openalex.org/A5011377871,Thomas H. B. FitzGerald,middle
https://openalex.org/W2552810632,Hierarchical Finite State Controllers for Generalized Planning,IJCAI,2016,https://openalex.org/A5110418524,Francesco Rigoli,middle
https://openalex.org/W2552810632,Hierarchical Finite State Controllers for Generalized Planning,IJCAI,2016,https://openalex.org/A5000294737,Philipp Schwartenbeck,middle
https://openalex.org/W2552810632,Hierarchical Finite State Controllers for Generalized Planning,IJCAI,2016,https://openalex.org/A5053290697,Giovanni Pezzulo,last
https://openalex.org/W2492150193,Heavy-Ball: A New Approach to Tame Delay and Convergence in Wireless Network Optimization,INFOCOM,2016,https://openalex.org/A5100409661,Jia Liu,first
https://openalex.org/W2492150193,Heavy-Ball: A New Approach to Tame Delay and Convergence in Wireless Network Optimization,INFOCOM,2016,https://openalex.org/A5076974020,Atilla Eryılmaz,middle
https://openalex.org/W2492150193,Heavy-Ball: A New Approach to Tame Delay and Convergence in Wireless Network Optimization,INFOCOM,2016,https://openalex.org/A5035752536,Ness B. Shroff,middle
https://openalex.org/W2492150193,Heavy-Ball: A New Approach to Tame Delay and Convergence in Wireless Network Optimization,INFOCOM,2016,https://openalex.org/A5071876359,Elizabeth Serena Bentley,last
https://openalex.org/W2348679751,FRAUDAR: Bounding Graph Fraud in the Face of Camouflage,KDD,2016,https://openalex.org/A5065675832,Bryan Hooi,first
https://openalex.org/W2348679751,FRAUDAR: Bounding Graph Fraud in the Face of Camouflage,KDD,2016,https://openalex.org/A5102944048,Hyun Ah Song,middle
https://openalex.org/W2348679751,FRAUDAR: Bounding Graph Fraud in the Face of Camouflage,KDD,2016,https://openalex.org/A5080988309,Alex Beutel,middle
https://openalex.org/W2348679751,FRAUDAR: Bounding Graph Fraud in the Face of Camouflage,KDD,2016,https://openalex.org/A5101799872,Neil Shah,middle
https://openalex.org/W2348679751,FRAUDAR: Bounding Graph Fraud in the Face of Camouflage,KDD,2016,https://openalex.org/A5028609723,Kijung Shin,middle
https://openalex.org/W2348679751,FRAUDAR: Bounding Graph Fraud in the Face of Camouflage,KDD,2016,https://openalex.org/A5035605036,Christos Faloutsos,last
https://openalex.org/W2491263806,Value Iteration Networks,NeurIPS,2016,https://openalex.org/A5100320969,Sheng Chen,first
https://openalex.org/W2491263806,Value Iteration Networks,NeurIPS,2016,https://openalex.org/A5100714793,Xia Hong,middle
https://openalex.org/W2491263806,Value Iteration Networks,NeurIPS,2016,https://openalex.org/A5072720196,Emad Khalaf,middle
https://openalex.org/W2491263806,Value Iteration Networks,NeurIPS,2016,https://openalex.org/A5080263475,Fuad E. Alsaadi,middle
https://openalex.org/W2491263806,Value Iteration Networks,NeurIPS,2016,https://openalex.org/A5067133312,C.J. Harris,last
https://openalex.org/W2576393274,Push-Button Verification of File Systems via Crash Refinement,OSDI,2016,https://openalex.org/A5045162159,Helgi Sigurbjarnarson,first
https://openalex.org/W2576393274,Push-Button Verification of File Systems via Crash Refinement,OSDI,2016,https://openalex.org/A5055964348,James Bornholt,middle
https://openalex.org/W2576393274,Push-Button Verification of File Systems via Crash Refinement,OSDI,2016,https://openalex.org/A5088791029,Emina Torlak,middle
https://openalex.org/W2576393274,Push-Button Verification of File Systems via Crash Refinement,OSDI,2016,https://openalex.org/A5039213137,Xi Wang,last
https://openalex.org/W2414762192,Into the Depths of C: Elaborating the De Facto Standards,PLDI,2016,https://openalex.org/A5013809751,Kayvan Memarian,first
https://openalex.org/W2414762192,Into the Depths of C: Elaborating the De Facto Standards,PLDI,2016,https://openalex.org/A5051217958,Justus Matthiesen,middle
https://openalex.org/W2414762192,Into the Depths of C: Elaborating the De Facto Standards,PLDI,2016,https://openalex.org/A5081440491,James Lingard,middle
https://openalex.org/W2414762192,Into the Depths of C: Elaborating the De Facto Standards,PLDI,2016,https://openalex.org/A5018775869,Kyndylan Nienhuis,middle
https://openalex.org/W2414762192,Into the Depths of C: Elaborating the De Facto Standards,PLDI,2016,https://openalex.org/A5003350033,David Chisnall,middle
https://openalex.org/W2414762192,Into the Depths of C: Elaborating the De Facto Standards,PLDI,2016,https://openalex.org/A5013006563,Robert N. M. Watson,middle
https://openalex.org/W2414762192,Into the Depths of C: Elaborating the De Facto Standards,PLDI,2016,https://openalex.org/A5083405043,Peter Sewell,last
https://openalex.org/W2413028252,Transactional Data Structure Libraries,PLDI,2016,https://openalex.org/A5021229048,Alexander Spiegelman,first
https://openalex.org/W2413028252,Transactional Data Structure Libraries,PLDI,2016,https://openalex.org/A5054069870,Guy Golan-Gueta,middle
https://openalex.org/W2413028252,Transactional Data Structure Libraries,PLDI,2016,https://openalex.org/A5059238786,Idit Keidar,last
https://openalex.org/W2386500332,Types from data: Making structured data first-class citizens in F#,PLDI,2016,https://openalex.org/A5036969978,Tomáš Petříček,first
https://openalex.org/W2386500332,Types from data: Making structured data first-class citizens in F#,PLDI,2016,https://openalex.org/A5014050315,Gustavo Guerra,middle
https://openalex.org/W2386500332,Types from data: Making structured data first-class citizens in F#,PLDI,2016,https://openalex.org/A5109030480,Don Syme,last
https://openalex.org/W2408975894,Assessing the limits of program-specific garbage collection performance,PLDI,2016,https://openalex.org/A5013744700,Nicholas Jacek,first
https://openalex.org/W2408975894,Assessing the limits of program-specific garbage collection performance,PLDI,2016,https://openalex.org/A5084821901,Meng‐Chieh Chiu,middle
https://openalex.org/W2408975894,Assessing the limits of program-specific garbage collection performance,PLDI,2016,https://openalex.org/A5023142437,Benjamin M. Marlin,middle
https://openalex.org/W2408975894,Assessing the limits of program-specific garbage collection performance,PLDI,2016,https://openalex.org/A5015046489,J. Eliot B. Moss,last
https://openalex.org/W2963560792,FAQ: Questions Asked Frequently,PODS,2016,https://openalex.org/A5034538466,Mahmoud Abo Khamis,first
https://openalex.org/W2963560792,FAQ: Questions Asked Frequently,PODS,2016,https://openalex.org/A5062573204,Hung Q. Ngo,middle
https://openalex.org/W2963560792,FAQ: Questions Asked Frequently,PODS,2016,https://openalex.org/A5001041485,Atri Rudra,last
https://openalex.org/W2511192821,A2: Analog Malicious Hardware,S&P,2016,https://openalex.org/A5076619099,Kaiyuan Yang,first
https://openalex.org/W2511192821,A2: Analog Malicious Hardware,S&P,2016,https://openalex.org/A5048181945,Matthew Hicks,middle
https://openalex.org/W2511192821,A2: Analog Malicious Hardware,S&P,2016,https://openalex.org/A5007468197,Qing Dong,middle
https://openalex.org/W2511192821,A2: Analog Malicious Hardware,S&P,2016,https://openalex.org/A5113456715,Todd Austin,middle
https://openalex.org/W2511192821,A2: Analog Malicious Hardware,S&P,2016,https://openalex.org/A5000767141,Dennis Sylvester,last
https://openalex.org/W2989358216,Don't Mind the Gap: Bridging Network-wide Objectives and Device-level Configurations,SIGCOMM,2016,https://openalex.org/A5075133765,Ryan Beckett,first
https://openalex.org/W2989358216,Don't Mind the Gap: Bridging Network-wide Objectives and Device-level Configurations,SIGCOMM,2016,https://openalex.org/A5013518229,Ratul Mahajan,middle
https://openalex.org/W2989358216,Don't Mind the Gap: Bridging Network-wide Objectives and Device-level Configurations,SIGCOMM,2016,https://openalex.org/A5014067492,Todd Millstein,middle
https://openalex.org/W2989358216,Don't Mind the Gap: Bridging Network-wide Objectives and Device-level Configurations,SIGCOMM,2016,https://openalex.org/A5112001300,Jitendra Padhye,middle
https://openalex.org/W2989358216,Don't Mind the Gap: Bridging Network-wide Objectives and Device-level Configurations,SIGCOMM,2016,https://openalex.org/A5049454219,David Walker,last
https://openalex.org/W2488265751,Eliminating Channel Feedback in Next-Generation Cellular Networks,SIGCOMM,2016,https://openalex.org/A5034738254,Deepak Vasisht,first
https://openalex.org/W2488265751,Eliminating Channel Feedback in Next-Generation Cellular Networks,SIGCOMM,2016,https://openalex.org/A5042675455,Swarun Kumar,middle
https://openalex.org/W2488265751,Eliminating Channel Feedback in Next-Generation Cellular Networks,SIGCOMM,2016,https://openalex.org/A5046388822,Hariharan Rahul,middle
https://openalex.org/W2488265751,Eliminating Channel Feedback in Next-Generation Cellular Networks,SIGCOMM,2016,https://openalex.org/A5052959289,Dina Katabi,last
https://openalex.org/W2950280161,Inter-Technology Backscatter: Towards Internet Connectivity for Implanted Devices,SIGCOMM,2016,https://openalex.org/A5080282367,Vikram Iyer,first
https://openalex.org/W2950280161,Inter-Technology Backscatter: Towards Internet Connectivity for Implanted Devices,SIGCOMM,2016,https://openalex.org/A5042415093,Vamsi Talla,middle
https://openalex.org/W2950280161,Inter-Technology Backscatter: Towards Internet Connectivity for Implanted Devices,SIGCOMM,2016,https://openalex.org/A5030516279,Bryce Kellogg,middle
https://openalex.org/W2950280161,Inter-Technology Backscatter: Towards Internet Connectivity for Implanted Devices,SIGCOMM,2016,https://openalex.org/A5011077730,Shyamnath Gollakota,middle
https://openalex.org/W2950280161,Inter-Technology Backscatter: Towards Internet Connectivity for Implanted Devices,SIGCOMM,2016,https://openalex.org/A5019043770,Joshua R. Smith,last
https://openalex.org/W2340380384,Understanding Information Need: An fMRI Study,SIGIR,2016,https://openalex.org/A5059100610,Yashar Moshfeghi,first
https://openalex.org/W2340380384,Understanding Information Need: An fMRI Study,SIGIR,2016,https://openalex.org/A5052475427,Peter Triantafillou,middle
https://openalex.org/W2340380384,Understanding Information Need: An fMRI Study,SIGIR,2016,https://openalex.org/A5054643754,Frank Pollick,last
https://openalex.org/W2339552468,On the Duration and Intensity of Competitions in Nonlinear Pólya Urn Processes with Fitness,SIGMETRICS,2016,https://openalex.org/A5101597771,Bo Jiang,first
https://openalex.org/W2339552468,On the Duration and Intensity of Competitions in Nonlinear Pólya Urn Processes with Fitness,SIGMETRICS,2016,https://openalex.org/A5082628103,Daniel R. Figueiredo,middle
https://openalex.org/W2339552468,On the Duration and Intensity of Competitions in Nonlinear Pólya Urn Processes with Fitness,SIGMETRICS,2016,https://openalex.org/A5035917702,Bruno Ribeiro,middle
https://openalex.org/W2339552468,On the Duration and Intensity of Competitions in Nonlinear Pólya Urn Processes with Fitness,SIGMETRICS,2016,https://openalex.org/A5036683370,Don Towsley,last
https://openalex.org/W2421547754,Wander Join: Online Aggregation via Random Walks,SIGMOD,2016,https://openalex.org/A5100450462,Li Fei-Fei,first
https://openalex.org/W2421547754,Wander Join: Online Aggregation via Random Walks,SIGMOD,2016,https://openalex.org/A5007360737,Bin Wu,middle
https://openalex.org/W2421547754,Wander Join: Online Aggregation via Random Walks,SIGMOD,2016,https://openalex.org/A5009196125,Ke Yi,middle
https://openalex.org/W2421547754,Wander Join: Online Aggregation via Random Walks,SIGMOD,2016,https://openalex.org/A5082679208,Zhuoyue Zhao,last
https://openalex.org/W2953390354,An Improved Distributed Algorithm for Maximal Independent Set,SODA,2016,https://openalex.org/A5088284921,Mohsen Ghaffari,first
https://openalex.org/W3163127969,Near-Optimal Light Spanners,SODA,2016,https://openalex.org/A5066485203,Shiri Chechik,first
https://openalex.org/W3163127969,Near-Optimal Light Spanners,SODA,2016,https://openalex.org/A5077977985,Christian Wulff‐Nilsen,last
https://openalex.org/W2963024133,Reed-Muller Codes Achieve Capacity on Erasure Channels,STOC,2016,https://openalex.org/A5030079757,Shrinivas Kudekar,first
https://openalex.org/W2963024133,Reed-Muller Codes Achieve Capacity on Erasure Channels,STOC,2016,https://openalex.org/A5101788564,Santhosh Kumar,middle
https://openalex.org/W2963024133,Reed-Muller Codes Achieve Capacity on Erasure Channels,STOC,2016,https://openalex.org/A5061114394,Marco Mondelli,middle
https://openalex.org/W2963024133,Reed-Muller Codes Achieve Capacity on Erasure Channels,STOC,2016,https://openalex.org/A5034044119,Henry D. Pfister,middle
https://openalex.org/W2963024133,Reed-Muller Codes Achieve Capacity on Erasure Channels,STOC,2016,https://openalex.org/A5019353548,Eren Şaşoğlu,middle
https://openalex.org/W2963024133,Reed-Muller Codes Achieve Capacity on Erasure Channels,STOC,2016,https://openalex.org/A5058759310,Rüdiger Urbanke,last
https://openalex.org/W2397754814,Explicit Two-Source Extractors and Resilient Functions,STOC,2016,https://openalex.org/A5045073799,Eshan Chattopadhyay,first
https://openalex.org/W2397754814,Explicit Two-Source Extractors and Resilient Functions,STOC,2016,https://openalex.org/A5052332525,David Zuckerman,last
https://openalex.org/W2409645877,Graph Isomorphism in Quasipolynomial Time,STOC,2016,https://openalex.org/A5014978503,László Babai,first
https://openalex.org/W2537074996,Rovables: Miniature On-Body Robots as Mobile Wearables,UIST,2016,https://openalex.org/A5101796605,Artem Dementyev,first
https://openalex.org/W2537074996,Rovables: Miniature On-Body Robots as Mobile Wearables,UIST,2016,https://openalex.org/A5002723576,Hsin-Liu Kao,middle
https://openalex.org/W2537074996,Rovables: Miniature On-Body Robots as Mobile Wearables,UIST,2016,https://openalex.org/A5103014803,Inrak Choi,middle
https://openalex.org/W2537074996,Rovables: Miniature On-Body Robots as Mobile Wearables,UIST,2016,https://openalex.org/A5085306711,Deborah Ajilo,middle
https://openalex.org/W2537074996,Rovables: Miniature On-Body Robots as Mobile Wearables,UIST,2016,https://openalex.org/A5059997035,Maggie Xu,middle
https://openalex.org/W2537074996,Rovables: Miniature On-Body Robots as Mobile Wearables,UIST,2016,https://openalex.org/A5086159548,Joseph A. Paradiso,middle
https://openalex.org/W2537074996,Rovables: Miniature On-Body Robots as Mobile Wearables,UIST,2016,https://openalex.org/A5111405419,Chris Schmandt,middle
https://openalex.org/W2537074996,Rovables: Miniature On-Body Robots as Mobile Wearables,UIST,2016,https://openalex.org/A5039900558,Sean Follmer,last
https://openalex.org/W2533619018,Zooids: Building Blocks for Swarm User Interfaces,UIST,2016,https://openalex.org/A5041275294,Mathieu Le Goc,first
https://openalex.org/W2533619018,Zooids: Building Blocks for Swarm User Interfaces,UIST,2016,https://openalex.org/A5065221891,Lawrence H. Kim,middle
https://openalex.org/W2533619018,Zooids: Building Blocks for Swarm User Interfaces,UIST,2016,https://openalex.org/A5032788742,Ali Parsaei,middle
https://openalex.org/W2533619018,Zooids: Building Blocks for Swarm User Interfaces,UIST,2016,https://openalex.org/A5060725233,Jean‐Daniel Fekete,middle
https://openalex.org/W2533619018,Zooids: Building Blocks for Swarm User Interfaces,UIST,2016,https://openalex.org/A5032305401,Pierre Dragicevic,middle
https://openalex.org/W2533619018,Zooids: Building Blocks for Swarm User Interfaces,UIST,2016,https://openalex.org/A5039900558,Sean Follmer,last
https://openalex.org/W2539017927,proCover: Sensory Augmentation of Prosthetic Limbs Using Smart Textile Covers,UIST,2016,https://openalex.org/A5020423438,Joanne Leong,first
https://openalex.org/W2539017927,proCover: Sensory Augmentation of Prosthetic Limbs Using Smart Textile Covers,UIST,2016,https://openalex.org/A5019954653,Patrick Parzer,middle
https://openalex.org/W2539017927,proCover: Sensory Augmentation of Prosthetic Limbs Using Smart Textile Covers,UIST,2016,https://openalex.org/A5060423255,Florian Perteneder,middle
https://openalex.org/W2539017927,proCover: Sensory Augmentation of Prosthetic Limbs Using Smart Textile Covers,UIST,2016,https://openalex.org/A5033561735,Teo Babic,middle
https://openalex.org/W2539017927,proCover: Sensory Augmentation of Prosthetic Limbs Using Smart Textile Covers,UIST,2016,https://openalex.org/A5105368417,Christian Rendl,middle
https://openalex.org/W2539017927,proCover: Sensory Augmentation of Prosthetic Limbs Using Smart Textile Covers,UIST,2016,https://openalex.org/A5057440817,Anita Vogl,middle
https://openalex.org/W2539017927,proCover: Sensory Augmentation of Prosthetic Limbs Using Smart Textile Covers,UIST,2016,https://openalex.org/A5087787572,Hubert Egger,middle
https://openalex.org/W2539017927,proCover: Sensory Augmentation of Prosthetic Limbs Using Smart Textile Covers,UIST,2016,https://openalex.org/A5016503150,Alex Olwal,middle
https://openalex.org/W2539017927,proCover: Sensory Augmentation of Prosthetic Limbs Using Smart Textile Covers,UIST,2016,https://openalex.org/A5009340165,Michael Haller,last
https://openalex.org/W2538172027,ViBand: High-Fidelity Bio-Acoustic Sensing Using Commodity Smartwatch Accelerometers,UIST,2016,https://openalex.org/A5039125132,Gierad Laput,first
https://openalex.org/W2538172027,ViBand: High-Fidelity Bio-Acoustic Sensing Using Commodity Smartwatch Accelerometers,UIST,2016,https://openalex.org/A5012394116,Robert Xiao,middle
https://openalex.org/W2538172027,ViBand: High-Fidelity Bio-Acoustic Sensing Using Commodity Smartwatch Accelerometers,UIST,2016,https://openalex.org/A5029290807,Chris Harrison,last
https://openalex.org/W4234138276,Compressed Linear Algebra for Large-Scale Machine Learning,VLDB,2016,https://openalex.org/A5112242537,Ahmed Elgohary,first
https://openalex.org/W4234138276,Compressed Linear Algebra for Large-Scale Machine Learning,VLDB,2016,https://openalex.org/A5053153176,Matthias Böehm,middle
https://openalex.org/W4234138276,Compressed Linear Algebra for Large-Scale Machine Learning,VLDB,2016,https://openalex.org/A5090729930,Peter J. Haas,middle
https://openalex.org/W4234138276,Compressed Linear Algebra for Large-Scale Machine Learning,VLDB,2016,https://openalex.org/A5074416632,Frederick Reiss,middle
https://openalex.org/W4234138276,Compressed Linear Algebra for Large-Scale Machine Learning,VLDB,2016,https://openalex.org/A5036119025,Berthold Reinwald,last
https://openalex.org/W2262364653,Social Networks Under Stress,WWW,2016,https://openalex.org/A5064158757,Daniel M. Romero,first
https://openalex.org/W2262364653,Social Networks Under Stress,WWW,2016,https://openalex.org/A5015711710,Brian Uzzi,middle
https://openalex.org/W2262364653,Social Networks Under Stress,WWW,2016,https://openalex.org/A5055710645,Jon Kleinberg,last
https://openalex.org/W2211594368,From Non-Negative to General Operator Cost Partitioning,AAAI,2015,https://openalex.org/A5078625191,Florian Pommerening,first
https://openalex.org/W2211594368,From Non-Negative to General Operator Cost Partitioning,AAAI,2015,https://openalex.org/A5033577488,Malte Helmert,middle
https://openalex.org/W2211594368,From Non-Negative to General Operator Cost Partitioning,AAAI,2015,https://openalex.org/A5021336998,Gabriele Röger,middle
https://openalex.org/W2211594368,From Non-Negative to General Operator Cost Partitioning,AAAI,2015,https://openalex.org/A5031089257,Jendrik Seipp,last
https://openalex.org/W2137231986,Learning Dynamic Feature Selection for Fast Sequential Prediction,ACL,2015,https://openalex.org/A5051203366,Emma Strubell,first
https://openalex.org/W2137231986,Learning Dynamic Feature Selection for Fast Sequential Prediction,ACL,2015,https://openalex.org/A5016501970,Luke Vilnis,middle
https://openalex.org/W2137231986,Learning Dynamic Feature Selection for Fast Sequential Prediction,ACL,2015,https://openalex.org/A5074887814,Kate Silverstein,middle
https://openalex.org/W2137231986,Learning Dynamic Feature Selection for Fast Sequential Prediction,ACL,2015,https://openalex.org/A5107835063,Andrew McCallum,last
https://openalex.org/W2251557434,Improving Evaluation of Machine Translation Quality Estimation,ACL,2015,https://openalex.org/A5020500064,Yvette Graham,first
https://openalex.org/W1974329625,Affordance++: Allowing Objects to Communicate Dynamic Use,CHI,2015,https://openalex.org/A5052549454,Pedro Lopes,first
https://openalex.org/W1974329625,Affordance++: Allowing Objects to Communicate Dynamic Use,CHI,2015,https://openalex.org/A5088559756,Patrik Jonell,middle
https://openalex.org/W1974329625,Affordance++: Allowing Objects to Communicate Dynamic Use,CHI,2015,https://openalex.org/A5010621134,Patrick Baudisch,last
https://openalex.org/W2077940530,VelociTap: Investigating Fast Mobile Text Entry using Sentence-Based Decoding of Touchscreen Keyboard Input,CHI,2015,https://openalex.org/A5030075645,Keith Vertanen,first
https://openalex.org/W2077940530,VelociTap: Investigating Fast Mobile Text Entry using Sentence-Based Decoding of Touchscreen Keyboard Input,CHI,2015,https://openalex.org/A5013958366,Haythem Memmi,middle
https://openalex.org/W2077940530,VelociTap: Investigating Fast Mobile Text Entry using Sentence-Based Decoding of Touchscreen Keyboard Input,CHI,2015,https://openalex.org/A5013050933,Justin Emge,middle
https://openalex.org/W2077940530,VelociTap: Investigating Fast Mobile Text Entry using Sentence-Based Decoding of Touchscreen Keyboard Input,CHI,2015,https://openalex.org/A5109263062,Shyam Reyal,middle
https://openalex.org/W2077940530,VelociTap: Investigating Fast Mobile Text Entry using Sentence-Based Decoding of Touchscreen Keyboard Input,CHI,2015,https://openalex.org/A5042452579,Per Ola Kristensson,last
https://openalex.org/W2171022339,What Makes Interruptions Disruptive?: A Process-Model Account of the Effects of the Problem State Bottleneck on Task Interruption and Resumption,CHI,2015,https://openalex.org/A5047208930,Jelmer P. Borst,first
https://openalex.org/W2171022339,What Makes Interruptions Disruptive?: A Process-Model Account of the Effects of the Problem State Bottleneck on Task Interruption and Resumption,CHI,2015,https://openalex.org/A5069787995,Niels Taatgen,middle
https://openalex.org/W2171022339,What Makes Interruptions Disruptive?: A Process-Model Account of the Effects of the Problem State Bottleneck on Task Interruption and Resumption,CHI,2015,https://openalex.org/A5035761327,Hedderik van Rijn,last
https://openalex.org/W1993143504,Lightweight Relief Shearing for Enhanced Terrain Perception on Interactive Maps,CHI,2015,https://openalex.org/A5079469658,Wesley Willett,first
https://openalex.org/W1993143504,Lightweight Relief Shearing for Enhanced Terrain Perception on Interactive Maps,CHI,2015,https://openalex.org/A5070162998,Bernhard Jenny,middle
https://openalex.org/W1993143504,Lightweight Relief Shearing for Enhanced Terrain Perception on Interactive Maps,CHI,2015,https://openalex.org/A5083454802,Tobias Isenberg,middle
https://openalex.org/W1993143504,Lightweight Relief Shearing for Enhanced Terrain Perception on Interactive Maps,CHI,2015,https://openalex.org/A5032305401,Pierre Dragicevic,last
https://openalex.org/W2169549255,The Social Impact of a Robot Co-Worker in Industrial Settings,CHI,2015,https://openalex.org/A5073533400,Allison Sauppé,first
https://openalex.org/W2169549255,The Social Impact of a Robot Co-Worker in Industrial Settings,CHI,2015,https://openalex.org/A5017344436,Bilge Mutlu,last
https://openalex.org/W2114469472,Sangeet Swara: A Community-Moderated Voice Forum in Rural India,CHI,2015,https://openalex.org/A5072922547,Aditya Vashistha,first
https://openalex.org/W2114469472,Sangeet Swara: A Community-Moderated Voice Forum in Rural India,CHI,2015,https://openalex.org/A5023381858,Edward Cutrell,middle
https://openalex.org/W2114469472,Sangeet Swara: A Community-Moderated Voice Forum in Rural India,CHI,2015,https://openalex.org/A5104065501,Gaetano Borriello,middle
https://openalex.org/W2114469472,Sangeet Swara: A Community-Moderated Voice Forum in Rural India,CHI,2015,https://openalex.org/A5112027527,William Thies,last
https://openalex.org/W2171206549,Understanding and Supporting Fathers and Fatherhood on Social Media Sites,CHI,2015,https://openalex.org/A5064547400,Tawfiq Ammari,first
https://openalex.org/W2171206549,Understanding and Supporting Fathers and Fatherhood on Social Media Sites,CHI,2015,https://openalex.org/A5021777354,Sarita Schoenebeck,last
https://openalex.org/W2071865879,Patina Engraver: Visualizing Activity Logs as Patina in Fashionable Trackers,CHI,2015,https://openalex.org/A5051977325,Moon-Hwan Lee,first
https://openalex.org/W2071865879,Patina Engraver: Visualizing Activity Logs as Patina in Fashionable Trackers,CHI,2015,https://openalex.org/A5065073074,Seijin Cha,middle
https://openalex.org/W2071865879,Patina Engraver: Visualizing Activity Logs as Patina in Fashionable Trackers,CHI,2015,https://openalex.org/A5014268612,Tek-Jin Nam,last
https://openalex.org/W2162482411,Fluid Grouping: Quantifying Group Engagement around Interactive Tabletop Exhibits in the Wild,CHI,2015,https://openalex.org/A5049952020,Florian Block,first
https://openalex.org/W2162482411,Fluid Grouping: Quantifying Group Engagement around Interactive Tabletop Exhibits in the Wild,CHI,2015,https://openalex.org/A5050003935,James Hammerman,middle
https://openalex.org/W2162482411,Fluid Grouping: Quantifying Group Engagement around Interactive Tabletop Exhibits in the Wild,CHI,2015,https://openalex.org/A5078687182,Michael Horn,middle
https://openalex.org/W2162482411,Fluid Grouping: Quantifying Group Engagement around Interactive Tabletop Exhibits in the Wild,CHI,2015,https://openalex.org/A5015147785,Amy Spiegel,middle
https://openalex.org/W2162482411,Fluid Grouping: Quantifying Group Engagement around Interactive Tabletop Exhibits in the Wild,CHI,2015,https://openalex.org/A5108400576,J. Christiansen,middle
https://openalex.org/W2162482411,Fluid Grouping: Quantifying Group Engagement around Interactive Tabletop Exhibits in the Wild,CHI,2015,https://openalex.org/A5056557824,Brenda Phillips,middle
https://openalex.org/W2162482411,Fluid Grouping: Quantifying Group Engagement around Interactive Tabletop Exhibits in the Wild,CHI,2015,https://openalex.org/A5018629002,Judy Diamond,middle
https://openalex.org/W2162482411,Fluid Grouping: Quantifying Group Engagement around Interactive Tabletop Exhibits in the Wild,CHI,2015,https://openalex.org/A5058190042,E. Margaret Evans,middle
https://openalex.org/W2162482411,Fluid Grouping: Quantifying Group Engagement around Interactive Tabletop Exhibits in the Wild,CHI,2015,https://openalex.org/A5109811954,Chia Shen,last
https://openalex.org/W1972988737,Resilience Mitigates the Negative Effects of Adolescent Internet Addiction and Online Risk Exposure,CHI,2015,https://openalex.org/A5032530421,Pamela Wiśniewski,first
https://openalex.org/W1972988737,Resilience Mitigates the Negative Effects of Adolescent Internet Addiction and Online Risk Exposure,CHI,2015,https://openalex.org/A5014238668,Haiyan Jia,middle
https://openalex.org/W1972988737,Resilience Mitigates the Negative Effects of Adolescent Internet Addiction and Online Risk Exposure,CHI,2015,https://openalex.org/A5100461422,Na Wang,middle
https://openalex.org/W1972988737,Resilience Mitigates the Negative Effects of Adolescent Internet Addiction and Online Risk Exposure,CHI,2015,https://openalex.org/A5113823922,Saijing Zheng,middle
https://openalex.org/W1972988737,Resilience Mitigates the Negative Effects of Adolescent Internet Addiction and Online Risk Exposure,CHI,2015,https://openalex.org/A5043431594,Heng Xu,middle
https://openalex.org/W1972988737,Resilience Mitigates the Negative Effects of Adolescent Internet Addiction and Online Risk Exposure,CHI,2015,https://openalex.org/A5083871571,Mary Beth Rosson,middle
https://openalex.org/W1972988737,Resilience Mitigates the Negative Effects of Adolescent Internet Addiction and Online Risk Exposure,CHI,2015,https://openalex.org/A5054610664,John M. Carroll,last
https://openalex.org/W2148163144,BaseLase: An Interactive Focus+Context Laser Floor,CHI,2015,https://openalex.org/A5042409370,Jörg Müller,first
https://openalex.org/W2148163144,BaseLase: An Interactive Focus+Context Laser Floor,CHI,2015,https://openalex.org/A5024841000,Dieter Eberle,middle
https://openalex.org/W2148163144,BaseLase: An Interactive Focus+Context Laser Floor,CHI,2015,https://openalex.org/A5025561860,Constantin Schmidt,last
https://openalex.org/W2141795668,Tiree Energy Pulse: Exploring Renewable Energy Forecasts on the Edge of the Grid,CHI,2015,https://openalex.org/A5059093960,Will Simm,first
https://openalex.org/W2141795668,Tiree Energy Pulse: Exploring Renewable Energy Forecasts on the Edge of the Grid,CHI,2015,https://openalex.org/A5043206670,Maria Angela Ferrario,middle
https://openalex.org/W2141795668,Tiree Energy Pulse: Exploring Renewable Energy Forecasts on the Edge of the Grid,CHI,2015,https://openalex.org/A5031519539,Adrian Friday,middle
https://openalex.org/W2141795668,Tiree Energy Pulse: Exploring Renewable Energy Forecasts on the Edge of the Grid,CHI,2015,https://openalex.org/A5102719098,Peter Newman,middle
https://openalex.org/W2141795668,Tiree Energy Pulse: Exploring Renewable Energy Forecasts on the Edge of the Grid,CHI,2015,https://openalex.org/A5084276322,Stephen Forshaw,middle
https://openalex.org/W2141795668,Tiree Energy Pulse: Exploring Renewable Energy Forecasts on the Edge of the Grid,CHI,2015,https://openalex.org/A5018177929,Mike Hazas,middle
https://openalex.org/W2141795668,Tiree Energy Pulse: Exploring Renewable Energy Forecasts on the Edge of the Grid,CHI,2015,https://openalex.org/A5026971062,Alan Dix,last
https://openalex.org/W2163444123,"iSkin: Flexible, Stretchable and Visually Customizable On-Body Touch Sensors for Mobile Computing",CHI,2015,https://openalex.org/A5000906180,Martin Weigel,first
https://openalex.org/W2163444123,"iSkin: Flexible, Stretchable and Visually Customizable On-Body Touch Sensors for Mobile Computing",CHI,2015,https://openalex.org/A5103414046,Tong Lu,middle
https://openalex.org/W2163444123,"iSkin: Flexible, Stretchable and Visually Customizable On-Body Touch Sensors for Mobile Computing",CHI,2015,https://openalex.org/A5019033794,Gilles Bailly,middle
https://openalex.org/W2163444123,"iSkin: Flexible, Stretchable and Visually Customizable On-Body Touch Sensors for Mobile Computing",CHI,2015,https://openalex.org/A5003084232,Antti Oulasvirta,middle
https://openalex.org/W2163444123,"iSkin: Flexible, Stretchable and Visually Customizable On-Body Touch Sensors for Mobile Computing",CHI,2015,https://openalex.org/A5050506400,Carmel Majidi,middle
https://openalex.org/W2163444123,"iSkin: Flexible, Stretchable and Visually Customizable On-Body Touch Sensors for Mobile Computing",CHI,2015,https://openalex.org/A5069105456,Jürgen Steimle,last
https://openalex.org/W2040372247,Designing Political Deliberation Environments to Support Interactions in the Public Sphere,CHI,2015,https://openalex.org/A5048101000,Bryan Semaan,first
https://openalex.org/W2040372247,Designing Political Deliberation Environments to Support Interactions in the Public Sphere,CHI,2015,https://openalex.org/A5087981305,Heather Faucett,middle
https://openalex.org/W2040372247,Designing Political Deliberation Environments to Support Interactions in the Public Sphere,CHI,2015,https://openalex.org/A5038803238,Scott P. Robertson,middle
https://openalex.org/W2040372247,Designing Political Deliberation Environments to Support Interactions in the Public Sphere,CHI,2015,https://openalex.org/A5017969777,Misa Maruyama,middle
https://openalex.org/W2040372247,Designing Political Deliberation Environments to Support Interactions in the Public Sphere,CHI,2015,https://openalex.org/A5060197233,Sara Douglas,last
https://openalex.org/W1924429363,From User-Centered to Adoption-Centered Design: A Case Study of an HCI Research Innovation Becoming a Product,CHI,2015,https://openalex.org/A5052798169,Michael Barrett,first
https://openalex.org/W1924429363,From User-Centered to Adoption-Centered Design: A Case Study of an HCI Research Innovation Becoming a Product,CHI,2015,https://openalex.org/A5011928142,Elizabeth Davidson,middle
https://openalex.org/W1924429363,From User-Centered to Adoption-Centered Design: A Case Study of an HCI Research Innovation Becoming a Product,CHI,2015,https://openalex.org/A5008573786,Jaideep Prabhu,middle
https://openalex.org/W1924429363,From User-Centered to Adoption-Centered Design: A Case Study of an HCI Research Innovation Becoming a Product,CHI,2015,https://openalex.org/A5034061494,Stephen L. Vargo,last
https://openalex.org/W2193303691,"Acoustruments: Passive, Acoustically-Driven, Interactive Controls for Handheld Devices",CHI,2015,https://openalex.org/A5039125132,Gierad Laput,first
https://openalex.org/W2193303691,"Acoustruments: Passive, Acoustically-Driven, Interactive Controls for Handheld Devices",CHI,2015,https://openalex.org/A5017750168,Eric Brockmeyer,middle
https://openalex.org/W2193303691,"Acoustruments: Passive, Acoustically-Driven, Interactive Controls for Handheld Devices",CHI,2015,https://openalex.org/A5068828035,Moshe Mahler,middle
https://openalex.org/W2193303691,"Acoustruments: Passive, Acoustically-Driven, Interactive Controls for Handheld Devices",CHI,2015,https://openalex.org/A5039238746,Scott E. Hudson,middle
https://openalex.org/W2193303691,"Acoustruments: Passive, Acoustically-Driven, Interactive Controls for Handheld Devices",CHI,2015,https://openalex.org/A5029290807,Chris Harrison,last
https://openalex.org/W2149252982,Unequal Representation and Gender Stereotypes in Image Search Results for Occupations,CHI,2015,https://openalex.org/A5089605137,Matthew Kay,first
https://openalex.org/W2149252982,Unequal Representation and Gender Stereotypes in Image Search Results for Occupations,CHI,2015,https://openalex.org/A5019767181,Cynthia Matuszek,middle
https://openalex.org/W2149252982,Unequal Representation and Gender Stereotypes in Image Search Results for Occupations,CHI,2015,https://openalex.org/A5068504623,Sean A. Munson,last
https://openalex.org/W2071620178,Sharing is Caring: Assistive Technology Designs on Thingiverse,CHI,2015,https://openalex.org/A5065621152,Erin Buehler,first
https://openalex.org/W2071620178,Sharing is Caring: Assistive Technology Designs on Thingiverse,CHI,2015,https://openalex.org/A5026377321,Stacy Branham,middle
https://openalex.org/W2071620178,Sharing is Caring: Assistive Technology Designs on Thingiverse,CHI,2015,https://openalex.org/A5064398083,Abdullah Ali,middle
https://openalex.org/W2071620178,Sharing is Caring: Assistive Technology Designs on Thingiverse,CHI,2015,https://openalex.org/A5108258077,Jeremy Chang,middle
https://openalex.org/W2071620178,Sharing is Caring: Assistive Technology Designs on Thingiverse,CHI,2015,https://openalex.org/A5035482300,Megan Hofmann,middle
https://openalex.org/W2071620178,Sharing is Caring: Assistive Technology Designs on Thingiverse,CHI,2015,https://openalex.org/A5007483171,Amy Hurst,middle
https://openalex.org/W2071620178,Sharing is Caring: Assistive Technology Designs on Thingiverse,CHI,2015,https://openalex.org/A5086948505,Shaun K. Kane,last
https://openalex.org/W1964639420,ColourID: Improving Colour Identification for People with Impaired Colour Vision,CHI,2015,https://openalex.org/A5045769819,David R. Flatla,first
https://openalex.org/W1964639420,ColourID: Improving Colour Identification for People with Impaired Colour Vision,CHI,2015,https://openalex.org/A5064335088,Alan R. Andrade,middle
https://openalex.org/W1964639420,ColourID: Improving Colour Identification for People with Impaired Colour Vision,CHI,2015,https://openalex.org/A5023724965,Ross Teviotdale,middle
https://openalex.org/W1964639420,ColourID: Improving Colour Identification for People with Impaired Colour Vision,CHI,2015,https://openalex.org/A5091000507,Dylan Knowles,middle
https://openalex.org/W1964639420,ColourID: Improving Colour Identification for People with Impaired Colour Vision,CHI,2015,https://openalex.org/A5047038293,Craig Stewart,last
https://openalex.org/W2068176125,Assessing the Impact of Syntactic and Semantic Structures for Answer Passages Reranking,CIKM,2015,https://openalex.org/A5019276791,Kateryna Tymoshenko,first
https://openalex.org/W2068176125,Assessing the Impact of Syntactic and Semantic Structures for Answer Passages Reranking,CIKM,2015,https://openalex.org/A5056376686,Alessandro Moschitti,last
https://openalex.org/W1938204631,DynamicFusion: Reconstruction and Tracking of Non-rigid Scenes in Real-Time,CVPR,2015,https://openalex.org/A5111628551,Richard A. Newcombe,first
https://openalex.org/W1938204631,DynamicFusion: Reconstruction and Tracking of Non-rigid Scenes in Real-Time,CVPR,2015,https://openalex.org/A5108257764,Dieter Fox,middle
https://openalex.org/W1938204631,DynamicFusion: Reconstruction and Tracking of Non-rigid Scenes in Real-Time,CVPR,2015,https://openalex.org/A5068254275,Steven M. Seitz,last
https://openalex.org/W1558278838,An average-case depth hierarchy theorem for Boolean circuits,FOCS,2015,https://openalex.org/A5013166918,Johan Håstad,first
https://openalex.org/W1558278838,An average-case depth hierarchy theorem for Boolean circuits,FOCS,2015,https://openalex.org/A5007686466,Benjamin Rossman,middle
https://openalex.org/W1558278838,An average-case depth hierarchy theorem for Boolean circuits,FOCS,2015,https://openalex.org/A5014866889,Rocco A. Servedio,middle
https://openalex.org/W1558278838,An average-case depth hierarchy theorem for Boolean circuits,FOCS,2015,https://openalex.org/A5029451171,Li-Yang Tan,last
https://openalex.org/W2011044158,How Practitioners Perceive the Relevance of Software Engineering Research,FSE,2015,https://openalex.org/A5081036622,David Lo,first
https://openalex.org/W2011044158,How Practitioners Perceive the Relevance of Software Engineering Research,FSE,2015,https://openalex.org/A5101612061,Nachiappan Nagappan,middle
https://openalex.org/W2011044158,How Practitioners Perceive the Relevance of Software Engineering Research,FSE,2015,https://openalex.org/A5061605447,Thomas Zimmermann,last
https://openalex.org/W2053553342,Effective Test Suites for Mixed Discrete-Continuous Stateflow Controllers,FSE,2015,https://openalex.org/A5001563585,Reza Matinnejad,first
https://openalex.org/W2053553342,Effective Test Suites for Mixed Discrete-Continuous Stateflow Controllers,FSE,2015,https://openalex.org/A5074393374,Shiva Nejati,middle
https://openalex.org/W2053553342,Effective Test Suites for Mixed Discrete-Continuous Stateflow Controllers,FSE,2015,https://openalex.org/A5078533117,Lionel Briand,middle
https://openalex.org/W2053553342,Effective Test Suites for Mixed Discrete-Continuous Stateflow Controllers,FSE,2015,https://openalex.org/A5054834949,Thomas Bruckmann,last
https://openalex.org/W2136601052,MultiSE: Multi-path Symbolic Execution using Value Summaries,FSE,2015,https://openalex.org/A5101569699,Koushik Sen,first
https://openalex.org/W2136601052,MultiSE: Multi-path Symbolic Execution using Value Summaries,FSE,2015,https://openalex.org/A5049483484,George C. Necula,middle
https://openalex.org/W2136601052,MultiSE: Multi-path Symbolic Execution using Value Summaries,FSE,2015,https://openalex.org/A5039301553,Liang Gong,middle
https://openalex.org/W2136601052,MultiSE: Multi-path Symbolic Execution using Value Summaries,FSE,2015,https://openalex.org/A5102016759,Wontae Choi,last
https://openalex.org/W1964730672,Modeling Readability to Improve Unit Tests,FSE,2015,https://openalex.org/A5052633187,Ermira Daka,first
https://openalex.org/W1964730672,Modeling Readability to Improve Unit Tests,FSE,2015,https://openalex.org/A5101595466,José Campos,middle
https://openalex.org/W1964730672,Modeling Readability to Improve Unit Tests,FSE,2015,https://openalex.org/A5079261847,Gordon Fraser,middle
https://openalex.org/W1964730672,Modeling Readability to Improve Unit Tests,FSE,2015,https://openalex.org/A5075212016,Jonathan Dorn,middle
https://openalex.org/W1964730672,Modeling Readability to Improve Unit Tests,FSE,2015,https://openalex.org/A5083601969,Westley Weimer,last
https://openalex.org/W2063535228,Optimizing energy consumption of GUIs in Android apps: a multi-objective approach,FSE,2015,https://openalex.org/A5069439324,Mario Linares‐Vásquez,first
https://openalex.org/W2063535228,Optimizing energy consumption of GUIs in Android apps: a multi-objective approach,FSE,2015,https://openalex.org/A5056526226,Gabriele Bavota,middle
https://openalex.org/W2063535228,Optimizing energy consumption of GUIs in Android apps: a multi-objective approach,FSE,2015,https://openalex.org/A5016486642,Carlos Eduardo Bernal Cárdenas,middle
https://openalex.org/W2063535228,Optimizing energy consumption of GUIs in Android apps: a multi-objective approach,FSE,2015,https://openalex.org/A5009727039,Rocco Oliveto,middle
https://openalex.org/W2063535228,Optimizing energy consumption of GUIs in Android apps: a multi-objective approach,FSE,2015,https://openalex.org/A5025099559,Massimiliano Di Penta,middle
https://openalex.org/W2063535228,Optimizing energy consumption of GUIs in Android apps: a multi-objective approach,FSE,2015,https://openalex.org/A5041262116,Denys Poshyvanyk,last
https://openalex.org/W2015187825,Measure It? Manage It? Ignore It? Software Practitioners and Technical Debt,FSE,2015,https://openalex.org/A5033114444,Neil Ernst,first
https://openalex.org/W2015187825,Measure It? Manage It? Ignore It? Software Practitioners and Technical Debt,FSE,2015,https://openalex.org/A5073279261,Stephany Bellomo,middle
https://openalex.org/W2015187825,Measure It? Manage It? Ignore It? Software Practitioners and Technical Debt,FSE,2015,https://openalex.org/A5079888779,İpek Özkaya,middle
https://openalex.org/W2015187825,Measure It? Manage It? Ignore It? Software Practitioners and Technical Debt,FSE,2015,https://openalex.org/A5057124086,Robert L. Nord,middle
https://openalex.org/W2015187825,Measure It? Manage It? Ignore It? Software Practitioners and Technical Debt,FSE,2015,https://openalex.org/A5076208440,Ian Gorton,last
https://openalex.org/W2079877139,A User-Guided Approach to Program Analysis,FSE,2015,https://openalex.org/A5002052018,Ravi Mangal,first
https://openalex.org/W2079877139,A User-Guided Approach to Program Analysis,FSE,2015,https://openalex.org/A5100327544,Xin Zhang,middle
https://openalex.org/W2079877139,A User-Guided Approach to Program Analysis,FSE,2015,https://openalex.org/A5111937381,Aditya V. Nori,middle
https://openalex.org/W2079877139,A User-Guided Approach to Program Analysis,FSE,2015,https://openalex.org/A5075879790,Mayur Naik,last
https://openalex.org/W2027701108,Users Beware: Preference Inconsistencies Ahead,FSE,2015,https://openalex.org/A5090520110,Farnaz Behrang,first
https://openalex.org/W2027701108,Users Beware: Preference Inconsistencies Ahead,FSE,2015,https://openalex.org/A5020147981,Myra B. Cohen,middle
https://openalex.org/W2027701108,Users Beware: Preference Inconsistencies Ahead,FSE,2015,https://openalex.org/A5030961858,Alessandro Orso,last
https://openalex.org/W2220384803,Deep Neural Decision Forests,ICCV,2015,https://openalex.org/A5017062041,Peter Kontschieder,first
https://openalex.org/W2220384803,Deep Neural Decision Forests,ICCV,2015,https://openalex.org/A5063364372,Madalina Fiterau,middle
https://openalex.org/W2220384803,Deep Neural Decision Forests,ICCV,2015,https://openalex.org/A5091150085,Antonio Criminisi,middle
https://openalex.org/W2220384803,Deep Neural Decision Forests,ICCV,2015,https://openalex.org/A5073916921,Samuel Rota Bulò,last
https://openalex.org/W1876956220,Optimal and Adaptive Algorithms for Online Boosting,ICML,2015,https://openalex.org/A5078135763,Alina Beygelzimer,first
https://openalex.org/W1876956220,Optimal and Adaptive Algorithms for Online Boosting,ICML,2015,https://openalex.org/A5114021051,Satyen Kale,middle
https://openalex.org/W1876956220,Optimal and Adaptive Algorithms for Online Boosting,ICML,2015,https://openalex.org/A5101058302,Haipeng Luo,last
https://openalex.org/W1826818071,A Nearly-Linear Time Framework for Graph-Structured Sparsity,ICML,2015,https://openalex.org/A5066142047,Chinmay Hegde,first
https://openalex.org/W1826818071,A Nearly-Linear Time Framework for Graph-Structured Sparsity,ICML,2015,https://openalex.org/A5076056716,Piotr Indyk,middle
https://openalex.org/W1826818071,A Nearly-Linear Time Framework for Graph-Structured Sparsity,ICML,2015,https://openalex.org/A5110578233,Ludwig Schmidt,last
https://openalex.org/W4239863959,Views on Internal and External Validity in Empirical Software Engineering,ICSE,2015,https://openalex.org/A5016750744,Janet Siegmund,first
https://openalex.org/W4239863959,Views on Internal and External Validity in Empirical Software Engineering,ICSE,2015,https://openalex.org/A5004072538,Norbert Siegmund,middle
https://openalex.org/W4239863959,Views on Internal and External Validity in Empirical Software Engineering,ICSE,2015,https://openalex.org/A5054951840,Sven Apel,last
https://openalex.org/W4238398178,How Much Up-Front? A Grounded theory of Agile Architecture,ICSE,2015,https://openalex.org/A5021806319,Michael Waterman,first
https://openalex.org/W4238398178,How Much Up-Front? A Grounded theory of Agile Architecture,ICSE,2015,https://openalex.org/A5078368556,James Noble,middle
https://openalex.org/W4238398178,How Much Up-Front? A Grounded theory of Agile Architecture,ICSE,2015,https://openalex.org/A5111597728,George Allan,last
https://openalex.org/W4241437391,When and Why Your Code Starts to Smell Bad,ICSE,2015,https://openalex.org/A5020154435,Michele Tufano,first
https://openalex.org/W4241437391,When and Why Your Code Starts to Smell Bad,ICSE,2015,https://openalex.org/A5033738898,Fabio Palomba,middle
https://openalex.org/W4241437391,When and Why Your Code Starts to Smell Bad,ICSE,2015,https://openalex.org/A5056526226,Gabriele Bavota,middle
https://openalex.org/W4241437391,When and Why Your Code Starts to Smell Bad,ICSE,2015,https://openalex.org/A5009727039,Rocco Oliveto,middle
https://openalex.org/W4241437391,When and Why Your Code Starts to Smell Bad,ICSE,2015,https://openalex.org/A5025099559,Massimiliano Di Penta,middle
https://openalex.org/W4241437391,When and Why Your Code Starts to Smell Bad,ICSE,2015,https://openalex.org/A5079088548,Andrea De Lucia,middle
https://openalex.org/W4241437391,When and Why Your Code Starts to Smell Bad,ICSE,2015,https://openalex.org/A5041262116,Denys Poshyvanyk,last
https://openalex.org/W2582748022,Alloy*: A General-Purpose Higher-Order Relational Constraint Solver,ICSE,2015,https://openalex.org/A5072901963,Aleksandar Milićević,first
https://openalex.org/W2582748022,Alloy*: A General-Purpose Higher-Order Relational Constraint Solver,ICSE,2015,https://openalex.org/A5061707651,Joseph P. Near,middle
https://openalex.org/W2582748022,Alloy*: A General-Purpose Higher-Order Relational Constraint Solver,ICSE,2015,https://openalex.org/A5044511705,Eunsuk Kang,middle
https://openalex.org/W2582748022,Alloy*: A General-Purpose Higher-Order Relational Constraint Solver,ICSE,2015,https://openalex.org/A5101853728,Daniel Jackson,last
https://openalex.org/W4242581305,Why Good Developers Write Bad Code: An Observational Case Study of the Impacts of Organizational Factors on Software Quality,ICSE,2015,https://openalex.org/A5056435209,Mathieu Lavallée,first
https://openalex.org/W4242581305,Why Good Developers Write Bad Code: An Observational Case Study of the Impacts of Organizational Factors on Software Quality,ICSE,2015,https://openalex.org/A5108652072,Pierre N. Robillard,last
https://openalex.org/W4244284331,CARAMEL: Detecting and Fixing Performance Problems That Have Non-Intrusive Fixes,ICSE,2015,https://openalex.org/A5003663516,Adrian Nistor,first
https://openalex.org/W4244284331,CARAMEL: Detecting and Fixing Performance Problems That Have Non-Intrusive Fixes,ICSE,2015,https://openalex.org/A5054441849,Po-Chun Chang,middle
https://openalex.org/W4244284331,CARAMEL: Detecting and Fixing Performance Problems That Have Non-Intrusive Fixes,ICSE,2015,https://openalex.org/A5058284960,Cosmin Radoi,middle
https://openalex.org/W4244284331,CARAMEL: Detecting and Fixing Performance Problems That Have Non-Intrusive Fixes,ICSE,2015,https://openalex.org/A5061448314,Shan Lu,last
https://openalex.org/W2399956932,Recursive Decomposition for Nonconvex Optimization,IJCAI,2015,https://openalex.org/A5077191191,Abram L. Friesen,first
https://openalex.org/W2399956932,Recursive Decomposition for Nonconvex Optimization,IJCAI,2015,https://openalex.org/A5018711331,Pedro Domingos,last
https://openalex.org/W2497473102,Bayesian Active Learning for Posterior Estimation,IJCAI,2015,https://openalex.org/A5050433159,Kirthevasan Kandasamy,first
https://openalex.org/W2497473102,Bayesian Active Learning for Posterior Estimation,IJCAI,2015,https://openalex.org/A5055199976,Jeff Schneider,middle
https://openalex.org/W2497473102,Bayesian Active Learning for Posterior Estimation,IJCAI,2015,https://openalex.org/A5013695358,Barnabás Póczos,last
https://openalex.org/W1591399774,The Power of Slightly More than One Sample in Randomized Load Balancing,INFOCOM,2015,https://openalex.org/A5078518595,R. Srikant,middle
https://openalex.org/W1591399774,The Power of Slightly More than One Sample in Randomized Load Balancing,INFOCOM,2015,https://openalex.org/A5045181694,Xiaohan Kang,last
https://openalex.org/W1965771689,Efficient Algorithms for Public-Private Social Networks,KDD,2015,https://openalex.org/A5078401676,Flavio Chierichetti,first
https://openalex.org/W1965771689,Efficient Algorithms for Public-Private Social Networks,KDD,2015,https://openalex.org/A5037972828,Alessandro Epasto,middle
https://openalex.org/W1965771689,Efficient Algorithms for Public-Private Social Networks,KDD,2015,https://openalex.org/A5101772779,Ravi Kumar,middle
https://openalex.org/W1965771689,Efficient Algorithms for Public-Private Social Networks,KDD,2015,https://openalex.org/A5022550622,Silvio Lattanzi,middle
https://openalex.org/W1965771689,Efficient Algorithms for Public-Private Social Networks,KDD,2015,https://openalex.org/A5075598023,Vahab Mirrokni,last
https://openalex.org/W2538862502,CAreDroid: Adaptation Framework for Android ContextAware Applications,MOBICOM,2015,https://openalex.org/A5038820344,Salma Elmalaki,first
https://openalex.org/W2538862502,CAreDroid: Adaptation Framework for Android ContextAware Applications,MOBICOM,2015,https://openalex.org/A5091197122,Lucas Wanner,middle
https://openalex.org/W2538862502,CAreDroid: Adaptation Framework for Android ContextAware Applications,MOBICOM,2015,https://openalex.org/A5074563122,Mani Srivastava,last
https://openalex.org/W2187207766,Competitive Distribution Estimation: Why is Good-Turing Good,NeurIPS,2015,https://openalex.org/A5012034611,Alon Orlitsky,first
https://openalex.org/W2187207766,Competitive Distribution Estimation: Why is Good-Turing Good,NeurIPS,2015,https://openalex.org/A5103890688,Ananda Theertha Suresh,last
https://openalex.org/W2963297691,Fast Convergence of Regularized Learning in Games,NeurIPS,2015,https://openalex.org/A5017741738,Vasilis Syrgkanis,first
https://openalex.org/W2963297691,Fast Convergence of Regularized Learning in Games,NeurIPS,2015,https://openalex.org/A5036435487,Alekh Agarwal,middle
https://openalex.org/W2963297691,Fast Convergence of Regularized Learning in Games,NeurIPS,2015,https://openalex.org/A5101058302,Haipeng Luo,middle
https://openalex.org/W2963297691,Fast Convergence of Regularized Learning in Games,NeurIPS,2015,https://openalex.org/A5084108666,Robert E. Schapire,last
https://openalex.org/W2061091230,Automatically Improving Accuracy for Floating Point Expressions,PLDI,2015,https://openalex.org/A5022031348,Pavel Panchekha,first
https://openalex.org/W2061091230,Automatically Improving Accuracy for Floating Point Expressions,PLDI,2015,https://openalex.org/A5088457102,Alex Sanchez-Stern,middle
https://openalex.org/W2061091230,Automatically Improving Accuracy for Floating Point Expressions,PLDI,2015,https://openalex.org/A5101839396,James R. Wilcox,middle
https://openalex.org/W2061091230,Automatically Improving Accuracy for Floating Point Expressions,PLDI,2015,https://openalex.org/A5042187082,Zachary Tatlock,last
https://openalex.org/W2037037228,Diagnosing Type Errors with Class,PLDI,2015,https://openalex.org/A5100722775,Danfeng Zhang,first
https://openalex.org/W2037037228,Diagnosing Type Errors with Class,PLDI,2015,https://openalex.org/A5101697549,Andrew C. Myers,middle
https://openalex.org/W2037037228,Diagnosing Type Errors with Class,PLDI,2015,https://openalex.org/A5029108294,Dimitrios Vytiniotis,middle
https://openalex.org/W2037037228,Diagnosing Type Errors with Class,PLDI,2015,https://openalex.org/A5081423958,Simon Peyton-Jones,last
https://openalex.org/W2003164052,Provably Correct Peephole Optimizations with Alive,PLDI,2015,https://openalex.org/A5088560717,Nuno P. Lopes,first
https://openalex.org/W2003164052,Provably Correct Peephole Optimizations with Alive,PLDI,2015,https://openalex.org/A5087342649,David Menendez,middle
https://openalex.org/W2003164052,Provably Correct Peephole Optimizations with Alive,PLDI,2015,https://openalex.org/A5011881274,Santosh Nagarakatte,middle
https://openalex.org/W2003164052,Provably Correct Peephole Optimizations with Alive,PLDI,2015,https://openalex.org/A5066046345,John Regehr,last
https://openalex.org/W2070021346,Parallel-Correctness and Transferability for Conjunctive Queries,PODS,2015,https://openalex.org/A5008206932,Tom J. Ameloot,first
https://openalex.org/W2070021346,Parallel-Correctness and Transferability for Conjunctive Queries,PODS,2015,https://openalex.org/A5061584053,Gaetano Geck,middle
https://openalex.org/W2070021346,Parallel-Correctness and Transferability for Conjunctive Queries,PODS,2015,https://openalex.org/A5028459977,Bas Ketsman,middle
https://openalex.org/W2070021346,Parallel-Correctness and Transferability for Conjunctive Queries,PODS,2015,https://openalex.org/A5022264843,Frank Neven,middle
https://openalex.org/W2070021346,Parallel-Correctness and Transferability for Conjunctive Queries,PODS,2015,https://openalex.org/A5031710345,Thomas Schwentick,last
https://openalex.org/W2580339477,A Messy State of the Union: Taming the Composite State Machines of TLS,S&P,2015,https://openalex.org/A5042649150,Benjamin Beurdouche,first
https://openalex.org/W2580339477,A Messy State of the Union: Taming the Composite State Machines of TLS,S&P,2015,https://openalex.org/A5026297326,Karthikeyan Bhargavan,middle
https://openalex.org/W2580339477,A Messy State of the Union: Taming the Composite State Machines of TLS,S&P,2015,https://openalex.org/A5112054753,Antoine Delignat-Lavaud,middle
https://openalex.org/W2580339477,A Messy State of the Union: Taming the Composite State Machines of TLS,S&P,2015,https://openalex.org/A5108519702,Cédric Fournet,middle
https://openalex.org/W2580339477,A Messy State of the Union: Taming the Composite State Machines of TLS,S&P,2015,https://openalex.org/A5082774652,Markulf Kohlweiss,middle
https://openalex.org/W2580339477,A Messy State of the Union: Taming the Composite State Machines of TLS,S&P,2015,https://openalex.org/A5078471429,A. Pironti,middle
https://openalex.org/W2580339477,A Messy State of the Union: Taming the Composite State Machines of TLS,S&P,2015,https://openalex.org/A5033447950,Pierre-Yves Strub,middle
https://openalex.org/W2580339477,A Messy State of the Union: Taming the Composite State Machines of TLS,S&P,2015,https://openalex.org/A5000876822,Jean Karim Zinzindohoué,last
https://openalex.org/W2094739364,Central Control Over Distributed Routing,SIGCOMM,2015,https://openalex.org/A5009296594,Stefano Vissicchio,first
https://openalex.org/W2094739364,Central Control Over Distributed Routing,SIGCOMM,2015,https://openalex.org/A5065703902,Olivier Tilmans,middle
https://openalex.org/W2094739364,Central Control Over Distributed Routing,SIGCOMM,2015,https://openalex.org/A5070110259,Laurent Vanbever,middle
https://openalex.org/W2094739364,Central Control Over Distributed Routing,SIGCOMM,2015,https://openalex.org/A5003914268,Jennifer Rexford,last
https://openalex.org/W2070299948,QuickScorer: A Fast Algorithm to Rank Documents with Additive Ensembles of Regression Trees,SIGIR,2015,https://openalex.org/A5030358452,Claudio Lucchese,first
https://openalex.org/W2070299948,QuickScorer: A Fast Algorithm to Rank Documents with Additive Ensembles of Regression Trees,SIGIR,2015,https://openalex.org/A5082554104,Franco Maria Nardini,middle
https://openalex.org/W2070299948,QuickScorer: A Fast Algorithm to Rank Documents with Additive Ensembles of Regression Trees,SIGIR,2015,https://openalex.org/A5066317336,Salvatore Orlando,middle
https://openalex.org/W2070299948,QuickScorer: A Fast Algorithm to Rank Documents with Additive Ensembles of Regression Trees,SIGIR,2015,https://openalex.org/A5035605298,Raffaele Perego,middle
https://openalex.org/W2070299948,QuickScorer: A Fast Algorithm to Rank Documents with Additive Ensembles of Regression Trees,SIGIR,2015,https://openalex.org/A5018894843,Nicola Tonellotto,middle
https://openalex.org/W2070299948,QuickScorer: A Fast Algorithm to Rank Documents with Additive Ensembles of Regression Trees,SIGIR,2015,https://openalex.org/A5084138015,Rossano Venturini,last
https://openalex.org/W3212975581,Spy vs. Spy: Rumor Source Obfuscation,SIGMETRICS,2015,https://openalex.org/A5076026636,Giulia Fanti,first
https://openalex.org/W3212975581,Spy vs. Spy: Rumor Source Obfuscation,SIGMETRICS,2015,https://openalex.org/A5064699160,Peter Kairouz,middle
https://openalex.org/W3212975581,Spy vs. Spy: Rumor Source Obfuscation,SIGMETRICS,2015,https://openalex.org/A5028243041,Sewoong Oh,middle
https://openalex.org/W3212975581,Spy vs. Spy: Rumor Source Obfuscation,SIGMETRICS,2015,https://openalex.org/A5053980484,Pramod Viswanath,last
https://openalex.org/W2092799168,"DBSCAN Revisited: Mis-Claim, Un-Fixability, and Approximation",SIGMOD,2015,https://openalex.org/A5068471095,Junhao Gan,first
https://openalex.org/W2092799168,"DBSCAN Revisited: Mis-Claim, Un-Fixability, and Approximation",SIGMOD,2015,https://openalex.org/A5048609852,Yufei Tao,last
https://openalex.org/W2565184432,The Parameterized Complexity of k-Biclique,SODA,2015,https://openalex.org/A5101847362,Bingkai Lin,first
https://openalex.org/W2902547091,Pivot Tracing: Dynamic Causal Monitoring for Distributed Systems,SOSP,2015,https://openalex.org/A5011277895,Jonathan Mace,first
https://openalex.org/W2902547091,Pivot Tracing: Dynamic Causal Monitoring for Distributed Systems,SOSP,2015,https://openalex.org/A5003124561,Ryan Roelke,middle
https://openalex.org/W2902547091,Pivot Tracing: Dynamic Causal Monitoring for Distributed Systems,SOSP,2015,https://openalex.org/A5036529548,Rodrigo Fonseca,last
https://openalex.org/W2073742357,Using Crash Hoare Logic for Certifying the FSCQ File System,SOSP,2015,https://openalex.org/A5054417711,Haogang Chen,first
https://openalex.org/W2073742357,Using Crash Hoare Logic for Certifying the FSCQ File System,SOSP,2015,https://openalex.org/A5033897343,Daniel Ziegler,middle
https://openalex.org/W2073742357,Using Crash Hoare Logic for Certifying the FSCQ File System,SOSP,2015,https://openalex.org/A5010436566,Tej Chajed,middle
https://openalex.org/W2073742357,Using Crash Hoare Logic for Certifying the FSCQ File System,SOSP,2015,https://openalex.org/A5078100439,Adam Chlipala,middle
https://openalex.org/W2073742357,Using Crash Hoare Logic for Certifying the FSCQ File System,SOSP,2015,https://openalex.org/A5109968020,M. Frans Kaashoek,middle
https://openalex.org/W2073742357,Using Crash Hoare Logic for Certifying the FSCQ File System,SOSP,2015,https://openalex.org/A5082808262,Nickolai Zeldovich,last
https://openalex.org/W2082224527,Exponential Separation of Information and Communication for Boolean Functions,STOC,2015,https://openalex.org/A5021833322,Anat Ganor,first
https://openalex.org/W2082224527,Exponential Separation of Information and Communication for Boolean Functions,STOC,2015,https://openalex.org/A5050781652,Gillat Kol,middle
https://openalex.org/W2082224527,Exponential Separation of Information and Communication for Boolean Functions,STOC,2015,https://openalex.org/A5041545934,Ran Raz,last
https://openalex.org/W2031923588,Lower Bounds on the Size of Semidefinite Programming Relaxations,STOC,2015,https://openalex.org/A5028879014,James R. Lee,first
https://openalex.org/W2031923588,Lower Bounds on the Size of Semidefinite Programming Relaxations,STOC,2015,https://openalex.org/A5101701586,Prasad Raghavendra,middle
https://openalex.org/W2031923588,Lower Bounds on the Size of Semidefinite Programming Relaxations,STOC,2015,https://openalex.org/A5089128021,David Steurer,last
https://openalex.org/W2033498419,2-Server PIR with sub-polynomial communication,STOC,2015,https://openalex.org/A5013053155,Zeev Dvir,first
https://openalex.org/W2033498419,2-Server PIR with sub-polynomial communication,STOC,2015,https://openalex.org/A5038687630,Sivakanth Gopi,last
https://openalex.org/W2197150605,Foldio: Digital Fabrication of Interactive and Shape-Changing Objects With Foldable Printed Electronics,UIST,2015,https://openalex.org/A5058504215,Simon Olberding,first
https://openalex.org/W2197150605,Foldio: Digital Fabrication of Interactive and Shape-Changing Objects With Foldable Printed Electronics,UIST,2015,https://openalex.org/A5057575769,Sergio Soto Ortega,middle
https://openalex.org/W2197150605,Foldio: Digital Fabrication of Interactive and Shape-Changing Objects With Foldable Printed Electronics,UIST,2015,https://openalex.org/A5050321930,Klaus Hildebrandt,middle
https://openalex.org/W2197150605,Foldio: Digital Fabrication of Interactive and Shape-Changing Objects With Foldable Printed Electronics,UIST,2015,https://openalex.org/A5069105456,Jürgen Steimle,last
https://openalex.org/W2176017127,Orbits: Gaze Interaction for Smart Watches using Smooth Pursuit Eye Movements,UIST,2015,https://openalex.org/A5015893090,Augusto Esteves,first
https://openalex.org/W2176017127,Orbits: Gaze Interaction for Smart Watches using Smooth Pursuit Eye Movements,UIST,2015,https://openalex.org/A5087672786,Eduardo Velloso,middle
https://openalex.org/W2176017127,Orbits: Gaze Interaction for Smart Watches using Smooth Pursuit Eye Movements,UIST,2015,https://openalex.org/A5073661463,Andreas Bulling,middle
https://openalex.org/W2176017127,Orbits: Gaze Interaction for Smart Watches using Smooth Pursuit Eye Movements,UIST,2015,https://openalex.org/A5024343435,Hans Gellersen,last
https://openalex.org/W2271345687,Webstrates: Shareable Dynamic Media,UIST,2015,https://openalex.org/A5063269254,Clemens Nylandsted Klokmose,first
https://openalex.org/W2271345687,Webstrates: Shareable Dynamic Media,UIST,2015,https://openalex.org/A5034670941,James Eagan,middle
https://openalex.org/W2271345687,Webstrates: Shareable Dynamic Media,UIST,2015,https://openalex.org/A5089708930,Siemen Baader,middle
https://openalex.org/W2271345687,Webstrates: Shareable Dynamic Media,UIST,2015,https://openalex.org/A5034680150,Wendy E. Mackay,middle
https://openalex.org/W2271345687,Webstrates: Shareable Dynamic Media,UIST,2015,https://openalex.org/A5069093421,Michel Beaudouin-Lafon,last
https://openalex.org/W2269738476,Constructing an interactive natural language interface for relational databases,VLDB,2015,https://openalex.org/A5100740268,Li Fei,first
https://openalex.org/W2269738476,Constructing an interactive natural language interface for relational databases,VLDB,2015,https://openalex.org/A5087012731,H. V. Jagadish,last
https://openalex.org/W2141990617,HypTrails: A Bayesian Approach for Comparing Hypotheses About Human Trails on the Web,WWW,2015,https://openalex.org/A5025977681,Philipp Singer,first
https://openalex.org/W2141990617,HypTrails: A Bayesian Approach for Comparing Hypotheses About Human Trails on the Web,WWW,2015,https://openalex.org/A5074698656,Denis Helić,middle
https://openalex.org/W2141990617,HypTrails: A Bayesian Approach for Comparing Hypotheses About Human Trails on the Web,WWW,2015,https://openalex.org/A5054225034,Andreas Hotho,middle
https://openalex.org/W2141990617,HypTrails: A Bayesian Approach for Comparing Hypotheses About Human Trails on the Web,WWW,2015,https://openalex.org/A5071422618,Markus Strohmaier,last
https://openalex.org/W151167705,Recovering from Selection Bias in Causal and Statistical Inference,AAAI,2014,https://openalex.org/A5039620960,Elias Bareinboim,first
https://openalex.org/W151167705,Recovering from Selection Bias in Causal and Statistical Inference,AAAI,2014,https://openalex.org/A5073863021,Jin Tian,middle
https://openalex.org/W151167705,Recovering from Selection Bias in Causal and Statistical Inference,AAAI,2014,https://openalex.org/A5108208924,Judea Pearl,last
https://openalex.org/W2251682575,Fast and Robust Neural Network Joint Models for Statistical Machine Translation,ACL,2014,https://openalex.org/A5057457287,Jacob Devlin,first
https://openalex.org/W2251682575,Fast and Robust Neural Network Joint Models for Statistical Machine Translation,ACL,2014,https://openalex.org/A5024402344,Rabih Zbib,middle
https://openalex.org/W2251682575,Fast and Robust Neural Network Joint Models for Statistical Machine Translation,ACL,2014,https://openalex.org/A5113916695,Zhongqiang Huang,middle
https://openalex.org/W2251682575,Fast and Robust Neural Network Joint Models for Statistical Machine Translation,ACL,2014,https://openalex.org/A5053071845,Thomas Lamar,middle
https://openalex.org/W2251682575,Fast and Robust Neural Network Joint Models for Statistical Machine Translation,ACL,2014,https://openalex.org/A5089653752,Richard Schwartz,middle
https://openalex.org/W2251682575,Fast and Robust Neural Network Joint Models for Statistical Machine Translation,ACL,2014,https://openalex.org/A5112199595,John Makhoul,last
https://openalex.org/W2137864660,Consumed Endurance: A Metric to Quantify Arm Fatigue of Mid-Air Interactions,CHI,2014,https://openalex.org/A5077463393,Juan David Hincapié-Ramos,first
https://openalex.org/W2137864660,Consumed Endurance: A Metric to Quantify Arm Fatigue of Mid-Air Interactions,CHI,2014,https://openalex.org/A5109343366,Xiang Guo,middle
https://openalex.org/W2137864660,Consumed Endurance: A Metric to Quantify Arm Fatigue of Mid-Air Interactions,CHI,2014,https://openalex.org/A5075318331,Paymahn Moghadasian,middle
https://openalex.org/W2137864660,Consumed Endurance: A Metric to Quantify Arm Fatigue of Mid-Air Interactions,CHI,2014,https://openalex.org/A5078907679,Pourang Irani,last
https://openalex.org/W2005511465,Duet: Exploring Joint Interactions on a Smart Phone and a Smart Watch,CHI,2014,https://openalex.org/A5109928774,Heidi Selmer Nielsen,first
https://openalex.org/W2005511465,Duet: Exploring Joint Interactions on a Smart Phone and a Smart Watch,CHI,2014,https://openalex.org/A5082667645,Marius Pallisgaard Olsen,middle
https://openalex.org/W2005511465,Duet: Exploring Joint Interactions on a Smart Phone and a Smart Watch,CHI,2014,https://openalex.org/A5020573877,Mikael B. Skov,middle
https://openalex.org/W2005511465,Duet: Exploring Joint Interactions on a Smart Phone and a Smart Watch,CHI,2014,https://openalex.org/A5008971118,Jesper Kjeldskov,last
https://openalex.org/W2081933842,Type-Hover-Swipe in 96 Bytes: A Motion Sensing Mechanical Keyboard,CHI,2014,https://openalex.org/A5104268832,Stuart Taylor,first
https://openalex.org/W2081933842,Type-Hover-Swipe in 96 Bytes: A Motion Sensing Mechanical Keyboard,CHI,2014,https://openalex.org/A5102363948,Cem Keskin,middle
https://openalex.org/W2081933842,Type-Hover-Swipe in 96 Bytes: A Motion Sensing Mechanical Keyboard,CHI,2014,https://openalex.org/A5025000908,Otmar Hilliges,middle
https://openalex.org/W2081933842,Type-Hover-Swipe in 96 Bytes: A Motion Sensing Mechanical Keyboard,CHI,2014,https://openalex.org/A5014927177,Shahram Izadi,middle
https://openalex.org/W2081933842,Type-Hover-Swipe in 96 Bytes: A Motion Sensing Mechanical Keyboard,CHI,2014,https://openalex.org/A5051796969,John Helmes,last
https://openalex.org/W2005996634,Effects of Display Size and Navigation Type on a Classification Task,CHI,2014,https://openalex.org/A5077675371,Can Liu,first
https://openalex.org/W2005996634,Effects of Display Size and Navigation Type on a Classification Task,CHI,2014,https://openalex.org/A5048679959,Olivier Chapuis,middle
https://openalex.org/W2005996634,Effects of Display Size and Navigation Type on a Classification Task,CHI,2014,https://openalex.org/A5069093421,Michel Beaudouin-Lafon,middle
https://openalex.org/W2005996634,Effects of Display Size and Navigation Type on a Classification Task,CHI,2014,https://openalex.org/A5023297045,Éric Lecolinet,middle
https://openalex.org/W2005996634,Effects of Display Size and Navigation Type on a Classification Task,CHI,2014,https://openalex.org/A5034680150,Wendy E. Mackay,last
https://openalex.org/W2094690640,MixFab: a Mixed-Reality Environment for Personal Fabrication,CHI,2014,https://openalex.org/A5002616622,Christian Weichel,first
https://openalex.org/W2094690640,MixFab: a Mixed-Reality Environment for Personal Fabrication,CHI,2014,https://openalex.org/A5014621224,Manfred Lau,middle
https://openalex.org/W2094690640,MixFab: a Mixed-Reality Environment for Personal Fabrication,CHI,2014,https://openalex.org/A5100403328,David Kim,middle
https://openalex.org/W2094690640,MixFab: a Mixed-Reality Environment for Personal Fabrication,CHI,2014,https://openalex.org/A5066919494,Nicolas Villar,middle
https://openalex.org/W2094690640,MixFab: a Mixed-Reality Environment for Personal Fabrication,CHI,2014,https://openalex.org/A5024343435,Hans Gellersen,last
https://openalex.org/W2155058526,Growing Closer on Meta: Changes in Tie Strength Through Social Network Site Use,CHI,2014,https://openalex.org/A5026050123,Peter J. Richerson,first
https://openalex.org/W2155058526,Growing Closer on Meta: Changes in Tie Strength Through Social Network Site Use,CHI,2014,https://openalex.org/A5051803370,Ryan Baldini,middle
https://openalex.org/W2155058526,Growing Closer on Meta: Changes in Tie Strength Through Social Network Site Use,CHI,2014,https://openalex.org/A5102831633,Adrian V. Bell,middle
https://openalex.org/W2155058526,Growing Closer on Meta: Changes in Tie Strength Through Social Network Site Use,CHI,2014,https://openalex.org/A5084650556,Kathryn Demps,middle
https://openalex.org/W2155058526,Growing Closer on Meta: Changes in Tie Strength Through Social Network Site Use,CHI,2014,https://openalex.org/A5016613036,Karl Frost,middle
https://openalex.org/W2155058526,Growing Closer on Meta: Changes in Tie Strength Through Social Network Site Use,CHI,2014,https://openalex.org/A5052944957,Vicken Hillis,middle
https://openalex.org/W2155058526,Growing Closer on Meta: Changes in Tie Strength Through Social Network Site Use,CHI,2014,https://openalex.org/A5084534829,Sarah Mathew,middle
https://openalex.org/W2155058526,Growing Closer on Meta: Changes in Tie Strength Through Social Network Site Use,CHI,2014,https://openalex.org/A5063714293,Emily K. Newton,middle
https://openalex.org/W2155058526,Growing Closer on Meta: Changes in Tie Strength Through Social Network Site Use,CHI,2014,https://openalex.org/A5061890279,Nicole Naar,middle
https://openalex.org/W2155058526,Growing Closer on Meta: Changes in Tie Strength Through Social Network Site Use,CHI,2014,https://openalex.org/A5069950384,Lesley Newson,middle
https://openalex.org/W2155058526,Growing Closer on Meta: Changes in Tie Strength Through Social Network Site Use,CHI,2014,https://openalex.org/A5046759211,Cody T. Ross,middle
https://openalex.org/W2155058526,Growing Closer on Meta: Changes in Tie Strength Through Social Network Site Use,CHI,2014,https://openalex.org/A5020901777,Paul E. Smaldino,middle
https://openalex.org/W2155058526,Growing Closer on Meta: Changes in Tie Strength Through Social Network Site Use,CHI,2014,https://openalex.org/A5019243359,Timothy M. Waring,middle
https://openalex.org/W2155058526,Growing Closer on Meta: Changes in Tie Strength Through Social Network Site Use,CHI,2014,https://openalex.org/A5006352042,Matthew Zefferman,last
https://openalex.org/W2125898659,"Emerging Sites of HCI Innovation: Hackerspaces, Hardware Startups & Incubators",CHI,2014,https://openalex.org/A5040811336,Silvia Lindtner,first
https://openalex.org/W2125898659,"Emerging Sites of HCI Innovation: Hackerspaces, Hardware Startups & Incubators",CHI,2014,https://openalex.org/A5029485566,Garnet Hertz,middle
https://openalex.org/W2125898659,"Emerging Sites of HCI Innovation: Hackerspaces, Hardware Startups & Incubators",CHI,2014,https://openalex.org/A5083024795,Paul Dourish,last
https://openalex.org/W2059268796,"Designing for Slowness, Anticipation and Re-visitation: A Long Term Field Study of the Photobox",CHI,2014,https://openalex.org/A5073024818,William Odom,first
https://openalex.org/W2059268796,"Designing for Slowness, Anticipation and Re-visitation: A Long Term Field Study of the Photobox",CHI,2014,https://openalex.org/A5054544784,Abigail Sellen,middle
https://openalex.org/W2059268796,"Designing for Slowness, Anticipation and Re-visitation: A Long Term Field Study of the Photobox",CHI,2014,https://openalex.org/A5108601104,Richard Banks,middle
https://openalex.org/W2059268796,"Designing for Slowness, Anticipation and Re-visitation: A Long Term Field Study of the Photobox",CHI,2014,https://openalex.org/A5069887938,David Kirk,middle
https://openalex.org/W2059268796,"Designing for Slowness, Anticipation and Re-visitation: A Long Term Field Study of the Photobox",CHI,2014,https://openalex.org/A5089370410,Tim Regan,middle
https://openalex.org/W2059268796,"Designing for Slowness, Anticipation and Re-visitation: A Long Term Field Study of the Photobox",CHI,2014,https://openalex.org/A5102864179,M. J. Selby,middle
https://openalex.org/W2059268796,"Designing for Slowness, Anticipation and Re-visitation: A Long Term Field Study of the Photobox",CHI,2014,https://openalex.org/A5078288310,Jodi Forlizzi,middle
https://openalex.org/W2059268796,"Designing for Slowness, Anticipation and Re-visitation: A Long Term Field Study of the Photobox",CHI,2014,https://openalex.org/A5068413510,John Zimmerman,last
https://openalex.org/W2140006089,Estimating the Social Costs of Friendsourcing,CHI,2014,https://openalex.org/A5024501566,Jeffrey M. Rzeszotarski,first
https://openalex.org/W2140006089,Estimating the Social Costs of Friendsourcing,CHI,2014,https://openalex.org/A5062285844,Meredith Ringel Morris,last
https://openalex.org/W1985475196,Human Values in Curating a Human Rights Media Archive,CHI,2014,https://openalex.org/A5041558239,Abigail Durrant,first
https://openalex.org/W1985475196,Human Values in Curating a Human Rights Media Archive,CHI,2014,https://openalex.org/A5069887938,David Kirk,middle
https://openalex.org/W1985475196,Human Values in Curating a Human Rights Media Archive,CHI,2014,https://openalex.org/A5020860057,Stuart Reeves,last
https://openalex.org/W2250553926,"""Narco"" Emotions: Affect and Desensitization in Social Media during the Mexican Drug War",CHI,2014,https://openalex.org/A5035622491,Glen Coppersmith,first
https://openalex.org/W2250553926,"""Narco"" Emotions: Affect and Desensitization in Social Media during the Mexican Drug War",CHI,2014,https://openalex.org/A5024437840,Mark Dredze,middle
https://openalex.org/W2250553926,"""Narco"" Emotions: Affect and Desensitization in Social Media during the Mexican Drug War",CHI,2014,https://openalex.org/A5114247946,Craig Harman,last
https://openalex.org/W2047781873,Real-time Feedback for Improving Medication Taking,CHI,2014,https://openalex.org/A5000246567,Matthew L. Lee,first
https://openalex.org/W2047781873,Real-time Feedback for Improving Medication Taking,CHI,2014,https://openalex.org/A5032134965,Anind K. Dey,last
https://openalex.org/W2162409443,Structured Labeling for Facilitating Concept Evolution in Machine Learning,CHI,2014,https://openalex.org/A5039255125,Todd Kulesza,first
https://openalex.org/W2162409443,Structured Labeling for Facilitating Concept Evolution in Machine Learning,CHI,2014,https://openalex.org/A5057541630,Saleema Amershi,middle
https://openalex.org/W2162409443,Structured Labeling for Facilitating Concept Evolution in Machine Learning,CHI,2014,https://openalex.org/A5083893060,Rich Caruana,middle
https://openalex.org/W2162409443,Structured Labeling for Facilitating Concept Evolution in Machine Learning,CHI,2014,https://openalex.org/A5010157704,Danyel Fisher,middle
https://openalex.org/W2162409443,Structured Labeling for Facilitating Concept Evolution in Machine Learning,CHI,2014,https://openalex.org/A5008748926,Denis Charles,last
https://openalex.org/W2117160827,Towards Accurate and Practical Predictive Models of Active-Vision-Based Visual Search,CHI,2014,https://openalex.org/A5035535362,David E. Kieras,first
https://openalex.org/W2117160827,Towards Accurate and Practical Predictive Models of Active-Vision-Based Visual Search,CHI,2014,https://openalex.org/A5062153420,Anthony J. Hornof,last
https://openalex.org/W2051295909,RetroDepth: 3D Silhouette Sensing for High-Precision Input On and Above Physical Surfaces,CHI,2014,https://openalex.org/A5100403328,David Kim,first
https://openalex.org/W2051295909,RetroDepth: 3D Silhouette Sensing for High-Precision Input On and Above Physical Surfaces,CHI,2014,https://openalex.org/A5014927177,Shahram Izadi,middle
https://openalex.org/W2051295909,RetroDepth: 3D Silhouette Sensing for High-Precision Input On and Above Physical Surfaces,CHI,2014,https://openalex.org/A5004051840,Jakub Dostál,middle
https://openalex.org/W2051295909,RetroDepth: 3D Silhouette Sensing for High-Precision Input On and Above Physical Surfaces,CHI,2014,https://openalex.org/A5056242458,Christoph Rhemann,middle
https://openalex.org/W2051295909,RetroDepth: 3D Silhouette Sensing for High-Precision Input On and Above Physical Surfaces,CHI,2014,https://openalex.org/A5102363948,Cem Keskin,middle
https://openalex.org/W2051295909,RetroDepth: 3D Silhouette Sensing for High-Precision Input On and Above Physical Surfaces,CHI,2014,https://openalex.org/A5020965719,Christopher Zach,middle
https://openalex.org/W2051295909,RetroDepth: 3D Silhouette Sensing for High-Precision Input On and Above Physical Surfaces,CHI,2014,https://openalex.org/A5002831957,Jamie Shotton,middle
https://openalex.org/W2051295909,RetroDepth: 3D Silhouette Sensing for High-Precision Input On and Above Physical Surfaces,CHI,2014,https://openalex.org/A5039302062,Timothy Large,middle
https://openalex.org/W2051295909,RetroDepth: 3D Silhouette Sensing for High-Precision Input On and Above Physical Surfaces,CHI,2014,https://openalex.org/A5064638107,Steven Bathiche,middle
https://openalex.org/W2051295909,RetroDepth: 3D Silhouette Sensing for High-Precision Input On and Above Physical Surfaces,CHI,2014,https://openalex.org/A5088583491,Matthias Nießner,middle
https://openalex.org/W2051295909,RetroDepth: 3D Silhouette Sensing for High-Precision Input On and Above Physical Surfaces,CHI,2014,https://openalex.org/A5002226991,D. Alex Butler,middle
https://openalex.org/W2051295909,RetroDepth: 3D Silhouette Sensing for High-Precision Input On and Above Physical Surfaces,CHI,2014,https://openalex.org/A5056677910,Sean Fanello,middle
https://openalex.org/W2051295909,RetroDepth: 3D Silhouette Sensing for High-Precision Input On and Above Physical Surfaces,CHI,2014,https://openalex.org/A5110691595,Vivek Pradeep,last
https://openalex.org/W2124910144,Understanding Multitasking Through Parallelized Strategy Exploration and Individualized Cognitive Modeling,CHI,2014,https://openalex.org/A5100410998,Yunfeng Zhang,first
https://openalex.org/W2124910144,Understanding Multitasking Through Parallelized Strategy Exploration and Individualized Cognitive Modeling,CHI,2014,https://openalex.org/A5062153420,Anthony J. Hornof,last
https://openalex.org/W2106612861,Making Sustainability Sustainable: Challenges in the Design of Eco-Interaction Technologies,CHI,2014,https://openalex.org/A5036031138,Rayoung Yang,first
https://openalex.org/W2106612861,Making Sustainability Sustainable: Challenges in the Design of Eco-Interaction Technologies,CHI,2014,https://openalex.org/A5017917433,Mark Newman,middle
https://openalex.org/W2106612861,Making Sustainability Sustainable: Challenges in the Design of Eco-Interaction Technologies,CHI,2014,https://openalex.org/A5078288310,Jodi Forlizzi,last
https://openalex.org/W2061985103,Cross-Device Search,CIKM,2014,https://openalex.org/A5041066830,George D. Montañez,first
https://openalex.org/W2061985103,Cross-Device Search,CIKM,2014,https://openalex.org/A5076259865,Ryen W. White,middle
https://openalex.org/W2061985103,Cross-Device Search,CIKM,2014,https://openalex.org/A5103147562,Xiao Huang,last
https://openalex.org/W2032643440,What Camera Motion Reveals About Shape with Unknown BRDF,CVPR,2014,https://openalex.org/A5046609009,Manmohan Chandraker,first
https://openalex.org/W2158356994,Architecture Challenges for Internal Software Ecosystems: A Large-Scale Industry Case Study,FSE,2014,https://openalex.org/A5027563965,Klaus-Benedikt Schultis,first
https://openalex.org/W2158356994,Architecture Challenges for Internal Software Ecosystems: A Large-Scale Industry Case Study,FSE,2014,https://openalex.org/A5065530146,Christoph Elsner,middle
https://openalex.org/W2158356994,Architecture Challenges for Internal Software Ecosystems: A Large-Scale Industry Case Study,FSE,2014,https://openalex.org/A5014327382,Daniel Lohmann,last
https://openalex.org/W2102147011,Selection and Presentation Practices for Code Example Summarization,FSE,2014,https://openalex.org/A5009530531,Annie T. T. Ying,first
https://openalex.org/W2102147011,Selection and Presentation Practices for Code Example Summarization,FSE,2014,https://openalex.org/A5059244952,Martin P. Robillard,last
https://openalex.org/W2140609933,Learning Natural Coding Conventions,FSE,2014,https://openalex.org/A5080221214,Miltiadis Allamanis,first
https://openalex.org/W2140609933,Learning Natural Coding Conventions,FSE,2014,https://openalex.org/A5076587279,Earl T. Barr,middle
https://openalex.org/W2140609933,Learning Natural Coding Conventions,FSE,2014,https://openalex.org/A5036278905,Christian Bird,middle
https://openalex.org/W2140609933,Learning Natural Coding Conventions,FSE,2014,https://openalex.org/A5028501178,Charles Sutton,last
https://openalex.org/W2041235686,AI: A Lightweight System for Tolerating Concurrency Bugs,FSE,2014,https://openalex.org/A5100621292,Mingxing Zhang,first
https://openalex.org/W2041235686,AI: A Lightweight System for Tolerating Concurrency Bugs,FSE,2014,https://openalex.org/A5115602897,Yongwei Wu,middle
https://openalex.org/W2041235686,AI: A Lightweight System for Tolerating Concurrency Bugs,FSE,2014,https://openalex.org/A5061448314,Shan Lu,middle
https://openalex.org/W2041235686,AI: A Lightweight System for Tolerating Concurrency Bugs,FSE,2014,https://openalex.org/A5089676563,Shanxiang Qi,middle
https://openalex.org/W2041235686,AI: A Lightweight System for Tolerating Concurrency Bugs,FSE,2014,https://openalex.org/A5027304285,Jinglei Ren,middle
https://openalex.org/W2041235686,AI: A Lightweight System for Tolerating Concurrency Bugs,FSE,2014,https://openalex.org/A5108050910,Weimin Zheng,last
https://openalex.org/W2096146112,Powering the Static Driver Verifier using Corral,FSE,2014,https://openalex.org/A5029930688,Akash Lal,first
https://openalex.org/W2096146112,Powering the Static Driver Verifier using Corral,FSE,2014,https://openalex.org/A5072464909,Shaz Qadeer,last
https://openalex.org/W2135937266,Are Mutants a Valid Substitute for Real Faults in Software Testing?,FSE,2014,https://openalex.org/A5088079823,René Just,first
https://openalex.org/W2135937266,Are Mutants a Valid Substitute for Real Faults in Software Testing?,FSE,2014,https://openalex.org/A5082120000,Darioush Jalali,middle
https://openalex.org/W2135937266,Are Mutants a Valid Substitute for Real Faults in Software Testing?,FSE,2014,https://openalex.org/A5014292887,Laura Inozemtseva,middle
https://openalex.org/W2135937266,Are Mutants a Valid Substitute for Real Faults in Software Testing?,FSE,2014,https://openalex.org/A5032068969,Michael D. Ernst,middle
https://openalex.org/W2135937266,Are Mutants a Valid Substitute for Real Faults in Software Testing?,FSE,2014,https://openalex.org/A5034123811,Reid Holmes,middle
https://openalex.org/W2135937266,Are Mutants a Valid Substitute for Real Faults in Software Testing?,FSE,2014,https://openalex.org/A5079261847,Gordon Fraser,last
https://openalex.org/W159693449,Understanding the Limiting Factors of Topic Modeling via Posterior Contraction Analysis,ICML,2014,https://openalex.org/A5077231313,Jian Tang,first
https://openalex.org/W159693449,Understanding the Limiting Factors of Topic Modeling via Posterior Contraction Analysis,ICML,2014,https://openalex.org/A5102057441,Zhaoshi Meng,middle
https://openalex.org/W159693449,Understanding the Limiting Factors of Topic Modeling via Posterior Contraction Analysis,ICML,2014,https://openalex.org/A5111598410,XuanLong Nguyen,middle
https://openalex.org/W159693449,Understanding the Limiting Factors of Topic Modeling via Posterior Contraction Analysis,ICML,2014,https://openalex.org/A5048955398,Qiaozhu Mei,middle
https://openalex.org/W159693449,Understanding the Limiting Factors of Topic Modeling via Posterior Contraction Analysis,ICML,2014,https://openalex.org/A5100642537,Ming Zhang,last
https://openalex.org/W2056659466,A Study and Toolkit for Asynchronous Programming in C#,ICSE,2014,https://openalex.org/A5010881756,Semih Okur,first
https://openalex.org/W2056659466,A Study and Toolkit for Asynchronous Programming in C#,ICSE,2014,https://openalex.org/A5055201741,David L. Hartveld,middle
https://openalex.org/W2056659466,A Study and Toolkit for Asynchronous Programming in C#,ICSE,2014,https://openalex.org/A5019404521,Danny Dig,middle
https://openalex.org/W2056659466,A Study and Toolkit for Asynchronous Programming in C#,ICSE,2014,https://openalex.org/A5090401584,Arie van Deursen,last
https://openalex.org/W2095839586,Characterizing and Detecting Performance Bugs for Smartphone Applications,ICSE,2014,https://openalex.org/A5084868951,Yepang Liu,first
https://openalex.org/W2095839586,Characterizing and Detecting Performance Bugs for Smartphone Applications,ICSE,2014,https://openalex.org/A5052203980,Chang Xu,middle
https://openalex.org/W2095839586,Characterizing and Detecting Performance Bugs for Smartphone Applications,ICSE,2014,https://openalex.org/A5034057959,Shing-Chi Cheung,last
https://openalex.org/W2106072155,Coverage Is Not Strongly Correlated with Test Suite Effectiveness,ICSE,2014,https://openalex.org/A5014292887,Laura Inozemtseva,first
https://openalex.org/W2106072155,Coverage Is Not Strongly Correlated with Test Suite Effectiveness,ICSE,2014,https://openalex.org/A5034123811,Reid Holmes,last
https://openalex.org/W2080395944,"Cowboys, Ankle Sprains, and Keepers of Quality: How Is Video Game Development Different from Software Development?",ICSE,2014,https://openalex.org/A5052426710,Emerson Murphy-Hill,first
https://openalex.org/W2080395944,"Cowboys, Ankle Sprains, and Keepers of Quality: How Is Video Game Development Different from Software Development?",ICSE,2014,https://openalex.org/A5061605447,Thomas Zimmermann,middle
https://openalex.org/W2080395944,"Cowboys, Ankle Sprains, and Keepers of Quality: How Is Video Game Development Different from Software Development?",ICSE,2014,https://openalex.org/A5101612061,Nachiappan Nagappan,last
https://openalex.org/W1970005004,Enhancing Symbolic Execution with Veritesting,ICSE,2014,https://openalex.org/A5049839987,Thanassis Avgerinos,first
https://openalex.org/W1970005004,Enhancing Symbolic Execution with Veritesting,ICSE,2014,https://openalex.org/A5037888372,Alexandre Rebert,middle
https://openalex.org/W1970005004,Enhancing Symbolic Execution with Veritesting,ICSE,2014,https://openalex.org/A5031854438,Sang Kil,middle
https://openalex.org/W1970005004,Enhancing Symbolic Execution with Veritesting,ICSE,2014,https://openalex.org/A5016565332,David Brumley,last
https://openalex.org/W2113610359,Improving Automated Source Code Summarization via an Eye-Tracking Study of Programmers,ICSE,2014,https://openalex.org/A5080198395,Paige Rodeghero,first
https://openalex.org/W2113610359,Improving Automated Source Code Summarization via an Eye-Tracking Study of Programmers,ICSE,2014,https://openalex.org/A5084874990,Collin McMillan,middle
https://openalex.org/W2113610359,Improving Automated Source Code Summarization via an Eye-Tracking Study of Programmers,ICSE,2014,https://openalex.org/A5013685912,Paul W. McBurney,middle
https://openalex.org/W2113610359,Improving Automated Source Code Summarization via an Eye-Tracking Study of Programmers,ICSE,2014,https://openalex.org/A5013490855,Nigel Bosch,middle
https://openalex.org/W2113610359,Improving Automated Source Code Summarization via an Eye-Tracking Study of Programmers,ICSE,2014,https://openalex.org/A5008316506,Sidney K. D’Mello,last
https://openalex.org/W2086186328,Trading Robustness for Maintainability: An Empirical Study of Evolving C# Programs,ICSE,2014,https://openalex.org/A5064179916,Nélio Cacho,first
https://openalex.org/W2086186328,Trading Robustness for Maintainability: An Empirical Study of Evolving C# Programs,ICSE,2014,https://openalex.org/A5071479045,Thiago de Alcântara César,middle
https://openalex.org/W2086186328,Trading Robustness for Maintainability: An Empirical Study of Evolving C# Programs,ICSE,2014,https://openalex.org/A5047620436,Thomas Filipe,middle
https://openalex.org/W2086186328,Trading Robustness for Maintainability: An Empirical Study of Evolving C# Programs,ICSE,2014,https://openalex.org/A5024953525,Eliezio Soares,middle
https://openalex.org/W2086186328,Trading Robustness for Maintainability: An Empirical Study of Evolving C# Programs,ICSE,2014,https://openalex.org/A5009826585,Arthur Cassio,middle
https://openalex.org/W2086186328,Trading Robustness for Maintainability: An Empirical Study of Evolving C# Programs,ICSE,2014,https://openalex.org/A5078301611,Rafael Castro de Souza,middle
https://openalex.org/W2086186328,Trading Robustness for Maintainability: An Empirical Study of Evolving C# Programs,ICSE,2014,https://openalex.org/A5032306995,Israel Quintanilla García,middle
https://openalex.org/W2086186328,Trading Robustness for Maintainability: An Empirical Study of Evolving C# Programs,ICSE,2014,https://openalex.org/A5084886075,Eiji Adachi,middle
https://openalex.org/W2086186328,Trading Robustness for Maintainability: An Empirical Study of Evolving C# Programs,ICSE,2014,https://openalex.org/A5007792821,Alessandro Garcia,last
https://openalex.org/W2090907135,Understanding JavaScript Event-Based Interactions,ICSE,2014,https://openalex.org/A5033475627,Saba Alimadadi,first
https://openalex.org/W2090907135,Understanding JavaScript Event-Based Interactions,ICSE,2014,https://openalex.org/A5081964141,Sheldon Sequeira,middle
https://openalex.org/W2090907135,Understanding JavaScript Event-Based Interactions,ICSE,2014,https://openalex.org/A5023086966,Ali Mesbah,middle
https://openalex.org/W2090907135,Understanding JavaScript Event-Based Interactions,ICSE,2014,https://openalex.org/A5073641368,Karthik Pattabiraman,last
https://openalex.org/W2050127001,Unit Test Virtualization with VMVM,ICSE,2014,https://openalex.org/A5053080959,Jonathan Bell,first
https://openalex.org/W2050127001,Unit Test Virtualization with VMVM,ICSE,2014,https://openalex.org/A5090171418,Gail E. Kaiser,last
https://openalex.org/W2421692426,Joint Static and Dynamic Traffic Scheduling in Data Center Networks,INFOCOM,2014,https://openalex.org/A5087729117,Zizhong Cao,first
https://openalex.org/W2421692426,Joint Static and Dynamic Traffic Scheduling in Data Center Networks,INFOCOM,2014,https://openalex.org/A5108507325,Murali Kodialam,middle
https://openalex.org/W2421692426,Joint Static and Dynamic Traffic Scheduling in Data Center Networks,INFOCOM,2014,https://openalex.org/A5079816803,T. V. Lakshman,last
https://openalex.org/W1995769257,Performance Evaluation and Asymptotics for Content Delivery Networks,INFOCOM,2014,https://openalex.org/A5051842127,Virag Shah,first
https://openalex.org/W1995769257,Performance Evaluation and Asymptotics for Content Delivery Networks,INFOCOM,2014,https://openalex.org/A5008917819,Gustavo de Veciana,last
https://openalex.org/W2052261215,Reducing the Sampling Complexity of Topic Models,KDD,2014,https://openalex.org/A5053182948,Aaron Q. Li,first
https://openalex.org/W2052261215,Reducing the Sampling Complexity of Topic Models,KDD,2014,https://openalex.org/A5009154893,Amr Ahmed,middle
https://openalex.org/W2052261215,Reducing the Sampling Complexity of Topic Models,KDD,2014,https://openalex.org/A5104067009,Sujith Ravi,middle
https://openalex.org/W2052261215,Reducing the Sampling Complexity of Topic Models,KDD,2014,https://openalex.org/A5000245150,Alexander J. Smola,last
https://openalex.org/W2069973845,Tagoram: Real-Time Tracking of Mobile RFID Tags to High Precision Using COTS Devices,MOBICOM,2014,https://openalex.org/A5044160991,Lei Yang,first
https://openalex.org/W2069973845,Tagoram: Real-Time Tracking of Mobile RFID Tags to High Precision Using COTS Devices,MOBICOM,2014,https://openalex.org/A5081652219,Yekui Chen,middle
https://openalex.org/W2069973845,Tagoram: Real-Time Tracking of Mobile RFID Tags to High Precision Using COTS Devices,MOBICOM,2014,https://openalex.org/A5100341802,Xiang‐Yang Li,middle
https://openalex.org/W2069973845,Tagoram: Real-Time Tracking of Mobile RFID Tags to High Precision Using COTS Devices,MOBICOM,2014,https://openalex.org/A5005843046,Chaowei Xiao,middle
https://openalex.org/W2069973845,Tagoram: Real-Time Tracking of Mobile RFID Tags to High Precision Using COTS Devices,MOBICOM,2014,https://openalex.org/A5100361458,Mo Li,middle
https://openalex.org/W2069973845,Tagoram: Real-Time Tracking of Mobile RFID Tags to High Precision Using COTS Devices,MOBICOM,2014,https://openalex.org/A5070071735,Yunhao Liu,last
https://openalex.org/W2169054943,Asymmetric LSH (ALSH) for Sublinear Time Maximum Inner Product Search (MIPS),NeurIPS,2014,https://openalex.org/A5024993683,Anshumali Shrivastava,first
https://openalex.org/W2169054943,Asymmetric LSH (ALSH) for Sublinear Time Maximum Inner Product Search (MIPS),NeurIPS,2014,https://openalex.org/A5100741315,Ping Li,last
https://openalex.org/W2170892587,A* Sampling,NeurIPS,2014,https://openalex.org/A5030367905,Xiang Wan,first
https://openalex.org/W2170892587,A* Sampling,NeurIPS,2014,https://openalex.org/A5100631553,Wenqian Wang,middle
https://openalex.org/W2170892587,A* Sampling,NeurIPS,2014,https://openalex.org/A5062375227,Jiming Liu,middle
https://openalex.org/W2170892587,A* Sampling,NeurIPS,2014,https://openalex.org/A5002431770,Tiejun Tong,last
https://openalex.org/W2265366104,Arrakis: The Operating System is the Control Plane,OSDI,2014,https://openalex.org/A5102251003,Simon Peter,first
https://openalex.org/W2265366104,Arrakis: The Operating System is the Control Plane,OSDI,2014,https://openalex.org/A5108050246,Jialin Li,middle
https://openalex.org/W2265366104,Arrakis: The Operating System is the Control Plane,OSDI,2014,https://openalex.org/A5089845483,Irene Zhang,middle
https://openalex.org/W2265366104,Arrakis: The Operating System is the Control Plane,OSDI,2014,https://openalex.org/A5026925980,Dan R. K. Ports,middle
https://openalex.org/W2265366104,Arrakis: The Operating System is the Control Plane,OSDI,2014,https://openalex.org/A5019811544,Doug Woos,middle
https://openalex.org/W2265366104,Arrakis: The Operating System is the Control Plane,OSDI,2014,https://openalex.org/A5101497042,Arvind Krishnamurthy,middle
https://openalex.org/W2265366104,Arrakis: The Operating System is the Control Plane,OSDI,2014,https://openalex.org/A5087154420,Thomas E. Anderson,middle
https://openalex.org/W2265366104,Arrakis: The Operating System is the Control Plane,OSDI,2014,https://openalex.org/A5072227627,Timothy Roscoe,last
https://openalex.org/W2061643296,Shielding Applications from an Untrusted Cloud with Haven,OSDI,2014,https://openalex.org/A5001597905,Andrew Baumann,first
https://openalex.org/W2061643296,Shielding Applications from an Untrusted Cloud with Haven,OSDI,2014,https://openalex.org/A5085380425,Marcus Peinado,middle
https://openalex.org/W2061643296,Shielding Applications from an Untrusted Cloud with Haven,OSDI,2014,https://openalex.org/A5109068256,Galen Hunt,last
https://openalex.org/W2169414316,IX: A Protected Dataplane Operating System for High Throughput and Low Latency,OSDI,2014,https://openalex.org/A5026744189,Adam Belay,first
https://openalex.org/W2169414316,IX: A Protected Dataplane Operating System for High Throughput and Low Latency,OSDI,2014,https://openalex.org/A5062272364,George Prekas,middle
https://openalex.org/W2169414316,IX: A Protected Dataplane Operating System for High Throughput and Low Latency,OSDI,2014,https://openalex.org/A5000009841,Ana Klimovic,middle
https://openalex.org/W2169414316,IX: A Protected Dataplane Operating System for High Throughput and Low Latency,OSDI,2014,https://openalex.org/A5051781398,Samuel Grossman,middle
https://openalex.org/W2169414316,IX: A Protected Dataplane Operating System for High Throughput and Low Latency,OSDI,2014,https://openalex.org/A5042148531,Christos Kozyrakis,middle
https://openalex.org/W2169414316,IX: A Protected Dataplane Operating System for High Throughput and Low Latency,OSDI,2014,https://openalex.org/A5049034675,Edouard Bugnion,last
https://openalex.org/W2170737051,Compiler validation via equivalence modulo inputs,PLDI,2014,https://openalex.org/A5051355395,Vu Le,first
https://openalex.org/W2170737051,Compiler validation via equivalence modulo inputs,PLDI,2014,https://openalex.org/A5037461995,Mehrdad Afshari,middle
https://openalex.org/W2170737051,Compiler validation via equivalence modulo inputs,PLDI,2014,https://openalex.org/A5077610917,Zhendong Su,last
https://openalex.org/W2057510141,Improving JavaScript Performance by Deconstructing the Type System,PLDI,2014,https://openalex.org/A5104065467,Wonsun Ahn,first
https://openalex.org/W2057510141,Improving JavaScript Performance by Deconstructing the Type System,PLDI,2014,https://openalex.org/A5056589829,Jiho Choi,middle
https://openalex.org/W2057510141,Improving JavaScript Performance by Deconstructing the Type System,PLDI,2014,https://openalex.org/A5090891852,Thomas Shull,middle
https://openalex.org/W2057510141,Improving JavaScript Performance by Deconstructing the Type System,PLDI,2014,https://openalex.org/A5110864141,María Jesús Garzarán,middle
https://openalex.org/W2057510141,Improving JavaScript Performance by Deconstructing the Type System,PLDI,2014,https://openalex.org/A5055909708,Josep Torrellas,last
https://openalex.org/W2050680750,On Abstraction Refinement for Program Analyses in Datalog,PLDI,2014,https://openalex.org/A5100327375,Xin Zhang,first
https://openalex.org/W2050680750,On Abstraction Refinement for Program Analyses in Datalog,PLDI,2014,https://openalex.org/A5002052018,Ravi Mangal,middle
https://openalex.org/W2050680750,On Abstraction Refinement for Program Analyses in Datalog,PLDI,2014,https://openalex.org/A5049957994,Radu Grigore,middle
https://openalex.org/W2050680750,On Abstraction Refinement for Program Analyses in Datalog,PLDI,2014,https://openalex.org/A5075879790,Mayur Naik,middle
https://openalex.org/W2050680750,On Abstraction Refinement for Program Analyses in Datalog,PLDI,2014,https://openalex.org/A5101612744,Hongseok Yang,last
https://openalex.org/W2658699200,Weaker Forms of Monotonicity for Declarative Networking: A More Fine-Grained Answer to the CALM-Conjecture,PODS,2014,https://openalex.org/A5008206932,Tom J. Ameloot,first
https://openalex.org/W2658699200,Weaker Forms of Monotonicity for Declarative Networking: A More Fine-Grained Answer to the CALM-Conjecture,PODS,2014,https://openalex.org/A5028459977,Bas Ketsman,middle
https://openalex.org/W2658699200,Weaker Forms of Monotonicity for Declarative Networking: A More Fine-Grained Answer to the CALM-Conjecture,PODS,2014,https://openalex.org/A5022264843,Frank Neven,middle
https://openalex.org/W2658699200,Weaker Forms of Monotonicity for Declarative Networking: A More Fine-Grained Answer to the CALM-Conjecture,PODS,2014,https://openalex.org/A5109361075,Daniel Zinn,last
https://openalex.org/W2302922559,Secure Multiparty Computations on BitCoin,S&P,2014,https://openalex.org/A5091819924,Marcin Andrychowicz,first
https://openalex.org/W2302922559,Secure Multiparty Computations on BitCoin,S&P,2014,https://openalex.org/A5008597461,Stefan Dziembowski,middle
https://openalex.org/W2302922559,Secure Multiparty Computations on BitCoin,S&P,2014,https://openalex.org/A5063317383,Daniel Malinowski,middle
https://openalex.org/W2302922559,Secure Multiparty Computations on BitCoin,S&P,2014,https://openalex.org/A5102986496,Łukasz Mazurek,last
https://openalex.org/W4240983449,Balancing Accountability and Privacy in the Network,SIGCOMM,2014,https://openalex.org/A5076560073,David Naylor,first
https://openalex.org/W4240983449,Balancing Accountability and Privacy in the Network,SIGCOMM,2014,https://openalex.org/A5074751039,Matthew K. Mukerjee,middle
https://openalex.org/W4240983449,Balancing Accountability and Privacy in the Network,SIGCOMM,2014,https://openalex.org/A5089056623,Peter Steenkiste,last
https://openalex.org/W4254522945,CONGA: Distributed Congestion-Aware Load Balancing for Datacenters,SIGCOMM,2014,https://openalex.org/A5101669321,Mohammad Alizadeh,first
https://openalex.org/W4254522945,CONGA: Distributed Congestion-Aware Load Balancing for Datacenters,SIGCOMM,2014,https://openalex.org/A5036144178,Tom Edsall,middle
https://openalex.org/W4254522945,CONGA: Distributed Congestion-Aware Load Balancing for Datacenters,SIGCOMM,2014,https://openalex.org/A5054225262,Sarang Dharmapurikar,middle
https://openalex.org/W4254522945,CONGA: Distributed Congestion-Aware Load Balancing for Datacenters,SIGCOMM,2014,https://openalex.org/A5019069757,Ramanan Vaidyanathan,middle
https://openalex.org/W4254522945,CONGA: Distributed Congestion-Aware Load Balancing for Datacenters,SIGCOMM,2014,https://openalex.org/A5065785442,Kevin Chu,middle
https://openalex.org/W4254522945,CONGA: Distributed Congestion-Aware Load Balancing for Datacenters,SIGCOMM,2014,https://openalex.org/A5068575763,Andy Fingerhut,middle
https://openalex.org/W4254522945,CONGA: Distributed Congestion-Aware Load Balancing for Datacenters,SIGCOMM,2014,https://openalex.org/A5063011965,Vinh The Lam,middle
https://openalex.org/W4254522945,CONGA: Distributed Congestion-Aware Load Balancing for Datacenters,SIGCOMM,2014,https://openalex.org/A5003809748,Francis Matus,middle
https://openalex.org/W4254522945,CONGA: Distributed Congestion-Aware Load Balancing for Datacenters,SIGCOMM,2014,https://openalex.org/A5075012459,Rong Pan,middle
https://openalex.org/W4254522945,CONGA: Distributed Congestion-Aware Load Balancing for Datacenters,SIGCOMM,2014,https://openalex.org/A5103641598,Navindra Yadav,middle
https://openalex.org/W4254522945,CONGA: Distributed Congestion-Aware Load Balancing for Datacenters,SIGCOMM,2014,https://openalex.org/A5102730096,George Varghese,last
https://openalex.org/W2089455813,Partitioned Elias-Fano Indexes,SIGIR,2014,https://openalex.org/A5003288532,Giuseppe Ottaviano,first
https://openalex.org/W2089455813,Partitioned Elias-Fano Indexes,SIGIR,2014,https://openalex.org/A5084138015,Rossano Venturini,last
https://openalex.org/W319976220,Concave switching in single and multihop networks,SIGMETRICS,2014,https://openalex.org/A5068542108,Neil Walton,first
https://openalex.org/W2099102906,Materialization Optimizations for Feature Selection Workloads,SIGMOD,2014,https://openalex.org/A5100383731,Ce Zhang,first
https://openalex.org/W2099102906,Materialization Optimizations for Feature Selection Workloads,SIGMOD,2014,https://openalex.org/A5103749365,Arun Kumar,middle
https://openalex.org/W2099102906,Materialization Optimizations for Feature Selection Workloads,SIGMOD,2014,https://openalex.org/A5103852640,Christopher Ré,last
https://openalex.org/W2296493992,Polynomiality for Bin Packing with a Constant Number of Item Types,SODA,2014,https://openalex.org/A5112864313,Michel X. Goemans,first
https://openalex.org/W2296493992,Polynomiality for Bin Packing with a Constant Number of Item Types,SODA,2014,https://openalex.org/A5008952420,Thomas Rothvoß,last
https://openalex.org/W2278710066,"An Almost-Linear-Time Algorithm for Approximate Max Flow in Undirected Graphs, and its Multicommodity Generalizations",SODA,2014,https://openalex.org/A5022068777,Jonathan A. Kelner,first
https://openalex.org/W2278710066,"An Almost-Linear-Time Algorithm for Approximate Max Flow in Undirected Graphs, and its Multicommodity Generalizations",SODA,2014,https://openalex.org/A5024980585,Yin Tat Lee,middle
https://openalex.org/W2278710066,"An Almost-Linear-Time Algorithm for Approximate Max Flow in Undirected Graphs, and its Multicommodity Generalizations",SODA,2014,https://openalex.org/A5085559057,Lorenzo Orecchia,middle
https://openalex.org/W2278710066,"An Almost-Linear-Time Algorithm for Approximate Max Flow in Undirected Graphs, and its Multicommodity Generalizations",SODA,2014,https://openalex.org/A5112854803,Aaron Sidford,last
https://openalex.org/W2033871299,The matching polytope has exponential extension complexity,STOC,2014,https://openalex.org/A5008952420,Thomas Rothvoß,first
https://openalex.org/W2106941316,Sensing Techniques for Tablet+Stylus Interaction,UIST,2014,https://openalex.org/A5036357098,Ken Hinckley,first
https://openalex.org/W2106941316,Sensing Techniques for Tablet+Stylus Interaction,UIST,2014,https://openalex.org/A5019041283,Michel Pahud,middle
https://openalex.org/W2106941316,Sensing Techniques for Tablet+Stylus Interaction,UIST,2014,https://openalex.org/A5005140278,Hrvoje Benko,middle
https://openalex.org/W2106941316,Sensing Techniques for Tablet+Stylus Interaction,UIST,2014,https://openalex.org/A5078907679,Pourang Irani,middle
https://openalex.org/W2106941316,Sensing Techniques for Tablet+Stylus Interaction,UIST,2014,https://openalex.org/A5037702709,François Guimbretière,middle
https://openalex.org/W2106941316,Sensing Techniques for Tablet+Stylus Interaction,UIST,2014,https://openalex.org/A5010124882,Marcel Gavriliu,middle
https://openalex.org/W2106941316,Sensing Techniques for Tablet+Stylus Interaction,UIST,2014,https://openalex.org/A5100441917,Xiang Chen,middle
https://openalex.org/W2106941316,Sensing Techniques for Tablet+Stylus Interaction,UIST,2014,https://openalex.org/A5073135182,Fabrice Matulic,middle
https://openalex.org/W2106941316,Sensing Techniques for Tablet+Stylus Interaction,UIST,2014,https://openalex.org/A5076510991,William Buxton,middle
https://openalex.org/W2106941316,Sensing Techniques for Tablet+Stylus Interaction,UIST,2014,https://openalex.org/A5078791295,Andrew D. Wilson,last
https://openalex.org/W2028953510,Expert Crowdsourcing with Flash Teams,UIST,2014,https://openalex.org/A5080179499,Daniela Retelny,first
https://openalex.org/W2028953510,Expert Crowdsourcing with Flash Teams,UIST,2014,https://openalex.org/A5003378492,Sébastien Robaszkiewicz,middle
https://openalex.org/W2028953510,Expert Crowdsourcing with Flash Teams,UIST,2014,https://openalex.org/A5062258537,Alexandra To,middle
https://openalex.org/W2028953510,Expert Crowdsourcing with Flash Teams,UIST,2014,https://openalex.org/A5063574664,Walter S. Lasecki,middle
https://openalex.org/W2028953510,Expert Crowdsourcing with Flash Teams,UIST,2014,https://openalex.org/A5045138685,Jay Patel,middle
https://openalex.org/W2028953510,Expert Crowdsourcing with Flash Teams,UIST,2014,https://openalex.org/A5037671485,Negar Rahmati,middle
https://openalex.org/W2028953510,Expert Crowdsourcing with Flash Teams,UIST,2014,https://openalex.org/A5030125352,Tulsee Doshi,middle
https://openalex.org/W2028953510,Expert Crowdsourcing with Flash Teams,UIST,2014,https://openalex.org/A5048264180,Melissa Valentine,middle
https://openalex.org/W2028953510,Expert Crowdsourcing with Flash Teams,UIST,2014,https://openalex.org/A5076189854,Michael S. Bernstein,last
https://openalex.org/W2144575742,PrintScreen: Fabricating Highly Customizable Thin-film Touch-Displays,UIST,2014,https://openalex.org/A5058504215,Simon Olberding,first
https://openalex.org/W2144575742,PrintScreen: Fabricating Highly Customizable Thin-film Touch-Displays,UIST,2014,https://openalex.org/A5039222883,Michael Wessely,middle
https://openalex.org/W2144575742,PrintScreen: Fabricating Highly Customizable Thin-film Touch-Displays,UIST,2014,https://openalex.org/A5069105456,Jürgen Steimle,last
https://openalex.org/W2243512312,The Uncracked Pieces in Database Cracking,VLDB,2014,https://openalex.org/A5005397258,Felix Schuhknecht,first
https://openalex.org/W2243512312,The Uncracked Pieces in Database Cracking,VLDB,2014,https://openalex.org/A5079846990,Alekh Jindal,middle
https://openalex.org/W2243512312,The Uncracked Pieces in Database Cracking,VLDB,2014,https://openalex.org/A5091334588,Jens Dittrich,last
https://openalex.org/W4230031594,epiC: an Extensible and Scalable System for Processing Big Data,VLDB,2014,https://openalex.org/A5077156448,Dawei Jiang,first
https://openalex.org/W4230031594,epiC: an Extensible and Scalable System for Processing Big Data,VLDB,2014,https://openalex.org/A5064646829,Sai Wu,middle
https://openalex.org/W4230031594,epiC: an Extensible and Scalable System for Processing Big Data,VLDB,2014,https://openalex.org/A5100389298,Gang Chen,middle
https://openalex.org/W4230031594,epiC: an Extensible and Scalable System for Processing Big Data,VLDB,2014,https://openalex.org/A5024892041,Beng Chin Ooi,middle
https://openalex.org/W4230031594,epiC: an Extensible and Scalable System for Processing Big Data,VLDB,2014,https://openalex.org/A5077593594,Kian‐Lee Tan,middle
https://openalex.org/W4230031594,epiC: an Extensible and Scalable System for Processing Big Data,VLDB,2014,https://openalex.org/A5015139840,Jun Xu,last
https://openalex.org/W2294510862,M4: A Visualization-Oriented Time Series Data Aggregation,VLDB,2014,https://openalex.org/A5063997221,Uwe Jugel,first
https://openalex.org/W2294510862,M4: A Visualization-Oriented Time Series Data Aggregation,VLDB,2014,https://openalex.org/A5006578340,Zbigniew Jerzak,middle
https://openalex.org/W2294510862,M4: A Visualization-Oriented Time Series Data Aggregation,VLDB,2014,https://openalex.org/A5065868199,Gregor Hackenbroich,middle
https://openalex.org/W2294510862,M4: A Visualization-Oriented Time Series Data Aggregation,VLDB,2014,https://openalex.org/A5002413906,Volker Markl,last
https://openalex.org/W2797202077,Building Efficient Query Engines in a High-Level Language,VLDB,2014,https://openalex.org/A5025737201,Amir Shaikhha,first
https://openalex.org/W2797202077,Building Efficient Query Engines in a High-Level Language,VLDB,2014,https://openalex.org/A5034816930,Yannis Klonatos,middle
https://openalex.org/W2797202077,Building Efficient Query Engines in a High-Level Language,VLDB,2014,https://openalex.org/A5101903922,Christoph Koch,last
https://openalex.org/W3009330983,On k-Path Covers and their Applications,VLDB,2014,https://openalex.org/A5108747743,Stefan Funke,first
https://openalex.org/W3009330983,On k-Path Covers and their Applications,VLDB,2014,https://openalex.org/A5050906094,André Nusser,middle
https://openalex.org/W3009330983,On k-Path Covers and their Applications,VLDB,2014,https://openalex.org/A5027517542,Sabine Storandt,last
https://openalex.org/W2060170830,Efficient Estimation for High Similarities using Odd Sketches,WWW,2014,https://openalex.org/A5062318856,Michael Mitzenmacher,first
https://openalex.org/W2060170830,Efficient Estimation for High Similarities using Odd Sketches,WWW,2014,https://openalex.org/A5014293815,Rasmus Pagh,middle
https://openalex.org/W2060170830,Efficient Estimation for High Similarities using Odd Sketches,WWW,2014,https://openalex.org/A5069747496,Ninh Pham,last
https://openalex.org/W2186424956,SMILe: Shuffled Multiple-Instance Learning,AAAI,2013,https://openalex.org/A5035284993,Gary Doran,first
https://openalex.org/W2186424956,SMILe: Shuffled Multiple-Instance Learning,AAAI,2013,https://openalex.org/A5055101678,Soumya Ray,last
https://openalex.org/W2215753997,HC-Search: Learning Heuristics and Cost Functions for Structured Prediction,AAAI,2013,https://openalex.org/A5055445718,Janardhan Rao Doppa,first
https://openalex.org/W2215753997,HC-Search: Learning Heuristics and Cost Functions for Structured Prediction,AAAI,2013,https://openalex.org/A5030052689,Alan Fern,middle
https://openalex.org/W2215753997,HC-Search: Learning Heuristics and Cost Functions for Structured Prediction,AAAI,2013,https://openalex.org/A5014260664,Prasad Tadepalli,last
https://openalex.org/W2136985729,Grounded Language Learning from Video Described with Sentences,ACL,2013,https://openalex.org/A5009585935,Haonan Yu,first
https://openalex.org/W2136985729,Grounded Language Learning from Video Described with Sentences,ACL,2013,https://openalex.org/A5079140683,Jeffrey Mark Siskind,last
https://openalex.org/W2052209137,Weighted Graph Comparison Techniques for Brain Connectivity Analysis,CHI,2013,https://openalex.org/A5079897672,Başak Alper,first
https://openalex.org/W2052209137,Weighted Graph Comparison Techniques for Brain Connectivity Analysis,CHI,2013,https://openalex.org/A5048194226,Benjamin Bach,middle
https://openalex.org/W2052209137,Weighted Graph Comparison Techniques for Brain Connectivity Analysis,CHI,2013,https://openalex.org/A5068799512,Nathalie Henry Riche,middle
https://openalex.org/W2052209137,Weighted Graph Comparison Techniques for Brain Connectivity Analysis,CHI,2013,https://openalex.org/A5083454802,Tobias Isenberg,middle
https://openalex.org/W2052209137,Weighted Graph Comparison Techniques for Brain Connectivity Analysis,CHI,2013,https://openalex.org/A5060725233,Jean‐Daniel Fekete,last
https://openalex.org/W2158892938,Analyzing User-Generated YouTube Videos to Understand Touchscreen Use by People with Motor Impairments,CHI,2013,https://openalex.org/A5036443161,Lisa Anthony,first
https://openalex.org/W2158892938,Analyzing User-Generated YouTube Videos to Understand Touchscreen Use by People with Motor Impairments,CHI,2013,https://openalex.org/A5086415059,Yoo‐Jin Kim,middle
https://openalex.org/W2158892938,Analyzing User-Generated YouTube Videos to Understand Touchscreen Use by People with Motor Impairments,CHI,2013,https://openalex.org/A5031744461,Leah Findlater,last
https://openalex.org/W2032438879,"What is ""Critical"" About Critical Design?",CHI,2013,https://openalex.org/A5045403710,Jeffrey Bardzell,first
https://openalex.org/W2032438879,"What is ""Critical"" About Critical Design?",CHI,2013,https://openalex.org/A5027521165,Shaowen Bardzell,last
https://openalex.org/W2021826037,The Dubuque Electricity Portal: Evaluation of a City-Scale Residential Electricity Consumption Feedback System,CHI,2013,https://openalex.org/A5032301881,Stephen Snow,first
https://openalex.org/W2021826037,The Dubuque Electricity Portal: Evaluation of a City-Scale Residential Electricity Consumption Feedback System,CHI,2013,https://openalex.org/A5084751438,Laurie Buys,middle
https://openalex.org/W2021826037,The Dubuque Electricity Portal: Evaluation of a City-Scale Residential Electricity Consumption Feedback System,CHI,2013,https://openalex.org/A5107595310,Paul Roe,middle
https://openalex.org/W2021826037,The Dubuque Electricity Portal: Evaluation of a City-Scale Residential Electricity Consumption Feedback System,CHI,2013,https://openalex.org/A5027680609,Margot Brereton,last
https://openalex.org/W2128640376,Improving Navigation-Based File Retrieval,CHI,2013,https://openalex.org/A5012186497,Stephen Fitchett,first
https://openalex.org/W2128640376,Improving Navigation-Based File Retrieval,CHI,2013,https://openalex.org/A5080181433,Andy Cockburn,middle
https://openalex.org/W2128640376,Improving Navigation-Based File Retrieval,CHI,2013,https://openalex.org/A5081930058,Carl Gutwin,last
https://openalex.org/W4241693488,SPRWeb: Preserving Subjective Responses to Website Colour Schemes through Automatic Recolouring,CHI,2013,https://openalex.org/A5045769819,David R. Flatla,first
https://openalex.org/W4241693488,SPRWeb: Preserving Subjective Responses to Website Colour Schemes through Automatic Recolouring,CHI,2013,https://openalex.org/A5076413226,Katharina Reinecke,middle
https://openalex.org/W4241693488,SPRWeb: Preserving Subjective Responses to Website Colour Schemes through Automatic Recolouring,CHI,2013,https://openalex.org/A5081930058,Carl Gutwin,middle
https://openalex.org/W4241693488,SPRWeb: Preserving Subjective Responses to Website Colour Schemes through Automatic Recolouring,CHI,2013,https://openalex.org/A5010436269,Krzysztof Z. Gajos,last
https://openalex.org/W1986345088,The Efficacy of Human Post-Editing for Language Translation,CHI,2013,https://openalex.org/A5004988074,Spence Green,first
https://openalex.org/W1986345088,The Efficacy of Human Post-Editing for Language Translation,CHI,2013,https://openalex.org/A5090570042,Jeffrey Heer,middle
https://openalex.org/W1986345088,The Efficacy of Human Post-Editing for Language Translation,CHI,2013,https://openalex.org/A5046006076,Christopher D. Manning,last
https://openalex.org/W1988133012,"Mind the Theoretical Gap: Interpreting, Using, and Developing Behavioral Theory in HCI Research",CHI,2013,https://openalex.org/A5030910715,Marc A. Adams,first
https://openalex.org/W1988133012,"Mind the Theoretical Gap: Interpreting, Using, and Developing Behavioral Theory in HCI Research",CHI,2013,https://openalex.org/A5059632818,James F. Sallis,middle
https://openalex.org/W1988133012,"Mind the Theoretical Gap: Interpreting, Using, and Developing Behavioral Theory in HCI Research",CHI,2013,https://openalex.org/A5073312622,Gregory J. Norman,middle
https://openalex.org/W1988133012,"Mind the Theoretical Gap: Interpreting, Using, and Developing Behavioral Theory in HCI Research",CHI,2013,https://openalex.org/A5042461346,Melbourne F. Hovell,middle
https://openalex.org/W1988133012,"Mind the Theoretical Gap: Interpreting, Using, and Developing Behavioral Theory in HCI Research",CHI,2013,https://openalex.org/A5078089549,Eric B. Hekler,middle
https://openalex.org/W1988133012,"Mind the Theoretical Gap: Interpreting, Using, and Developing Behavioral Theory in HCI Research",CHI,2013,https://openalex.org/A5034455950,Elyse Perata,last
https://openalex.org/W2147603330,Turkopticon: Interrupting Worker Invisibility in Amazon Mechanical Turk,CHI,2013,https://openalex.org/A5005874730,Lilly Irani,first
https://openalex.org/W2147603330,Turkopticon: Interrupting Worker Invisibility in Amazon Mechanical Turk,CHI,2013,https://openalex.org/A5089242807,M. Six Silberman,last
https://openalex.org/W4240168875,IllumiRoom: Peripheral Projected Illusions for Interactive Experiences,CHI,2013,https://openalex.org/A5019843619,Brett R. Jones,first
https://openalex.org/W4240168875,IllumiRoom: Peripheral Projected Illusions for Interactive Experiences,CHI,2013,https://openalex.org/A5005140278,Hrvoje Benko,middle
https://openalex.org/W4240168875,IllumiRoom: Peripheral Projected Illusions for Interactive Experiences,CHI,2013,https://openalex.org/A5075016938,Eyal Ofek,middle
https://openalex.org/W4240168875,IllumiRoom: Peripheral Projected Illusions for Interactive Experiences,CHI,2013,https://openalex.org/A5078791295,Andrew D. Wilson,last
https://openalex.org/W2007644286,Webzeitgeist: Design Mining the Web,CHI,2013,https://openalex.org/A5027407975,Ranjitha Kumar,first
https://openalex.org/W2007644286,Webzeitgeist: Design Mining the Web,CHI,2013,https://openalex.org/A5077783676,Arvind Satyanarayan,middle
https://openalex.org/W2007644286,Webzeitgeist: Design Mining the Web,CHI,2013,https://openalex.org/A5015509678,César Torres,middle
https://openalex.org/W2007644286,Webzeitgeist: Design Mining the Web,CHI,2013,https://openalex.org/A5060597276,Maxine Lim,middle
https://openalex.org/W2007644286,Webzeitgeist: Design Mining the Web,CHI,2013,https://openalex.org/A5034312891,Salman Ahmad,middle
https://openalex.org/W2007644286,Webzeitgeist: Design Mining the Web,CHI,2013,https://openalex.org/A5023550565,Scott Klemmer,middle
https://openalex.org/W2007644286,Webzeitgeist: Design Mining the Web,CHI,2013,https://openalex.org/A5015387227,Jerry O. Talton,last
https://openalex.org/W4243991703,LaserOrigami: Laser-Cutting 3D Objects,CHI,2013,https://openalex.org/A5064644612,Stefanie Mueller,first
https://openalex.org/W4243991703,LaserOrigami: Laser-Cutting 3D Objects,CHI,2013,https://openalex.org/A5088912016,Bastian Kruck,middle
https://openalex.org/W4243991703,LaserOrigami: Laser-Cutting 3D Objects,CHI,2013,https://openalex.org/A5010621134,Patrick Baudisch,last
https://openalex.org/W2056225838,Labor Dynamics in a Mobile Micro-Task Market,CHI,2013,https://openalex.org/A5063521318,Mohamed Musthag,first
https://openalex.org/W2056225838,Labor Dynamics in a Mobile Micro-Task Market,CHI,2013,https://openalex.org/A5074602782,Deepak Ganesan,last
https://openalex.org/W1997652918,Job Opportunities through Entertainment: Virally Spread Speech-Based Services for Low-Literate Users,CHI,2013,https://openalex.org/A5050058930,Restyandito Restyandito,first
https://openalex.org/W1997652918,Job Opportunities through Entertainment: Virally Spread Speech-Based Services for Low-Literate Users,CHI,2013,https://openalex.org/A5058159907,Alan H. S. Chan,middle
https://openalex.org/W1997652918,Job Opportunities through Entertainment: Virally Spread Speech-Based Services for Low-Literate Users,CHI,2013,https://openalex.org/A5088296218,Fransisca Endang Lestariningsih,last
https://openalex.org/W2109727442,Screenfinity: Extending the Perception Area of Content on Very Large Public Displays,CHI,2013,https://openalex.org/A5025561860,Constantin Schmidt,first
https://openalex.org/W2109727442,Screenfinity: Extending the Perception Area of Content on Very Large Public Displays,CHI,2013,https://openalex.org/A5042409370,Jörg Müller,middle
https://openalex.org/W2109727442,Screenfinity: Extending the Perception Area of Content on Very Large Public Displays,CHI,2013,https://openalex.org/A5019033794,Gilles Bailly,last
https://openalex.org/W2025802550,Reasons to Question Seven Segment Displays,CHI,2013,https://openalex.org/A5000705557,Harold Thimbleby,first
https://openalex.org/W2163568095,"The Many Faces of Meta: Experiencing Social Media as Performance, Exhibition, and Personal Archive",CHI,2013,https://openalex.org/A5078817391,Erika Balsom,first
https://openalex.org/W2003513631,"Penguins in Sweaters, or Serendipitous Entity Search on User-generated Content",CIKM,2013,https://openalex.org/A5015875478,Ilaria Bordino,first
https://openalex.org/W2003513631,"Penguins in Sweaters, or Serendipitous Entity Search on User-generated Content",CIKM,2013,https://openalex.org/A5041808447,Yelena Mejova,middle
https://openalex.org/W2003513631,"Penguins in Sweaters, or Serendipitous Entity Search on User-generated Content",CIKM,2013,https://openalex.org/A5002597222,Mounia Lalmas,last
https://openalex.org/W2337673916,"Fast, Accurate Detection of 100,000 Object Classes on a Single Machine",CVPR,2013,https://openalex.org/A5103580492,Thomas Dean,first
https://openalex.org/W2337673916,"Fast, Accurate Detection of 100,000 Object Classes on a Single Machine",CVPR,2013,https://openalex.org/A5024041563,Mark A. Ruzon,middle
https://openalex.org/W2337673916,"Fast, Accurate Detection of 100,000 Object Classes on a Single Machine",CVPR,2013,https://openalex.org/A5091130856,Mark Segal,middle
https://openalex.org/W2337673916,"Fast, Accurate Detection of 100,000 Object Classes on a Single Machine",CVPR,2013,https://openalex.org/A5032356827,Jonathon Shlens,middle
https://openalex.org/W2337673916,"Fast, Accurate Detection of 100,000 Object Classes on a Single Machine",CVPR,2013,https://openalex.org/A5011416719,Sudheendra Vijayanarasimhan,middle
https://openalex.org/W2337673916,"Fast, Accurate Detection of 100,000 Object Classes on a Single Machine",CVPR,2013,https://openalex.org/A5072592605,Jay Yagnik,last
https://openalex.org/W2133352257,"Navigating Central Path with Electrical Flows: from Flows to Matchings, and Back",FOCS,2013,https://openalex.org/A5032574693,Aleksander Mądry,first
https://openalex.org/W2219934286,On Kinetic Delaunay Triangulations: A Near Quadratic Bound for Unit Speed Motions,FOCS,2013,https://openalex.org/A5014573012,Natan Rubin,first
https://openalex.org/W2135166986,From Large Scale Image Categorization to Entry-Level Categories,ICCV,2013,https://openalex.org/A5027328044,Vicente Ordóñez,first
https://openalex.org/W2135166986,From Large Scale Image Categorization to Entry-Level Categories,ICCV,2013,https://openalex.org/A5101542158,Jia Deng,middle
https://openalex.org/W2135166986,From Large Scale Image Categorization to Entry-Level Categories,ICCV,2013,https://openalex.org/A5102992157,Yejin Choi,middle
https://openalex.org/W2135166986,From Large Scale Image Categorization to Entry-Level Categories,ICCV,2013,https://openalex.org/A5104361813,Alexander C. Berg,middle
https://openalex.org/W2135166986,From Large Scale Image Categorization to Entry-Level Categories,ICCV,2013,https://openalex.org/A5008309880,Tamara L. Berg,last
https://openalex.org/W1510950165,Fast Semidifferential-based Submodular Function Optimization,ICML,2013,https://openalex.org/A5000529247,Rishabh Iyer,first
https://openalex.org/W1510950165,Fast Semidifferential-based Submodular Function Optimization,ICML,2013,https://openalex.org/A5085699861,Stefanie Jegelka,middle
https://openalex.org/W1510950165,Fast Semidifferential-based Submodular Function Optimization,ICML,2013,https://openalex.org/A5113478221,Jeff Bilmes,last
https://openalex.org/W108223363,Vanishing Component Analysis,ICML,2013,https://openalex.org/A5089862531,Roi Livni,first
https://openalex.org/W108223363,Vanishing Component Analysis,ICML,2013,https://openalex.org/A5042189359,David Lehavi,middle
https://openalex.org/W108223363,Vanishing Component Analysis,ICML,2013,https://openalex.org/A5010035641,Sagi Schein,middle
https://openalex.org/W108223363,Vanishing Component Analysis,ICML,2013,https://openalex.org/A5091807220,Hila Nachliely,middle
https://openalex.org/W108223363,Vanishing Component Analysis,ICML,2013,https://openalex.org/A5078263052,Shai Shalev‐Shwartz,middle
https://openalex.org/W108223363,Vanishing Component Analysis,ICML,2013,https://openalex.org/A5047817959,Amir Globerson,last
https://openalex.org/W4213086105,Data Clone Detection and Visualization in Spreadsheets,ICSE,2013,https://openalex.org/A5034150823,Felienne Hermans,first
https://openalex.org/W4213086105,Data Clone Detection and Visualization in Spreadsheets,ICSE,2013,https://openalex.org/A5022511801,B.M.W. Sedee,middle
https://openalex.org/W4213086105,Data Clone Detection and Visualization in Spreadsheets,ICSE,2013,https://openalex.org/A5052107936,Martin Pinzger,middle
https://openalex.org/W4213086105,Data Clone Detection and Visualization in Spreadsheets,ICSE,2013,https://openalex.org/A5090401584,Arie van Deursen,last
https://openalex.org/W4239177305,Interaction-Based Test-Suite Minimization,ICSE,2013,https://openalex.org/A5072756568,Dale Blue,first
https://openalex.org/W4239177305,Interaction-Based Test-Suite Minimization,ICSE,2013,https://openalex.org/A5039882400,Itai Segall,middle
https://openalex.org/W4239177305,Interaction-Based Test-Suite Minimization,ICSE,2013,https://openalex.org/A5076258904,Rachel Tzoref-Brill,middle
https://openalex.org/W4239177305,Interaction-Based Test-Suite Minimization,ICSE,2013,https://openalex.org/A5108511284,Aviad Zlotnick,last
https://openalex.org/W4237335675,Assisting Developers of Big Data Analytics Applications When Deploying on Hadoop Clouds,ICSE,2013,https://openalex.org/A5056378414,Weiyi Shang,first
https://openalex.org/W4237335675,Assisting Developers of Big Data Analytics Applications When Deploying on Hadoop Clouds,ICSE,2013,https://openalex.org/A5085576468,Zhen Ming Jiang,middle
https://openalex.org/W4237335675,Assisting Developers of Big Data Analytics Applications When Deploying on Hadoop Clouds,ICSE,2013,https://openalex.org/A5070634219,Hadi Hemmati,middle
https://openalex.org/W4237335675,Assisting Developers of Big Data Analytics Applications When Deploying on Hadoop Clouds,ICSE,2013,https://openalex.org/A5058164381,Bram Adams,middle
https://openalex.org/W4237335675,Assisting Developers of Big Data Analytics Applications When Deploying on Hadoop Clouds,ICSE,2013,https://openalex.org/A5091586373,Ahmed E. Hassan,middle
https://openalex.org/W4237335675,Assisting Developers of Big Data Analytics Applications When Deploying on Hadoop Clouds,ICSE,2013,https://openalex.org/A5049754266,Patrick Martin,last
https://openalex.org/W4244598732,UML in Practice,ICSE,2013,https://openalex.org/A5002599291,Marian Petre,first
https://openalex.org/W4246552097,Dual Ecological Measures of Focus in Software Development,ICSE,2013,https://openalex.org/A5029665272,Daryl Posnett,first
https://openalex.org/W4246552097,Dual Ecological Measures of Focus in Software Development,ICSE,2013,https://openalex.org/A5028249744,Raissa M. D’Souza,middle
https://openalex.org/W4246552097,Dual Ecological Measures of Focus in Software Development,ICSE,2013,https://openalex.org/A5036744986,Prémkumar Dévanbu,middle
https://openalex.org/W4246552097,Dual Ecological Measures of Focus in Software Development,ICSE,2013,https://openalex.org/A5064626129,Vladimir Filkov,last
https://openalex.org/W4255632703,Automatic patch generation learned from human-written patches,ICSE,2013,https://openalex.org/A5067772621,Dongsun Kim,first
https://openalex.org/W4255632703,Automatic patch generation learned from human-written patches,ICSE,2013,https://openalex.org/A5000308912,Jaechang Nam,middle
https://openalex.org/W4255632703,Automatic patch generation learned from human-written patches,ICSE,2013,https://openalex.org/A5076368797,Jaewoo Song,middle
https://openalex.org/W4255632703,Automatic patch generation learned from human-written patches,ICSE,2013,https://openalex.org/A5100695700,Sunghun Kim,last
https://openalex.org/W1562564857,Flexibility and Decoupling in the Simple Temporal Problem,IJCAI,2013,https://openalex.org/A5102788874,Mark Wilson,first
https://openalex.org/W1562564857,Flexibility and Decoupling in the Simple Temporal Problem,IJCAI,2013,https://openalex.org/A5020477343,Tomas Klos,middle
https://openalex.org/W1562564857,Flexibility and Decoupling in the Simple Temporal Problem,IJCAI,2013,https://openalex.org/A5087895051,Cees Witteveen,middle
https://openalex.org/W1562564857,Flexibility and Decoupling in the Simple Temporal Problem,IJCAI,2013,https://openalex.org/A5029641146,Bob Huisman,last
https://openalex.org/W1974066983,On the Steady-State of Cache Networks,INFOCOM,2013,https://openalex.org/A5064825146,Elisha Rosensweig,first
https://openalex.org/W1974066983,On the Steady-State of Cache Networks,INFOCOM,2013,https://openalex.org/A5034604991,Daniel Sadoc Menasché,middle
https://openalex.org/W1974066983,On the Steady-State of Cache Networks,INFOCOM,2013,https://openalex.org/A5109932472,Jim Kurose,last
https://openalex.org/W2088424151,Simple and Deterministic Matrix Sketching,KDD,2013,https://openalex.org/A5042783525,Edo Liberty,first
https://openalex.org/W2141336889,Whole-Home Gesture Recognition Using Wireless Signals,MOBICOM,2013,https://openalex.org/A5035348123,Qifan Pu,first
https://openalex.org/W2141336889,Whole-Home Gesture Recognition Using Wireless Signals,MOBICOM,2013,https://openalex.org/A5103356207,Sidhant Gupta,middle
https://openalex.org/W2141336889,Whole-Home Gesture Recognition Using Wireless Signals,MOBICOM,2013,https://openalex.org/A5011077730,Shyamnath Gollakota,middle
https://openalex.org/W2141336889,Whole-Home Gesture Recognition Using Wireless Signals,MOBICOM,2013,https://openalex.org/A5039879761,Shwetak Patel,last
https://openalex.org/W2110563098,A memory frontier for complex synapses,NeurIPS,2013,https://openalex.org/A5012852347,Subhaneil Lahiri,first
https://openalex.org/W2110563098,A memory frontier for complex synapses,NeurIPS,2013,https://openalex.org/A5056551357,Surya Ganguli,last
https://openalex.org/W2138597123,Submodular Optimization with Submodular Cover and Submodular Knapsack Constraints,NeurIPS,2013,https://openalex.org/A5000529247,Rishabh Iyer,first
https://openalex.org/W2138597123,Submodular Optimization with Submodular Cover and Submodular Knapsack Constraints,NeurIPS,2013,https://openalex.org/A5113478221,Jeff Bilmes,last
https://openalex.org/W2950468916,Scalable Influence Estimation in Continuous-Time Diffusion Networks,NeurIPS,2013,https://openalex.org/A5100721789,Nan Du,first
https://openalex.org/W2950468916,Scalable Influence Estimation in Continuous-Time Diffusion Networks,NeurIPS,2013,https://openalex.org/A5030589527,Le Song,middle
https://openalex.org/W2950468916,Scalable Influence Estimation in Continuous-Time Diffusion Networks,NeurIPS,2013,https://openalex.org/A5042180520,Manuel Gomez-Rodriguez,middle
https://openalex.org/W2950468916,Scalable Influence Estimation in Continuous-Time Diffusion Networks,NeurIPS,2013,https://openalex.org/A5046703129,Hongyuan Zha,last
https://openalex.org/W2157216158,A General Constraint-centric Scheduling Framework for Spatial Architectures,PLDI,2013,https://openalex.org/A5006723758,Tony Nowatzki,first
https://openalex.org/W2157216158,A General Constraint-centric Scheduling Framework for Spatial Architectures,PLDI,2013,https://openalex.org/A5002290345,Michael Sartin-Tarm,middle
https://openalex.org/W2157216158,A General Constraint-centric Scheduling Framework for Spatial Architectures,PLDI,2013,https://openalex.org/A5056233859,Lorenzo De Carli,middle
https://openalex.org/W2157216158,A General Constraint-centric Scheduling Framework for Spatial Architectures,PLDI,2013,https://openalex.org/A5028943049,Karthikeyan Sankaralingam,middle
https://openalex.org/W2157216158,A General Constraint-centric Scheduling Framework for Spatial Architectures,PLDI,2013,https://openalex.org/A5088080906,Cristian Estan,middle
https://openalex.org/W2157216158,A General Constraint-centric Scheduling Framework for Spatial Architectures,PLDI,2013,https://openalex.org/A5066430432,Behnam Robatmili,last
https://openalex.org/W2048025009,Static Analysis for Probabilistic Programs: Inferring Whole Program Properties from Finitely Many Paths,PLDI,2013,https://openalex.org/A5103106502,Sriram Sankaranarayanan,first
https://openalex.org/W2048025009,Static Analysis for Probabilistic Programs: Inferring Whole Program Properties from Finitely Many Paths,PLDI,2013,https://openalex.org/A5044253018,Aleksandar Chakarov,middle
https://openalex.org/W2048025009,Static Analysis for Probabilistic Programs: Inferring Whole Program Properties from Finitely Many Paths,PLDI,2013,https://openalex.org/A5011543162,Sumit Gulwani,last
https://openalex.org/W2063553958,Reconciling Exhaustive Pattern Matching with Objects,PLDI,2013,https://openalex.org/A5020274673,Chinawat Isradisaikul,first
https://openalex.org/W2063553958,Reconciling Exhaustive Pattern Matching with Objects,PLDI,2013,https://openalex.org/A5101697549,Andrew C. Myers,last
https://openalex.org/W2046261894,Verification of database-driven systems via amalgamation,PODS,2013,https://openalex.org/A5050056333,Mikołaj Bojańczyk,first
https://openalex.org/W2046261894,Verification of database-driven systems via amalgamation,PODS,2013,https://openalex.org/A5042411667,Luc Segoufin,middle
https://openalex.org/W2046261894,Verification of database-driven systems via amalgamation,PODS,2013,https://openalex.org/A5085711958,Szymon Toruńczyk,last
https://openalex.org/W2252150191,Pinocchio: Nearly Practical Verifiable Computation,S&P,2013,https://openalex.org/A5048461894,Bryan Parno,first
https://openalex.org/W2252150191,Pinocchio: Nearly Practical Verifiable Computation,S&P,2013,https://openalex.org/A5023305744,Jon Howell,middle
https://openalex.org/W2252150191,Pinocchio: Nearly Practical Verifiable Computation,S&P,2013,https://openalex.org/A5044697595,Craig Gentry,middle
https://openalex.org/W2252150191,Pinocchio: Nearly Practical Verifiable Computation,S&P,2013,https://openalex.org/A5089603958,Mariana Raykova,last
https://openalex.org/W2099461393,Ambient Backscatter: Wireless Communication Out of Thin Air,SIGCOMM,2013,https://openalex.org/A5101890152,Vincent Liu,first
https://openalex.org/W2099461393,Ambient Backscatter: Wireless Communication Out of Thin Air,SIGCOMM,2013,https://openalex.org/A5044769831,Aaron Parks,middle
https://openalex.org/W2099461393,Ambient Backscatter: Wireless Communication Out of Thin Air,SIGCOMM,2013,https://openalex.org/A5042415093,Vamsi Talla,middle
https://openalex.org/W2099461393,Ambient Backscatter: Wireless Communication Out of Thin Air,SIGCOMM,2013,https://openalex.org/A5011077730,Shyamnath Gollakota,middle
https://openalex.org/W2099461393,Ambient Backscatter: Wireless Communication Out of Thin Air,SIGCOMM,2013,https://openalex.org/A5046685246,David Wetherall,middle
https://openalex.org/W2099461393,Ambient Backscatter: Wireless Communication Out of Thin Air,SIGCOMM,2013,https://openalex.org/A5019043770,Joshua R. Smith,last
https://openalex.org/W2159205954,Beliefs and Biases in Web Search,SIGIR,2013,https://openalex.org/A5076259865,Ryen W. White,first
https://openalex.org/W2145432435,Queueing System Topologies with Limited Flexibility,SIGMETRICS,2013,https://openalex.org/A5109219783,John N. Tsitsiklis,first
https://openalex.org/W2145432435,Queueing System Topologies with Limited Flexibility,SIGMETRICS,2013,https://openalex.org/A5007261929,Kuang Xu,last
https://openalex.org/W2002203222,Massive Graph Triangulation,SIGMOD,2013,https://openalex.org/A5056448481,Xiaocheng Hu,first
https://openalex.org/W2002203222,Massive Graph Triangulation,SIGMOD,2013,https://openalex.org/A5048609852,Yufei Tao,middle
https://openalex.org/W2002203222,Massive Graph Triangulation,SIGMOD,2013,https://openalex.org/A5101705069,Chin‐Wan Chung,last
https://openalex.org/W4239159750,A Simple Algorithm for the Graph Minor Decomposition - Logic meets Structural Graph Theory,SODA,2013,https://openalex.org/A5008961593,Ken‐ichi Kawarabayashi,first
https://openalex.org/W4239159750,A Simple Algorithm for the Graph Minor Decomposition - Logic meets Structural Graph Theory,SODA,2013,https://openalex.org/A5063139028,Christian Sommer,middle
https://openalex.org/W4239159750,A Simple Algorithm for the Graph Minor Decomposition - Logic meets Structural Graph Theory,SODA,2013,https://openalex.org/A5039232562,Mikkel Thorup,last
https://openalex.org/W4238411931,Dynamic graph connectivity in polylogarithmic worst case time,SODA,2013,https://openalex.org/A5080474978,Bruce M. Kapron,first
https://openalex.org/W4238411931,Dynamic graph connectivity in polylogarithmic worst case time,SODA,2013,https://openalex.org/A5110426531,Valerie King,middle
https://openalex.org/W4238411931,Dynamic graph connectivity in polylogarithmic worst case time,SODA,2013,https://openalex.org/A5085429060,Ben Mountjoy,last
https://openalex.org/W2104670257,The Scalable Commutativity Rule: Designing Scalable Software for Multicore Processors,SOSP,2013,https://openalex.org/A5051574917,Austin T. Clements,first
https://openalex.org/W2104670257,The Scalable Commutativity Rule: Designing Scalable Software for Multicore Processors,SOSP,2013,https://openalex.org/A5109968020,M. Frans Kaashoek,middle
https://openalex.org/W2104670257,The Scalable Commutativity Rule: Designing Scalable Software for Multicore Processors,SOSP,2013,https://openalex.org/A5082808262,Nickolai Zeldovich,middle
https://openalex.org/W2104670257,The Scalable Commutativity Rule: Designing Scalable Software for Multicore Processors,SOSP,2013,https://openalex.org/A5066545991,Robert Morris,middle
https://openalex.org/W2104670257,The Scalable Commutativity Rule: Designing Scalable Software for Multicore Processors,SOSP,2013,https://openalex.org/A5046950574,Eddie Kohler,last
https://openalex.org/W1978364288,Towards optimization-safe systems: analyzing the impact of undefined behavior,SOSP,2013,https://openalex.org/A5100442245,Xi Wang,first
https://openalex.org/W1978364288,Towards optimization-safe systems: analyzing the impact of undefined behavior,SOSP,2013,https://openalex.org/A5082808262,Nickolai Zeldovich,middle
https://openalex.org/W1978364288,Towards optimization-safe systems: analyzing the impact of undefined behavior,SOSP,2013,https://openalex.org/A5109968020,M. Frans Kaashoek,middle
https://openalex.org/W1978364288,Towards optimization-safe systems: analyzing the impact of undefined behavior,SOSP,2013,https://openalex.org/A5010786661,Armando Solar-Lezama,last
https://openalex.org/W1976821017,Naiad: A Timely Dataflow System,SOSP,2013,https://openalex.org/A5005554337,Matei Zaharia,first
https://openalex.org/W1976821017,Naiad: A Timely Dataflow System,SOSP,2013,https://openalex.org/A5103417248,Tathagata Das,middle
https://openalex.org/W1976821017,Naiad: A Timely Dataflow System,SOSP,2013,https://openalex.org/A5100673440,Haoyuan Li,middle
https://openalex.org/W1976821017,Naiad: A Timely Dataflow System,SOSP,2013,https://openalex.org/A5073472760,Timothy Hunter,middle
https://openalex.org/W1976821017,Naiad: A Timely Dataflow System,SOSP,2013,https://openalex.org/A5040529929,Scott Shenker,middle
https://openalex.org/W1976821017,Naiad: A Timely Dataflow System,SOSP,2013,https://openalex.org/A5041920173,Ion Stoica,last
https://openalex.org/W2405285952,Approximation Resistance from Pairwise Independent Subgroups,STOC,2013,https://openalex.org/A5100856892,Siu On Chan,first
https://openalex.org/W2101043704,Low Rank Approximation and Regression in Input Sparsity Time,STOC,2013,https://openalex.org/A5047290568,Kenneth L. Clarkson,first
https://openalex.org/W2101043704,Low Rank Approximation and Regression in Input Sparsity Time,STOC,2013,https://openalex.org/A5102861589,David P. Woodruff,last
https://openalex.org/W2150549828,PneUI: Pneumatically Actuated Soft Composite Materials for Shape Changing Interfaces,UIST,2013,https://openalex.org/A5052051114,Lining Yao,first
https://openalex.org/W2150549828,PneUI: Pneumatically Actuated Soft Composite Materials for Shape Changing Interfaces,UIST,2013,https://openalex.org/A5059653874,Ryuma Niiyama,middle
https://openalex.org/W2150549828,PneUI: Pneumatically Actuated Soft Composite Materials for Shape Changing Interfaces,UIST,2013,https://openalex.org/A5056988727,Jifei Ou,middle
https://openalex.org/W2150549828,PneUI: Pneumatically Actuated Soft Composite Materials for Shape Changing Interfaces,UIST,2013,https://openalex.org/A5039900558,Sean Follmer,middle
https://openalex.org/W2150549828,PneUI: Pneumatically Actuated Soft Composite Materials for Shape Changing Interfaces,UIST,2013,https://openalex.org/A5044953612,Clark Della Silva,middle
https://openalex.org/W2150549828,PneUI: Pneumatically Actuated Soft Composite Materials for Shape Changing Interfaces,UIST,2013,https://openalex.org/A5101577450,Hiroshi Ishii,last
https://openalex.org/W2109018459,Touch & Activate: Adding Interactivity to Existing Objects using Active Acoustic Sensing,UIST,2013,https://openalex.org/A5056502455,Makoto Ono,first
https://openalex.org/W2109018459,Touch & Activate: Adding Interactivity to Existing Objects using Active Acoustic Sensing,UIST,2013,https://openalex.org/A5010615570,Buntarou Shizuki,middle
https://openalex.org/W2109018459,Touch & Activate: Adding Interactivity to Existing Objects using Active Acoustic Sensing,UIST,2013,https://openalex.org/A5017415826,Jiro Tanaka,last
https://openalex.org/W2001716033,Fiberio: A Touchscreen that Senses Fingerprints,UIST,2013,https://openalex.org/A5046815740,Christian Holz,first
https://openalex.org/W2001716033,Fiberio: A Touchscreen that Senses Fingerprints,UIST,2013,https://openalex.org/A5010621134,Patrick Baudisch,last
https://openalex.org/W2033201131,DisC Diversity: Result Diversification based on Dissimilarity and Coverage,VLDB,2013,https://openalex.org/A5003218066,Marina Drosou,first
https://openalex.org/W2033201131,DisC Diversity: Result Diversification based on Dissimilarity and Coverage,VLDB,2013,https://openalex.org/A5047515620,Evaggelia Pitoura,last
https://openalex.org/W2127411301,No Country for Old Members: User Lifecycle and Linguistic Change in Online Communities,WWW,2013,https://openalex.org/A5011012964,Cristian Danescu-Niculescu-Mizil,first
https://openalex.org/W2127411301,No Country for Old Members: User Lifecycle and Linguistic Change in Online Communities,WWW,2013,https://openalex.org/A5101446790,Robert West,middle
https://openalex.org/W2127411301,No Country for Old Members: User Lifecycle and Linguistic Change in Online Communities,WWW,2013,https://openalex.org/A5087088138,Dan Jurafsky,middle
https://openalex.org/W2127411301,No Country for Old Members: User Lifecycle and Linguistic Change in Online Communities,WWW,2013,https://openalex.org/A5091272738,Jure Leskovec,middle
https://openalex.org/W2127411301,No Country for Old Members: User Lifecycle and Linguistic Change in Online Communities,WWW,2013,https://openalex.org/A5042601761,Christopher Potts,last
https://openalex.org/W2293636571,Learning SVM Classifiers with Indefinite Kernels,AAAI,2012,https://openalex.org/A5074393622,Suicheng Gu,first
https://openalex.org/W2293636571,Learning SVM Classifiers with Indefinite Kernels,AAAI,2012,https://openalex.org/A5043824291,Yuhong Guo,last
https://openalex.org/W1512874001,Document Summarization Based on Data Reconstruction,AAAI,2012,https://openalex.org/A5007903730,Zhanying He,first
https://openalex.org/W1512874001,Document Summarization Based on Data Reconstruction,AAAI,2012,https://openalex.org/A5100373367,Chun Chen,middle
https://openalex.org/W1512874001,Document Summarization Based on Data Reconstruction,AAAI,2012,https://openalex.org/A5052757755,Jiajun Bu,middle
https://openalex.org/W1512874001,Document Summarization Based on Data Reconstruction,AAAI,2012,https://openalex.org/A5100428572,Can Wang,middle
https://openalex.org/W1512874001,Document Summarization Based on Data Reconstruction,AAAI,2012,https://openalex.org/A5100448142,Lijun Zhang,middle
https://openalex.org/W1512874001,Document Summarization Based on Data Reconstruction,AAAI,2012,https://openalex.org/A5037942269,Deng Cai,middle
https://openalex.org/W1512874001,Document Summarization Based on Data Reconstruction,AAAI,2012,https://openalex.org/A5102013345,Xiaofei He,last
https://openalex.org/W2159250884,Bayesian Symbol-Refined Tree Substitution Grammars for Syntactic Parsing,ACL,2012,https://openalex.org/A5063398043,Hiroyuki Shindo,first
https://openalex.org/W2159250884,Bayesian Symbol-Refined Tree Substitution Grammars for Syntactic Parsing,ACL,2012,https://openalex.org/A5004444958,Yusuke Miyao,middle
https://openalex.org/W2159250884,Bayesian Symbol-Refined Tree Substitution Grammars for Syntactic Parsing,ACL,2012,https://openalex.org/A5043865083,Akinori Fujino,middle
https://openalex.org/W2159250884,Bayesian Symbol-Refined Tree Substitution Grammars for Syntactic Parsing,ACL,2012,https://openalex.org/A5100520423,Masaaki Nagata,last
https://openalex.org/W2136345490,Observational and Experimental Investigation of Typing Behaviour using Virtual Keyboards for Mobile Devices,CHI,2012,https://openalex.org/A5040024687,Niels Henze,first
https://openalex.org/W2136345490,Observational and Experimental Investigation of Typing Behaviour using Virtual Keyboards for Mobile Devices,CHI,2012,https://openalex.org/A5089009282,Enrico Rukzio,middle
https://openalex.org/W2136345490,Observational and Experimental Investigation of Typing Behaviour using Virtual Keyboards for Mobile Devices,CHI,2012,https://openalex.org/A5029358314,Susanne Boll,last
https://openalex.org/W2126298837,The Normal Natural Troubles of Driving with GPS,CHI,2012,https://openalex.org/A5005523245,Barry Brown,first
https://openalex.org/W2126298837,The Normal Natural Troubles of Driving with GPS,CHI,2012,https://openalex.org/A5069507777,Éric Laurier,last
https://openalex.org/W2060696172,Improving Command Selection with CommandMaps,CHI,2012,https://openalex.org/A5074033455,Joey Scarr,first
https://openalex.org/W2060696172,Improving Command Selection with CommandMaps,CHI,2012,https://openalex.org/A5080181433,Andy Cockburn,middle
https://openalex.org/W2060696172,Improving Command Selection with CommandMaps,CHI,2012,https://openalex.org/A5081930058,Carl Gutwin,middle
https://openalex.org/W2060696172,Improving Command Selection with CommandMaps,CHI,2012,https://openalex.org/A5030762084,Andrea Bunt,last
https://openalex.org/W2166132393,Detecting Error-Related Negativity for Interaction Design,CHI,2012,https://openalex.org/A5060738906,Chi Thanh,first
https://openalex.org/W2166132393,Detecting Error-Related Negativity for Interaction Design,CHI,2012,https://openalex.org/A5032188569,Sriram Subramanian,last
https://openalex.org/W2048608322,"Empathy, Participatory Design and People with Dementia",CHI,2012,https://openalex.org/A5069810884,Stephen Lindsay,first
https://openalex.org/W2048608322,"Empathy, Participatory Design and People with Dementia",CHI,2012,https://openalex.org/A5073128502,Katie Brittain,middle
https://openalex.org/W2048608322,"Empathy, Participatory Design and People with Dementia",CHI,2012,https://openalex.org/A5002942923,Dan Jackson,middle
https://openalex.org/W2048608322,"Empathy, Participatory Design and People with Dementia",CHI,2012,https://openalex.org/A5075672894,Cassim Ladha,middle
https://openalex.org/W2048608322,"Empathy, Participatory Design and People with Dementia",CHI,2012,https://openalex.org/A5056143246,Karim S. Ladha,middle
https://openalex.org/W2048608322,"Empathy, Participatory Design and People with Dementia",CHI,2012,https://openalex.org/A5015840697,Patrick Olivier,last
https://openalex.org/W1823310840,Looking Glass: A Field Study on Noticing Interactivity of Shop Windows,CHI,2012,https://openalex.org/A5072293897,Nanna Verhoeff,first
https://openalex.org/W2030343501,Affordances in HCI: Toward a Mediated Action Perspective,CHI,2012,https://openalex.org/A5013340361,Victor Kaptelinin,first
https://openalex.org/W2030343501,Affordances in HCI: Toward a Mediated Action Perspective,CHI,2012,https://openalex.org/A5026440334,Bonnie Nardi,last
https://openalex.org/W2047883041,Personas and Decision Making in the Design Process: An Ethnographic Case Study,CHI,2012,https://openalex.org/A5006126917,Erin Friess,first
https://openalex.org/W1974923332,Using Rhythmic Patterns as an Input Method,CHI,2012,https://openalex.org/A5083692181,Emilien Ghomi,first
https://openalex.org/W1974923332,Using Rhythmic Patterns as an Input Method,CHI,2012,https://openalex.org/A5091725659,Guillaume Faure,middle
https://openalex.org/W1974923332,Using Rhythmic Patterns as an Input Method,CHI,2012,https://openalex.org/A5109058773,Stéphane Huot,middle
https://openalex.org/W1974923332,Using Rhythmic Patterns as an Input Method,CHI,2012,https://openalex.org/A5048679959,Olivier Chapuis,middle
https://openalex.org/W1974923332,Using Rhythmic Patterns as an Input Method,CHI,2012,https://openalex.org/A5069093421,Michel Beaudouin-Lafon,last
https://openalex.org/W2168953163,Revisiting the Jacquard Loom: Threads of History and Current Patterns in HCI,CHI,2012,https://openalex.org/A5025125092,Ylva Fernaeus,first
https://openalex.org/W2168953163,Revisiting the Jacquard Loom: Threads of History and Current Patterns in HCI,CHI,2012,https://openalex.org/A5087741093,Martin Jönsson,middle
https://openalex.org/W2168953163,Revisiting the Jacquard Loom: Threads of History and Current Patterns in HCI,CHI,2012,https://openalex.org/A5082507660,Jakob Tholander,last
https://openalex.org/W2295996570,Uncomfortable Interactions,CHI,2012,https://openalex.org/A5086725824,Steve Benford,first
https://openalex.org/W2295996570,Uncomfortable Interactions,CHI,2012,https://openalex.org/A5017694288,Chris Greenhalgh,middle
https://openalex.org/W2295996570,Uncomfortable Interactions,CHI,2012,https://openalex.org/A5055807602,Gabriella Giannachi,middle
https://openalex.org/W2295996570,Uncomfortable Interactions,CHI,2012,https://openalex.org/A5082244326,Brendan M. Walker,middle
https://openalex.org/W2295996570,Uncomfortable Interactions,CHI,2012,https://openalex.org/A5028167332,Joe Marshall,middle
https://openalex.org/W2295996570,Uncomfortable Interactions,CHI,2012,https://openalex.org/A5113437182,Tom Rodden,last
https://openalex.org/W2096423888,"Gelling, and Melting, Large Graphs by Edge Manipulation",CIKM,2012,https://openalex.org/A5068043486,Hanghang Tong,first
https://openalex.org/W2096423888,"Gelling, and Melting, Large Graphs by Edge Manipulation",CIKM,2012,https://openalex.org/A5061110232,B. Aditya Prakash,middle
https://openalex.org/W2096423888,"Gelling, and Melting, Large Graphs by Edge Manipulation",CIKM,2012,https://openalex.org/A5080731595,Tina Eliassi‐Rad,middle
https://openalex.org/W2096423888,"Gelling, and Melting, Large Graphs by Edge Manipulation",CIKM,2012,https://openalex.org/A5018876909,Michalis Faloutsos,middle
https://openalex.org/W2096423888,"Gelling, and Melting, Large Graphs by Edge Manipulation",CIKM,2012,https://openalex.org/A5035605036,Christos Faloutsos,last
https://openalex.org/W1994804971,A Simple Prior-free Method for Non-Rigid Structure-from-Motion Factorization,CVPR,2012,https://openalex.org/A5036202579,Yuchao Dai,first
https://openalex.org/W1994804971,A Simple Prior-free Method for Non-Rigid Structure-from-Motion Factorization,CVPR,2012,https://openalex.org/A5101819061,Hongdong Li,middle
https://openalex.org/W1994804971,A Simple Prior-free Method for Non-Rigid Structure-from-Motion Factorization,CVPR,2012,https://openalex.org/A5086729425,Mingyi He,last
https://openalex.org/W2584961879,A Polylogarithmic Approximation Algorithm for Edge-Disjoint Paths with Congestion 2,FOCS,2012,https://openalex.org/A5056023203,Julia Chuzhoy,first
https://openalex.org/W2584961879,A Polylogarithmic Approximation Algorithm for Edge-Disjoint Paths with Congestion 2,FOCS,2012,https://openalex.org/A5100430766,Shi Li,last
https://openalex.org/W2148791594,A multi-prover interactive proof for NEXP sound against entangled provers,FOCS,2012,https://openalex.org/A5101821639,Tsuyoshi Ito,first
https://openalex.org/W2148791594,A multi-prover interactive proof for NEXP sound against entangled provers,FOCS,2012,https://openalex.org/A5019616211,Thomas Vidick,last
https://openalex.org/W2148787816,Seeking the Ground Truth: A Retroactive Study on the Evolution and Migration of Software Libraries,FSE,2012,https://openalex.org/A5076116389,Bradley Edward Cossette,first
https://openalex.org/W2148787816,Seeking the Ground Truth: A Retroactive Study on the Evolution and Migration of Software Libraries,FSE,2012,https://openalex.org/A5039277182,Robert J. Walker,last
https://openalex.org/W1965085982,Scalable Test Data Generation from Multidimensional Models,FSE,2012,https://openalex.org/A5088791029,Emina Torlak,first
https://openalex.org/W1995969252,Assessing the Value of Branches with What-if Analysis,FSE,2012,https://openalex.org/A5036278905,Christian Bird,first
https://openalex.org/W1995969252,Assessing the Value of Branches with What-if Analysis,FSE,2012,https://openalex.org/A5061605447,Thomas Zimmermann,last
https://openalex.org/W2161340280,Bayesian Posterior Sampling via Stochastic Gradient Fisher Scoring,ICML,2012,https://openalex.org/A5057980326,Sungjin Ahn,first
https://openalex.org/W2161340280,Bayesian Posterior Sampling via Stochastic Gradient Fisher Scoring,ICML,2012,https://openalex.org/A5067066896,Anoop Korattikara,middle
https://openalex.org/W2161340280,Bayesian Posterior Sampling via Stochastic Gradient Fisher Scoring,ICML,2012,https://openalex.org/A5087368991,Max Welling,last
https://openalex.org/W3148956615,Amplifying Tests to Validate Exception Handling Code,ICSE,2012,https://openalex.org/A5030386107,Pingyu Zhang,first
https://openalex.org/W3148956615,Amplifying Tests to Validate Exception Handling Code,ICSE,2012,https://openalex.org/A5025318877,Sebastian Elbaum,last
https://openalex.org/W3146113246,A Tactic-Centric Approach for Automating Traceability of Quality Concerns,ICSE,2012,https://openalex.org/A5088410123,Mehdi Mirakhorli,first
https://openalex.org/W3146113246,A Tactic-Centric Approach for Automating Traceability of Quality Concerns,ICSE,2012,https://openalex.org/A5020844039,Yonghee Shin,middle
https://openalex.org/W3146113246,A Tactic-Centric Approach for Automating Traceability of Quality Concerns,ICSE,2012,https://openalex.org/A5037363688,Jane Cleland‐Huang,middle
https://openalex.org/W3146113246,A Tactic-Centric Approach for Automating Traceability of Quality Concerns,ICSE,2012,https://openalex.org/A5081073864,Murat Çınar,last
https://openalex.org/W3140308147,Using Dynamic Analysis to Discover Polynomial and Array Invariants,ICSE,2012,https://openalex.org/A5069411288,ThanhVu Nguyen,first
https://openalex.org/W3140308147,Using Dynamic Analysis to Discover Polynomial and Array Invariants,ICSE,2012,https://openalex.org/A5003856856,Deepak Kapur,middle
https://openalex.org/W3140308147,Using Dynamic Analysis to Discover Polynomial and Array Invariants,ICSE,2012,https://openalex.org/A5083601969,Westley Weimer,middle
https://openalex.org/W3140308147,Using Dynamic Analysis to Discover Polynomial and Array Invariants,ICSE,2012,https://openalex.org/A5114376382,Stephanie Forrest,last
https://openalex.org/W3161167621,Automated Detection of Client-State Manipulation Vulnerabilities,ICSE,2012,https://openalex.org/A5103189175,Anders Møller,first
https://openalex.org/W3161167621,Automated Detection of Client-State Manipulation Vulnerabilities,ICSE,2012,https://openalex.org/A5041608081,Mathias Schwarz,last
https://openalex.org/W3142903977,Understanding Integer Overflow in C/C++,ICSE,2012,https://openalex.org/A5088473222,Will Dietz,first
https://openalex.org/W3142903977,Understanding Integer Overflow in C/C++,ICSE,2012,https://openalex.org/A5100432792,Peng Li,middle
https://openalex.org/W3142903977,Understanding Integer Overflow in C/C++,ICSE,2012,https://openalex.org/A5066046345,John Regehr,middle
https://openalex.org/W3142903977,Understanding Integer Overflow in C/C++,ICSE,2012,https://openalex.org/A5059017058,Vikram Adve,last
https://openalex.org/W2112351052,How Do Professional Developers Comprehend Software?,ICSE,2012,https://openalex.org/A5063441997,Tobias Roehm,first
https://openalex.org/W2112351052,How Do Professional Developers Comprehend Software?,ICSE,2012,https://openalex.org/A5012643471,Rebecca Tiarks,middle
https://openalex.org/W2112351052,How Do Professional Developers Comprehend Software?,ICSE,2012,https://openalex.org/A5012031968,Rainer Koschke,middle
https://openalex.org/W2112351052,How Do Professional Developers Comprehend Software?,ICSE,2012,https://openalex.org/A5025426825,Walid Maalej,last
https://openalex.org/W3149109633,Partial Models: Towards Modeling and Reasoning with Uncertainty,ICSE,2012,https://openalex.org/A5097550878,Michais Famelis,first
https://openalex.org/W3149109633,Partial Models: Towards Modeling and Reasoning with Uncertainty,ICSE,2012,https://openalex.org/A5084776885,Rick Salay,middle
https://openalex.org/W3149109633,Partial Models: Towards Modeling and Reasoning with Uncertainty,ICSE,2012,https://openalex.org/A5079431306,Marsha Chećhik,last
https://openalex.org/W1969844906,Multi-resource allocation: Fairness-efficiency tradeoffs in a unifying framework,INFOCOM,2012,https://openalex.org/A5085243096,Carlee Joe‐Wong,first
https://openalex.org/W1969844906,Multi-resource allocation: Fairness-efficiency tradeoffs in a unifying framework,INFOCOM,2012,https://openalex.org/A5080702284,Soumya Sen,middle
https://openalex.org/W1969844906,Multi-resource allocation: Fairness-efficiency tradeoffs in a unifying framework,INFOCOM,2012,https://openalex.org/A5018464968,Tian Lan,middle
https://openalex.org/W1969844906,Multi-resource allocation: Fairness-efficiency tradeoffs in a unifying framework,INFOCOM,2012,https://openalex.org/A5110782105,Mung Chiang,last
https://openalex.org/W2099302229,Searching and Mining Trillions of Time Series Subsequences under Dynamic Time Warping,KDD,2012,https://openalex.org/A5044070973,Thanawin Rakthanmanon,first
https://openalex.org/W2099302229,Searching and Mining Trillions of Time Series Subsequences under Dynamic Time Warping,KDD,2012,https://openalex.org/A5015547365,Bilson Campana,middle
https://openalex.org/W2099302229,Searching and Mining Trillions of Time Series Subsequences under Dynamic Time Warping,KDD,2012,https://openalex.org/A5025138797,Abdullah Mueen,middle
https://openalex.org/W2099302229,Searching and Mining Trillions of Time Series Subsequences under Dynamic Time Warping,KDD,2012,https://openalex.org/A5029634834,Gustavo Batista,middle
https://openalex.org/W2099302229,Searching and Mining Trillions of Time Series Subsequences under Dynamic Time Warping,KDD,2012,https://openalex.org/A5063973380,Brandon Westover,middle
https://openalex.org/W2099302229,Searching and Mining Trillions of Time Series Subsequences under Dynamic Time Warping,KDD,2012,https://openalex.org/A5103273498,Qiang Zhu,middle
https://openalex.org/W2099302229,Searching and Mining Trillions of Time Series Subsequences under Dynamic Time Warping,KDD,2012,https://openalex.org/A5057110882,Jesin Zakaria,middle
https://openalex.org/W2099302229,Searching and Mining Trillions of Time Series Subsequences under Dynamic Time Warping,KDD,2012,https://openalex.org/A5078245746,Eamonn Keogh,last
https://openalex.org/W2154346544,Distinguishing Users with Capacitative Touch Communication,MOBICOM,2012,https://openalex.org/A5022767483,Tam Vu,first
https://openalex.org/W2154346544,Distinguishing Users with Capacitative Touch Communication,MOBICOM,2012,https://openalex.org/A5017397044,Akash Baid,middle
https://openalex.org/W2154346544,Distinguishing Users with Capacitative Touch Communication,MOBICOM,2012,https://openalex.org/A5028448553,Simon Gao,middle
https://openalex.org/W2154346544,Distinguishing Users with Capacitative Touch Communication,MOBICOM,2012,https://openalex.org/A5078160983,Marco Gruteser,middle
https://openalex.org/W2154346544,Distinguishing Users with Capacitative Touch Communication,MOBICOM,2012,https://openalex.org/A5103114504,Richard Howard,middle
https://openalex.org/W2154346544,Distinguishing Users with Capacitative Touch Communication,MOBICOM,2012,https://openalex.org/A5019562468,Janne Lindqvist,middle
https://openalex.org/W2154346544,Distinguishing Users with Capacitative Touch Communication,MOBICOM,2012,https://openalex.org/A5090245711,Predrag Spasojević,middle
https://openalex.org/W2154346544,Distinguishing Users with Capacitative Touch Communication,MOBICOM,2012,https://openalex.org/A5033076207,Jeffrey S. Walling,last
https://openalex.org/W1984533413,Spanner: Google's Globally-Distributed Database,OSDI,2012,https://openalex.org/A5112027889,Brian F. Cooper,first
https://openalex.org/W2098575846,Concurrent Data Representation Synthesis,PLDI,2012,https://openalex.org/A5111910004,Peter Hawkins,first
https://openalex.org/W2098575846,Concurrent Data Representation Synthesis,PLDI,2012,https://openalex.org/A5087402475,Alex Aiken,middle
https://openalex.org/W2098575846,Concurrent Data Representation Synthesis,PLDI,2012,https://openalex.org/A5056099984,Kathleen Fisher,middle
https://openalex.org/W2098575846,Concurrent Data Representation Synthesis,PLDI,2012,https://openalex.org/A5045127387,Martin Rinard,middle
https://openalex.org/W2098575846,Concurrent Data Representation Synthesis,PLDI,2012,https://openalex.org/A5002512849,Mooly Sagiv,last
https://openalex.org/W2093044565,Worst-case Optimal Join Algorithms,PODS,2012,https://openalex.org/A5107540767,Joseph K. Pickrell,first
https://openalex.org/W2093044565,Worst-case Optimal Join Algorithms,PODS,2012,https://openalex.org/A5051388103,Jonathan K. Pritchard,last
https://openalex.org/W2113551315,Multi-Resource Fair Queueing for Packet Processing,SIGCOMM,2012,https://openalex.org/A5040035859,Ali Ghodsi,first
https://openalex.org/W2113551315,Multi-Resource Fair Queueing for Packet Processing,SIGCOMM,2012,https://openalex.org/A5079175103,Vyas Sekar,middle
https://openalex.org/W2113551315,Multi-Resource Fair Queueing for Packet Processing,SIGCOMM,2012,https://openalex.org/A5005554337,Matei Zaharia,middle
https://openalex.org/W2113551315,Multi-Resource Fair Queueing for Packet Processing,SIGCOMM,2012,https://openalex.org/A5041920173,Ion Stoica,last
https://openalex.org/W2029009258,Time-Based Calibration of Effectiveness Measures,SIGIR,2012,https://openalex.org/A5049222552,Mark D. Smucker,first
https://openalex.org/W2029009258,Time-Based Calibration of Effectiveness Measures,SIGIR,2012,https://openalex.org/A5037737168,Charles L. A. Clarke,last
https://openalex.org/W2101221989,Temperature management in data centers: why some (might) like it hot,SIGMETRICS,2012,https://openalex.org/A5041608911,Nosayba El-Sayed,first
https://openalex.org/W2101221989,Temperature management in data centers: why some (might) like it hot,SIGMETRICS,2012,https://openalex.org/A5034240273,Ioan Stefanovici,middle
https://openalex.org/W2101221989,Temperature management in data centers: why some (might) like it hot,SIGMETRICS,2012,https://openalex.org/A5013339702,George Amvrosiadis,middle
https://openalex.org/W2101221989,Temperature management in data centers: why some (might) like it hot,SIGMETRICS,2012,https://openalex.org/A5014831904,Andy A. Hwang,middle
https://openalex.org/W2101221989,Temperature management in data centers: why some (might) like it hot,SIGMETRICS,2012,https://openalex.org/A5040893798,Bianca Schroeder,last
https://openalex.org/W2123458705,High-Performance Complex Event Processing over XML Streams,SIGMOD,2012,https://openalex.org/A5060287971,Barzan Mozafari,first
https://openalex.org/W2123458705,High-Performance Complex Event Processing over XML Streams,SIGMOD,2012,https://openalex.org/A5032503782,Kai Zeng,middle
https://openalex.org/W2123458705,High-Performance Complex Event Processing over XML Streams,SIGMOD,2012,https://openalex.org/A5113467760,Carlo Zaniolo,last
https://openalex.org/W1995509853,Computing all maps into a sphere,SODA,2012,https://openalex.org/A5001618396,Martin Čadek,first
https://openalex.org/W1995509853,Computing all maps into a sphere,SODA,2012,https://openalex.org/A5014115669,Marek Krčál,middle
https://openalex.org/W1995509853,Computing all maps into a sphere,SODA,2012,https://openalex.org/A5070164050,Jiřı́ Matoušek,middle
https://openalex.org/W1995509853,Computing all maps into a sphere,SODA,2012,https://openalex.org/A5024432519,Francis Sergeraert,middle
https://openalex.org/W1995509853,Computing all maps into a sphere,SODA,2012,https://openalex.org/A5067861585,Lukáš Vokřínek,middle
https://openalex.org/W1995509853,Computing all maps into a sphere,SODA,2012,https://openalex.org/A5056297132,Uli Wagner,last
https://openalex.org/W2119368733,Linear vs. Semidefinite Extended Formulations: Exponential Separation and Strong Lower Bounds,STOC,2012,https://openalex.org/A5001781037,Samuel Fiorini,first
https://openalex.org/W2119368733,Linear vs. Semidefinite Extended Formulations: Exponential Separation and Strong Lower Bounds,STOC,2012,https://openalex.org/A5024306150,Serge Massar,middle
https://openalex.org/W2119368733,Linear vs. Semidefinite Extended Formulations: Exponential Separation and Strong Lower Bounds,STOC,2012,https://openalex.org/A5043574831,Sebastian Pokutta,middle
https://openalex.org/W2119368733,Linear vs. Semidefinite Extended Formulations: Exponential Separation and Strong Lower Bounds,STOC,2012,https://openalex.org/A5036380953,Hans Raj Tiwary,middle
https://openalex.org/W2119368733,Linear vs. Semidefinite Extended Formulations: Exponential Separation and Strong Lower Bounds,STOC,2012,https://openalex.org/A5066563480,Ronald de Wolf,last
https://openalex.org/W1988508518,The Cell Probe Complexity of Dynamic Range Counting,STOC,2012,https://openalex.org/A5013551063,Kasper Green Larsen,first
https://openalex.org/W2010127311,Cliplets: juxtaposing still and dynamic imagery,UIST,2012,https://openalex.org/A5072006037,Neel Joshi,first
https://openalex.org/W2010127311,Cliplets: juxtaposing still and dynamic imagery,UIST,2012,https://openalex.org/A5006688930,Sisil Mehta,middle
https://openalex.org/W2010127311,Cliplets: juxtaposing still and dynamic imagery,UIST,2012,https://openalex.org/A5010119044,Steven M. Drucker,middle
https://openalex.org/W2010127311,Cliplets: juxtaposing still and dynamic imagery,UIST,2012,https://openalex.org/A5079657241,Eric J. Stollnitz,middle
https://openalex.org/W2010127311,Cliplets: juxtaposing still and dynamic imagery,UIST,2012,https://openalex.org/A5056912277,Hugues Hoppe,middle
https://openalex.org/W2010127311,Cliplets: juxtaposing still and dynamic imagery,UIST,2012,https://openalex.org/A5010182611,Matt Uyttendaele,middle
https://openalex.org/W2010127311,Cliplets: juxtaposing still and dynamic imagery,UIST,2012,https://openalex.org/A5021040304,Michael Cohen,last
https://openalex.org/W2167913131,CrowdScape: interactively visualizing user behavior and output,UIST,2012,https://openalex.org/A5024501566,Jeffrey M. Rzeszotarski,first
https://openalex.org/W2167913131,CrowdScape: interactively visualizing user behavior and output,UIST,2012,https://openalex.org/A5050656871,Aniket Kittur,last
https://openalex.org/W2953102514,Dense Subgraph Maintenance under Streaming Edge Weight Updates for Real-time Story Identification,VLDB,2012,https://openalex.org/A5050138372,Albert Angel,first
https://openalex.org/W2953102514,Dense Subgraph Maintenance under Streaming Edge Weight Updates for Real-time Story Identification,VLDB,2012,https://openalex.org/A5035257754,Nick Koudas,middle
https://openalex.org/W2953102514,Dense Subgraph Maintenance under Streaming Edge Weight Updates for Real-time Story Identification,VLDB,2012,https://openalex.org/A5000660268,Nikos Sarkas,middle
https://openalex.org/W2953102514,Dense Subgraph Maintenance under Streaming Edge Weight Updates for Real-time Story Identification,VLDB,2012,https://openalex.org/A5088315797,Divesh Srivastava,middle
https://openalex.org/W2953102514,Dense Subgraph Maintenance under Streaming Edge Weight Updates for Real-time Story Identification,VLDB,2012,https://openalex.org/A5003062775,Michael Svendsen,middle
https://openalex.org/W2953102514,Dense Subgraph Maintenance under Streaming Edge Weight Updates for Real-time Story Identification,VLDB,2012,https://openalex.org/A5047034711,Srikanta Tirthapura,last
https://openalex.org/W1982139456,"Counting Beyond a Yottabyte, or how SPARQL 1.1 Property Paths will Prevent Adoption of the Standard",WWW,2012,https://openalex.org/A5011691423,Marcelo Arenas,first
https://openalex.org/W1982139456,"Counting Beyond a Yottabyte, or how SPARQL 1.1 Property Paths will Prevent Adoption of the Standard",WWW,2012,https://openalex.org/A5013088936,Sebastián Conca,middle
https://openalex.org/W1982139456,"Counting Beyond a Yottabyte, or how SPARQL 1.1 Property Paths will Prevent Adoption of the Standard",WWW,2012,https://openalex.org/A5058133910,Jorge Eduardo Pérez Pérez,last
https://openalex.org/W57159709,Complexity of and Algorithms for Borda Manipulation,AAAI,2011,https://openalex.org/A5031401811,Jessica Davies,first
https://openalex.org/W57159709,Complexity of and Algorithms for Borda Manipulation,AAAI,2011,https://openalex.org/A5109802420,George Katsirelos,middle
https://openalex.org/W57159709,Complexity of and Algorithms for Borda Manipulation,AAAI,2011,https://openalex.org/A5034897040,Nina Narodytska,middle
https://openalex.org/W57159709,Complexity of and Algorithms for Borda Manipulation,AAAI,2011,https://openalex.org/A5072902302,Toby Walsh,last
https://openalex.org/W1768003445,Dynamic Resource Allocation in Conservation Planning,AAAI,2011,https://openalex.org/A5062606021,Daniel Golovin,first
https://openalex.org/W1768003445,Dynamic Resource Allocation in Conservation Planning,AAAI,2011,https://openalex.org/A5003040843,Andreas Krause,middle
https://openalex.org/W1768003445,Dynamic Resource Allocation in Conservation Planning,AAAI,2011,https://openalex.org/A5063059225,Beth Gardner,middle
https://openalex.org/W1768003445,Dynamic Resource Allocation in Conservation Planning,AAAI,2011,https://openalex.org/A5060023626,Sarah J. Converse,middle
https://openalex.org/W1768003445,Dynamic Resource Allocation in Conservation Planning,AAAI,2011,https://openalex.org/A5081401436,Steve Morey,last
https://openalex.org/W2142523187,Unsupervised Part-of-Speech Tagging with Bilingual Graph-Based Projections,ACL,2011,https://openalex.org/A5021055773,Dipanjan Das,first
https://openalex.org/W2142523187,Unsupervised Part-of-Speech Tagging with Bilingual Graph-Based Projections,ACL,2011,https://openalex.org/A5062886906,Slav Petrov,last
https://openalex.org/W2080299624,Teenagers and Their Virtual Possessions: Design Opportunities and Issues,CHI,2011,https://openalex.org/A5073024818,William Odom,first
https://openalex.org/W2080299624,Teenagers and Their Virtual Possessions: Design Opportunities and Issues,CHI,2011,https://openalex.org/A5068413510,John Zimmerman,middle
https://openalex.org/W2080299624,Teenagers and Their Virtual Possessions: Design Opportunities and Issues,CHI,2011,https://openalex.org/A5078288310,Jodi Forlizzi,last
https://openalex.org/W2022815033,Mid-air Pan-and-Zoom on Wall-sized Displays,CHI,2011,https://openalex.org/A5091273829,Mathieu Nancel,first
https://openalex.org/W2022815033,Mid-air Pan-and-Zoom on Wall-sized Displays,CHI,2011,https://openalex.org/A5049592819,Julie Wagner,middle
https://openalex.org/W2022815033,Mid-air Pan-and-Zoom on Wall-sized Displays,CHI,2011,https://openalex.org/A5054725183,Emmanuel Pietriga,middle
https://openalex.org/W2022815033,Mid-air Pan-and-Zoom on Wall-sized Displays,CHI,2011,https://openalex.org/A5048679959,Olivier Chapuis,middle
https://openalex.org/W2022815033,Mid-air Pan-and-Zoom on Wall-sized Displays,CHI,2011,https://openalex.org/A5034680150,Wendy E. Mackay,last
https://openalex.org/W2153391061,Why is My Internet Slow?: Making Network Speeds Visible,CHI,2011,https://openalex.org/A5065790866,Marshini Chetty,first
https://openalex.org/W2153391061,Why is My Internet Slow?: Making Network Speeds Visible,CHI,2011,https://openalex.org/A5078932168,David Haslem,middle
https://openalex.org/W2153391061,Why is My Internet Slow?: Making Network Speeds Visible,CHI,2011,https://openalex.org/A5064642955,Andrew H. Baird,middle
https://openalex.org/W2153391061,Why is My Internet Slow?: Making Network Speeds Visible,CHI,2011,https://openalex.org/A5065769969,Ugochi Ofoha,middle
https://openalex.org/W2153391061,Why is My Internet Slow?: Making Network Speeds Visible,CHI,2011,https://openalex.org/A5091855327,Bethany Sumner,middle
https://openalex.org/W2153391061,Why is My Internet Slow?: Making Network Speeds Visible,CHI,2011,https://openalex.org/A5090560893,Rebecca E. Grinter,last
https://openalex.org/W2146852151,Synchronous Interaction Among Hundreds: An Evaluation of a Conference in an Avatar-based Virtual Environment,CHI,2011,https://openalex.org/A5110106297,Thomas Erickson,first
https://openalex.org/W2146852151,Synchronous Interaction Among Hundreds: An Evaluation of a Conference in an Avatar-based Virtual Environment,CHI,2011,https://openalex.org/A5013283889,N. Sadat Shami,middle
https://openalex.org/W2146852151,Synchronous Interaction Among Hundreds: An Evaluation of a Conference in an Avatar-based Virtual Environment,CHI,2011,https://openalex.org/A5035459386,Wendy A. Kellogg,middle
https://openalex.org/W2146852151,Synchronous Interaction Among Hundreds: An Evaluation of a Conference in an Avatar-based Virtual Environment,CHI,2011,https://openalex.org/A5104353018,David Levine,last
https://openalex.org/W2105697580,Your Noise is My Command: Sensing Gestures Using the Body as an Antenna,CHI,2011,https://openalex.org/A5084307262,Gabe Cohn,first
https://openalex.org/W2105697580,Your Noise is My Command: Sensing Gestures Using the Body as an Antenna,CHI,2011,https://openalex.org/A5031313498,Daniel Morris,middle
https://openalex.org/W2105697580,Your Noise is My Command: Sensing Gestures Using the Body as an Antenna,CHI,2011,https://openalex.org/A5039879761,Shwetak Patel,middle
https://openalex.org/W2105697580,Your Noise is My Command: Sensing Gestures Using the Body as an Antenna,CHI,2011,https://openalex.org/A5040526518,Desney Tan,last
https://openalex.org/W2081964782,Enhancing Physicality in Touch Interaction with Programmable Friction,CHI,2011,https://openalex.org/A5078354524,Vincent Lévesque,first
https://openalex.org/W2081964782,Enhancing Physicality in Touch Interaction with Programmable Friction,CHI,2011,https://openalex.org/A5041613932,Louise Oram,middle
https://openalex.org/W2081964782,Enhancing Physicality in Touch Interaction with Programmable Friction,CHI,2011,https://openalex.org/A5061277210,Karon E. MacLean,middle
https://openalex.org/W2081964782,Enhancing Physicality in Touch Interaction with Programmable Friction,CHI,2011,https://openalex.org/A5080181433,Andy Cockburn,middle
https://openalex.org/W2081964782,Enhancing Physicality in Touch Interaction with Programmable Friction,CHI,2011,https://openalex.org/A5049815709,Nicholas Marchuk,middle
https://openalex.org/W2081964782,Enhancing Physicality in Touch Interaction with Programmable Friction,CHI,2011,https://openalex.org/A5074233983,Dan Johnson,middle
https://openalex.org/W2081964782,Enhancing Physicality in Touch Interaction with Programmable Friction,CHI,2011,https://openalex.org/A5006798050,J. Edward Colgate,middle
https://openalex.org/W2081964782,Enhancing Physicality in Touch Interaction with Programmable Friction,CHI,2011,https://openalex.org/A5091276611,Michael A. Peshkin,last
https://openalex.org/W2136691781,Usable Gestures for Blind People: Understanding Preference and Performance,CHI,2011,https://openalex.org/A5086948505,Shaun K. Kane,first
https://openalex.org/W2136691781,Usable Gestures for Blind People: Understanding Preference and Performance,CHI,2011,https://openalex.org/A5086377685,Jacob O. Wobbrock,middle
https://openalex.org/W2136691781,Usable Gestures for Blind People: Understanding Preference and Performance,CHI,2011,https://openalex.org/A5043369298,Richard E. Ladner,last
https://openalex.org/W2127473562,Automics: souvenir generating photoware for theme parks,CHI,2011,https://openalex.org/A5041558239,Abigail Durrant,first
https://openalex.org/W2127473562,Automics: souvenir generating photoware for theme parks,CHI,2011,https://openalex.org/A5112275018,Duncan Rowland,middle
https://openalex.org/W2127473562,Automics: souvenir generating photoware for theme parks,CHI,2011,https://openalex.org/A5069887938,David Kirk,middle
https://openalex.org/W2127473562,Automics: souvenir generating photoware for theme parks,CHI,2011,https://openalex.org/A5086725824,Steve Benford,middle
https://openalex.org/W2127473562,Automics: souvenir generating photoware for theme parks,CHI,2011,https://openalex.org/A5091627990,Joel E. Fischer,middle
https://openalex.org/W2127473562,Automics: souvenir generating photoware for theme parks,CHI,2011,https://openalex.org/A5027117910,Derek McAuley,last
https://openalex.org/W2097331574,Effects of Community Size and Contact Rate in Synchronous Social Q&A,CHI,2011,https://openalex.org/A5076259865,Ryen W. White,first
https://openalex.org/W2097331574,Effects of Community Size and Contact Rate in Synchronous Social Q&A,CHI,2011,https://openalex.org/A5062300635,Matthew Richardson,middle
https://openalex.org/W2097331574,Effects of Community Size and Contact Rate in Synchronous Social Q&A,CHI,2011,https://openalex.org/A5022201710,Yandong Liu,last
https://openalex.org/W603000039,Review Spotlight: A User Interface for Summarizing User-generated Reviews Using Adjective-Noun Word Pairs,CHI,2011,https://openalex.org/A5065334335,Thomas Kleinbauer,first
https://openalex.org/W2140232903,In the Shadow of Misperception: Assistive Technology Use and Social Interactions,CHI,2011,https://openalex.org/A5088028769,Kristen Shinohara,first
https://openalex.org/W2140232903,In the Shadow of Misperception: Assistive Technology Use and Social Interactions,CHI,2011,https://openalex.org/A5086377685,Jacob O. Wobbrock,last
https://openalex.org/W1986692274,Ease of Juggling: Studying the Effects of Manual Multitasking,CHI,2011,https://openalex.org/A5003084232,Antti Oulasvirta,first
https://openalex.org/W1986692274,Ease of Juggling: Studying the Effects of Manual Multitasking,CHI,2011,https://openalex.org/A5065240151,Joanna Bergström,last
https://openalex.org/W1989813731,Intent-aware query similarity,CIKM,2011,https://openalex.org/A5088621320,Jiafeng Guo,first
https://openalex.org/W1989813731,Intent-aware query similarity,CIKM,2011,https://openalex.org/A5029998682,Xueqi Cheng,middle
https://openalex.org/W1989813731,Intent-aware query similarity,CIKM,2011,https://openalex.org/A5111526267,Gu Xu,middle
https://openalex.org/W1989813731,Intent-aware query similarity,CIKM,2011,https://openalex.org/A5021268896,Xiaofei Zhu,last
https://openalex.org/W2060280062,Real-time Human Pose Recognition in Parts from Single Depth Images,CVPR,2011,https://openalex.org/A5002831957,Jamie Shotton,first
https://openalex.org/W2060280062,Real-time Human Pose Recognition in Parts from Single Depth Images,CVPR,2011,https://openalex.org/A5042656810,Toby Sharp,middle
https://openalex.org/W2060280062,Real-time Human Pose Recognition in Parts from Single Depth Images,CVPR,2011,https://openalex.org/A5056964458,Alex Kipman,middle
https://openalex.org/W2060280062,Real-time Human Pose Recognition in Parts from Single Depth Images,CVPR,2011,https://openalex.org/A5018851970,Andrew Fitzgibbon,middle
https://openalex.org/W2060280062,Real-time Human Pose Recognition in Parts from Single Depth Images,CVPR,2011,https://openalex.org/A5087455327,Mark Finocchio,middle
https://openalex.org/W2060280062,Real-time Human Pose Recognition in Parts from Single Depth Images,CVPR,2011,https://openalex.org/A5101657518,Andrew Blake,middle
https://openalex.org/W2060280062,Real-time Human Pose Recognition in Parts from Single Depth Images,CVPR,2011,https://openalex.org/A5041117832,Mat Cook,middle
https://openalex.org/W2060280062,Real-time Human Pose Recognition in Parts from Single Depth Images,CVPR,2011,https://openalex.org/A5065077745,Richard B. Moore,last
https://openalex.org/W2038652993,A Randomized Rounding Approach to the Traveling Salesman Problem,FOCS,2011,https://openalex.org/A5017101724,Shayan Oveis Gharan,first
https://openalex.org/W2038652993,A Randomized Rounding Approach to the Traveling Salesman Problem,FOCS,2011,https://openalex.org/A5001035442,Amin Saberi,middle
https://openalex.org/W2038652993,A Randomized Rounding Approach to the Traveling Salesman Problem,FOCS,2011,https://openalex.org/A5020914506,Mohit Singh,last
https://openalex.org/W2136400551,Approximating Graphic TSP by Matchings,FOCS,2011,https://openalex.org/A5061555046,Tobias Moemke,first
https://openalex.org/W2136400551,Approximating Graphic TSP by Matchings,FOCS,2011,https://openalex.org/A5046999727,Ola Svensson,last
https://openalex.org/W2113184918,A Polylogarithmic-Competitive Algorithm for the k-Server Problem,FOCS,2011,https://openalex.org/A5008689083,Nikhil Bansal,first
https://openalex.org/W2113184918,A Polylogarithmic-Competitive Algorithm for the k-Server Problem,FOCS,2011,https://openalex.org/A5002590915,Niv Buchbinder,middle
https://openalex.org/W2113184918,A Polylogarithmic-Competitive Algorithm for the k-Server Problem,FOCS,2011,https://openalex.org/A5032574693,Aleksander Mądry,middle
https://openalex.org/W2113184918,A Polylogarithmic-Competitive Algorithm for the k-Server Problem,FOCS,2011,https://openalex.org/A5025400832,Joseph Naor,last
https://openalex.org/W2107220315,Proving programs robust,FSE,2011,https://openalex.org/A5057341982,Swarat Chaudhuri,first
https://openalex.org/W2107220315,Proving programs robust,FSE,2011,https://openalex.org/A5011543162,Sumit Gulwani,middle
https://openalex.org/W2107220315,Proving programs robust,FSE,2011,https://openalex.org/A5049191217,Roberto Lublinerman,middle
https://openalex.org/W2107220315,Proving programs robust,FSE,2011,https://openalex.org/A5016285642,S.M. Navidpour,last
https://openalex.org/W2091543666,How Do Fixes Become Bugs?,FSE,2011,https://openalex.org/A5111784716,Zuoning Yin,first
https://openalex.org/W2091543666,How Do Fixes Become Bugs?,FSE,2011,https://openalex.org/A5100657038,Ding Yuan,middle
https://openalex.org/W2091543666,How Do Fixes Become Bugs?,FSE,2011,https://openalex.org/A5102985059,Yuanyuan Zhou,middle
https://openalex.org/W2091543666,How Do Fixes Become Bugs?,FSE,2011,https://openalex.org/A5033478777,Shankar Pasupathy,middle
https://openalex.org/W2091543666,How Do Fixes Become Bugs?,FSE,2011,https://openalex.org/A5044715044,Lakshmi N. Bairavasundaram,last
https://openalex.org/W2167626029,Proactive Detection of Collaboration Conflicts,FSE,2011,https://openalex.org/A5028789964,Yuriy Brun,first
https://openalex.org/W2167626029,Proactive Detection of Collaboration Conflicts,FSE,2011,https://openalex.org/A5034123811,Reid Holmes,middle
https://openalex.org/W2167626029,Proactive Detection of Collaboration Conflicts,FSE,2011,https://openalex.org/A5032068969,Michael D. Ernst,middle
https://openalex.org/W2167626029,Proactive Detection of Collaboration Conflicts,FSE,2011,https://openalex.org/A5011262764,David Notkin,last
https://openalex.org/W2294130536,Relative Attributes,ICCV,2011,https://openalex.org/A5050342343,Devi Parikh,first
https://openalex.org/W2294130536,Relative Attributes,ICCV,2011,https://openalex.org/A5012765543,Kristen Grauman,last
https://openalex.org/W2132339352,Computational Rationalization: The Inverse Equilibrium Problem,ICML,2011,https://openalex.org/A5045201269,Kevin Waugh,first
https://openalex.org/W2132339352,Computational Rationalization: The Inverse Equilibrium Problem,ICML,2011,https://openalex.org/A5024686404,Brian D. Ziebart,middle
https://openalex.org/W2132339352,Computational Rationalization: The Inverse Equilibrium Problem,ICML,2011,https://openalex.org/A5112411386,J. Andrew Bagnell,last
https://openalex.org/W2111765806,Run-Time Efficient Probabilistic Model Checking,ICSE,2011,https://openalex.org/A5083739081,Antonio Filieri,first
https://openalex.org/W2111765806,Run-Time Efficient Probabilistic Model Checking,ICSE,2011,https://openalex.org/A5024976868,Carlo Ghezzi,middle
https://openalex.org/W2111765806,Run-Time Efficient Probabilistic Model Checking,ICSE,2011,https://openalex.org/A5031168005,Giordano Tamburrelli,last
https://openalex.org/W2119142490,Verifying Multi-threaded Software using SMT-based Context-Bounded Model Checking,ICSE,2011,https://openalex.org/A5057689302,Lucas C. Cordeiro,first
https://openalex.org/W2119142490,Verifying Multi-threaded Software using SMT-based Context-Bounded Model Checking,ICSE,2011,https://openalex.org/A5082741874,Bernd Fischer,last
https://openalex.org/W2106860490,"Programs, tests, and oracles: the foundations of testing revisited",ICSE,2011,https://openalex.org/A5008490992,Matt Staats,first
https://openalex.org/W2106860490,"Programs, tests, and oracles: the foundations of testing revisited",ICSE,2011,https://openalex.org/A5014360702,Michael W. Whalen,middle
https://openalex.org/W2106860490,"Programs, tests, and oracles: the foundations of testing revisited",ICSE,2011,https://openalex.org/A5110505437,Mats P. E. Heimdahl,last
https://openalex.org/W2116907335,On-demand Feature Recommendations Derived from Mining Public Product Descriptions,ICSE,2011,https://openalex.org/A5004005620,Horatiu Dumitru,first
https://openalex.org/W2116907335,On-demand Feature Recommendations Derived from Mining Public Product Descriptions,ICSE,2011,https://openalex.org/A5062838041,Marek Gibiec,middle
https://openalex.org/W2116907335,On-demand Feature Recommendations Derived from Mining Public Product Descriptions,ICSE,2011,https://openalex.org/A5082514679,Negar Hariri,middle
https://openalex.org/W2116907335,On-demand Feature Recommendations Derived from Mining Public Product Descriptions,ICSE,2011,https://openalex.org/A5037363688,Jane Cleland‐Huang,middle
https://openalex.org/W2116907335,On-demand Feature Recommendations Derived from Mining Public Product Descriptions,ICSE,2011,https://openalex.org/A5082580430,Bamshad Mobasher,middle
https://openalex.org/W2116907335,On-demand Feature Recommendations Derived from Mining Public Product Descriptions,ICSE,2011,https://openalex.org/A5000440212,Carlos Castro-Herrera,middle
https://openalex.org/W2116907335,On-demand Feature Recommendations Derived from Mining Public Product Descriptions,ICSE,2011,https://openalex.org/A5088410123,Mehdi Mirakhorli,last
https://openalex.org/W2792443233,"Configuring Global Software Teams: A Multi-Company Analysis of Project Productivity, Quality, and Profits",ICSE,2011,https://openalex.org/A5059328097,Michael Hogan,first
https://openalex.org/W2792443233,"Configuring Global Software Teams: A Multi-Company Analysis of Project Productivity, Quality, and Profits",ICSE,2011,https://openalex.org/A5100453049,Fang Liu,middle
https://openalex.org/W2792443233,"Configuring Global Software Teams: A Multi-Company Analysis of Project Productivity, Quality, and Profits",ICSE,2011,https://openalex.org/A5077061436,Annie W. Sokol,middle
https://openalex.org/W2792443233,"Configuring Global Software Teams: A Multi-Company Analysis of Project Productivity, Quality, and Profits",ICSE,2011,https://openalex.org/A5004966946,Tong Jin,last
https://openalex.org/W1611302770,Unweighted Coalitional Manipulation Under the Borda Rule is NP-Hard,IJCAI,2011,https://openalex.org/A5089639500,Lirong Xia,first
https://openalex.org/W1611302770,Unweighted Coalitional Manipulation Under the Borda Rule is NP-Hard,IJCAI,2011,https://openalex.org/A5050903632,Vincent Conitzer,last
https://openalex.org/W2148552911,On the Decidability of Connectedness Constraints in 2D and 3D Euclidean Spaces,IJCAI,2011,https://openalex.org/A5047265550,Roman Kontchakov,first
https://openalex.org/W2148552911,On the Decidability of Connectedness Constraints in 2D and 3D Euclidean Spaces,IJCAI,2011,https://openalex.org/A5082856719,Yavor Nenov,middle
https://openalex.org/W2148552911,On the Decidability of Connectedness Constraints in 2D and 3D Euclidean Spaces,IJCAI,2011,https://openalex.org/A5033570514,Ian Pratt‐Hartmann,middle
https://openalex.org/W2148552911,On the Decidability of Connectedness Constraints in 2D and 3D Euclidean Spaces,IJCAI,2011,https://openalex.org/A5001878365,Michael Zakharyaschev,last
https://openalex.org/W2135798231,Dynamic right-sizing for power-proportional data centers,INFOCOM,2011,https://openalex.org/A5103290090,Minghong Lin,first
https://openalex.org/W2135798231,Dynamic right-sizing for power-proportional data centers,INFOCOM,2011,https://openalex.org/A5062565732,Adam Wierman,middle
https://openalex.org/W2135798231,Dynamic right-sizing for power-proportional data centers,INFOCOM,2011,https://openalex.org/A5011921013,Lachlan L. H. Andrew,middle
https://openalex.org/W2135798231,Dynamic right-sizing for power-proportional data centers,INFOCOM,2011,https://openalex.org/A5049126583,Eno Thereska,last
https://openalex.org/W2044879407,"Leakage in Data Mining: Formulation, Detection, and Avoidance",KDD,2011,https://openalex.org/A5048628578,Shachar Kaufman,first
https://openalex.org/W2044879407,"Leakage in Data Mining: Formulation, Detection, and Avoidance",KDD,2011,https://openalex.org/A5039021124,Saharon Rosset,middle
https://openalex.org/W2044879407,"Leakage in Data Mining: Formulation, Detection, and Avoidance",KDD,2011,https://openalex.org/A5003651471,Claudia Perlich,last
https://openalex.org/W2138961375,E-MiLi: Energy-Minimizing Idle Listening in Wireless Networks,MOBICOM,2011,https://openalex.org/A5100390687,Xinyu Zhang,first
https://openalex.org/W2138961375,E-MiLi: Energy-Minimizing Idle Listening in Wireless Networks,MOBICOM,2011,https://openalex.org/A5053541912,Kang G. Shin,last
https://openalex.org/W2126541908,Detecting Driver Phone Use Leveraging Car Speakers,MOBICOM,2011,https://openalex.org/A5068383847,Jie Yang,first
https://openalex.org/W2126541908,Detecting Driver Phone Use Leveraging Car Speakers,MOBICOM,2011,https://openalex.org/A5002186360,Simon Sidhom,middle
https://openalex.org/W2126541908,Detecting Driver Phone Use Leveraging Car Speakers,MOBICOM,2011,https://openalex.org/A5032011616,G. Chandrasekaran,middle
https://openalex.org/W2126541908,Detecting Driver Phone Use Leveraging Car Speakers,MOBICOM,2011,https://openalex.org/A5022767483,Tam Vu,middle
https://openalex.org/W2126541908,Detecting Driver Phone Use Leveraging Car Speakers,MOBICOM,2011,https://openalex.org/A5100334703,Hongbo Liu,middle
https://openalex.org/W2126541908,Detecting Driver Phone Use Leveraging Car Speakers,MOBICOM,2011,https://openalex.org/A5058895141,Nicolae Cecan,middle
https://openalex.org/W2126541908,Detecting Driver Phone Use Leveraging Car Speakers,MOBICOM,2011,https://openalex.org/A5100394750,Yingying Chen,middle
https://openalex.org/W2126541908,Detecting Driver Phone Use Leveraging Car Speakers,MOBICOM,2011,https://openalex.org/A5078160983,Marco Gruteser,middle
https://openalex.org/W2126541908,Detecting Driver Phone Use Leveraging Car Speakers,MOBICOM,2011,https://openalex.org/A5067817607,Richard P. Martin,last
https://openalex.org/W2137824953,Data Representation Synthesis,PLDI,2011,https://openalex.org/A5111910004,Peter Hawkins,first
https://openalex.org/W2137824953,Data Representation Synthesis,PLDI,2011,https://openalex.org/A5087402475,Alex Aiken,middle
https://openalex.org/W2137824953,Data Representation Synthesis,PLDI,2011,https://openalex.org/A5056099984,Kathleen Fisher,middle
https://openalex.org/W2137824953,Data Representation Synthesis,PLDI,2011,https://openalex.org/A5045127387,Martin Rinard,middle
https://openalex.org/W2137824953,Data Representation Synthesis,PLDI,2011,https://openalex.org/A5002512849,Mooly Sagiv,last
https://openalex.org/W2095609152,Data Exchange Beyond Complete Data,PODS,2011,https://openalex.org/A5011691423,Marcelo Arenas,first
https://openalex.org/W2095609152,Data Exchange Beyond Complete Data,PODS,2011,https://openalex.org/A5058133910,Jorge Eduardo Pérez Pérez,middle
https://openalex.org/W2095609152,Data Exchange Beyond Complete Data,PODS,2011,https://openalex.org/A5000893188,Juan L. Reutter,last
https://openalex.org/W1982170863,They Can Hear Your Heartbeats: Non-Invasive Security for Implanted Medical Devices,SIGCOMM,2011,https://openalex.org/A5011077730,Shyamnath Gollakota,first
https://openalex.org/W1982170863,They Can Hear Your Heartbeats: Non-Invasive Security for Implanted Medical Devices,SIGCOMM,2011,https://openalex.org/A5068150550,Haitham Hassanieh,middle
https://openalex.org/W1982170863,They Can Hear Your Heartbeats: Non-Invasive Security for Implanted Medical Devices,SIGCOMM,2011,https://openalex.org/A5108288895,Benjamin Ransford,middle
https://openalex.org/W1982170863,They Can Hear Your Heartbeats: Non-Invasive Security for Implanted Medical Devices,SIGCOMM,2011,https://openalex.org/A5052959289,Dina Katabi,middle
https://openalex.org/W1982170863,They Can Hear Your Heartbeats: Non-Invasive Security for Implanted Medical Devices,SIGCOMM,2011,https://openalex.org/A5113708992,Kevin Fu,last
https://openalex.org/W2008251177,Find It If You Can: A Game for Modeling Different Types of Web Search Success Using Interaction Data,SIGIR,2011,https://openalex.org/A5076076592,Mikhail Ageev,first
https://openalex.org/W2008251177,Find It If You Can: A Game for Modeling Different Types of Web Search Success Using Interaction Data,SIGIR,2011,https://openalex.org/A5032152448,Qi Guo,middle
https://openalex.org/W2008251177,Find It If You Can: A Game for Modeling Different Types of Web Search Success Using Interaction Data,SIGIR,2011,https://openalex.org/A5083740230,Dmitry Lagun,middle
https://openalex.org/W2008251177,Find It If You Can: A Game for Modeling Different Types of Web Search Success Using Interaction Data,SIGIR,2011,https://openalex.org/A5028578280,Eugene Agichtein,last
https://openalex.org/W2136110891,Topology Discovery of Sparse Random Graphs With Few Participants,SIGMETRICS,2011,https://openalex.org/A5023215207,Animashree Anandkumar,first
https://openalex.org/W2136110891,Topology Discovery of Sparse Random Graphs With Few Participants,SIGMETRICS,2011,https://openalex.org/A5089579452,Avinatan Hassidim,middle
https://openalex.org/W2136110891,Topology Discovery of Sparse Random Graphs With Few Participants,SIGMETRICS,2011,https://openalex.org/A5022068777,Jonathan A. Kelner,last
https://openalex.org/W2115799249,Entangled Queries: Enabling Declarative Data-Driven Coordination,SIGMOD,2011,https://openalex.org/A5054069765,Nitin Gupta,first
https://openalex.org/W2115799249,Entangled Queries: Enabling Declarative Data-Driven Coordination,SIGMOD,2011,https://openalex.org/A5013576498,Łucja Kot,middle
https://openalex.org/W2115799249,Entangled Queries: Enabling Declarative Data-Driven Coordination,SIGMOD,2011,https://openalex.org/A5083074030,Sudip Roy,middle
https://openalex.org/W2115799249,Entangled Queries: Enabling Declarative Data-Driven Coordination,SIGMOD,2011,https://openalex.org/A5069705467,Gabriel Bender,middle
https://openalex.org/W2115799249,Entangled Queries: Enabling Declarative Data-Driven Coordination,SIGMOD,2011,https://openalex.org/A5023537206,Johannes Gehrke,middle
https://openalex.org/W2115799249,Entangled Queries: Enabling Declarative Data-Driven Coordination,SIGMOD,2011,https://openalex.org/A5101903922,Christoph Koch,last
https://openalex.org/W2116019049,An Almost Optimal Unrestricted Fast Johnson-Lindenstrauss Transform,SODA,2011,https://openalex.org/A5033770678,Nir Ailon,first
https://openalex.org/W2116019049,An Almost Optimal Unrestricted Fast Johnson-Lindenstrauss Transform,SODA,2011,https://openalex.org/A5042783525,Edo Liberty,last
https://openalex.org/W2097379719,Cells: A Virtual Mobile Smartphone Architecture,SOSP,2011,https://openalex.org/A5065974086,Maged N. Kamel Boulos,first
https://openalex.org/W2097379719,Cells: A Virtual Mobile Smartphone Architecture,SOSP,2011,https://openalex.org/A5111498618,Steve Wheeler,middle
https://openalex.org/W2097379719,Cells: A Virtual Mobile Smartphone Architecture,SOSP,2011,https://openalex.org/A5033603487,Carlos Tavares,middle
https://openalex.org/W2097379719,Cells: A Virtual Mobile Smartphone Architecture,SOSP,2011,https://openalex.org/A5035055692,Ray Jones,last
https://openalex.org/W2080332495,A File is Not a File: Understanding the I/O Behavior of Apple Desktop Applications,SOSP,2011,https://openalex.org/A5033193597,Tyler Harter,first
https://openalex.org/W2080332495,A File is Not a File: Understanding the I/O Behavior of Apple Desktop Applications,SOSP,2011,https://openalex.org/A5087880833,Chris Dragga,middle
https://openalex.org/W2080332495,A File is Not a File: Understanding the I/O Behavior of Apple Desktop Applications,SOSP,2011,https://openalex.org/A5109840870,Michael Vaughn,middle
https://openalex.org/W2080332495,A File is Not a File: Understanding the I/O Behavior of Apple Desktop Applications,SOSP,2011,https://openalex.org/A5015863866,Andrea C. Arpaci-Dusseau,middle
https://openalex.org/W2080332495,A File is Not a File: Understanding the I/O Behavior of Apple Desktop Applications,SOSP,2011,https://openalex.org/A5035064257,Remzi H. Arpaci-Dusseau,last
https://openalex.org/W2153441719,"Electrical flows, laplacian systems, and faster approximation of maximum flow in undirected graphs",STOC,2011,https://openalex.org/A5037736834,Paul F. Christiano,first
https://openalex.org/W2153441719,"Electrical flows, laplacian systems, and faster approximation of maximum flow in undirected graphs",STOC,2011,https://openalex.org/A5022068777,Jonathan A. Kelner,middle
https://openalex.org/W2153441719,"Electrical flows, laplacian systems, and faster approximation of maximum flow in undirected graphs",STOC,2011,https://openalex.org/A5032574693,Aleksander Mądry,middle
https://openalex.org/W2153441719,"Electrical flows, laplacian systems, and faster approximation of maximum flow in undirected graphs",STOC,2011,https://openalex.org/A5061644327,Daniel A. Spielman,middle
https://openalex.org/W2153441719,"Electrical flows, laplacian systems, and faster approximation of maximum flow in undirected graphs",STOC,2011,https://openalex.org/A5102005063,Shang‐Hua Teng,last
https://openalex.org/W2109237987,Subexponential lower bounds for randomized pivoting rules for the simplex algorithm,STOC,2011,https://openalex.org/A5044839312,Oliver Friedmann,first
https://openalex.org/W2109237987,Subexponential lower bounds for randomized pivoting rules for the simplex algorithm,STOC,2011,https://openalex.org/A5049011416,Thomas Dueholm Hansen,middle
https://openalex.org/W2109237987,Subexponential lower bounds for randomized pivoting rules for the simplex algorithm,STOC,2011,https://openalex.org/A5005525211,Uri Zwick,last
https://openalex.org/W2166493117,SideBySide: Ad-hoc Multi-user Interaction with Handheld Projectors,UIST,2011,https://openalex.org/A5079002770,Karl D. D. Willis,first
https://openalex.org/W2166493117,SideBySide: Ad-hoc Multi-user Interaction with Handheld Projectors,UIST,2011,https://openalex.org/A5004961545,Ivan Poupyrev,middle
https://openalex.org/W2166493117,SideBySide: Ad-hoc Multi-user Interaction with Handheld Projectors,UIST,2011,https://openalex.org/A5039238746,Scott E. Hudson,middle
https://openalex.org/W2166493117,SideBySide: Ad-hoc Multi-user Interaction with Handheld Projectors,UIST,2011,https://openalex.org/A5068828035,Moshe Mahler,last
https://openalex.org/W4230948688,RemusDB: Transparent High-Availability for Database Systems,VLDB,2011,https://openalex.org/A5032253873,Umar Farooq Minhas,first
https://openalex.org/W4230948688,RemusDB: Transparent High-Availability for Database Systems,VLDB,2011,https://openalex.org/A5103555848,Shriram Rajagopalan,middle
https://openalex.org/W4230948688,RemusDB: Transparent High-Availability for Database Systems,VLDB,2011,https://openalex.org/A5055793906,Brendan Cully,middle
https://openalex.org/W4230948688,RemusDB: Transparent High-Availability for Database Systems,VLDB,2011,https://openalex.org/A5000416532,Ashraf Aboulnaga,middle
https://openalex.org/W4230948688,RemusDB: Transparent High-Availability for Database Systems,VLDB,2011,https://openalex.org/A5035977189,Kenneth Salem,middle
https://openalex.org/W4230948688,RemusDB: Transparent High-Availability for Database Systems,VLDB,2011,https://openalex.org/A5002059431,Andrew Warfield,last
https://openalex.org/W2164173709,Towards a theory model for product search,WWW,2011,https://openalex.org/A5100423728,Beibei Li,first
https://openalex.org/W2164173709,Towards a theory model for product search,WWW,2011,https://openalex.org/A5073770532,Anindya Ghose,middle
https://openalex.org/W2164173709,Towards a theory model for product search,WWW,2011,https://openalex.org/A5010731709,Panagiotis G. Ipeirotis,last
https://openalex.org/W1538864647,A Novel Transition Based Encoding Scheme for Planning as Satisfiability,AAAI,2010,https://openalex.org/A5028755343,Ruoyun Huang,first
https://openalex.org/W1538864647,A Novel Transition Based Encoding Scheme for Planning as Satisfiability,AAAI,2010,https://openalex.org/A5100393445,Yixin Chen,middle
https://openalex.org/W1538864647,A Novel Transition Based Encoding Scheme for Planning as Satisfiability,AAAI,2010,https://openalex.org/A5068659777,Weixiong Zhang,last
https://openalex.org/W2468755302,How Incomplete Is Your Semantic Web Reasoner? Systematic Analysis of the Completeness of Query Answering Systems,AAAI,2010,https://openalex.org/A5049201950,Giorgos Stoilos,first
https://openalex.org/W2468755302,How Incomplete Is Your Semantic Web Reasoner? Systematic Analysis of the Completeness of Query Answering Systems,AAAI,2010,https://openalex.org/A5023732514,Bernardo Cuenca Grau,middle
https://openalex.org/W2468755302,How Incomplete Is Your Semantic Web Reasoner? Systematic Analysis of the Completeness of Query Answering Systems,AAAI,2010,https://openalex.org/A5060350556,Ian Horrocks,last
https://openalex.org/W2108788053,Beyond NomBank: A Study of Implicit Arguments for Nominal Predicates,ACL,2010,https://openalex.org/A5034370354,Matthew S. Gerber,first
https://openalex.org/W2108788053,Beyond NomBank: A Study of Implicit Arguments for Nominal Predicates,ACL,2010,https://openalex.org/A5026638047,Joyce Chai,last
https://openalex.org/W2124318441,How does search behavior change as search becomes more difficult?,CHI,2010,https://openalex.org/A5089360871,Anne Aula,first
https://openalex.org/W2124318441,How does search behavior change as search becomes more difficult?,CHI,2010,https://openalex.org/A5031215802,Rehan Khan,middle
https://openalex.org/W2124318441,How does search behavior change as search becomes more difficult?,CHI,2010,https://openalex.org/A5101484540,Zhiwei Guan,last
https://openalex.org/W2119188105,The Tower of Babel Meets Web 2.0: User-Generated Content and its Applications in a Multilingual Context,CHI,2010,https://openalex.org/A5005448339,Brent Hecht,first
https://openalex.org/W2119188105,The Tower of Babel Meets Web 2.0: User-Generated Content and its Applications in a Multilingual Context,CHI,2010,https://openalex.org/A5061173804,Darren Gergle,last
https://openalex.org/W2155385126,Occlusion-Aware Interfaces,CHI,2010,https://openalex.org/A5055522213,Daniel Vogel,first
https://openalex.org/W2155385126,Occlusion-Aware Interfaces,CHI,2010,https://openalex.org/A5063443025,Ravin Balakrishnan,last
https://openalex.org/W2169709590,Skinput: Appropriating the Body as an Input Surface,CHI,2010,https://openalex.org/A5029290807,Chris Harrison,first
https://openalex.org/W2169709590,Skinput: Appropriating the Body as an Input Surface,CHI,2010,https://openalex.org/A5040526518,Desney Tan,middle
https://openalex.org/W2169709590,Skinput: Appropriating the Body as an Input Surface,CHI,2010,https://openalex.org/A5102771133,Dan Morris,last
https://openalex.org/W2142869276,Avaaj Otalo — A Field Study of an Interactive Voice Forum for Small Farmers in Rural India,CHI,2010,https://openalex.org/A5024822400,Neil Patel,first
https://openalex.org/W2142869276,Avaaj Otalo — A Field Study of an Interactive Voice Forum for Small Farmers in Rural India,CHI,2010,https://openalex.org/A5082520066,Deepti Chittamuru,middle
https://openalex.org/W2142869276,Avaaj Otalo — A Field Study of an Interactive Voice Forum for Small Farmers in Rural India,CHI,2010,https://openalex.org/A5101560406,Anupam Jain,middle
https://openalex.org/W2142869276,Avaaj Otalo — A Field Study of an Interactive Voice Forum for Small Farmers in Rural India,CHI,2010,https://openalex.org/A5112394671,Paresh Dave,middle
https://openalex.org/W2142869276,Avaaj Otalo — A Field Study of an Interactive Voice Forum for Small Farmers in Rural India,CHI,2010,https://openalex.org/A5102797162,Tapan S. Parikh,last
https://openalex.org/W2129146498,Lumino: Tangible Blocks for Tabletop Computers Based on Glass Fiber Bundles,CHI,2010,https://openalex.org/A5010621134,Patrick Baudisch,first
https://openalex.org/W2129146498,Lumino: Tangible Blocks for Tabletop Computers Based on Glass Fiber Bundles,CHI,2010,https://openalex.org/A5049154936,T. Becker,middle
https://openalex.org/W2129146498,Lumino: Tangible Blocks for Tabletop Computers Based on Glass Fiber Bundles,CHI,2010,https://openalex.org/A5014246066,Frederik Rudeck,last
https://openalex.org/W2140420369,Feminist HCI: Taking Stock and Outlining an Agenda for Design,CHI,2010,https://openalex.org/A5109353454,Shaowen Bardzell,first
https://openalex.org/W2158447593,Prefab: Implementing Advanced Behaviors Using Pixel-Based Reverse Engineering of Interface Structure,CHI,2010,https://openalex.org/A5086908367,Morgan Dixon,first
https://openalex.org/W2158447593,Prefab: Implementing Advanced Behaviors Using Pixel-Based Reverse Engineering of Interface Structure,CHI,2010,https://openalex.org/A5066568444,James Fogarty,last
https://openalex.org/W2119698661,Mobile-izing Health Workers in Rural India,CHI,2010,https://openalex.org/A5028502113,Divya Ramachandran,first
https://openalex.org/W2119698661,Mobile-izing Health Workers in Rural India,CHI,2010,https://openalex.org/A5089723214,John Canny,middle
https://openalex.org/W2119698661,Mobile-izing Health Workers in Rural India,CHI,2010,https://openalex.org/A5018395131,Prabhu Dutta Das,middle
https://openalex.org/W2119698661,Mobile-izing Health Workers in Rural India,CHI,2010,https://openalex.org/A5023381858,Edward Cutrell,last
https://openalex.org/W2104113460,Mapping the Landscape of Sustainable HCI,CHI,2010,https://openalex.org/A5052104584,Carl DiSalvo,first
https://openalex.org/W2104113460,Mapping the Landscape of Sustainable HCI,CHI,2010,https://openalex.org/A5059066123,Phoebe Sengers,middle
https://openalex.org/W2104113460,Mapping the Landscape of Sustainable HCI,CHI,2010,https://openalex.org/A5067384837,Hrönn Brynjarsdóttir,last
https://openalex.org/W2127523455,The Design of Eco-Feedback Technology,CHI,2010,https://openalex.org/A5016828530,Jon E. Froehlich,first
https://openalex.org/W2127523455,The Design of Eco-Feedback Technology,CHI,2010,https://openalex.org/A5031744461,Leah Findlater,middle
https://openalex.org/W2127523455,The Design of Eco-Feedback Technology,CHI,2010,https://openalex.org/A5072285921,James A. Landay,last
https://openalex.org/W2120326355,Useful Junk? The Effects of Visual Embellishment on Comprehension and Memorability of Charts,CHI,2010,https://openalex.org/A5040959667,Scott Bateman,first
https://openalex.org/W2120326355,Useful Junk? The Effects of Visual Embellishment on Comprehension and Memorability of Charts,CHI,2010,https://openalex.org/A5012723133,Regan L. Mandryk,middle
https://openalex.org/W2120326355,Useful Junk? The Effects of Visual Embellishment on Comprehension and Memorability of Charts,CHI,2010,https://openalex.org/A5081930058,Carl Gutwin,middle
https://openalex.org/W2120326355,Useful Junk? The Effects of Visual Embellishment on Comprehension and Memorability of Charts,CHI,2010,https://openalex.org/A5059399827,Aaron Genest,middle
https://openalex.org/W2120326355,Useful Junk? The Effects of Visual Embellishment on Comprehension and Memorability of Charts,CHI,2010,https://openalex.org/A5022609697,David McDine,middle
https://openalex.org/W2120326355,Useful Junk? The Effects of Visual Embellishment on Comprehension and Memorability of Charts,CHI,2010,https://openalex.org/A5081802677,Christopher Brooks,last
https://openalex.org/W1965442176,MENTA: Inducing Multilingual Taxonomies from Wikipedia,CIKM,2010,https://openalex.org/A5085818578,Gerard de Melo,first
https://openalex.org/W1965442176,MENTA: Inducing Multilingual Taxonomies from Wikipedia,CIKM,2010,https://openalex.org/A5088135366,Gerhard Weikum,last
https://openalex.org/W1982304915,FACeTOR: cost-driven exploration of faceted query results,CIKM,2010,https://openalex.org/A5006306262,Abhijith Kashyap,first
https://openalex.org/W1982304915,FACeTOR: cost-driven exploration of faceted query results,CIKM,2010,https://openalex.org/A5113814074,Vagelis Hristidis,middle
https://openalex.org/W1982304915,FACeTOR: cost-driven exploration of faceted query results,CIKM,2010,https://openalex.org/A5027125531,Michalis Petropoulos,last
https://openalex.org/W2124584309,Efficient Computation of Robust Low-Rank Matrix Approximations in the Presence of Missing Data using the L1 Norm,CVPR,2010,https://openalex.org/A5069883194,Anders Eriksson,first
https://openalex.org/W2124584309,Efficient Computation of Robust Low-Rank Matrix Approximations in the Presence of Missing Data using the L1 Norm,CVPR,2010,https://openalex.org/A5028024287,Anton van den Hengel,last
https://openalex.org/W2242403914,Subexponential Algorithms for Unique Games and Related Problems,FOCS,2010,https://openalex.org/A5103334936,Sanjeev Arora,first
https://openalex.org/W2242403914,Subexponential Algorithms for Unique Games and Related Problems,FOCS,2010,https://openalex.org/A5102710346,Boaz Barak,middle
https://openalex.org/W2242403914,Subexponential Algorithms for Unique Games and Related Problems,FOCS,2010,https://openalex.org/A5089128021,David Steurer,last
https://openalex.org/W2165356592,Computational Transition at the Uniqueness Threshold,FOCS,2010,https://openalex.org/A5076570918,Allan Sly,first
https://openalex.org/W2011334641,Approximation Algorithms for the Edge-Disjoint Paths Problem via Raecke Decompositions,FOCS,2010,https://openalex.org/A5077188973,Matthew Andrews,first
https://openalex.org/W2056637671,Staged Concurrent Program Analysis,FSE,2010,https://openalex.org/A5078587812,Nishant Sinha,first
https://openalex.org/W2056637671,Staged Concurrent Program Analysis,FSE,2010,https://openalex.org/A5100407035,Chao Wang,last
https://openalex.org/W2082638814,Developer Fluency: Achieving True Mastery in Software Projects,FSE,2010,https://openalex.org/A5065977454,Minghui Zhou,first
https://openalex.org/W2082638814,Developer Fluency: Achieving True Mastery in Software Projects,FSE,2010,https://openalex.org/A5067199285,Audris Mockus,last
https://openalex.org/W2166271660,Creating and evolving developer documentation: understanding the decisions of open source contributors,FSE,2010,https://openalex.org/A5083631720,Barthélémy Dagenais,first
https://openalex.org/W2166271660,Creating and evolving developer documentation: understanding the decisions of open source contributors,FSE,2010,https://openalex.org/A5059244952,Martin P. Robillard,last
https://openalex.org/W1515884010,Hilbert Space Embeddings of Hidden Markov Models,ICML,2010,https://openalex.org/A5030863830,Nishant A. Mehta,first
https://openalex.org/W1515884010,Hilbert Space Embeddings of Hidden Markov Models,ICML,2010,https://openalex.org/A5005255629,Alexander Gray,last
https://openalex.org/W2169970157,Collaborative Reliability Prediction of Service-Oriented Systems,ICSE,2010,https://openalex.org/A5000582109,Zibin Zheng,first
https://openalex.org/W2169970157,Collaborative Reliability Prediction of Service-Oriented Systems,ICSE,2010,https://openalex.org/A5069596903,Michael R. Lyu,last
https://openalex.org/W2127190390,A Degree-of-Knowledge Model to Capture Source Code Familiarity,ICSE,2010,https://openalex.org/A5089828454,Thomas Fritz,first
https://openalex.org/W2127190390,A Degree-of-Knowledge Model to Capture Source Code Familiarity,ICSE,2010,https://openalex.org/A5023884479,Jingwen Ou,middle
https://openalex.org/W2127190390,A Degree-of-Knowledge Model to Capture Source Code Familiarity,ICSE,2010,https://openalex.org/A5084524791,Gail C. Murphy,middle
https://openalex.org/W2127190390,A Degree-of-Knowledge Model to Capture Source Code Familiarity,ICSE,2010,https://openalex.org/A5052426710,Emerson Murphy-Hill,last
https://openalex.org/W2122987719,A Machine Learning Approach for Tracing Regulatory Codes to Product Specific Requirements,ICSE,2010,https://openalex.org/A5037363688,Jane Cleland‐Huang,first
https://openalex.org/W2122987719,A Machine Learning Approach for Tracing Regulatory Codes to Product Specific Requirements,ICSE,2010,https://openalex.org/A5051133116,Adam Czauderna,middle
https://openalex.org/W2122987719,A Machine Learning Approach for Tracing Regulatory Codes to Product Specific Requirements,ICSE,2010,https://openalex.org/A5062838041,Marek Gibiec,middle
https://openalex.org/W2122987719,A Machine Learning Approach for Tracing Regulatory Codes to Product Specific Requirements,ICSE,2010,https://openalex.org/A5057651818,John Emenecker,last
https://openalex.org/W2109039735,A Cut-off Approach for Bounded Verification of Parameterized Systems,ICSE,2010,https://openalex.org/A5011785079,Qiusong Yang,first
https://openalex.org/W2109039735,A Cut-off Approach for Bounded Verification of Parameterized Systems,ICSE,2010,https://openalex.org/A5091468980,Mingshu Li,last
https://openalex.org/W2118155805,Test Generation through Programming in UDITA,ICSE,2010,https://openalex.org/A5063052820,Milos Gligoric,first
https://openalex.org/W2118155805,Test Generation through Programming in UDITA,ICSE,2010,https://openalex.org/A5051155440,Tihomir Gvero,middle
https://openalex.org/W2118155805,Test Generation through Programming in UDITA,ICSE,2010,https://openalex.org/A5025340145,Vilas Jagannath,middle
https://openalex.org/W2118155805,Test Generation through Programming in UDITA,ICSE,2010,https://openalex.org/A5102146282,Sarfraz Khurshid,middle
https://openalex.org/W2118155805,Test Generation through Programming in UDITA,ICSE,2010,https://openalex.org/A5008699657,Viktor Kunčak,middle
https://openalex.org/W2118155805,Test Generation through Programming in UDITA,ICSE,2010,https://openalex.org/A5081289583,Darko Marinov,last
https://openalex.org/W2155444758,On the Feasibility and Efficacy of Protection Routing in IP Networks,INFOCOM,2010,https://openalex.org/A5071597932,Kin-Wah Kwong,first
https://openalex.org/W2155444758,On the Feasibility and Efficacy of Protection Routing in IP Networks,INFOCOM,2010,https://openalex.org/A5019000951,Lixin Gao,middle
https://openalex.org/W2155444758,On the Feasibility and Efficacy of Protection Routing in IP Networks,INFOCOM,2010,https://openalex.org/A5070918610,R. Guérin,middle
https://openalex.org/W2155444758,On the Feasibility and Efficacy of Protection Routing in IP Networks,INFOCOM,2010,https://openalex.org/A5100622097,Zhi-Li Zhang,last
https://openalex.org/W1968532429,Connecting the dots between news articles,KDD,2010,https://openalex.org/A5009660759,Dafna Shahaf,first
https://openalex.org/W1968532429,Connecting the dots between news articles,KDD,2010,https://openalex.org/A5090739892,Carlos Guestrin,last
https://openalex.org/W1662133657,Large linear classification when data cannot fit in memory,KDD,2010,https://openalex.org/A5027819738,Peter D. Turney,first
https://openalex.org/W1662133657,Large linear classification when data cannot fit in memory,KDD,2010,https://openalex.org/A5041476585,Patrick Pantel,last
https://openalex.org/W2145467766,Efficient System-Enforced Deterministic Parallelism,OSDI,2010,https://openalex.org/A5010031675,Amittai Aviram,first
https://openalex.org/W2145467766,Efficient System-Enforced Deterministic Parallelism,OSDI,2010,https://openalex.org/A5058555162,Shu-Chun Weng,middle
https://openalex.org/W2145467766,Efficient System-Enforced Deterministic Parallelism,OSDI,2010,https://openalex.org/A5101555473,Sen Hu,middle
https://openalex.org/W2145467766,Efficient System-Enforced Deterministic Parallelism,OSDI,2010,https://openalex.org/A5045962151,Bryan Ford,last
https://openalex.org/W1893312510,The Turtles Project: Design and Implementation of Nested Virtualization,OSDI,2010,https://openalex.org/A5066531106,Muli Ben-Yehuda,first
https://openalex.org/W1893312510,The Turtles Project: Design and Implementation of Nested Virtualization,OSDI,2010,https://openalex.org/A5105884694,Michael D. Day,middle
https://openalex.org/W1893312510,The Turtles Project: Design and Implementation of Nested Virtualization,OSDI,2010,https://openalex.org/A5008684829,Zvi Dubitzky,middle
https://openalex.org/W1893312510,The Turtles Project: Design and Implementation of Nested Virtualization,OSDI,2010,https://openalex.org/A5051485032,Michael Factor,middle
https://openalex.org/W1893312510,The Turtles Project: Design and Implementation of Nested Virtualization,OSDI,2010,https://openalex.org/A5022917870,Nadav Har’El,middle
https://openalex.org/W1893312510,The Turtles Project: Design and Implementation of Nested Virtualization,OSDI,2010,https://openalex.org/A5030403759,Abel Gordon,middle
https://openalex.org/W1893312510,The Turtles Project: Design and Implementation of Nested Virtualization,OSDI,2010,https://openalex.org/A5032344252,Anthony Liguori,middle
https://openalex.org/W1893312510,The Turtles Project: Design and Implementation of Nested Virtualization,OSDI,2010,https://openalex.org/A5037113272,Orit Wasserman,middle
https://openalex.org/W1893312510,The Turtles Project: Design and Implementation of Nested Virtualization,OSDI,2010,https://openalex.org/A5052962850,Ben-Ami Yassour,last
https://openalex.org/W2141729404,Safe to the Last Instruction: Automated Verification of a Type-Safe Operating System,PLDI,2010,https://openalex.org/A5028524705,Jean Yang,first
https://openalex.org/W2141729404,Safe to the Last Instruction: Automated Verification of a Type-Safe Operating System,PLDI,2010,https://openalex.org/A5016958899,Chris Hawblitzel,last
https://openalex.org/W2103126020,An Optimal Algorithm for the Distinct Elements Problem,PODS,2010,https://openalex.org/A5035962853,Daniel M. Kane,first
https://openalex.org/W2103126020,An Optimal Algorithm for the Distinct Elements Problem,PODS,2010,https://openalex.org/A5109135732,Jelani Nelson,middle
https://openalex.org/W2103126020,An Optimal Algorithm for the Distinct Elements Problem,PODS,2010,https://openalex.org/A5102861589,David P. Woodruff,last
https://openalex.org/W1985225657,SCiFI - A System for Secure Face Identification,S&P,2010,https://openalex.org/A5068276075,Margarita Osadchy,first
https://openalex.org/W1985225657,SCiFI - A System for Secure Face Identification,S&P,2010,https://openalex.org/A5089439033,Benny Pinkas,middle
https://openalex.org/W1985225657,SCiFI - A System for Secure Face Identification,S&P,2010,https://openalex.org/A5014539613,Ayman Jarrous,middle
https://openalex.org/W1985225657,SCiFI - A System for Secure Face Identification,S&P,2010,https://openalex.org/A5017504621,Boaz Moskovich,last
https://openalex.org/W3138585045,Efficient Error Estimating Coding: Feasibility and Applications,SIGCOMM,2010,https://openalex.org/A5100687673,Binbin Chen,first
https://openalex.org/W3138585045,Efficient Error Estimating Coding: Feasibility and Applications,SIGCOMM,2010,https://openalex.org/A5071920857,Ziling Zhou,middle
https://openalex.org/W3138585045,Efficient Error Estimating Coding: Feasibility and Applications,SIGCOMM,2010,https://openalex.org/A5041703865,Yuda Zhao,middle
https://openalex.org/W3138585045,Efficient Error Estimating Coding: Feasibility and Applications,SIGCOMM,2010,https://openalex.org/A5114985944,Haifeng Yu,last
https://openalex.org/W2109913881,Assessing the Scenic Route: Measuring the Value of Search Trails in Web Logs,SIGIR,2010,https://openalex.org/A5076259865,Ryen W. White,first
https://openalex.org/W2109913881,Assessing the Scenic Route: Measuring the Value of Search Trails in Web Logs,SIGIR,2010,https://openalex.org/A5052381120,Jeff Huang,last
https://openalex.org/W2152475116,Load balancing via random local search in closed and open systems,SIGMETRICS,2010,https://openalex.org/A5108079444,Ayalvadi Ganesh,first
https://openalex.org/W2152475116,Load balancing via random local search in closed and open systems,SIGMETRICS,2010,https://openalex.org/A5041503751,Sarah Lilienthal,middle
https://openalex.org/W2152475116,Load balancing via random local search in closed and open systems,SIGMETRICS,2010,https://openalex.org/A5017359920,D. Manjunath,middle
https://openalex.org/W2152475116,Load balancing via random local search in closed and open systems,SIGMETRICS,2010,https://openalex.org/A5025136069,Alexandre Proutière,middle
https://openalex.org/W2152475116,Load balancing via random local search in closed and open systems,SIGMETRICS,2010,https://openalex.org/A5032948315,Florian Simatos,last
https://openalex.org/W2151224499,FAST: fast architecture sensitive tree search on modern CPUs and GPUs,SIGMOD,2010,https://openalex.org/A5101667271,Changkyu Kim,first
https://openalex.org/W2151224499,FAST: fast architecture sensitive tree search on modern CPUs and GPUs,SIGMOD,2010,https://openalex.org/A5059686266,Jatin Chhugani,middle
https://openalex.org/W2151224499,FAST: fast architecture sensitive tree search on modern CPUs and GPUs,SIGMOD,2010,https://openalex.org/A5111985072,Nadathur Satish,middle
https://openalex.org/W2151224499,FAST: fast architecture sensitive tree search on modern CPUs and GPUs,SIGMOD,2010,https://openalex.org/A5032299527,Eric Sedlar,middle
https://openalex.org/W2151224499,FAST: fast architecture sensitive tree search on modern CPUs and GPUs,SIGMOD,2010,https://openalex.org/A5047809126,Anthony D. Nguyen,middle
https://openalex.org/W2151224499,FAST: fast architecture sensitive tree search on modern CPUs and GPUs,SIGMOD,2010,https://openalex.org/A5058607529,Tim Kaldewey,middle
https://openalex.org/W2151224499,FAST: fast architecture sensitive tree search on modern CPUs and GPUs,SIGMOD,2010,https://openalex.org/A5109971580,Victor W. Lee,middle
https://openalex.org/W2151224499,FAST: fast architecture sensitive tree search on modern CPUs and GPUs,SIGMOD,2010,https://openalex.org/A5001788317,Scott Brandt,middle
https://openalex.org/W2151224499,FAST: fast architecture sensitive tree search on modern CPUs and GPUs,SIGMOD,2010,https://openalex.org/A5032238070,Pradeep Dubey,last
https://openalex.org/W1480355964,An O(log n/log log n)-approximation Algorithm for the Asymmetric Traveling Salesman Problem,SODA,2010,https://openalex.org/A5081042997,Arash Asadpour,first
https://openalex.org/W1480355964,An O(log n/log log n)-approximation Algorithm for the Asymmetric Traveling Salesman Problem,SODA,2010,https://openalex.org/A5112864313,Michel X. Goemans,middle
https://openalex.org/W1480355964,An O(log n/log log n)-approximation Algorithm for the Asymmetric Traveling Salesman Problem,SODA,2010,https://openalex.org/A5032574693,Aleksander Mądry,middle
https://openalex.org/W1480355964,An O(log n/log log n)-approximation Algorithm for the Asymmetric Traveling Salesman Problem,SODA,2010,https://openalex.org/A5017101724,Shayan Oveis Gharan,middle
https://openalex.org/W1480355964,An O(log n/log log n)-approximation Algorithm for the Asymmetric Traveling Salesman Problem,SODA,2010,https://openalex.org/A5001035442,Amin Saberi,last
https://openalex.org/W2912359042,QIP = PSPACE,STOC,2010,https://openalex.org/A5051676245,Rahul Jain,first
https://openalex.org/W2912359042,QIP = PSPACE,STOC,2010,https://openalex.org/A5043930796,Zhengfeng Ji,middle
https://openalex.org/W2912359042,QIP = PSPACE,STOC,2010,https://openalex.org/A5075969007,Sarvagya Upadhyay,middle
https://openalex.org/W2912359042,QIP = PSPACE,STOC,2010,https://openalex.org/A5022329888,John Watrous,last
https://openalex.org/W1991055327,An improved LP-based approximation for steiner tree,STOC,2010,https://openalex.org/A5023591555,Jarosław Byrka,first
https://openalex.org/W1991055327,An improved LP-based approximation for steiner tree,STOC,2010,https://openalex.org/A5034276567,Fabrizio Grandoni,middle
https://openalex.org/W1991055327,An improved LP-based approximation for steiner tree,STOC,2010,https://openalex.org/A5008952420,Thomas Rothvoß,middle
https://openalex.org/W1991055327,An improved LP-based approximation for steiner tree,STOC,2010,https://openalex.org/A5051955401,Laura Sanità,last
https://openalex.org/W2090048052,VizWiz: nearly real-time answers to visual questions,UIST,2010,https://openalex.org/A5082603621,Jeffrey P. Bigham,first
https://openalex.org/W2090048052,VizWiz: nearly real-time answers to visual questions,UIST,2010,https://openalex.org/A5084269195,Chandrika Jayant,middle
https://openalex.org/W2090048052,VizWiz: nearly real-time answers to visual questions,UIST,2010,https://openalex.org/A5051921091,Hanjie Ji,middle
https://openalex.org/W2090048052,VizWiz: nearly real-time answers to visual questions,UIST,2010,https://openalex.org/A5024401049,Greg Little,middle
https://openalex.org/W2090048052,VizWiz: nearly real-time answers to visual questions,UIST,2010,https://openalex.org/A5005295367,Andrew Miller,middle
https://openalex.org/W2090048052,VizWiz: nearly real-time answers to visual questions,UIST,2010,https://openalex.org/A5091023123,Robert C. Miller,middle
https://openalex.org/W2090048052,VizWiz: nearly real-time answers to visual questions,UIST,2010,https://openalex.org/A5055945287,Robin Miller,middle
https://openalex.org/W2090048052,VizWiz: nearly real-time answers to visual questions,UIST,2010,https://openalex.org/A5060330120,Aubrey Tatarowicz,middle
https://openalex.org/W2090048052,VizWiz: nearly real-time answers to visual questions,UIST,2010,https://openalex.org/A5111380600,Brandyn White,middle
https://openalex.org/W2090048052,VizWiz: nearly real-time answers to visual questions,UIST,2010,https://openalex.org/A5013470012,S.K. White,middle
https://openalex.org/W2090048052,VizWiz: nearly real-time answers to visual questions,UIST,2010,https://openalex.org/A5070687718,Tom Yeh,last
https://openalex.org/W3000214033,Towards Certain Fixes with Editing Rules and Master Data,VLDB,2010,https://openalex.org/A5070565287,Wenfei Fan,first
https://openalex.org/W3000214033,Towards Certain Fixes with Editing Rules and Master Data,VLDB,2010,https://openalex.org/A5100387065,Jianzhong Li,middle
https://openalex.org/W3000214033,Towards Certain Fixes with Editing Rules and Master Data,VLDB,2010,https://openalex.org/A5006980420,Shuai Ma,middle
https://openalex.org/W3000214033,Towards Certain Fixes with Editing Rules and Master Data,VLDB,2010,https://openalex.org/A5101824160,Nan Tang,middle
https://openalex.org/W3000214033,Towards Certain Fixes with Editing Rules and Master Data,VLDB,2010,https://openalex.org/A5032456107,Wenyuan Yu,last
https://openalex.org/W2171279286,Factorizing personalized Markov chains for next-basket recommendation,WWW,2010,https://openalex.org/A5080877905,Steffen Rendle,first
https://openalex.org/W2171279286,Factorizing personalized Markov chains for next-basket recommendation,WWW,2010,https://openalex.org/A5082540454,Christoph Freudenthaler,middle
https://openalex.org/W2171279286,Factorizing personalized Markov chains for next-basket recommendation,WWW,2010,https://openalex.org/A5039470755,Lars Schmidt-Thieme,last
https://openalex.org/W2150114207,K-Best A* Parsing,ACL,2009,https://openalex.org/A5001722321,Adam Pauls,first
https://openalex.org/W2150114207,K-Best A* Parsing,ACL,2009,https://openalex.org/A5004921249,Dan Klein,last
https://openalex.org/W2122223050,Reinforcement Learning for Mapping Instructions to Actions,ACL,2009,https://openalex.org/A5004854992,S. R. K. Branavan,first
https://openalex.org/W2122223050,Reinforcement Learning for Mapping Instructions to Actions,ACL,2009,https://openalex.org/A5053694765,Harr Chen,middle
https://openalex.org/W2122223050,Reinforcement Learning for Mapping Instructions to Actions,ACL,2009,https://openalex.org/A5067919401,Luke Zettlemoyer,middle
https://openalex.org/W2122223050,Reinforcement Learning for Mapping Instructions to Actions,ACL,2009,https://openalex.org/A5010124873,Regina Barzilay,last
https://openalex.org/W2142603219,Concise Integer Linear Programming Formulations for Dependency Parsing,ACL,2009,https://openalex.org/A5051693368,André F. T. Martins,first
https://openalex.org/W2142603219,Concise Integer Linear Programming Formulations for Dependency Parsing,ACL,2009,https://openalex.org/A5088517824,Noah A. Smith,middle
https://openalex.org/W2142603219,Concise Integer Linear Programming Formulations for Dependency Parsing,ACL,2009,https://openalex.org/A5009547049,Eric P. Xing,last
https://openalex.org/W2124142520,Predicting Tie Strength With Social Media,CHI,2009,https://openalex.org/A5024795472,Éric Gilbert,first
https://openalex.org/W2124142520,Predicting Tie Strength With Social Media,CHI,2009,https://openalex.org/A5075056899,Karrie Karahalios,last
https://openalex.org/W2116041277,Undo and Erase Events as Indicators of Usability Problems,CHI,2009,https://openalex.org/A5000102893,David Akers,first
https://openalex.org/W2116041277,Undo and Erase Events as Indicators of Usability Problems,CHI,2009,https://openalex.org/A5113667871,Matthew Simpson,middle
https://openalex.org/W2116041277,Undo and Erase Events as Indicators of Usability Problems,CHI,2009,https://openalex.org/A5072679108,Robin Jeffries,middle
https://openalex.org/W2116041277,Undo and Erase Events as Indicators of Usability Problems,CHI,2009,https://openalex.org/A5005685978,Terry Winograd,last
https://openalex.org/W2162065809,From Interaction to Trajectories: Designing Coherent Journeys Through User Experiences,CHI,2009,https://openalex.org/A5086725824,Steve Benford,first
https://openalex.org/W2162065809,From Interaction to Trajectories: Designing Coherent Journeys Through User Experiences,CHI,2009,https://openalex.org/A5055807602,Gabriella Giannachi,middle
https://openalex.org/W2162065809,From Interaction to Trajectories: Designing Coherent Journeys Through User Experiences,CHI,2009,https://openalex.org/A5073280695,Boriana Koleva,middle
https://openalex.org/W2162065809,From Interaction to Trajectories: Designing Coherent Journeys Through User Experiences,CHI,2009,https://openalex.org/A5113437182,Tom Rodden,last
https://openalex.org/W2114197969,Sizing the Horizon: The Effects of Chart Size and Layering on the Graphical Perception of Time Series Visualizations,CHI,2009,https://openalex.org/A5083211235,Trevor J. Blank,first
https://openalex.org/W2061766138,Social Immersive Media: Pursuing Best Practices for Multi-user Interactive Camera/Projector Exhibits,CHI,2009,https://openalex.org/A5071976555,Scott S. Snibbe,first
https://openalex.org/W2061766138,Social Immersive Media: Pursuing Best Practices for Multi-user Interactive Camera/Projector Exhibits,CHI,2009,https://openalex.org/A5086532623,Hayes Raffle,last
https://openalex.org/W2097298348,Ephemeral Adaptation: The Use of Gradual Onset to Improve Menu Selection Performance,CHI,2009,https://openalex.org/A5031744461,Leah Findlater,first
https://openalex.org/W2097298348,Ephemeral Adaptation: The Use of Gradual Onset to Improve Menu Selection Performance,CHI,2009,https://openalex.org/A5038999619,Karyn Moffatt,middle
https://openalex.org/W2097298348,Ephemeral Adaptation: The Use of Gradual Onset to Improve Menu Selection Performance,CHI,2009,https://openalex.org/A5016459516,Joanna McGrenere,middle
https://openalex.org/W2097298348,Ephemeral Adaptation: The Use of Gradual Onset to Improve Menu Selection Performance,CHI,2009,https://openalex.org/A5068543150,Jessica Q. Dawson,last
https://openalex.org/W2082973176,On the Feasibility of Multi-Site Web Search Engines,CIKM,2009,https://openalex.org/A5076204770,Ricardo Baeza‐Yates,first
https://openalex.org/W2082973176,On the Feasibility of Multi-Site Web Search Engines,CIKM,2009,https://openalex.org/A5022164041,Aristides Gionis,middle
https://openalex.org/W2082973176,On the Feasibility of Multi-Site Web Search Engines,CIKM,2009,https://openalex.org/A5039618797,Flavio Junqueira,middle
https://openalex.org/W2082973176,On the Feasibility of Multi-Site Web Search Engines,CIKM,2009,https://openalex.org/A5110866799,Vassilis Plachouras,middle
https://openalex.org/W2082973176,On the Feasibility of Multi-Site Web Search Engines,CIKM,2009,https://openalex.org/A5018128278,Luca Telloli,last
https://openalex.org/W1990592195,Single Image Haze Removal Using Dark Channel Prior,CVPR,2009,https://openalex.org/A5100700361,Kaiming He,first
https://openalex.org/W1990592195,Single Image Haze Removal Using Dark Channel Prior,CVPR,2009,https://openalex.org/A5101425421,Jian Sun,middle
https://openalex.org/W1990592195,Single Image Haze Removal Using Dark Channel Prior,CVPR,2009,https://openalex.org/A5089058945,Xiaoou Tang,last
https://openalex.org/W2073961002,Asserting and checking determinism for multithreaded programs,FSE,2009,https://openalex.org/A5072031454,Jacob Burnim,first
https://openalex.org/W2073961002,Asserting and checking determinism for multithreaded programs,FSE,2009,https://openalex.org/A5101569699,Koushik Sen,last
https://openalex.org/W2136880809,Darwin: an approach for debugging evolving programs,FSE,2009,https://openalex.org/A5101874838,Dawei Qi,first
https://openalex.org/W2136880809,Darwin: an approach for debugging evolving programs,FSE,2009,https://openalex.org/A5060115298,Abhik Roychoudhury,middle
https://openalex.org/W2136880809,Darwin: an approach for debugging evolving programs,FSE,2009,https://openalex.org/A5084611756,Zhenkai Liang,middle
https://openalex.org/W2136880809,Darwin: an approach for debugging evolving programs,FSE,2009,https://openalex.org/A5011779401,Kapil Vaswani,last
https://openalex.org/W2059215200,Graph-based Mining of Multiple Object Usage Patterns,FSE,2009,https://openalex.org/A5100642009,Tung Nguyen,first
https://openalex.org/W2059215200,Graph-based Mining of Multiple Object Usage Patterns,FSE,2009,https://openalex.org/A5044339946,Hoan Anh Nguyen,middle
https://openalex.org/W2059215200,Graph-based Mining of Multiple Object Usage Patterns,FSE,2009,https://openalex.org/A5102141585,Nam H. Pham,middle
https://openalex.org/W2059215200,Graph-based Mining of Multiple Object Usage Patterns,FSE,2009,https://openalex.org/A5089165522,Jafar M. Al-Kofahi,middle
https://openalex.org/W2059215200,Graph-based Mining of Multiple Object Usage Patterns,FSE,2009,https://openalex.org/A5089000736,Tien N. Nguyen,last
https://openalex.org/W2142037471,Discriminative models for multi-class object layout,ICCV,2009,https://openalex.org/A5049280707,Chaitanya Desai,first
https://openalex.org/W2142037471,Discriminative models for multi-class object layout,ICCV,2009,https://openalex.org/A5004353237,Deva Ramanan,middle
https://openalex.org/W2142037471,Discriminative models for multi-class object layout,ICCV,2009,https://openalex.org/A5044978076,Charless C. Fowlkes,last
https://openalex.org/W2084809122,Structure preserving embedding,ICML,2009,https://openalex.org/A5054163834,Blake Shaw,first
https://openalex.org/W2084809122,Structure preserving embedding,ICML,2009,https://openalex.org/A5068077704,Tony Jebara,last
https://openalex.org/W2132800423,Effective Static Deadlock Detection,ICSE,2009,https://openalex.org/A5075879790,Mayur Naik,first
https://openalex.org/W2132800423,Effective Static Deadlock Detection,ICSE,2009,https://openalex.org/A5019674946,Chang‐Seo Park,middle
https://openalex.org/W2132800423,Effective Static Deadlock Detection,ICSE,2009,https://openalex.org/A5101569699,Koushik Sen,middle
https://openalex.org/W2132800423,Effective Static Deadlock Detection,ICSE,2009,https://openalex.org/A5111945527,David Gay,last
https://openalex.org/W2046434103,Does Distributed Development Affect Software Quality? An Empirical Case Study of Windows Vista,ICSE,2009,https://openalex.org/A5036278905,Christian Bird,first
https://openalex.org/W2046434103,Does Distributed Development Affect Software Quality? An Empirical Case Study of Windows Vista,ICSE,2009,https://openalex.org/A5101612061,Nachiappan Nagappan,middle
https://openalex.org/W2046434103,Does Distributed Development Affect Software Quality? An Empirical Case Study of Windows Vista,ICSE,2009,https://openalex.org/A5036744986,Prémkumar Dévanbu,middle
https://openalex.org/W2046434103,Does Distributed Development Affect Software Quality? An Empirical Case Study of Windows Vista,ICSE,2009,https://openalex.org/A5009436227,Harald C. Gall,middle
https://openalex.org/W2046434103,Does Distributed Development Affect Software Quality? An Empirical Case Study of Windows Vista,ICSE,2009,https://openalex.org/A5075932839,Thomas Brendan Murphy,last
https://openalex.org/W2098664130,"How We Refactor, and How We Know It",ICSE,2009,https://openalex.org/A5052426710,Emerson Murphy-Hill,first
https://openalex.org/W2098664130,"How We Refactor, and How We Know It",ICSE,2009,https://openalex.org/A5024034818,Chris Parnin,middle
https://openalex.org/W2098664130,"How We Refactor, and How We Know It",ICSE,2009,https://openalex.org/A5020465849,Andrew P. Black,last
https://openalex.org/W2122947685,Automatically finding patches using genetic programming,ICSE,2009,https://openalex.org/A5083601969,Westley Weimer,first
https://openalex.org/W2122947685,Automatically finding patches using genetic programming,ICSE,2009,https://openalex.org/A5069411288,ThanhVu Nguyen,middle
https://openalex.org/W2122947685,Automatically finding patches using genetic programming,ICSE,2009,https://openalex.org/A5032356672,Claire Le Goues,middle
https://openalex.org/W2122947685,Automatically finding patches using genetic programming,ICSE,2009,https://openalex.org/A5114376382,Stephanie Forrest,last
https://openalex.org/W2156883549,Invariant-Based Automatic Testing of AJAX User Interfaces,ICSE,2009,https://openalex.org/A5023086966,Ali Mesbah,first
https://openalex.org/W2156883549,Invariant-Based Automatic Testing of AJAX User Interfaces,ICSE,2009,https://openalex.org/A5090401584,Arie van Deursen,last
https://openalex.org/W1496830905,Learning Conditional Preference Networks with Queries,IJCAI,2009,https://openalex.org/A5075449658,Frédéric Koriche,first
https://openalex.org/W1528986923,Consequence-Driven Reasoning for Horn SHIQ Ontologies,IJCAI,2009,https://openalex.org/A5012658016,Yevgeny Kazakov,first
https://openalex.org/W2163609156,Queuing Network Models for Multi-Channel P2P Live Streaming Systems,INFOCOM,2009,https://openalex.org/A5100735704,Di Wu,first
https://openalex.org/W2163609156,Queuing Network Models for Multi-Channel P2P Live Streaming Systems,INFOCOM,2009,https://openalex.org/A5114211327,Yuntao Liu,middle
https://openalex.org/W2163609156,Queuing Network Models for Multi-Channel P2P Live Streaming Systems,INFOCOM,2009,https://openalex.org/A5101801953,Keith W. Ross,last
https://openalex.org/W2080320419,Collaborative Filtering with Temporal Dynamics,KDD,2009,https://openalex.org/A5113974966,Yehuda Koren,first
https://openalex.org/W2135573205,CENTAUR: Realizing the Full Potential of Centralized WLANs through a Hybrid Data Path,MOBICOM,2009,https://openalex.org/A5103031701,Vivek Shrivastava,first
https://openalex.org/W2135573205,CENTAUR: Realizing the Full Potential of Centralized WLANs through a Hybrid Data Path,MOBICOM,2009,https://openalex.org/A5112277360,Nabeel Ahmed,middle
https://openalex.org/W2135573205,CENTAUR: Realizing the Full Potential of Centralized WLANs through a Hybrid Data Path,MOBICOM,2009,https://openalex.org/A5023962451,Shravan Rayanchu,middle
https://openalex.org/W2135573205,CENTAUR: Realizing the Full Potential of Centralized WLANs through a Hybrid Data Path,MOBICOM,2009,https://openalex.org/A5105422222,Suman Banerjee,middle
https://openalex.org/W2135573205,CENTAUR: Realizing the Full Potential of Centralized WLANs through a Hybrid Data Path,MOBICOM,2009,https://openalex.org/A5090054353,Srinivasan Keshav,middle
https://openalex.org/W2135573205,CENTAUR: Realizing the Full Potential of Centralized WLANs through a Hybrid Data Path,MOBICOM,2009,https://openalex.org/A5052622410,Konstantina Papagiannaki,middle
https://openalex.org/W2135573205,CENTAUR: Realizing the Full Potential of Centralized WLANs through a Hybrid Data Path,MOBICOM,2009,https://openalex.org/A5015945584,Arunesh Mishra,last
https://openalex.org/W2148707178,Binary Analysis for Measurement and Attribution of Program Performance,PLDI,2009,https://openalex.org/A5047746050,Nathan R. Tallent,first
https://openalex.org/W2148707178,Binary Analysis for Measurement and Attribution of Program Performance,PLDI,2009,https://openalex.org/A5089709469,John Mellor‐Crummey,middle
https://openalex.org/W2148707178,Binary Analysis for Measurement and Attribution of Program Performance,PLDI,2009,https://openalex.org/A5072936498,Michael Fagan,last
https://openalex.org/W2041829641,Size and Treewidth Bounds for Conjunctive Queries,PODS,2009,https://openalex.org/A5050151740,Georg Gottlob,first
https://openalex.org/W2041829641,Size and Treewidth Bounds for Conjunctive Queries,PODS,2009,https://openalex.org/A5001043287,Stephanie Tien Lee,middle
https://openalex.org/W2041829641,Size and Treewidth Bounds for Conjunctive Queries,PODS,2009,https://openalex.org/A5079503799,Gregory Valiant,last
https://openalex.org/W2105842205,"Native Client: A Sandbox for Portable, Untrusted x86 Native Code",S&P,2009,https://openalex.org/A5112752704,Bennet Yee,first
https://openalex.org/W2105842205,"Native Client: A Sandbox for Portable, Untrusted x86 Native Code",S&P,2009,https://openalex.org/A5042532279,David Sehr,middle
https://openalex.org/W2105842205,"Native Client: A Sandbox for Portable, Untrusted x86 Native Code",S&P,2009,https://openalex.org/A5023051798,Gregory Dardyk,middle
https://openalex.org/W2105842205,"Native Client: A Sandbox for Portable, Untrusted x86 Native Code",S&P,2009,https://openalex.org/A5039796817,J. Bradley Chen,middle
https://openalex.org/W2105842205,"Native Client: A Sandbox for Portable, Untrusted x86 Native Code",S&P,2009,https://openalex.org/A5019781598,Robert Muth,middle
https://openalex.org/W2105842205,"Native Client: A Sandbox for Portable, Untrusted x86 Native Code",S&P,2009,https://openalex.org/A5039211097,Tavis Ormandy,middle
https://openalex.org/W2105842205,"Native Client: A Sandbox for Portable, Untrusted x86 Native Code",S&P,2009,https://openalex.org/A5021966712,Shiki Okasaka,middle
https://openalex.org/W2105842205,"Native Client: A Sandbox for Portable, Untrusted x86 Native Code",S&P,2009,https://openalex.org/A5037371592,Neha Narula,middle
https://openalex.org/W2105842205,"Native Client: A Sandbox for Portable, Untrusted x86 Native Code",S&P,2009,https://openalex.org/A5027419729,Nicholas Fullagar,last
https://openalex.org/W2150957281,White Space Networking with Wi-Fi like Connectivity,SIGCOMM,2009,https://openalex.org/A5032459671,Paramvir Bahl,first
https://openalex.org/W2150957281,White Space Networking with Wi-Fi like Connectivity,SIGCOMM,2009,https://openalex.org/A5112443217,Ranveer Chandra,middle
https://openalex.org/W2150957281,White Space Networking with Wi-Fi like Connectivity,SIGCOMM,2009,https://openalex.org/A5041937385,Thomas Moscibroda,middle
https://openalex.org/W2150957281,White Space Networking with Wi-Fi like Connectivity,SIGCOMM,2009,https://openalex.org/A5038141358,Rohan Murty,middle
https://openalex.org/W2150957281,White Space Networking with Wi-Fi like Connectivity,SIGCOMM,2009,https://openalex.org/A5047819447,Matt Welsh,last
https://openalex.org/W2134842174,Sources of evidence for vertical selection,SIGIR,2009,https://openalex.org/A5076480696,Jaime Arguello,first
https://openalex.org/W2134842174,Sources of evidence for vertical selection,SIGIR,2009,https://openalex.org/A5101492251,Fernando Díaz,middle
https://openalex.org/W2134842174,Sources of evidence for vertical selection,SIGIR,2009,https://openalex.org/A5009879041,Jamie Callan,middle
https://openalex.org/W2134842174,Sources of evidence for vertical selection,SIGIR,2009,https://openalex.org/A5086954218,Jean-François Crespo,last
https://openalex.org/W2109992755,The Age of Gossip: Spatial Mean Field Regime,SIGMETRICS,2009,https://openalex.org/A5005715220,Marianne van den Boomen,first
https://openalex.org/W2126354234,Generating example data for dataflow programs,SIGMOD,2009,https://openalex.org/A5109881550,Christopher Olston,first
https://openalex.org/W2126354234,Generating example data for dataflow programs,SIGMOD,2009,https://openalex.org/A5069246862,Shubham Chopra,middle
https://openalex.org/W2126354234,Generating example data for dataflow programs,SIGMOD,2009,https://openalex.org/A5101897152,Utkarsh Srivastava,last
https://openalex.org/W2911824201,Natural Algorithms,SODA,2009,https://openalex.org/A5044565966,Bernard Chazelle,first
https://openalex.org/W2137888380,seL4: Formal Verification of an OS Kernel,SOSP,2009,https://openalex.org/A5001598240,Leonid Ryzhyk,first
https://openalex.org/W2019883273,A constructive proof of the Lovász local lemma,STOC,2009,https://openalex.org/A5073935967,Robin A. Moser,first
https://openalex.org/W2058785578,Public-Key Cryptosystems from the Worst-Case Shortest Vector Problem,STOC,2009,https://openalex.org/A5086535374,Chris Peikert,first
https://openalex.org/W2139459444,Mouse 2.0: Multi-touch meets the Mouse,UIST,2009,https://openalex.org/A5066919494,Nicolas Villar,first
https://openalex.org/W2139459444,Mouse 2.0: Multi-touch meets the Mouse,UIST,2009,https://openalex.org/A5014927177,Shahram Izadi,middle
https://openalex.org/W2139459444,Mouse 2.0: Multi-touch meets the Mouse,UIST,2009,https://openalex.org/A5008839582,Dan Rosenfeld,middle
https://openalex.org/W2139459444,Mouse 2.0: Multi-touch meets the Mouse,UIST,2009,https://openalex.org/A5005140278,Hrvoje Benko,middle
https://openalex.org/W2139459444,Mouse 2.0: Multi-touch meets the Mouse,UIST,2009,https://openalex.org/A5051796969,John Helmes,middle
https://openalex.org/W2139459444,Mouse 2.0: Multi-touch meets the Mouse,UIST,2009,https://openalex.org/A5033993893,Jonathan Westhues,middle
https://openalex.org/W2139459444,Mouse 2.0: Multi-touch meets the Mouse,UIST,2009,https://openalex.org/A5031564691,Steve Hodges,middle
https://openalex.org/W2139459444,Mouse 2.0: Multi-touch meets the Mouse,UIST,2009,https://openalex.org/A5075016938,Eyal Ofek,middle
https://openalex.org/W2139459444,Mouse 2.0: Multi-touch meets the Mouse,UIST,2009,https://openalex.org/A5076861145,Alex Butler,middle
https://openalex.org/W2139459444,Mouse 2.0: Multi-touch meets the Mouse,UIST,2009,https://openalex.org/A5101414220,Xiang Cao,middle
https://openalex.org/W2139459444,Mouse 2.0: Multi-touch meets the Mouse,UIST,2009,https://openalex.org/A5063520926,Billy Chen,last
https://openalex.org/W2998654680,A Unified Approach to Ranking in Probabilistic Databases,VLDB,2009,https://openalex.org/A5101506076,Jian Li,first
https://openalex.org/W2998654680,A Unified Approach to Ranking in Probabilistic Databases,VLDB,2009,https://openalex.org/A5110611660,Barna Saha,middle
https://openalex.org/W2998654680,A Unified Approach to Ranking in Probabilistic Databases,VLDB,2009,https://openalex.org/A5113637223,Amol Deshpande,last
https://openalex.org/W2155530593,Hybrid keyword search auctions,WWW,2009,https://openalex.org/A5101748190,Ashish Goel,first
https://openalex.org/W2155530593,Hybrid keyword search auctions,WWW,2009,https://openalex.org/A5047351951,Kamesh Munagala,last
https://openalex.org/W192051504,Optimal False-Name-Proof Voting Rules with Costly Voting,AAAI,2008,https://openalex.org/A5015729451,Liad Wagman,first
https://openalex.org/W192051504,Optimal False-Name-Proof Voting Rules with Costly Voting,AAAI,2008,https://openalex.org/A5050903632,Vincent Conitzer,last
https://openalex.org/W1816489643,How Good is Almost Perfect?,AAAI,2008,https://openalex.org/A5033577488,Malte Helmert,first
https://openalex.org/W1816489643,How Good is Almost Perfect?,AAAI,2008,https://openalex.org/A5021336998,Gabriele Röger,last
https://openalex.org/W2166905217,A New String-to-Dependency Machine Translation Algorithm with a Target Dependency Language Model,ACL,2008,https://openalex.org/A5101706257,Libin Shen,first
https://openalex.org/W2166905217,A New String-to-Dependency Machine Translation Algorithm with a Target Dependency Language Model,ACL,2008,https://openalex.org/A5108487796,Jinxi Xu,middle
https://openalex.org/W2166905217,A New String-to-Dependency Machine Translation Algorithm with a Target Dependency Language Model,ACL,2008,https://openalex.org/A5011618765,Ralph Weischedel,last
https://openalex.org/W2134729743,Forest Reranking: Discriminative Parsing with Non-Local Features,ACL,2008,https://openalex.org/A5006404928,Liang Huang,first
https://openalex.org/W2105512500,An Error Model for Pointing Based on Fitts' Law,CHI,2008,https://openalex.org/A5086377685,Jacob O. Wobbrock,first
https://openalex.org/W2105512500,An Error Model for Pointing Based on Fitts' Law,CHI,2008,https://openalex.org/A5023381858,Edward Cutrell,middle
https://openalex.org/W2105512500,An Error Model for Pointing Based on Fitts' Law,CHI,2008,https://openalex.org/A5109286195,Susumu Harada,middle
https://openalex.org/W2105512500,An Error Model for Pointing Based on Fitts' Law,CHI,2008,https://openalex.org/A5000167011,I. Scott MacKenzie,last
https://openalex.org/W2094064671,Designs on Dignity: Perceptions of Technology Among the Homeless,CHI,2008,https://openalex.org/A5011891560,Felix Olorunfemi,first
https://openalex.org/W2094064671,Designs on Dignity: Perceptions of Technology Among the Homeless,CHI,2008,https://openalex.org/A5049980911,Raheem Usman Adebimpe,last
https://openalex.org/W2152414382,"Improving the Performance of Motor-Impaired Users with Automatically-Generated, Ability-Based Interfaces",CHI,2008,https://openalex.org/A5010436269,Krzysztof Z. Gajos,first
https://openalex.org/W2152414382,"Improving the Performance of Motor-Impaired Users with Automatically-Generated, Ability-Based Interfaces",CHI,2008,https://openalex.org/A5086377685,Jacob O. Wobbrock,middle
https://openalex.org/W2152414382,"Improving the Performance of Motor-Impaired Users with Automatically-Generated, Ability-Based Interfaces",CHI,2008,https://openalex.org/A5085011940,Daniel S. Weld,last
https://openalex.org/W2053078227,In-Car GPS Navigation: Engagement with and Disengagement from the Environment,CHI,2008,https://openalex.org/A5046611715,Gilly Leshed,first
https://openalex.org/W2053078227,In-Car GPS Navigation: Engagement with and Disengagement from the Environment,CHI,2008,https://openalex.org/A5012802996,Theresa Velden,middle
https://openalex.org/W2053078227,In-Car GPS Navigation: Engagement with and Disengagement from the Environment,CHI,2008,https://openalex.org/A5059966423,Oya Y. Rieger,middle
https://openalex.org/W2053078227,In-Car GPS Navigation: Engagement with and Disengagement from the Environment,CHI,2008,https://openalex.org/A5031363262,Blazej Kot,middle
https://openalex.org/W2053078227,In-Car GPS Navigation: Engagement with and Disengagement from the Environment,CHI,2008,https://openalex.org/A5059066123,Phoebe Sengers,last
https://openalex.org/W2140188249,Large Scale Analysis of Web Revisitation Patterns,CHI,2008,https://openalex.org/A5064931337,Eytan Adar,first
https://openalex.org/W2140188249,Large Scale Analysis of Web Revisitation Patterns,CHI,2008,https://openalex.org/A5032417423,Jaime Teevan,middle
https://openalex.org/W2140188249,Large Scale Analysis of Web Revisitation Patterns,CHI,2008,https://openalex.org/A5111638399,Susan Dumais,last
https://openalex.org/W2062709156,Multimodal collaborative handwriting training for visually-impaired people,CHI,2008,https://openalex.org/A5057674414,Beryl Plimmer,first
https://openalex.org/W2062709156,Multimodal collaborative handwriting training for visually-impaired people,CHI,2008,https://openalex.org/A5053053373,Andrew Crossan,middle
https://openalex.org/W2062709156,Multimodal collaborative handwriting training for visually-impaired people,CHI,2008,https://openalex.org/A5016893285,Stephen Brewster,middle
https://openalex.org/W2062709156,Multimodal collaborative handwriting training for visually-impaired people,CHI,2008,https://openalex.org/A5034836091,Rachel Blagojevic,last
https://openalex.org/W2059641569,The Network in the Garden: An Empirical Analysis of Social Media in Rural Life,CHI,2008,https://openalex.org/A5024795472,Éric Gilbert,first
https://openalex.org/W2059641569,The Network in the Garden: An Empirical Analysis of Social Media in Rural Life,CHI,2008,https://openalex.org/A5075056899,Karrie Karahalios,middle
https://openalex.org/W2059641569,The Network in the Garden: An Empirical Analysis of Social Media in Rural Life,CHI,2008,https://openalex.org/A5082707744,Christian Sandvig,last
https://openalex.org/W2100341149,Learning to Link with Wikipedia,CIKM,2008,https://openalex.org/A5038493471,David Milne,first
https://openalex.org/W2100341149,Learning to Link with Wikipedia,CIKM,2008,https://openalex.org/A5045934263,Ian H. Witten,last
https://openalex.org/W2113201641,Beyond Sliding Windows: Object Localization by Efficient Subwindow Search,CVPR,2008,https://openalex.org/A5068085751,Christoph H. Lampert,first
https://openalex.org/W2113201641,Beyond Sliding Windows: Object Localization by Efficient Subwindow Search,CVPR,2008,https://openalex.org/A5077783791,Matthew B. Blaschko,middle
https://openalex.org/W2113201641,Beyond Sliding Windows: Object Localization by Efficient Subwindow Search,CVPR,2008,https://openalex.org/A5045413165,Thomas Hofmann,last
https://openalex.org/W2111559961,Global Stereo Reconstruction under Second Order Smoothness Priors,CVPR,2008,https://openalex.org/A5068587315,Oliver J. Woodford,first
https://openalex.org/W2111559961,Global Stereo Reconstruction under Second Order Smoothness Priors,CVPR,2008,https://openalex.org/A5001534492,Philip H. S. Torr,middle
https://openalex.org/W2111559961,Global Stereo Reconstruction under Second Order Smoothness Priors,CVPR,2008,https://openalex.org/A5089444805,Ian Reid,middle
https://openalex.org/W2111559961,Global Stereo Reconstruction under Second Order Smoothness Priors,CVPR,2008,https://openalex.org/A5018851970,Andrew Fitzgibbon,last
https://openalex.org/W1497086998,Two Query PCP with Sub-Constant Error,FOCS,2008,https://openalex.org/A5023279342,Dana Moshkovitz,first
https://openalex.org/W1497086998,Two Query PCP with Sub-Constant Error,FOCS,2008,https://openalex.org/A5041545934,Ran Raz,last
https://openalex.org/W2122633358,Efficient online monitoring of web-service SLAs,FSE,2008,https://openalex.org/A5009460574,Franco Raimondi,first
https://openalex.org/W2122633358,Efficient online monitoring of web-service SLAs,FSE,2008,https://openalex.org/A5043357999,James Skene,middle
https://openalex.org/W2122633358,Efficient online monitoring of web-service SLAs,FSE,2008,https://openalex.org/A5109802122,Wolfgang Emmerich,last
https://openalex.org/W2160517961,What makes a good bug report?,FSE,2008,https://openalex.org/A5113684638,Nicolas Bettenburg,first
https://openalex.org/W2160517961,What makes a good bug report?,FSE,2008,https://openalex.org/A5048641532,Sascha Just,middle
https://openalex.org/W2160517961,What makes a good bug report?,FSE,2008,https://openalex.org/A5069763558,Adrian Schröter,middle
https://openalex.org/W2160517961,What makes a good bug report?,FSE,2008,https://openalex.org/A5035848584,Cathrin Weiß,middle
https://openalex.org/W2160517961,What makes a good bug report?,FSE,2008,https://openalex.org/A5069617404,Rahul Premraj,middle
https://openalex.org/W2160517961,What makes a good bug report?,FSE,2008,https://openalex.org/A5061605447,Thomas Zimmermann,last
https://openalex.org/W2030811966,SVM Optimization: Inverse Dependence on Training Set Size,ICML,2008,https://openalex.org/A5078263052,Shai Shalev‐Shwartz,first
https://openalex.org/W2030811966,SVM Optimization: Inverse Dependence on Training Set Size,ICML,2008,https://openalex.org/A5070613374,Nathan Srebro,last
https://openalex.org/W2103188316,Recommending adaptive changes for framework evolution,ICSE,2008,https://openalex.org/A5083631720,Barthélémy Dagenais,first
https://openalex.org/W2103188316,Recommending adaptive changes for framework evolution,ICSE,2008,https://openalex.org/A5059244952,Martin P. Robillard,last
https://openalex.org/W2154843497,Precise memory leak detection for java software using container profiling,ICSE,2008,https://openalex.org/A5101967307,Guoqing Xu,first
https://openalex.org/W2154843497,Precise memory leak detection for java software using container profiling,ICSE,2008,https://openalex.org/A5039624297,Atanas Rountev,last
https://openalex.org/W1790484086,Debugging Reinvented: Asking and Answering Why and Why Not Questions about Program Behavior,ICSE,2008,https://openalex.org/A5043431516,William N. Sumner,first
https://openalex.org/W1790484086,Debugging Reinvented: Asking and Answering Why and Why Not Questions about Program Behavior,ICSE,2008,https://openalex.org/A5100362465,Xiangyu Zhang,last
https://openalex.org/W2136043644,The Effect of Program and Model Structure on MC/DC Test Adequacy Coverage,ICSE,2008,https://openalex.org/A5079075574,Ajitha Rajan,first
https://openalex.org/W2136043644,The Effect of Program and Model Structure on MC/DC Test Adequacy Coverage,ICSE,2008,https://openalex.org/A5014360702,Michael W. Whalen,middle
https://openalex.org/W2136043644,The Effect of Program and Model Structure on MC/DC Test Adequacy Coverage,ICSE,2008,https://openalex.org/A5110505437,Mats P. E. Heimdahl,last
https://openalex.org/W2130243914,Predicting Accurate and Actionable Static Analysis Warnings: An Experimental Approach,ICSE,2008,https://openalex.org/A5084552503,Joseph R. Ruthruff,first
https://openalex.org/W2130243914,Predicting Accurate and Actionable Static Analysis Warnings: An Experimental Approach,ICSE,2008,https://openalex.org/A5005487588,John Penix,middle
https://openalex.org/W2130243914,Predicting Accurate and Actionable Static Analysis Warnings: An Experimental Approach,ICSE,2008,https://openalex.org/A5081340873,J. David Morgenthaler,middle
https://openalex.org/W2130243914,Predicting Accurate and Actionable Static Analysis Warnings: An Experimental Approach,ICSE,2008,https://openalex.org/A5025318877,Sebastian Elbaum,middle
https://openalex.org/W2130243914,Predicting Accurate and Actionable Static Analysis Warnings: An Experimental Approach,ICSE,2008,https://openalex.org/A5052249797,Gregg Rothermel,last
https://openalex.org/W2157090751,Theoretical Results on Base Station Movement Problem for Sensor Networks,INFOCOM,2008,https://openalex.org/A5054863127,Yi Shi,first
https://openalex.org/W2157090751,Theoretical Results on Base Station Movement Problem for Sensor Networks,INFOCOM,2008,https://openalex.org/A5059824798,Y. Thomas Hou,last
https://openalex.org/W2133795371,On the Feasibility of the Link Abstraction in (Rural) Mesh Networks,INFOCOM,2008,https://openalex.org/A5022354495,Dattatraya Y. Gokhale,first
https://openalex.org/W2133795371,On the Feasibility of the Link Abstraction in (Rural) Mesh Networks,INFOCOM,2008,https://openalex.org/A5103157823,Sayandeep Sen,middle
https://openalex.org/W2133795371,On the Feasibility of the Link Abstraction in (Rural) Mesh Networks,INFOCOM,2008,https://openalex.org/A5047154979,Kameswari Chebrolu,middle
https://openalex.org/W2133795371,On the Feasibility of the Link Abstraction in (Rural) Mesh Networks,INFOCOM,2008,https://openalex.org/A5110181986,Bhaskaran Raman,last
https://openalex.org/W1995120351,Understanding the Capacity Region of the Greedy Maximal Scheduling Algorithm in Multi-hop Wireless Networks,INFOCOM,2008,https://openalex.org/A5035314009,Changhee Joo,first
https://openalex.org/W1995120351,Understanding the Capacity Region of the Greedy Maximal Scheduling Algorithm in Multi-hop Wireless Networks,INFOCOM,2008,https://openalex.org/A5082208896,Xiaojun Lin,middle
https://openalex.org/W1995120351,Understanding the Capacity Region of the Greedy Maximal Scheduling Algorithm in Multi-hop Wireless Networks,INFOCOM,2008,https://openalex.org/A5035752536,Ness B. Shroff,last
https://openalex.org/W2118556950,Fastanova: an efficient algorithm for genome-wide association study,KDD,2008,https://openalex.org/A5100368855,Xiang Zhang,first
https://openalex.org/W2118556950,Fastanova: an efficient algorithm for genome-wide association study,KDD,2008,https://openalex.org/A5100782494,Fei Zou,middle
https://openalex.org/W2118556950,Fastanova: an efficient algorithm for genome-wide association study,KDD,2008,https://openalex.org/A5100392089,Wei Wang,last
https://openalex.org/W2171183905,Assessment of Urban-Scale Wireless Networks with a Small Number of Measurements,MOBICOM,2008,https://openalex.org/A5048735917,Joshua T. Robinson,first
https://openalex.org/W2171183905,Assessment of Urban-Scale Wireless Networks with a Small Number of Measurements,MOBICOM,2008,https://openalex.org/A5023768419,Ram Swaminathan,middle
https://openalex.org/W2171183905,Assessment of Urban-Scale Wireless Networks with a Small Number of Measurements,MOBICOM,2008,https://openalex.org/A5057141682,Edward W. Knightly,last
https://openalex.org/W1710734607,KLEE: Unassisted and Automatic Generation of High-Coverage Tests for Complex Systems Programs,OSDI,2008,https://openalex.org/A5053355200,Cristian Cadar,first
https://openalex.org/W1710734607,KLEE: Unassisted and Automatic Generation of High-Coverage Tests for Complex Systems Programs,OSDI,2008,https://openalex.org/A5072236833,Dakarai Dunbar,middle
https://openalex.org/W1710734607,KLEE: Unassisted and Automatic Generation of High-Coverage Tests for Complex Systems Programs,OSDI,2008,https://openalex.org/A5111537551,Dawson Engler,last
https://openalex.org/W1493893823,DryadLINQ: A System for General-Purpose Distributed Data-Parallel Computing Using a High-Level Language,OSDI,2008,https://openalex.org/A5100444874,Yuan Yu,first
https://openalex.org/W1493893823,DryadLINQ: A System for General-Purpose Distributed Data-Parallel Computing Using a High-Level Language,OSDI,2008,https://openalex.org/A5089543053,Michael Isard,middle
https://openalex.org/W1493893823,DryadLINQ: A System for General-Purpose Distributed Data-Parallel Computing Using a High-Level Language,OSDI,2008,https://openalex.org/A5060832606,Dennis Fetterly,middle
https://openalex.org/W1493893823,DryadLINQ: A System for General-Purpose Distributed Data-Parallel Computing Using a High-Level Language,OSDI,2008,https://openalex.org/A5089558228,Mihai Budiu,middle
https://openalex.org/W1493893823,DryadLINQ: A System for General-Purpose Distributed Data-Parallel Computing Using a High-Level Language,OSDI,2008,https://openalex.org/A5024723282,Úlfar Erlingsson,middle
https://openalex.org/W1493893823,DryadLINQ: A System for General-Purpose Distributed Data-Parallel Computing Using a High-Level Language,OSDI,2008,https://openalex.org/A5079119908,Pradeep Kumar Gunda,middle
https://openalex.org/W1493893823,DryadLINQ: A System for General-Purpose Distributed Data-Parallel Computing Using a High-Level Language,OSDI,2008,https://openalex.org/A5018394419,Jon Currey,last
https://openalex.org/W2013592197,Difference Engine: Harnessing Memory Redundancy in Virtual Machines,OSDI,2008,https://openalex.org/A5052836807,Diwaker Gupta,first
https://openalex.org/W2013592197,Difference Engine: Harnessing Memory Redundancy in Virtual Machines,OSDI,2008,https://openalex.org/A5100319624,Sangmin Lee,middle
https://openalex.org/W2013592197,Difference Engine: Harnessing Memory Redundancy in Virtual Machines,OSDI,2008,https://openalex.org/A5000107991,Michael Vrable,middle
https://openalex.org/W2013592197,Difference Engine: Harnessing Memory Redundancy in Virtual Machines,OSDI,2008,https://openalex.org/A5048394730,Stefan Savage,middle
https://openalex.org/W2013592197,Difference Engine: Harnessing Memory Redundancy in Virtual Machines,OSDI,2008,https://openalex.org/A5029890607,Alex C. Snoeren,middle
https://openalex.org/W2013592197,Difference Engine: Harnessing Memory Redundancy in Virtual Machines,OSDI,2008,https://openalex.org/A5102730096,George Varghese,middle
https://openalex.org/W2013592197,Difference Engine: Harnessing Memory Redundancy in Virtual Machines,OSDI,2008,https://openalex.org/A5081366293,Geoffrey M. Voelker,middle
https://openalex.org/W2013592197,Difference Engine: Harnessing Memory Redundancy in Virtual Machines,OSDI,2008,https://openalex.org/A5050245571,Amin Vahdat,last
https://openalex.org/W1967172267,Estimating PageRank on Graph Streams,PODS,2008,https://openalex.org/A5113577071,Atish Das Sarma,first
https://openalex.org/W1967172267,Estimating PageRank on Graph Streams,PODS,2008,https://openalex.org/A5039201046,Sreenivas Gollapudi,middle
https://openalex.org/W1967172267,Estimating PageRank on Graph Streams,PODS,2008,https://openalex.org/A5085651536,Rina Panigrahy‎,last
https://openalex.org/W2143472559,Pacemakers and Implantable Cardiac Defibrillators: Software Radio Attacks and Zero-Power Defenses,S&P,2008,https://openalex.org/A5016115127,Daniel Halperin,first
https://openalex.org/W2143472559,Pacemakers and Implantable Cardiac Defibrillators: Software Radio Attacks and Zero-Power Defenses,S&P,2008,https://openalex.org/A5058661031,Thomas S. Heydt-Benjamin,middle
https://openalex.org/W2143472559,Pacemakers and Implantable Cardiac Defibrillators: Software Radio Attacks and Zero-Power Defenses,S&P,2008,https://openalex.org/A5108288895,Benjamin Ransford,middle
https://openalex.org/W2143472559,Pacemakers and Implantable Cardiac Defibrillators: Software Radio Attacks and Zero-Power Defenses,S&P,2008,https://openalex.org/A5103775901,Shane S. Clark,middle
https://openalex.org/W2143472559,Pacemakers and Implantable Cardiac Defibrillators: Software Radio Attacks and Zero-Power Defenses,S&P,2008,https://openalex.org/A5076962341,Benessa Defend,middle
https://openalex.org/W2143472559,Pacemakers and Implantable Cardiac Defibrillators: Software Radio Attacks and Zero-Power Defenses,S&P,2008,https://openalex.org/A5108387979,W. A. Morgan,middle
https://openalex.org/W2143472559,Pacemakers and Implantable Cardiac Defibrillators: Software Radio Attacks and Zero-Power Defenses,S&P,2008,https://openalex.org/A5113708992,Kevin Fu,middle
https://openalex.org/W2143472559,Pacemakers and Implantable Cardiac Defibrillators: Software Radio Attacks and Zero-Power Defenses,S&P,2008,https://openalex.org/A5026130910,Tadayoshi Kohno,middle
https://openalex.org/W2143472559,Pacemakers and Implantable Cardiac Defibrillators: Software Radio Attacks and Zero-Power Defenses,S&P,2008,https://openalex.org/A5024342851,William H. Maisel,last
https://openalex.org/W2005689470,Algorithmic Mediation for Collaborative Exploratory Search,SIGIR,2008,https://openalex.org/A5049353068,Jeremy Pickens,first
https://openalex.org/W2005689470,Algorithmic Mediation for Collaborative Exploratory Search,SIGIR,2008,https://openalex.org/A5075918903,Gene Golovchinsky,middle
https://openalex.org/W2005689470,Algorithmic Mediation for Collaborative Exploratory Search,SIGIR,2008,https://openalex.org/A5061319881,Chirag Shah,middle
https://openalex.org/W2005689470,Algorithmic Mediation for Collaborative Exploratory Search,SIGIR,2008,https://openalex.org/A5072674313,Pernilla Qvarfordt,middle
https://openalex.org/W2005689470,Algorithmic Mediation for Collaborative Exploratory Search,SIGIR,2008,https://openalex.org/A5105420715,Maribeth Back,last
https://openalex.org/W2059739152,Counter Braids: A Novel Counter Architecture for Per-Flow Measurement,SIGMETRICS,2008,https://openalex.org/A5102981342,Yi Lu,first
https://openalex.org/W2059739152,Counter Braids: A Novel Counter Architecture for Per-Flow Measurement,SIGMETRICS,2008,https://openalex.org/A5011999109,Andrea Montanari,middle
https://openalex.org/W2059739152,Counter Braids: A Novel Counter Architecture for Per-Flow Measurement,SIGMETRICS,2008,https://openalex.org/A5018734150,Balaji Prabhakar,middle
https://openalex.org/W2059739152,Counter Braids: A Novel Counter Architecture for Per-Flow Measurement,SIGMETRICS,2008,https://openalex.org/A5054225262,Sarang Dharmapurikar,middle
https://openalex.org/W2059739152,Counter Braids: A Novel Counter Architecture for Per-Flow Measurement,SIGMETRICS,2008,https://openalex.org/A5038104302,Abdul Kabbani,last
https://openalex.org/W2725226870,Serializable isolation for snapshot databases,SIGMOD,2008,https://openalex.org/A5088124063,Michael J. Cahill,first
https://openalex.org/W2725226870,Serializable isolation for snapshot databases,SIGMOD,2008,https://openalex.org/A5110209646,Uwe Röhm,middle
https://openalex.org/W2725226870,Serializable isolation for snapshot databases,SIGMOD,2008,https://openalex.org/A5025255598,Alan Fekete,last
https://openalex.org/W2171901130,Scalable Network Distance Browsing in Spatial Databases,SIGMOD,2008,https://openalex.org/A5087437068,Hanan Samet,first
https://openalex.org/W2171901130,Scalable Network Distance Browsing in Spatial Databases,SIGMOD,2008,https://openalex.org/A5050157577,Jagan Sankaranarayanan,middle
https://openalex.org/W2171901130,Scalable Network Distance Browsing in Spatial Databases,SIGMOD,2008,https://openalex.org/A5065267529,Houman Alborzi,last
https://openalex.org/W2169528477,Optimal hierarchical decompositions for congestion minimization in networks,STOC,2008,https://openalex.org/A5016682913,Harald Räcke,first
https://openalex.org/W2110871651,Optimal algorithms and inapproximability results for every CSP?,STOC,2008,https://openalex.org/A5101701586,Prasad Raghavendra,first
https://openalex.org/W2140190783,Bringing Physics to the Surface,UIST,2008,https://openalex.org/A5078791295,Andrew D. Wilson,first
https://openalex.org/W2140190783,Bringing Physics to the Surface,UIST,2008,https://openalex.org/A5014927177,Shahram Izadi,middle
https://openalex.org/W2140190783,Bringing Physics to the Surface,UIST,2008,https://openalex.org/A5025000908,Otmar Hilliges,middle
https://openalex.org/W2140190783,Bringing Physics to the Surface,UIST,2008,https://openalex.org/A5084011643,Armando Garcia-Mendoza,middle
https://openalex.org/W2140190783,Bringing Physics to the Surface,UIST,2008,https://openalex.org/A5069887938,David Kirk,last
https://openalex.org/W4249843299,Finding Frequent Items in Data Streams,VLDB,2008,https://openalex.org/A5071016611,Moses Charikar,first
https://openalex.org/W4249843299,Finding Frequent Items in Data Streams,VLDB,2008,https://openalex.org/A5100350897,Kevin Chen,middle
https://openalex.org/W4249843299,Finding Frequent Items in Data Streams,VLDB,2008,https://openalex.org/A5087023890,Martı́n Farach-Colton,last
https://openalex.org/W2141463661,Constrained Physical Design Tuning,VLDB,2008,https://openalex.org/A5103027305,Nicolas Bruno,first
https://openalex.org/W2141463661,Constrained Physical Design Tuning,VLDB,2008,https://openalex.org/A5038037154,Surajit Chaudhuri,last
https://openalex.org/W2145990704,IRLbot: Scaling to 6 billion pages and beyond,WWW,2008,https://openalex.org/A5080290452,Hsin-Tsang Lee,first
https://openalex.org/W2145990704,IRLbot: Scaling to 6 billion pages and beyond,WWW,2008,https://openalex.org/A5055012567,Derek Leonard,middle
https://openalex.org/W2145990704,IRLbot: Scaling to 6 billion pages and beyond,WWW,2008,https://openalex.org/A5100377876,Xiaoming Wang,middle
https://openalex.org/W2145990704,IRLbot: Scaling to 6 billion pages and beyond,WWW,2008,https://openalex.org/A5076734500,Dmitri Loguinov,last
https://openalex.org/W2146447174,PLOW: A Collaborative Task Learning Agent,AAAI,2007,https://openalex.org/A5090002679,James F. Allen,first
https://openalex.org/W2146447174,PLOW: A Collaborative Task Learning Agent,AAAI,2007,https://openalex.org/A5105307360,Nathanael Chambers,middle
https://openalex.org/W2146447174,PLOW: A Collaborative Task Learning Agent,AAAI,2007,https://openalex.org/A5050627806,George Ferguson,middle
https://openalex.org/W2146447174,PLOW: A Collaborative Task Learning Agent,AAAI,2007,https://openalex.org/A5052974419,Lucian Galescu,middle
https://openalex.org/W2146447174,PLOW: A Collaborative Task Learning Agent,AAAI,2007,https://openalex.org/A5109885777,Hyuckchul Jung,middle
https://openalex.org/W2146447174,PLOW: A Collaborative Task Learning Agent,AAAI,2007,https://openalex.org/A5111921080,Mary Swift,middle
https://openalex.org/W2146447174,PLOW: A Collaborative Task Learning Agent,AAAI,2007,https://openalex.org/A5049496455,William Taysom,last
https://openalex.org/W1902527071,"Thresholded Rewards: Acting Optimally in Timed, Zero-Sum Games",AAAI,2007,https://openalex.org/A5036074668,Colin McMillen,first
https://openalex.org/W1902527071,"Thresholded Rewards: Acting Optimally in Timed, Zero-Sum Games",AAAI,2007,https://openalex.org/A5088276691,Manuela Veloso,last
https://openalex.org/W2121465811,Learning synchronous grammars for semantic parsing with lambda calculus,ACL,2007,https://openalex.org/A5077791792,Yuk Wah Wong,first
https://openalex.org/W2121465811,Learning synchronous grammars for semantic parsing with lambda calculus,ACL,2007,https://openalex.org/A5008715111,Raymond J. Mooney,last
https://openalex.org/W2117601224,Authoring sensor-based interactions by demonstration with direct manipulation and pattern recognition,CHI,2007,https://openalex.org/A5084965768,Björn Hartmann,first
https://openalex.org/W2117601224,Authoring sensor-based interactions by demonstration with direct manipulation and pattern recognition,CHI,2007,https://openalex.org/A5039522737,Leith Abdulla,middle
https://openalex.org/W2117601224,Authoring sensor-based interactions by demonstration with direct manipulation and pattern recognition,CHI,2007,https://openalex.org/A5028059312,Manas Mittal,middle
https://openalex.org/W2117601224,Authoring sensor-based interactions by demonstration with direct manipulation and pattern recognition,CHI,2007,https://openalex.org/A5023550565,Scott Klemmer,last
https://openalex.org/W2006550435,Consuming video on Mobile devices,CHI,2007,https://openalex.org/A5064650373,Kenton O’Hara,first
https://openalex.org/W2006550435,Consuming video on Mobile devices,CHI,2007,https://openalex.org/A5104070883,April Slayden Mitchell,middle
https://openalex.org/W2006550435,Consuming video on Mobile devices,CHI,2007,https://openalex.org/A5069459444,Alex Vorbau,last
https://openalex.org/W2152312062,Multiview: improving trust in group video conferencing through spatial faithfulness,CHI,2007,https://openalex.org/A5022100406,M. G. Trefry,first
https://openalex.org/W2152312062,Multiview: improving trust in group video conferencing through spatial faithfulness,CHI,2007,https://openalex.org/A5024737277,Chris Muffels,last
https://openalex.org/W2108518773,Shift: a technique for operating pen-based interfaces using touch,CHI,2007,https://openalex.org/A5055522213,Daniel Vogel,first
https://openalex.org/W2108518773,Shift: a technique for operating pen-based interfaces using touch,CHI,2007,https://openalex.org/A5010621134,Patrick Baudisch,last
https://openalex.org/W2057359302,Software or wetware?: discovering when and why people use digital prosthetic memory,CHI,2007,https://openalex.org/A5023572731,Vaiva Kalnikaitė,first
https://openalex.org/W2057359302,Software or wetware?: discovering when and why people use digital prosthetic memory,CHI,2007,https://openalex.org/A5075713144,Steve Whittaker,last
https://openalex.org/W3172402307,"Sustainable interaction design: invention & disposal, renewal & reuse",CHI,2007,https://openalex.org/A5020864276,Sebastian Moffatt,first
https://openalex.org/W2146304342,Autonomously Semantifying Wikipedia,CIKM,2007,https://openalex.org/A5004882141,Fei Wu,first
https://openalex.org/W2146304342,Autonomously Semantifying Wikipedia,CIKM,2007,https://openalex.org/A5108370903,Daniel S. Weld,last
https://openalex.org/W2082546838,Dynamic 3D Scene Analysis from a Moving Vehicle,CVPR,2007,https://openalex.org/A5077030904,A. B. Thompson,first
https://openalex.org/W2082546838,Dynamic 3D Scene Analysis from a Moving Vehicle,CVPR,2007,https://openalex.org/A5061394912,M. Aerts,middle
https://openalex.org/W2082546838,Dynamic 3D Scene Analysis from a Moving Vehicle,CVPR,2007,https://openalex.org/A5057210065,A. C. Hack,last
https://openalex.org/W2162561603,Space-Efficient Identity Based Encryption Without Pairings,FOCS,2007,https://openalex.org/A5027798962,Dan Boneh,first
https://openalex.org/W2162561603,Space-Efficient Identity Based Encryption Without Pairings,FOCS,2007,https://openalex.org/A5044697595,Craig Gentry,middle
https://openalex.org/W2162561603,Space-Efficient Identity Based Encryption Without Pairings,FOCS,2007,https://openalex.org/A5113932798,Michael Hamburg,last
https://openalex.org/W2163643791,Globally distributed software development project performance: an empirical analysis,FSE,2007,https://openalex.org/A5023658938,Narayan Ramasubbu,first
https://openalex.org/W2163643791,Globally distributed software development project performance: an empirical analysis,FSE,2007,https://openalex.org/A5075701279,Rajesh Krishna Balan,last
https://openalex.org/W2042454716,Mining specifications of malicious behavior,FSE,2007,https://openalex.org/A5050855162,Mihai Christodorescu,first
https://openalex.org/W2042454716,Mining specifications of malicious behavior,FSE,2007,https://openalex.org/A5088826068,Somesh Jha,middle
https://openalex.org/W2042454716,Mining specifications of malicious behavior,FSE,2007,https://openalex.org/A5022177364,Christopher Kruegel,last
https://openalex.org/W2112380328,Automatic consistency assessment for query results in dynamic environments,FSE,2007,https://openalex.org/A5046737005,Jamie Payton,first
https://openalex.org/W2112380328,Automatic consistency assessment for query results in dynamic environments,FSE,2007,https://openalex.org/A5023117758,Christine Julien,middle
https://openalex.org/W2112380328,Automatic consistency assessment for query results in dynamic environments,FSE,2007,https://openalex.org/A5108192370,Gruia-Catalin Roman,last
https://openalex.org/W2137956345,Object and reference immutability using Java generics,FSE,2007,https://openalex.org/A5072236461,Yoav Zibin,first
https://openalex.org/W2137956345,Object and reference immutability using Java generics,FSE,2007,https://openalex.org/A5057086547,Alex Potanin,middle
https://openalex.org/W2137956345,Object and reference immutability using Java generics,FSE,2007,https://openalex.org/A5090255963,Mahmood Ali,middle
https://openalex.org/W2137956345,Object and reference immutability using Java generics,FSE,2007,https://openalex.org/A5003259199,Shay Artzi,middle
https://openalex.org/W2137956345,Object and reference immutability using Java generics,FSE,2007,https://openalex.org/A5001807091,Adam Kie un,middle
https://openalex.org/W2137956345,Object and reference immutability using Java generics,FSE,2007,https://openalex.org/A5032068969,Michael D. Ernst,last
https://openalex.org/W2153119123,Population Shape Regression From Random Design Data,ICCV,2007,https://openalex.org/A5111968263,Brad Davis,first
https://openalex.org/W2153119123,Population Shape Regression From Random Design Data,ICCV,2007,https://openalex.org/A5010665785,P. Thomas Fletcher,middle
https://openalex.org/W2153119123,Population Shape Regression From Random Design Data,ICCV,2007,https://openalex.org/A5111873255,Elizabeth Bullitt,middle
https://openalex.org/W2153119123,Population Shape Regression From Random Design Data,ICCV,2007,https://openalex.org/A5102835648,Sarang Joshi,last
https://openalex.org/W2169495281,Information-theoretic metric learning,ICML,2007,https://openalex.org/A5088203996,Jason V. Davis,first
https://openalex.org/W2169495281,Information-theoretic metric learning,ICML,2007,https://openalex.org/A5049134079,Brian Kulis,middle
https://openalex.org/W2169495281,Information-theoretic metric learning,ICML,2007,https://openalex.org/A5101633144,Prateek Jain,middle
https://openalex.org/W2169495281,Information-theoretic metric learning,ICML,2007,https://openalex.org/A5058767558,Suvrit Sra,middle
https://openalex.org/W2169495281,Information-theoretic metric learning,ICML,2007,https://openalex.org/A5063459703,Inderjit S. Dhillon,last
https://openalex.org/W2145544369,Tracking Code Clones in Evolving Software,ICSE,2007,https://openalex.org/A5019848726,Ekwa Duala-Ekoko,first
https://openalex.org/W2145544369,Tracking Code Clones in Evolving Software,ICSE,2007,https://openalex.org/A5059244952,Martin P. Robillard,last
https://openalex.org/W2151553346,Predicting Faults from Cached History,ICSE,2007,https://openalex.org/A5100695695,Sunghun Kim,first
https://openalex.org/W2151553346,Predicting Faults from Cached History,ICSE,2007,https://openalex.org/A5061605447,Thomas Zimmermann,middle
https://openalex.org/W2151553346,Predicting Faults from Cached History,ICSE,2007,https://openalex.org/A5089970457,E. James Whitehead,middle
https://openalex.org/W2151553346,Predicting Faults from Cached History,ICSE,2007,https://openalex.org/A5051672229,Andreas Zeller,last
https://openalex.org/W2152846401,Matching and Merging of Statecharts Specifications,ICSE,2007,https://openalex.org/A5074393374,Shiva Nejati,first
https://openalex.org/W2152846401,Matching and Merging of Statecharts Specifications,ICSE,2007,https://openalex.org/A5022905724,Mehrdad Sabetzadeh,middle
https://openalex.org/W2152846401,Matching and Merging of Statecharts Specifications,ICSE,2007,https://openalex.org/A5079431306,Marsha Chećhik,middle
https://openalex.org/W2152846401,Matching and Merging of Statecharts Specifications,ICSE,2007,https://openalex.org/A5079349226,Steve Easterbrook,middle
https://openalex.org/W2152846401,Matching and Merging of Statecharts Specifications,ICSE,2007,https://openalex.org/A5086291871,Pamela Zave,last
https://openalex.org/W2115694885,Refactoring for Parameterizing Java Classes,ICSE,2007,https://openalex.org/A5019170764,Adam Kieżun,first
https://openalex.org/W2115694885,Refactoring for Parameterizing Java Classes,ICSE,2007,https://openalex.org/A5032068969,Michael D. Ernst,middle
https://openalex.org/W2115694885,Refactoring for Parameterizing Java Classes,ICSE,2007,https://openalex.org/A5087594876,Frank Tip,middle
https://openalex.org/W2115694885,Refactoring for Parameterizing Java Classes,ICSE,2007,https://openalex.org/A5074598360,Robert M. Fuhrer,last
https://openalex.org/W110738662,Automated Heart Wall Motion Abnormality Detection From Ultrasound Images using Bayesian Networks,IJCAI,2007,https://openalex.org/A5102785744,Maleeha Qazi,first
https://openalex.org/W110738662,Automated Heart Wall Motion Abnormality Detection From Ultrasound Images using Bayesian Networks,IJCAI,2007,https://openalex.org/A5111408590,Glenn Fung,middle
https://openalex.org/W110738662,Automated Heart Wall Motion Abnormality Detection From Ultrasound Images using Bayesian Networks,IJCAI,2007,https://openalex.org/A5064162390,Sriram Krishnan,middle
https://openalex.org/W110738662,Automated Heart Wall Motion Abnormality Detection From Ultrasound Images using Bayesian Networks,IJCAI,2007,https://openalex.org/A5111998240,Rómer Rosales,middle
https://openalex.org/W110738662,Automated Heart Wall Motion Abnormality Detection From Ultrasound Images using Bayesian Networks,IJCAI,2007,https://openalex.org/A5070327072,Harald Steck,middle
https://openalex.org/W110738662,Automated Heart Wall Motion Abnormality Detection From Ultrasound Images using Bayesian Networks,IJCAI,2007,https://openalex.org/A5003771549,R. Bharat Rao,middle
https://openalex.org/W110738662,Automated Heart Wall Motion Abnormality Detection From Ultrasound Images using Bayesian Networks,IJCAI,2007,https://openalex.org/A5081151097,Don Poldermans,middle
https://openalex.org/W110738662,Automated Heart Wall Motion Abnormality Detection From Ultrasound Images using Bayesian Networks,IJCAI,2007,https://openalex.org/A5052505410,Dhanalakshmi Chandrasekaran,last
https://openalex.org/W57770583,Performance Analysis of Online Anticipatory Algorithms for Large Multistage Stochastic Integer Programs,IJCAI,2007,https://openalex.org/A5074418647,Luc Mercier,first
https://openalex.org/W57770583,Performance Analysis of Online Anticipatory Algorithms for Large Multistage Stochastic Integer Programs,IJCAI,2007,https://openalex.org/A5035808622,Pascal Van Hentenryck,last
https://openalex.org/W1552944591,Building Structure into Local Search for SAT,IJCAI,2007,https://openalex.org/A5033848427,Duc Nghia Pham,first
https://openalex.org/W1552944591,Building Structure into Local Search for SAT,IJCAI,2007,https://openalex.org/A5105232836,John Thornton,middle
https://openalex.org/W1552944591,Building Structure into Local Search for SAT,IJCAI,2007,https://openalex.org/A5038675407,Abdul Sattar,last
https://openalex.org/W2140103214,Disruption free topology reconfiguration in OSPF networks,INFOCOM,2007,https://openalex.org/A5047044311,Pierre François,first
https://openalex.org/W2140103214,Disruption free topology reconfiguration in OSPF networks,INFOCOM,2007,https://openalex.org/A5028042500,Mike Shand,middle
https://openalex.org/W2140103214,Disruption free topology reconfiguration in OSPF networks,INFOCOM,2007,https://openalex.org/A5024795280,Olivier Bonaventure,last
https://openalex.org/W2056932183,Predictive discrete latent factor models for large scale dyadic data,KDD,2007,https://openalex.org/A5049420901,Deepak Agarwal,first
https://openalex.org/W2056932183,Predictive discrete latent factor models for large scale dyadic data,KDD,2007,https://openalex.org/A5025202709,Srujana Merugu,last
https://openalex.org/W2071286129,Fault-tolerant Typed Assembly Language,PLDI,2007,https://openalex.org/A5031711886,Frances Perry,first
https://openalex.org/W2071286129,Fault-tolerant Typed Assembly Language,PLDI,2007,https://openalex.org/A5018151279,Lester Mackey,middle
https://openalex.org/W2071286129,Fault-tolerant Typed Assembly Language,PLDI,2007,https://openalex.org/A5040341202,George A. Reis,middle
https://openalex.org/W2071286129,Fault-tolerant Typed Assembly Language,PLDI,2007,https://openalex.org/A5071104685,Jay Ligatti,middle
https://openalex.org/W2071286129,Fault-tolerant Typed Assembly Language,PLDI,2007,https://openalex.org/A5008319090,David I. August,middle
https://openalex.org/W2071286129,Fault-tolerant Typed Assembly Language,PLDI,2007,https://openalex.org/A5049454219,David Walker,last
https://openalex.org/W2153578567,The Ant and the Grasshopper: Fast and Accurate Pointer Analysis for Millions of Lines of Code,PLDI,2007,https://openalex.org/A5074393511,Ben Hardekopf,first
https://openalex.org/W2153578567,The Ant and the Grasshopper: Fast and Accurate Pointer Analysis for Millions of Lines of Code,PLDI,2007,https://openalex.org/A5103038181,Calvin Lin,last
https://openalex.org/W2061358102,Generalized Hypertree Decompositions: NP-Hardness and Tractable Variants,PODS,2007,https://openalex.org/A5041825861,Phokion G. Kolaitis,first
https://openalex.org/W2061358102,Generalized Hypertree Decompositions: NP-Hardness and Tractable Variants,PODS,2007,https://openalex.org/A5069883356,Leonid Libkin,last
https://openalex.org/W2149156280,Studying the Use of Popular Destinations to Enhance Web Search Interaction,SIGIR,2007,https://openalex.org/A5076259865,Ryen W. White,first
https://openalex.org/W2149156280,Studying the Use of Popular Destinations to Enhance Web Search Interaction,SIGIR,2007,https://openalex.org/A5043706888,Mikhail Bilenko,middle
https://openalex.org/W2149156280,Studying the Use of Popular Destinations to Enhance Web Search Interaction,SIGIR,2007,https://openalex.org/A5040422637,Silviu Cucerzan,last
https://openalex.org/W2066262685,Modeling the Relative Fitness of Storage,SIGMETRICS,2007,https://openalex.org/A5057359017,Michael P. Mesnier,first
https://openalex.org/W2066262685,Modeling the Relative Fitness of Storage,SIGMETRICS,2007,https://openalex.org/A5073854516,Matthew Wachs,middle
https://openalex.org/W2066262685,Modeling the Relative Fitness of Storage,SIGMETRICS,2007,https://openalex.org/A5049066620,Raja R. Sambasivan,middle
https://openalex.org/W2066262685,Modeling the Relative Fitness of Storage,SIGMETRICS,2007,https://openalex.org/A5111439683,Alice X. Zheng,middle
https://openalex.org/W2066262685,Modeling the Relative Fitness of Storage,SIGMETRICS,2007,https://openalex.org/A5037557529,Gregory R. Ganger,last
https://openalex.org/W2077449561,Compiling mappings to bridge applications and databases,SIGMOD,2007,https://openalex.org/A5109208641,Sergey Melnik,first
https://openalex.org/W2077449561,Compiling mappings to bridge applications and databases,SIGMOD,2007,https://openalex.org/A5060789723,Atul Adya,middle
https://openalex.org/W2077449561,Compiling mappings to bridge applications and databases,SIGMOD,2007,https://openalex.org/A5108676493,Philip A. Bernstein,last
https://openalex.org/W2035801804,Scalable Approximate Query Processing with the DBO Engine,SIGMOD,2007,https://openalex.org/A5109437922,Christopher Jermaine,first
https://openalex.org/W2035801804,Scalable Approximate Query Processing with the DBO Engine,SIGMOD,2007,https://openalex.org/A5103467344,Subramanian Arumugam,middle
https://openalex.org/W2035801804,Scalable Approximate Query Processing with the DBO Engine,SIGMOD,2007,https://openalex.org/A5022320149,Abhijit Pol,middle
https://openalex.org/W2035801804,Scalable Approximate Query Processing with the DBO Engine,SIGMOD,2007,https://openalex.org/A5008335723,Alin Dobra,last
https://openalex.org/W2108026089,Sinfonia: a new paradigm for building scalable distributed systems,SOSP,2007,https://openalex.org/A5019483717,Marcos K. Aguilera,first
https://openalex.org/W2108026089,Sinfonia: a new paradigm for building scalable distributed systems,SOSP,2007,https://openalex.org/A5079770095,Arif Merchant,middle
https://openalex.org/W2108026089,Sinfonia: a new paradigm for building scalable distributed systems,SOSP,2007,https://openalex.org/A5063179800,Mehul A. Shah,middle
https://openalex.org/W2108026089,Sinfonia: a new paradigm for building scalable distributed systems,SOSP,2007,https://openalex.org/A5083350972,Alistair Veitch,middle
https://openalex.org/W2108026089,Sinfonia: a new paradigm for building scalable distributed systems,SOSP,2007,https://openalex.org/A5021238162,Christos Karamanolis,last
https://openalex.org/W2038345682,Zyzzyva: speculative byzantine fault tolerance,SOSP,2007,https://openalex.org/A5066623526,Ramakrishna Kotla,first
https://openalex.org/W2038345682,Zyzzyva: speculative byzantine fault tolerance,SOSP,2007,https://openalex.org/A5048612724,Lorenzo Alvisi,middle
https://openalex.org/W2038345682,Zyzzyva: speculative byzantine fault tolerance,SOSP,2007,https://openalex.org/A5113625882,Mike Dahlin,middle
https://openalex.org/W2038345682,Zyzzyva: speculative byzantine fault tolerance,SOSP,2007,https://openalex.org/A5061077761,Allen Clement,middle
https://openalex.org/W2038345682,Zyzzyva: speculative byzantine fault tolerance,SOSP,2007,https://openalex.org/A5111946963,Edmund Wong,last
https://openalex.org/W2166510103,Secure Web Applications via Automatic Partitioning,SOSP,2007,https://openalex.org/A5046383149,Stephen Chong,first
https://openalex.org/W2166510103,Secure Web Applications via Automatic Partitioning,SOSP,2007,https://openalex.org/A5020572630,Jed Liu,middle
https://openalex.org/W2166510103,Secure Web Applications via Automatic Partitioning,SOSP,2007,https://openalex.org/A5101697549,Andrew C. Myers,middle
https://openalex.org/W2166510103,Secure Web Applications via Automatic Partitioning,SOSP,2007,https://openalex.org/A5101550167,Xin Qi,middle
https://openalex.org/W2166510103,Secure Web Applications via Automatic Partitioning,SOSP,2007,https://openalex.org/A5112275394,K. Vikram,middle
https://openalex.org/W2166510103,Secure Web Applications via Automatic Partitioning,SOSP,2007,https://openalex.org/A5069017863,Lantian Zheng,middle
https://openalex.org/W2166510103,Secure Web Applications via Automatic Partitioning,SOSP,2007,https://openalex.org/A5006099637,Xin Zheng,last
https://openalex.org/W2170835539,Faster integer multiplication,STOC,2007,https://openalex.org/A5052643589,Martin Fürer,first
https://openalex.org/W1998698985,Towards 3-query locally decodable codes of subexponential length,STOC,2007,https://openalex.org/A5046685409,Sergey Yekhanin,first
https://openalex.org/W2140280838,ThinSight: Versatile Multi-touch Sensing for Thin Form-factor Displays,UIST,2007,https://openalex.org/A5031564691,Steve Hodges,first
https://openalex.org/W2140280838,ThinSight: Versatile Multi-touch Sensing for Thin Form-factor Displays,UIST,2007,https://openalex.org/A5014927177,Shahram Izadi,middle
https://openalex.org/W2140280838,ThinSight: Versatile Multi-touch Sensing for Thin Form-factor Displays,UIST,2007,https://openalex.org/A5076861145,Alex Butler,middle
https://openalex.org/W2140280838,ThinSight: Versatile Multi-touch Sensing for Thin Form-factor Displays,UIST,2007,https://openalex.org/A5044588476,Alban Rrustemi,middle
https://openalex.org/W2140280838,ThinSight: Versatile Multi-touch Sensing for Thin Form-factor Displays,UIST,2007,https://openalex.org/A5066380229,Bill Buxton,last
https://openalex.org/W2140613126,Scalable Semantic Web Data Management Using Vertical Partitioning,VLDB,2007,https://openalex.org/A5049333271,Daniel J. Abadi,first
https://openalex.org/W2140613126,Scalable Semantic Web Data Management Using Vertical Partitioning,VLDB,2007,https://openalex.org/A5112355043,Adam Marcus,middle
https://openalex.org/W2140613126,Scalable Semantic Web Data Management Using Vertical Partitioning,VLDB,2007,https://openalex.org/A5037742794,Samuel Madden,middle
https://openalex.org/W2140613126,Scalable Semantic Web Data Management Using Vertical Partitioning,VLDB,2007,https://openalex.org/A5014318204,Kate Hollenbach,last
https://openalex.org/W2028891984,"Wherefore art thou r3579x?: anonymized social networks, hidden patterns, and structural steganography",WWW,2007,https://openalex.org/A5081744093,Lars Bäckström,first
https://openalex.org/W2028891984,"Wherefore art thou r3579x?: anonymized social networks, hidden patterns, and structural steganography",WWW,2007,https://openalex.org/A5011820318,Cynthia Dwork,middle
https://openalex.org/W2028891984,"Wherefore art thou r3579x?: anonymized social networks, hidden patterns, and structural steganography",WWW,2007,https://openalex.org/A5055710645,Jon Kleinberg,last
https://openalex.org/W1607840088,Model Counting: A New Strategy for Obtaining Good Bounds,AAAI,2006,https://openalex.org/A5069030030,Carla P. Gomes,first
https://openalex.org/W1607840088,Model Counting: A New Strategy for Obtaining Good Bounds,AAAI,2006,https://openalex.org/A5077726785,Ashish Sabharwal,middle
https://openalex.org/W1607840088,Model Counting: A New Strategy for Obtaining Good Bounds,AAAI,2006,https://openalex.org/A5108339374,Bart Selman,last
https://openalex.org/W52985456,Towards an Axiom System for Default Logic,AAAI,2006,https://openalex.org/A5005730180,Gerhard Lakemeyer,first
https://openalex.org/W52985456,Towards an Axiom System for Default Logic,AAAI,2006,https://openalex.org/A5025681351,Hector J. Levesque,last
https://openalex.org/W2144108169,Semantic taxonomy induction from heterogenous evidence,ACL,2006,https://openalex.org/A5027983493,Rion Snow,first
https://openalex.org/W2144108169,Semantic taxonomy induction from heterogenous evidence,ACL,2006,https://openalex.org/A5036266399,Daniel Jurafsky,middle
https://openalex.org/W2144108169,Semantic taxonomy induction from heterogenous evidence,ACL,2006,https://openalex.org/A5112456378,Andrew Y. Ng,last
https://openalex.org/W2003257628,Trackball text entry for people with motor impairments,CHI,2006,https://openalex.org/A5086377685,Jacob O. Wobbrock,first
https://openalex.org/W2003257628,Trackball text entry for people with motor impairments,CHI,2006,https://openalex.org/A5005887313,Brad A. Myers,last
https://openalex.org/W4390808104,Embedded phenomena: supporting science learning with classroom-sized distributed simulations,CHI,2006,https://openalex.org/A5108424772,Tom Moher,first
https://openalex.org/W2118755902,A role for haptics in mobile interaction: initial design using a handheld tactile display prototype,CHI,2006,https://openalex.org/A5058733178,J. Luk,first
https://openalex.org/W2118755902,A role for haptics in mobile interaction: initial design using a handheld tactile display prototype,CHI,2006,https://openalex.org/A5067442653,Jérôme Pasquero,middle
https://openalex.org/W2118755902,A role for haptics in mobile interaction: initial design using a handheld tactile display prototype,CHI,2006,https://openalex.org/A5080542443,S. Little,middle
https://openalex.org/W2118755902,A role for haptics in mobile interaction: initial design using a handheld tactile display prototype,CHI,2006,https://openalex.org/A5061277210,Karon E. MacLean,middle
https://openalex.org/W2118755902,A role for haptics in mobile interaction: initial design using a handheld tactile display prototype,CHI,2006,https://openalex.org/A5078354524,Vincent Lévesque,middle
https://openalex.org/W2118755902,A role for haptics in mobile interaction: initial design using a handheld tactile display prototype,CHI,2006,https://openalex.org/A5011595733,Vincent Hayward,last
https://openalex.org/W2044983364,Discovering and Exploiting Keyword and Attribute-Value Co-occurrences to Improve P2P Routing Indices,CIKM,2006,https://openalex.org/A5043223305,Sebastian Michel,first
https://openalex.org/W2044983364,Discovering and Exploiting Keyword and Attribute-Value Co-occurrences to Improve P2P Routing Indices,CIKM,2006,https://openalex.org/A5102113183,Matthias Bender,middle
https://openalex.org/W2044983364,Discovering and Exploiting Keyword and Attribute-Value Co-occurrences to Improve P2P Routing Indices,CIKM,2006,https://openalex.org/A5021697915,Nikos Ntarmos,middle
https://openalex.org/W2044983364,Discovering and Exploiting Keyword and Attribute-Value Co-occurrences to Improve P2P Routing Indices,CIKM,2006,https://openalex.org/A5052475427,Peter Triantafillou,middle
https://openalex.org/W2044983364,Discovering and Exploiting Keyword and Attribute-Value Co-occurrences to Improve P2P Routing Indices,CIKM,2006,https://openalex.org/A5088135366,Gerhard Weikum,middle
https://openalex.org/W2044983364,Discovering and Exploiting Keyword and Attribute-Value Co-occurrences to Improve P2P Routing Indices,CIKM,2006,https://openalex.org/A5060679963,Christian Zimmer,last
https://openalex.org/W2146352414,Putting Objects in Perspective,CVPR,2006,https://openalex.org/A5009682734,Derek Hoiem,first
https://openalex.org/W2146352414,Putting Objects in Perspective,CVPR,2006,https://openalex.org/A5077436220,Alexei A. Efros,middle
https://openalex.org/W2146352414,Putting Objects in Perspective,CVPR,2006,https://openalex.org/A5075246991,Martial Hebert,last
https://openalex.org/W2026177035,Settling the Complexity of 2-Player Nash Equilibrium,FOCS,2006,https://openalex.org/A5100329834,Xi Chen,first
https://openalex.org/W2026177035,Settling the Complexity of 2-Player Nash Equilibrium,FOCS,2006,https://openalex.org/A5100638710,Xiaotie Deng,last
https://openalex.org/W2082731247,Controlling factors in evaluating path-sensitive error detection techniques,FSE,2006,https://openalex.org/A5086757331,Matthew B. Dwyer,first
https://openalex.org/W2082731247,Controlling factors in evaluating path-sensitive error detection techniques,FSE,2006,https://openalex.org/A5113498450,Suzette Person,middle
https://openalex.org/W2082731247,Controlling factors in evaluating path-sensitive error detection techniques,FSE,2006,https://openalex.org/A5025318877,Sebastian Elbaum,last
https://openalex.org/W2107794009,SYNERGY: a new algorithm for property checking,FSE,2006,https://openalex.org/A5028750260,Bhargav S. Gulavani,first
https://openalex.org/W2107794009,SYNERGY: a new algorithm for property checking,FSE,2006,https://openalex.org/A5080555605,Thomas A. Henzinger,middle
https://openalex.org/W2107794009,SYNERGY: a new algorithm for property checking,FSE,2006,https://openalex.org/A5008657833,Yamini Kannan,middle
https://openalex.org/W2107794009,SYNERGY: a new algorithm for property checking,FSE,2006,https://openalex.org/A5111937381,Aditya V. Nori,middle
https://openalex.org/W2107794009,SYNERGY: a new algorithm for property checking,FSE,2006,https://openalex.org/A5076139746,Sriram K. Rajamani,last
https://openalex.org/W2162152253,Trading convexity for scalability,ICML,2006,https://openalex.org/A5053915453,Ronan Collobert,first
https://openalex.org/W2162152253,Trading convexity for scalability,ICML,2006,https://openalex.org/A5036361185,Fabian H. Sinz,middle
https://openalex.org/W2162152253,Trading convexity for scalability,ICML,2006,https://openalex.org/A5076635608,Jason Weston,middle
https://openalex.org/W2162152253,Trading convexity for scalability,ICML,2006,https://openalex.org/A5019206666,Léon Bottou,last
https://openalex.org/W2071616717,Model-Based Development of Dynamically Adaptive Software,ICSE,2006,https://openalex.org/A5101744869,Zhang Ji,first
https://openalex.org/W2071616717,Model-Based Development of Dynamically Adaptive Software,ICSE,2006,https://openalex.org/A5047852703,Betty H. C. Cheng,last
https://openalex.org/W2079317829,Who Should Fix This Bug?,ICSE,2006,https://openalex.org/A5038565477,John Anvik,first
https://openalex.org/W2079317829,Who Should Fix This Bug?,ICSE,2006,https://openalex.org/A5033307955,Lyndon Hiew,middle
https://openalex.org/W2079317829,Who Should Fix This Bug?,ICSE,2006,https://openalex.org/A5084524791,Gail C. Murphy,last
https://openalex.org/W2069488474,Delay and Capacity Trade-offs in Mobile Ad Hoc Networks: A Global Perspective,INFOCOM,2006,https://openalex.org/A5100705959,Gaurav Sharma,first
https://openalex.org/W2069488474,Delay and Capacity Trade-offs in Mobile Ad Hoc Networks: A Global Perspective,INFOCOM,2006,https://openalex.org/A5061577384,Ravi R. Mazumdar,middle
https://openalex.org/W2069488474,Delay and Capacity Trade-offs in Mobile Ad Hoc Networks: A Global Perspective,INFOCOM,2006,https://openalex.org/A5035752536,Ness B. Shroff,last
https://openalex.org/W2035720976,Training linear SVMs in linear time,KDD,2006,https://openalex.org/A5014687727,Thorsten Joachims,first
https://openalex.org/W2058535975,Rethink the Sync,OSDI,2006,https://openalex.org/A5031385754,Edmund B. Nightingale,first
https://openalex.org/W2058535975,Rethink the Sync,OSDI,2006,https://openalex.org/A5020883423,Kaushik Veeraraghavan,middle
https://openalex.org/W2058535975,Rethink the Sync,OSDI,2006,https://openalex.org/A5027819880,Peter M. Chen,middle
https://openalex.org/W2058535975,Rethink the Sync,OSDI,2006,https://openalex.org/A5000977391,Jason Flinn,last
https://openalex.org/W1981420413,Bigtable: A Distributed Storage System for Structured Data,OSDI,2006,https://openalex.org/A5005556081,Fay W. Chang,first
https://openalex.org/W1981420413,Bigtable: A Distributed Storage System for Structured Data,OSDI,2006,https://openalex.org/A5043872671,Jay B. Dean,middle
https://openalex.org/W1981420413,Bigtable: A Distributed Storage System for Structured Data,OSDI,2006,https://openalex.org/A5012998255,Sanjay Ghemawat,middle
https://openalex.org/W1981420413,Bigtable: A Distributed Storage System for Structured Data,OSDI,2006,https://openalex.org/A5002433369,Wilson C. Hsieh,middle
https://openalex.org/W1981420413,Bigtable: A Distributed Storage System for Structured Data,OSDI,2006,https://openalex.org/A5006360507,Deborah A. Wallach,middle
https://openalex.org/W1981420413,Bigtable: A Distributed Storage System for Structured Data,OSDI,2006,https://openalex.org/A5080605012,Mike Burrows,middle
https://openalex.org/W1981420413,Bigtable: A Distributed Storage System for Structured Data,OSDI,2006,https://openalex.org/A5085084822,Tushar Chandra,middle
https://openalex.org/W1981420413,Bigtable: A Distributed Storage System for Structured Data,OSDI,2006,https://openalex.org/A5021565422,Andrew Fikes,middle
https://openalex.org/W1981420413,Bigtable: A Distributed Storage System for Structured Data,OSDI,2006,https://openalex.org/A5027104735,Robert Gruber,last
https://openalex.org/W2036564813,Two-variable logic on data trees and XML reasoning,PODS,2006,https://openalex.org/A5044780614,Anca Muscholl,middle
https://openalex.org/W2036564813,Two-variable logic on data trees and XML reasoning,PODS,2006,https://openalex.org/A5031710345,Thomas Schwentick,middle
https://openalex.org/W2036564813,Two-variable logic on data trees and XML reasoning,PODS,2006,https://openalex.org/A5042411667,Luc Segoufin,last
https://openalex.org/W2124504084,Minimal Test Collections for Retrieval Evaluation,SIGIR,2006,https://openalex.org/A5078123101,Ben Carterette,first
https://openalex.org/W2124504084,Minimal Test Collections for Retrieval Evaluation,SIGIR,2006,https://openalex.org/A5034070218,James Allan,middle
https://openalex.org/W2124504084,Minimal Test Collections for Retrieval Evaluation,SIGIR,2006,https://openalex.org/A5037538509,Ramesh K. Sitaraman,last
https://openalex.org/W4214714086,Maximizing throughput in wireless networks via gossiping,SIGMETRICS,2006,https://openalex.org/A5036587377,Eytan Modiano,first
https://openalex.org/W4214714086,Maximizing throughput in wireless networks via gossiping,SIGMETRICS,2006,https://openalex.org/A5029499294,Devavrat Shah,middle
https://openalex.org/W4214714086,Maximizing throughput in wireless networks via gossiping,SIGMETRICS,2006,https://openalex.org/A5053342250,Gil Zussman,last
https://openalex.org/W118378920,To search or to crawl?: towards a query optimizer for text-centric tasks,SIGMOD,2006,https://openalex.org/A5012667159,Timothy David Brody,first
https://openalex.org/W336776360,The PCP theorem by gap amplification,STOC,2006,https://openalex.org/A5029616850,Irit Dinur,first
https://openalex.org/W2062658884,"Reflective Physical Prototyping through Integrated Design, Test, and Analysis",UIST,2006,https://openalex.org/A5084965768,Björn Hartmann,first
https://openalex.org/W2062658884,"Reflective Physical Prototyping through Integrated Design, Test, and Analysis",UIST,2006,https://openalex.org/A5023550565,Scott Klemmer,middle
https://openalex.org/W2062658884,"Reflective Physical Prototyping through Integrated Design, Test, and Analysis",UIST,2006,https://openalex.org/A5076189854,Michael S. Bernstein,middle
https://openalex.org/W2062658884,"Reflective Physical Prototyping through Integrated Design, Test, and Analysis",UIST,2006,https://openalex.org/A5039522737,Leith Abdulla,middle
https://openalex.org/W2062658884,"Reflective Physical Prototyping through Integrated Design, Test, and Analysis",UIST,2006,https://openalex.org/A5083064518,Brandon K. Burr,middle
https://openalex.org/W2062658884,"Reflective Physical Prototyping through Integrated Design, Test, and Analysis",UIST,2006,https://openalex.org/A5025621198,Avi Robinson-Mosher,middle
https://openalex.org/W2062658884,"Reflective Physical Prototyping through Integrated Design, Test, and Analysis",UIST,2006,https://openalex.org/A5102124557,Jennifer Gee,last
https://openalex.org/W2146081216,Trustworthy Keyword Search for Regulatory-Compliant Records Retention,VLDB,2006,https://openalex.org/A5110176750,Soumyadeb Mitra,first
https://openalex.org/W2146081216,Trustworthy Keyword Search for Regulatory-Compliant Records Retention,VLDB,2006,https://openalex.org/A5111426489,Windsor W. Hsu,middle
https://openalex.org/W2146081216,Trustworthy Keyword Search for Regulatory-Compliant Records Retention,VLDB,2006,https://openalex.org/A5011314280,Marianne Winslett,last
https://openalex.org/W2128941908,Random Sampling from a Search Engine's Index,WWW,2006,https://openalex.org/A5054834255,Ziv Bar-Yossef,first
https://openalex.org/W2128941908,Random Sampling from a Search Engine's Index,WWW,2006,https://openalex.org/A5086993894,Maxim Gurevich,last
https://openalex.org/W1587673378,The Max K- Armed Bandit: A New Model of Exploration Applied to Search Heuristic Selection,AAAI,2005,https://openalex.org/A5011219888,Vincent Cicirello,first
https://openalex.org/W1587673378,The Max K- Armed Bandit: A New Model of Exploration Applied to Search Heuristic Selection,AAAI,2005,https://openalex.org/A5043058554,Stephen F. Smith,last
https://openalex.org/W2152263452,A Hierarchical Phrase-Based Model for Statistical Machine Translation,ACL,2005,https://openalex.org/A5036026526,David Chiang,first
https://openalex.org/W2112103637,The bubble cursor: enhancing target acquisition by dynamic resizing of the cursor's activation area,CHI,2005,https://openalex.org/A5058485609,Tovi Grossman,first
https://openalex.org/W2112103637,The bubble cursor: enhancing target acquisition by dynamic resizing of the cursor's activation area,CHI,2005,https://openalex.org/A5063443025,Ravin Balakrishnan,last
https://openalex.org/W2107788319,Designing the spectator experience,CHI,2005,https://openalex.org/A5020860057,Stuart Reeves,first
https://openalex.org/W2107788319,Designing the spectator experience,CHI,2005,https://openalex.org/A5086725824,Steve Benford,middle
https://openalex.org/W2107788319,Designing the spectator experience,CHI,2005,https://openalex.org/A5031957633,Claire O’Malley,middle
https://openalex.org/W2107788319,Designing the spectator experience,CHI,2005,https://openalex.org/A5052224949,Mike Fraser,last
https://openalex.org/W2153282521,Examining Task Engagement in Sensor-Based Statistical Models of Human Interruptibility,CHI,2005,https://openalex.org/A5066568444,James Fogarty,first
https://openalex.org/W2153282521,Examining Task Engagement in Sensor-Based Statistical Models of Human Interruptibility,CHI,2005,https://openalex.org/A5037160778,Amy J. Ko,middle
https://openalex.org/W2153282521,Examining Task Engagement in Sensor-Based Statistical Models of Human Interruptibility,CHI,2005,https://openalex.org/A5103008611,Htet Htet Aung,middle
https://openalex.org/W2153282521,Examining Task Engagement in Sensor-Based Statistical Models of Human Interruptibility,CHI,2005,https://openalex.org/A5070736366,Elspeth Golden,middle
https://openalex.org/W2153282521,Examining Task Engagement in Sensor-Based Statistical Models of Human Interruptibility,CHI,2005,https://openalex.org/A5110257961,Karen Tang,middle
https://openalex.org/W2153282521,Examining Task Engagement in Sensor-Based Statistical Models of Human Interruptibility,CHI,2005,https://openalex.org/A5039238746,Scott E. Hudson,last
https://openalex.org/W4301013381,Making space for stories: ambiguity in the design of personal communication systems,CHI,2005,https://openalex.org/A5085311483,Paul M. Aoki,first
https://openalex.org/W4301013381,Making space for stories: ambiguity in the design of personal communication systems,CHI,2005,https://openalex.org/A5045188560,Allison Woodruff,last
https://openalex.org/W1965605976,Towards Automatic Association of Relevant Unstructured Content with Structured Query Results,CIKM,2005,https://openalex.org/A5100836787,Prasan Roy,first
https://openalex.org/W1965605976,Towards Automatic Association of Relevant Unstructured Content with Structured Query Results,CIKM,2005,https://openalex.org/A5047987914,Mukesh Mohania,middle
https://openalex.org/W1965605976,Towards Automatic Association of Relevant Unstructured Content with Structured Query Results,CIKM,2005,https://openalex.org/A5002696075,Bhuvan Bamba,middle
https://openalex.org/W1965605976,Towards Automatic Association of Relevant Unstructured Content with Structured Query Results,CIKM,2005,https://openalex.org/A5109919606,Shree Raman,last
https://openalex.org/W2140720810,Real-Time Non-Rigid Surface Detection,CVPR,2005,https://openalex.org/A5111618543,Günter Oberdörster,first
https://openalex.org/W2140720810,Real-Time Non-Rigid Surface Detection,CVPR,2005,https://openalex.org/A5090218914,Andrew Maynard,middle
https://openalex.org/W2140720810,Real-Time Non-Rigid Surface Detection,CVPR,2005,https://openalex.org/A5034736085,Ken Donaldson,middle
https://openalex.org/W2140720810,Real-Time Non-Rigid Surface Detection,CVPR,2005,https://openalex.org/A5108678933,Vincent Castranova,middle
https://openalex.org/W2140720810,Real-Time Non-Rigid Surface Detection,CVPR,2005,https://openalex.org/A5086981239,Julie Fitzpatrick,middle
https://openalex.org/W2140720810,Real-Time Non-Rigid Surface Detection,CVPR,2005,https://openalex.org/A5039360158,Kevin D. Ausman,middle
https://openalex.org/W2140720810,Real-Time Non-Rigid Surface Detection,CVPR,2005,https://openalex.org/A5012327561,Janet Carter,middle
https://openalex.org/W2140720810,Real-Time Non-Rigid Surface Detection,CVPR,2005,https://openalex.org/A5041997270,Barbara Karn,middle
https://openalex.org/W2140720810,Real-Time Non-Rigid Surface Detection,CVPR,2005,https://openalex.org/A5031986237,Wolfgang G. Kreyling,middle
https://openalex.org/W2140720810,Real-Time Non-Rigid Surface Detection,CVPR,2005,https://openalex.org/A5113548805,David Y. Lai,middle
https://openalex.org/W2140720810,Real-Time Non-Rigid Surface Detection,CVPR,2005,https://openalex.org/A5026541479,Stephen S. Olin,middle
https://openalex.org/W2140720810,Real-Time Non-Rigid Surface Detection,CVPR,2005,https://openalex.org/A5038299644,Nancy A. Monteiro‐Riviere,middle
https://openalex.org/W2140720810,Real-Time Non-Rigid Surface Detection,CVPR,2005,https://openalex.org/A5112829505,David B. Warheit,middle
https://openalex.org/W2140720810,Real-Time Non-Rigid Surface Detection,CVPR,2005,https://openalex.org/A5078052958,Hong Yang,last
https://openalex.org/W2133589924,Correcting Errors Beyond the Guruswami-Sudan Radius in Polynomial Time,FOCS,2005,https://openalex.org/A5006066917,Farzad Parvaresh,first
https://openalex.org/W2133589924,Correcting Errors Beyond the Guruswami-Sudan Radius in Polynomial Time,FOCS,2005,https://openalex.org/A5004102644,Alexander Vardy,last
https://openalex.org/W2150240046,Automatic Generation of Suggestions for Program Investigation,FSE,2005,https://openalex.org/A5059244952,Martin P. Robillard,first
https://openalex.org/W2166140339,Context- and path-sensitive memory leak detection,FSE,2005,https://openalex.org/A5046598816,Yichen Xie,first
https://openalex.org/W2166140339,Context- and path-sensitive memory leak detection,FSE,2005,https://openalex.org/A5087402475,Alex Aiken,last
https://openalex.org/W2009489720,CUTE: a concolic unit testing engine for C,FSE,2005,https://openalex.org/A5101569699,Koushik Sen,first
https://openalex.org/W2009489720,CUTE: a concolic unit testing engine for C,FSE,2005,https://openalex.org/A5081289583,Darko Marinov,middle
https://openalex.org/W2009489720,CUTE: a concolic unit testing engine for C,FSE,2005,https://openalex.org/A5076315769,Gul Agha,last
https://openalex.org/W2105340458,Globally Optimal Estimates for Geometric Reconstruction Problems,ICCV,2005,https://openalex.org/A5112556001,Fredrik Kahl,first
https://openalex.org/W2105340458,Globally Optimal Estimates for Geometric Reconstruction Problems,ICCV,2005,https://openalex.org/A5074893139,Didier Henrion,last
https://openalex.org/W2070771761,A support vector method for multivariate performance measures,ICML,2005,https://openalex.org/A5014687727,Thorsten Joachims,first
https://openalex.org/W2170239024,Data Structure Repair Using Goal-Directed Reasoning,ICSE,2005,https://openalex.org/A5016315666,Brian Demsky,first
https://openalex.org/W2170239024,Data Structure Repair Using Goal-Directed Reasoning,ICSE,2005,https://openalex.org/A5045127387,Martin Rinard,last
https://openalex.org/W2169952536,Using Structural Context to Recommend Source Code Examples,ICSE,2005,https://openalex.org/A5034123811,Reid Holmes,first
https://openalex.org/W2169952536,Using Structural Context to Recommend Source Code Examples,ICSE,2005,https://openalex.org/A5084524791,Gail C. Murphy,last
https://openalex.org/W2013711971,Is Mutation an Appropriate Tool for Testing Experiments?,ICSE,2005,https://openalex.org/A5112519260,James H. Andrews,first
https://openalex.org/W2013711971,Is Mutation an Appropriate Tool for Testing Experiments?,ICSE,2005,https://openalex.org/A5078533117,Lionel Briand,middle
https://openalex.org/W2013711971,Is Mutation an Appropriate Tool for Testing Experiments?,ICSE,2005,https://openalex.org/A5007057846,Yvan Labiche,last
https://openalex.org/W4239049496,Eliciting Design Requirements for Maintenance-Oriented IDEs: A Detailed Study of Corrective and Perfective Maintenance Tasks,ICSE,2005,https://openalex.org/A5103412814,Andrew J. Ko,first
https://openalex.org/W4239049496,Eliciting Design Requirements for Maintenance-Oriented IDEs: A Detailed Study of Corrective and Perfective Maintenance Tasks,ICSE,2005,https://openalex.org/A5103008611,Htet Htet Aung,middle
https://openalex.org/W4239049496,Eliciting Design Requirements for Maintenance-Oriented IDEs: A Detailed Study of Corrective and Perfective Maintenance Tasks,ICSE,2005,https://openalex.org/A5005887313,Brad A. Myers,last
https://openalex.org/W1603364293,Learning Coordination Classifiers,IJCAI,2005,https://openalex.org/A5043824291,Yuhong Guo,first
https://openalex.org/W1603364293,Learning Coordination Classifiers,IJCAI,2005,https://openalex.org/A5027200864,Russell Greiner,middle
https://openalex.org/W1603364293,Learning Coordination Classifiers,IJCAI,2005,https://openalex.org/A5010575626,Dale Schuurmans,last
https://openalex.org/W2912387951,Solving Checkers,IJCAI,2005,https://openalex.org/A5018637996,Jonathan Schaeffer,first
https://openalex.org/W2912387951,Solving Checkers,IJCAI,2005,https://openalex.org/A5026895150,Yngvi Björnsson,middle
https://openalex.org/W2912387951,Solving Checkers,IJCAI,2005,https://openalex.org/A5018555885,Neil Burch,middle
https://openalex.org/W2912387951,Solving Checkers,IJCAI,2005,https://openalex.org/A5050914303,Akihiro Kishimoto,middle
https://openalex.org/W2912387951,Solving Checkers,IJCAI,2005,https://openalex.org/A5016958266,Miroslav Uller,middle
https://openalex.org/W2912387951,Solving Checkers,IJCAI,2005,https://openalex.org/A5006108819,Robert W. Lake,middle
https://openalex.org/W2912387951,Solving Checkers,IJCAI,2005,https://openalex.org/A5078947325,P. Lu,middle
https://openalex.org/W2912387951,Solving Checkers,IJCAI,2005,https://openalex.org/A5068240197,Steve Sutphen,last
https://openalex.org/W157725869,A Probabilistic Model of Redundancy in Information Extraction,IJCAI,2005,https://openalex.org/A5043450042,Doug Downey,first
https://openalex.org/W157725869,A Probabilistic Model of Redundancy in Information Extraction,IJCAI,2005,https://openalex.org/A5110184338,Oren Etzioni,middle
https://openalex.org/W157725869,A Probabilistic Model of Redundancy in Information Extraction,IJCAI,2005,https://openalex.org/A5037043939,Stephen Soderland,last
https://openalex.org/W2098608071,Perfect Simulation and Stationarity of a Class of Mobility Models,INFOCOM,2005,https://openalex.org/A5111473777,J.-Y. Le Boudec,first
https://openalex.org/W2098608071,Perfect Simulation and Stationarity of a Class of Mobility Models,INFOCOM,2005,https://openalex.org/A5079870557,Milan Vojnović,last
https://openalex.org/W1520365698,"Graphs over time: densification laws, shrinking diameters and possible explanations",KDD,2005,https://openalex.org/A5062318856,Michael Mitzenmacher,first
https://openalex.org/W4236944756,Automatic Pool Allocation: Improving Performance by Controlling Data Structure Layout in the Heap,PLDI,2005,https://openalex.org/A5064241063,Chris Lattner,first
https://openalex.org/W4236944756,Automatic Pool Allocation: Improving Performance by Controlling Data Structure Layout in the Heap,PLDI,2005,https://openalex.org/A5059017058,Vikram Adve,last
https://openalex.org/W4245234767,Programming by Sketching for Bit-Streaming Programs,PLDI,2005,https://openalex.org/A5010786661,Armando Solar-Lezama,first
https://openalex.org/W4245234767,Programming by Sketching for Bit-Streaming Programs,PLDI,2005,https://openalex.org/A5001159571,Rodric Rabbah,middle
https://openalex.org/W4245234767,Programming by Sketching for Bit-Streaming Programs,PLDI,2005,https://openalex.org/A5085160432,Rastislav Bodík,middle
https://openalex.org/W4245234767,Programming by Sketching for Bit-Streaming Programs,PLDI,2005,https://openalex.org/A5001720469,Kemal Ebci̇oğlu,last
https://openalex.org/W2111421966,On the complexity of division and set joins in the relational algebra,PODS,2005,https://openalex.org/A5007519378,Dirk Leinders,first
https://openalex.org/W2111421966,On the complexity of division and set joins in the relational algebra,PODS,2005,https://openalex.org/A5089823917,Jan Van den Bussche,last
https://openalex.org/W2159668267,XML data exchange: consistency and query answering,PODS,2005,https://openalex.org/A5011691423,Marcelo Arenas,first
https://openalex.org/W2159668267,XML data exchange: consistency and query answering,PODS,2005,https://openalex.org/A5069883356,Leonid Libkin,last
https://openalex.org/W1963658069,Learning to estimate query difficulty: including applications to missing content detection and distributed information retrieval,SIGIR,2005,https://openalex.org/A5009670109,Elad Yom‐Tov,first
https://openalex.org/W1963658069,Learning to estimate query difficulty: including applications to missing content detection and distributed information retrieval,SIGIR,2005,https://openalex.org/A5040827183,Shai Fine,middle
https://openalex.org/W1963658069,Learning to estimate query difficulty: including applications to missing content detection and distributed information retrieval,SIGIR,2005,https://openalex.org/A5038537105,David Carmel,middle
https://openalex.org/W1963658069,Learning to estimate query difficulty: including applications to missing content detection and distributed information retrieval,SIGIR,2005,https://openalex.org/A5087108711,Adam Darlow,last
https://openalex.org/W2171217544,Coupon replication systems,SIGMETRICS,2005,https://openalex.org/A5007698196,Laurent Massoulié,first
https://openalex.org/W2171217544,Coupon replication systems,SIGMETRICS,2005,https://openalex.org/A5079870557,Milan Vojnović,last
https://openalex.org/W2099323800,BAR Tolerance for Cooperative Services,SOSP,2005,https://openalex.org/A5090128483,Amitanand S. Aiyer,first
https://openalex.org/W2099323800,BAR Tolerance for Cooperative Services,SOSP,2005,https://openalex.org/A5048612724,Lorenzo Alvisi,middle
https://openalex.org/W2099323800,BAR Tolerance for Cooperative Services,SOSP,2005,https://openalex.org/A5061077761,Allen Clement,middle
https://openalex.org/W2099323800,BAR Tolerance for Cooperative Services,SOSP,2005,https://openalex.org/A5113625882,Mike Dahlin,middle
https://openalex.org/W2099323800,BAR Tolerance for Cooperative Services,SOSP,2005,https://openalex.org/A5004493576,Jean‐Philippe Martin,middle
https://openalex.org/W2099323800,BAR Tolerance for Cooperative Services,SOSP,2005,https://openalex.org/A5026225079,Carl Porth,last
https://openalex.org/W2047418149,Speculative Execution in a Distributed File System,SOSP,2005,https://openalex.org/A5031385754,Edmund B. Nightingale,first
https://openalex.org/W2047418149,Speculative Execution in a Distributed File System,SOSP,2005,https://openalex.org/A5027819880,Peter M. Chen,middle
https://openalex.org/W2047418149,Speculative Execution in a Distributed File System,SOSP,2005,https://openalex.org/A5000977391,Jason Flinn,last
https://openalex.org/W4254762831,Vigilante: End-to-End Containment of Internet Worms,SOSP,2005,https://openalex.org/A5110237883,Manuel Costa,first
https://openalex.org/W4254762831,Vigilante: End-to-End Containment of Internet Worms,SOSP,2005,https://openalex.org/A5062093738,Jon Crowcroft,middle
https://openalex.org/W4254762831,Vigilante: End-to-End Containment of Internet Worms,SOSP,2005,https://openalex.org/A5103080503,Miguel Castro,middle
https://openalex.org/W4254762831,Vigilante: End-to-End Containment of Internet Worms,SOSP,2005,https://openalex.org/A5033317994,Antony Rowstron,middle
https://openalex.org/W4254762831,Vigilante: End-to-End Containment of Internet Worms,SOSP,2005,https://openalex.org/A5037359171,Lidong Zhou,middle
https://openalex.org/W4254762831,Vigilante: End-to-End Containment of Internet Worms,SOSP,2005,https://openalex.org/A5101985940,Lintao Zhang,middle
https://openalex.org/W4254762831,Vigilante: End-to-End Containment of Internet Worms,SOSP,2005,https://openalex.org/A5110193634,Paul Barham,last
https://openalex.org/W240096793,Undirected ST-connectivity in log-space,STOC,2005,https://openalex.org/A5086367709,Omer Reingold,first
https://openalex.org/W2042616792,Automation and Customization of Rendered Web Pages,UIST,2005,https://openalex.org/A5049757296,Michael Bolin,first
https://openalex.org/W2042616792,Automation and Customization of Rendered Web Pages,UIST,2005,https://openalex.org/A5034545287,Matthew J. Webber,middle
https://openalex.org/W2042616792,Automation and Customization of Rendered Web Pages,UIST,2005,https://openalex.org/A5083854355,Philip Rha,middle
https://openalex.org/W2042616792,Automation and Customization of Rendered Web Pages,UIST,2005,https://openalex.org/A5069855349,Tom Wilson,middle
https://openalex.org/W2042616792,Automation and Customization of Rendered Web Pages,UIST,2005,https://openalex.org/A5109844134,Robert C. Miller,last
https://openalex.org/W2135552269,Cache-conscious Frequent Pattern Mining on a Modern Processor,VLDB,2005,https://openalex.org/A5043552468,Amol Ghoting,first
https://openalex.org/W2135552269,Cache-conscious Frequent Pattern Mining on a Modern Processor,VLDB,2005,https://openalex.org/A5068014041,Gregory Buehrer,middle
https://openalex.org/W2135552269,Cache-conscious Frequent Pattern Mining on a Modern Processor,VLDB,2005,https://openalex.org/A5100755351,Srinivasan Parthasarathy,middle
https://openalex.org/W2135552269,Cache-conscious Frequent Pattern Mining on a Modern Processor,VLDB,2005,https://openalex.org/A5100374575,Daehyun Kim,middle
https://openalex.org/W2135552269,Cache-conscious Frequent Pattern Mining on a Modern Processor,VLDB,2005,https://openalex.org/A5047809126,Anthony D. Nguyen,middle
https://openalex.org/W2135552269,Cache-conscious Frequent Pattern Mining on a Modern Processor,VLDB,2005,https://openalex.org/A5042651234,Yen-Kuang Chen,middle
https://openalex.org/W2135552269,Cache-conscious Frequent Pattern Mining on a Modern Processor,VLDB,2005,https://openalex.org/A5032238070,Pradeep Dubey,last
https://openalex.org/W1977841655,Three-level caching for efficient query processing in large Web search engines,WWW,2005,https://openalex.org/A5088242464,Xiaohui Long,first
https://openalex.org/W1977841655,Three-level caching for efficient query processing in large Web search engines,WWW,2005,https://openalex.org/A5074323303,Torsten Suel,last
https://openalex.org/W2753424512,Learning and Inferring Transportation Routines,AAAI,2004,https://openalex.org/A5098429303,Mary Pogue,first
https://openalex.org/W2121147707,Finding Predominant Word Senses in Untagged Text,ACL,2004,https://openalex.org/A5063848163,Diana McCarthy,first
https://openalex.org/W2121147707,Finding Predominant Word Senses in Untagged Text,ACL,2004,https://openalex.org/A5003705762,Rob Koeling,middle
https://openalex.org/W2121147707,Finding Predominant Word Senses in Untagged Text,ACL,2004,https://openalex.org/A5016270907,Julie Weeds,middle
https://openalex.org/W2121147707,Finding Predominant Word Senses in Untagged Text,ACL,2004,https://openalex.org/A5101474712,John Carroll,last
https://openalex.org/W2026168616,Discovering Frequently Changing Structures from Historical Structural Deltas of Unordered XML,CIKM,2004,https://openalex.org/A5075130969,Qiankun Zhao,first
https://openalex.org/W2026168616,Discovering Frequently Changing Structures from Historical Structural Deltas of Unordered XML,CIKM,2004,https://openalex.org/A5061002947,Sourav S. Bhowmick,middle
https://openalex.org/W2026168616,Discovering Frequently Changing Structures from Historical Structural Deltas of Unordered XML,CIKM,2004,https://openalex.org/A5047987914,Mukesh Mohania,middle
https://openalex.org/W2026168616,Discovering Frequently Changing Structures from Historical Structural Deltas of Unordered XML,CIKM,2004,https://openalex.org/A5103702858,Yahiko Kambayashi,last
https://openalex.org/W2101305476,Programmable Imaging using a Digital Micromirror Array,CVPR,2004,https://openalex.org/A5051975921,Shree K. Nayar,first
https://openalex.org/W2101305476,Programmable Imaging using a Digital Micromirror Array,CVPR,2004,https://openalex.org/A5024843495,Vlad Branzoi,middle
https://openalex.org/W2101305476,Programmable Imaging using a Digital Micromirror Array,CVPR,2004,https://openalex.org/A5111521114,T.E. Boult,last
https://openalex.org/W2163375015,Hardness of Approximating the Shortest Vector Problem in Lattices,FOCS,2004,https://openalex.org/A5067917669,Subhash Khot,first
https://openalex.org/W1984459117,Cryptography in NC0,FOCS,2004,https://openalex.org/A5086684679,Benny Applebaum,first
https://openalex.org/W1984459117,Cryptography in NC0,FOCS,2004,https://openalex.org/A5081852077,Yuval Ishai,middle
https://openalex.org/W1984459117,Cryptography in NC0,FOCS,2004,https://openalex.org/A5036104549,Eyal Kushilevitz,last
https://openalex.org/W2149612550,A Classification System and Analysis for Aspect-Oriented Programs,FSE,2004,https://openalex.org/A5045127387,Martin Rinard,first
https://openalex.org/W2149612550,A Classification System and Analysis for Aspect-Oriented Programs,FSE,2004,https://openalex.org/A5005318859,Alexandru Sălcianu,middle
https://openalex.org/W2149612550,A Classification System and Analysis for Aspect-Oriented Programs,FSE,2004,https://openalex.org/A5022020843,Suhabe Bugrara,last
https://openalex.org/W2222782578,Reasoning about partial goal satisfaction for requirements and design engineering,FSE,2004,https://openalex.org/A5072534170,Emmanuel Letier,first
https://openalex.org/W2222782578,Reasoning about partial goal satisfaction for requirements and design engineering,FSE,2004,https://openalex.org/A5046441603,Axel van Lamsweerde,last
https://openalex.org/W2041853131,SNIAFL: Towards a Static Non-Interactive Approach to Feature Location,ICSE,2004,https://openalex.org/A5100712511,Wei Zhao,first
https://openalex.org/W2041853131,SNIAFL: Towards a Static Non-Interactive Approach to Feature Location,ICSE,2004,https://openalex.org/A5100388576,Lu Zhang,middle
https://openalex.org/W2041853131,SNIAFL: Towards a Static Non-Interactive Approach to Feature Location,ICSE,2004,https://openalex.org/A5100411657,Yin Liu,middle
https://openalex.org/W2041853131,SNIAFL: Towards a Static Non-Interactive Approach to Feature Location,ICSE,2004,https://openalex.org/A5100834712,Jiasu Sun,middle
https://openalex.org/W2041853131,SNIAFL: Towards a Static Non-Interactive Approach to Feature Location,ICSE,2004,https://openalex.org/A5030818300,Fuqing Yang,last
https://openalex.org/W4244325127,An Empirical Study of Software Reuse vs. Defect-Density and Stability,ICSE,2004,https://openalex.org/A5019272809,Parastoo Mohagheghi,first
https://openalex.org/W4244325127,An Empirical Study of Software Reuse vs. Defect-Density and Stability,ICSE,2004,https://openalex.org/A5113635360,Reidar Conradi,middle
https://openalex.org/W4244325127,An Empirical Study of Software Reuse vs. Defect-Density and Stability,ICSE,2004,https://openalex.org/A5054212955,Ole M. Killi,middle
https://openalex.org/W4244325127,An Empirical Study of Software Reuse vs. Defect-Density and Stability,ICSE,2004,https://openalex.org/A5069295122,Henrik Schwarz,last
https://openalex.org/W2003751975,Static Checking of Dynamically Generated Queries in Database Applications,ICSE,2004,https://openalex.org/A5055811185,Gary Wassermann,first
https://openalex.org/W2003751975,Static Checking of Dynamically Generated Queries in Database Applications,ICSE,2004,https://openalex.org/A5061727878,Carl Gould,middle
https://openalex.org/W2003751975,Static Checking of Dynamically Generated Queries in Database Applications,ICSE,2004,https://openalex.org/A5077610917,Zhendong Su,middle
https://openalex.org/W2003751975,Static Checking of Dynamically Generated Queries in Database Applications,ICSE,2004,https://openalex.org/A5036744986,Prémkumar Dévanbu,last
https://openalex.org/W4240473828,A Tool for Writing and Debugging Algebraic Specifications,ICSE,2004,https://openalex.org/A5036568062,Johannes Henkel,first
https://openalex.org/W4240473828,A Tool for Writing and Debugging Algebraic Specifications,ICSE,2004,https://openalex.org/A5059100099,Amer Diwan,last
https://openalex.org/W4254486023,Extending the REpresentational State Transfer (REST) Architectural Style for Decentralized Systems,ICSE,2004,https://openalex.org/A5113907520,R. Khare,first
https://openalex.org/W4254486023,Extending the REpresentational State Transfer (REST) Architectural Style for Decentralized Systems,ICSE,2004,https://openalex.org/A5103963080,Richard N. Taylor,last
https://openalex.org/W2161725792,Throughput-Delay Trade-Off in Wireless Networks,INFOCOM,2004,https://openalex.org/A5078716556,Abbas El Gamal,first
https://openalex.org/W2161725792,Throughput-Delay Trade-Off in Wireless Networks,INFOCOM,2004,https://openalex.org/A5013022430,J. Mammen,middle
https://openalex.org/W2161725792,Throughput-Delay Trade-Off in Wireless Networks,INFOCOM,2004,https://openalex.org/A5018734150,Balaji Prabhakar,middle
https://openalex.org/W2161725792,Throughput-Delay Trade-Off in Wireless Networks,INFOCOM,2004,https://openalex.org/A5029499294,Devavrat Shah,last
https://openalex.org/W2139956879,A probabilistic framework for semi-supervised clustering,KDD,2004,https://openalex.org/A5112572279,Sugato Basu,first
https://openalex.org/W2139956879,A probabilistic framework for semi-supervised clustering,KDD,2004,https://openalex.org/A5043706888,Mikhail Bilenko,middle
https://openalex.org/W2139956879,A probabilistic framework for semi-supervised clustering,KDD,2004,https://openalex.org/A5008715111,Raymond J. Mooney,last
https://openalex.org/W2116283852,Recovering Device Drivers,OSDI,2004,https://openalex.org/A5072740120,Michael M. Swift,first
https://openalex.org/W2116283852,Recovering Device Drivers,OSDI,2004,https://openalex.org/A5006085341,Muthukaruppan Annamalai,middle
https://openalex.org/W2116283852,Recovering Device Drivers,OSDI,2004,https://openalex.org/A5066263895,Brian N. Bershad,middle
https://openalex.org/W2116283852,Recovering Device Drivers,OSDI,2004,https://openalex.org/A5069107397,Henry M. Levy,last
https://openalex.org/W146360823,Using Model Checking to Find Serious File System Errors,OSDI,2004,https://openalex.org/A5056288677,Junfeng Yang,first
https://openalex.org/W146360823,Using Model Checking to Find Serious File System Errors,OSDI,2004,https://openalex.org/A5017775499,Paul Twohey,middle
https://openalex.org/W146360823,Using Model Checking to Find Serious File System Errors,OSDI,2004,https://openalex.org/A5111537551,Dawson Engler,middle
https://openalex.org/W146360823,Using Model Checking to Find Serious File System Errors,OSDI,2004,https://openalex.org/A5040009052,Madanlal Musuvathi,last
https://openalex.org/W2158600037,Cloning-Based Context-Sensitive Pointer Alias Analysis Using Binary Decision Diagrams,PLDI,2004,https://openalex.org/A5038224513,John Whaley,first
https://openalex.org/W2158600037,Cloning-Based Context-Sensitive Pointer Alias Analysis Using Binary Decision Diagrams,PLDI,2004,https://openalex.org/A5002419188,Monica S. Lam,last
https://openalex.org/W2092650892,"Conditional XPath, the first order complete XPath dialect",PODS,2004,https://openalex.org/A5049970479,M. Marx,first
https://openalex.org/W2134557008,A Formal Study of Information Retrieval Heuristics,SIGIR,2004,https://openalex.org/A5101716412,Hui Fang,first
https://openalex.org/W2134557008,A Formal Study of Information Retrieval Heuristics,SIGIR,2004,https://openalex.org/A5100401500,Tao Tao,middle
https://openalex.org/W2134557008,A Formal Study of Information Retrieval Heuristics,SIGIR,2004,https://openalex.org/A5028518494,ChengXiang Zhai,last
https://openalex.org/W2116790783,On performance bounds for the integration of elastic and adaptive streaming flows,SIGMETRICS,2004,https://openalex.org/A5020404511,Thomas Bonald,first
https://openalex.org/W2116790783,On performance bounds for the integration of elastic and adaptive streaming flows,SIGMETRICS,2004,https://openalex.org/A5025136069,Alexandre Proutière,last
https://openalex.org/W1993855803,Indexing spatio-temporal trajectories with Chebyshev polynomials,SIGMOD,2004,https://openalex.org/A5005472808,Yuhan Cai,first
https://openalex.org/W1993855803,Indexing spatio-temporal trajectories with Chebyshev polynomials,SIGMOD,2004,https://openalex.org/A5113567130,Raymond T. Ng,last
https://openalex.org/W2020632401,"Expander flows, geometric embeddings and graph partitioning",STOC,2004,https://openalex.org/A5103209777,Sanjeev Arora,first
https://openalex.org/W2020632401,"Expander flows, geometric embeddings and graph partitioning",STOC,2004,https://openalex.org/A5082369624,Satish Rao,middle
https://openalex.org/W2020632401,"Expander flows, geometric embeddings and graph partitioning",STOC,2004,https://openalex.org/A5071039750,Umesh Vazirani,last
https://openalex.org/W295046251,Multi-linear formulas for permanent and determinant are of super-polynomial size,STOC,2004,https://openalex.org/A5041545934,Ran Raz,first
https://openalex.org/W1989450868,Multi-Finger Gestural Interaction with 3D Volumetric Displays,UIST,2004,https://openalex.org/A5058485609,Tovi Grossman,first
https://openalex.org/W1989450868,Multi-Finger Gestural Interaction with 3D Volumetric Displays,UIST,2004,https://openalex.org/A5083735800,Daniel Wigdor,middle
https://openalex.org/W1989450868,Multi-Finger Gestural Interaction with 3D Volumetric Displays,UIST,2004,https://openalex.org/A5063443025,Ravin Balakrishnan,last
https://openalex.org/W2097995023,Model-Driven Data Acquisition in Sensor Networks,VLDB,2004,https://openalex.org/A5113637223,Amol Deshpande,first
https://openalex.org/W2097995023,Model-Driven Data Acquisition in Sensor Networks,VLDB,2004,https://openalex.org/A5090739892,Carlos Guestrin,middle
https://openalex.org/W2097995023,Model-Driven Data Acquisition in Sensor Networks,VLDB,2004,https://openalex.org/A5037742794,Samuel Madden,middle
https://openalex.org/W2097995023,Model-Driven Data Acquisition in Sensor Networks,VLDB,2004,https://openalex.org/A5043626252,Joseph M. Hellerstein,middle
https://openalex.org/W2097995023,Model-Driven Data Acquisition in Sensor Networks,VLDB,2004,https://openalex.org/A5103337641,Wei Hong,last
https://openalex.org/W2064716575,Automatic detection of fragments in dynamically generated web pages,WWW,2004,https://openalex.org/A5082188602,Lakshmish Ramaswamy,first
https://openalex.org/W2064716575,Automatic detection of fragments in dynamically generated web pages,WWW,2004,https://openalex.org/A5102744844,Arun Iyengar,middle
https://openalex.org/W2064716575,Automatic detection of fragments in dynamically generated web pages,WWW,2004,https://openalex.org/A5110904945,LING LIU,middle
https://openalex.org/W2064716575,Automatic detection of fragments in dynamically generated web pages,WWW,2004,https://openalex.org/A5069996857,Fred Douglis,last
https://openalex.org/W2113272343,Towards a Model of Face-to-Face Grounding,ACL,2003,https://openalex.org/A5038153180,Yukiko Nakano,first
https://openalex.org/W2113272343,Towards a Model of Face-to-Face Grounding,ACL,2003,https://openalex.org/A5051441682,Gabe Reinstein,middle
https://openalex.org/W2113272343,Towards a Model of Face-to-Face Grounding,ACL,2003,https://openalex.org/A5069830330,Tom Stocky,middle
https://openalex.org/W2113272343,Towards a Model of Face-to-Face Grounding,ACL,2003,https://openalex.org/A5109964078,Justine Cassell,last
https://openalex.org/W2097606805,Accurate Unlexicalized Parsing,ACL,2003,https://openalex.org/A5004921249,Dan Klein,first
https://openalex.org/W2097606805,Accurate Unlexicalized Parsing,ACL,2003,https://openalex.org/A5046006076,Christopher D. Manning,last
https://openalex.org/W2154422044,Object Class Recognition by Unsupervised Scale-Invariant Learning,CVPR,2003,https://openalex.org/A5089960673,Rob Fergus,first
https://openalex.org/W2154422044,Object Class Recognition by Unsupervised Scale-Invariant Learning,CVPR,2003,https://openalex.org/A5026825380,Pietro Perona,middle
https://openalex.org/W2154422044,Object Class Recognition by Unsupervised Scale-Invariant Learning,CVPR,2003,https://openalex.org/A5057678172,Andrew Zisserman,last
https://openalex.org/W2149463264,On the Impossibility of Dimension Reduction in L1,FOCS,2003,https://openalex.org/A5025420692,Bo Brinkman,first
https://openalex.org/W2149463264,On the Impossibility of Dimension Reduction in L1,FOCS,2003,https://openalex.org/A5071016611,Moses Charikar,last
https://openalex.org/W2121376435,Predicting Problems Caused by Component Upgrades,FSE,2003,https://openalex.org/A5078041729,Stephen McCamant,first
https://openalex.org/W2121376435,Predicting Problems Caused by Component Upgrades,FSE,2003,https://openalex.org/A5032068969,Michael D. Ernst,last
https://openalex.org/W2131467114,A Family of Test Adequacy Criteria for Database-Driven Applications,FSE,2003,https://openalex.org/A5084185098,Gregory M. Kapfhammer,first
https://openalex.org/W2131467114,A Family of Test Adequacy Criteria for Database-Driven Applications,FSE,2003,https://openalex.org/A5047746948,Mary Lou Soffa,last
https://openalex.org/W2142038400,"Eliminating redundancies with a ""composition with adaptation"" meta-programming technique",FSE,2003,https://openalex.org/A5113533321,Stan Jarzabek,first
https://openalex.org/W2142038400,"Eliminating redundancies with a ""composition with adaptation"" meta-programming technique",FSE,2003,https://openalex.org/A5064883489,Shubiao Li,last
https://openalex.org/W2066763472,Image-based Rendering using Image-based Priors,ICCV,2003,https://openalex.org/A5096892146,Fitzgibbon,first
https://openalex.org/W2066763472,Image-based Rendering using Image-based Priors,ICCV,2003,https://openalex.org/A5096865738,Wexler,middle
https://openalex.org/W2066763472,Image-based Rendering using Image-based Priors,ICCV,2003,https://openalex.org/A5063509242,Zisserman,last
https://openalex.org/W2056860348,"Image Parsing: Unifying Segmentation, Detection and Recognition",ICCV,2003,https://openalex.org/A5001760915,Zhuowen Tu,first
https://openalex.org/W2056860348,"Image Parsing: Unifying Segmentation, Detection and Recognition",ICCV,2003,https://openalex.org/A5074843339,Xiang-Rong Chen,middle
https://openalex.org/W2056860348,"Image Parsing: Unifying Segmentation, Detection and Recognition",ICCV,2003,https://openalex.org/A5086706224,Alan Yuille,middle
https://openalex.org/W2056860348,"Image Parsing: Unifying Segmentation, Detection and Recognition",ICCV,2003,https://openalex.org/A5034228010,Song‐Chun Zhu,last
https://openalex.org/W1992825118,Detecting Pedestrians using Patterns of Motion and Appearance,ICCV,2003,https://openalex.org/A5042310818,Paul Viola,first
https://openalex.org/W1992825118,Detecting Pedestrians using Patterns of Motion and Appearance,ICCV,2003,https://openalex.org/A5064275902,Michael Jones,middle
https://openalex.org/W1992825118,Detecting Pedestrians using Patterns of Motion and Appearance,ICCV,2003,https://openalex.org/A5003047938,Daniel Snow,last
https://openalex.org/W2160510992,Precise Dynamic Slicing Algorithms,ICSE,2003,https://openalex.org/A5100362465,Xiangyu Zhang,first
https://openalex.org/W2160510992,Precise Dynamic Slicing Algorithms,ICSE,2003,https://openalex.org/A5100699251,Rajiv Gupta,middle
https://openalex.org/W2160510992,Precise Dynamic Slicing Algorithms,ICSE,2003,https://openalex.org/A5026996875,Youtao Zhang,last
https://openalex.org/W4243167850,Modular Verification of Software Components in C,ICSE,2003,https://openalex.org/A5084751293,Sagar Chaki,first
https://openalex.org/W4243167850,Modular Verification of Software Components in C,ICSE,2003,https://openalex.org/A5110048758,E. M. Clarke,middle
https://openalex.org/W4243167850,Modular Verification of Software Components in C,ICSE,2003,https://openalex.org/A5026932942,Alex Groce,middle
https://openalex.org/W4243167850,Modular Verification of Software Components in C,ICSE,2003,https://openalex.org/A5075978538,Sumit Kumar Jha,middle
https://openalex.org/W4243167850,Modular Verification of Software Components in C,ICSE,2003,https://openalex.org/A5110428657,H. Veith,last
https://openalex.org/W2101914010,Thin Junction Tree Filters for Simultaneous Localization and Mapping,IJCAI,2003,https://openalex.org/A5081289768,Mark A. Paskin,first
https://openalex.org/W1664963465,Approximating Game-Theoretic Optimal Strategies for Full-scale Poker,IJCAI,2003,https://openalex.org/A5069421748,Darse Billings,first
https://openalex.org/W1664963465,Approximating Game-Theoretic Optimal Strategies for Full-scale Poker,IJCAI,2003,https://openalex.org/A5018555885,Neil Burch,middle
https://openalex.org/W1664963465,Approximating Game-Theoretic Optimal Strategies for Full-scale Poker,IJCAI,2003,https://openalex.org/A5021980147,Aaron Davidson,middle
https://openalex.org/W1664963465,Approximating Game-Theoretic Optimal Strategies for Full-scale Poker,IJCAI,2003,https://openalex.org/A5077149145,Robert C. Holte,middle
https://openalex.org/W1664963465,Approximating Game-Theoretic Optimal Strategies for Full-scale Poker,IJCAI,2003,https://openalex.org/A5018637996,Jonathan Schaeffer,middle
https://openalex.org/W1664963465,Approximating Game-Theoretic Optimal Strategies for Full-scale Poker,IJCAI,2003,https://openalex.org/A5004058033,Terence Conrad Schauenberg,middle
https://openalex.org/W1664963465,Approximating Game-Theoretic Optimal Strategies for Full-scale Poker,IJCAI,2003,https://openalex.org/A5000711683,Duane Szafron,last
https://openalex.org/W2087796731,User-Level Performance of Channel-Aware Scheduling Algorithms in Wireless Data Networks,INFOCOM,2003,https://openalex.org/A5020404511,Thomas Bonald,first
https://openalex.org/W2087796731,User-Level Performance of Channel-Aware Scheduling Algorithms in Wireless Data Networks,INFOCOM,2003,https://openalex.org/A5025136069,Alexandre Proutière,last
https://openalex.org/W2061820396,Maximizing the spread of influence through a social network,KDD,2003,https://openalex.org/A5064274071,David Kempe,first
https://openalex.org/W2061820396,Maximizing the spread of influence through a social network,KDD,2003,https://openalex.org/A5055710645,Jon Kleinberg,middle
https://openalex.org/W2061820396,Maximizing the spread of influence through a social network,KDD,2003,https://openalex.org/A5025175846,Éva Tardos,last
https://openalex.org/W2125346056,Automatically Proving the Correctness of Compiler Optimizations,PLDI,2003,https://openalex.org/A5043665959,Sorin Lerner,first
https://openalex.org/W2125346056,Automatically Proving the Correctness of Compiler Optimizations,PLDI,2003,https://openalex.org/A5014067492,Todd Millstein,middle
https://openalex.org/W2125346056,Automatically Proving the Correctness of Compiler Optimizations,PLDI,2003,https://openalex.org/A5070604627,Craig Chambers,last
https://openalex.org/W1971778458,An Information-Theoretic Approach to Normal Forms for Relational and XML Data,PODS,2003,https://openalex.org/A5011691423,Marcelo Arenas,first
https://openalex.org/W1971778458,An Information-Theoretic Approach to Normal Forms for Relational and XML Data,PODS,2003,https://openalex.org/A5069883356,Leonid Libkin,last
https://openalex.org/W2125596620,Re-examining the potential effectiveness of interactive query expansion,SIGIR,2003,https://openalex.org/A5007866098,Ian Ruthven,first
https://openalex.org/W2102951036,Spreadsheets in RDBMS for OLAP,SIGMOD,2003,https://openalex.org/A5088270000,Andrew Witkowski,first
https://openalex.org/W2102951036,Spreadsheets in RDBMS for OLAP,SIGMOD,2003,https://openalex.org/A5032089564,Srikanth Bellamkonda,middle
https://openalex.org/W2102951036,Spreadsheets in RDBMS for OLAP,SIGMOD,2003,https://openalex.org/A5003515555,Tolga Bozkaya,middle
https://openalex.org/W2102951036,Spreadsheets in RDBMS for OLAP,SIGMOD,2003,https://openalex.org/A5044720978,Gregory Dorman,middle
https://openalex.org/W2102951036,Spreadsheets in RDBMS for OLAP,SIGMOD,2003,https://openalex.org/A5060178716,Nathan Folkert,middle
https://openalex.org/W2102951036,Spreadsheets in RDBMS for OLAP,SIGMOD,2003,https://openalex.org/A5041752781,Abhinav Gupta,middle
https://openalex.org/W2102951036,Spreadsheets in RDBMS for OLAP,SIGMOD,2003,https://openalex.org/A5041486729,Lei Shen,middle
https://openalex.org/W2102951036,Spreadsheets in RDBMS for OLAP,SIGMOD,2003,https://openalex.org/A5002546424,Sankar Subramanian,last
https://openalex.org/W4229646679,Improving the Reliability of Commodity Operating Systems,SOSP,2003,https://openalex.org/A5072740120,Michael M. Swift,first
https://openalex.org/W4229646679,Improving the Reliability of Commodity Operating Systems,SOSP,2003,https://openalex.org/A5066263895,Brian N. Bershad,middle
https://openalex.org/W4229646679,Improving the Reliability of Commodity Operating Systems,SOSP,2003,https://openalex.org/A5069107397,Henry M. Levy,last
https://openalex.org/W2144552569,Preserving peer replicas by rate-limited sampled voting,SOSP,2003,https://openalex.org/A5102725147,Petros Maniatis,first
https://openalex.org/W2144552569,Preserving peer replicas by rate-limited sampled voting,SOSP,2003,https://openalex.org/A5062232872,David S. H. Rosenthal,middle
https://openalex.org/W2144552569,Preserving peer replicas by rate-limited sampled voting,SOSP,2003,https://openalex.org/A5083113208,Mema Roussopoulos,middle
https://openalex.org/W2144552569,Preserving peer replicas by rate-limited sampled voting,SOSP,2003,https://openalex.org/A5109232487,Mary Baker,middle
https://openalex.org/W2144552569,Preserving peer replicas by rate-limited sampled voting,SOSP,2003,https://openalex.org/A5112448449,TJ Giuli,middle
https://openalex.org/W2144552569,Preserving peer replicas by rate-limited sampled voting,SOSP,2003,https://openalex.org/A5030554579,Yanto Muliadi,last
https://openalex.org/W2295705535,Backtracking intrusions,SOSP,2003,https://openalex.org/A5112039412,Samuel T. King,first
https://openalex.org/W2295705535,Backtracking intrusions,SOSP,2003,https://openalex.org/A5027819880,Peter M. Chen,last
https://openalex.org/W2123852216,Derandomizing polynomial identity tests means proving circuit lower bounds,STOC,2003,https://openalex.org/A5066747130,Valentine Kabanets,first
https://openalex.org/W2123852216,Derandomizing polynomial identity tests means proving circuit lower bounds,STOC,2003,https://openalex.org/A5002208831,Russell Impagliazzo,last
https://openalex.org/W2015281423,New lattice-based cryptographic constructions,STOC,2003,https://openalex.org/A5049700941,Oded Regev,first
https://openalex.org/W2131054109,Perceptually-Supported Image Editing of Text and Graphics,UIST,2003,https://openalex.org/A5045756484,Eric Saund,first
https://openalex.org/W2131054109,Perceptually-Supported Image Editing of Text and Graphics,UIST,2003,https://openalex.org/A5035123135,David J. Fleet,middle
https://openalex.org/W2131054109,Perceptually-Supported Image Editing of Text and Graphics,UIST,2003,https://openalex.org/A5041791846,Daniel Larner,middle
https://openalex.org/W2131054109,Perceptually-Supported Image Editing of Text and Graphics,UIST,2003,https://openalex.org/A5023695486,James Mahoney,last
https://openalex.org/W2069153192,Scaling personalized web search,WWW,2003,https://openalex.org/A5087418634,Glen Jeh,first
https://openalex.org/W2069153192,Scaling personalized web search,WWW,2003,https://openalex.org/A5010857944,Jennifer Widom,last
https://openalex.org/W2099003704,SemTag and seeker: bootstrapping the semantic web via automated semantic annotation,WWW,2003,https://openalex.org/A5080942754,Boanerges Aleman-Meza,first
https://openalex.org/W2099003704,SemTag and seeker: bootstrapping the semantic web via automated semantic annotation,WWW,2003,https://openalex.org/A5010776606,Chris Halaschek,middle
https://openalex.org/W2099003704,SemTag and seeker: bootstrapping the semantic web via automated semantic annotation,WWW,2003,https://openalex.org/A5055430403,I. Budak Arpinar,middle
https://openalex.org/W2099003704,SemTag and seeker: bootstrapping the semantic web via automated semantic annotation,WWW,2003,https://openalex.org/A5028772801,Amit Sheth,last
https://openalex.org/W1964376592,On Computing All Abductive Explanations,AAAI,2002,https://openalex.org/A5082178480,Thomas Eiter,first
https://openalex.org/W1964376592,On Computing All Abductive Explanations,AAAI,2002,https://openalex.org/A5110768204,Kazuhisa Makino,last
https://openalex.org/W2154124206,Discriminative Training and Maximum Entropy Models for Statistical Machine Translation,ACL,2002,https://openalex.org/A5046457818,Franz Josef Och,first
https://openalex.org/W2154124206,Discriminative Training and Maximum Entropy Models for Statistical Machine Translation,ACL,2002,https://openalex.org/A5112501010,Hermann Ney,last
https://openalex.org/W2787952106,Constant-Round Coin-Tossing with a Man in the Middle or Realizing the Shared Random String Model,FOCS,2002,https://openalex.org/A5079123053,William Henry Bukowski,first
https://openalex.org/W2145818650,Minimizing Congestion in General Networks,FOCS,2002,https://openalex.org/A5016682913,Harald Räcke,first
https://openalex.org/W2129023820,A Dichotomy Theorem for Constraints on a Three-Element Set,FOCS,2002,https://openalex.org/A5103266587,Andreǐ A. Bulatov,first
https://openalex.org/W2121081915,Isolating Cause-Effect Chains from Computer Programs,FSE,2002,https://openalex.org/A5051672229,Andreas Zeller,first
https://openalex.org/W2097692570,Priority Service and Max-Min Fairness,INFOCOM,2002,https://openalex.org/A5012311701,Peter Marbach,first
https://openalex.org/W2045747317,Pattern discovery in sequences under a Markov assumption,KDD,2002,https://openalex.org/A5014101817,Darya Chudova,first
https://openalex.org/W2045747317,Pattern discovery in sequences under a Markov assumption,KDD,2002,https://openalex.org/A5077460655,Padhraic Smyth,last
https://openalex.org/W2121542813,Memory Resource Management in VMware ESX Server,OSDI,2002,https://openalex.org/A5015339187,Carl A. Waldspurger,first
https://openalex.org/W2003304137,Monadic Datalog and the Expressive Power of Languages for Web Information Extraction,PODS,2002,https://openalex.org/A5050151740,Georg Gottlob,first
https://openalex.org/W2003304137,Monadic Datalog and the Expressive Power of Languages for Web Information Extraction,PODS,2002,https://openalex.org/A5101903922,Christoph Koch,last
https://openalex.org/W1981825277,Novelty and redundancy detection in adaptive filtering,SIGIR,2002,https://openalex.org/A5100388094,Yi Zhang,first
https://openalex.org/W1981825277,Novelty and redundancy detection in adaptive filtering,SIGIR,2002,https://openalex.org/A5009879041,Jamie Callan,middle
https://openalex.org/W1981825277,Novelty and redundancy detection in adaptive filtering,SIGIR,2002,https://openalex.org/A5111929449,Thomas P. Minka,last
https://openalex.org/W2296630161,Clothing Manipulation,UIST,2002,https://openalex.org/A5006045778,Yuki Igarashi,first
https://openalex.org/W2296630161,Clothing Manipulation,UIST,2002,https://openalex.org/A5103642464,John F. Hughes,last
https://openalex.org/W2006591097,Abstracting application-level web security,WWW,2002,https://openalex.org/A5068028533,David Scott,first
https://openalex.org/W2006591097,Abstracting application-level web security,WWW,2002,https://openalex.org/A5035716030,Richard R. Sharp,last
https://openalex.org/W2139403546,Fast Decoding and Optimal Decoding for Machine Translation,ACL,2001,https://openalex.org/A5027569258,Ulrich Germann,first
https://openalex.org/W2139403546,Fast Decoding and Optimal Decoding for Machine Translation,ACL,2001,https://openalex.org/A5053233618,Michael Jahr,middle
https://openalex.org/W2139403546,Fast Decoding and Optimal Decoding for Machine Translation,ACL,2001,https://openalex.org/A5106821597,Kevin Knight,middle
https://openalex.org/W2139403546,Fast Decoding and Optimal Decoding for Machine Translation,ACL,2001,https://openalex.org/A5005020376,Daniel Marcu,middle
https://openalex.org/W2139403546,Fast Decoding and Optimal Decoding for Machine Translation,ACL,2001,https://openalex.org/A5105125515,Kenji Yamada,last
https://openalex.org/W2155693943,Immediate-Head Parsing for Language Models,ACL,2001,https://openalex.org/A5005380528,Eugene Charniak,first
https://openalex.org/W2130398583,Morphable 3D models from video,CVPR,2001,https://openalex.org/A5076349670,W. Brand,first
https://openalex.org/W2098479385,Probabilistic Tracking with Exemplars in a Metric Space,ICCV,2001,https://openalex.org/A5032452724,Kentaro Toyama,first
https://openalex.org/W2098479385,Probabilistic Tracking with Exemplars in a Metric Space,ICCV,2001,https://openalex.org/A5101657518,Andrew Blake,last
https://openalex.org/W2148162135,The Space of All Stereo Images,ICCV,2001,https://openalex.org/A5068254275,Steven M. Seitz,first
https://openalex.org/W2148162135,The Space of All Stereo Images,ICCV,2001,https://openalex.org/A5100462890,Jiwon Kim,last
https://openalex.org/W2084341220,Complexity Results for Structure-Based Causality,IJCAI,2001,https://openalex.org/A5039125390,Leo Breiman,first
https://openalex.org/W2013901835,Mobility increases the capacity of ad-hoc wireless networks,INFOCOM,2001,https://openalex.org/A5064857767,Andrew T. Campbell,first
https://openalex.org/W2013901835,Mobility increases the capacity of ad-hoc wireless networks,INFOCOM,2001,https://openalex.org/A5109860022,Mischa Schwartz,last
https://openalex.org/W2009144907,Robust space transformations for distance-based operations,KDD,2001,https://openalex.org/A5012032862,Edwin M. Knorr,first
https://openalex.org/W2009144907,Robust space transformations for distance-based operations,KDD,2001,https://openalex.org/A5113567130,Raymond T. Ng,middle
https://openalex.org/W2009144907,Robust space transformations for distance-based operations,KDD,2001,https://openalex.org/A5051823149,Ruben H. Zamar,last
https://openalex.org/W2134206624,Optimal aggregation algorithms for middleware,PODS,2001,https://openalex.org/A5027117465,Ronald Fagin,first
https://openalex.org/W2134206624,Optimal aggregation algorithms for middleware,PODS,2001,https://openalex.org/A5015424594,Amnon Lotem,middle
https://openalex.org/W2134206624,Optimal aggregation algorithms for middleware,PODS,2001,https://openalex.org/A5002372704,Moni Naor,last
https://openalex.org/W2094661073,Temporal summaries of new topics,SIGIR,2001,https://openalex.org/A5034070218,James Allan,first
https://openalex.org/W2094661073,Temporal summaries of new topics,SIGIR,2001,https://openalex.org/A5075937808,Rahul Gupta,middle
https://openalex.org/W2094661073,Temporal summaries of new topics,SIGIR,2001,https://openalex.org/A5068395748,Vikas Khandelwal,last
https://openalex.org/W2163336863,Locally adaptive dimensionality reduction for indexing large time series databases,SIGMOD,2001,https://openalex.org/A5078245746,Eamonn Keogh,first
https://openalex.org/W2163336863,Locally adaptive dimensionality reduction for indexing large time series databases,SIGMOD,2001,https://openalex.org/A5113509258,Kaushik Chakrabarti,middle
https://openalex.org/W2163336863,Locally adaptive dimensionality reduction for indexing large time series databases,SIGMOD,2001,https://openalex.org/A5018321151,Michael J. Pazzani,middle
https://openalex.org/W2163336863,Locally adaptive dimensionality reduction for indexing large time series databases,SIGMOD,2001,https://openalex.org/A5010114060,Sharad Mehrotra,last
https://openalex.org/W2100857937,Untrusted hosts and confidentiality: secure program partitioning,SOSP,2001,https://openalex.org/A5041830534,Steve Zdancewic,first
https://openalex.org/W2100857937,Untrusted hosts and confidentiality: secure program partitioning,SOSP,2001,https://openalex.org/A5069017863,Lantian Zheng,middle
https://openalex.org/W2100857937,Untrusted hosts and confidentiality: secure program partitioning,SOSP,2001,https://openalex.org/A5111998286,Nathaniel Nystrom,middle
https://openalex.org/W2100857937,Untrusted hosts and confidentiality: secure program partitioning,SOSP,2001,https://openalex.org/A5101697549,Andrew C. Myers,last
https://openalex.org/W2053903896,BASE: using abstraction to improve fault tolerance,SOSP,2001,https://openalex.org/A5084561739,Rodrigo Rodrigues,first
https://openalex.org/W2053903896,BASE: using abstraction to improve fault tolerance,SOSP,2001,https://openalex.org/A5059491225,Miguel Castro,middle
https://openalex.org/W2053903896,BASE: using abstraction to improve fault tolerance,SOSP,2001,https://openalex.org/A5087649192,Barbara Liskov,last
https://openalex.org/W1994547327,Phidgets: Easy Development of Physical Interfaces through Physical Widgets,UIST,2001,https://openalex.org/A5103114181,Saul Greenberg,first
https://openalex.org/W1994547327,Phidgets: Easy Development of Physical Interfaces through Physical Widgets,UIST,2001,https://openalex.org/A5008167536,Chester Fitchett,last
https://openalex.org/W2130642985,Weaving Relations for Cache Performance,VLDB,2001,https://openalex.org/A5031319715,Anastassia Ailamaki,first
https://openalex.org/W2130642985,Weaving Relations for Cache Performance,VLDB,2001,https://openalex.org/A5055300310,David J. DeWitt,middle
https://openalex.org/W2130642985,Weaving Relations for Cache Performance,VLDB,2001,https://openalex.org/A5102954737,Mark D. Hill,middle
https://openalex.org/W2130642985,Weaving Relations for Cache Performance,VLDB,2001,https://openalex.org/A5065431426,Marios Skounakis,last
https://openalex.org/W1985727586,Engineering Server Driven Consistency for Large Scale Dynamic Web Services,WWW,2001,https://openalex.org/A5102195798,Jian Yin,first
https://openalex.org/W1985727586,Engineering Server Driven Consistency for Large Scale Dynamic Web Services,WWW,2001,https://openalex.org/A5048612724,Lorenzo Alvisi,middle
https://openalex.org/W1985727586,Engineering Server Driven Consistency for Large Scale Dynamic Web Services,WWW,2001,https://openalex.org/A5113625882,Mike Dahlin,middle
https://openalex.org/W1985727586,Engineering Server Driven Consistency for Large Scale Dynamic Web Services,WWW,2001,https://openalex.org/A5102744844,Arun Iyengar,last
https://openalex.org/W2096678443,The Game of Hex: An Automatic Theorem-Proving Approach to Game Programming,AAAI,2000,https://openalex.org/A5068650558,V. V. Anshelevich,first
https://openalex.org/W2284662111,Automatic Invention of Integer Sequences,AAAI,2000,https://openalex.org/A5102963061,Simon Colton,first
https://openalex.org/W2284662111,Automatic Invention of Integer Sequences,AAAI,2000,https://openalex.org/A5040311876,Alan Bundy,middle
https://openalex.org/W2284662111,Automatic Invention of Integer Sequences,AAAI,2000,https://openalex.org/A5072902302,Toby Walsh,last
https://openalex.org/W2118119027,Statistics-Based Summarization -- Step One: Sentence Compression,AAAI,2000,https://openalex.org/A5106821597,Kevin Knight,first
https://openalex.org/W2118119027,Statistics-Based Summarization -- Step One: Sentence Compression,AAAI,2000,https://openalex.org/A5005020376,Daniel Marcu,last
https://openalex.org/W2103552898,Local Search Characteristics of Incomplete SAT Procedures,AAAI,2000,https://openalex.org/A5010575626,Dale Schuurmans,first
https://openalex.org/W2103552898,Local Search Characteristics of Incomplete SAT Procedures,AAAI,2000,https://openalex.org/A5047278339,Finnegan Southey,last
https://openalex.org/W2159128898,Real-Time Tracking of Non-Rigid Objects using Mean Shift,CVPR,2000,https://openalex.org/A5012751147,Dorin Comaniciu,first
https://openalex.org/W2159128898,Real-Time Tracking of Non-Rigid Objects using Mean Shift,CVPR,2000,https://openalex.org/A5049160991,Visvanathan Ramesh,middle
https://openalex.org/W2159128898,Real-Time Tracking of Non-Rigid Objects using Mean Shift,CVPR,2000,https://openalex.org/A5062309861,Peter Meer,last
https://openalex.org/W2110416206,The Chaotic Nature of TCP Congestion Control,INFOCOM,2000,https://openalex.org/A5017036718,András Veres,first
https://openalex.org/W2110416206,The Chaotic Nature of TCP Congestion Control,INFOCOM,2000,https://openalex.org/A5015797494,Miklós Boda,last
https://openalex.org/W1991962718,Hancock: a language for extracting signatures from data streams,KDD,2000,https://openalex.org/A5013243115,Corinna Cortes,first
https://openalex.org/W1991962718,Hancock: a language for extracting signatures from data streams,KDD,2000,https://openalex.org/A5056099984,Kathleen Fisher,middle
https://openalex.org/W1991962718,Hancock: a language for extracting signatures from data streams,KDD,2000,https://openalex.org/A5039725998,Daryl Pregibon,middle
https://openalex.org/W1991962718,Hancock: a language for extracting signatures from data streams,KDD,2000,https://openalex.org/A5105838185,Anne Rogers,last
https://openalex.org/W4235785239,"Checking System Rules Using System-Specific, Programmer-Written Compiler Extensions",OSDI,2000,https://openalex.org/A5111537551,Dawson Engler,first
https://openalex.org/W4235785239,"Checking System Rules Using System-Specific, Programmer-Written Compiler Extensions",OSDI,2000,https://openalex.org/A5048534004,Benjamin Chelf,middle
https://openalex.org/W4235785239,"Checking System Rules Using System-Specific, Programmer-Written Compiler Extensions",OSDI,2000,https://openalex.org/A5108791099,Andy Chou,middle
https://openalex.org/W4235785239,"Checking System Rules Using System-Specific, Programmer-Written Compiler Extensions",OSDI,2000,https://openalex.org/A5029727324,Seth Hallem,last
https://openalex.org/W4231002400,Dynamo: a transparent dynamic optimization system,PLDI,2000,https://openalex.org/A5083738032,Vasanth Bala,first
https://openalex.org/W4231002400,Dynamo: a transparent dynamic optimization system,PLDI,2000,https://openalex.org/A5029055674,Evelyn Duesterwald,middle
https://openalex.org/W4231002400,Dynamo: a transparent dynamic optimization system,PLDI,2000,https://openalex.org/A5070068025,Sanjeev Banerjia,last
https://openalex.org/W2035071899,Auditing Boolean attributes,PODS,2000,https://openalex.org/A5055710645,Jon Kleinberg,first
https://openalex.org/W2035071899,Auditing Boolean attributes,PODS,2000,https://openalex.org/A5104056982,Christos H. Papadimitriou,middle
https://openalex.org/W2035071899,Auditing Boolean attributes,PODS,2000,https://openalex.org/A5078491738,Prabhakar Raghavan,last
https://openalex.org/W1985554184,IR evaluation methods for retrieving highly relevant documents,SIGIR,2000,https://openalex.org/A5014374477,Kalervo Järvelin,first
https://openalex.org/W1985554184,IR evaluation methods for retrieving highly relevant documents,SIGIR,2000,https://openalex.org/A5086854307,Jaana Kekäläinen,last
https://openalex.org/W4235095233,XMill: an efficient compressor for XML data,SIGMOD,2000,https://openalex.org/A5057889288,Hartmut Liefke,first
https://openalex.org/W4235095233,XMill: an efficient compressor for XML data,SIGMOD,2000,https://openalex.org/A5048204602,Dan Suciu,last
https://openalex.org/W2169732913,Sensing Techniques for Mobile Interaction,UIST,2000,https://openalex.org/A5036357098,Ken Hinckley,first
https://openalex.org/W2169732913,Sensing Techniques for Mobile Interaction,UIST,2000,https://openalex.org/A5059348442,Jeff Pierce,middle
https://openalex.org/W2169732913,Sensing Techniques for Mobile Interaction,UIST,2000,https://openalex.org/A5032790545,Mike Sinclair,middle
https://openalex.org/W2169732913,Sensing Techniques for Mobile Interaction,UIST,2000,https://openalex.org/A5043228682,Eric Horvitz,last
https://openalex.org/W2175110005,Graph Structure in the Web,WWW,2000,https://openalex.org/A5108541542,Andrei Broder,first
https://openalex.org/W2175110005,Graph Structure in the Web,WWW,2000,https://openalex.org/A5101772780,Ravi Kumar,middle
https://openalex.org/W2175110005,Graph Structure in the Web,WWW,2000,https://openalex.org/A5061038699,Farzin Maghoul,middle
https://openalex.org/W2175110005,Graph Structure in the Web,WWW,2000,https://openalex.org/A5078491738,Prabhakar Raghavan,middle
https://openalex.org/W2175110005,Graph Structure in the Web,WWW,2000,https://openalex.org/A5104023644,Sridhar Rajagopalan,middle
https://openalex.org/W2175110005,Graph Structure in the Web,WWW,2000,https://openalex.org/A5111970544,Raymie Stata,middle
https://openalex.org/W2175110005,Graph Structure in the Web,WWW,2000,https://openalex.org/A5068021191,Andrew Tomkins,middle
https://openalex.org/W2175110005,Graph Structure in the Web,WWW,2000,https://openalex.org/A5113681033,Janet L. Wiener,last
