paper_openalex_id,paper_title,conference,award_year,author_id,author_name,author_position,first_pub_year,works_count,cited_by_count,h_index,i10_index,career_age_at_award,career_stage
https://openalex.org/W2788603415,Memory-Augmented Monte Carlo Tree Search,AAAI,2018,https://openalex.org/A5026521600,Chenjun Xiao,first,2012.0,47.0,224.0,8.0,8.0,6.0,Senior
https://openalex.org/W2788603415,Memory-Augmented Monte Carlo Tree Search,AAAI,2018,https://openalex.org/A5014823249,Jincheng Mei,middle,2014.0,29.0,248.0,9.0,9.0,4.0,Junior
https://openalex.org/W2788603415,Memory-Augmented Monte Carlo Tree Search,AAAI,2018,https://openalex.org/A5010677076,Martin Müller,last,1966.0,164.0,3116.0,26.0,56.0,52.0,Senior
https://openalex.org/W2798397965,Finding syntax in human encephalography with beam search,ACL,2018,https://openalex.org/A5054978902,John Hale,first,1930.0,86.0,4539.0,25.0,42.0,88.0,Senior
https://openalex.org/W2798397965,Finding syntax in human encephalography with beam search,ACL,2018,https://openalex.org/A5111222692,Chris Dyer,middle,1970.0,370.0,34435.0,69.0,199.0,48.0,Senior
https://openalex.org/W2798397965,Finding syntax in human encephalography with beam search,ACL,2018,https://openalex.org/A5069646529,Adhiguna Kuncoro,middle,2016.0,38.0,1600.0,18.0,19.0,2.0,Junior
https://openalex.org/W2798397965,Finding syntax in human encephalography with beam search,ACL,2018,https://openalex.org/A5039799789,Jonathan Brennan,last,2002.0,90.0,2148.0,22.0,33.0,16.0,Senior
https://openalex.org/W2963033005,Learning to Ask Good Questions: Ranking Clarification Questions using Neural Expected Value of Perfect Information,ACL,2018,https://openalex.org/A5001484153,Sudha Rao,first,2011.0,36.0,878.0,12.0,13.0,7.0,Senior
https://openalex.org/W2963033005,Learning to Ask Good Questions: Ranking Clarification Questions using Neural Expected Value of Perfect Information,ACL,2018,https://openalex.org/A5019928111,Hal Daumé,last,2001.0,335.0,17285.0,61.0,166.0,17.0,Senior
https://openalex.org/W2899300759,"Let's do it ""again"": A First Computational Approach to Detecting Adverbial Presupposition Triggers",ACL,2018,https://openalex.org/A5040699318,Alexandre Cremers,first,2011.0,40.0,349.0,9.0,8.0,7.0,Senior
https://openalex.org/W4255717503,Agile 3D Sketching with Air Scaffolding,CHI,2018,https://openalex.org/A5040685721,Yongkwan Kim,first,2005.0,24.0,397.0,10.0,10.0,13.0,Senior
https://openalex.org/W4255717503,Agile 3D Sketching with Air Scaffolding,CHI,2018,https://openalex.org/A5032195981,Sang-Gyun An,middle,2017.0,8.0,139.0,6.0,6.0,1.0,Junior
https://openalex.org/W4255717503,Agile 3D Sketching with Air Scaffolding,CHI,2018,https://openalex.org/A5029738364,Joon Hyub Lee,middle,2012.0,36.0,306.0,11.0,12.0,6.0,Senior
https://openalex.org/W4255717503,Agile 3D Sketching with Air Scaffolding,CHI,2018,https://openalex.org/A5034851596,Seok-Hyung Bae,last,1991.0,59.0,972.0,15.0,23.0,27.0,Senior
https://openalex.org/W2796228338,Pinpointing: Precise Head- and Eye-Based Target Selection for Augmented Reality,CHI,2018,https://openalex.org/A5026112124,Mikko Kytö,first,1997.0,51.0,802.0,16.0,20.0,21.0,Senior
https://openalex.org/W2796228338,Pinpointing: Precise Head- and Eye-Based Target Selection for Augmented Reality,CHI,2018,https://openalex.org/A5023623172,Barrett Ens,middle,2008.0,123.0,3776.0,31.0,51.0,10.0,Senior
https://openalex.org/W2796228338,Pinpointing: Precise Head- and Eye-Based Target Selection for Augmented Reality,CHI,2018,https://openalex.org/A5089644604,Thammathip Piumsomboon,middle,2011.0,99.0,3163.0,23.0,44.0,7.0,Senior
https://openalex.org/W2796228338,Pinpointing: Precise Head- and Eye-Based Target Selection for Augmented Reality,CHI,2018,https://openalex.org/A5020160332,Gun Lee,middle,1995.0,284.0,7769.0,40.0,109.0,23.0,Senior
https://openalex.org/W2796228338,Pinpointing: Precise Head- and Eye-Based Target Selection for Augmented Reality,CHI,2018,https://openalex.org/A5021195349,Mark Billinghurst,last,1989.0,879.0,32279.0,82.0,426.0,29.0,Senior
https://openalex.org/W2795857247,Data Illustrator: Augmenting Vector Design Tools with Lazy Data Binding for Expressive Visualization Authoring,CHI,2018,https://openalex.org/A5100745766,Zhicheng Liu,first,2003.0,125.0,3671.0,30.0,50.0,15.0,Senior
https://openalex.org/W2795857247,Data Illustrator: Augmenting Vector Design Tools with Lazy Data Binding for Expressive Visualization Authoring,CHI,2018,https://openalex.org/A5061223874,J. Thompson,middle,1960.0,212.0,14702.0,31.0,59.0,58.0,Senior
https://openalex.org/W2795857247,Data Illustrator: Augmenting Vector Design Tools with Lazy Data Binding for Expressive Visualization Authoring,CHI,2018,https://openalex.org/A5083645031,Alan M. Wilson,middle,1924.0,282.0,13838.0,66.0,173.0,94.0,Senior
https://openalex.org/W2795857247,Data Illustrator: Augmenting Vector Design Tools with Lazy Data Binding for Expressive Visualization Authoring,CHI,2018,https://openalex.org/A5083949511,Mira Dontcheva,middle,2003.0,106.0,5350.0,39.0,63.0,15.0,Senior
https://openalex.org/W2795857247,Data Illustrator: Augmenting Vector Design Tools with Lazy Data Binding for Expressive Visualization Authoring,CHI,2018,https://openalex.org/A5078187042,James Delorey,middle,2002.0,3.0,160.0,1.0,1.0,16.0,Senior
https://openalex.org/W2795857247,Data Illustrator: Augmenting Vector Design Tools with Lazy Data Binding for Expressive Visualization Authoring,CHI,2018,https://openalex.org/A5049518342,Sam Grigg,middle,2017.0,20.0,797.0,9.0,8.0,1.0,Junior
https://openalex.org/W2795857247,Data Illustrator: Augmenting Vector Design Tools with Lazy Data Binding for Expressive Visualization Authoring,CHI,2018,https://openalex.org/A5072370411,Bernard J Kerr,middle,1800.0,68.0,1112.0,14.0,14.0,218.0,Senior
https://openalex.org/W2795857247,Data Illustrator: Augmenting Vector Design Tools with Lazy Data Binding for Expressive Visualization Authoring,CHI,2018,https://openalex.org/A5082668404,John Stasko,last,1987.0,340.0,18514.0,67.0,205.0,31.0,Senior
https://openalex.org/W2889312863,"""A Stalker's Paradise"": How Intimate Partner Abusers Exploit Technology",CHI,2018,https://openalex.org/A5025927395,Jayson Althofer,first,1999.0,16.0,9.0,2.0,0.0,19.0,Senior
https://openalex.org/W2889312863,"""A Stalker's Paradise"": How Intimate Partner Abusers Exploit Technology",CHI,2018,https://openalex.org/A5109995935,Brian Musgrove,last,1986.0,52.0,1127.0,13.0,15.0,32.0,Senior
https://openalex.org/W2796063124,"Keeping a Low Profile? Technology, Risk and Privacy among Undocumented Immigrants",CHI,2018,https://openalex.org/A5009105907,Tamy Guberek,first,2009.0,11.0,195.0,6.0,4.0,9.0,Senior
https://openalex.org/W2796063124,"Keeping a Low Profile? Technology, Risk and Privacy among Undocumented Immigrants",CHI,2018,https://openalex.org/A5045574489,Allison McDonald,middle,2000.0,42.0,692.0,13.0,16.0,18.0,Senior
https://openalex.org/W2796063124,"Keeping a Low Profile? Technology, Risk and Privacy among Undocumented Immigrants",CHI,2018,https://openalex.org/A5075359884,Sylvia Simioni,middle,2018.0,2.0,153.0,2.0,2.0,0.0,Junior
https://openalex.org/W2796063124,"Keeping a Low Profile? Technology, Risk and Privacy among Undocumented Immigrants",CHI,2018,https://openalex.org/A5086921313,Abraham Mhaidli,middle,1970.0,19.0,450.0,9.0,9.0,48.0,Senior
https://openalex.org/W2796063124,"Keeping a Low Profile? Technology, Risk and Privacy among Undocumented Immigrants",CHI,2018,https://openalex.org/A5032452724,Kentaro Toyama,middle,1963.0,237.0,15127.0,53.0,124.0,55.0,Senior
https://openalex.org/W2796063124,"Keeping a Low Profile? Technology, Risk and Privacy among Undocumented Immigrants",CHI,2018,https://openalex.org/A5061205711,Florian Schaub,last,1851.0,207.0,7848.0,48.0,110.0,167.0,Senior
https://openalex.org/W2796122895,Streets for People: Engaging Children in Placemaking Through a Socio-technical Process,CHI,2018,https://openalex.org/A5035195609,Sean Peacock,first,2016.0,16.0,121.0,5.0,5.0,2.0,Junior
https://openalex.org/W2796122895,Streets for People: Engaging Children in Placemaking Through a Socio-technical Process,CHI,2018,https://openalex.org/A5064563429,Robert H. Anderson,middle,1962.0,89.0,1342.0,20.0,32.0,56.0,Senior
https://openalex.org/W2796122895,Streets for People: Engaging Children in Placemaking Through a Socio-technical Process,CHI,2018,https://openalex.org/A5061115418,Clara Crivellaro,last,2014.0,59.0,1196.0,18.0,29.0,4.0,Junior
https://openalex.org/W2795975316,Addressing Age-Related Bias in Sentiment Analysis,CHI,2018,https://openalex.org/A5012652561,Mark Díaz,first,2003.0,73.0,4116.0,14.0,17.0,15.0,Senior
https://openalex.org/W2795975316,Addressing Age-Related Bias in Sentiment Analysis,CHI,2018,https://openalex.org/A5034891790,Isaac Johnson,middle,2004.0,78.0,1134.0,16.0,20.0,14.0,Senior
https://openalex.org/W2795975316,Addressing Age-Related Bias in Sentiment Analysis,CHI,2018,https://openalex.org/A5014790341,Amanda Lazar,middle,1973.0,115.0,4583.0,37.0,66.0,45.0,Senior
https://openalex.org/W2795975316,Addressing Age-Related Bias in Sentiment Analysis,CHI,2018,https://openalex.org/A5066173469,Anne Marie Piper,middle,1961.0,173.0,8190.0,50.0,117.0,57.0,Senior
https://openalex.org/W2795975316,Addressing Age-Related Bias in Sentiment Analysis,CHI,2018,https://openalex.org/A5061173804,Darren Gergle,last,1998.0,179.0,9698.0,44.0,84.0,20.0,Senior
https://openalex.org/W2795736453,"From Her Story, to Our Story: Digital Storytelling as Public Engagement around Abortion Rights Advocacy in Ireland",CHI,2018,https://openalex.org/A5021296068,Lydia Michie,first,2017.0,3.0,93.0,3.0,2.0,1.0,Junior
https://openalex.org/W2795736453,"From Her Story, to Our Story: Digital Storytelling as Public Engagement around Abortion Rights Advocacy in Ireland",CHI,2018,https://openalex.org/A5078308184,Madeline Balaam,middle,2009.0,169.0,7291.0,38.0,85.0,9.0,Senior
https://openalex.org/W2795736453,"From Her Story, to Our Story: Digital Storytelling as Public Engagement around Abortion Rights Advocacy in Ireland",CHI,2018,https://openalex.org/A5001232416,John McCarthy,middle,1899.0,320.0,19531.0,58.0,154.0,119.0,Senior
https://openalex.org/W2795736453,"From Her Story, to Our Story: Digital Storytelling as Public Engagement around Abortion Rights Advocacy in Ireland",CHI,2018,https://openalex.org/A5032939256,Timur Osadchiy,middle,2017.0,12.0,407.0,6.0,5.0,1.0,Junior
https://openalex.org/W2795736453,"From Her Story, to Our Story: Digital Storytelling as Public Engagement around Abortion Rights Advocacy in Ireland",CHI,2018,https://openalex.org/A5057143988,Kellie Morrissey,last,2011.0,62.0,1534.0,19.0,24.0,7.0,Senior
https://openalex.org/W2795908329,Gender Recognition or Gender Reductionism?: The Social Implications of Embedded Gender Recognition Systems,CHI,2018,https://openalex.org/A5031349141,Foad Hamidi,first,2005.0,121.0,1405.0,19.0,34.0,13.0,Senior
https://openalex.org/W2795908329,Gender Recognition or Gender Reductionism?: The Social Implications of Embedded Gender Recognition Systems,CHI,2018,https://openalex.org/A5084538652,Morgan Klaus Scheuerman,middle,2017.0,50.0,1834.0,19.0,23.0,1.0,Junior
https://openalex.org/W2795908329,Gender Recognition or Gender Reductionism?: The Social Implications of Embedded Gender Recognition Systems,CHI,2018,https://openalex.org/A5026377321,Stacy Branham,last,2009.0,87.0,2750.0,25.0,42.0,9.0,Senior
https://openalex.org/W2795620203,How Relevant are Incidental Power Poses for HCI?,CHI,2018,https://openalex.org/A5074985413,Yvonne Jansen,first,2007.0,88.0,2905.0,25.0,35.0,11.0,Senior
https://openalex.org/W2795620203,How Relevant are Incidental Power Poses for HCI?,CHI,2018,https://openalex.org/A5015615908,Kasper Hornbæk,last,1999.0,313.0,12898.0,56.0,158.0,19.0,Senior
https://openalex.org/W2787712888,Voice Interfaces in Everyday Life,CHI,2018,https://openalex.org/A5063697388,Martin Porcheron,first,2013.0,57.0,1583.0,17.0,24.0,5.0,Junior
https://openalex.org/W2787712888,Voice Interfaces in Everyday Life,CHI,2018,https://openalex.org/A5091627990,Joel E. Fischer,middle,1953.0,212.0,3958.0,31.0,76.0,65.0,Senior
https://openalex.org/W2787712888,Voice Interfaces in Everyday Life,CHI,2018,https://openalex.org/A5020860057,Stuart Reeves,middle,2001.0,163.0,4813.0,34.0,82.0,17.0,Senior
https://openalex.org/W2787712888,Voice Interfaces in Everyday Life,CHI,2018,https://openalex.org/A5054151701,Sarah Sharples,last,1993.0,248.0,4601.0,29.0,82.0,25.0,Senior
https://openalex.org/W2795582800,Examining Wikipedia With a Broader Lens: Quantifying the Value of Wikipedia's Relationships with Other Large-Scale Online Communities,CHI,2018,https://openalex.org/A5070837664,Nicholas Vincent,first,1991.0,244.0,971.0,17.0,29.0,27.0,Senior
https://openalex.org/W2795582800,Examining Wikipedia With a Broader Lens: Quantifying the Value of Wikipedia's Relationships with Other Large-Scale Online Communities,CHI,2018,https://openalex.org/A5034891790,Isaac Johnson,middle,2004.0,78.0,1134.0,16.0,20.0,14.0,Senior
https://openalex.org/W2795582800,Examining Wikipedia With a Broader Lens: Quantifying the Value of Wikipedia's Relationships with Other Large-Scale Online Communities,CHI,2018,https://openalex.org/A5005448339,Brent Hecht,last,2005.0,129.0,6080.0,38.0,77.0,13.0,Senior
https://openalex.org/W2795389852,"Let's Talk About Race: Identity, Chatbots, and AI",CHI,2018,https://openalex.org/A5034634435,Ari Schlesinger,first,2017.0,6.0,659.0,5.0,5.0,1.0,Junior
https://openalex.org/W2795389852,"Let's Talk About Race: Identity, Chatbots, and AI",CHI,2018,https://openalex.org/A5064650373,Kenton O’Hara,middle,1991.0,174.0,9326.0,46.0,82.0,27.0,Senior
https://openalex.org/W2795389852,"Let's Talk About Race: Identity, Chatbots, and AI",CHI,2018,https://openalex.org/A5029562752,Alex Taylor,last,1960.0,204.0,5047.0,37.0,83.0,58.0,Senior
https://openalex.org/W2795783386,Semi-Automated Coding for Qualitative Research: A User-Centered Inquiry and Initial Prototypes,CHI,2018,https://openalex.org/A5023043627,Megh Marathe,first,2004.0,35.0,336.0,10.0,10.0,14.0,Senior
https://openalex.org/W2795783386,Semi-Automated Coding for Qualitative Research: A User-Centered Inquiry and Initial Prototypes,CHI,2018,https://openalex.org/A5032452724,Kentaro Toyama,last,1963.0,237.0,15127.0,53.0,124.0,55.0,Senior
https://openalex.org/W2796076588,Wall++: Room-Scale Interactive and Context-Aware Sensing,CHI,2018,https://openalex.org/A5100354637,Yang Zhang,first,2006.0,100.0,3172.0,29.0,55.0,12.0,Senior
https://openalex.org/W2796076588,Wall++: Room-Scale Interactive and Context-Aware Sensing,CHI,2018,https://openalex.org/A5071383028,Chouchang Yang,middle,2006.0,28.0,1188.0,10.0,10.0,12.0,Senior
https://openalex.org/W2796076588,Wall++: Room-Scale Interactive and Context-Aware Sensing,CHI,2018,https://openalex.org/A5039238746,Scott E. Hudson,middle,1977.0,317.0,15185.0,72.0,218.0,41.0,Senior
https://openalex.org/W2796076588,Wall++: Room-Scale Interactive and Context-Aware Sensing,CHI,2018,https://openalex.org/A5029290807,Chris Harrison,middle,1987.0,201.0,10902.0,57.0,125.0,31.0,Senior
https://openalex.org/W2796076588,Wall++: Room-Scale Interactive and Context-Aware Sensing,CHI,2018,https://openalex.org/A5047416400,Alanson P. Sample,last,2006.0,128.0,7127.0,36.0,69.0,12.0,Senior
https://openalex.org/W2807472134,HARK No More: On the Preregistration of CHI Experiments,CHI,2018,https://openalex.org/A5028106242,Asheley R. Landrum,first,2011.0,112.0,1577.0,20.0,29.0,7.0,Senior
https://openalex.org/W2807472134,HARK No More: On the Preregistration of CHI Experiments,CHI,2018,https://openalex.org/A5090363920,Joseph Hilgard,middle,2009.0,76.0,2595.0,25.0,31.0,9.0,Senior
https://openalex.org/W2807472134,HARK No More: On the Preregistration of CHI Experiments,CHI,2018,https://openalex.org/A5078903072,Robert B. Lull,middle,2014.0,22.0,369.0,9.0,9.0,4.0,Junior
https://openalex.org/W2807472134,HARK No More: On the Preregistration of CHI Experiments,CHI,2018,https://openalex.org/A5010424762,Heather Akin,middle,2004.0,43.0,815.0,17.0,22.0,14.0,Senior
https://openalex.org/W2807472134,HARK No More: On the Preregistration of CHI Experiments,CHI,2018,https://openalex.org/A5060508167,Kathleen Hall Jamieson,last,1975.0,442.0,16638.0,60.0,141.0,43.0,Senior
https://openalex.org/W2795429875,Making as Expression: Informing Design with People with Complex Communication Needs through Art Therapy,CHI,2018,https://openalex.org/A5014790341,Amanda Lazar,first,1973.0,115.0,4583.0,37.0,66.0,45.0,Senior
https://openalex.org/W2795429875,Making as Expression: Informing Design with People with Complex Communication Needs through Art Therapy,CHI,2018,https://openalex.org/A5011438930,Jessica L. Feuston,middle,2014.0,21.0,680.0,12.0,15.0,4.0,Junior
https://openalex.org/W2795429875,Making as Expression: Informing Design with People with Complex Communication Needs through Art Therapy,CHI,2018,https://openalex.org/A5091847639,Caroline Edasis,middle,2016.0,5.0,497.0,5.0,5.0,2.0,Junior
https://openalex.org/W2795429875,Making as Expression: Informing Design with People with Complex Communication Needs through Art Therapy,CHI,2018,https://openalex.org/A5066173469,Anne Marie Piper,last,1961.0,173.0,8190.0,50.0,117.0,57.0,Senior
https://openalex.org/W2795442664,Expressive Time Series Querying with Hand-Drawn Scale-Free Sketches,CHI,2018,https://openalex.org/A5075026385,Miro Mannino,first,2018.0,13.0,129.0,3.0,3.0,0.0,Junior
https://openalex.org/W2795442664,Expressive Time Series Querying with Hand-Drawn Scale-Free Sketches,CHI,2018,https://openalex.org/A5044418740,Azza Abouzied,last,2008.0,67.0,718.0,15.0,19.0,10.0,Senior
https://openalex.org/W2795619128,Project Zanzibar: A Portable and Flexible Tangible Interaction Platform,CHI,2018,https://openalex.org/A5066919494,Nicolas Villar,first,2003.0,90.0,2699.0,28.0,49.0,15.0,Senior
https://openalex.org/W2795619128,Project Zanzibar: A Portable and Flexible Tangible Interaction Platform,CHI,2018,https://openalex.org/A5000796744,Daniel Cletheroe,middle,2008.0,30.0,703.0,13.0,14.0,10.0,Senior
https://openalex.org/W2795619128,Project Zanzibar: A Portable and Flexible Tangible Interaction Platform,CHI,2018,https://openalex.org/A5041491565,Greg Saul,middle,1967.0,21.0,528.0,7.0,7.0,51.0,Senior
https://openalex.org/W2795619128,Project Zanzibar: A Portable and Flexible Tangible Interaction Platform,CHI,2018,https://openalex.org/A5046815740,Christian Holz,middle,1995.0,242.0,7226.0,45.0,104.0,23.0,Senior
https://openalex.org/W2795619128,Project Zanzibar: A Portable and Flexible Tangible Interaction Platform,CHI,2018,https://openalex.org/A5089370410,Tim Regan,middle,1990.0,194.0,5753.0,41.0,80.0,28.0,Senior
https://openalex.org/W2795619128,Project Zanzibar: A Portable and Flexible Tangible Interaction Platform,CHI,2018,https://openalex.org/A5046813937,Oscar Salandin,middle,2018.0,3.0,172.0,3.0,2.0,0.0,Junior
https://openalex.org/W2795619128,Project Zanzibar: A Portable and Flexible Tangible Interaction Platform,CHI,2018,https://openalex.org/A5029380651,Misha Sra,middle,2012.0,135.0,1958.0,22.0,37.0,6.0,Senior
https://openalex.org/W2795619128,Project Zanzibar: A Portable and Flexible Tangible Interaction Platform,CHI,2018,https://openalex.org/A5028482882,Hui-Shyong Yeo,middle,2013.0,43.0,1158.0,16.0,23.0,5.0,Junior
https://openalex.org/W2795619128,Project Zanzibar: A Portable and Flexible Tangible Interaction Platform,CHI,2018,https://openalex.org/A5073012307,William J. Field,middle,1964.0,5.0,112.0,3.0,1.0,54.0,Senior
https://openalex.org/W2795619128,Project Zanzibar: A Portable and Flexible Tangible Interaction Platform,CHI,2018,https://openalex.org/A5048262602,Haiyan Zhang,last,1986.0,814.0,19201.0,68.0,388.0,32.0,Senior
https://openalex.org/W2795552328,Experiencing the Body as Play,CHI,2018,https://openalex.org/A5071394525,Florian Mueller,first,1972.0,407.0,9731.0,48.0,204.0,46.0,Senior
https://openalex.org/W2795552328,Experiencing the Body as Play,CHI,2018,https://openalex.org/A5012929048,Richard Byrne,middle,1963.0,37.0,657.0,14.0,15.0,55.0,Senior
https://openalex.org/W2795552328,Experiencing the Body as Play,CHI,2018,https://openalex.org/A5086240513,Josh Andrés,middle,2015.0,83.0,1206.0,20.0,30.0,3.0,Junior
https://openalex.org/W2795552328,Experiencing the Body as Play,CHI,2018,https://openalex.org/A5061987881,Rakesh Patibanda,last,2017.0,57.0,1004.0,16.0,27.0,1.0,Junior
https://openalex.org/W2795802000,Making Core Memory: Design Inquiry into Gendered Legacies of Engineering and Craftwork,CHI,2018,https://openalex.org/A5021902946,Daniela K. Rosner,first,2002.0,181.0,5131.0,39.0,91.0,16.0,Senior
https://openalex.org/W2795802000,Making Core Memory: Design Inquiry into Gendered Legacies of Engineering and Craftwork,CHI,2018,https://openalex.org/A5051153434,Samantha Shorey,middle,1976.0,35.0,402.0,10.0,12.0,42.0,Senior
https://openalex.org/W2795802000,Making Core Memory: Design Inquiry into Gendered Legacies of Engineering and Craftwork,CHI,2018,https://openalex.org/A5019431004,Brock Craft,middle,2001.0,46.0,985.0,15.0,21.0,17.0,Senior
https://openalex.org/W2795802000,Making Core Memory: Design Inquiry into Gendered Legacies of Engineering and Craftwork,CHI,2018,https://openalex.org/A5071897087,Helen Remick,last,1973.0,17.0,530.0,10.0,10.0,45.0,Senior
https://openalex.org/W2795651511,Design for Collaborative Survival: An Inquiry into Human-Fungi Relationships,CHI,2018,https://openalex.org/A5109428307,Jen Liu,first,2017.0,20.0,402.0,6.0,5.0,1.0,Junior
https://openalex.org/W2795651511,Design for Collaborative Survival: An Inquiry into Human-Fungi Relationships,CHI,2018,https://openalex.org/A5001613449,Daragh Byrne,middle,1987.0,92.0,1127.0,16.0,24.0,31.0,Senior
https://openalex.org/W2795651511,Design for Collaborative Survival: An Inquiry into Human-Fungi Relationships,CHI,2018,https://openalex.org/A5038303490,Laura Devendorf,last,2012.0,74.0,2492.0,31.0,44.0,6.0,Senior
https://openalex.org/W2796034586,Design Within a Patriarchal Society: Opportunities and Challenges in Designing for Rural Women in Bangladesh,CHI,2018,https://openalex.org/A5103026409,Sharifa Sultana,first,2018.0,67.0,755.0,14.0,17.0,0.0,Junior
https://openalex.org/W2796034586,Design Within a Patriarchal Society: Opportunities and Challenges in Designing for Rural Women in Bangladesh,CHI,2018,https://openalex.org/A5037702709,François Guimbretière,middle,1999.0,132.0,6112.0,45.0,87.0,19.0,Senior
https://openalex.org/W2796034586,Design Within a Patriarchal Society: Opportunities and Challenges in Designing for Rural Women in Bangladesh,CHI,2018,https://openalex.org/A5059066123,Phoebe Sengers,middle,1995.0,115.0,9272.0,42.0,80.0,23.0,Senior
https://openalex.org/W2796034586,Design Within a Patriarchal Society: Opportunities and Challenges in Designing for Rural Women in Bangladesh,CHI,2018,https://openalex.org/A5057564242,Nicola Dell,last,2010.0,122.0,4618.0,34.0,80.0,8.0,Senior
https://openalex.org/W2795953912,Hoarding and Minimalism: Tendencies in Digital Data Preservation,CHI,2018,https://openalex.org/A5043350857,Francesco Vitale,first,1939.0,558.0,10265.0,53.0,200.0,79.0,Senior
https://openalex.org/W2795953912,Hoarding and Minimalism: Tendencies in Digital Data Preservation,CHI,2018,https://openalex.org/A5091174431,Izabelle Janzen,middle,2016.0,5.0,95.0,3.0,2.0,2.0,Junior
https://openalex.org/W2795953912,Hoarding and Minimalism: Tendencies in Digital Data Preservation,CHI,2018,https://openalex.org/A5016459516,Joanna McGrenere,last,1996.0,153.0,4600.0,37.0,86.0,22.0,Senior
https://openalex.org/W2796058046,Extending Manual Drawing Practices with Artist-Centric Programming Tools,CHI,2018,https://openalex.org/A5058644728,Jennifer Jacobs,first,1976.0,101.0,953.0,17.0,25.0,42.0,Senior
https://openalex.org/W2796058046,Extending Manual Drawing Practices with Artist-Centric Programming Tools,CHI,2018,https://openalex.org/A5023292508,Joel Brandt,middle,2004.0,57.0,2830.0,25.0,25.0,14.0,Senior
https://openalex.org/W2796058046,Extending Manual Drawing Practices with Artist-Centric Programming Tools,CHI,2018,https://openalex.org/A5060956547,Radomír Měch,middle,1994.0,107.0,7068.0,41.0,71.0,24.0,Senior
https://openalex.org/W2796058046,Extending Manual Drawing Practices with Artist-Centric Programming Tools,CHI,2018,https://openalex.org/A5111684967,Mitchel Resnick,last,1967.0,131.0,17262.0,52.0,83.0,51.0,Senior
https://openalex.org/W2897496397,Relevance estimation with multiple information sources on search engine result pages,CIKM,2018,https://openalex.org/A5100648252,Junqi Zhang,first,2004.0,35.0,721.0,12.0,13.0,14.0,Senior
https://openalex.org/W2897496397,Relevance estimation with multiple information sources on search engine result pages,CIKM,2018,https://openalex.org/A5100668121,Yiqun Liu,middle,2001.0,496.0,10265.0,52.0,197.0,17.0,Senior
https://openalex.org/W2897496397,Relevance estimation with multiple information sources on search engine result pages,CIKM,2018,https://openalex.org/A5100760812,Shaoping Ma,middle,1992.0,469.0,10833.0,52.0,188.0,26.0,Senior
https://openalex.org/W2897496397,Relevance estimation with multiple information sources on search engine result pages,CIKM,2018,https://openalex.org/A5111504451,Qi Tian,last,1993.0,665.0,22154.0,71.0,322.0,25.0,Senior
https://openalex.org/W2798512429,Taskonomy: Disentangling Task Transfer Learning,CVPR,2018,https://openalex.org/A5023178110,Amir Zamir,first,2010.0,89.0,8106.0,30.0,48.0,8.0,Senior
https://openalex.org/W2798512429,Taskonomy: Disentangling Task Transfer Learning,CVPR,2018,https://openalex.org/A5007556540,Alexander F. Sax,middle,1982.0,94.0,2970.0,26.0,56.0,36.0,Senior
https://openalex.org/W2798512429,Taskonomy: Disentangling Task Transfer Learning,CVPR,2018,https://openalex.org/A5112905724,William Shen,middle,,,,,,,
https://openalex.org/W2798512429,Taskonomy: Disentangling Task Transfer Learning,CVPR,2018,https://openalex.org/A5065368881,Leonidas Guibas,middle,1976.0,886.0,84270.0,120.0,526.0,42.0,Senior
https://openalex.org/W2798512429,Taskonomy: Disentangling Task Transfer Learning,CVPR,2018,https://openalex.org/A5001594573,Jitendra Malik,middle,1982.0,661.0,168165.0,144.0,401.0,36.0,Senior
https://openalex.org/W2798512429,Taskonomy: Disentangling Task Transfer Learning,CVPR,2018,https://openalex.org/A5042646536,Silvio Savarese,last,2002.0,524.0,42190.0,95.0,272.0,16.0,Senior
https://openalex.org/W2963124215,Classical Verification of Quantum Computation,FOCS,2018,https://openalex.org/A5011207998,Urmila Mahadev,first,2014.0,12.0,321.0,6.0,3.0,4.0,Junior
https://openalex.org/W2787022562,Pseudorandom Sets in Grassmann Graph have Near-Perfect Expansion,FOCS,2018,https://openalex.org/A5112345861,Khot Subhash,first,2018.0,1.0,72.0,1.0,1.0,0.0,Junior
https://openalex.org/W2787022562,Pseudorandom Sets in Grassmann Graph have Near-Perfect Expansion,FOCS,2018,https://openalex.org/A5063520549,Dor Minzer,middle,2015.0,111.0,448.0,11.0,12.0,3.0,Junior
https://openalex.org/W2787022562,Pseudorandom Sets in Grassmann Graph have Near-Perfect Expansion,FOCS,2018,https://openalex.org/A5007318528,Muli Safra,last,1985.0,104.0,7351.0,37.0,59.0,33.0,Senior
https://openalex.org/W2899462170,The Impact of Regular Expression Denial of Service (ReDoS) in Practice: An Empirical Study at the Ecosystem Scale,FSE,2018,https://openalex.org/A5013948143,James C. Davis,first,1962.0,191.0,1084.0,19.0,32.0,56.0,Senior
https://openalex.org/W2899462170,The Impact of Regular Expression Denial of Service (ReDoS) in Practice: An Empirical Study at the Ecosystem Scale,FSE,2018,https://openalex.org/A5068145628,Christy A. Coghlan,middle,2018.0,7.0,162.0,4.0,2.0,0.0,Junior
https://openalex.org/W2899462170,The Impact of Regular Expression Denial of Service (ReDoS) in Practice: An Empirical Study at the Ecosystem Scale,FSE,2018,https://openalex.org/A5039701716,Francisco Servant,middle,2010.0,63.0,712.0,17.0,23.0,8.0,Senior
https://openalex.org/W2899462170,The Impact of Regular Expression Denial of Service (ReDoS) in Practice: An Empirical Study at the Ecosystem Scale,FSE,2018,https://openalex.org/A5065310265,Dongyoon Lee,last,1999.0,165.0,2015.0,26.0,43.0,19.0,Senior
https://openalex.org/W2964177714,Adversarial Symbolic Execution for Detecting Concurrency-Related Cache Timing Leaks,FSE,2018,https://openalex.org/A5015125413,Shengjian Guo,first,2010.0,38.0,1183.0,15.0,18.0,8.0,Senior
https://openalex.org/W2964177714,Adversarial Symbolic Execution for Detecting Concurrency-Related Cache Timing Leaks,FSE,2018,https://openalex.org/A5017792083,Meng Wu,middle,2002.0,36.0,497.0,11.0,12.0,16.0,Senior
https://openalex.org/W2964177714,Adversarial Symbolic Execution for Detecting Concurrency-Related Cache Timing Leaks,FSE,2018,https://openalex.org/A5100406890,Chao Wang,last,2001.0,87.0,1503.0,22.0,37.0,17.0,Senior
https://openalex.org/W2884340427,Data Race Detection on Compressed Traces,FSE,2018,https://openalex.org/A5068124021,Dileep Kini,first,2011.0,23.0,345.0,10.0,10.0,7.0,Senior
https://openalex.org/W2884340427,Data Race Detection on Compressed Traces,FSE,2018,https://openalex.org/A5016958234,Umang Mathur,middle,1969.0,181.0,1784.0,21.0,50.0,49.0,Senior
https://openalex.org/W2884340427,Data Race Detection on Compressed Traces,FSE,2018,https://openalex.org/A5076852218,Mahesh Viswanathan,last,1953.0,267.0,6327.0,39.0,117.0,65.0,Senior
https://openalex.org/W2899510293,An Empirical Study on Crash Recovery Bugs in Large-Scale Distributed Systems,FSE,2018,https://openalex.org/A5048975494,Yu Gao,first,2006.0,76.0,1139.0,20.0,30.0,12.0,Senior
https://openalex.org/W2899510293,An Empirical Study on Crash Recovery Bugs in Large-Scale Distributed Systems,FSE,2018,https://openalex.org/A5023724495,Wensheng Dou,middle,2014.0,88.0,797.0,18.0,28.0,4.0,Junior
https://openalex.org/W2899510293,An Empirical Study on Crash Recovery Bugs in Large-Scale Distributed Systems,FSE,2018,https://openalex.org/A5028781688,Feng Qin,middle,1994.0,191.0,15424.0,54.0,110.0,24.0,Senior
https://openalex.org/W2899510293,An Empirical Study on Crash Recovery Bugs in Large-Scale Distributed Systems,FSE,2018,https://openalex.org/A5036073707,Chushu Gao,middle,2010.0,28.0,326.0,9.0,8.0,8.0,Senior
https://openalex.org/W2899510293,An Empirical Study on Crash Recovery Bugs in Large-Scale Distributed Systems,FSE,2018,https://openalex.org/A5100391567,Dong Wang,middle,2003.0,81.0,675.0,13.0,16.0,15.0,Senior
https://openalex.org/W2899510293,An Empirical Study on Crash Recovery Bugs in Large-Scale Distributed Systems,FSE,2018,https://openalex.org/A5037779332,Jun Wei,middle,1993.0,520.0,4397.0,29.0,96.0,25.0,Senior
https://openalex.org/W2899510293,An Empirical Study on Crash Recovery Bugs in Large-Scale Distributed Systems,FSE,2018,https://openalex.org/A5112210547,Ruirui Huang,middle,2010.0,66.0,820.0,14.0,19.0,8.0,Senior
https://openalex.org/W2899510293,An Empirical Study on Crash Recovery Bugs in Large-Scale Distributed Systems,FSE,2018,https://openalex.org/A5101911602,L. Zhou,middle,1991.0,475.0,26371.0,85.0,286.0,27.0,Senior
https://openalex.org/W2899510293,An Empirical Study on Crash Recovery Bugs in Large-Scale Distributed Systems,FSE,2018,https://openalex.org/A5101484888,Yongming Wu,last,2002.0,83.0,901.0,20.0,27.0,16.0,Senior
https://openalex.org/W2787708942,Obfuscated Gradients Give a False Sense of Security: Circumventing Defenses to Adversarial Examples,ICML,2018,https://openalex.org/A5091720485,Anish Athalye,first,2013.0,22.0,4831.0,12.0,12.0,5.0,Junior
https://openalex.org/W2787708942,Obfuscated Gradients Give a False Sense of Security: Circumventing Defenses to Adversarial Examples,ICML,2018,https://openalex.org/A5034257647,Nicholas Carlini,middle,2012.0,163.0,15621.0,46.0,83.0,6.0,Senior
https://openalex.org/W2787708942,Obfuscated Gradients Give a False Sense of Security: Circumventing Defenses to Adversarial Examples,ICML,2018,https://openalex.org/A5062174672,David Wagner,last,1980.0,353.0,21099.0,63.0,152.0,38.0,Senior
https://openalex.org/W2790697880,Delayed Impact of Fair Machine Learning,ICML,2018,https://openalex.org/A5017596078,Lydia T. Liu,first,2016.0,33.0,186.0,7.0,6.0,2.0,Junior
https://openalex.org/W2790697880,Delayed Impact of Fair Machine Learning,ICML,2018,https://openalex.org/A5029554720,Sarah Dean,middle,1980.0,47.0,1054.0,15.0,17.0,38.0,Senior
https://openalex.org/W2790697880,Delayed Impact of Fair Machine Learning,ICML,2018,https://openalex.org/A5047182302,Esther Rolf,middle,2014.0,61.0,2161.0,10.0,10.0,4.0,Junior
https://openalex.org/W2790697880,Delayed Impact of Fair Machine Learning,ICML,2018,https://openalex.org/A5037154191,Max Simchowitz,middle,2015.0,118.0,1741.0,18.0,28.0,3.0,Junior
https://openalex.org/W2790697880,Delayed Impact of Fair Machine Learning,ICML,2018,https://openalex.org/A5039915143,Moritz Hardt,last,2002.0,170.0,15952.0,43.0,79.0,16.0,Senior
https://openalex.org/W2784669118,Large-Scale Analysis of Framework-Specific Exceptions in Android Apps,ICSE,2018,https://openalex.org/A5102012317,Lingling Fan,first,2016.0,63.0,1731.0,22.0,31.0,2.0,Junior
https://openalex.org/W2784669118,Large-Scale Analysis of Framework-Specific Exceptions in Android Apps,ICSE,2018,https://openalex.org/A5043441209,Ting Su,middle,2005.0,91.0,2763.0,27.0,45.0,13.0,Senior
https://openalex.org/W2784669118,Large-Scale Analysis of Framework-Specific Exceptions in Android Apps,ICSE,2018,https://openalex.org/A5100658276,Sen Chen,middle,2004.0,168.0,3268.0,31.0,65.0,14.0,Senior
https://openalex.org/W2784669118,Large-Scale Analysis of Framework-Specific Exceptions in Android Apps,ICSE,2018,https://openalex.org/A5017417068,Guozhu Meng,middle,2013.0,91.0,2710.0,25.0,40.0,5.0,Junior
https://openalex.org/W2784669118,Large-Scale Analysis of Framework-Specific Exceptions in Android Apps,ICSE,2018,https://openalex.org/A5100355692,Yang Liu,middle,1981.0,3467.0,63661.0,107.0,1079.0,37.0,Senior
https://openalex.org/W2784669118,Large-Scale Analysis of Framework-Specific Exceptions in Android Apps,ICSE,2018,https://openalex.org/A5072024833,Lihua Xu,middle,1985.0,557.0,14632.0,53.0,315.0,33.0,Senior
https://openalex.org/W2784669118,Large-Scale Analysis of Framework-Specific Exceptions in Android Apps,ICSE,2018,https://openalex.org/A5054490662,Geguang Pu,middle,2003.0,227.0,3188.0,26.0,71.0,15.0,Senior
https://openalex.org/W2784669118,Large-Scale Analysis of Framework-Specific Exceptions in Android Apps,ICSE,2018,https://openalex.org/A5077610917,Zhendong Su,last,1997.0,282.0,14708.0,67.0,165.0,21.0,Senior
https://openalex.org/W2799943342,Spatio-Temporal Context Reduction: A Pointer-Analysis-Based Static Approach for Detecting Use-After-Free Vulnerabilities,ICSE,2018,https://openalex.org/A5071723330,Timo Rehfeld,first,2016.0,14.0,13123.0,7.0,7.0,2.0,Junior
https://openalex.org/W2794694213,Identifying Design Problems in the Source Code: A Grounded Theory,ICSE,2018,https://openalex.org/A5103226106,Leonardo Sousa,first,2013.0,32.0,681.0,15.0,20.0,5.0,Junior
https://openalex.org/W2794694213,Identifying Design Problems in the Source Code: A Grounded Theory,ICSE,2018,https://openalex.org/A5041090227,Anderson Oliveira,middle,1992.0,51.0,456.0,14.0,17.0,26.0,Senior
https://openalex.org/W2794694213,Identifying Design Problems in the Source Code: A Grounded Theory,ICSE,2018,https://openalex.org/A5024116315,Willian Oizumi,middle,2012.0,39.0,791.0,17.0,22.0,6.0,Senior
https://openalex.org/W2794694213,Identifying Design Problems in the Source Code: A Grounded Theory,ICSE,2018,https://openalex.org/A5027812149,Simone Diniz Junqueira Barbosa,middle,1996.0,329.0,3864.0,27.0,84.0,22.0,Senior
https://openalex.org/W2794694213,Identifying Design Problems in the Source Code: A Grounded Theory,ICSE,2018,https://openalex.org/A5007792821,Alessandro Garcia,middle,1989.0,323.0,5301.0,37.0,163.0,29.0,Senior
https://openalex.org/W2794694213,Identifying Design Problems in the Source Code: A Grounded Theory,ICSE,2018,https://openalex.org/A5100627188,Jaejoon Lee,middle,1998.0,84.0,2741.0,19.0,35.0,20.0,Senior
https://openalex.org/W2794694213,Identifying Design Problems in the Source Code: A Grounded Theory,ICSE,2018,https://openalex.org/A5062526200,Marcos Kalinowski,middle,1958.0,326.0,3589.0,27.0,75.0,60.0,Senior
https://openalex.org/W2794694213,Identifying Design Problems in the Source Code: A Grounded Theory,ICSE,2018,https://openalex.org/A5036209534,Rafael de Mello,middle,1974.0,91.0,883.0,16.0,24.0,44.0,Senior
https://openalex.org/W2794694213,Identifying Design Problems in the Source Code: A Grounded Theory,ICSE,2018,https://openalex.org/A5090231856,Baldoíno Fonseca,middle,2007.0,95.0,1524.0,18.0,33.0,11.0,Senior
https://openalex.org/W2794694213,Identifying Design Problems in the Source Code: A Grounded Theory,ICSE,2018,https://openalex.org/A5043970768,Roberto Oliveira,middle,2013.0,40.0,460.0,13.0,17.0,5.0,Junior
https://openalex.org/W2794694213,Identifying Design Problems in the Source Code: A Grounded Theory,ICSE,2018,https://openalex.org/A5021306015,Carlos Lucena,middle,1973.0,547.0,5535.0,34.0,139.0,45.0,Senior
https://openalex.org/W2794694213,Identifying Design Problems in the Source Code: A Grounded Theory,ICSE,2018,https://openalex.org/A5078986097,Rodrigo Paes,last,2005.0,20.0,94.0,5.0,2.0,13.0,Senior
https://openalex.org/W2795338679,Static Automated Program Repair for Heap Properties,ICSE,2018,https://openalex.org/A5056334354,Rijnard van Tonder,first,2013.0,25.0,308.0,9.0,9.0,5.0,Junior
https://openalex.org/W2795338679,Static Automated Program Repair for Heap Properties,ICSE,2018,https://openalex.org/A5032356672,Claire Le Goues,last,2009.0,181.0,7254.0,36.0,74.0,9.0,Senior
https://openalex.org/W2962804757,Automated Localization for Unreproducible Builds,ICSE,2018,https://openalex.org/A5108246345,Zhilei Ren,first,2010.0,82.0,1645.0,25.0,38.0,8.0,Senior
https://openalex.org/W2962804757,Automated Localization for Unreproducible Builds,ICSE,2018,https://openalex.org/A5002119636,He Jiang,middle,2001.0,279.0,3293.0,32.0,86.0,17.0,Senior
https://openalex.org/W2962804757,Automated Localization for Unreproducible Builds,ICSE,2018,https://openalex.org/A5002360773,Jifeng Xuan,middle,2008.0,125.0,2981.0,26.0,42.0,10.0,Senior
https://openalex.org/W2962804757,Automated Localization for Unreproducible Builds,ICSE,2018,https://openalex.org/A5101995389,Zijiang Yang,last,2003.0,87.0,1950.0,26.0,48.0,15.0,Senior
https://openalex.org/W2794901250,Generalized Data Structure Synthesis,ICSE,2018,https://openalex.org/A5009835433,Calvin Loncaric,first,2015.0,11.0,131.0,6.0,4.0,3.0,Junior
https://openalex.org/W2794901250,Generalized Data Structure Synthesis,ICSE,2018,https://openalex.org/A5032068969,Michael D. Ernst,middle,1975.0,348.0,21804.0,72.0,186.0,43.0,Senior
https://openalex.org/W2794901250,Generalized Data Structure Synthesis,ICSE,2018,https://openalex.org/A5088791029,Emina Torlak,last,2004.0,82.0,3204.0,28.0,47.0,14.0,Senior
https://openalex.org/W2964064835,Traceability in the Wild: Automatically Augmenting Incomplete Trace links,ICSE,2018,https://openalex.org/A5082629071,Michael Rath,first,2017.0,102.0,267.0,8.0,6.0,1.0,Junior
https://openalex.org/W2964064835,Traceability in the Wild: Automatically Augmenting Incomplete Trace links,ICSE,2018,https://openalex.org/A5032569584,Jacob Rendall,middle,2015.0,6.0,267.0,5.0,5.0,3.0,Junior
https://openalex.org/W2964064835,Traceability in the Wild: Automatically Augmenting Incomplete Trace links,ICSE,2018,https://openalex.org/A5010572058,Jin Guo,middle,1994.0,145.0,1516.0,21.0,44.0,24.0,Senior
https://openalex.org/W2964064835,Traceability in the Wild: Automatically Augmenting Incomplete Trace links,ICSE,2018,https://openalex.org/A5037363688,Jane Cleland‐Huang,middle,2001.0,314.0,7385.0,47.0,158.0,17.0,Senior
https://openalex.org/W2964064835,Traceability in the Wild: Automatically Augmenting Incomplete Trace links,ICSE,2018,https://openalex.org/A5063243817,Patrick Mäder,last,2006.0,310.0,6388.0,39.0,102.0,12.0,Senior
https://openalex.org/W2795283266,Towards Optimal Concolic Testing,ICSE,2018,https://openalex.org/A5100352782,Xinyu Wang,first,1999.0,167.0,2263.0,26.0,53.0,19.0,Senior
https://openalex.org/W2795283266,Towards Optimal Concolic Testing,ICSE,2018,https://openalex.org/A5100429004,Jun Sun,middle,1980.0,917.0,10712.0,46.0,247.0,38.0,Senior
https://openalex.org/W2795283266,Towards Optimal Concolic Testing,ICSE,2018,https://openalex.org/A5024920190,Zhenbang Chen,middle,1998.0,233.0,10480.0,40.0,91.0,20.0,Senior
https://openalex.org/W2795283266,Towards Optimal Concolic Testing,ICSE,2018,https://openalex.org/A5100683238,Peixin Zhang,middle,2004.0,28.0,377.0,8.0,7.0,14.0,Senior
https://openalex.org/W2795283266,Towards Optimal Concolic Testing,ICSE,2018,https://openalex.org/A5100319491,Jingyi Wang,middle,2001.0,191.0,1939.0,24.0,56.0,17.0,Senior
https://openalex.org/W2795283266,Towards Optimal Concolic Testing,ICSE,2018,https://openalex.org/A5063706766,Yun Lin,last,1992.0,99.0,1527.0,20.0,25.0,26.0,Senior
https://openalex.org/W2808437126,SentiGAN: Generating Sentimental Texts via Mixture Adversarial Networks,IJCAI,2018,https://openalex.org/A5101445828,Ke Wang,first,2001.0,91.0,1458.0,19.0,28.0,17.0,Senior
https://openalex.org/W2808437126,SentiGAN: Generating Sentimental Texts via Mixture Adversarial Networks,IJCAI,2018,https://openalex.org/A5029568096,Xiaojun Wan,last,2003.0,401.0,9809.0,50.0,161.0,15.0,Senior
https://openalex.org/W2808657866,Reasoning about Consensus when Opinions Diffuse through Majority Dynamics,IJCAI,2018,https://openalex.org/A5075507126,Vincenzo Auletta,first,1993.0,102.0,1163.0,20.0,38.0,25.0,Senior
https://openalex.org/W2808657866,Reasoning about Consensus when Opinions Diffuse through Majority Dynamics,IJCAI,2018,https://openalex.org/A5044085723,Diodato Ferraioli,middle,2009.0,98.0,768.0,16.0,25.0,9.0,Senior
https://openalex.org/W2808657866,Reasoning about Consensus when Opinions Diffuse through Majority Dynamics,IJCAI,2018,https://openalex.org/A5087340443,Gianluigi Greco,last,1985.0,241.0,3111.0,27.0,79.0,33.0,Senior
https://openalex.org/W2807936987,R-SVM+: Robust Learning with Privileged Information,IJCAI,2018,https://openalex.org/A5100372201,Xue Li,first,1994.0,1704.0,21421.0,67.0,457.0,24.0,Senior
https://openalex.org/W2807936987,R-SVM+: Robust Learning with Privileged Information,IJCAI,2018,https://openalex.org/A5060042752,Bo Du,middle,2000.0,888.0,31666.0,93.0,410.0,18.0,Senior
https://openalex.org/W2807936987,R-SVM+: Robust Learning with Privileged Information,IJCAI,2018,https://openalex.org/A5001529504,Chang Xu,middle,2000.0,516.0,22436.0,65.0,215.0,18.0,Senior
https://openalex.org/W2807936987,R-SVM+: Robust Learning with Privileged Information,IJCAI,2018,https://openalex.org/A5100730687,Yipeng Zhang,middle,2009.0,43.0,375.0,9.0,8.0,9.0,Senior
https://openalex.org/W2807936987,R-SVM+: Robust Learning with Privileged Information,IJCAI,2018,https://openalex.org/A5024278302,Lefei Zhang,middle,2009.0,321.0,14079.0,56.0,142.0,9.0,Senior
https://openalex.org/W2807936987,R-SVM+: Robust Learning with Privileged Information,IJCAI,2018,https://openalex.org/A5074103823,Dacheng Tao,last,2002.0,2036.0,102341.0,155.0,1027.0,16.0,Senior
https://openalex.org/W2808071466,From Conjunctive Queries to Instance Queries in Ontology-Mediated Querying,IJCAI,2018,https://openalex.org/A5055516926,Cristina Feier,first,2003.0,45.0,783.0,10.0,11.0,15.0,Senior
https://openalex.org/W2808071466,From Conjunctive Queries to Instance Queries in Ontology-Mediated Querying,IJCAI,2018,https://openalex.org/A5034616829,Carsten Lutz,middle,1997.0,304.0,8569.0,49.0,136.0,21.0,Senior
https://openalex.org/W2808071466,From Conjunctive Queries to Instance Queries in Ontology-Mediated Querying,IJCAI,2018,https://openalex.org/A5010967150,Frank Wolter,last,1968.0,386.0,10924.0,55.0,167.0,50.0,Senior
https://openalex.org/W2800007566,What game are we playing? End-to-end learning in normal and extensive form games,IJCAI,2018,https://openalex.org/A5030456881,Chun Kai Ling,first,2015.0,52.0,159.0,6.0,5.0,3.0,Junior
https://openalex.org/W2800007566,What game are we playing? End-to-end learning in normal and extensive form games,IJCAI,2018,https://openalex.org/A5061127138,Fei Fang,middle,2000.0,389.0,6751.0,42.0,130.0,18.0,Senior
https://openalex.org/W2800007566,What game are we playing? End-to-end learning in normal and extensive form games,IJCAI,2018,https://openalex.org/A5075035644,J. Zico Kolter,last,2004.0,256.0,17578.0,53.0,129.0,14.0,Senior
https://openalex.org/W2807873315,Commonsense Knowledge Aware Conversation Generation with Graph Attention,IJCAI,2018,https://openalex.org/A5022574607,Hao Zhou,first,2011.0,203.0,4702.0,31.0,82.0,7.0,Senior
https://openalex.org/W2807873315,Commonsense Knowledge Aware Conversation Generation with Graph Attention,IJCAI,2018,https://openalex.org/A5038994448,Tom Young,middle,1990.0,14.0,5319.0,9.0,9.0,28.0,Senior
https://openalex.org/W2807873315,Commonsense Knowledge Aware Conversation Generation with Graph Attention,IJCAI,2018,https://openalex.org/A5044042138,Minlie Huang,middle,2004.0,454.0,16236.0,65.0,198.0,14.0,Senior
https://openalex.org/W2807873315,Commonsense Knowledge Aware Conversation Generation with Graph Attention,IJCAI,2018,https://openalex.org/A5068023300,Haizhou Zhao,middle,2017.0,8.0,717.0,3.0,3.0,1.0,Junior
https://openalex.org/W2807873315,Commonsense Knowledge Aware Conversation Generation with Graph Attention,IJCAI,2018,https://openalex.org/A5102861619,Jingfang Xu,middle,1990.0,76.0,1848.0,18.0,25.0,28.0,Senior
https://openalex.org/W2807873315,Commonsense Knowledge Aware Conversation Generation with Graph Attention,IJCAI,2018,https://openalex.org/A5100452974,Xiaoyan Zhu,last,1984.0,264.0,11164.0,47.0,114.0,34.0,Senior
https://openalex.org/W2808551187,A Degeneracy Framework for Graph Similarity,IJCAI,2018,https://openalex.org/A5011742954,Giannis Nikolentzos,first,2015.0,77.0,1095.0,15.0,21.0,3.0,Junior
https://openalex.org/W2808551187,A Degeneracy Framework for Graph Similarity,IJCAI,2018,https://openalex.org/A5064520344,Polykarpos Meladianos,middle,2015.0,19.0,701.0,13.0,14.0,3.0,Junior
https://openalex.org/W2808551187,A Degeneracy Framework for Graph Similarity,IJCAI,2018,https://openalex.org/A5058510425,Stratis Limnios,middle,2018.0,14.0,137.0,5.0,4.0,0.0,Junior
https://openalex.org/W2808551187,A Degeneracy Framework for Graph Similarity,IJCAI,2018,https://openalex.org/A5057695979,Michalis Vazirgiannis,last,1993.0,362.0,12812.0,48.0,128.0,25.0,Senior
https://openalex.org/W2792261072,Understanding Ethereum via Graph Analysis,INFOCOM,2018,https://openalex.org/A5100443178,Ting Chen,first,1996.0,303.0,9816.0,46.0,105.0,22.0,Senior
https://openalex.org/W2792261072,Understanding Ethereum via Graph Analysis,INFOCOM,2018,https://openalex.org/A5100673750,Yu-Xiao Zhu,middle,2005.0,34.0,1114.0,16.0,18.0,13.0,Senior
https://openalex.org/W2792261072,Understanding Ethereum via Graph Analysis,INFOCOM,2018,https://openalex.org/A5100342798,Zihao Li,middle,2017.0,91.0,1345.0,17.0,21.0,1.0,Junior
https://openalex.org/W2792261072,Understanding Ethereum via Graph Analysis,INFOCOM,2018,https://openalex.org/A5086118824,Jiachi Chen,middle,2016.0,142.0,2656.0,27.0,46.0,2.0,Junior
https://openalex.org/W2792261072,Understanding Ethereum via Graph Analysis,INFOCOM,2018,https://openalex.org/A5100634702,Xiaoqi Li,middle,1991.0,206.0,4326.0,23.0,44.0,27.0,Senior
https://openalex.org/W2792261072,Understanding Ethereum via Graph Analysis,INFOCOM,2018,https://openalex.org/A5100400376,Xiapu Luo,middle,1998.0,525.0,14595.0,59.0,248.0,20.0,Senior
https://openalex.org/W2792261072,Understanding Ethereum via Graph Analysis,INFOCOM,2018,https://openalex.org/A5083787204,Xiaodong Lin,middle,1990.0,526.0,23640.0,78.0,283.0,28.0,Senior
https://openalex.org/W2792261072,Understanding Ethereum via Graph Analysis,INFOCOM,2018,https://openalex.org/A5035647171,Xiaosong Zhange,last,2018.0,1.0,208.0,1.0,1.0,0.0,Junior
https://openalex.org/W2789643397,WiFED: WiFi Friendly Energy Delivery with Distributed Beamforming,INFOCOM,2018,https://openalex.org/A5082318381,Subhramoy Mohanti,first,2016.0,24.0,400.0,10.0,10.0,2.0,Junior
https://openalex.org/W2789643397,WiFED: WiFi Friendly Energy Delivery with Distributed Beamforming,INFOCOM,2018,https://openalex.org/A5036229988,Elif Bozkaya,middle,2014.0,54.0,395.0,12.0,16.0,4.0,Junior
https://openalex.org/W2789643397,WiFED: WiFi Friendly Energy Delivery with Distributed Beamforming,INFOCOM,2018,https://openalex.org/A5085088065,M. Yousof Naderi,middle,1988.0,60.0,1042.0,15.0,24.0,30.0,Senior
https://openalex.org/W2789643397,WiFED: WiFi Friendly Energy Delivery with Distributed Beamforming,INFOCOM,2018,https://openalex.org/A5048431501,Berk Canberk,middle,2009.0,219.0,2673.0,26.0,76.0,9.0,Senior
https://openalex.org/W2789643397,WiFED: WiFi Friendly Energy Delivery with Distributed Beamforming,INFOCOM,2018,https://openalex.org/A5080483470,Kaushik Chowdhury,last,1980.0,321.0,15865.0,58.0,168.0,38.0,Senior
https://openalex.org/W2791487310,Optimizing Age of Information in Wireless Networks with Throughput Constraints,INFOCOM,2018,https://openalex.org/A5052671825,Igor Kadota,first,2013.0,79.0,1950.0,14.0,21.0,5.0,Junior
https://openalex.org/W2791487310,Optimizing Age of Information in Wireless Networks with Throughput Constraints,INFOCOM,2018,https://openalex.org/A5057128963,Abhishek Sinha,middle,2001.0,102.0,2096.0,16.0,22.0,17.0,Senior
https://openalex.org/W2791487310,Optimizing Age of Information in Wireless Networks with Throughput Constraints,INFOCOM,2018,https://openalex.org/A5036587377,Eytan Modiano,last,1992.0,566.0,16245.0,62.0,231.0,26.0,Senior
https://openalex.org/W2803831897,Adversarial Attacks on Neural Networks for Graph Data,KDD,2018,https://openalex.org/A5025058751,Daniel Zügner,first,2015.0,43.0,2967.0,16.0,23.0,3.0,Junior
https://openalex.org/W2803831897,Adversarial Attacks on Neural Networks for Graph Data,KDD,2018,https://openalex.org/A5014557575,Amir Akbarnejad,middle,2018.0,17.0,1438.0,5.0,5.0,0.0,Junior
https://openalex.org/W2803831897,Adversarial Attacks on Neural Networks for Graph Data,KDD,2018,https://openalex.org/A5074504351,Stephan Günnemann,last,2009.0,406.0,16046.0,51.0,135.0,9.0,Senior
https://openalex.org/W2963620539,SkyCore: Moving Core to the Edge for Untethered and Reliable UAV-based LTE Networks,MOBICOM,2018,https://openalex.org/A5101558101,Mehrdad Moradi,first,2014.0,12.0,288.0,8.0,8.0,4.0,Junior
https://openalex.org/W2963620539,SkyCore: Moving Core to the Edge for Untethered and Reliable UAV-based LTE Networks,MOBICOM,2018,https://openalex.org/A5018752163,Karthikeyan Sundaresan,middle,1978.0,173.0,4417.0,35.0,70.0,40.0,Senior
https://openalex.org/W2963620539,SkyCore: Moving Core to the Edge for Untethered and Reliable UAV-based LTE Networks,MOBICOM,2018,https://openalex.org/A5085678555,Eugene Chai,middle,2006.0,42.0,777.0,14.0,19.0,12.0,Senior
https://openalex.org/W2963620539,SkyCore: Moving Core to the Edge for Untethered and Reliable UAV-based LTE Networks,MOBICOM,2018,https://openalex.org/A5103503444,Sampath Rangarajan,middle,1989.0,181.0,7871.0,41.0,98.0,29.0,Senior
https://openalex.org/W2963620539,SkyCore: Moving Core to the Edge for Untethered and Reliable UAV-based LTE Networks,MOBICOM,2018,https://openalex.org/A5012670041,Zeyu Mao,last,2004.0,78.0,2238.0,23.0,33.0,14.0,Senior
https://openalex.org/W2890192685,Non-delusional Q-learning and Value-iteration,NeurIPS,2018,https://openalex.org/A5086690493,Tyler Lu,first,2006.0,40.0,1878.0,21.0,23.0,12.0,Senior
https://openalex.org/W2890192685,Non-delusional Q-learning and Value-iteration,NeurIPS,2018,https://openalex.org/A5010575626,Dale Schuurmans,middle,1988.0,361.0,19315.0,51.0,161.0,30.0,Senior
https://openalex.org/W2890192685,Non-delusional Q-learning and Value-iteration,NeurIPS,2018,https://openalex.org/A5036934218,Craig Boutilier,last,1989.0,309.0,17429.0,62.0,186.0,29.0,Senior
https://openalex.org/W2807548807,Optimal Algorithms for Non-Smooth Distributed Optimization in Networks,NeurIPS,2018,https://openalex.org/A5056747950,Kevin Scaman,first,2014.0,58.0,563.0,9.0,8.0,4.0,Junior
https://openalex.org/W2807548807,Optimal Algorithms for Non-Smooth Distributed Optimization in Networks,NeurIPS,2018,https://openalex.org/A5001483226,Francis Bach,middle,2000.0,402.0,21385.0,67.0,177.0,18.0,Senior
https://openalex.org/W2807548807,Optimal Algorithms for Non-Smooth Distributed Optimization in Networks,NeurIPS,2018,https://openalex.org/A5021842384,Sébastien Bubeck,middle,2007.0,174.0,11622.0,39.0,82.0,11.0,Senior
https://openalex.org/W2807548807,Optimal Algorithms for Non-Smooth Distributed Optimization in Networks,NeurIPS,2018,https://openalex.org/A5024980585,Yin Tat Lee,middle,2013.0,198.0,5407.0,33.0,76.0,5.0,Junior
https://openalex.org/W2807548807,Optimal Algorithms for Non-Smooth Distributed Optimization in Networks,NeurIPS,2018,https://openalex.org/A5007698196,Laurent Massoulié,last,1995.0,290.0,12541.0,56.0,133.0,23.0,Senior
https://openalex.org/W2891786606,Nearly Tight Sample Complexity Bounds for Learning Mixtures of Gaussians via Sample Compression Schemes,NeurIPS,2018,https://openalex.org/A5051338636,Hassan Ashtiani,first,2004.0,37.0,241.0,8.0,8.0,14.0,Senior
https://openalex.org/W2891786606,Nearly Tight Sample Complexity Bounds for Learning Mixtures of Gaussians via Sample Compression Schemes,NeurIPS,2018,https://openalex.org/A5112193907,Shai Ben-David,middle,1978.0,203.0,16801.0,38.0,84.0,40.0,Senior
https://openalex.org/W2891786606,Nearly Tight Sample Complexity Bounds for Learning Mixtures of Gaussians via Sample Compression Schemes,NeurIPS,2018,https://openalex.org/A5102957872,Nicholas J. A. Harvey,middle,2003.0,93.0,3022.0,25.0,45.0,15.0,Senior
https://openalex.org/W2891786606,Nearly Tight Sample Complexity Bounds for Learning Mixtures of Gaussians via Sample Compression Schemes,NeurIPS,2018,https://openalex.org/A5076085270,Christopher Liaw,middle,2016.0,51.0,545.0,11.0,12.0,2.0,Junior
https://openalex.org/W2891786606,Nearly Tight Sample Complexity Bounds for Learning Mixtures of Gaussians via Sample Compression Schemes,NeurIPS,2018,https://openalex.org/A5089076722,Abbas Mehrabian,middle,2001.0,77.0,959.0,16.0,22.0,17.0,Senior
https://openalex.org/W2891786606,Nearly Tight Sample Complexity Bounds for Learning Mixtures of Gaussians via Sample Compression Schemes,NeurIPS,2018,https://openalex.org/A5018866413,Yaniv Plan,last,2009.0,70.0,4673.0,21.0,31.0,9.0,Senior
https://openalex.org/W2808746463,Neural Ordinary Differential Equations,NeurIPS,2018,https://openalex.org/A5029262768,Ricky T. Q. Chen,first,2018.0,45.0,2357.0,15.0,19.0,0.0,Junior
https://openalex.org/W2808746463,Neural Ordinary Differential Equations,NeurIPS,2018,https://openalex.org/A5039192820,Yulia Rubanova,middle,2017.0,84.0,19408.0,37.0,47.0,1.0,Junior
https://openalex.org/W2808746463,Neural Ordinary Differential Equations,NeurIPS,2018,https://openalex.org/A5027925889,Jesse Bettencourt,middle,2014.0,13.0,1202.0,7.0,7.0,4.0,Junior
https://openalex.org/W2808746463,Neural Ordinary Differential Equations,NeurIPS,2018,https://openalex.org/A5030409494,David Duvenaud,last,2008.0,123.0,10996.0,44.0,76.0,10.0,Senior
https://openalex.org/W2897044322,REPT: Reverse Debugging of Failures in Deployed Software,OSDI,2018,https://openalex.org/A5112117974,Weidong Cui,first,1992.0,132.0,5671.0,40.0,73.0,26.0,Senior
https://openalex.org/W2897044322,REPT: Reverse Debugging of Failures in Deployed Software,OSDI,2018,https://openalex.org/A5085945429,Xinyang Ge,middle,2014.0,40.0,620.0,13.0,15.0,4.0,Junior
https://openalex.org/W2897044322,REPT: Reverse Debugging of Failures in Deployed Software,OSDI,2018,https://openalex.org/A5050964144,Baris Kasikci,middle,2011.0,94.0,2144.0,22.0,40.0,7.0,Senior
https://openalex.org/W2897044322,REPT: Reverse Debugging of Failures in Deployed Software,OSDI,2018,https://openalex.org/A5024053576,Ben Niu,middle,1899.0,1530.0,31575.0,83.0,568.0,119.0,Senior
https://openalex.org/W2897044322,REPT: Reverse Debugging of Failures in Deployed Software,OSDI,2018,https://openalex.org/A5006077391,Upamanyu Sharma,middle,2018.0,6.0,81.0,3.0,3.0,0.0,Junior
https://openalex.org/W2897044322,REPT: Reverse Debugging of Failures in Deployed Software,OSDI,2018,https://openalex.org/A5100653715,Ruoyu Wang,middle,2002.0,148.0,3929.0,26.0,42.0,16.0,Senior
https://openalex.org/W2897044322,REPT: Reverse Debugging of Failures in Deployed Software,OSDI,2018,https://openalex.org/A5059899443,Insu Yun,last,2012.0,28.0,873.0,12.0,13.0,6.0,Senior
https://openalex.org/W2899396876,"LegoOS: A Disseminated, Distributed OS for Hardware Resource Disaggregation",OSDI,2018,https://openalex.org/A5060703788,Yizhou Shan,first,2017.0,39.0,569.0,10.0,10.0,1.0,Junior
https://openalex.org/W2899396876,"LegoOS: A Disseminated, Distributed OS for Hardware Resource Disaggregation",OSDI,2018,https://openalex.org/A5071661999,Yutong Huang,middle,2017.0,11.0,311.0,4.0,3.0,1.0,Junior
https://openalex.org/W2899396876,"LegoOS: A Disseminated, Distributed OS for Hardware Resource Disaggregation",OSDI,2018,https://openalex.org/A5020418881,Yilun Chen,middle,2006.0,135.0,6189.0,27.0,43.0,12.0,Senior
https://openalex.org/W2899396876,"LegoOS: A Disseminated, Distributed OS for Hardware Resource Disaggregation",OSDI,2018,https://openalex.org/A5100741029,Yiying Zhang,last,1998.0,185.0,2534.0,23.0,56.0,20.0,Senior
https://openalex.org/W2898817152,Orca: Differential Bug Localization in Large-Scale Services,OSDI,2018,https://openalex.org/A5048777417,Ranjita Bhagwan,first,2000.0,57.0,2373.0,23.0,32.0,18.0,Senior
https://openalex.org/W2898817152,Orca: Differential Bug Localization in Large-Scale Services,OSDI,2018,https://openalex.org/A5077585432,Rahul Kumar,middle,1999.0,62.0,951.0,16.0,24.0,19.0,Senior
https://openalex.org/W2898817152,Orca: Differential Bug Localization in Large-Scale Services,OSDI,2018,https://openalex.org/A5110832647,Chandra Sekhar Maddila,middle,2018.0,3.0,33.0,2.0,1.0,0.0,Junior
https://openalex.org/W2898817152,Orca: Differential Bug Localization in Large-Scale Services,OSDI,2018,https://openalex.org/A5066394199,Adithya Abraham Philip,last,2000.0,12.0,97.0,6.0,4.0,18.0,Senior
https://openalex.org/W2964240296,Program synthesis using conflict-driven learning,PLDI,2018,https://openalex.org/A5101567136,Yu Feng,first,2001.0,54.0,1859.0,22.0,34.0,17.0,Senior
https://openalex.org/W2964240296,Program synthesis using conflict-driven learning,PLDI,2018,https://openalex.org/A5101995804,Ruben Martins,middle,1983.0,118.0,1860.0,24.0,39.0,35.0,Senior
https://openalex.org/W2964240296,Program synthesis using conflict-driven learning,PLDI,2018,https://openalex.org/A5029243071,Osbert Bastani,middle,2011.0,199.0,2928.0,27.0,57.0,7.0,Senior
https://openalex.org/W2964240296,Program synthesis using conflict-driven learning,PLDI,2018,https://openalex.org/A5006424908,Işıl Dillig,last,2007.0,212.0,5197.0,40.0,99.0,11.0,Senior
https://openalex.org/W2798609500,A data-driven CHC solver,PLDI,2018,https://openalex.org/A5004145814,He Zhu,first,2009.0,79.0,870.0,16.0,18.0,9.0,Senior
https://openalex.org/W2798609500,A data-driven CHC solver,PLDI,2018,https://openalex.org/A5012433957,S. Magill,middle,1981.0,283.0,10905.0,56.0,167.0,37.0,Senior
https://openalex.org/W2798609500,A data-driven CHC solver,PLDI,2018,https://openalex.org/A5034957233,Suresh Jagannathan,last,1984.0,266.0,5959.0,36.0,100.0,34.0,Senior
https://openalex.org/W2798832443,Entity Matching with Active Monotone Classification,PODS,2018,https://openalex.org/A5048609852,Yufei Tao,first,1998.0,298.0,15930.0,65.0,143.0,20.0,Senior
https://openalex.org/W2794473399,On Enforcing the Digital Immunity of a Large Humanitarian Organization,S&P,2018,https://openalex.org/A5011387239,Stevens Le Blond,first,2004.0,28.0,678.0,15.0,19.0,14.0,Senior
https://openalex.org/W2794473399,On Enforcing the Digital Immunity of a Large Humanitarian Organization,S&P,2018,https://openalex.org/A5065305058,Alejandro Cuevas,middle,2001.0,43.0,343.0,9.0,8.0,17.0,Senior
https://openalex.org/W2794473399,On Enforcing the Digital Immunity of a Large Humanitarian Organization,S&P,2018,https://openalex.org/A5089763199,Juan Ramón Troncoso-Pastoriza,middle,2006.0,81.0,2384.0,23.0,36.0,12.0,Senior
https://openalex.org/W2794473399,On Enforcing the Digital Immunity of a Large Humanitarian Organization,S&P,2018,https://openalex.org/A5036662107,Philipp Jovanovic,middle,2010.0,74.0,3637.0,21.0,33.0,8.0,Senior
https://openalex.org/W2794473399,On Enforcing the Digital Immunity of a Large Humanitarian Organization,S&P,2018,https://openalex.org/A5045962151,Bryan Ford,middle,1993.0,204.0,8491.0,45.0,100.0,25.0,Senior
https://openalex.org/W2794473399,On Enforcing the Digital Immunity of a Large Humanitarian Organization,S&P,2018,https://openalex.org/A5080497445,Jean‐Pierre Hubaux,last,1992.0,473.0,34738.0,87.0,264.0,26.0,Senior
https://openalex.org/W2787222284,DEEPSEC: Deciding Equivalence Properties in Security Protocols -- Theory and Practice,S&P,2018,https://openalex.org/A5065695523,Vincent Cheval,first,2010.0,59.0,757.0,15.0,21.0,8.0,Senior
https://openalex.org/W2787222284,DEEPSEC: Deciding Equivalence Properties in Security Protocols -- Theory and Practice,S&P,2018,https://openalex.org/A5085316790,Steve Kremer,middle,2000.0,148.0,3610.0,33.0,63.0,18.0,Senior
https://openalex.org/W2787222284,DEEPSEC: Deciding Equivalence Properties in Security Protocols -- Theory and Practice,S&P,2018,https://openalex.org/A5078512511,Itsaka Rakotonirina,last,2016.0,23.0,157.0,7.0,5.0,2.0,Junior
https://openalex.org/W2876796450,Inferring Persistent Interdomain Congestion,SIGCOMM,2018,https://openalex.org/A5005275631,Amogh Dhamdhere,first,2003.0,81.0,2625.0,27.0,52.0,15.0,Senior
https://openalex.org/W2876796450,Inferring Persistent Interdomain Congestion,SIGCOMM,2018,https://openalex.org/A5112073231,David D. Clark,middle,1960.0,286.0,20915.0,53.0,124.0,58.0,Senior
https://openalex.org/W2876796450,Inferring Persistent Interdomain Congestion,SIGCOMM,2018,https://openalex.org/A5060437791,Alexander Gamero-Garrido,middle,2010.0,16.0,183.0,5.0,4.0,8.0,Senior
https://openalex.org/W2876796450,Inferring Persistent Interdomain Congestion,SIGCOMM,2018,https://openalex.org/A5006799119,Matthew Luckie,middle,2001.0,134.0,2655.0,28.0,58.0,17.0,Senior
https://openalex.org/W2876796450,Inferring Persistent Interdomain Congestion,SIGCOMM,2018,https://openalex.org/A5084986707,Ricky K. P. Mok,middle,2011.0,61.0,1499.0,14.0,18.0,7.0,Senior
https://openalex.org/W2876796450,Inferring Persistent Interdomain Congestion,SIGCOMM,2018,https://openalex.org/A5085735887,Gautam Akiwate,middle,2015.0,33.0,420.0,12.0,13.0,3.0,Junior
https://openalex.org/W2876796450,Inferring Persistent Interdomain Congestion,SIGCOMM,2018,https://openalex.org/A5009818638,Kabir Gogia,middle,2018.0,2.0,135.0,2.0,2.0,0.0,Junior
https://openalex.org/W2876796450,Inferring Persistent Interdomain Congestion,SIGCOMM,2018,https://openalex.org/A5063889159,Vaibhav Bajpai,middle,2008.0,101.0,1590.0,23.0,43.0,10.0,Senior
https://openalex.org/W2876796450,Inferring Persistent Interdomain Congestion,SIGCOMM,2018,https://openalex.org/A5029890607,Alex C. Snoeren,middle,1998.0,198.0,10310.0,52.0,115.0,20.0,Senior
https://openalex.org/W2876796450,Inferring Persistent Interdomain Congestion,SIGCOMM,2018,https://openalex.org/A5072282499,kc claffy,last,1989.0,361.0,18105.0,61.0,188.0,29.0,Senior
https://openalex.org/W2799048248,Should I Follow the Crowd? A Probabilistic Analysis of the Effectiveness of Popularity in Recommender Systems,SIGIR,2018,https://openalex.org/A5081476292,Rocío Cañamares,first,2014.0,10.0,427.0,8.0,8.0,4.0,Junior
https://openalex.org/W2799048248,Should I Follow the Crowd? A Probabilistic Analysis of the Effectiveness of Popularity in Recommender Systems,SIGIR,2018,https://openalex.org/A5052940596,Pablo Castells,last,1996.0,192.0,6598.0,45.0,98.0,22.0,Senior
https://openalex.org/W4252400026,A Refined Mean Field Approximation,SIGMETRICS,2018,https://openalex.org/A5052639125,Nicolas Gast,first,2005.0,150.0,2245.0,26.0,44.0,13.0,Senior
https://openalex.org/W4252400026,A Refined Mean Field Approximation,SIGMETRICS,2018,https://openalex.org/A5055823052,Benny Van Houdt,last,1998.0,246.0,2139.0,25.0,69.0,20.0,Senior
https://openalex.org/W2798891709,SuRF: Practical Range Query Filtering with Fast Succinct Tries,SIGMOD,2018,https://openalex.org/A5015113627,Huanchen Zhang,first,2016.0,26.0,513.0,8.0,7.0,2.0,Junior
https://openalex.org/W2798891709,SuRF: Practical Range Query Filtering with Fast Succinct Tries,SIGMOD,2018,https://openalex.org/A5050218314,Hyeontaek Lim,middle,2009.0,44.0,5668.0,22.0,26.0,9.0,Senior
https://openalex.org/W2798891709,SuRF: Practical Range Query Filtering with Fast Succinct Tries,SIGMOD,2018,https://openalex.org/A5046213289,Viktor Leis,middle,2012.0,114.0,3895.0,31.0,54.0,6.0,Senior
https://openalex.org/W2798891709,SuRF: Practical Range Query Filtering with Fast Succinct Tries,SIGMOD,2018,https://openalex.org/A5085479490,David G. Andersen,middle,2000.0,173.0,16975.0,64.0,119.0,18.0,Senior
https://openalex.org/W2798891709,SuRF: Practical Range Query Filtering with Fast Succinct Tries,SIGMOD,2018,https://openalex.org/A5052885090,Michael Kaminsky,middle,1976.0,139.0,12052.0,49.0,96.0,42.0,Senior
https://openalex.org/W2798891709,SuRF: Practical Range Query Filtering with Fast Succinct Tries,SIGMOD,2018,https://openalex.org/A5053422735,Kimberly Keeton,middle,1993.0,93.0,4904.0,31.0,60.0,25.0,Senior
https://openalex.org/W2798891709,SuRF: Practical Range Query Filtering with Fast Succinct Tries,SIGMOD,2018,https://openalex.org/A5049165312,Andrew Pavlo,last,2006.0,115.0,7396.0,38.0,64.0,12.0,Senior
https://openalex.org/W2793481095,Approaching 3/2 for the s-t-path TSP,SODA,2018,https://openalex.org/A5034603892,Carlos Rodríguez‐Navarro,first,1990.0,228.0,12274.0,59.0,116.0,28.0,Senior
https://openalex.org/W2793481095,Approaching 3/2 for the s-t-path TSP,SODA,2018,https://openalex.org/A5090101869,Fulvio Di Lorenzo,middle,2014.0,35.0,541.0,12.0,13.0,4.0,Junior
https://openalex.org/W2793481095,Approaching 3/2 for the s-t-path TSP,SODA,2018,https://openalex.org/A5030133462,Kerstin Elert,last,1997.0,77.0,2921.0,28.0,48.0,21.0,Senior
https://openalex.org/W2974337481,Online Bipartite Matching with Amortized O(log2 N)Replacements,SODA,2018,https://openalex.org/A5033889707,Aaron Bernstein,first,1973.0,65.0,1086.0,21.0,27.0,45.0,Senior
https://openalex.org/W2974337481,Online Bipartite Matching with Amortized O(log2 N)Replacements,SODA,2018,https://openalex.org/A5025874799,Jacob Holm,middle,1996.0,63.0,1132.0,13.0,14.0,22.0,Senior
https://openalex.org/W2974337481,Online Bipartite Matching with Amortized O(log2 N)Replacements,SODA,2018,https://openalex.org/A5004695759,Eva Rotenberg,last,1982.0,119.0,342.0,9.0,9.0,36.0,Senior
https://openalex.org/W2896381102,Authoring and Verifying Human-Robot Interactions,UIST,2018,https://openalex.org/A5021735130,David Porfirio,first,2014.0,30.0,226.0,8.0,7.0,4.0,Junior
https://openalex.org/W2896381102,Authoring and Verifying Human-Robot Interactions,UIST,2018,https://openalex.org/A5073533400,Allison Sauppé,middle,2014.0,18.0,769.0,11.0,12.0,4.0,Junior
https://openalex.org/W2896381102,Authoring and Verifying Human-Robot Interactions,UIST,2018,https://openalex.org/A5050593520,Aws Albarghouthi,middle,2010.0,114.0,1844.0,23.0,43.0,8.0,Senior
https://openalex.org/W2896381102,Authoring and Verifying Human-Robot Interactions,UIST,2018,https://openalex.org/A5017344436,Bilge Mutlu,last,2005.0,322.0,11203.0,59.0,160.0,13.0,Senior
https://openalex.org/W2896806675,Porta: Profiling Software Tutorials Using Operating-System-Wide Activity Tracing,UIST,2018,https://openalex.org/A5041654458,Alok Mysore,first,2015.0,6.0,71.0,3.0,3.0,3.0,Junior
https://openalex.org/W2896806675,Porta: Profiling Software Tutorials Using Operating-System-Wide Activity Tracing,UIST,2018,https://openalex.org/A5060695800,Philip J. Guo,last,1996.0,123.0,9011.0,40.0,69.0,22.0,Senior
https://openalex.org/W2897456565,"RESi: A Highly Flexible, Pressure-Sensitive, Imperceptible Textile Interface Based on Resistive Yarns",UIST,2018,https://openalex.org/A5019954653,Patrick Parzer,first,2014.0,9.0,653.0,9.0,9.0,4.0,Junior
https://openalex.org/W2897456565,"RESi: A Highly Flexible, Pressure-Sensitive, Imperceptible Textile Interface Based on Resistive Yarns",UIST,2018,https://openalex.org/A5060423255,Florian Perteneder,middle,2009.0,30.0,563.0,13.0,16.0,9.0,Senior
https://openalex.org/W2897456565,"RESi: A Highly Flexible, Pressure-Sensitive, Imperceptible Textile Interface Based on Resistive Yarns",UIST,2018,https://openalex.org/A5009630097,Kathrin Probst,middle,2006.0,115.0,415.0,11.0,11.0,12.0,Senior
https://openalex.org/W2897456565,"RESi: A Highly Flexible, Pressure-Sensitive, Imperceptible Textile Interface Based on Resistive Yarns",UIST,2018,https://openalex.org/A5105368417,Christian Rendl,middle,2009.0,18.0,565.0,11.0,12.0,9.0,Senior
https://openalex.org/W2897456565,"RESi: A Highly Flexible, Pressure-Sensitive, Imperceptible Textile Interface Based on Resistive Yarns",UIST,2018,https://openalex.org/A5020423438,Joanne Leong,middle,1979.0,35.0,1048.0,16.0,21.0,39.0,Senior
https://openalex.org/W2897456565,"RESi: A Highly Flexible, Pressure-Sensitive, Imperceptible Textile Interface Based on Resistive Yarns",UIST,2018,https://openalex.org/A5075233441,Sarah Schuetz,middle,2018.0,1.0,90.0,1.0,1.0,0.0,Junior
https://openalex.org/W2897456565,"RESi: A Highly Flexible, Pressure-Sensitive, Imperceptible Textile Interface Based on Resistive Yarns",UIST,2018,https://openalex.org/A5057440817,Anita Vogl,middle,2015.0,9.0,403.0,5.0,5.0,3.0,Junior
https://openalex.org/W2897456565,"RESi: A Highly Flexible, Pressure-Sensitive, Imperceptible Textile Interface Based on Resistive Yarns",UIST,2018,https://openalex.org/A5038015196,Reinhard Schwoediauer,middle,1999.0,7.0,243.0,3.0,2.0,19.0,Senior
https://openalex.org/W2897456565,"RESi: A Highly Flexible, Pressure-Sensitive, Imperceptible Textile Interface Based on Resistive Yarns",UIST,2018,https://openalex.org/A5062271013,Martin Kaltenbrunner,middle,2005.0,146.0,16863.0,47.0,76.0,13.0,Senior
https://openalex.org/W2897456565,"RESi: A Highly Flexible, Pressure-Sensitive, Imperceptible Textile Interface Based on Resistive Yarns",UIST,2018,https://openalex.org/A5091161380,Siegfried Bauer,middle,1906.0,461.0,28900.0,84.0,233.0,112.0,Senior
https://openalex.org/W2897456565,"RESi: A Highly Flexible, Pressure-Sensitive, Imperceptible Textile Interface Based on Resistive Yarns",UIST,2018,https://openalex.org/A5009340165,Michael Haller,last,1958.0,243.0,4669.0,37.0,106.0,60.0,Senior
https://openalex.org/W2802609531,The Ubiquity of Large Graphs and Surprising Challenges of Graph Processing: Extended Survey,VLDB,2018,https://openalex.org/A5083732107,Arindam Dey,first,2005.0,127.0,2823.0,27.0,63.0,13.0,Senior
https://openalex.org/W2802609531,The Ubiquity of Large Graphs and Surprising Challenges of Graph Processing: Extended Survey,VLDB,2018,https://openalex.org/A5021195349,Mark Billinghurst,middle,1989.0,879.0,32279.0,82.0,426.0,29.0,Senior
https://openalex.org/W2802609531,The Ubiquity of Large Graphs and Surprising Challenges of Graph Processing: Extended Survey,VLDB,2018,https://openalex.org/A5010587031,Robert W. Lindeman,middle,1982.0,220.0,5099.0,36.0,115.0,36.0,Senior
https://openalex.org/W2802609531,The Ubiquity of Large Graphs and Surprising Challenges of Graph Processing: Extended Survey,VLDB,2018,https://openalex.org/A5050639579,J. Edward Swan,last,1993.0,147.0,4798.0,32.0,66.0,25.0,Senior
https://openalex.org/W2788150400,HighLife: Higher-arity Fact Harvesting,WWW,2018,https://openalex.org/A5013361951,Patrick Erñst,first,1981.0,99.0,1818.0,20.0,32.0,37.0,Senior
https://openalex.org/W2788150400,HighLife: Higher-arity Fact Harvesting,WWW,2018,https://openalex.org/A5065988924,Amy Siu,middle,2001.0,41.0,455.0,10.0,10.0,17.0,Senior
https://openalex.org/W2788150400,HighLife: Higher-arity Fact Harvesting,WWW,2018,https://openalex.org/A5088135366,Gerhard Weikum,last,1984.0,941.0,30930.0,84.0,374.0,34.0,Senior
https://openalex.org/W2521461771,Label-Free Supervision of Neural Networks with Physics and Domain Knowledge,AAAI,2017,https://openalex.org/A5084822815,Russell J. Stewart,first,1974.0,157.0,8915.0,45.0,89.0,43.0,Senior
https://openalex.org/W2521461771,Label-Free Supervision of Neural Networks with Physics and Domain Knowledge,AAAI,2017,https://openalex.org/A5091179481,Stefano Ermon,last,2009.0,476.0,25226.0,65.0,191.0,8.0,Senior
https://openalex.org/W2611715906,Probabilistic Typology: Deep Generative Models of Vowel Inventories,ACL,2017,https://openalex.org/A5061951606,Ryan Cotterell,first,2013.0,471.0,5137.0,37.0,104.0,4.0,Junior
https://openalex.org/W2611715906,Probabilistic Typology: Deep Generative Models of Vowel Inventories,ACL,2017,https://openalex.org/A5052467896,Jason Eisner,last,1983.0,250.0,7902.0,51.0,112.0,34.0,Senior
https://openalex.org/W2610214088,Kinecting with Orangutans: Zoo Visitors' Empathetic Responses to Animals' Use of Interactive Technology,CHI,2017,https://openalex.org/A5089731854,Sarah Webber,first,2013.0,51.0,955.0,17.0,25.0,4.0,Junior
https://openalex.org/W2610214088,Kinecting with Orangutans: Zoo Visitors' Empathetic Responses to Animals' Use of Interactive Technology,CHI,2017,https://openalex.org/A5041837927,Marcus Carter,middle,2006.0,205.0,4322.0,32.0,70.0,11.0,Senior
https://openalex.org/W2610214088,Kinecting with Orangutans: Zoo Visitors' Empathetic Responses to Animals' Use of Interactive Technology,CHI,2017,https://openalex.org/A5016617747,Sally Sherwen,middle,2014.0,49.0,1541.0,21.0,26.0,3.0,Junior
https://openalex.org/W2610214088,Kinecting with Orangutans: Zoo Visitors' Empathetic Responses to Animals' Use of Interactive Technology,CHI,2017,https://openalex.org/A5064190255,Wally Smith,middle,1955.0,128.0,2219.0,26.0,54.0,62.0,Senior
https://openalex.org/W2610214088,Kinecting with Orangutans: Zoo Visitors' Empathetic Responses to Animals' Use of Interactive Technology,CHI,2017,https://openalex.org/A5054772142,Zaher Joukhadar,middle,2017.0,22.0,343.0,8.0,8.0,0.0,Junior
https://openalex.org/W2610214088,Kinecting with Orangutans: Zoo Visitors' Empathetic Responses to Animals' Use of Interactive Technology,CHI,2017,https://openalex.org/A5003298917,Frank Vetere,last,1997.0,286.0,8980.0,51.0,156.0,20.0,Senior
https://openalex.org/W4300093098,"Organic Primitives: Synthesis and Design of pH-Reactive Materials using Molecular I/O for Sensing, Actuation, and Interaction",CHI,2017,https://openalex.org/A5068345805,Viirj Kan,first,2015.0,11.0,287.0,6.0,5.0,2.0,Junior
https://openalex.org/W4300093098,"Organic Primitives: Synthesis and Design of pH-Reactive Materials using Molecular I/O for Sensing, Actuation, and Interaction",CHI,2017,https://openalex.org/A5049567786,Emma Vargo,middle,2016.0,23.0,338.0,7.0,7.0,1.0,Junior
https://openalex.org/W4300093098,"Organic Primitives: Synthesis and Design of pH-Reactive Materials using Molecular I/O for Sensing, Actuation, and Interaction",CHI,2017,https://openalex.org/A5021981631,Noa Machover,middle,2016.0,3.0,94.0,2.0,2.0,1.0,Junior
https://openalex.org/W4300093098,"Organic Primitives: Synthesis and Design of pH-Reactive Materials using Molecular I/O for Sensing, Actuation, and Interaction",CHI,2017,https://openalex.org/A5101577450,Hiroshi Ishii,middle,1979.0,407.0,26353.0,76.0,232.0,38.0,Senior
https://openalex.org/W4300093098,"Organic Primitives: Synthesis and Design of pH-Reactive Materials using Molecular I/O for Sensing, Actuation, and Interaction",CHI,2017,https://openalex.org/A5003684093,Serena Pan,middle,2014.0,4.0,139.0,3.0,3.0,3.0,Junior
https://openalex.org/W4300093098,"Organic Primitives: Synthesis and Design of pH-Reactive Materials using Molecular I/O for Sensing, Actuation, and Interaction",CHI,2017,https://openalex.org/A5010861834,Weixuan Chen,middle,2015.0,24.0,1120.0,14.0,15.0,2.0,Junior
https://openalex.org/W4300093098,"Organic Primitives: Synthesis and Design of pH-Reactive Materials using Molecular I/O for Sensing, Actuation, and Interaction",CHI,2017,https://openalex.org/A5074504443,Yasuaki Kakehi,last,2004.0,201.0,1884.0,23.0,57.0,13.0,Senior
https://openalex.org/W2594859391,Understanding Public Evaluation: Quantifying Experimenter Intervention,CHI,2017,https://openalex.org/A5014222815,Julie Williamson,first,1903.0,111.0,1823.0,23.0,51.0,114.0,Senior
https://openalex.org/W2594859391,Understanding Public Evaluation: Quantifying Experimenter Intervention,CHI,2017,https://openalex.org/A5060027329,John Williamson,last,1923.0,259.0,7425.0,37.0,104.0,94.0,Senior
https://openalex.org/W2591131751,Designing Gamified Applications that Make Safe Driving More Engaging,CHI,2017,https://openalex.org/A5088998913,Fabius Steinberger,first,2011.0,21.0,480.0,9.0,9.0,6.0,Senior
https://openalex.org/W2591131751,Designing Gamified Applications that Make Safe Driving More Engaging,CHI,2017,https://openalex.org/A5024591851,Ronald Schroeter,middle,1985.0,128.0,2046.0,25.0,50.0,32.0,Senior
https://openalex.org/W2591131751,Designing Gamified Applications that Make Safe Driving More Engaging,CHI,2017,https://openalex.org/A5031323457,Marcus Foth,middle,2000.0,489.0,9248.0,51.0,180.0,17.0,Senior
https://openalex.org/W2591131751,Designing Gamified Applications that Make Safe Driving More Engaging,CHI,2017,https://openalex.org/A5024222363,Daniel Johnson,last,1957.0,367.0,10749.0,49.0,139.0,60.0,Senior
https://openalex.org/W2611348597,Illumination Aesthetics: Light as a Creative Material within Computational Design,CHI,2017,https://openalex.org/A5015509678,César Torres,first,2011.0,38.0,618.0,14.0,15.0,6.0,Senior
https://openalex.org/W2611348597,Illumination Aesthetics: Light as a Creative Material within Computational Design,CHI,2017,https://openalex.org/A5056690614,Jasper Tran O'Leary,middle,2005.0,18.0,433.0,11.0,11.0,12.0,Senior
https://openalex.org/W2611348597,Illumination Aesthetics: Light as a Creative Material within Computational Design,CHI,2017,https://openalex.org/A5011095433,Molly Jane Nicholas,middle,2006.0,19.0,339.0,12.0,12.0,11.0,Senior
https://openalex.org/W2611348597,Illumination Aesthetics: Light as a Creative Material within Computational Design,CHI,2017,https://openalex.org/A5061784816,Eric Paulos,last,1993.0,156.0,6497.0,45.0,105.0,24.0,Senior
https://openalex.org/W2767327746,Empowered participation: How Citizens Use Technology in Local Governance,CHI,2017,https://openalex.org/A5060951383,Kawaljeet Kaur Kapoor,first,1988.0,60.0,4415.0,25.0,32.0,29.0,Senior
https://openalex.org/W2767327746,Empowered participation: How Citizens Use Technology in Local Governance,CHI,2017,https://openalex.org/A5008267619,Kuttimani Tamilmani,middle,2014.0,24.0,8802.0,18.0,20.0,3.0,Junior
https://openalex.org/W2767327746,Empowered participation: How Citizens Use Technology in Local Governance,CHI,2017,https://openalex.org/A5034248834,Nripendra P. Rana,middle,2001.0,421.0,46459.0,94.0,285.0,16.0,Senior
https://openalex.org/W2767327746,Empowered participation: How Citizens Use Technology in Local Governance,CHI,2017,https://openalex.org/A5108664356,Pushp P. Patil,middle,2017.0,15.0,3096.0,11.0,12.0,0.0,Junior
https://openalex.org/W2767327746,Empowered participation: How Citizens Use Technology in Local Governance,CHI,2017,https://openalex.org/A5048622877,Yogesh K. Dwivedi,middle,1970.0,947.0,93294.0,151.0,607.0,47.0,Senior
https://openalex.org/W2767327746,Empowered participation: How Citizens Use Technology in Local Governance,CHI,2017,https://openalex.org/A5007151045,Sridhar Nerur,last,1995.0,96.0,6098.0,22.0,30.0,22.0,Senior
https://openalex.org/W2778244123,Stories from Survivors: Privacy & Security Practices when Coping with Intimate Partner Abuse,CHI,2017,https://openalex.org/A5074224778,Camille Cobb,first,2012.0,26.0,462.0,11.0,12.0,5.0,Junior
https://openalex.org/W2778244123,Stories from Survivors: Privacy & Security Practices when Coping with Intimate Partner Abuse,CHI,2017,https://openalex.org/A5031825409,Samuel Sudar,middle,2012.0,13.0,191.0,6.0,6.0,5.0,Junior
https://openalex.org/W2778244123,Stories from Survivors: Privacy & Security Practices when Coping with Intimate Partner Abuse,CHI,2017,https://openalex.org/A5014963962,Nicholas Reiter,middle,,,,,,,
https://openalex.org/W2778244123,Stories from Survivors: Privacy & Security Practices when Coping with Intimate Partner Abuse,CHI,2017,https://openalex.org/A5076685799,Richard Anderson,middle,1898.0,245.0,6546.0,45.0,125.0,119.0,Senior
https://openalex.org/W2778244123,Stories from Survivors: Privacy & Security Practices when Coping with Intimate Partner Abuse,CHI,2017,https://openalex.org/A5058923617,Franziska Roesner,middle,2007.0,139.0,7446.0,35.0,69.0,10.0,Senior
https://openalex.org/W2778244123,Stories from Survivors: Privacy & Security Practices when Coping with Intimate Partner Abuse,CHI,2017,https://openalex.org/A5026130910,Tadayoshi Kohno,last,1995.0,309.0,20462.0,66.0,155.0,22.0,Senior
https://openalex.org/W2611579020,ShareVR: Enabling Co-Located Experiences for Virtual Reality between HMD and Non-HMD Users,CHI,2017,https://openalex.org/A5024399465,Jan Gugenheimer,first,2013.0,105.0,3211.0,31.0,60.0,4.0,Junior
https://openalex.org/W2611579020,ShareVR: Enabling Co-Located Experiences for Virtual Reality between HMD and Non-HMD Users,CHI,2017,https://openalex.org/A5016957812,Evgeny Stemasov,middle,2017.0,22.0,649.0,12.0,13.0,0.0,Junior
https://openalex.org/W2611579020,ShareVR: Enabling Co-Located Experiences for Virtual Reality between HMD and Non-HMD Users,CHI,2017,https://openalex.org/A5033203092,Julian Frommel,middle,2014.0,88.0,1949.0,24.0,46.0,3.0,Junior
https://openalex.org/W2611579020,ShareVR: Enabling Co-Located Experiences for Virtual Reality between HMD and Non-HMD Users,CHI,2017,https://openalex.org/A5089009282,Enrico Rukzio,last,2003.0,362.0,7800.0,48.0,172.0,14.0,Senior
https://openalex.org/W2610339637,Examining Menstrual Tracking to Inform the Design of Personal Informatics Tools,CHI,2017,https://openalex.org/A5088906729,Daniel A. Epstein,first,1998.0,131.0,4037.0,28.0,57.0,19.0,Senior
https://openalex.org/W2610339637,Examining Menstrual Tracking to Inform the Design of Personal Informatics Tools,CHI,2017,https://openalex.org/A5010812538,Nicole B. Lee,middle,2010.0,5.0,1276.0,4.0,4.0,7.0,Senior
https://openalex.org/W2610339637,Examining Menstrual Tracking to Inform the Design of Personal Informatics Tools,CHI,2017,https://openalex.org/A5078108366,Jennifer Kang,middle,1983.0,51.0,817.0,12.0,14.0,34.0,Senior
https://openalex.org/W2610339637,Examining Menstrual Tracking to Inform the Design of Personal Informatics Tools,CHI,2017,https://openalex.org/A5015415555,Elena Agapie,middle,2007.0,40.0,1097.0,16.0,18.0,10.0,Senior
https://openalex.org/W2610339637,Examining Menstrual Tracking to Inform the Design of Personal Informatics Tools,CHI,2017,https://openalex.org/A5063071548,Jessica Schroeder,middle,1992.0,52.0,5273.0,21.0,29.0,25.0,Senior
https://openalex.org/W2610339637,Examining Menstrual Tracking to Inform the Design of Personal Informatics Tools,CHI,2017,https://openalex.org/A5113651203,Laura R. Pina,middle,2009.0,28.0,1791.0,19.0,22.0,8.0,Senior
https://openalex.org/W2610339637,Examining Menstrual Tracking to Inform the Design of Personal Informatics Tools,CHI,2017,https://openalex.org/A5066568444,James Fogarty,middle,1971.0,178.0,8858.0,53.0,101.0,46.0,Senior
https://openalex.org/W2610339637,Examining Menstrual Tracking to Inform the Design of Personal Informatics Tools,CHI,2017,https://openalex.org/A5066304043,Julie A. Kientz,middle,2003.0,231.0,11700.0,56.0,126.0,14.0,Senior
https://openalex.org/W2610339637,Examining Menstrual Tracking to Inform the Design of Personal Informatics Tools,CHI,2017,https://openalex.org/A5068504623,Sean A. Munson,last,2000.0,226.0,10570.0,52.0,128.0,17.0,Senior
https://openalex.org/W2611586694,Explaining the Gap: Visualizing One's Predictions Improves Recall and Comprehension of Data,CHI,2017,https://openalex.org/A5084668442,Yea‐Seul Kim,first,1997.0,87.0,1444.0,22.0,36.0,20.0,Senior
https://openalex.org/W2611586694,Explaining the Gap: Visualizing One's Predictions Improves Recall and Comprehension of Data,CHI,2017,https://openalex.org/A5076852435,Katharina Reinecke,middle,2007.0,127.0,3669.0,28.0,62.0,10.0,Senior
https://openalex.org/W2611586694,Explaining the Gap: Visualizing One's Predictions Improves Recall and Comprehension of Data,CHI,2017,https://openalex.org/A5068008545,Jessica Hullman,last,1800.0,159.0,4871.0,32.0,65.0,217.0,Senior
https://openalex.org/W2611667142,mHealth for Maternal Mental Health: Everyday Wisdom in Ethical Design,CHI,2017,https://openalex.org/A5005459236,Marguerite Barry,first,1962.0,46.0,567.0,11.0,14.0,55.0,Senior
https://openalex.org/W2611667142,mHealth for Maternal Mental Health: Everyday Wisdom in Ethical Design,CHI,2017,https://openalex.org/A5059134273,Kevin Doherty,middle,1990.0,82.0,2582.0,23.0,27.0,27.0,Senior
https://openalex.org/W2611667142,mHealth for Maternal Mental Health: Everyday Wisdom in Ethical Design,CHI,2017,https://openalex.org/A5056738154,José S Marcano Belisario,middle,2012.0,29.0,2023.0,17.0,18.0,5.0,Junior
https://openalex.org/W2611667142,mHealth for Maternal Mental Health: Everyday Wisdom in Ethical Design,CHI,2017,https://openalex.org/A5061312708,Josip Car,middle,1975.0,623.0,80404.0,100.0,355.0,42.0,Senior
https://openalex.org/W2611667142,mHealth for Maternal Mental Health: Everyday Wisdom in Ethical Design,CHI,2017,https://openalex.org/A5049999565,Cecily Morrison,middle,1996.0,137.0,2663.0,27.0,47.0,21.0,Senior
https://openalex.org/W2611667142,mHealth for Maternal Mental Health: Everyday Wisdom in Ethical Design,CHI,2017,https://openalex.org/A5072415254,Gavin Doherty,last,1997.0,199.0,6655.0,43.0,92.0,20.0,Senior
https://openalex.org/W2610215278,A Critical Lens on Dementia and Design in HCI,CHI,2017,https://openalex.org/A5014790341,Amanda Lazar,first,1973.0,115.0,4583.0,37.0,66.0,44.0,Senior
https://openalex.org/W2610215278,A Critical Lens on Dementia and Design in HCI,CHI,2017,https://openalex.org/A5091847639,Caroline Edasis,middle,2016.0,5.0,497.0,5.0,5.0,1.0,Junior
https://openalex.org/W2610215278,A Critical Lens on Dementia and Design in HCI,CHI,2017,https://openalex.org/A5066173469,Anne Marie Piper,last,1961.0,173.0,8190.0,50.0,117.0,56.0,Senior
https://openalex.org/W2611474773,What Is Interaction?,CHI,2017,https://openalex.org/A5015615908,Kasper Hornbæk,first,1999.0,313.0,12898.0,56.0,158.0,18.0,Senior
https://openalex.org/W2611474773,What Is Interaction?,CHI,2017,https://openalex.org/A5003084232,Antti Oulasvirta,last,2002.0,439.0,14838.0,65.0,197.0,15.0,Senior
https://openalex.org/W2610874624,BIGnav: Bayesian Information Gain for Guiding Multiscale Navigation,CHI,2017,https://openalex.org/A5101846243,Wanyu Liu,first,1997.0,109.0,1262.0,18.0,34.0,20.0,Senior
https://openalex.org/W2610874624,BIGnav: Bayesian Information Gain for Guiding Multiscale Navigation,CHI,2017,https://openalex.org/A5038365039,Rafael Lucas d'Oliveira,middle,2017.0,2.0,75.0,1.0,1.0,0.0,Junior
https://openalex.org/W2610874624,BIGnav: Bayesian Information Gain for Guiding Multiscale Navigation,CHI,2017,https://openalex.org/A5069093421,Michel Beaudouin-Lafon,middle,1985.0,219.0,7497.0,40.0,110.0,32.0,Senior
https://openalex.org/W2610874624,BIGnav: Bayesian Information Gain for Guiding Multiscale Navigation,CHI,2017,https://openalex.org/A5079964478,Olivier Rioul,last,1987.0,292.0,5957.0,27.0,57.0,30.0,Senior
https://openalex.org/W2611632447,Modelling Learning of New Keyboard Layouts,CHI,2017,https://openalex.org/A5085770104,Jussi Jokinen,first,2009.0,97.0,1661.0,21.0,36.0,8.0,Senior
https://openalex.org/W2611632447,Modelling Learning of New Keyboard Layouts,CHI,2017,https://openalex.org/A5003319719,Sayan Sarcar,middle,2010.0,58.0,762.0,14.0,26.0,7.0,Senior
https://openalex.org/W2611632447,Modelling Learning of New Keyboard Layouts,CHI,2017,https://openalex.org/A5003084232,Antti Oulasvirta,middle,2002.0,439.0,14838.0,65.0,197.0,15.0,Senior
https://openalex.org/W2611632447,Modelling Learning of New Keyboard Layouts,CHI,2017,https://openalex.org/A5082598678,Chaklam Silpasuwanchai,middle,2014.0,55.0,715.0,13.0,16.0,3.0,Junior
https://openalex.org/W2611632447,Modelling Learning of New Keyboard Layouts,CHI,2017,https://openalex.org/A5109299988,Zhenxin Wang,middle,1991.0,457.0,14952.0,61.0,253.0,26.0,Senior
https://openalex.org/W2611632447,Modelling Learning of New Keyboard Layouts,CHI,2017,https://openalex.org/A5027222692,Xiangshi Ren,last,1993.0,220.0,2960.0,31.0,67.0,24.0,Senior
https://openalex.org/W2610281177,Flash Organizations: Crowdsourcing Complex Work by Structuring Crowds As Organizations,CHI,2017,https://openalex.org/A5048264180,Melissa Valentine,first,2008.0,72.0,3857.0,19.0,27.0,9.0,Senior
https://openalex.org/W2610281177,Flash Organizations: Crowdsourcing Complex Work by Structuring Crowds As Organizations,CHI,2017,https://openalex.org/A5080179499,Daniela Retelny,middle,2010.0,10.0,811.0,9.0,9.0,7.0,Senior
https://openalex.org/W2610281177,Flash Organizations: Crowdsourcing Complex Work by Structuring Crowds As Organizations,CHI,2017,https://openalex.org/A5062258537,Alexandra To,middle,2014.0,50.0,1495.0,16.0,20.0,3.0,Junior
https://openalex.org/W2610281177,Flash Organizations: Crowdsourcing Complex Work by Structuring Crowds As Organizations,CHI,2017,https://openalex.org/A5037671485,Negar Rahmati,middle,2014.0,8.0,550.0,5.0,4.0,3.0,Junior
https://openalex.org/W2610281177,Flash Organizations: Crowdsourcing Complex Work by Structuring Crowds As Organizations,CHI,2017,https://openalex.org/A5030125352,Tulsee Doshi,middle,2013.0,15.0,2255.0,9.0,9.0,4.0,Junior
https://openalex.org/W2610281177,Flash Organizations: Crowdsourcing Complex Work by Structuring Crowds As Organizations,CHI,2017,https://openalex.org/A5076189854,Michael S. Bernstein,last,1980.0,285.0,65990.0,66.0,166.0,37.0,Senior
https://openalex.org/W2610874523,Reflective Practicum: A Framework of Sensitising Concepts to Design for Transformative Reflection,CHI,2017,https://openalex.org/A5038063824,Petr Slovák,first,2007.0,134.0,2303.0,26.0,54.0,10.0,Senior
https://openalex.org/W2610874523,Reflective Practicum: A Framework of Sensitising Concepts to Design for Transformative Reflection,CHI,2017,https://openalex.org/A5045556508,Christopher Frauenberger,middle,2003.0,130.0,4339.0,33.0,72.0,14.0,Senior
https://openalex.org/W2610874523,Reflective Practicum: A Framework of Sensitising Concepts to Design for Transformative Reflection,CHI,2017,https://openalex.org/A5075913164,Geraldine Fitzpatrick,last,1979.0,194.0,5369.0,37.0,86.0,38.0,Senior
https://openalex.org/W2610929834,Fingertip Tactile Devices for Virtual Object Manipulation and Exploration,CHI,2017,https://openalex.org/A5021250785,S. Schorr,first,1944.0,84.0,2102.0,22.0,29.0,73.0,Senior
https://openalex.org/W2610929834,Fingertip Tactile Devices for Virtual Object Manipulation and Exploration,CHI,2017,https://openalex.org/A5067958710,Allison M. Okamura,last,1987.0,514.0,21590.0,73.0,293.0,30.0,Senior
https://openalex.org/W2558581619,What Can Be Predicted from Six Seconds of Driver Glances?,CHI,2017,https://openalex.org/A5109009001,Lex Fridman,first,1971.0,103.0,3260.0,20.0,34.0,46.0,Senior
https://openalex.org/W2558581619,What Can Be Predicted from Six Seconds of Driver Glances?,CHI,2017,https://openalex.org/A5044904792,Heishiro Toyoda,middle,2015.0,25.0,253.0,9.0,8.0,2.0,Junior
https://openalex.org/W2558581619,What Can Be Predicted from Six Seconds of Driver Glances?,CHI,2017,https://openalex.org/A5019849691,Sean Seaman,middle,2004.0,39.0,901.0,14.0,22.0,13.0,Senior
https://openalex.org/W2558581619,What Can Be Predicted from Six Seconds of Driver Glances?,CHI,2017,https://openalex.org/A5021645337,Bobbie Seppelt,middle,2005.0,53.0,2004.0,20.0,32.0,12.0,Senior
https://openalex.org/W2558581619,What Can Be Predicted from Six Seconds of Driver Glances?,CHI,2017,https://openalex.org/A5025657447,Linda Angell,middle,1982.0,68.0,1171.0,16.0,21.0,35.0,Senior
https://openalex.org/W2558581619,What Can Be Predicted from Six Seconds of Driver Glances?,CHI,2017,https://openalex.org/A5035297680,Joonbum Lee,middle,2011.0,97.0,1149.0,17.0,36.0,6.0,Senior
https://openalex.org/W2558581619,What Can Be Predicted from Six Seconds of Driver Glances?,CHI,2017,https://openalex.org/A5054532975,Bruce Mehler,middle,1978.0,211.0,5546.0,40.0,99.0,39.0,Senior
https://openalex.org/W2558581619,What Can Be Predicted from Six Seconds of Driver Glances?,CHI,2017,https://openalex.org/A5033143153,Bryan Reimer,last,1980.0,296.0,8000.0,47.0,142.0,37.0,Senior
https://openalex.org/W2610414453,Design and Evaluation of a Data-Driven Password Meter,CHI,2017,https://openalex.org/A5071246801,Blase Ur,first,2009.0,101.0,5208.0,36.0,62.0,8.0,Senior
https://openalex.org/W2610414453,Design and Evaluation of a Data-Driven Password Meter,CHI,2017,https://openalex.org/A5064927835,Felicia Alfieri,middle,2017.0,2.0,131.0,2.0,1.0,0.0,Junior
https://openalex.org/W2610414453,Design and Evaluation of a Data-Driven Password Meter,CHI,2017,https://openalex.org/A5030447377,Maung Aung,middle,1968.0,43.0,1236.0,16.0,24.0,49.0,Senior
https://openalex.org/W2610414453,Design and Evaluation of a Data-Driven Password Meter,CHI,2017,https://openalex.org/A5002939847,Lujo Bauer,middle,2002.0,193.0,9705.0,52.0,106.0,15.0,Senior
https://openalex.org/W2610414453,Design and Evaluation of a Data-Driven Password Meter,CHI,2017,https://openalex.org/A5078075278,Nicolas Christin,middle,2000.0,239.0,9218.0,51.0,114.0,17.0,Senior
https://openalex.org/W2610414453,Design and Evaluation of a Data-Driven Password Meter,CHI,2017,https://openalex.org/A5038493007,Jessica Colnago,middle,2011.0,13.0,490.0,7.0,7.0,6.0,Senior
https://openalex.org/W2610414453,Design and Evaluation of a Data-Driven Password Meter,CHI,2017,https://openalex.org/A5072760035,Lorrie Faith Cranor,middle,1994.0,462.0,30560.0,96.0,259.0,23.0,Senior
https://openalex.org/W2610414453,Design and Evaluation of a Data-Driven Password Meter,CHI,2017,https://openalex.org/A5091035257,Henry Dixon,middle,2003.0,3.0,342.0,2.0,2.0,14.0,Senior
https://openalex.org/W2610414453,Design and Evaluation of a Data-Driven Password Meter,CHI,2017,https://openalex.org/A5019112654,Pardis Emami Naeini,middle,2015.0,6.0,401.0,6.0,6.0,2.0,Junior
https://openalex.org/W2610414453,Design and Evaluation of a Data-Driven Password Meter,CHI,2017,https://openalex.org/A5086438983,Hana Habib,middle,2016.0,32.0,1219.0,18.0,19.0,1.0,Junior
https://openalex.org/W2610414453,Design and Evaluation of a Data-Driven Password Meter,CHI,2017,https://openalex.org/A5006975097,Noah M. Johnson,middle,1974.0,37.0,1342.0,17.0,19.0,43.0,Senior
https://openalex.org/W2610414453,Design and Evaluation of a Data-Driven Password Meter,CHI,2017,https://openalex.org/A5013765339,William Melicher,last,2013.0,23.0,1039.0,15.0,16.0,4.0,Junior
https://openalex.org/W2610850748,You Want Me to Work with Who?: Stakeholder Perceptions of Automated Team Formation in Project-based Courses,CHI,2017,https://openalex.org/A5076364930,Farnaz Jahanbakhsh,first,2017.0,29.0,407.0,9.0,9.0,0.0,Junior
https://openalex.org/W2610850748,You Want Me to Work with Who?: Stakeholder Perceptions of Automated Team Formation in Project-based Courses,CHI,2017,https://openalex.org/A5104045637,Wai‐Tat Fu,middle,2000.0,159.0,3075.0,30.0,63.0,17.0,Senior
https://openalex.org/W2610850748,You Want Me to Work with Who?: Stakeholder Perceptions of Automated Team Formation in Project-based Courses,CHI,2017,https://openalex.org/A5075056899,Karrie Karahalios,middle,1998.0,237.0,9369.0,44.0,103.0,19.0,Senior
https://openalex.org/W2610850748,You Want Me to Work with Who?: Stakeholder Perceptions of Automated Team Formation in Project-based Courses,CHI,2017,https://openalex.org/A5081289583,Darko Marinov,middle,1999.0,216.0,11093.0,55.0,132.0,18.0,Senior
https://openalex.org/W2610850748,You Want Me to Work with Who?: Stakeholder Perceptions of Automated Team Formation in Project-based Courses,CHI,2017,https://openalex.org/A5034329641,Brian P. Bailey,last,1965.0,272.0,7892.0,44.0,103.0,52.0,Senior
https://openalex.org/W2603410158,Organic Primitives: Synthesis and Design of pH-Reactive Materials using Molecular I/O for Sensing Actuation and Interaction,CHI,2017,https://openalex.org/A5020061120,Sven M. J. Rogge,first,2003.0,91.0,5059.0,30.0,46.0,14.0,Senior
https://openalex.org/W2603410158,Organic Primitives: Synthesis and Design of pH-Reactive Materials using Molecular I/O for Sensing Actuation and Interaction,CHI,2017,https://openalex.org/A5072417908,Anastasiya Bavykina,middle,2015.0,52.0,8089.0,28.0,35.0,2.0,Junior
https://openalex.org/W2603410158,Organic Primitives: Synthesis and Design of pH-Reactive Materials using Molecular I/O for Sensing Actuation and Interaction,CHI,2017,https://openalex.org/A5032923261,Julianna Hajek,middle,1954.0,30.0,2766.0,17.0,17.0,63.0,Senior
https://openalex.org/W2603410158,Organic Primitives: Synthesis and Design of pH-Reactive Materials using Molecular I/O for Sensing Actuation and Interaction,CHI,2017,https://openalex.org/A5014540719,Hermenegildo Garcı́a,middle,1974.0,1290.0,80535.0,132.0,793.0,43.0,Senior
https://openalex.org/W2603410158,Organic Primitives: Synthesis and Design of pH-Reactive Materials using Molecular I/O for Sensing Actuation and Interaction,CHI,2017,https://openalex.org/A5007316254,Alma I. Olivos Suarez,middle,2007.0,30.0,3996.0,18.0,19.0,10.0,Senior
https://openalex.org/W2603410158,Organic Primitives: Synthesis and Design of pH-Reactive Materials using Molecular I/O for Sensing Actuation and Interaction,CHI,2017,https://openalex.org/A5032916202,Antonio Sepúlveda‐Escribano,middle,1988.0,232.0,11374.0,56.0,164.0,29.0,Senior
https://openalex.org/W2603410158,Organic Primitives: Synthesis and Design of pH-Reactive Materials using Molecular I/O for Sensing Actuation and Interaction,CHI,2017,https://openalex.org/A5064791245,Alexandré Vimont,middle,1999.0,178.0,17624.0,61.0,94.0,18.0,Senior
https://openalex.org/W2603410158,Organic Primitives: Synthesis and Design of pH-Reactive Materials using Molecular I/O for Sensing Actuation and Interaction,CHI,2017,https://openalex.org/A5023686070,Guillaume Clet,middle,1996.0,115.0,6152.0,35.0,53.0,21.0,Senior
https://openalex.org/W2603410158,Organic Primitives: Synthesis and Design of pH-Reactive Materials using Molecular I/O for Sensing Actuation and Interaction,CHI,2017,https://openalex.org/A5048700993,Philippe Bazin,middle,1967.0,236.0,7684.0,38.0,94.0,50.0,Senior
https://openalex.org/W2603410158,Organic Primitives: Synthesis and Design of pH-Reactive Materials using Molecular I/O for Sensing Actuation and Interaction,CHI,2017,https://openalex.org/A5088345709,Freek Kapteijn,middle,1977.0,842.0,64891.0,122.0,569.0,40.0,Senior
https://openalex.org/W2603410158,Organic Primitives: Synthesis and Design of pH-Reactive Materials using Molecular I/O for Sensing Actuation and Interaction,CHI,2017,https://openalex.org/A5005985227,Marco Daturi,middle,1994.0,375.0,22933.0,72.0,203.0,23.0,Senior
https://openalex.org/W2603410158,Organic Primitives: Synthesis and Design of pH-Reactive Materials using Molecular I/O for Sensing Actuation and Interaction,CHI,2017,https://openalex.org/A5073671016,Enrique V. Ramos–Fernández,middle,2007.0,152.0,6919.0,38.0,82.0,10.0,Senior
https://openalex.org/W2603410158,Organic Primitives: Synthesis and Design of pH-Reactive Materials using Molecular I/O for Sensing Actuation and Interaction,CHI,2017,https://openalex.org/A5023798219,Francesc X. Llabrés i Xamena,middle,1999.0,93.0,15785.0,43.0,63.0,18.0,Senior
https://openalex.org/W2603410158,Organic Primitives: Synthesis and Design of pH-Reactive Materials using Molecular I/O for Sensing Actuation and Interaction,CHI,2017,https://openalex.org/A5071451863,Véronique Van Speybroeck,middle,2000.0,833.0,32231.0,93.0,387.0,17.0,Senior
https://openalex.org/W2603410158,Organic Primitives: Synthesis and Design of pH-Reactive Materials using Molecular I/O for Sensing Actuation and Interaction,CHI,2017,https://openalex.org/A5058113997,Jorge Gascón,last,2003.0,646.0,51328.0,114.0,378.0,14.0,Senior
https://openalex.org/W2767692092,Hike: A Hybrid Human-Machine Method for Entity Alignment in Large-Scale Knowledge Bases,CIKM,2017,https://openalex.org/A5100735881,Yan Zhuang,first,1997.0,190.0,3952.0,27.0,51.0,20.0,Senior
https://openalex.org/W2767692092,Hike: A Hybrid Human-Machine Method for Entity Alignment in Large-Scale Knowledge Bases,CIKM,2017,https://openalex.org/A5100451576,Guoliang Li,middle,1996.0,512.0,16280.0,69.0,270.0,21.0,Senior
https://openalex.org/W2767692092,Hike: A Hybrid Human-Machine Method for Entity Alignment in Large-Scale Knowledge Bases,CIKM,2017,https://openalex.org/A5049519805,Zhuojian Zhong,middle,2016.0,2.0,58.0,2.0,1.0,1.0,Junior
https://openalex.org/W2767692092,Hike: A Hybrid Human-Machine Method for Entity Alignment in Large-Scale Knowledge Bases,CIKM,2017,https://openalex.org/A5100951661,Jianhua Feng,last,2000.0,192.0,7176.0,43.0,93.0,17.0,Senior
https://openalex.org/W2963446712,Densely Connected Convolutional Networks,CVPR,2017,https://openalex.org/A5013240918,Gao Huang,first,2001.0,430.0,69819.0,62.0,188.0,16.0,Senior
https://openalex.org/W2963446712,Densely Connected Convolutional Networks,CVPR,2017,https://openalex.org/A5100452089,Zhuang Liu,middle,2006.0,71.0,60283.0,24.0,32.0,11.0,Senior
https://openalex.org/W2963446712,Densely Connected Convolutional Networks,CVPR,2017,https://openalex.org/A5109065097,Laurens van der Maaten,middle,2005.0,134.0,98115.0,46.0,80.0,12.0,Senior
https://openalex.org/W2963446712,Densely Connected Convolutional Networks,CVPR,2017,https://openalex.org/A5006380227,Kilian Q. Weinberger,last,1994.0,271.0,85947.0,76.0,155.0,23.0,Senior
https://openalex.org/W2567101557,Learning from Simulated and Unsupervised Images through Adversarial Training,CVPR,2017,https://openalex.org/A5101415694,Ashish Shrivastava,first,2017.0,5.0,242.0,4.0,2.0,0.0,Junior
https://openalex.org/W2567101557,Learning from Simulated and Unsupervised Images through Adversarial Training,CVPR,2017,https://openalex.org/A5101265241,Tomas Pfister,middle,2010.0,184.0,10099.0,38.0,79.0,7.0,Senior
https://openalex.org/W2567101557,Learning from Simulated and Unsupervised Images through Adversarial Training,CVPR,2017,https://openalex.org/A5028613002,Oncel Tuzel,middle,2003.0,147.0,14400.0,43.0,71.0,14.0,Senior
https://openalex.org/W2567101557,Learning from Simulated and Unsupervised Images through Adversarial Training,CVPR,2017,https://openalex.org/A5043808400,Josh Susskind,middle,2004.0,63.0,1583.0,14.0,15.0,13.0,Senior
https://openalex.org/W2567101557,Learning from Simulated and Unsupervised Images through Adversarial Training,CVPR,2017,https://openalex.org/A5027119635,Wen-Da Wang,middle,1988.0,270.0,3460.0,34.0,86.0,29.0,Senior
https://openalex.org/W2567101557,Learning from Simulated and Unsupervised Images through Adversarial Training,CVPR,2017,https://openalex.org/A5033975914,Russ Webb,last,1969.0,27.0,534.0,5.0,3.0,48.0,Senior
https://openalex.org/W2605041732,A dichotomy theorem for nonuniform CSPs,FOCS,2017,https://openalex.org/A5103266587,Andreǐ A. Bulatov,first,1993.0,68.0,1347.0,16.0,20.0,24.0,Senior
https://openalex.org/W2606192553,The Proof of CSP Dichotomy Conjecture,FOCS,2017,https://openalex.org/A5060991122,Dmitriy Zhuk,first,2010.0,60.0,183.0,7.0,4.0,7.0,Senior
https://openalex.org/W2741400146,"The Power of ""Why"" and ""Why Not"": Enriching Scenario Exploration with Provenance",FSE,2017,https://openalex.org/A5079753562,Tim Nelson,first,1978.0,43.0,446.0,12.0,13.0,39.0,Senior
https://openalex.org/W2741400146,"The Power of ""Why"" and ""Why Not"": Enriching Scenario Exploration with Provenance",FSE,2017,https://openalex.org/A5033363730,Natasha Danas,middle,2017.0,7.0,61.0,2.0,2.0,0.0,Junior
https://openalex.org/W2741400146,"The Power of ""Why"" and ""Why Not"": Enriching Scenario Exploration with Provenance",FSE,2017,https://openalex.org/A5113712973,Daniel J. Dougherty,middle,1986.0,70.0,997.0,16.0,27.0,31.0,Senior
https://openalex.org/W2741400146,"The Power of ""Why"" and ""Why Not"": Enriching Scenario Exploration with Provenance",FSE,2017,https://openalex.org/A5024394821,Shriram Krishnamurthi,last,1994.0,349.0,8347.0,51.0,139.0,23.0,Senior
https://openalex.org/W2741643261,Understanding Misunderstandings in Source Code,FSE,2017,https://openalex.org/A5076388753,Dan Gopstein,first,2015.0,13.0,177.0,6.0,6.0,2.0,Junior
https://openalex.org/W2741643261,Understanding Misunderstandings in Source Code,FSE,2017,https://openalex.org/A5015586819,Jake Iannacone,middle,2017.0,1.0,56.0,1.0,1.0,0.0,Junior
https://openalex.org/W2741643261,Understanding Misunderstandings in Source Code,FSE,2017,https://openalex.org/A5103256885,Yan Yu,middle,1996.0,74.0,503.0,12.0,16.0,21.0,Senior
https://openalex.org/W2741643261,Understanding Misunderstandings in Source Code,FSE,2017,https://openalex.org/A5025616028,Lois Anne DeLong,middle,2017.0,8.0,147.0,4.0,4.0,0.0,Junior
https://openalex.org/W2741643261,Understanding Misunderstandings in Source Code,FSE,2017,https://openalex.org/A5072959708,Yanyan Zhuang,middle,2005.0,87.0,1146.0,18.0,36.0,12.0,Senior
https://openalex.org/W2741643261,Understanding Misunderstandings in Source Code,FSE,2017,https://openalex.org/A5047072562,Martin K.‐C. Yeh,middle,2016.0,19.0,205.0,8.0,7.0,1.0,Junior
https://openalex.org/W2741643261,Understanding Misunderstandings in Source Code,FSE,2017,https://openalex.org/A5030900037,Justin Cappos,last,2005.0,106.0,1585.0,22.0,41.0,12.0,Senior
https://openalex.org/W2740295334,"Trade-Offs in Continuous Integration: Assurance, Security, and Flexibility",FSE,2017,https://openalex.org/A5088362471,Michael Hilton,first,1983.0,116.0,2596.0,20.0,39.0,34.0,Senior
https://openalex.org/W2740295334,"Trade-Offs in Continuous Integration: Assurance, Security, and Flexibility",FSE,2017,https://openalex.org/A5091246530,Nicholas Nelson,middle,1959.0,122.0,1452.0,19.0,29.0,58.0,Senior
https://openalex.org/W2740295334,"Trade-Offs in Continuous Integration: Assurance, Security, and Flexibility",FSE,2017,https://openalex.org/A5021297302,Timothy Tunnell,middle,2016.0,3.0,500.0,3.0,2.0,1.0,Junior
https://openalex.org/W2740295334,"Trade-Offs in Continuous Integration: Assurance, Security, and Flexibility",FSE,2017,https://openalex.org/A5081289583,Darko Marinov,middle,1999.0,216.0,11093.0,55.0,132.0,18.0,Senior
https://openalex.org/W2740295334,"Trade-Offs in Continuous Integration: Assurance, Security, and Flexibility",FSE,2017,https://openalex.org/A5019404521,Danny Dig,last,2005.0,139.0,6015.0,42.0,72.0,12.0,Senior
https://openalex.org/W2739010619,Cooperative Kernels: GPU Multitasking for Blocking Algorithms,FSE,2017,https://openalex.org/A5052590511,Tyler Sorensen,first,1994.0,63.0,585.0,11.0,15.0,23.0,Senior
https://openalex.org/W2739010619,Cooperative Kernels: GPU Multitasking for Blocking Algorithms,FSE,2017,https://openalex.org/A5087459870,Hugues Evrard,middle,1959.0,38.0,297.0,10.0,10.0,58.0,Senior
https://openalex.org/W2739010619,Cooperative Kernels: GPU Multitasking for Blocking Algorithms,FSE,2017,https://openalex.org/A5080781439,Alastair F. Donaldson,last,2004.0,219.0,3189.0,34.0,76.0,13.0,Senior
https://openalex.org/W2730550703,Fairness Testing: Testing Software for Discrimination,FSE,2017,https://openalex.org/A5038532934,Sainyam Galhotra,first,2014.0,80.0,1111.0,14.0,21.0,3.0,Junior
https://openalex.org/W2730550703,Fairness Testing: Testing Software for Discrimination,FSE,2017,https://openalex.org/A5028789964,Yuriy Brun,middle,1974.0,176.0,7086.0,41.0,89.0,43.0,Senior
https://openalex.org/W2730550703,Fairness Testing: Testing Software for Discrimination,FSE,2017,https://openalex.org/A5019048013,Alexandra Meliou,last,2003.0,106.0,2268.0,24.0,37.0,14.0,Senior
https://openalex.org/W2741221537,Discovering Relational Specifications,FSE,2017,https://openalex.org/A5075808482,Calvin Smith,first,1966.0,11.0,419.0,8.0,8.0,51.0,Senior
https://openalex.org/W2741221537,Discovering Relational Specifications,FSE,2017,https://openalex.org/A5055321934,Gabriel Ferns,middle,2017.0,2.0,38.0,2.0,2.0,0.0,Junior
https://openalex.org/W2741221537,Discovering Relational Specifications,FSE,2017,https://openalex.org/A5050593520,Aws Albarghouthi,last,2010.0,114.0,1844.0,23.0,43.0,7.0,Senior
https://openalex.org/W2741422284,Automatically Diagnosing and Repairing Error Handling Bugs in C,FSE,2017,https://openalex.org/A5101415638,Yuchi Tian,first,2013.0,48.0,1888.0,11.0,11.0,4.0,Junior
https://openalex.org/W2741422284,Automatically Diagnosing and Repairing Error Handling Bugs in C,FSE,2017,https://openalex.org/A5064541855,Baishakhi Ray,last,2011.0,205.0,7011.0,37.0,71.0,6.0,Senior
https://openalex.org/W2963150697,Mask R-CNN,ICCV,2017,https://openalex.org/A5100700361,Kaiming He,first,2002.0,163.0,556995.0,85.0,121.0,15.0,Senior
https://openalex.org/W2963150697,Mask R-CNN,ICCV,2017,https://openalex.org/A5014407395,Georgia Gkioxari,middle,2013.0,91.0,39983.0,34.0,47.0,4.0,Junior
https://openalex.org/W2963150697,Mask R-CNN,ICCV,2017,https://openalex.org/A5057866698,Piotr Dollár,middle,2006.0,107.0,201340.0,65.0,87.0,11.0,Senior
https://openalex.org/W2963150697,Mask R-CNN,ICCV,2017,https://openalex.org/A5049246408,Ross Girshick,last,2004.0,174.0,352358.0,84.0,137.0,13.0,Senior
https://openalex.org/W2597603852,Understanding Black-box Predictions via Influence Functions,ICML,2017,https://openalex.org/A5079904764,Pang Wei Koh,first,2006.0,119.0,9612.0,31.0,49.0,11.0,Senior
https://openalex.org/W2597603852,Understanding Black-box Predictions via Influence Functions,ICML,2017,https://openalex.org/A5025255782,Percy Liang,last,2004.0,428.0,44347.0,86.0,247.0,13.0,Senior
https://openalex.org/W2620436109,Clone Refactoring with Lambda Expressions,ICSE,2017,https://openalex.org/A5088438387,Nikolaos Tsantalis,first,2004.0,83.0,4000.0,30.0,46.0,13.0,Senior
https://openalex.org/W2620436109,Clone Refactoring with Lambda Expressions,ICSE,2017,https://openalex.org/A5085762342,Davood Mazinanian,middle,2014.0,24.0,835.0,12.0,14.0,3.0,Junior
https://openalex.org/W2620436109,Clone Refactoring with Lambda Expressions,ICSE,2017,https://openalex.org/A5068536257,Shahriar Rostami,last,2009.0,5.0,78.0,3.0,2.0,8.0,Senior
https://openalex.org/W2620457578,A Grounded Theory of Agile Transitions in Practice,ICSE,2017,https://openalex.org/A5036986396,Rashina Hoda,first,2005.0,236.0,4901.0,36.0,84.0,12.0,Senior
https://openalex.org/W2620457578,A Grounded Theory of Agile Transitions in Practice,ICSE,2017,https://openalex.org/A5078368556,James Noble,last,1888.0,461.0,10386.0,47.0,196.0,129.0,Senior
https://openalex.org/W2616911398,Code Defenders: Crowdsourcing Effective Tests and Subtle Mutants with a Mutation Testing Game,ICSE,2017,https://openalex.org/A5065315160,José Miguel Rojas,first,2003.0,53.0,1266.0,16.0,23.0,14.0,Senior
https://openalex.org/W2616911398,Code Defenders: Crowdsourcing Effective Tests and Subtle Mutants with a Mutation Testing Game,ICSE,2017,https://openalex.org/A5052221889,Thomas White,middle,1962.0,17.0,181.0,5.0,4.0,55.0,Senior
https://openalex.org/W2616911398,Code Defenders: Crowdsourcing Effective Tests and Subtle Mutants with a Mutation Testing Game,ICSE,2017,https://openalex.org/A5028238692,Benjamin Clegg,middle,2017.0,8.0,130.0,4.0,2.0,0.0,Junior
https://openalex.org/W2616911398,Code Defenders: Crowdsourcing Effective Tests and Subtle Mutants with a Mutation Testing Game,ICSE,2017,https://openalex.org/A5079261847,Gordon Fraser,last,1981.0,407.0,11661.0,56.0,153.0,36.0,Senior
https://openalex.org/W2616911396,Decoding the representation of code in the brain: An fMRI study of code review and expertise,ICSE,2017,https://openalex.org/A5024997852,Benjamin Floyd,first,2017.0,50.0,847.0,14.0,16.0,0.0,Junior
https://openalex.org/W2616911396,Decoding the representation of code in the brain: An fMRI study of code review and expertise,ICSE,2017,https://openalex.org/A5013623251,Tyler Santander,middle,2015.0,57.0,1200.0,17.0,21.0,2.0,Junior
https://openalex.org/W2616911396,Decoding the representation of code in the brain: An fMRI study of code review and expertise,ICSE,2017,https://openalex.org/A5083601969,Westley Weimer,last,1996.0,215.0,14970.0,53.0,114.0,21.0,Senior
https://openalex.org/W2617348763,Challenges for Static Analysis of Java Reflection - Literature Review and Empirical Study,ICSE,2017,https://openalex.org/A5010875819,Davy Landman,first,2002.0,37.0,205.0,5.0,4.0,15.0,Senior
https://openalex.org/W2617348763,Challenges for Static Analysis of Java Reflection - Literature Review and Empirical Study,ICSE,2017,https://openalex.org/A5054753279,Alexander Serebrenik,middle,1997.0,456.0,9689.0,53.0,168.0,20.0,Senior
https://openalex.org/W2617348763,Challenges for Static Analysis of Java Reflection - Literature Review and Empirical Study,ICSE,2017,https://openalex.org/A5074526787,Jurgen Vinju,last,2001.0,173.0,2355.0,24.0,51.0,16.0,Senior
https://openalex.org/W2590575400,Optimizing Test Placement for Module-Level Regression Testing,ICSE,2017,https://openalex.org/A5081483504,August Shi,first,2014.0,72.0,1660.0,25.0,34.0,3.0,Junior
https://openalex.org/W2590575400,Optimizing Test Placement for Module-Level Regression Testing,ICSE,2017,https://openalex.org/A5024313608,Suresh Thummalapenta,middle,2007.0,42.0,2340.0,22.0,32.0,10.0,Senior
https://openalex.org/W2590575400,Optimizing Test Placement for Module-Level Regression Testing,ICSE,2017,https://openalex.org/A5041084431,Shuvendu K. Lahiri,middle,1999.0,179.0,5186.0,37.0,79.0,18.0,Senior
https://openalex.org/W2590575400,Optimizing Test Placement for Module-Level Regression Testing,ICSE,2017,https://openalex.org/A5091080723,Nikolaj Bjørner,middle,1994.0,195.0,12325.0,39.0,93.0,23.0,Senior
https://openalex.org/W2590575400,Optimizing Test Placement for Module-Level Regression Testing,ICSE,2017,https://openalex.org/A5008085180,Jacek Czerwonka,last,2006.0,39.0,987.0,15.0,18.0,11.0,Senior
https://openalex.org/W2620074062,Foundations of Declarative Data Analysis Using Limit Datalog Programs,IJCAI,2017,https://openalex.org/A5080366682,Mark Kaminski,first,1981.0,353.0,14507.0,58.0,148.0,36.0,Senior
https://openalex.org/W2620074062,Foundations of Declarative Data Analysis Using Limit Datalog Programs,IJCAI,2017,https://openalex.org/A5023732514,Bernardo Cuenca Grau,middle,2002.0,243.0,9634.0,39.0,113.0,15.0,Senior
https://openalex.org/W2620074062,Foundations of Declarative Data Analysis Using Limit Datalog Programs,IJCAI,2017,https://openalex.org/A5071446856,Egor V. Kostylev,middle,2005.0,97.0,1182.0,20.0,44.0,12.0,Senior
https://openalex.org/W2620074062,Foundations of Declarative Data Analysis Using Limit Datalog Programs,IJCAI,2017,https://openalex.org/A5077636035,Boris Motik,middle,1999.0,183.0,10272.0,50.0,100.0,18.0,Senior
https://openalex.org/W2620074062,Foundations of Declarative Data Analysis Using Limit Datalog Programs,IJCAI,2017,https://openalex.org/A5060350556,Ian Horrocks,last,1995.0,554.0,34386.0,82.0,309.0,22.0,Senior
https://openalex.org/W2761021290,One Step at a Time: Optimizing SDN Upgrades in ISP Networks,INFOCOM,2017,https://openalex.org/A5046120615,Konstantinos Poularakis,first,2012.0,69.0,2632.0,26.0,35.0,5.0,Junior
https://openalex.org/W2761021290,One Step at a Time: Optimizing SDN Upgrades in ISP Networks,INFOCOM,2017,https://openalex.org/A5044138533,George Iosifidis,middle,2008.0,232.0,3882.0,32.0,74.0,9.0,Senior
https://openalex.org/W2761021290,One Step at a Time: Optimizing SDN Upgrades in ISP Networks,INFOCOM,2017,https://openalex.org/A5005247877,Georgios Smaragdakis,middle,2004.0,158.0,4799.0,34.0,69.0,13.0,Senior
https://openalex.org/W2761021290,One Step at a Time: Optimizing SDN Upgrades in ISP Networks,INFOCOM,2017,https://openalex.org/A5014892027,Leandros Tassiulas,last,1989.0,797.0,28419.0,74.0,300.0,28.0,Senior
https://openalex.org/W2645731340,Accelerating Innovation Through Analogy Mining,KDD,2017,https://openalex.org/A5025028660,Tom Hope,first,1969.0,134.0,1000.0,19.0,32.0,48.0,Senior
https://openalex.org/W2645731340,Accelerating Innovation Through Analogy Mining,KDD,2017,https://openalex.org/A5003751225,Joel Chan,middle,1973.0,113.0,2507.0,27.0,46.0,44.0,Senior
https://openalex.org/W2645731340,Accelerating Innovation Through Analogy Mining,KDD,2017,https://openalex.org/A5050656871,Aniket Kittur,middle,1990.0,143.0,9671.0,44.0,91.0,27.0,Senior
https://openalex.org/W2645731340,Accelerating Innovation Through Analogy Mining,KDD,2017,https://openalex.org/A5009660759,Dafna Shahaf,last,2006.0,110.0,1857.0,20.0,33.0,11.0,Senior
https://openalex.org/W2763753824,WEBee: Physical-Layer Cross-Technology Communication via Emulation,MOBICOM,2017,https://openalex.org/A5100450015,Zhijun Li,first,2002.0,98.0,1581.0,19.0,27.0,15.0,Senior
https://openalex.org/W2763753824,WEBee: Physical-Layer Cross-Technology Communication via Emulation,MOBICOM,2017,https://openalex.org/A5038811034,Tian He,last,2002.0,437.0,21470.0,71.0,264.0,15.0,Senior
https://openalex.org/W2612780607,Safe and Nested Subgame Solving for Imperfect-Information Games,NeurIPS,2017,https://openalex.org/A5006744201,Noam Brown,first,2014.0,50.0,2209.0,19.0,27.0,3.0,Junior
https://openalex.org/W2612780607,Safe and Nested Subgame Solving for Imperfect-Information Games,NeurIPS,2017,https://openalex.org/A5023571961,Tüomas Sandholm,last,1992.0,563.0,20693.0,73.0,280.0,25.0,Senior
https://openalex.org/W2944407464,Variance-based Regularization with Convex Objectives,NeurIPS,2017,https://openalex.org/A5008595840,Hongseok Namkoong,first,2016.0,80.0,2587.0,19.0,20.0,1.0,Junior
https://openalex.org/W2944407464,Variance-based Regularization with Convex Objectives,NeurIPS,2017,https://openalex.org/A5061331093,John C. Duchi,last,2001.0,198.0,19815.0,53.0,103.0,16.0,Senior
https://openalex.org/W2962812035,A Linear-Time Kernel Goodness-of-Fit Test,NeurIPS,2017,https://openalex.org/A5072755496,Wittawat Jitkrittum,first,2008.0,77.0,678.0,14.0,17.0,9.0,Senior
https://openalex.org/W2962812035,A Linear-Time Kernel Goodness-of-Fit Test,NeurIPS,2017,https://openalex.org/A5101711249,Wenkai Xu,middle,2011.0,19.0,166.0,6.0,4.0,6.0,Senior
https://openalex.org/W2962812035,A Linear-Time Kernel Goodness-of-Fit Test,NeurIPS,2017,https://openalex.org/A5044512769,Zoltán Szabó,middle,1933.0,313.0,3693.0,23.0,53.0,84.0,Senior
https://openalex.org/W2962812035,A Linear-Time Kernel Goodness-of-Fit Test,NeurIPS,2017,https://openalex.org/A5012922872,Kenji Fukumizu,middle,1994.0,286.0,9778.0,44.0,95.0,23.0,Senior
https://openalex.org/W2962812035,A Linear-Time Kernel Goodness-of-Fit Test,NeurIPS,2017,https://openalex.org/A5004160420,Arthur Gretton,last,1968.0,334.0,22110.0,57.0,131.0,49.0,Senior
https://openalex.org/W2731280337,Low Overhead Dynamic Binary Translation on ARM,PLDI,2017,https://openalex.org/A5008326572,Amanieu d'Antras,first,2015.0,8.0,94.0,4.0,3.0,2.0,Junior
https://openalex.org/W2731280337,Low Overhead Dynamic Binary Translation on ARM,PLDI,2017,https://openalex.org/A5070223708,Cosmin Gorgovan,middle,2015.0,15.0,159.0,5.0,4.0,2.0,Junior
https://openalex.org/W2731280337,Low Overhead Dynamic Binary Translation on ARM,PLDI,2017,https://openalex.org/A5053098822,Jim Garside,middle,1993.0,110.0,3049.0,27.0,49.0,24.0,Senior
https://openalex.org/W2731280337,Low Overhead Dynamic Binary Translation on ARM,PLDI,2017,https://openalex.org/A5026069638,Mikel Luján,last,2000.0,240.0,3981.0,28.0,80.0,17.0,Senior
https://openalex.org/W2626631502,Repairing sequential consistency in C/C++11,PLDI,2017,https://openalex.org/A5102734862,Ori Lahav,first,2009.0,112.0,1665.0,23.0,41.0,8.0,Senior
https://openalex.org/W2626631502,Repairing sequential consistency in C/C++11,PLDI,2017,https://openalex.org/A5023359178,Viktor Vafeiadis,middle,2005.0,149.0,5074.0,41.0,85.0,12.0,Senior
https://openalex.org/W2626631502,Repairing sequential consistency in C/C++11,PLDI,2017,https://openalex.org/A5078763719,Jeehoon Kang,middle,2012.0,58.0,865.0,15.0,17.0,5.0,Junior
https://openalex.org/W2626631502,Repairing sequential consistency in C/C++11,PLDI,2017,https://openalex.org/A5035382393,Chung-Kil Hur,middle,1996.0,81.0,2085.0,26.0,44.0,21.0,Senior
https://openalex.org/W2626631502,Repairing sequential consistency in C/C++11,PLDI,2017,https://openalex.org/A5050585539,Derek Dreyer,last,1931.0,147.0,5207.0,40.0,89.0,86.0,Senior
https://openalex.org/W2562114628,Compiling without continuations,PLDI,2017,https://openalex.org/A5019918530,Luke Maurer,first,2012.0,10.0,143.0,4.0,3.0,5.0,Junior
https://openalex.org/W2562114628,Compiling without continuations,PLDI,2017,https://openalex.org/A5020454182,Paul Downen,middle,2012.0,43.0,205.0,8.0,6.0,5.0,Junior
https://openalex.org/W2562114628,Compiling without continuations,PLDI,2017,https://openalex.org/A5064696313,Zena M. Ariola,middle,1989.0,79.0,1388.0,20.0,31.0,28.0,Senior
https://openalex.org/W2562114628,Compiling without continuations,PLDI,2017,https://openalex.org/A5027817074,Simon Peyton Jones,last,1971.0,513.0,11767.0,54.0,171.0,46.0,Senior
https://openalex.org/W2625141509,Bringing the web up to speed with WebAssembly,PLDI,2017,https://openalex.org/A5010565905,Andreas Haas,first,2017.0,3.0,690.0,3.0,3.0,0.0,Junior
https://openalex.org/W2625141509,Bringing the web up to speed with WebAssembly,PLDI,2017,https://openalex.org/A5054382677,Andreas Rossberg,middle,2002.0,46.0,1440.0,18.0,23.0,15.0,Senior
https://openalex.org/W2625141509,Bringing the web up to speed with WebAssembly,PLDI,2017,https://openalex.org/A5025665098,Derek L. Schuff,middle,2007.0,16.0,1142.0,11.0,12.0,10.0,Senior
https://openalex.org/W2625141509,Bringing the web up to speed with WebAssembly,PLDI,2017,https://openalex.org/A5034437441,Ben L. Titzer,middle,2003.0,57.0,1502.0,13.0,17.0,14.0,Senior
https://openalex.org/W2625141509,Bringing the web up to speed with WebAssembly,PLDI,2017,https://openalex.org/A5018138674,Michael Holman,middle,2017.0,3.0,690.0,3.0,3.0,0.0,Junior
https://openalex.org/W2625141509,Bringing the web up to speed with WebAssembly,PLDI,2017,https://openalex.org/A5018116641,Dan Gohman,middle,2015.0,9.0,728.0,5.0,5.0,2.0,Junior
https://openalex.org/W2625141509,Bringing the web up to speed with WebAssembly,PLDI,2017,https://openalex.org/A5085829276,Luke Wagner,middle,2017.0,4.0,695.0,4.0,3.0,0.0,Junior
https://openalex.org/W2625141509,Bringing the web up to speed with WebAssembly,PLDI,2017,https://openalex.org/A5081323098,Alon Zakai,middle,2003.0,12.0,1192.0,9.0,9.0,14.0,Senior
https://openalex.org/W2625141509,Bringing the web up to speed with WebAssembly,PLDI,2017,https://openalex.org/A5071523992,JF Bastien,last,2017.0,7.0,723.0,5.0,4.0,0.0,Junior
https://openalex.org/W2606293658,Dichotomies in Ontology-Mediated Querying with the Guarded Fragment,PODS,2017,https://openalex.org/A5063696466,André Hernich,first,2005.0,33.0,343.0,12.0,13.0,12.0,Senior
https://openalex.org/W2606293658,Dichotomies in Ontology-Mediated Querying with the Guarded Fragment,PODS,2017,https://openalex.org/A5034616829,Carsten Lutz,middle,1997.0,304.0,8569.0,49.0,136.0,20.0,Senior
https://openalex.org/W2606293658,Dichotomies in Ontology-Mediated Querying with the Guarded Fragment,PODS,2017,https://openalex.org/A5036361163,Fabio Papacchini,middle,2011.0,40.0,188.0,7.0,4.0,6.0,Senior
https://openalex.org/W2606293658,Dichotomies in Ontology-Mediated Querying with the Guarded Fragment,PODS,2017,https://openalex.org/A5010967150,Frank Wolter,last,1968.0,386.0,10924.0,55.0,167.0,49.0,Senior
https://openalex.org/W2618267215,Verified Models and Reference Implementations for the TLS 1.3 Standard Candidate,S&P,2017,https://openalex.org/A5026297326,Karthikeyan Bhargavan,first,1998.0,153.0,6525.0,43.0,84.0,19.0,Senior
https://openalex.org/W2618267215,Verified Models and Reference Implementations for the TLS 1.3 Standard Candidate,S&P,2017,https://openalex.org/A5004976322,Bruno Blanchet,middle,1998.0,93.0,6623.0,38.0,63.0,19.0,Senior
https://openalex.org/W2618267215,Verified Models and Reference Implementations for the TLS 1.3 Standard Candidate,S&P,2017,https://openalex.org/A5018284688,Nadim Kobeissi,last,2013.0,25.0,1082.0,8.0,7.0,4.0,Junior
https://openalex.org/W2744387122,Re-architecting datacenter networks and stacks for low latency and high performance,SIGCOMM,2017,https://openalex.org/A5089788947,Mark Handley,first,1990.0,203.0,34602.0,70.0,137.0,27.0,Senior
https://openalex.org/W2744387122,Re-architecting datacenter networks and stacks for low latency and high performance,SIGCOMM,2017,https://openalex.org/A5008493066,Costin Raiciu,middle,2004.0,110.0,6311.0,29.0,51.0,13.0,Senior
https://openalex.org/W2744387122,Re-architecting datacenter networks and stacks for low latency and high performance,SIGCOMM,2017,https://openalex.org/A5000170074,Alexandru Agache,middle,2011.0,15.0,686.0,6.0,4.0,6.0,Senior
https://openalex.org/W2744387122,Re-architecting datacenter networks and stacks for low latency and high performance,SIGCOMM,2017,https://openalex.org/A5059724501,Andrei Voinescu,middle,2010.0,14.0,584.0,8.0,8.0,7.0,Senior
https://openalex.org/W2744387122,Re-architecting datacenter networks and stacks for low latency and high performance,SIGCOMM,2017,https://openalex.org/A5077257816,Andrew W. Moore,middle,1939.0,280.0,9199.0,39.0,116.0,78.0,Senior
https://openalex.org/W2744387122,Re-architecting datacenter networks and stacks for low latency and high performance,SIGCOMM,2017,https://openalex.org/A5024205614,Gianni Antichi,middle,2008.0,159.0,2444.0,23.0,53.0,9.0,Senior
https://openalex.org/W2744387122,Re-architecting datacenter networks and stacks for low latency and high performance,SIGCOMM,2017,https://openalex.org/A5063652061,Marcin Wójcik,last,1993.0,36.0,743.0,10.0,11.0,24.0,Senior
https://openalex.org/W2743093301,Language-directed hardware design for network performance monitoring,SIGCOMM,2017,https://openalex.org/A5035861133,Srinivas Narayana,first,1989.0,55.0,1428.0,16.0,21.0,28.0,Senior
https://openalex.org/W2743093301,Language-directed hardware design for network performance monitoring,SIGCOMM,2017,https://openalex.org/A5008674902,Anirudh Sivaraman,middle,2012.0,76.0,3140.0,22.0,34.0,5.0,Junior
https://openalex.org/W2743093301,Language-directed hardware design for network performance monitoring,SIGCOMM,2017,https://openalex.org/A5086057750,Vikram Nathan,middle,2016.0,4.0,331.0,4.0,3.0,1.0,Junior
https://openalex.org/W2743093301,Language-directed hardware design for network performance monitoring,SIGCOMM,2017,https://openalex.org/A5067035316,Prateesh Goyal,middle,2014.0,33.0,683.0,11.0,12.0,3.0,Junior
https://openalex.org/W2743093301,Language-directed hardware design for network performance monitoring,SIGCOMM,2017,https://openalex.org/A5103773112,Venkat Arun,middle,2015.0,14.0,701.0,5.0,5.0,2.0,Junior
https://openalex.org/W2743093301,Language-directed hardware design for network performance monitoring,SIGCOMM,2017,https://openalex.org/A5101669321,Mohammad Alizadeh,middle,2008.0,119.0,9717.0,41.0,75.0,9.0,Senior
https://openalex.org/W2743093301,Language-directed hardware design for network performance monitoring,SIGCOMM,2017,https://openalex.org/A5035081958,Vimalkumar Jeyakumar,middle,2012.0,19.0,1957.0,13.0,14.0,5.0,Junior
https://openalex.org/W2743093301,Language-directed hardware design for network performance monitoring,SIGCOMM,2017,https://openalex.org/A5101626422,Changhoon Kim,last,1999.0,88.0,9095.0,40.0,59.0,18.0,Senior
https://openalex.org/W2970128991,BitFunnel: Revisiting Signatures for Search,SIGIR,2017,https://openalex.org/A5044787871,Phelim Bradley,first,2015.0,2.0,0.0,0.0,0.0,2.0,Junior
https://openalex.org/W2576238278,Accelerating Performance Inference over Closed Systems by Asymptotic Methods,SIGMETRICS,2017,https://openalex.org/A5045967404,Giuliano Casale,first,2004.0,322.0,5636.0,36.0,104.0,13.0,Senior
https://openalex.org/W2613088476,Parallelizing Sequential Graph Computations,SIGMOD,2017,https://openalex.org/A5070565287,Wenfei Fan,first,1997.0,293.0,12301.0,58.0,174.0,20.0,Senior
https://openalex.org/W2613088476,Parallelizing Sequential Graph Computations,SIGMOD,2017,https://openalex.org/A5001504785,Jingbo Xu,middle,2005.0,41.0,626.0,11.0,11.0,12.0,Senior
https://openalex.org/W2613088476,Parallelizing Sequential Graph Computations,SIGMOD,2017,https://openalex.org/A5071093153,Yinghui Wu,middle,1969.0,213.0,4253.0,37.0,83.0,48.0,Senior
https://openalex.org/W2613088476,Parallelizing Sequential Graph Computations,SIGMOD,2017,https://openalex.org/A5032456107,Wenyuan Yu,middle,1993.0,255.0,4453.0,35.0,88.0,24.0,Senior
https://openalex.org/W2613088476,Parallelizing Sequential Graph Computations,SIGMOD,2017,https://openalex.org/A5005904018,Jiaxin Jiang,middle,2005.0,144.0,1327.0,20.0,42.0,12.0,Senior
https://openalex.org/W2613088476,Parallelizing Sequential Graph Computations,SIGMOD,2017,https://openalex.org/A5002874750,Zeyu Zheng,middle,1983.0,242.0,1753.0,21.0,39.0,34.0,Senior
https://openalex.org/W2613088476,Parallelizing Sequential Graph Computations,SIGMOD,2017,https://openalex.org/A5052057696,Bohan Zhang,middle,2017.0,9.0,120.0,4.0,3.0,0.0,Junior
https://openalex.org/W2613088476,Parallelizing Sequential Graph Computations,SIGMOD,2017,https://openalex.org/A5101426208,Yang Cao,middle,2005.0,70.0,1067.0,17.0,24.0,12.0,Senior
https://openalex.org/W2613088476,Parallelizing Sequential Graph Computations,SIGMOD,2017,https://openalex.org/A5100675047,Chao Tian,last,1991.0,61.0,799.0,17.0,20.0,26.0,Senior
https://openalex.org/W2570172216,Subquadratic Algorithms for the Diameter and the Sum of Pairwise Distances in Planar Graphs,SODA,2017,https://openalex.org/A5034923438,Sergio Cabello,first,1999.0,175.0,1811.0,26.0,57.0,18.0,Senior
https://openalex.org/W2760356198,"The Efficient Server Audit Problem, Deduplicated Re-execution, and the Web",SOSP,2017,https://openalex.org/A5102759092,Cheng Tan,first,2012.0,42.0,294.0,11.0,14.0,5.0,Junior
https://openalex.org/W2760356198,"The Efficient Server Audit Problem, Deduplicated Re-execution, and the Web",SOSP,2017,https://openalex.org/A5100957970,Lingfan Yu,middle,2011.0,7.0,157.0,3.0,3.0,6.0,Senior
https://openalex.org/W2760356198,"The Efficient Server Audit Problem, Deduplicated Re-execution, and the Web",SOSP,2017,https://openalex.org/A5033815874,Joshua B. Leners,middle,2010.0,12.0,274.0,8.0,8.0,7.0,Senior
https://openalex.org/W2760356198,"The Efficient Server Audit Problem, Deduplicated Re-execution, and the Web",SOSP,2017,https://openalex.org/A5059954552,Michael Walfish,last,2003.0,73.0,3341.0,29.0,42.0,14.0,Senior
https://openalex.org/W2909865272,DeepXplore: Automated Whitebox Testing of Deep Learning Systems,SOSP,2017,https://openalex.org/A5007048525,Kexin Pei,first,2014.0,35.0,4240.0,19.0,21.0,3.0,Junior
https://openalex.org/W2909865272,DeepXplore: Automated Whitebox Testing of Deep Learning Systems,SOSP,2017,https://openalex.org/A5070605476,Yinzhi Cao,middle,2010.0,109.0,3714.0,25.0,44.0,7.0,Senior
https://openalex.org/W2909865272,DeepXplore: Automated Whitebox Testing of Deep Learning Systems,SOSP,2017,https://openalex.org/A5101783316,Junfeng Yang,middle,2000.0,122.0,5658.0,34.0,62.0,17.0,Senior
https://openalex.org/W2909865272,DeepXplore: Automated Whitebox Testing of Deep Learning Systems,SOSP,2017,https://openalex.org/A5016425387,Suman Jana,last,1986.0,126.0,8530.0,39.0,68.0,31.0,Senior
https://openalex.org/W2604773616,"Explicit, Almost Optimal, Epsilon-Balanced Codes",STOC,2017,https://openalex.org/A5051671028,Amnon Ta‐Shma,first,1994.0,123.0,3641.0,34.0,61.0,23.0,Senior
https://openalex.org/W2586521831,Deciding Parity Games in Quasipolynomial Time,STOC,2017,https://openalex.org/A5079186295,Cristian S. Calude,first,1976.0,382.0,8835.0,34.0,102.0,41.0,Senior
https://openalex.org/W2586521831,Deciding Parity Games in Quasipolynomial Time,STOC,2017,https://openalex.org/A5101627589,Sanjay Jain,middle,1989.0,365.0,2280.0,21.0,67.0,28.0,Senior
https://openalex.org/W2586521831,Deciding Parity Games in Quasipolynomial Time,STOC,2017,https://openalex.org/A5109808768,Bakhadyr Khoussainov,middle,1994.0,141.0,2016.0,23.0,44.0,23.0,Senior
https://openalex.org/W2586521831,Deciding Parity Games in Quasipolynomial Time,STOC,2017,https://openalex.org/A5100318444,Wei Li,middle,1983.0,1123.0,21235.0,66.0,476.0,34.0,Senior
https://openalex.org/W2586521831,Deciding Parity Games in Quasipolynomial Time,STOC,2017,https://openalex.org/A5085103227,Frank Stephan,last,1925.0,513.0,3487.0,28.0,89.0,92.0,Senior
https://openalex.org/W2625145881,A Weighted Linear Matroid Parity Algorithm,STOC,2017,https://openalex.org/A5040460257,Satoru Iwata,first,1993.0,187.0,3098.0,28.0,66.0,24.0,Senior
https://openalex.org/W2625145881,A Weighted Linear Matroid Parity Algorithm,STOC,2017,https://openalex.org/A5074548000,Yusuke Kobayashi,last,2000.0,237.0,1244.0,17.0,35.0,17.0,Senior
https://openalex.org/W2765855860,Triggering Artwork Swaps for Live Animation,UIST,2017,https://openalex.org/A5001875469,Nora S. Willett,first,2016.0,9.0,127.0,5.0,5.0,1.0,Junior
https://openalex.org/W2765855860,Triggering Artwork Swaps for Live Animation,UIST,2017,https://openalex.org/A5018565806,Wilmot Li,middle,2000.0,84.0,4023.0,38.0,64.0,17.0,Senior
https://openalex.org/W2765855860,Triggering Artwork Swaps for Live Animation,UIST,2017,https://openalex.org/A5022440000,Jovan Popović,middle,1986.0,168.0,10998.0,50.0,83.0,31.0,Senior
https://openalex.org/W2765855860,Triggering Artwork Swaps for Live Animation,UIST,2017,https://openalex.org/A5034842939,Adam Finkelstein,last,1986.0,207.0,14372.0,55.0,117.0,31.0,Senior
https://openalex.org/W2766544714,Grabity: A Wearable Haptic Interface for Simulating Weight and Grasping in Virtual Reality,UIST,2017,https://openalex.org/A5103014803,Inrak Choi,first,2002.0,22.0,1168.0,12.0,12.0,15.0,Senior
https://openalex.org/W2766544714,Grabity: A Wearable Haptic Interface for Simulating Weight and Grasping in Virtual Reality,UIST,2017,https://openalex.org/A5026024402,Heather Culbertson,middle,2004.0,88.0,2242.0,21.0,34.0,13.0,Senior
https://openalex.org/W2766544714,Grabity: A Wearable Haptic Interface for Simulating Weight and Grasping in Virtual Reality,UIST,2017,https://openalex.org/A5067823399,Mark Roman Miller,middle,1980.0,44.0,1218.0,12.0,15.0,37.0,Senior
https://openalex.org/W2766544714,Grabity: A Wearable Haptic Interface for Simulating Weight and Grasping in Virtual Reality,UIST,2017,https://openalex.org/A5016503150,Alex Olwal,middle,2003.0,105.0,3982.0,33.0,53.0,14.0,Senior
https://openalex.org/W2766544714,Grabity: A Wearable Haptic Interface for Simulating Weight and Grasping in Virtual Reality,UIST,2017,https://openalex.org/A5039900558,Sean Follmer,last,2008.0,161.0,6441.0,46.0,83.0,9.0,Senior
https://openalex.org/W2739069594,AirCode: Unobtrusive Physical Tags for Digital Fabrication,UIST,2017,https://openalex.org/A5038972102,Dingzeyu Li,first,2009.0,50.0,1656.0,19.0,22.0,8.0,Senior
https://openalex.org/W2739069594,AirCode: Unobtrusive Physical Tags for Digital Fabrication,UIST,2017,https://openalex.org/A5070661194,Avinash S. Nair,middle,2017.0,1.0,62.0,1.0,1.0,0.0,Junior
https://openalex.org/W2739069594,AirCode: Unobtrusive Physical Tags for Digital Fabrication,UIST,2017,https://openalex.org/A5051975921,Shree K. Nayar,middle,1988.0,367.0,38913.0,95.0,243.0,29.0,Senior
https://openalex.org/W2739069594,AirCode: Unobtrusive Physical Tags for Digital Fabrication,UIST,2017,https://openalex.org/A5101571936,Changxi Zheng,last,2005.0,122.0,3553.0,34.0,67.0,12.0,Senior
https://openalex.org/W2583856578,Provenance for Natural Language Queries,VLDB,2017,https://openalex.org/A5073835385,Daniel Deutch,first,2007.0,126.0,1337.0,18.0,41.0,10.0,Senior
https://openalex.org/W2583856578,Provenance for Natural Language Queries,VLDB,2017,https://openalex.org/A5010359061,Nave Frost,middle,2016.0,24.0,195.0,9.0,9.0,1.0,Junior
https://openalex.org/W2583856578,Provenance for Natural Language Queries,VLDB,2017,https://openalex.org/A5027907153,Amir Gilad,last,2002.0,74.0,373.0,10.0,12.0,15.0,Senior
https://openalex.org/W2555956881,Bidirectional Search That Is Guaranteed to Meet in the Middle,AAAI,2016,https://openalex.org/A5088017068,Guni Sharon,first,2011.0,73.0,3472.0,24.0,36.0,5.0,Junior
https://openalex.org/W2555956881,Bidirectional Search That Is Guaranteed to Meet in the Middle,AAAI,2016,https://openalex.org/A5077149145,Robert C. Holte,middle,1977.0,191.0,9225.0,39.0,94.0,39.0,Senior
https://openalex.org/W2555956881,Bidirectional Search That Is Guaranteed to Meet in the Middle,AAAI,2016,https://openalex.org/A5041415709,Nathan Sturtevant,middle,1998.0,243.0,5540.0,35.0,95.0,18.0,Senior
https://openalex.org/W2555956881,Bidirectional Search That Is Guaranteed to Meet in the Middle,AAAI,2016,https://openalex.org/A5011195666,Ariel Felner,last,2002.0,277.0,6644.0,39.0,101.0,14.0,Senior
https://openalex.org/W2515120005,Finding Non-Arbitrary Form-Meaning Systematicity Using String-Metric Learning for Kernel Regression,ACL,2016,https://openalex.org/A5091346638,Elkin Gutierrez,first,2012.0,10.0,313.0,7.0,6.0,4.0,Junior
https://openalex.org/W2515120005,Finding Non-Arbitrary Form-Meaning Systematicity Using String-Metric Learning for Kernel Regression,ACL,2016,https://openalex.org/A5090215557,Roger Lévy,middle,1912.0,413.0,23434.0,54.0,117.0,104.0,Senior
https://openalex.org/W2515120005,Finding Non-Arbitrary Form-Meaning Systematicity Using String-Metric Learning for Kernel Regression,ACL,2016,https://openalex.org/A5043344696,Benjamin K. Bergen,last,1998.0,186.0,4949.0,35.0,66.0,18.0,Senior
https://openalex.org/W2407293509,The Effect of Visual Appearance on the Performance of Continuous Sliders and Visual Analogue Scales,CHI,2016,https://openalex.org/A5071489089,Justin Matejka,first,1979.0,72.0,2382.0,27.0,34.0,37.0,Senior
https://openalex.org/W2407293509,The Effect of Visual Appearance on the Performance of Continuous Sliders and Visual Analogue Scales,CHI,2016,https://openalex.org/A5035443322,Michael Glueck,middle,1969.0,57.0,1368.0,22.0,30.0,47.0,Senior
https://openalex.org/W2407293509,The Effect of Visual Appearance on the Performance of Continuous Sliders and Visual Analogue Scales,CHI,2016,https://openalex.org/A5058485609,Tovi Grossman,middle,1994.0,234.0,10459.0,59.0,150.0,22.0,Senior
https://openalex.org/W2407293509,The Effect of Visual Appearance on the Performance of Continuous Sliders and Visual Analogue Scales,CHI,2016,https://openalex.org/A5083432344,George Fitzmaurice,last,1914.0,200.0,10359.0,58.0,124.0,102.0,Senior
https://openalex.org/W2225313775,Designing Movement-based Play With Young People Using Powered Wheelchairs,CHI,2016,https://openalex.org/A5066273713,Kathrin Gerling,first,1964.0,211.0,4683.0,37.0,84.0,52.0,Senior
https://openalex.org/W2225313775,Designing Movement-based Play With Young People Using Powered Wheelchairs,CHI,2016,https://openalex.org/A5062650159,Kieran Hicks,middle,2014.0,24.0,559.0,11.0,14.0,2.0,Junior
https://openalex.org/W2225313775,Designing Movement-based Play With Young People Using Powered Wheelchairs,CHI,2016,https://openalex.org/A5035414960,Michael R. Kalyn,middle,2011.0,11.0,560.0,9.0,9.0,5.0,Junior
https://openalex.org/W2225313775,Designing Movement-based Play With Young People Using Powered Wheelchairs,CHI,2016,https://openalex.org/A5047728262,Adam B. Evans,middle,1997.0,151.0,2326.0,25.0,40.0,19.0,Senior
https://openalex.org/W2225313775,Designing Movement-based Play With Young People Using Powered Wheelchairs,CHI,2016,https://openalex.org/A5078710069,Conor Linehan,last,2001.0,184.0,3371.0,30.0,78.0,15.0,Senior
https://openalex.org/W2395063354,Object-Oriented Drawing,CHI,2016,https://openalex.org/A5016819583,Haijun Xia,first,2004.0,91.0,2653.0,28.0,45.0,12.0,Senior
https://openalex.org/W2395063354,Object-Oriented Drawing,CHI,2016,https://openalex.org/A5102876138,Bruno De Araujo,middle,2003.0,33.0,721.0,13.0,13.0,13.0,Senior
https://openalex.org/W2395063354,Object-Oriented Drawing,CHI,2016,https://openalex.org/A5058485609,Tovi Grossman,middle,1994.0,234.0,10459.0,59.0,150.0,22.0,Senior
https://openalex.org/W2395063354,Object-Oriented Drawing,CHI,2016,https://openalex.org/A5083735800,Daniel Wigdor,last,2002.0,204.0,8825.0,56.0,114.0,14.0,Senior
https://openalex.org/W2400260714,Enabling Designers to Foresee Which Colors Users Cannot See,CHI,2016,https://openalex.org/A5076852435,Katharina Reinecke,first,2007.0,127.0,3669.0,28.0,62.0,9.0,Senior
https://openalex.org/W2400260714,Enabling Designers to Foresee Which Colors Users Cannot See,CHI,2016,https://openalex.org/A5045769819,David R. Flatla,middle,2009.0,52.0,1026.0,17.0,24.0,7.0,Senior
https://openalex.org/W2400260714,Enabling Designers to Foresee Which Colors Users Cannot See,CHI,2016,https://openalex.org/A5081802677,Christopher Brooks,last,1992.0,144.0,3307.0,30.0,67.0,24.0,Senior
https://openalex.org/W2402642969,On Looking at the Vagina through Labella,CHI,2016,https://openalex.org/A5055844978,Teresa Almeida,first,2014.0,50.0,865.0,14.0,18.0,2.0,Junior
https://openalex.org/W2402642969,On Looking at the Vagina through Labella,CHI,2016,https://openalex.org/A5011581568,Rob Comber,middle,1954.0,178.0,4694.0,38.0,89.0,62.0,Senior
https://openalex.org/W2402642969,On Looking at the Vagina through Labella,CHI,2016,https://openalex.org/A5080544362,Gavin Wood,middle,2010.0,50.0,885.0,16.0,25.0,6.0,Senior
https://openalex.org/W2402642969,On Looking at the Vagina through Labella,CHI,2016,https://openalex.org/A5062833970,Dean Saraf,middle,2015.0,2.0,124.0,2.0,1.0,1.0,Junior
https://openalex.org/W2402642969,On Looking at the Vagina through Labella,CHI,2016,https://openalex.org/A5078308184,Madeline Balaam,last,2009.0,169.0,7291.0,38.0,85.0,7.0,Senior
https://openalex.org/W2405564622,Project Jacquard: Interactive Digital Textiles at Scale,CHI,2016,https://openalex.org/A5004961545,Ivan Poupyrev,first,1996.0,119.0,13074.0,53.0,72.0,20.0,Senior
https://openalex.org/W2405564622,Project Jacquard: Interactive Digital Textiles at Scale,CHI,2016,https://openalex.org/A5103428014,Nan‐Wei Gong,middle,2007.0,33.0,1211.0,12.0,12.0,9.0,Senior
https://openalex.org/W2405564622,Project Jacquard: Interactive Digital Textiles at Scale,CHI,2016,https://openalex.org/A5048484850,Shiho Fukuhara,middle,2016.0,3.0,594.0,3.0,3.0,0.0,Junior
https://openalex.org/W2405564622,Project Jacquard: Interactive Digital Textiles at Scale,CHI,2016,https://openalex.org/A5068158176,Mustafa Emre Karagozler,middle,2006.0,24.0,1953.0,11.0,11.0,10.0,Senior
https://openalex.org/W2405564622,Project Jacquard: Interactive Digital Textiles at Scale,CHI,2016,https://openalex.org/A5062781897,Carsten Schwesig,middle,2003.0,9.0,1610.0,7.0,7.0,13.0,Senior
https://openalex.org/W2405564622,Project Jacquard: Interactive Digital Textiles at Scale,CHI,2016,https://openalex.org/A5039274899,Karen E. Robinson,last,1998.0,6.0,329.0,2.0,1.0,18.0,Senior
https://openalex.org/W2582468434,"""I don't Want to Wear a Screen"": Probing Perceptions of and Possibilities for Dynamic Displays on Clothing",CHI,2016,https://openalex.org/A5041783895,Alexander Jackson Graves,first,2016.0,1.0,1.0,1.0,0.0,0.0,Junior
https://openalex.org/W2351491323,Momentary Pleasure or Lasting Meaning?: Distinguishing Eudaimonic and Hedonic User Experiences,CHI,2016,https://openalex.org/A5000163896,Elisa D. Mekler,first,2012.0,108.0,4842.0,33.0,55.0,4.0,Junior
https://openalex.org/W2351491323,Momentary Pleasure or Lasting Meaning?: Distinguishing Eudaimonic and Hedonic User Experiences,CHI,2016,https://openalex.org/A5015615908,Kasper Hornbæk,last,1999.0,313.0,12898.0,56.0,158.0,17.0,Senior
https://openalex.org/W2346915687,RapID: A Framework for Fabricating Low-Latency Interactive Objects with RFID Tags,CHI,2016,https://openalex.org/A5006466898,Andrew Spielberg,first,1957.0,55.0,1528.0,22.0,30.0,59.0,Senior
https://openalex.org/W2346915687,RapID: A Framework for Fabricating Low-Latency Interactive Objects with RFID Tags,CHI,2016,https://openalex.org/A5047416400,Alanson P. Sample,middle,2006.0,128.0,7127.0,36.0,69.0,10.0,Senior
https://openalex.org/W2346915687,RapID: A Framework for Fabricating Low-Latency Interactive Objects with RFID Tags,CHI,2016,https://openalex.org/A5039238746,Scott E. Hudson,middle,1977.0,317.0,15185.0,72.0,218.0,39.0,Senior
https://openalex.org/W2346915687,RapID: A Framework for Fabricating Low-Latency Interactive Objects with RFID Tags,CHI,2016,https://openalex.org/A5040915036,Jennifer Mankoff,middle,1997.0,296.0,11737.0,59.0,176.0,19.0,Senior
https://openalex.org/W2346915687,RapID: A Framework for Fabricating Low-Latency Interactive Objects with RFID Tags,CHI,2016,https://openalex.org/A5018050000,James McCann,last,1980.0,90.0,2267.0,27.0,41.0,36.0,Senior
https://openalex.org/W2396575601,HCI Research as Problem-Solving,CHI,2016,https://openalex.org/A5003084232,Antti Oulasvirta,first,2002.0,439.0,14838.0,65.0,197.0,14.0,Senior
https://openalex.org/W2396575601,HCI Research as Problem-Solving,CHI,2016,https://openalex.org/A5015615908,Kasper Hornbæk,last,1999.0,313.0,12898.0,56.0,158.0,17.0,Senior
https://openalex.org/W2339558352,Haptic Wave: A Cross-Modal Interface for Visually Impaired Audio Producers,CHI,2016,https://openalex.org/A5024190993,Atau Tanaka,first,1988.0,139.0,1731.0,22.0,43.0,28.0,Senior
https://openalex.org/W2339558352,Haptic Wave: A Cross-Modal Interface for Visually Impaired Audio Producers,CHI,2016,https://openalex.org/A5052337093,Adam Parkinson,last,1997.0,29.0,349.0,7.0,7.0,19.0,Senior
https://openalex.org/W2395423607,FlexCase: Enhancing Mobile Interaction with a Flexible Sensing and Display Cover,CHI,2016,https://openalex.org/A5105368417,Christian Rendl,first,2009.0,18.0,565.0,11.0,12.0,7.0,Senior
https://openalex.org/W2395423607,FlexCase: Enhancing Mobile Interaction with a Flexible Sensing and Display Cover,CHI,2016,https://openalex.org/A5100403328,David Kim,middle,1982.0,283.0,14893.0,58.0,111.0,34.0,Senior
https://openalex.org/W2395423607,FlexCase: Enhancing Mobile Interaction with a Flexible Sensing and Display Cover,CHI,2016,https://openalex.org/A5019954653,Patrick Parzer,middle,2014.0,9.0,653.0,9.0,9.0,2.0,Junior
https://openalex.org/W2395423607,FlexCase: Enhancing Mobile Interaction with a Flexible Sensing and Display Cover,CHI,2016,https://openalex.org/A5056677910,Sean Fanello,middle,2010.0,102.0,4333.0,31.0,53.0,6.0,Senior
https://openalex.org/W2395423607,FlexCase: Enhancing Mobile Interaction with a Flexible Sensing and Display Cover,CHI,2016,https://openalex.org/A5051099696,Martin Zirkl,middle,2005.0,43.0,1605.0,15.0,22.0,11.0,Senior
https://openalex.org/W2395423607,FlexCase: Enhancing Mobile Interaction with a Flexible Sensing and Display Cover,CHI,2016,https://openalex.org/A5020073971,Gregor Scheipl,middle,2009.0,20.0,620.0,9.0,8.0,7.0,Senior
https://openalex.org/W2395423607,FlexCase: Enhancing Mobile Interaction with a Flexible Sensing and Display Cover,CHI,2016,https://openalex.org/A5009340165,Michael Haller,middle,1958.0,243.0,4669.0,37.0,106.0,58.0,Senior
https://openalex.org/W2395423607,FlexCase: Enhancing Mobile Interaction with a Flexible Sensing and Display Cover,CHI,2016,https://openalex.org/A5014927177,Shahram Izadi,last,2001.0,224.0,23739.0,73.0,147.0,15.0,Senior
https://openalex.org/W4289875163,Dear Diary: Teens Reflect on Their Weekly Online Risk Experiences,CHI,2016,https://openalex.org/A5008679594,William Cheng,first,1992.0,26.0,427.0,9.0,9.0,24.0,Senior
https://openalex.org/W2408438722,Understanding and Mitigating the Effects of Device and Cloud Service Design Decisions on the Environmental Footprint of Digital Infrastructure,CHI,2016,https://openalex.org/A5060578766,Chris Preist,first,1991.0,159.0,3928.0,34.0,66.0,25.0,Senior
https://openalex.org/W2408438722,Understanding and Mitigating the Effects of Device and Cloud Service Design Decisions on the Environmental Footprint of Digital Infrastructure,CHI,2016,https://openalex.org/A5034805006,Daniel Schien,middle,2011.0,66.0,744.0,13.0,19.0,5.0,Junior
https://openalex.org/W2408438722,Understanding and Mitigating the Effects of Device and Cloud Service Design Decisions on the Environmental Footprint of Digital Infrastructure,CHI,2016,https://openalex.org/A5024587876,Eli Blevis,last,1987.0,155.0,3406.0,28.0,59.0,29.0,Senior
https://openalex.org/W2406854312,Enhancing Cross-Device Interaction Scripting with Interactive Illustrations,CHI,2016,https://openalex.org/A5019085006,Pei-Yu Chi,first,2006.0,26.0,770.0,13.0,17.0,10.0,Senior
https://openalex.org/W2406854312,Enhancing Cross-Device Interaction Scripting with Interactive Illustrations,CHI,2016,https://openalex.org/A5100688703,Yang Li,middle,1991.0,686.0,23085.0,81.0,405.0,25.0,Senior
https://openalex.org/W2406854312,Enhancing Cross-Device Interaction Scripting with Interactive Illustrations,CHI,2016,https://openalex.org/A5084965768,Björn Hartmann,last,1979.0,135.0,8312.0,50.0,92.0,37.0,Senior
https://openalex.org/W2402939184,Learn Piano with BACh: An Adaptive Learning Interface that Adjusts Task Difficulty Based on Brain State,CHI,2016,https://openalex.org/A5091604111,Beste F. Yuksel,first,2010.0,21.0,923.0,14.0,16.0,6.0,Senior
https://openalex.org/W2402939184,Learn Piano with BACh: An Adaptive Learning Interface that Adjusts Task Difficulty Based on Brain State,CHI,2016,https://openalex.org/A5056394286,Kurt B. Oleson,middle,2016.0,2.0,139.0,2.0,1.0,0.0,Junior
https://openalex.org/W2402939184,Learn Piano with BACh: An Adaptive Learning Interface that Adjusts Task Difficulty Based on Brain State,CHI,2016,https://openalex.org/A5087146581,Lane Harrison,middle,2009.0,115.0,1754.0,20.0,39.0,7.0,Senior
https://openalex.org/W2402939184,Learn Piano with BACh: An Adaptive Learning Interface that Adjusts Task Difficulty Based on Brain State,CHI,2016,https://openalex.org/A5011928259,Evan M. Peck,middle,2007.0,68.0,1721.0,23.0,32.0,9.0,Senior
https://openalex.org/W2402939184,Learn Piano with BACh: An Adaptive Learning Interface that Adjusts Task Difficulty Based on Brain State,CHI,2016,https://openalex.org/A5035894778,Daniel Afergan,middle,2006.0,29.0,1125.0,12.0,13.0,10.0,Senior
https://openalex.org/W2402939184,Learn Piano with BACh: An Adaptive Learning Interface that Adjusts Task Difficulty Based on Brain State,CHI,2016,https://openalex.org/A5089451178,Remco Chang,middle,2000.0,190.0,4814.0,36.0,72.0,16.0,Senior
https://openalex.org/W2402939184,Learn Piano with BACh: An Adaptive Learning Interface that Adjusts Task Difficulty Based on Brain State,CHI,2016,https://openalex.org/A5103343552,Robert J. K. Jacob,last,,,,,,,
https://openalex.org/W2400074865,Smart Touch: Improving Touch Accuracy for People with Motor Impairments with Template Matching,CHI,2016,https://openalex.org/A5027766289,Martez E. Mott,first,2010.0,28.0,821.0,13.0,14.0,6.0,Senior
https://openalex.org/W2400074865,Smart Touch: Improving Touch Accuracy for People with Motor Impairments with Template Matching,CHI,2016,https://openalex.org/A5033726877,Radu-Daniel Vatavu,middle,2005.0,245.0,4400.0,35.0,109.0,11.0,Senior
https://openalex.org/W2400074865,Smart Touch: Improving Touch Accuracy for People with Motor Impairments with Template Matching,CHI,2016,https://openalex.org/A5086948505,Shaun K. Kane,middle,2006.0,144.0,7035.0,44.0,87.0,10.0,Senior
https://openalex.org/W2400074865,Smart Touch: Improving Touch Accuracy for People with Motor Impairments with Template Matching,CHI,2016,https://openalex.org/A5086377685,Jacob O. Wobbrock,last,1998.0,266.0,19065.0,68.0,174.0,18.0,Senior
https://openalex.org/W2396533648,"Building a Personalized, Auto-Calibrating Eye Tracker from User Interactions",CHI,2016,https://openalex.org/A5059880425,Michael Xuelin Huang,first,2012.0,44.0,760.0,14.0,20.0,4.0,Junior
https://openalex.org/W2396533648,"Building a Personalized, Auto-Calibrating Eye Tracker from User Interactions",CHI,2016,https://openalex.org/A5043922248,Tiffany C.K. Kwok,middle,2014.0,14.0,207.0,7.0,6.0,2.0,Junior
https://openalex.org/W2396533648,"Building a Personalized, Auto-Calibrating Eye Tracker from User Interactions",CHI,2016,https://openalex.org/A5051682329,Grace Ngai,middle,1999.0,172.0,3074.0,27.0,60.0,17.0,Senior
https://openalex.org/W2396533648,"Building a Personalized, Auto-Calibrating Eye Tracker from User Interactions",CHI,2016,https://openalex.org/A5064619021,Stephen Chan,middle,1968.0,212.0,2194.0,24.0,60.0,48.0,Senior
https://openalex.org/W2396533648,"Building a Personalized, Auto-Calibrating Eye Tracker from User Interactions",CHI,2016,https://openalex.org/A5081054998,Hong Va Leong,last,1980.0,273.0,2859.0,28.0,80.0,36.0,Senior
https://openalex.org/W2394670422,Developing and Validating the User Burden Scale: A Tool for Assessing User Burden in Computing Systems,CHI,2016,https://openalex.org/A5035627325,Hyewon Suh,first,2012.0,20.0,757.0,10.0,11.0,4.0,Junior
https://openalex.org/W2394670422,Developing and Validating the User Burden Scale: A Tool for Assessing User Burden in Computing Systems,CHI,2016,https://openalex.org/A5014842691,Nina Shahriaree,middle,2016.0,1.0,195.0,1.0,1.0,0.0,Junior
https://openalex.org/W2394670422,Developing and Validating the User Burden Scale: A Tool for Assessing User Burden in Computing Systems,CHI,2016,https://openalex.org/A5078089549,Eric B. Hekler,middle,2007.0,250.0,11433.0,49.0,113.0,9.0,Senior
https://openalex.org/W2394670422,Developing and Validating the User Burden Scale: A Tool for Assessing User Burden in Computing Systems,CHI,2016,https://openalex.org/A5066304043,Julie A. Kientz,last,2003.0,231.0,11700.0,56.0,126.0,13.0,Senior
https://openalex.org/W2400341429,Foraging Among an Overabundance of Similar Variants,CHI,2016,https://openalex.org/A5014639509,Sruti Srinivasa Ragavan,first,2013.0,29.0,463.0,10.0,11.0,3.0,Junior
https://openalex.org/W2400341429,Foraging Among an Overabundance of Similar Variants,CHI,2016,https://openalex.org/A5072109649,Sandeep Kaur Kuttal,middle,2011.0,48.0,559.0,15.0,21.0,5.0,Junior
https://openalex.org/W2400341429,Foraging Among an Overabundance of Similar Variants,CHI,2016,https://openalex.org/A5111711612,Charles G. Hill,middle,1888.0,132.0,4903.0,36.0,92.0,128.0,Senior
https://openalex.org/W2400341429,Foraging Among an Overabundance of Similar Variants,CHI,2016,https://openalex.org/A5024821289,Anita Sarma,middle,1991.0,234.0,4286.0,33.0,97.0,25.0,Senior
https://openalex.org/W2400341429,Foraging Among an Overabundance of Similar Variants,CHI,2016,https://openalex.org/A5076670713,David Piorkowski,middle,2010.0,44.0,802.0,13.0,14.0,6.0,Senior
https://openalex.org/W2400341429,Foraging Among an Overabundance of Similar Variants,CHI,2016,https://openalex.org/A5011173372,Margaret Burnett,last,1921.0,382.0,11234.0,57.0,190.0,95.0,Senior
https://openalex.org/W2396662988,"Finding Email in a Multi-Account, Multi-Device World",CHI,2016,https://openalex.org/A5015385005,Marta E. Cecchinato,first,2012.0,53.0,1242.0,20.0,25.0,4.0,Junior
https://openalex.org/W2396662988,"Finding Email in a Multi-Account, Multi-Device World",CHI,2016,https://openalex.org/A5054544784,Abigail Sellen,middle,1986.0,272.0,17915.0,68.0,162.0,30.0,Senior
https://openalex.org/W2396662988,"Finding Email in a Multi-Account, Multi-Device World",CHI,2016,https://openalex.org/A5088114671,Milad Shokouhi,middle,2005.0,105.0,2719.0,27.0,50.0,11.0,Senior
https://openalex.org/W2396662988,"Finding Email in a Multi-Account, Multi-Device World",CHI,2016,https://openalex.org/A5078670829,Gavin Smyth,last,1962.0,26.0,1592.0,13.0,14.0,54.0,Senior
https://openalex.org/W2273847690,Empath: Understanding Topic Signals in Large-Scale Text,CHI,2016,https://openalex.org/A5089313267,Ethan Fast,first,2010.0,32.0,1760.0,15.0,18.0,6.0,Senior
https://openalex.org/W2273847690,Empath: Understanding Topic Signals in Large-Scale Text,CHI,2016,https://openalex.org/A5100687676,Binbin Chen,middle,2009.0,67.0,7046.0,19.0,23.0,7.0,Senior
https://openalex.org/W2273847690,Empath: Understanding Topic Signals in Large-Scale Text,CHI,2016,https://openalex.org/A5076189854,Michael S. Bernstein,last,1980.0,285.0,65990.0,66.0,166.0,36.0,Senior
https://openalex.org/W2398012670,Lock n' LoL: Group-based Limiting Assistance App to Mitigate Smartphone Distractions in Group Activities,CHI,2016,https://openalex.org/A5082002320,Minsam Ko,first,2011.0,68.0,1445.0,19.0,31.0,5.0,Junior
https://openalex.org/W2398012670,Lock n' LoL: Group-based Limiting Assistance App to Mitigate Smartphone Distractions in Group Activities,CHI,2016,https://openalex.org/A5101776191,Seungwoo Choi,middle,2014.0,24.0,600.0,10.0,11.0,2.0,Junior
https://openalex.org/W2398012670,Lock n' LoL: Group-based Limiting Assistance App to Mitigate Smartphone Distractions in Group Activities,CHI,2016,https://openalex.org/A5089292344,Koji Yatani,middle,2002.0,131.0,3041.0,26.0,46.0,14.0,Senior
https://openalex.org/W2398012670,Lock n' LoL: Group-based Limiting Assistance App to Mitigate Smartphone Distractions in Group Activities,CHI,2016,https://openalex.org/A5058987035,Uichin Lee,last,2005.0,262.0,8397.0,47.0,133.0,11.0,Senior
https://openalex.org/W2537475616,Vandalism Detection in Wikidata,CIKM,2016,https://openalex.org/A5038894198,Stefan Heindorf,first,2012.0,68.0,324.0,10.0,10.0,4.0,Junior
https://openalex.org/W2537475616,Vandalism Detection in Wikidata,CIKM,2016,https://openalex.org/A5083712311,Martin Potthast,middle,2006.0,565.0,8495.0,43.0,144.0,10.0,Senior
https://openalex.org/W2537475616,Vandalism Detection in Wikidata,CIKM,2016,https://openalex.org/A5027915931,Benno Stein,middle,1920.0,753.0,11880.0,55.0,212.0,96.0,Senior
https://openalex.org/W2537475616,Vandalism Detection in Wikidata,CIKM,2016,https://openalex.org/A5022823882,Gregor Engels,last,1977.0,337.0,3601.0,31.0,99.0,39.0,Senior
https://openalex.org/W2194775991,Deep Residual Learning for Image Recognition,CVPR,2016,https://openalex.org/A5100700361,Kaiming He,first,2002.0,163.0,556995.0,85.0,121.0,14.0,Senior
https://openalex.org/W2194775991,Deep Residual Learning for Image Recognition,CVPR,2016,https://openalex.org/A5100362465,Xiangyu Zhang,middle,2003.0,427.0,317862.0,76.0,200.0,13.0,Senior
https://openalex.org/W2194775991,Deep Residual Learning for Image Recognition,CVPR,2016,https://openalex.org/A5100824251,Shaoqing Ren,middle,2007.0,29.0,353086.0,19.0,19.0,9.0,Senior
https://openalex.org/W2194775991,Deep Residual Learning for Image Recognition,CVPR,2016,https://openalex.org/A5100785015,Jian Sun,last,2001.0,154.0,272274.0,56.0,96.0,15.0,Senior
https://openalex.org/W2430369560,Settling the Complexity of Computing Approximate Two-Player Nash Equilibria,FOCS,2016,https://openalex.org/A5035432679,Aviad Rubinstein,first,1958.0,188.0,1438.0,22.0,36.0,58.0,Senior
https://openalex.org/W2903586563,Fast Learning Requires Good Memory: A Time-Space Lower Bound for Parity Learning,FOCS,2016,https://openalex.org/A5041545934,Ran Raz,first,1984.0,221.0,7442.0,45.0,97.0,32.0,Senior
https://openalex.org/W2548627465,API Code Recommendation Using Statistical Learning from Fine-grained Changes,FSE,2016,https://openalex.org/A5065748190,Anh Tuan Nguyen,first,2007.0,144.0,3441.0,29.0,48.0,9.0,Senior
https://openalex.org/W2548627465,API Code Recommendation Using Statistical Learning from Fine-grained Changes,FSE,2016,https://openalex.org/A5088362471,Michael Hilton,middle,1983.0,116.0,2596.0,20.0,39.0,33.0,Senior
https://openalex.org/W2548627465,API Code Recommendation Using Statistical Learning from Fine-grained Changes,FSE,2016,https://openalex.org/A5057072967,Mihai Codoban,middle,2011.0,10.0,428.0,5.0,4.0,5.0,Junior
https://openalex.org/W2548627465,API Code Recommendation Using Statistical Learning from Fine-grained Changes,FSE,2016,https://openalex.org/A5044339946,Hoan Anh Nguyen,middle,1997.0,117.0,4277.0,34.0,55.0,19.0,Senior
https://openalex.org/W2548627465,API Code Recommendation Using Statistical Learning from Fine-grained Changes,FSE,2016,https://openalex.org/A5073728580,Lily Mast,middle,2016.0,1.0,165.0,1.0,1.0,0.0,Junior
https://openalex.org/W2548627465,API Code Recommendation Using Statistical Learning from Fine-grained Changes,FSE,2016,https://openalex.org/A5085175414,Eli Rademacher,middle,2016.0,1.0,165.0,1.0,1.0,0.0,Junior
https://openalex.org/W2548627465,API Code Recommendation Using Statistical Learning from Fine-grained Changes,FSE,2016,https://openalex.org/A5089000736,Tien N. Nguyen,middle,2002.0,286.0,8476.0,48.0,125.0,14.0,Senior
https://openalex.org/W2548627465,API Code Recommendation Using Statistical Learning from Fine-grained Changes,FSE,2016,https://openalex.org/A5019404521,Danny Dig,last,2005.0,139.0,6015.0,42.0,72.0,11.0,Senior
https://openalex.org/W2547900581,Detecting Sensitive Data Disclosure via Bi-directional Text Correlation Analysis,FSE,2016,https://openalex.org/A5037117080,Jianjun Huang,first,1997.0,74.0,891.0,13.0,17.0,19.0,Senior
https://openalex.org/W2547900581,Detecting Sensitive Data Disclosure via Bi-directional Text Correlation Analysis,FSE,2016,https://openalex.org/A5100362465,Xiangyu Zhang,middle,2003.0,427.0,317862.0,76.0,200.0,13.0,Senior
https://openalex.org/W2547900581,Detecting Sensitive Data Disclosure via Bi-directional Text Correlation Analysis,FSE,2016,https://openalex.org/A5115883174,Lin Tan,last,,,,,,,
https://openalex.org/W2546949415,Factors Influencing Code Review Processes in Industry,FSE,2016,https://openalex.org/A5080993531,Tobias Baum,first,2004.0,46.0,644.0,14.0,17.0,12.0,Senior
https://openalex.org/W2546949415,Factors Influencing Code Review Processes in Industry,FSE,2016,https://openalex.org/A5018416139,Olga Liskin,middle,2011.0,20.0,408.0,9.0,9.0,5.0,Junior
https://openalex.org/W2546949415,Factors Influencing Code Review Processes in Industry,FSE,2016,https://openalex.org/A5060719581,Kai Niklas,middle,1966.0,21.0,142.0,4.0,4.0,50.0,Senior
https://openalex.org/W2546949415,Factors Influencing Code Review Processes in Industry,FSE,2016,https://openalex.org/A5031529088,Kurt Schneider,last,1886.0,513.0,5312.0,37.0,147.0,130.0,Senior
https://openalex.org/W2546851909,Foraging and Navigations Fundamentally: Developers' Predictions of Value and Cost,FSE,2016,https://openalex.org/A5076670713,David Piorkowski,first,2010.0,44.0,802.0,13.0,14.0,6.0,Senior
https://openalex.org/W2546851909,Foraging and Navigations Fundamentally: Developers' Predictions of Value and Cost,FSE,2016,https://openalex.org/A5047536715,Austin Z. Henley,middle,2014.0,56.0,896.0,13.0,17.0,2.0,Junior
https://openalex.org/W2546851909,Foraging and Navigations Fundamentally: Developers' Predictions of Value and Cost,FSE,2016,https://openalex.org/A5002742929,Tahmid Nabi,middle,2015.0,4.0,50.0,3.0,1.0,1.0,Junior
https://openalex.org/W2546851909,Foraging and Navigations Fundamentally: Developers' Predictions of Value and Cost,FSE,2016,https://openalex.org/A5009797359,Scott Fleming,middle,1970.0,118.0,2467.0,28.0,51.0,46.0,Senior
https://openalex.org/W2546851909,Foraging and Navigations Fundamentally: Developers' Predictions of Value and Cost,FSE,2016,https://openalex.org/A5112258462,Christopher Scaffidi,middle,2005.0,83.0,1297.0,20.0,29.0,11.0,Senior
https://openalex.org/W2546851909,Foraging and Navigations Fundamentally: Developers' Predictions of Value and Cost,FSE,2016,https://openalex.org/A5011173372,Margaret Burnett,last,1921.0,382.0,11234.0,57.0,190.0,95.0,Senior
https://openalex.org/W2547471548,Multi-Representational Security Analysis,FSE,2016,https://openalex.org/A5044511705,Eunsuk Kang,first,2005.0,147.0,1567.0,20.0,40.0,11.0,Senior
https://openalex.org/W2547471548,Multi-Representational Security Analysis,FSE,2016,https://openalex.org/A5072901963,Aleksandar Milićević,middle,1997.0,85.0,943.0,18.0,27.0,19.0,Senior
https://openalex.org/W2547471548,Multi-Representational Security Analysis,FSE,2016,https://openalex.org/A5101853727,Daniel Jackson,last,1979.0,120.0,4216.0,30.0,62.0,37.0,Senior
https://openalex.org/W2546918856,Proteus: Computing Disjunctive Loop Summary via Path Dependency Analysis,FSE,2016,https://openalex.org/A5084396416,Xiaofei Xie,first,1991.0,331.0,6553.0,42.0,121.0,25.0,Senior
https://openalex.org/W2546918856,Proteus: Computing Disjunctive Loop Summary via Path Dependency Analysis,FSE,2016,https://openalex.org/A5059253116,Bihuan Chen,middle,2009.0,113.0,2881.0,27.0,50.0,7.0,Senior
https://openalex.org/W2546918856,Proteus: Computing Disjunctive Loop Summary via Path Dependency Analysis,FSE,2016,https://openalex.org/A5100355692,Yang Liu,middle,1981.0,3467.0,63661.0,107.0,1079.0,35.0,Senior
https://openalex.org/W2546918856,Proteus: Computing Disjunctive Loop Summary via Path Dependency Analysis,FSE,2016,https://openalex.org/A5074426991,Wei Le,middle,2005.0,101.0,885.0,17.0,22.0,11.0,Senior
https://openalex.org/W2546918856,Proteus: Computing Disjunctive Loop Summary via Path Dependency Analysis,FSE,2016,https://openalex.org/A5100451509,Xiaohong Li,last,1970.0,220.0,2073.0,24.0,50.0,46.0,Senior
https://openalex.org/W2476494490,Why We Refactor? Confessions of GitHub Contributors,FSE,2016,https://openalex.org/A5101822967,Danilo Silva,first,2014.0,13.0,626.0,7.0,6.0,2.0,Junior
https://openalex.org/W2476494490,Why We Refactor? Confessions of GitHub Contributors,FSE,2016,https://openalex.org/A5088438387,Nikolaos Tsantalis,middle,2004.0,83.0,4000.0,30.0,46.0,12.0,Senior
https://openalex.org/W2476494490,Why We Refactor? Confessions of GitHub Contributors,FSE,2016,https://openalex.org/A5100703246,Marco Túlio Valente,last,1979.0,293.0,4569.0,38.0,98.0,37.0,Senior
https://openalex.org/W2556958149,Dueling Network Architectures for Deep Reinforcement Learning,ICML,2016,https://openalex.org/A5100420915,Ziyu Wang,first,2005.0,70.0,7669.0,20.0,27.0,11.0,Senior
https://openalex.org/W2556958149,Dueling Network Architectures for Deep Reinforcement Learning,ICML,2016,https://openalex.org/A5031378020,Victor Bapst,middle,2010.0,35.0,15957.0,17.0,21.0,6.0,Senior
https://openalex.org/W2556958149,Dueling Network Architectures for Deep Reinforcement Learning,ICML,2016,https://openalex.org/A5062951341,Nicolas Heess,middle,2008.0,241.0,27044.0,56.0,115.0,8.0,Senior
https://openalex.org/W2556958149,Dueling Network Architectures for Deep Reinforcement Learning,ICML,2016,https://openalex.org/A5008904142,Volodymyr Mnih,middle,2006.0,52.0,45328.0,32.0,39.0,10.0,Senior
https://openalex.org/W2556958149,Dueling Network Architectures for Deep Reinforcement Learning,ICML,2016,https://openalex.org/A5006533777,Rémi Munos,middle,1994.0,284.0,17868.0,64.0,156.0,22.0,Senior
https://openalex.org/W2556958149,Dueling Network Architectures for Deep Reinforcement Learning,ICML,2016,https://openalex.org/A5090341705,Koray Kavukcuoglu,middle,2007.0,107.0,164578.0,74.0,95.0,9.0,Senior
https://openalex.org/W2556958149,Dueling Network Architectures for Deep Reinforcement Learning,ICML,2016,https://openalex.org/A5082304130,Nando de Freitas,last,2000.0,229.0,27693.0,59.0,158.0,16.0,Senior
https://openalex.org/W2953318193,Pixel Recurrent Neural Networks,ICML,2016,https://openalex.org/A5039776447,Aäron van den Oord,first,2012.0,73.0,28439.0,39.0,58.0,4.0,Junior
https://openalex.org/W2953318193,Pixel Recurrent Neural Networks,ICML,2016,https://openalex.org/A5059729571,Nal Kalchbrenner,middle,2009.0,50.0,37643.0,33.0,39.0,7.0,Senior
https://openalex.org/W2953318193,Pixel Recurrent Neural Networks,ICML,2016,https://openalex.org/A5090341705,Koray Kavukcuoglu,last,2007.0,107.0,164578.0,74.0,95.0,9.0,Senior
https://openalex.org/W2949816416,Ensuring Rapid Mixing and Low Bias for Asynchronous Gibbs Sampling,ICML,2016,https://openalex.org/A5041869459,Christopher De,first,2014.0,150.0,3653.0,30.0,62.0,2.0,Junior
https://openalex.org/W2949816416,Ensuring Rapid Mixing and Low Bias for Asynchronous Gibbs Sampling,ICML,2016,https://openalex.org/A5023857198,Kunle Olukotun,middle,1987.0,324.0,16135.0,64.0,186.0,29.0,Senior
https://openalex.org/W2949816416,Ensuring Rapid Mixing and Low Bias for Asynchronous Gibbs Sampling,ICML,2016,https://openalex.org/A5103852640,Christopher Ré,last,2003.0,368.0,17175.0,60.0,199.0,13.0,Senior
https://openalex.org/W1927112189,Efficient Large-Scale Trace Checking Using MapReduce,ICSE,2016,https://openalex.org/A5052125239,Marcello M. Bersani,first,2009.0,89.0,615.0,15.0,27.0,7.0,Senior
https://openalex.org/W1927112189,Efficient Large-Scale Trace Checking Using MapReduce,ICSE,2016,https://openalex.org/A5038017715,Domenico Bianculli,middle,2007.0,175.0,1821.0,24.0,48.0,9.0,Senior
https://openalex.org/W1927112189,Efficient Large-Scale Trace Checking Using MapReduce,ICSE,2016,https://openalex.org/A5024976868,Carlo Ghezzi,middle,1915.0,497.0,10558.0,53.0,218.0,101.0,Senior
https://openalex.org/W1927112189,Efficient Large-Scale Trace Checking Using MapReduce,ICSE,2016,https://openalex.org/A5028440299,Srđan Krstić,middle,2012.0,61.0,612.0,13.0,16.0,4.0,Junior
https://openalex.org/W1927112189,Efficient Large-Scale Trace Checking Using MapReduce,ICSE,2016,https://openalex.org/A5064490024,Pierluigi San Pietro,last,1993.0,125.0,927.0,17.0,31.0,23.0,Senior
https://openalex.org/W2344496621,Energy Profiles of Java Collections Classes,ICSE,2016,https://openalex.org/A5030073319,Samir Hasan,first,2016.0,3.0,133.0,2.0,1.0,0.0,Junior
https://openalex.org/W2344496621,Energy Profiles of Java Collections Classes,ICSE,2016,https://openalex.org/A5048404082,Zachary King,middle,2016.0,2.0,133.0,2.0,1.0,0.0,Junior
https://openalex.org/W2344496621,Energy Profiles of Java Collections Classes,ICSE,2016,https://openalex.org/A5060527236,Munawar Hafiz,middle,2005.0,47.0,1173.0,17.0,20.0,11.0,Senior
https://openalex.org/W2344496621,Energy Profiles of Java Collections Classes,ICSE,2016,https://openalex.org/A5023078795,Mohammed Sayagh,middle,2015.0,39.0,526.0,10.0,11.0,1.0,Junior
https://openalex.org/W2344496621,Energy Profiles of Java Collections Classes,ICSE,2016,https://openalex.org/A5058164381,Bram Adams,middle,1876.0,350.0,9725.0,58.0,166.0,140.0,Senior
https://openalex.org/W2344496621,Energy Profiles of Java Collections Classes,ICSE,2016,https://openalex.org/A5070785370,Abram Hindle,last,2005.0,234.0,6271.0,41.0,98.0,11.0,Senior
https://openalex.org/W2393286498,Feedback-Directed Instrumentation for Deployed JavaScript Applications,ICSE,2016,https://openalex.org/A5034330109,Magnus Madsen,first,2011.0,52.0,752.0,15.0,18.0,5.0,Junior
https://openalex.org/W2393286498,Feedback-Directed Instrumentation for Deployed JavaScript Applications,ICSE,2016,https://openalex.org/A5087594876,Frank Tip,middle,1992.0,163.0,7080.0,44.0,97.0,24.0,Senior
https://openalex.org/W2393286498,Feedback-Directed Instrumentation for Deployed JavaScript Applications,ICSE,2016,https://openalex.org/A5075681113,Esben Andreasen,middle,1986.0,14.0,372.0,7.0,6.0,30.0,Senior
https://openalex.org/W2393286498,Feedback-Directed Instrumentation for Deployed JavaScript Applications,ICSE,2016,https://openalex.org/A5101569699,Koushik Sen,middle,2003.0,255.0,18779.0,65.0,143.0,13.0,Senior
https://openalex.org/W2393286498,Feedback-Directed Instrumentation for Deployed JavaScript Applications,ICSE,2016,https://openalex.org/A5103189175,Anders Møller,last,1996.0,179.0,5134.0,39.0,98.0,20.0,Senior
https://openalex.org/W2387719207,From Word Embeddings to Document Similarities for Improved Information Retrieval in Software Engineering,ICSE,2016,https://openalex.org/A5100348113,Xin Ye,first,2003.0,46.0,826.0,9.0,9.0,13.0,Senior
https://openalex.org/W2387719207,From Word Embeddings to Document Similarities for Improved Information Retrieval in Software Engineering,ICSE,2016,https://openalex.org/A5002208932,Hui Shen,middle,1998.0,233.0,6518.0,43.0,98.0,18.0,Senior
https://openalex.org/W2387719207,From Word Embeddings to Document Similarities for Improved Information Retrieval in Software Engineering,ICSE,2016,https://openalex.org/A5011411728,Xiao Ma,middle,1999.0,36.0,1086.0,11.0,12.0,17.0,Senior
https://openalex.org/W2387719207,From Word Embeddings to Document Similarities for Improved Information Retrieval in Software Engineering,ICSE,2016,https://openalex.org/A5020435927,Răzvan Bunescu,middle,2000.0,123.0,7971.0,34.0,67.0,16.0,Senior
https://openalex.org/W2387719207,From Word Embeddings to Document Similarities for Improved Information Retrieval in Software Engineering,ICSE,2016,https://openalex.org/A5101434532,Chang Liu,last,1991.0,75.0,884.0,14.0,20.0,25.0,Senior
https://openalex.org/W2294434616,Guiding Dynamic Symbolic Execution toward Unverified Program Executions,ICSE,2016,https://openalex.org/A5064181052,Maria Christakis,first,2006.0,88.0,1114.0,19.0,28.0,10.0,Senior
https://openalex.org/W2294434616,Guiding Dynamic Symbolic Execution toward Unverified Program Executions,ICSE,2016,https://openalex.org/A5109230478,Peter Müller,middle,1946.0,129.0,957.0,12.0,15.0,70.0,Senior
https://openalex.org/W2294434616,Guiding Dynamic Symbolic Execution toward Unverified Program Executions,ICSE,2016,https://openalex.org/A5087604407,Valentin Wüstholz,last,2009.0,56.0,811.0,17.0,22.0,7.0,Senior
https://openalex.org/W2367183013,"On the Techniques We Create, the Tools We Build, and Their Misalignments: A Study of KLEE",ICSE,2016,https://openalex.org/A5020000401,Eric F. Rizzi,first,2014.0,5.0,49.0,3.0,2.0,2.0,Junior
https://openalex.org/W2367183013,"On the Techniques We Create, the Tools We Build, and Their Misalignments: A Study of KLEE",ICSE,2016,https://openalex.org/A5025318877,Sebastian Elbaum,middle,1999.0,245.0,8842.0,43.0,122.0,17.0,Senior
https://openalex.org/W2367183013,"On the Techniques We Create, the Tools We Build, and Their Misalignments: A Study of KLEE",ICSE,2016,https://openalex.org/A5086757331,Matthew B. Dwyer,last,1994.0,304.0,10103.0,50.0,126.0,22.0,Senior
https://openalex.org/W2381207137,Termination-Checking for LLVM Peephole Optimizations,ICSE,2016,https://openalex.org/A5087342649,David Menendez,first,2012.0,13.0,243.0,6.0,6.0,4.0,Junior
https://openalex.org/W2381207137,Termination-Checking for LLVM Peephole Optimizations,ICSE,2016,https://openalex.org/A5011881274,Santosh Nagarakatte,last,1976.0,125.0,3175.0,25.0,47.0,40.0,Senior
https://openalex.org/W2374182234,VDTest: An Automated Framework to Support Testing for Virtual Devices,ICSE,2016,https://openalex.org/A5072070511,Tingting Yu,first,2009.0,132.0,1320.0,18.0,47.0,7.0,Senior
https://openalex.org/W2374182234,VDTest: An Automated Framework to Support Testing for Virtual Devices,ICSE,2016,https://openalex.org/A5100531293,Xiao Qu,middle,2000.0,101.0,787.0,12.0,15.0,16.0,Senior
https://openalex.org/W2374182234,VDTest: An Automated Framework to Support Testing for Virtual Devices,ICSE,2016,https://openalex.org/A5020147981,Myra B. Cohen,last,1968.0,173.0,6357.0,39.0,77.0,48.0,Senior
https://openalex.org/W2144160189,Work Practices and Challenges in Pull-Based Development: The Contributor's Perspective,ICSE,2016,https://openalex.org/A5043864604,Georgios Gousios,first,2005.0,142.0,5966.0,36.0,59.0,11.0,Senior
https://openalex.org/W2144160189,Work Practices and Challenges in Pull-Based Development: The Contributor's Perspective,ICSE,2016,https://openalex.org/A5038905934,Margaret‐Anne Storey,middle,1979.0,242.0,9583.0,51.0,120.0,37.0,Senior
https://openalex.org/W2144160189,Work Practices and Challenges in Pull-Based Development: The Contributor's Perspective,ICSE,2016,https://openalex.org/A5082720005,Alberto Bacchelli,last,2008.0,288.0,7121.0,43.0,101.0,8.0,Senior
https://openalex.org/W2552810632,Hierarchical Finite State Controllers for Generalized Planning,IJCAI,2016,https://openalex.org/A5086852785,Karl Friston,first,1970.0,1963.0,306061.0,262.0,1174.0,46.0,Senior
https://openalex.org/W2552810632,Hierarchical Finite State Controllers for Generalized Planning,IJCAI,2016,https://openalex.org/A5011377871,Thomas H. B. FitzGerald,middle,1993.0,57.0,7160.0,34.0,41.0,23.0,Senior
https://openalex.org/W2552810632,Hierarchical Finite State Controllers for Generalized Planning,IJCAI,2016,https://openalex.org/A5110418524,Francesco Rigoli,middle,2011.0,17.0,4023.0,11.0,11.0,5.0,Junior
https://openalex.org/W2552810632,Hierarchical Finite State Controllers for Generalized Planning,IJCAI,2016,https://openalex.org/A5000294737,Philipp Schwartenbeck,middle,2013.0,48.0,4560.0,22.0,27.0,3.0,Junior
https://openalex.org/W2552810632,Hierarchical Finite State Controllers for Generalized Planning,IJCAI,2016,https://openalex.org/A5053290697,Giovanni Pezzulo,last,1970.0,407.0,16788.0,59.0,191.0,46.0,Senior
https://openalex.org/W2492150193,Heavy-Ball: A New Approach to Tame Delay and Convergence in Wireless Network Optimization,INFOCOM,2016,https://openalex.org/A5100409661,Jia Liu,first,2000.0,155.0,2322.0,26.0,64.0,16.0,Senior
https://openalex.org/W2492150193,Heavy-Ball: A New Approach to Tame Delay and Convergence in Wireless Network Optimization,INFOCOM,2016,https://openalex.org/A5076974020,Atilla Eryılmaz,middle,2001.0,254.0,5033.0,35.0,93.0,15.0,Senior
https://openalex.org/W2492150193,Heavy-Ball: A New Approach to Tame Delay and Convergence in Wireless Network Optimization,INFOCOM,2016,https://openalex.org/A5035752536,Ness B. Shroff,middle,1950.0,682.0,20291.0,66.0,296.0,66.0,Senior
https://openalex.org/W2492150193,Heavy-Ball: A New Approach to Tame Delay and Convergence in Wireless Network Optimization,INFOCOM,2016,https://openalex.org/A5071876359,Elizabeth Serena Bentley,last,2008.0,140.0,845.0,16.0,29.0,8.0,Senior
https://openalex.org/W2348679751,FRAUDAR: Bounding Graph Fraud in the Face of Camouflage,KDD,2016,https://openalex.org/A5065675832,Bryan Hooi,first,2014.0,280.0,6309.0,37.0,84.0,2.0,Junior
https://openalex.org/W2348679751,FRAUDAR: Bounding Graph Fraud in the Face of Camouflage,KDD,2016,https://openalex.org/A5102944048,Hyun Ah Song,middle,1989.0,41.0,881.0,12.0,15.0,27.0,Senior
https://openalex.org/W2348679751,FRAUDAR: Bounding Graph Fraud in the Face of Camouflage,KDD,2016,https://openalex.org/A5080988309,Alex Beutel,middle,1954.0,122.0,5699.0,36.0,61.0,62.0,Senior
https://openalex.org/W2348679751,FRAUDAR: Bounding Graph Fraud in the Face of Camouflage,KDD,2016,https://openalex.org/A5101799872,Neil Shah,middle,1999.0,187.0,3291.0,25.0,53.0,17.0,Senior
https://openalex.org/W2348679751,FRAUDAR: Bounding Graph Fraud in the Face of Camouflage,KDD,2016,https://openalex.org/A5028609723,Kijung Shin,middle,1995.0,250.0,2823.0,28.0,69.0,21.0,Senior
https://openalex.org/W2348679751,FRAUDAR: Bounding Graph Fraud in the Face of Camouflage,KDD,2016,https://openalex.org/A5035605036,Christos Faloutsos,last,1982.0,970.0,82367.0,132.0,540.0,34.0,Senior
https://openalex.org/W2491263806,Value Iteration Networks,NeurIPS,2016,https://openalex.org/A5100320969,Sheng Chen,first,1986.0,1110.0,36846.0,80.0,486.0,30.0,Senior
https://openalex.org/W2491263806,Value Iteration Networks,NeurIPS,2016,https://openalex.org/A5100714793,Xia Hong,middle,1990.0,280.0,3404.0,30.0,78.0,26.0,Senior
https://openalex.org/W2491263806,Value Iteration Networks,NeurIPS,2016,https://openalex.org/A5072720196,Emad Khalaf,middle,2009.0,20.0,217.0,8.0,8.0,7.0,Senior
https://openalex.org/W2491263806,Value Iteration Networks,NeurIPS,2016,https://openalex.org/A5080263475,Fuad E. Alsaadi,middle,2004.0,465.0,23851.0,81.0,388.0,12.0,Senior
https://openalex.org/W2491263806,Value Iteration Networks,NeurIPS,2016,https://openalex.org/A5067133312,C.J. Harris,last,1971.0,589.0,11487.0,53.0,195.0,45.0,Senior
https://openalex.org/W2576393274,Push-Button Verification of File Systems via Crash Refinement,OSDI,2016,https://openalex.org/A5045162159,Helgi Sigurbjarnarson,first,2014.0,7.0,161.0,3.0,3.0,2.0,Junior
https://openalex.org/W2576393274,Push-Button Verification of File Systems via Crash Refinement,OSDI,2016,https://openalex.org/A5055964348,James Bornholt,middle,2012.0,44.0,1524.0,20.0,25.0,4.0,Junior
https://openalex.org/W2576393274,Push-Button Verification of File Systems via Crash Refinement,OSDI,2016,https://openalex.org/A5088791029,Emina Torlak,middle,2004.0,82.0,3204.0,28.0,47.0,12.0,Senior
https://openalex.org/W2576393274,Push-Button Verification of File Systems via Crash Refinement,OSDI,2016,https://openalex.org/A5039213137,Xi Wang,last,1996.0,147.0,1151.0,18.0,26.0,20.0,Senior
https://openalex.org/W2414762192,Into the Depths of C: Elaborating the De Facto Standards,PLDI,2016,https://openalex.org/A5013809751,Kayvan Memarian,first,2012.0,28.0,856.0,12.0,14.0,4.0,Junior
https://openalex.org/W2414762192,Into the Depths of C: Elaborating the De Facto Standards,PLDI,2016,https://openalex.org/A5051217958,Justus Matthiesen,middle,2015.0,4.0,118.0,3.0,3.0,1.0,Junior
https://openalex.org/W2414762192,Into the Depths of C: Elaborating the De Facto Standards,PLDI,2016,https://openalex.org/A5081440491,James Lingard,middle,2016.0,3.0,100.0,2.0,2.0,0.0,Junior
https://openalex.org/W2414762192,Into the Depths of C: Elaborating the De Facto Standards,PLDI,2016,https://openalex.org/A5018775869,Kyndylan Nienhuis,middle,2012.0,11.0,343.0,7.0,7.0,4.0,Junior
https://openalex.org/W2414762192,Into the Depths of C: Elaborating the De Facto Standards,PLDI,2016,https://openalex.org/A5003350033,David Chisnall,middle,2004.0,75.0,2065.0,22.0,34.0,12.0,Senior
https://openalex.org/W2414762192,Into the Depths of C: Elaborating the De Facto Standards,PLDI,2016,https://openalex.org/A5013006563,Robert N. M. Watson,middle,1959.0,124.0,3203.0,30.0,57.0,57.0,Senior
https://openalex.org/W2414762192,Into the Depths of C: Elaborating the De Facto Standards,PLDI,2016,https://openalex.org/A5083405043,Peter Sewell,last,1970.0,182.0,7425.0,47.0,100.0,46.0,Senior
https://openalex.org/W2413028252,Transactional Data Structure Libraries,PLDI,2016,https://openalex.org/A5021229048,Alexander Spiegelman,first,2015.0,86.0,1318.0,15.0,20.0,1.0,Junior
https://openalex.org/W2413028252,Transactional Data Structure Libraries,PLDI,2016,https://openalex.org/A5054069870,Guy Golan-Gueta,middle,2011.0,28.0,427.0,10.0,11.0,5.0,Junior
https://openalex.org/W2413028252,Transactional Data Structure Libraries,PLDI,2016,https://openalex.org/A5059238786,Idit Keidar,last,1995.0,266.0,4807.0,38.0,93.0,21.0,Senior
https://openalex.org/W2386500332,Types from data: Making structured data first-class citizens in F#,PLDI,2016,https://openalex.org/A5036969978,Tomáš Petříček,first,2007.0,11.0,62.0,3.0,3.0,9.0,Senior
https://openalex.org/W2386500332,Types from data: Making structured data first-class citizens in F#,PLDI,2016,https://openalex.org/A5014050315,Gustavo Guerra,middle,2016.0,4.0,24.0,2.0,1.0,0.0,Junior
https://openalex.org/W2386500332,Types from data: Making structured data first-class citizens in F#,PLDI,2016,https://openalex.org/A5109030480,Don Syme,last,1999.0,139.0,1082.0,17.0,23.0,17.0,Senior
https://openalex.org/W2408975894,Assessing the limits of program-specific garbage collection performance,PLDI,2016,https://openalex.org/A5013744700,Nicholas Jacek,first,2013.0,7.0,74.0,5.0,1.0,3.0,Junior
https://openalex.org/W2408975894,Assessing the limits of program-specific garbage collection performance,PLDI,2016,https://openalex.org/A5084821901,Meng‐Chieh Chiu,middle,2000.0,13.0,532.0,7.0,4.0,16.0,Senior
https://openalex.org/W2408975894,Assessing the limits of program-specific garbage collection performance,PLDI,2016,https://openalex.org/A5023142437,Benjamin M. Marlin,middle,2003.0,152.0,4599.0,32.0,59.0,13.0,Senior
https://openalex.org/W2408975894,Assessing the limits of program-specific garbage collection performance,PLDI,2016,https://openalex.org/A5015046489,J. Eliot B. Moss,last,1974.0,240.0,9586.0,43.0,94.0,42.0,Senior
https://openalex.org/W2963560792,FAQ: Questions Asked Frequently,PODS,2016,https://openalex.org/A5034538466,Mahmoud Abo Khamis,first,2014.0,74.0,754.0,13.0,16.0,2.0,Junior
https://openalex.org/W2963560792,FAQ: Questions Asked Frequently,PODS,2016,https://openalex.org/A5062573204,Hung Q. Ngo,middle,1999.0,144.0,3438.0,31.0,67.0,17.0,Senior
https://openalex.org/W2963560792,FAQ: Questions Asked Frequently,PODS,2016,https://openalex.org/A5001041485,Atri Rudra,last,2001.0,190.0,3809.0,31.0,67.0,15.0,Senior
https://openalex.org/W2511192821,A2: Analog Malicious Hardware,S&P,2016,https://openalex.org/A5076619099,Kaiyuan Yang,first,1993.0,203.0,3993.0,34.0,89.0,23.0,Senior
https://openalex.org/W2511192821,A2: Analog Malicious Hardware,S&P,2016,https://openalex.org/A5048181945,Matthew Hicks,middle,2007.0,64.0,1735.0,16.0,23.0,9.0,Senior
https://openalex.org/W2511192821,A2: Analog Malicious Hardware,S&P,2016,https://openalex.org/A5007468197,Qing Dong,middle,2006.0,82.0,2323.0,23.0,38.0,10.0,Senior
https://openalex.org/W2511192821,A2: Analog Malicious Hardware,S&P,2016,https://openalex.org/A5113456715,Todd Austin,middle,1990.0,197.0,15238.0,48.0,95.0,26.0,Senior
https://openalex.org/W2511192821,A2: Analog Malicious Hardware,S&P,2016,https://openalex.org/A5000767141,Dennis Sylvester,last,1997.0,745.0,25544.0,84.0,439.0,19.0,Senior
https://openalex.org/W2989358216,Don't Mind the Gap: Bridging Network-wide Objectives and Device-level Configurations,SIGCOMM,2016,https://openalex.org/A5075133765,Ryan Beckett,first,1982.0,66.0,1024.0,16.0,22.0,34.0,Senior
https://openalex.org/W2989358216,Don't Mind the Gap: Bridging Network-wide Objectives and Device-level Configurations,SIGCOMM,2016,https://openalex.org/A5013518229,Ratul Mahajan,middle,1991.0,203.0,17362.0,60.0,117.0,25.0,Senior
https://openalex.org/W2989358216,Don't Mind the Gap: Bridging Network-wide Objectives and Device-level Configurations,SIGCOMM,2016,https://openalex.org/A5014067492,Todd Millstein,middle,1997.0,183.0,6481.0,44.0,91.0,19.0,Senior
https://openalex.org/W2989358216,Don't Mind the Gap: Bridging Network-wide Objectives and Device-level Configurations,SIGCOMM,2016,https://openalex.org/A5112001300,Jitendra Padhye,middle,1995.0,113.0,22775.0,52.0,82.0,21.0,Senior
https://openalex.org/W2989358216,Don't Mind the Gap: Bridging Network-wide Objectives and Device-level Configurations,SIGCOMM,2016,https://openalex.org/A5049454219,David Walker,last,1978.0,237.0,14426.0,52.0,129.0,38.0,Senior
https://openalex.org/W2488265751,Eliminating Channel Feedback in Next-Generation Cellular Networks,SIGCOMM,2016,https://openalex.org/A5034738254,Deepak Vasisht,first,2014.0,83.0,2811.0,19.0,27.0,2.0,Junior
https://openalex.org/W2488265751,Eliminating Channel Feedback in Next-Generation Cellular Networks,SIGCOMM,2016,https://openalex.org/A5042675455,Swarun Kumar,middle,1987.0,185.0,4645.0,36.0,65.0,29.0,Senior
https://openalex.org/W2488265751,Eliminating Channel Feedback in Next-Generation Cellular Networks,SIGCOMM,2016,https://openalex.org/A5046388822,Hariharan Rahul,middle,1999.0,51.0,6262.0,26.0,29.0,17.0,Senior
https://openalex.org/W2488265751,Eliminating Channel Feedback in Next-Generation Cellular Networks,SIGCOMM,2016,https://openalex.org/A5052959289,Dina Katabi,last,1998.0,306.0,33053.0,92.0,203.0,18.0,Senior
https://openalex.org/W2950280161,Inter-Technology Backscatter: Towards Internet Connectivity for Implanted Devices,SIGCOMM,2016,https://openalex.org/A5080282367,Vikram Iyer,first,2009.0,81.0,2243.0,21.0,32.0,7.0,Senior
https://openalex.org/W2950280161,Inter-Technology Backscatter: Towards Internet Connectivity for Implanted Devices,SIGCOMM,2016,https://openalex.org/A5042415093,Vamsi Talla,middle,2009.0,37.0,4104.0,19.0,22.0,7.0,Senior
https://openalex.org/W2950280161,Inter-Technology Backscatter: Towards Internet Connectivity for Implanted Devices,SIGCOMM,2016,https://openalex.org/A5030516279,Bryce Kellogg,middle,2014.0,26.0,3068.0,19.0,20.0,2.0,Junior
https://openalex.org/W2950280161,Inter-Technology Backscatter: Towards Internet Connectivity for Implanted Devices,SIGCOMM,2016,https://openalex.org/A5011077730,Shyamnath Gollakota,middle,2006.0,174.0,14018.0,51.0,94.0,10.0,Senior
https://openalex.org/W2950280161,Inter-Technology Backscatter: Towards Internet Connectivity for Implanted Devices,SIGCOMM,2016,https://openalex.org/A5019043770,Joshua R. Smith,last,1959.0,230.0,15330.0,60.0,132.0,57.0,Senior
https://openalex.org/W2340380384,Understanding Information Need: An fMRI Study,SIGIR,2016,https://openalex.org/A5059100610,Yashar Moshfeghi,first,2007.0,170.0,1804.0,23.0,46.0,9.0,Senior
https://openalex.org/W2340380384,Understanding Information Need: An fMRI Study,SIGIR,2016,https://openalex.org/A5052475427,Peter Triantafillou,middle,1990.0,373.0,4342.0,33.0,110.0,26.0,Senior
https://openalex.org/W2340380384,Understanding Information Need: An fMRI Study,SIGIR,2016,https://openalex.org/A5054643754,Frank Pollick,last,1983.0,283.0,6999.0,41.0,104.0,33.0,Senior
https://openalex.org/W2339552468,On the Duration and Intensity of Competitions in Nonlinear Pólya Urn Processes with Fitness,SIGMETRICS,2016,https://openalex.org/A5101597771,Bo Jiang,first,2010.0,33.0,141.0,7.0,5.0,6.0,Senior
https://openalex.org/W2339552468,On the Duration and Intensity of Competitions in Nonlinear Pólya Urn Processes with Fitness,SIGMETRICS,2016,https://openalex.org/A5082628103,Daniel R. Figueiredo,middle,2000.0,122.0,2227.0,16.0,21.0,16.0,Senior
https://openalex.org/W2339552468,On the Duration and Intensity of Competitions in Nonlinear Pólya Urn Processes with Fitness,SIGMETRICS,2016,https://openalex.org/A5035917702,Bruno Ribeiro,middle,2001.0,183.0,2582.0,26.0,47.0,15.0,Senior
https://openalex.org/W2339552468,On the Duration and Intensity of Competitions in Nonlinear Pólya Urn Processes with Fitness,SIGMETRICS,2016,https://openalex.org/A5036683370,Don Towsley,last,1800.0,1252.0,57748.0,116.0,641.0,216.0,Senior
https://openalex.org/W2421547754,Wander Join: Online Aggregation via Random Walks,SIGMOD,2016,https://openalex.org/A5100450462,Li Fei-Fei,first,2001.0,753.0,220676.0,137.0,429.0,15.0,Senior
https://openalex.org/W2421547754,Wander Join: Online Aggregation via Random Walks,SIGMOD,2016,https://openalex.org/A5007360737,Bin Wu,middle,1982.0,130.0,1961.0,26.0,45.0,34.0,Senior
https://openalex.org/W2421547754,Wander Join: Online Aggregation via Random Walks,SIGMOD,2016,https://openalex.org/A5009196125,Ke Yi,middle,1999.0,301.0,6062.0,43.0,113.0,17.0,Senior
https://openalex.org/W2421547754,Wander Join: Online Aggregation via Random Walks,SIGMOD,2016,https://openalex.org/A5082679208,Zhuoyue Zhao,last,2016.0,23.0,411.0,9.0,8.0,0.0,Junior
https://openalex.org/W2953390354,An Improved Distributed Algorithm for Maximal Independent Set,SODA,2016,https://openalex.org/A5088284921,Mohsen Ghaffari,first,2008.0,206.0,2409.0,27.0,67.0,8.0,Senior
https://openalex.org/W3163127969,Near-Optimal Light Spanners,SODA,2016,https://openalex.org/A5066485203,Shiri Chechik,first,2009.0,121.0,1303.0,20.0,39.0,7.0,Senior
https://openalex.org/W3163127969,Near-Optimal Light Spanners,SODA,2016,https://openalex.org/A5077977985,Christian Wulff‐Nilsen,last,2006.0,111.0,1062.0,20.0,36.0,10.0,Senior
https://openalex.org/W2963024133,Reed-Muller Codes Achieve Capacity on Erasure Channels,STOC,2016,https://openalex.org/A5030079757,Shrinivas Kudekar,first,2006.0,60.0,1830.0,17.0,22.0,10.0,Senior
https://openalex.org/W2963024133,Reed-Muller Codes Achieve Capacity on Erasure Channels,STOC,2016,https://openalex.org/A5101788564,Santhosh Kumar,middle,2002.0,23.0,1037.0,9.0,9.0,14.0,Senior
https://openalex.org/W2963024133,Reed-Muller Codes Achieve Capacity on Erasure Channels,STOC,2016,https://openalex.org/A5061114394,Marco Mondelli,middle,2011.0,139.0,977.0,15.0,24.0,5.0,Junior
https://openalex.org/W2963024133,Reed-Muller Codes Achieve Capacity on Erasure Channels,STOC,2016,https://openalex.org/A5034044119,Henry D. Pfister,middle,1995.0,259.0,4765.0,34.0,83.0,21.0,Senior
https://openalex.org/W2963024133,Reed-Muller Codes Achieve Capacity on Erasure Channels,STOC,2016,https://openalex.org/A5019353548,Eren Şaşoğlu,middle,2008.0,35.0,1699.0,17.0,23.0,8.0,Senior
https://openalex.org/W2963024133,Reed-Muller Codes Achieve Capacity on Erasure Channels,STOC,2016,https://openalex.org/A5058759310,Rüdiger Urbanke,last,1994.0,251.0,22127.0,51.0,122.0,22.0,Senior
https://openalex.org/W2397754814,Explicit Two-Source Extractors and Resilient Functions,STOC,2016,https://openalex.org/A5045073799,Eshan Chattopadhyay,first,2012.0,57.0,304.0,6.0,5.0,4.0,Junior
https://openalex.org/W2397754814,Explicit Two-Source Extractors and Resilient Functions,STOC,2016,https://openalex.org/A5052332525,David Zuckerman,last,1989.0,151.0,7318.0,44.0,82.0,27.0,Senior
https://openalex.org/W2409645877,Graph Isomorphism in Quasipolynomial Time,STOC,2016,https://openalex.org/A5014978503,László Babai,first,1972.0,214.0,14904.0,57.0,148.0,44.0,Senior
https://openalex.org/W2537074996,Rovables: Miniature On-Body Robots as Mobile Wearables,UIST,2016,https://openalex.org/A5101796605,Artem Dementyev,first,2013.0,33.0,1244.0,16.0,20.0,3.0,Junior
https://openalex.org/W2537074996,Rovables: Miniature On-Body Robots as Mobile Wearables,UIST,2016,https://openalex.org/A5002723576,Hsin-Liu Kao,middle,2011.0,82.0,1598.0,22.0,37.0,5.0,Junior
https://openalex.org/W2537074996,Rovables: Miniature On-Body Robots as Mobile Wearables,UIST,2016,https://openalex.org/A5103014803,Inrak Choi,middle,2002.0,22.0,1168.0,12.0,12.0,14.0,Senior
https://openalex.org/W2537074996,Rovables: Miniature On-Body Robots as Mobile Wearables,UIST,2016,https://openalex.org/A5085306711,Deborah Ajilo,middle,2015.0,5.0,144.0,3.0,2.0,1.0,Junior
https://openalex.org/W2537074996,Rovables: Miniature On-Body Robots as Mobile Wearables,UIST,2016,https://openalex.org/A5059997035,Maggie Xu,middle,2008.0,6.0,272.0,5.0,4.0,8.0,Senior
https://openalex.org/W2537074996,Rovables: Miniature On-Body Robots as Mobile Wearables,UIST,2016,https://openalex.org/A5086159548,Joseph A. Paradiso,middle,1970.0,358.0,13329.0,53.0,167.0,46.0,Senior
https://openalex.org/W2537074996,Rovables: Miniature On-Body Robots as Mobile Wearables,UIST,2016,https://openalex.org/A5111405419,Chris Schmandt,middle,1984.0,86.0,3777.0,34.0,56.0,32.0,Senior
https://openalex.org/W2537074996,Rovables: Miniature On-Body Robots as Mobile Wearables,UIST,2016,https://openalex.org/A5039900558,Sean Follmer,last,2008.0,161.0,6441.0,46.0,83.0,8.0,Senior
https://openalex.org/W2533619018,Zooids: Building Blocks for Swarm User Interfaces,UIST,2016,https://openalex.org/A5041275294,Mathieu Le Goc,first,2012.0,24.0,539.0,9.0,8.0,4.0,Junior
https://openalex.org/W2533619018,Zooids: Building Blocks for Swarm User Interfaces,UIST,2016,https://openalex.org/A5065221891,Lawrence H. Kim,middle,2010.0,46.0,874.0,13.0,16.0,6.0,Senior
https://openalex.org/W2533619018,Zooids: Building Blocks for Swarm User Interfaces,UIST,2016,https://openalex.org/A5032788742,Ali Parsaei,middle,2016.0,4.0,255.0,1.0,1.0,0.0,Junior
https://openalex.org/W2533619018,Zooids: Building Blocks for Swarm User Interfaces,UIST,2016,https://openalex.org/A5060725233,Jean‐Daniel Fekete,middle,1969.0,412.0,12124.0,54.0,130.0,47.0,Senior
https://openalex.org/W2533619018,Zooids: Building Blocks for Swarm User Interfaces,UIST,2016,https://openalex.org/A5032305401,Pierre Dragicevic,middle,1998.0,172.0,6531.0,43.0,73.0,18.0,Senior
https://openalex.org/W2533619018,Zooids: Building Blocks for Swarm User Interfaces,UIST,2016,https://openalex.org/A5039900558,Sean Follmer,last,2008.0,161.0,6441.0,46.0,83.0,8.0,Senior
https://openalex.org/W2539017927,proCover: Sensory Augmentation of Prosthetic Limbs Using Smart Textile Covers,UIST,2016,https://openalex.org/A5020423438,Joanne Leong,first,1979.0,35.0,1048.0,16.0,21.0,37.0,Senior
https://openalex.org/W2539017927,proCover: Sensory Augmentation of Prosthetic Limbs Using Smart Textile Covers,UIST,2016,https://openalex.org/A5019954653,Patrick Parzer,middle,2014.0,9.0,653.0,9.0,9.0,2.0,Junior
https://openalex.org/W2539017927,proCover: Sensory Augmentation of Prosthetic Limbs Using Smart Textile Covers,UIST,2016,https://openalex.org/A5060423255,Florian Perteneder,middle,2009.0,30.0,563.0,13.0,16.0,7.0,Senior
https://openalex.org/W2539017927,proCover: Sensory Augmentation of Prosthetic Limbs Using Smart Textile Covers,UIST,2016,https://openalex.org/A5033561735,Teo Babic,middle,2016.0,9.0,248.0,7.0,6.0,0.0,Junior
https://openalex.org/W2539017927,proCover: Sensory Augmentation of Prosthetic Limbs Using Smart Textile Covers,UIST,2016,https://openalex.org/A5105368417,Christian Rendl,middle,2009.0,18.0,565.0,11.0,12.0,7.0,Senior
https://openalex.org/W2539017927,proCover: Sensory Augmentation of Prosthetic Limbs Using Smart Textile Covers,UIST,2016,https://openalex.org/A5057440817,Anita Vogl,middle,2015.0,9.0,403.0,5.0,5.0,1.0,Junior
https://openalex.org/W2539017927,proCover: Sensory Augmentation of Prosthetic Limbs Using Smart Textile Covers,UIST,2016,https://openalex.org/A5087787572,Hubert Egger,middle,2016.0,1.0,66.0,1.0,1.0,0.0,Junior
https://openalex.org/W2539017927,proCover: Sensory Augmentation of Prosthetic Limbs Using Smart Textile Covers,UIST,2016,https://openalex.org/A5016503150,Alex Olwal,middle,2003.0,105.0,3982.0,33.0,53.0,13.0,Senior
https://openalex.org/W2539017927,proCover: Sensory Augmentation of Prosthetic Limbs Using Smart Textile Covers,UIST,2016,https://openalex.org/A5009340165,Michael Haller,last,1958.0,243.0,4669.0,37.0,106.0,58.0,Senior
https://openalex.org/W2538172027,ViBand: High-Fidelity Bio-Acoustic Sensing Using Commodity Smartwatch Accelerometers,UIST,2016,https://openalex.org/A5039125132,Gierad Laput,first,2012.0,56.0,2627.0,26.0,39.0,4.0,Junior
https://openalex.org/W2538172027,ViBand: High-Fidelity Bio-Acoustic Sensing Using Commodity Smartwatch Accelerometers,UIST,2016,https://openalex.org/A5012394116,Robert Xiao,middle,1998.0,116.0,2905.0,30.0,46.0,18.0,Senior
https://openalex.org/W2538172027,ViBand: High-Fidelity Bio-Acoustic Sensing Using Commodity Smartwatch Accelerometers,UIST,2016,https://openalex.org/A5029290807,Chris Harrison,last,1987.0,201.0,10902.0,57.0,125.0,29.0,Senior
https://openalex.org/W4234138276,Compressed Linear Algebra for Large-Scale Machine Learning,VLDB,2016,https://openalex.org/A5112242537,Ahmed Elgohary,first,1974.0,75.0,3411.0,22.0,29.0,42.0,Senior
https://openalex.org/W4234138276,Compressed Linear Algebra for Large-Scale Machine Learning,VLDB,2016,https://openalex.org/A5053153176,Matthias Böehm,middle,2008.0,102.0,1544.0,19.0,28.0,8.0,Senior
https://openalex.org/W4234138276,Compressed Linear Algebra for Large-Scale Machine Learning,VLDB,2016,https://openalex.org/A5090729930,Peter J. Haas,middle,1974.0,392.0,15582.0,57.0,203.0,42.0,Senior
https://openalex.org/W4234138276,Compressed Linear Algebra for Large-Scale Machine Learning,VLDB,2016,https://openalex.org/A5074416632,Frederick Reiss,middle,1912.0,78.0,3297.0,23.0,38.0,104.0,Senior
https://openalex.org/W4234138276,Compressed Linear Algebra for Large-Scale Machine Learning,VLDB,2016,https://openalex.org/A5036119025,Berthold Reinwald,last,1990.0,113.0,2832.0,26.0,47.0,26.0,Senior
https://openalex.org/W2262364653,Social Networks Under Stress,WWW,2016,https://openalex.org/A5064158757,Daniel M. Romero,first,1988.0,115.0,4979.0,27.0,44.0,28.0,Senior
https://openalex.org/W2262364653,Social Networks Under Stress,WWW,2016,https://openalex.org/A5015711710,Brian Uzzi,middle,1990.0,191.0,38320.0,52.0,77.0,26.0,Senior
https://openalex.org/W2262364653,Social Networks Under Stress,WWW,2016,https://openalex.org/A5055710645,Jon Kleinberg,last,1956.0,562.0,88367.0,115.0,293.0,60.0,Senior
https://openalex.org/W2211594368,From Non-Negative to General Operator Cost Partitioning,AAAI,2015,https://openalex.org/A5078625191,Florian Pommerening,first,2009.0,63.0,552.0,12.0,15.0,6.0,Senior
https://openalex.org/W2211594368,From Non-Negative to General Operator Cost Partitioning,AAAI,2015,https://openalex.org/A5033577488,Malte Helmert,middle,1966.0,218.0,4491.0,38.0,80.0,49.0,Senior
https://openalex.org/W2211594368,From Non-Negative to General Operator Cost Partitioning,AAAI,2015,https://openalex.org/A5021336998,Gabriele Röger,middle,2006.0,51.0,865.0,15.0,18.0,9.0,Senior
https://openalex.org/W2211594368,From Non-Negative to General Operator Cost Partitioning,AAAI,2015,https://openalex.org/A5031089257,Jendrik Seipp,last,2011.0,122.0,609.0,15.0,17.0,4.0,Junior
https://openalex.org/W2137231986,Learning Dynamic Feature Selection for Fast Sequential Prediction,ACL,2015,https://openalex.org/A5051203366,Emma Strubell,first,2012.0,138.0,3612.0,22.0,34.0,3.0,Junior
https://openalex.org/W2137231986,Learning Dynamic Feature Selection for Fast Sequential Prediction,ACL,2015,https://openalex.org/A5016501970,Luke Vilnis,middle,2013.0,35.0,2006.0,14.0,15.0,2.0,Junior
https://openalex.org/W2137231986,Learning Dynamic Feature Selection for Fast Sequential Prediction,ACL,2015,https://openalex.org/A5074887814,Kate Silverstein,middle,2013.0,7.0,19.0,3.0,0.0,2.0,Junior
https://openalex.org/W2137231986,Learning Dynamic Feature Selection for Fast Sequential Prediction,ACL,2015,https://openalex.org/A5107835063,Andrew McCallum,last,1980.0,400.0,51567.0,82.0,209.0,35.0,Senior
https://openalex.org/W2251557434,Improving Evaluation of Machine Translation Quality Estimation,ACL,2015,https://openalex.org/A5020500064,Yvette Graham,first,2006.0,109.0,4682.0,28.0,43.0,9.0,Senior
https://openalex.org/W1974329625,Affordance++: Allowing Objects to Communicate Dynamic Use,CHI,2015,https://openalex.org/A5052549454,Pedro Lopes,first,1990.0,180.0,4858.0,37.0,78.0,25.0,Senior
https://openalex.org/W1974329625,Affordance++: Allowing Objects to Communicate Dynamic Use,CHI,2015,https://openalex.org/A5088559756,Patrik Jonell,middle,2012.0,73.0,455.0,10.0,10.0,3.0,Junior
https://openalex.org/W1974329625,Affordance++: Allowing Objects to Communicate Dynamic Use,CHI,2015,https://openalex.org/A5010621134,Patrick Baudisch,last,1996.0,240.0,12601.0,65.0,137.0,19.0,Senior
https://openalex.org/W2077940530,VelociTap: Investigating Fast Mobile Text Entry using Sentence-Based Decoding of Touchscreen Keyboard Input,CHI,2015,https://openalex.org/A5030075645,Keith Vertanen,first,1997.0,84.0,1803.0,21.0,31.0,18.0,Senior
https://openalex.org/W2077940530,VelociTap: Investigating Fast Mobile Text Entry using Sentence-Based Decoding of Touchscreen Keyboard Input,CHI,2015,https://openalex.org/A5013958366,Haythem Memmi,middle,2013.0,3.0,146.0,3.0,2.0,2.0,Junior
https://openalex.org/W2077940530,VelociTap: Investigating Fast Mobile Text Entry using Sentence-Based Decoding of Touchscreen Keyboard Input,CHI,2015,https://openalex.org/A5013050933,Justin Emge,middle,2014.0,2.0,133.0,2.0,1.0,1.0,Junior
https://openalex.org/W2077940530,VelociTap: Investigating Fast Mobile Text Entry using Sentence-Based Decoding of Touchscreen Keyboard Input,CHI,2015,https://openalex.org/A5109263062,Shyam Reyal,middle,2015.0,24.0,328.0,6.0,4.0,0.0,Junior
https://openalex.org/W2077940530,VelociTap: Investigating Fast Mobile Text Entry using Sentence-Based Decoding of Touchscreen Keyboard Input,CHI,2015,https://openalex.org/A5042452579,Per Ola Kristensson,last,2003.0,392.0,7011.0,45.0,118.0,12.0,Senior
https://openalex.org/W2171022339,What Makes Interruptions Disruptive?: A Process-Model Account of the Effects of the Problem State Bottleneck on Task Interruption and Resumption,CHI,2015,https://openalex.org/A5047208930,Jelmer P. Borst,first,2006.0,122.0,2644.0,27.0,48.0,9.0,Senior
https://openalex.org/W2171022339,What Makes Interruptions Disruptive?: A Process-Model Account of the Effects of the Problem State Bottleneck on Task Interruption and Resumption,CHI,2015,https://openalex.org/A5069787995,Niels Taatgen,middle,1994.0,267.0,9653.0,45.0,102.0,21.0,Senior
https://openalex.org/W2171022339,What Makes Interruptions Disruptive?: A Process-Model Account of the Effects of the Problem State Bottleneck on Task Interruption and Resumption,CHI,2015,https://openalex.org/A5035761327,Hedderik van Rijn,last,1999.0,315.0,6893.0,43.0,108.0,16.0,Senior
https://openalex.org/W1993143504,Lightweight Relief Shearing for Enhanced Terrain Perception on Interactive Maps,CHI,2015,https://openalex.org/A5079469658,Wesley Willett,first,2005.0,103.0,2761.0,25.0,45.0,10.0,Senior
https://openalex.org/W1993143504,Lightweight Relief Shearing for Enhanced Terrain Perception on Interactive Maps,CHI,2015,https://openalex.org/A5070162998,Bernhard Jenny,middle,1975.0,262.0,3656.0,35.0,95.0,40.0,Senior
https://openalex.org/W1993143504,Lightweight Relief Shearing for Enhanced Terrain Perception on Interactive Maps,CHI,2015,https://openalex.org/A5083454802,Tobias Isenberg,middle,1999.0,239.0,5724.0,41.0,105.0,16.0,Senior
https://openalex.org/W1993143504,Lightweight Relief Shearing for Enhanced Terrain Perception on Interactive Maps,CHI,2015,https://openalex.org/A5032305401,Pierre Dragicevic,last,1998.0,172.0,6531.0,43.0,73.0,17.0,Senior
https://openalex.org/W2169549255,The Social Impact of a Robot Co-Worker in Industrial Settings,CHI,2015,https://openalex.org/A5073533400,Allison Sauppé,first,2014.0,18.0,769.0,11.0,12.0,1.0,Junior
https://openalex.org/W2169549255,The Social Impact of a Robot Co-Worker in Industrial Settings,CHI,2015,https://openalex.org/A5017344436,Bilge Mutlu,last,2005.0,322.0,11203.0,59.0,160.0,10.0,Senior
https://openalex.org/W2114469472,Sangeet Swara: A Community-Moderated Voice Forum in Rural India,CHI,2015,https://openalex.org/A5072922547,Aditya Vashistha,first,2010.0,115.0,1735.0,25.0,52.0,5.0,Junior
https://openalex.org/W2114469472,Sangeet Swara: A Community-Moderated Voice Forum in Rural India,CHI,2015,https://openalex.org/A5023381858,Edward Cutrell,middle,1992.0,156.0,9299.0,51.0,116.0,23.0,Senior
https://openalex.org/W2114469472,Sangeet Swara: A Community-Moderated Voice Forum in Rural India,CHI,2015,https://openalex.org/A5104065501,Gaetano Borriello,middle,1984.0,243.0,12787.0,54.0,139.0,31.0,Senior
https://openalex.org/W2114469472,Sangeet Swara: A Community-Moderated Voice Forum in Rural India,CHI,2015,https://openalex.org/A5112027527,William Thies,last,1989.0,109.0,6162.0,35.0,75.0,26.0,Senior
https://openalex.org/W2171206549,Understanding and Supporting Fathers and Fatherhood on Social Media Sites,CHI,2015,https://openalex.org/A5064547400,Tawfiq Ammari,first,2013.0,56.0,1609.0,17.0,20.0,2.0,Junior
https://openalex.org/W2171206549,Understanding and Supporting Fathers and Fatherhood on Social Media Sites,CHI,2015,https://openalex.org/A5021777354,Sarita Schoenebeck,last,2013.0,82.0,5667.0,36.0,54.0,2.0,Junior
https://openalex.org/W2071865879,Patina Engraver: Visualizing Activity Logs as Patina in Fashionable Trackers,CHI,2015,https://openalex.org/A5051977325,Moon-Hwan Lee,first,1998.0,46.0,362.0,12.0,12.0,17.0,Senior
https://openalex.org/W2071865879,Patina Engraver: Visualizing Activity Logs as Patina in Fashionable Trackers,CHI,2015,https://openalex.org/A5065073074,Seijin Cha,middle,2015.0,6.0,68.0,3.0,2.0,0.0,Junior
https://openalex.org/W2071865879,Patina Engraver: Visualizing Activity Logs as Patina in Fashionable Trackers,CHI,2015,https://openalex.org/A5014268612,Tek-Jin Nam,last,1997.0,150.0,1511.0,22.0,45.0,18.0,Senior
https://openalex.org/W2162482411,Fluid Grouping: Quantifying Group Engagement around Interactive Tabletop Exhibits in the Wild,CHI,2015,https://openalex.org/A5049952020,Florian Block,first,2004.0,72.0,1083.0,18.0,27.0,11.0,Senior
https://openalex.org/W2162482411,Fluid Grouping: Quantifying Group Engagement around Interactive Tabletop Exhibits in the Wild,CHI,2015,https://openalex.org/A5050003935,James Hammerman,middle,1995.0,30.0,432.0,8.0,7.0,20.0,Senior
https://openalex.org/W2162482411,Fluid Grouping: Quantifying Group Engagement around Interactive Tabletop Exhibits in the Wild,CHI,2015,https://openalex.org/A5078687182,Michael Horn,middle,1974.0,241.0,6756.0,38.0,71.0,41.0,Senior
https://openalex.org/W2162482411,Fluid Grouping: Quantifying Group Engagement around Interactive Tabletop Exhibits in the Wild,CHI,2015,https://openalex.org/A5015147785,Amy Spiegel,middle,1973.0,54.0,1019.0,15.0,21.0,42.0,Senior
https://openalex.org/W2162482411,Fluid Grouping: Quantifying Group Engagement around Interactive Tabletop Exhibits in the Wild,CHI,2015,https://openalex.org/A5108400576,J. Christiansen,middle,1922.0,132.0,3070.0,22.0,32.0,93.0,Senior
https://openalex.org/W2162482411,Fluid Grouping: Quantifying Group Engagement around Interactive Tabletop Exhibits in the Wild,CHI,2015,https://openalex.org/A5056557824,Brenda Phillips,middle,2007.0,19.0,622.0,10.0,10.0,8.0,Senior
https://openalex.org/W2162482411,Fluid Grouping: Quantifying Group Engagement around Interactive Tabletop Exhibits in the Wild,CHI,2015,https://openalex.org/A5018629002,Judy Diamond,middle,1957.0,103.0,2194.0,28.0,38.0,58.0,Senior
https://openalex.org/W2162482411,Fluid Grouping: Quantifying Group Engagement around Interactive Tabletop Exhibits in the Wild,CHI,2015,https://openalex.org/A5058190042,E. Margaret Evans,middle,1925.0,58.0,3432.0,31.0,37.0,90.0,Senior
https://openalex.org/W2162482411,Fluid Grouping: Quantifying Group Engagement around Interactive Tabletop Exhibits in the Wild,CHI,2015,https://openalex.org/A5109811954,Chia Shen,last,1986.0,122.0,5035.0,38.0,70.0,29.0,Senior
https://openalex.org/W1972988737,Resilience Mitigates the Negative Effects of Adolescent Internet Addiction and Online Risk Exposure,CHI,2015,https://openalex.org/A5032530421,Pamela Wiśniewski,first,2011.0,313.0,5803.0,43.0,144.0,4.0,Junior
https://openalex.org/W1972988737,Resilience Mitigates the Negative Effects of Adolescent Internet Addiction and Online Risk Exposure,CHI,2015,https://openalex.org/A5014238668,Haiyan Jia,middle,2009.0,37.0,1544.0,15.0,19.0,6.0,Senior
https://openalex.org/W1972988737,Resilience Mitigates the Negative Effects of Adolescent Internet Addiction and Online Risk Exposure,CHI,2015,https://openalex.org/A5100461422,Na Wang,middle,2006.0,20.0,267.0,7.0,7.0,9.0,Senior
https://openalex.org/W1972988737,Resilience Mitigates the Negative Effects of Adolescent Internet Addiction and Online Risk Exposure,CHI,2015,https://openalex.org/A5113823922,Saijing Zheng,middle,2007.0,67.0,1072.0,16.0,24.0,8.0,Senior
https://openalex.org/W1972988737,Resilience Mitigates the Negative Effects of Adolescent Internet Addiction and Online Risk Exposure,CHI,2015,https://openalex.org/A5043431594,Heng Xu,middle,1984.0,196.0,9723.0,43.0,88.0,31.0,Senior
https://openalex.org/W1972988737,Resilience Mitigates the Negative Effects of Adolescent Internet Addiction and Online Risk Exposure,CHI,2015,https://openalex.org/A5083871571,Mary Beth Rosson,middle,1982.0,383.0,14578.0,60.0,195.0,33.0,Senior
https://openalex.org/W1972988737,Resilience Mitigates the Negative Effects of Adolescent Internet Addiction and Online Risk Exposure,CHI,2015,https://openalex.org/A5054610664,John M. Carroll,last,1899.0,1476.0,36348.0,88.0,504.0,116.0,Senior
https://openalex.org/W2148163144,BaseLase: An Interactive Focus+Context Laser Floor,CHI,2015,https://openalex.org/A5042409370,Jörg Müller,first,1982.0,172.0,4920.0,37.0,86.0,33.0,Senior
https://openalex.org/W2148163144,BaseLase: An Interactive Focus+Context Laser Floor,CHI,2015,https://openalex.org/A5024841000,Dieter Eberle,middle,1963.0,27.0,237.0,8.0,7.0,52.0,Senior
https://openalex.org/W2148163144,BaseLase: An Interactive Focus+Context Laser Floor,CHI,2015,https://openalex.org/A5025561860,Constantin Schmidt,last,1945.0,6.0,262.0,5.0,4.0,70.0,Senior
https://openalex.org/W2141795668,Tiree Energy Pulse: Exploring Renewable Energy Forecasts on the Edge of the Grid,CHI,2015,https://openalex.org/A5059093960,Will Simm,first,2005.0,31.0,665.0,14.0,15.0,10.0,Senior
https://openalex.org/W2141795668,Tiree Energy Pulse: Exploring Renewable Energy Forecasts on the Edge of the Grid,CHI,2015,https://openalex.org/A5043206670,Maria Angela Ferrario,middle,1991.0,82.0,1287.0,20.0,36.0,24.0,Senior
https://openalex.org/W2141795668,Tiree Energy Pulse: Exploring Renewable Energy Forecasts on the Edge of the Grid,CHI,2015,https://openalex.org/A5031519539,Adrian Friday,middle,1977.0,249.0,8717.0,45.0,128.0,38.0,Senior
https://openalex.org/W2141795668,Tiree Energy Pulse: Exploring Renewable Energy Forecasts on the Edge of the Grid,CHI,2015,https://openalex.org/A5102719098,Peter Newman,middle,1958.0,855.0,20375.0,64.0,233.0,57.0,Senior
https://openalex.org/W2141795668,Tiree Energy Pulse: Exploring Renewable Energy Forecasts on the Edge of the Grid,CHI,2015,https://openalex.org/A5084276322,Stephen Forshaw,middle,2012.0,13.0,400.0,9.0,9.0,3.0,Junior
https://openalex.org/W2141795668,Tiree Energy Pulse: Exploring Renewable Energy Forecasts on the Edge of the Grid,CHI,2015,https://openalex.org/A5018177929,Mike Hazas,middle,2002.0,94.0,3023.0,29.0,52.0,13.0,Senior
https://openalex.org/W2141795668,Tiree Energy Pulse: Exploring Renewable Energy Forecasts on the Edge of the Grid,CHI,2015,https://openalex.org/A5026971062,Alan Dix,last,1984.0,624.0,11060.0,49.0,188.0,31.0,Senior
https://openalex.org/W2163444123,"iSkin: Flexible, Stretchable and Visually Customizable On-Body Touch Sensors for Mobile Computing",CHI,2015,https://openalex.org/A5000906180,Martin Weigel,first,2010.0,29.0,1186.0,11.0,12.0,5.0,Junior
https://openalex.org/W2163444123,"iSkin: Flexible, Stretchable and Visually Customizable On-Body Touch Sensors for Mobile Computing",CHI,2015,https://openalex.org/A5103414046,Tong Lu,middle,2013.0,20.0,1277.0,10.0,10.0,2.0,Junior
https://openalex.org/W2163444123,"iSkin: Flexible, Stretchable and Visually Customizable On-Body Touch Sensors for Mobile Computing",CHI,2015,https://openalex.org/A5019033794,Gilles Bailly,middle,1978.0,206.0,3934.0,33.0,61.0,37.0,Senior
https://openalex.org/W2163444123,"iSkin: Flexible, Stretchable and Visually Customizable On-Body Touch Sensors for Mobile Computing",CHI,2015,https://openalex.org/A5003084232,Antti Oulasvirta,middle,2002.0,439.0,14838.0,65.0,197.0,13.0,Senior
https://openalex.org/W2163444123,"iSkin: Flexible, Stretchable and Visually Customizable On-Body Touch Sensors for Mobile Computing",CHI,2015,https://openalex.org/A5050506400,Carmel Majidi,middle,2004.0,361.0,25335.0,85.0,222.0,11.0,Senior
https://openalex.org/W2163444123,"iSkin: Flexible, Stretchable and Visually Customizable On-Body Touch Sensors for Mobile Computing",CHI,2015,https://openalex.org/A5069105456,Jürgen Steimle,last,2007.0,212.0,5254.0,42.0,86.0,8.0,Senior
https://openalex.org/W2040372247,Designing Political Deliberation Environments to Support Interactions in the Public Sphere,CHI,2015,https://openalex.org/A5048101000,Bryan Semaan,first,2008.0,101.0,2615.0,28.0,55.0,7.0,Senior
https://openalex.org/W2040372247,Designing Political Deliberation Environments to Support Interactions in the Public Sphere,CHI,2015,https://openalex.org/A5087981305,Heather Faucett,middle,2014.0,9.0,513.0,9.0,8.0,1.0,Junior
https://openalex.org/W2040372247,Designing Political Deliberation Environments to Support Interactions in the Public Sphere,CHI,2015,https://openalex.org/A5038803238,Scott P. Robertson,middle,1978.0,128.0,1667.0,20.0,38.0,37.0,Senior
https://openalex.org/W2040372247,Designing Political Deliberation Environments to Support Interactions in the Public Sphere,CHI,2015,https://openalex.org/A5017969777,Misa Maruyama,middle,2012.0,16.0,362.0,10.0,10.0,3.0,Junior
https://openalex.org/W2040372247,Designing Political Deliberation Environments to Support Interactions in the Public Sphere,CHI,2015,https://openalex.org/A5060197233,Sara Douglas,last,1985.0,17.0,363.0,10.0,10.0,30.0,Senior
https://openalex.org/W1924429363,From User-Centered to Adoption-Centered Design: A Case Study of an HCI Research Innovation Becoming a Product,CHI,2015,https://openalex.org/A5052798169,Michael Barrett,first,1995.0,154.0,6630.0,36.0,60.0,20.0,Senior
https://openalex.org/W1924429363,From User-Centered to Adoption-Centered Design: A Case Study of an HCI Research Innovation Becoming a Product,CHI,2015,https://openalex.org/A5011928142,Elizabeth Davidson,middle,1960.0,311.0,5617.0,34.0,72.0,55.0,Senior
https://openalex.org/W1924429363,From User-Centered to Adoption-Centered Design: A Case Study of an HCI Research Innovation Becoming a Product,CHI,2015,https://openalex.org/A5008573786,Jaideep Prabhu,middle,1998.0,100.0,9185.0,34.0,44.0,17.0,Senior
https://openalex.org/W1924429363,From User-Centered to Adoption-Centered Design: A Case Study of an HCI Research Innovation Becoming a Product,CHI,2015,https://openalex.org/A5034061494,Stephen L. Vargo,last,1998.0,189.0,59123.0,69.0,116.0,17.0,Senior
https://openalex.org/W2193303691,"Acoustruments: Passive, Acoustically-Driven, Interactive Controls for Handheld Devices",CHI,2015,https://openalex.org/A5039125132,Gierad Laput,first,2012.0,56.0,2627.0,26.0,39.0,3.0,Junior
https://openalex.org/W2193303691,"Acoustruments: Passive, Acoustically-Driven, Interactive Controls for Handheld Devices",CHI,2015,https://openalex.org/A5017750168,Eric Brockmeyer,middle,2012.0,15.0,976.0,10.0,10.0,3.0,Junior
https://openalex.org/W2193303691,"Acoustruments: Passive, Acoustically-Driven, Interactive Controls for Handheld Devices",CHI,2015,https://openalex.org/A5068828035,Moshe Mahler,middle,1972.0,35.0,1172.0,13.0,16.0,43.0,Senior
https://openalex.org/W2193303691,"Acoustruments: Passive, Acoustically-Driven, Interactive Controls for Handheld Devices",CHI,2015,https://openalex.org/A5039238746,Scott E. Hudson,middle,1977.0,317.0,15185.0,72.0,218.0,38.0,Senior
https://openalex.org/W2193303691,"Acoustruments: Passive, Acoustically-Driven, Interactive Controls for Handheld Devices",CHI,2015,https://openalex.org/A5029290807,Chris Harrison,last,1987.0,201.0,10902.0,57.0,125.0,28.0,Senior
https://openalex.org/W2149252982,Unequal Representation and Gender Stereotypes in Image Search Results for Occupations,CHI,2015,https://openalex.org/A5089605137,Matthew Kay,first,1974.0,204.0,5192.0,35.0,84.0,41.0,Senior
https://openalex.org/W2149252982,Unequal Representation and Gender Stereotypes in Image Search Results for Occupations,CHI,2015,https://openalex.org/A5019767181,Cynthia Matuszek,middle,2005.0,117.0,2963.0,22.0,26.0,10.0,Senior
https://openalex.org/W2149252982,Unequal Representation and Gender Stereotypes in Image Search Results for Occupations,CHI,2015,https://openalex.org/A5068504623,Sean A. Munson,last,2000.0,226.0,10570.0,52.0,128.0,15.0,Senior
https://openalex.org/W2071620178,Sharing is Caring: Assistive Technology Designs on Thingiverse,CHI,2015,https://openalex.org/A5065621152,Erin Buehler,first,1932.0,31.0,887.0,10.0,11.0,83.0,Senior
https://openalex.org/W2071620178,Sharing is Caring: Assistive Technology Designs on Thingiverse,CHI,2015,https://openalex.org/A5026377321,Stacy Branham,middle,2009.0,87.0,2750.0,25.0,42.0,6.0,Senior
https://openalex.org/W2071620178,Sharing is Caring: Assistive Technology Designs on Thingiverse,CHI,2015,https://openalex.org/A5064398083,Abdullah Ali,middle,2015.0,25.0,659.0,13.0,14.0,0.0,Junior
https://openalex.org/W2071620178,Sharing is Caring: Assistive Technology Designs on Thingiverse,CHI,2015,https://openalex.org/A5108258077,Jeremy Chang,middle,1994.0,16.0,472.0,8.0,8.0,21.0,Senior
https://openalex.org/W2071620178,Sharing is Caring: Assistive Technology Designs on Thingiverse,CHI,2015,https://openalex.org/A5035482300,Megan Hofmann,middle,2014.0,48.0,1361.0,18.0,20.0,1.0,Junior
https://openalex.org/W2071620178,Sharing is Caring: Assistive Technology Designs on Thingiverse,CHI,2015,https://openalex.org/A5007483171,Amy Hurst,middle,1996.0,148.0,4375.0,34.0,77.0,19.0,Senior
https://openalex.org/W2071620178,Sharing is Caring: Assistive Technology Designs on Thingiverse,CHI,2015,https://openalex.org/A5086948505,Shaun K. Kane,last,2006.0,144.0,7035.0,44.0,87.0,9.0,Senior
https://openalex.org/W1964639420,ColourID: Improving Colour Identification for People with Impaired Colour Vision,CHI,2015,https://openalex.org/A5045769819,David R. Flatla,first,2009.0,52.0,1026.0,17.0,24.0,6.0,Senior
https://openalex.org/W1964639420,ColourID: Improving Colour Identification for People with Impaired Colour Vision,CHI,2015,https://openalex.org/A5064335088,Alan R. Andrade,middle,2015.0,5.0,168.0,4.0,4.0,0.0,Junior
https://openalex.org/W1964639420,ColourID: Improving Colour Identification for People with Impaired Colour Vision,CHI,2015,https://openalex.org/A5023724965,Ross Teviotdale,middle,2015.0,3.0,69.0,3.0,3.0,0.0,Junior
https://openalex.org/W1964639420,ColourID: Improving Colour Identification for People with Impaired Colour Vision,CHI,2015,https://openalex.org/A5091000507,Dylan Knowles,middle,2012.0,15.0,271.0,10.0,10.0,3.0,Junior
https://openalex.org/W1964639420,ColourID: Improving Colour Identification for People with Impaired Colour Vision,CHI,2015,https://openalex.org/A5047038293,Craig Stewart,last,1975.0,112.0,1665.0,23.0,37.0,40.0,Senior
https://openalex.org/W2068176125,Assessing the Impact of Syntactic and Semantic Structures for Answer Passages Reranking,CIKM,2015,https://openalex.org/A5019276791,Kateryna Tymoshenko,first,2010.0,26.0,444.0,12.0,15.0,5.0,Junior
https://openalex.org/W2068176125,Assessing the Impact of Syntactic and Semantic Structures for Answer Passages Reranking,CIKM,2015,https://openalex.org/A5056376686,Alessandro Moschitti,last,2000.0,362.0,10741.0,49.0,162.0,15.0,Senior
https://openalex.org/W1938204631,DynamicFusion: Reconstruction and Tracking of Non-rigid Scenes in Real-Time,CVPR,2015,https://openalex.org/A5111628551,Richard A. Newcombe,first,2008.0,14.0,9349.0,11.0,11.0,7.0,Senior
https://openalex.org/W1938204631,DynamicFusion: Reconstruction and Tracking of Non-rigid Scenes in Real-Time,CVPR,2015,https://openalex.org/A5108257764,Dieter Fox,middle,1996.0,511.0,40224.0,94.0,271.0,19.0,Senior
https://openalex.org/W1938204631,DynamicFusion: Reconstruction and Tracking of Non-rigid Scenes in Real-Time,CVPR,2015,https://openalex.org/A5068254275,Steven M. Seitz,last,1984.0,199.0,30166.0,70.0,123.0,31.0,Senior
https://openalex.org/W1558278838,An average-case depth hierarchy theorem for Boolean circuits,FOCS,2015,https://openalex.org/A5013166918,Johan Håstad,first,1985.0,173.0,10611.0,44.0,101.0,30.0,Senior
https://openalex.org/W1558278838,An average-case depth hierarchy theorem for Boolean circuits,FOCS,2015,https://openalex.org/A5007686466,Benjamin Rossman,middle,2003.0,70.0,1164.0,16.0,21.0,12.0,Senior
https://openalex.org/W1558278838,An average-case depth hierarchy theorem for Boolean circuits,FOCS,2015,https://openalex.org/A5014866889,Rocco A. Servedio,middle,1999.0,350.0,5765.0,44.0,129.0,16.0,Senior
https://openalex.org/W1558278838,An average-case depth hierarchy theorem for Boolean circuits,FOCS,2015,https://openalex.org/A5029451171,Li-Yang Tan,last,1985.0,150.0,755.0,14.0,23.0,30.0,Senior
https://openalex.org/W2011044158,How Practitioners Perceive the Relevance of Software Engineering Research,FSE,2015,https://openalex.org/A5081036622,David Lo,first,1988.0,985.0,31958.0,92.0,507.0,27.0,Senior
https://openalex.org/W2011044158,How Practitioners Perceive the Relevance of Software Engineering Research,FSE,2015,https://openalex.org/A5101612061,Nachiappan Nagappan,middle,2003.0,243.0,15316.0,58.0,136.0,12.0,Senior
https://openalex.org/W2011044158,How Practitioners Perceive the Relevance of Software Engineering Research,FSE,2015,https://openalex.org/A5061605447,Thomas Zimmermann,last,1991.0,522.0,21946.0,74.0,180.0,24.0,Senior
https://openalex.org/W2053553342,Effective Test Suites for Mixed Discrete-Continuous Stateflow Controllers,FSE,2015,https://openalex.org/A5001563585,Reza Matinnejad,first,2011.0,12.0,404.0,10.0,10.0,4.0,Junior
https://openalex.org/W2053553342,Effective Test Suites for Mixed Discrete-Continuous Stateflow Controllers,FSE,2015,https://openalex.org/A5074393374,Shiva Nejati,middle,2003.0,160.0,3157.0,30.0,63.0,12.0,Senior
https://openalex.org/W2053553342,Effective Test Suites for Mixed Discrete-Continuous Stateflow Controllers,FSE,2015,https://openalex.org/A5078533117,Lionel Briand,middle,1992.0,630.0,29356.0,84.0,362.0,23.0,Senior
https://openalex.org/W2053553342,Effective Test Suites for Mixed Discrete-Continuous Stateflow Controllers,FSE,2015,https://openalex.org/A5054834949,Thomas Bruckmann,last,2013.0,8.0,368.0,8.0,8.0,2.0,Junior
https://openalex.org/W2136601052,MultiSE: Multi-path Symbolic Execution using Value Summaries,FSE,2015,https://openalex.org/A5101569699,Koushik Sen,first,2003.0,255.0,18779.0,65.0,143.0,12.0,Senior
https://openalex.org/W2136601052,MultiSE: Multi-path Symbolic Execution using Value Summaries,FSE,2015,https://openalex.org/A5049483484,George C. Necula,middle,1996.0,136.0,10226.0,38.0,71.0,19.0,Senior
https://openalex.org/W2136601052,MultiSE: Multi-path Symbolic Execution using Value Summaries,FSE,2015,https://openalex.org/A5039301553,Liang Gong,middle,2011.0,40.0,1361.0,15.0,20.0,4.0,Junior
https://openalex.org/W2136601052,MultiSE: Multi-path Symbolic Execution using Value Summaries,FSE,2015,https://openalex.org/A5102016759,Wontae Choi,last,1989.0,42.0,772.0,11.0,12.0,26.0,Senior
https://openalex.org/W1964730672,Modeling Readability to Improve Unit Tests,FSE,2015,https://openalex.org/A5052633187,Ermira Daka,first,2009.0,14.0,377.0,4.0,4.0,6.0,Senior
https://openalex.org/W1964730672,Modeling Readability to Improve Unit Tests,FSE,2015,https://openalex.org/A5101595466,José Campos,middle,2005.0,51.0,1589.0,17.0,25.0,10.0,Senior
https://openalex.org/W1964730672,Modeling Readability to Improve Unit Tests,FSE,2015,https://openalex.org/A5079261847,Gordon Fraser,middle,1981.0,407.0,11661.0,56.0,153.0,34.0,Senior
https://openalex.org/W1964730672,Modeling Readability to Improve Unit Tests,FSE,2015,https://openalex.org/A5075212016,Jonathan Dorn,middle,2001.0,22.0,453.0,9.0,7.0,14.0,Senior
https://openalex.org/W1964730672,Modeling Readability to Improve Unit Tests,FSE,2015,https://openalex.org/A5083601969,Westley Weimer,last,1996.0,215.0,14970.0,53.0,114.0,19.0,Senior
https://openalex.org/W2063535228,Optimizing energy consumption of GUIs in Android apps: a multi-objective approach,FSE,2015,https://openalex.org/A5069439324,Mario Linares‐Vásquez,first,2011.0,139.0,4942.0,39.0,74.0,4.0,Junior
https://openalex.org/W2063535228,Optimizing energy consumption of GUIs in Android apps: a multi-objective approach,FSE,2015,https://openalex.org/A5056526226,Gabriele Bavota,middle,2010.0,336.0,12606.0,65.0,165.0,5.0,Junior
https://openalex.org/W2063535228,Optimizing energy consumption of GUIs in Android apps: a multi-objective approach,FSE,2015,https://openalex.org/A5016486642,Carlos Eduardo Bernal Cárdenas,middle,2015.0,1.0,83.0,1.0,1.0,0.0,Junior
https://openalex.org/W2063535228,Optimizing energy consumption of GUIs in Android apps: a multi-objective approach,FSE,2015,https://openalex.org/A5009727039,Rocco Oliveto,middle,1993.0,357.0,14445.0,73.0,177.0,22.0,Senior
https://openalex.org/W2063535228,Optimizing energy consumption of GUIs in Android apps: a multi-objective approach,FSE,2015,https://openalex.org/A5025099559,Massimiliano Di Penta,middle,2001.0,519.0,20285.0,78.0,283.0,14.0,Senior
https://openalex.org/W2063535228,Optimizing energy consumption of GUIs in Android apps: a multi-objective approach,FSE,2015,https://openalex.org/A5041262116,Denys Poshyvanyk,last,2005.0,312.0,15759.0,76.0,186.0,10.0,Senior
https://openalex.org/W2015187825,Measure It? Manage It? Ignore It? Software Practitioners and Technical Debt,FSE,2015,https://openalex.org/A5033114444,Neil Ernst,first,2001.0,148.0,2611.0,29.0,53.0,14.0,Senior
https://openalex.org/W2015187825,Measure It? Manage It? Ignore It? Software Practitioners and Technical Debt,FSE,2015,https://openalex.org/A5073279261,Stephany Bellomo,middle,1998.0,36.0,520.0,9.0,7.0,17.0,Senior
https://openalex.org/W2015187825,Measure It? Manage It? Ignore It? Software Practitioners and Technical Debt,FSE,2015,https://openalex.org/A5079888779,İpek Özkaya,middle,2001.0,178.0,3672.0,28.0,59.0,14.0,Senior
https://openalex.org/W2015187825,Measure It? Manage It? Ignore It? Software Practitioners and Technical Debt,FSE,2015,https://openalex.org/A5057124086,Robert L. Nord,middle,1980.0,146.0,6289.0,30.0,58.0,35.0,Senior
https://openalex.org/W2015187825,Measure It? Manage It? Ignore It? Software Practitioners and Technical Debt,FSE,2015,https://openalex.org/A5076208440,Ian Gorton,last,1988.0,309.0,4807.0,35.0,101.0,27.0,Senior
https://openalex.org/W2079877139,A User-Guided Approach to Program Analysis,FSE,2015,https://openalex.org/A5002052018,Ravi Mangal,first,2014.0,53.0,361.0,9.0,8.0,1.0,Junior
https://openalex.org/W2079877139,A User-Guided Approach to Program Analysis,FSE,2015,https://openalex.org/A5100327544,Xin Zhang,middle,1995.0,18.0,198.0,5.0,4.0,20.0,Senior
https://openalex.org/W2079877139,A User-Guided Approach to Program Analysis,FSE,2015,https://openalex.org/A5111937381,Aditya V. Nori,middle,2001.0,84.0,3571.0,32.0,47.0,14.0,Senior
https://openalex.org/W2079877139,A User-Guided Approach to Program Analysis,FSE,2015,https://openalex.org/A5075879790,Mayur Naik,last,1999.0,162.0,8827.0,37.0,76.0,16.0,Senior
https://openalex.org/W2027701108,Users Beware: Preference Inconsistencies Ahead,FSE,2015,https://openalex.org/A5090520110,Farnaz Behrang,first,2011.0,17.0,341.0,9.0,9.0,4.0,Junior
https://openalex.org/W2027701108,Users Beware: Preference Inconsistencies Ahead,FSE,2015,https://openalex.org/A5020147981,Myra B. Cohen,middle,1968.0,173.0,6357.0,39.0,77.0,47.0,Senior
https://openalex.org/W2027701108,Users Beware: Preference Inconsistencies Ahead,FSE,2015,https://openalex.org/A5030961858,Alessandro Orso,last,1997.0,230.0,11142.0,57.0,137.0,18.0,Senior
https://openalex.org/W2220384803,Deep Neural Decision Forests,ICCV,2015,https://openalex.org/A5017062041,Peter Kontschieder,first,2008.0,104.0,3643.0,24.0,36.0,7.0,Senior
https://openalex.org/W2220384803,Deep Neural Decision Forests,ICCV,2015,https://openalex.org/A5063364372,Madalina Fiterau,middle,2009.0,61.0,1469.0,11.0,13.0,6.0,Senior
https://openalex.org/W2220384803,Deep Neural Decision Forests,ICCV,2015,https://openalex.org/A5091150085,Antonio Criminisi,middle,1995.0,260.0,31103.0,71.0,140.0,20.0,Senior
https://openalex.org/W2220384803,Deep Neural Decision Forests,ICCV,2015,https://openalex.org/A5073916921,Samuel Rota Bulò,last,2006.0,157.0,6165.0,37.0,74.0,9.0,Senior
https://openalex.org/W1876956220,Optimal and Adaptive Algorithms for Online Boosting,ICML,2015,https://openalex.org/A5078135763,Alina Beygelzimer,first,1999.0,75.0,6012.0,23.0,34.0,16.0,Senior
https://openalex.org/W1876956220,Optimal and Adaptive Algorithms for Online Boosting,ICML,2015,https://openalex.org/A5114021051,Satyen Kale,middle,2004.0,126.0,9031.0,37.0,69.0,11.0,Senior
https://openalex.org/W1876956220,Optimal and Adaptive Algorithms for Online Boosting,ICML,2015,https://openalex.org/A5101058302,Haipeng Luo,last,1998.0,247.0,2044.0,23.0,49.0,17.0,Senior
https://openalex.org/W1826818071,A Nearly-Linear Time Framework for Graph-Structured Sparsity,ICML,2015,https://openalex.org/A5066142047,Chinmay Hegde,first,2007.0,269.0,2575.0,26.0,66.0,8.0,Senior
https://openalex.org/W1826818071,A Nearly-Linear Time Framework for Graph-Structured Sparsity,ICML,2015,https://openalex.org/A5076056716,Piotr Indyk,middle,1994.0,325.0,30770.0,75.0,180.0,21.0,Senior
https://openalex.org/W1826818071,A Nearly-Linear Time Framework for Graph-Structured Sparsity,ICML,2015,https://openalex.org/A5110578233,Ludwig Schmidt,last,1982.0,84.0,5665.0,29.0,49.0,33.0,Senior
https://openalex.org/W4239863959,Views on Internal and External Validity in Empirical Software Engineering,ICSE,2015,https://openalex.org/A5016750744,Janet Siegmund,first,2012.0,67.0,2029.0,25.0,34.0,3.0,Junior
https://openalex.org/W4239863959,Views on Internal and External Validity in Empirical Software Engineering,ICSE,2015,https://openalex.org/A5004072538,Norbert Siegmund,middle,2007.0,168.0,3940.0,32.0,66.0,8.0,Senior
https://openalex.org/W4239863959,Views on Internal and External Validity in Empirical Software Engineering,ICSE,2015,https://openalex.org/A5054951840,Sven Apel,last,2001.0,429.0,14020.0,61.0,197.0,14.0,Senior
https://openalex.org/W4238398178,How Much Up-Front? A Grounded theory of Agile Architecture,ICSE,2015,https://openalex.org/A5021806319,Michael Waterman,first,2012.0,10.0,161.0,7.0,7.0,3.0,Junior
https://openalex.org/W4238398178,How Much Up-Front? A Grounded theory of Agile Architecture,ICSE,2015,https://openalex.org/A5078368556,James Noble,middle,1888.0,461.0,10386.0,47.0,196.0,127.0,Senior
https://openalex.org/W4238398178,How Much Up-Front? A Grounded theory of Agile Architecture,ICSE,2015,https://openalex.org/A5111597728,George Allan,last,1967.0,124.0,1214.0,14.0,18.0,48.0,Senior
https://openalex.org/W4241437391,When and Why Your Code Starts to Smell Bad,ICSE,2015,https://openalex.org/A5020154435,Michele Tufano,first,1998.0,82.0,4271.0,26.0,39.0,17.0,Senior
https://openalex.org/W4241437391,When and Why Your Code Starts to Smell Bad,ICSE,2015,https://openalex.org/A5033738898,Fabio Palomba,middle,1993.0,456.0,10222.0,57.0,149.0,22.0,Senior
https://openalex.org/W4241437391,When and Why Your Code Starts to Smell Bad,ICSE,2015,https://openalex.org/A5056526226,Gabriele Bavota,middle,2010.0,336.0,12606.0,65.0,165.0,5.0,Junior
https://openalex.org/W4241437391,When and Why Your Code Starts to Smell Bad,ICSE,2015,https://openalex.org/A5009727039,Rocco Oliveto,middle,1993.0,357.0,14445.0,73.0,177.0,22.0,Senior
https://openalex.org/W4241437391,When and Why Your Code Starts to Smell Bad,ICSE,2015,https://openalex.org/A5025099559,Massimiliano Di Penta,middle,2001.0,519.0,20285.0,78.0,283.0,14.0,Senior
https://openalex.org/W4241437391,When and Why Your Code Starts to Smell Bad,ICSE,2015,https://openalex.org/A5079088548,Andrea De Lucia,middle,1967.0,497.0,17156.0,71.0,253.0,48.0,Senior
https://openalex.org/W4241437391,When and Why Your Code Starts to Smell Bad,ICSE,2015,https://openalex.org/A5041262116,Denys Poshyvanyk,last,2005.0,312.0,15759.0,76.0,186.0,10.0,Senior
https://openalex.org/W2582748022,Alloy*: A General-Purpose Higher-Order Relational Constraint Solver,ICSE,2015,https://openalex.org/A5072901963,Aleksandar Milićević,first,1997.0,85.0,943.0,18.0,27.0,18.0,Senior
https://openalex.org/W2582748022,Alloy*: A General-Purpose Higher-Order Relational Constraint Solver,ICSE,2015,https://openalex.org/A5061707651,Joseph P. Near,middle,2002.0,69.0,771.0,16.0,23.0,13.0,Senior
https://openalex.org/W2582748022,Alloy*: A General-Purpose Higher-Order Relational Constraint Solver,ICSE,2015,https://openalex.org/A5044511705,Eunsuk Kang,middle,2005.0,147.0,1567.0,20.0,40.0,10.0,Senior
https://openalex.org/W2582748022,Alloy*: A General-Purpose Higher-Order Relational Constraint Solver,ICSE,2015,https://openalex.org/A5101853728,Daniel Jackson,last,1982.0,169.0,4632.0,34.0,91.0,33.0,Senior
https://openalex.org/W4242581305,Why Good Developers Write Bad Code: An Observational Case Study of the Impacts of Organizational Factors on Software Quality,ICSE,2015,https://openalex.org/A5056435209,Mathieu Lavallée,first,1996.0,25.0,195.0,7.0,5.0,19.0,Senior
https://openalex.org/W4242581305,Why Good Developers Write Bad Code: An Observational Case Study of the Impacts of Organizational Factors on Software Quality,ICSE,2015,https://openalex.org/A5108652072,Pierre N. Robillard,last,1899.0,109.0,2264.0,26.0,39.0,116.0,Senior
https://openalex.org/W4244284331,CARAMEL: Detecting and Fixing Performance Problems That Have Non-Intrusive Fixes,ICSE,2015,https://openalex.org/A5003663516,Adrian Nistor,first,2009.0,15.0,655.0,10.0,10.0,6.0,Senior
https://openalex.org/W4244284331,CARAMEL: Detecting and Fixing Performance Problems That Have Non-Intrusive Fixes,ICSE,2015,https://openalex.org/A5054441849,Po-Chun Chang,middle,1970.0,30.0,629.0,11.0,12.0,45.0,Senior
https://openalex.org/W4244284331,CARAMEL: Detecting and Fixing Performance Problems That Have Non-Intrusive Fixes,ICSE,2015,https://openalex.org/A5058284960,Cosmin Radoi,middle,2009.0,17.0,411.0,9.0,9.0,6.0,Senior
https://openalex.org/W4244284331,CARAMEL: Detecting and Fixing Performance Problems That Have Non-Intrusive Fixes,ICSE,2015,https://openalex.org/A5061448314,Shan Lu,last,2004.0,221.0,8791.0,45.0,120.0,11.0,Senior
https://openalex.org/W2399956932,Recursive Decomposition for Nonconvex Optimization,IJCAI,2015,https://openalex.org/A5077191191,Abram L. Friesen,first,2010.0,23.0,317.0,9.0,9.0,5.0,Junior
https://openalex.org/W2399956932,Recursive Decomposition for Nonconvex Optimization,IJCAI,2015,https://openalex.org/A5018711331,Pedro Domingos,last,1994.0,297.0,41030.0,83.0,169.0,21.0,Senior
https://openalex.org/W2497473102,Bayesian Active Learning for Posterior Estimation,IJCAI,2015,https://openalex.org/A5050433159,Kirthevasan Kandasamy,first,2012.0,78.0,1861.0,20.0,30.0,3.0,Junior
https://openalex.org/W2497473102,Bayesian Active Learning for Posterior Estimation,IJCAI,2015,https://openalex.org/A5055199976,Jeff Schneider,middle,1990.0,294.0,8734.0,49.0,125.0,25.0,Senior
https://openalex.org/W2497473102,Bayesian Active Learning for Posterior Estimation,IJCAI,2015,https://openalex.org/A5013695358,Barnabás Póczos,last,2002.0,320.0,11001.0,55.0,157.0,13.0,Senior
https://openalex.org/W1591399774,The Power of Slightly More than One Sample in Randomized Load Balancing,INFOCOM,2015,https://openalex.org/A5078518595,R. Srikant,middle,1990.0,524.0,25091.0,79.0,267.0,25.0,Senior
https://openalex.org/W1591399774,The Power of Slightly More than One Sample in Randomized Load Balancing,INFOCOM,2015,https://openalex.org/A5045181694,Xiaohan Kang,last,2010.0,29.0,356.0,8.0,8.0,5.0,Junior
https://openalex.org/W1965771689,Efficient Algorithms for Public-Private Social Networks,KDD,2015,https://openalex.org/A5078401676,Flavio Chierichetti,first,2007.0,102.0,2204.0,24.0,43.0,8.0,Senior
https://openalex.org/W1965771689,Efficient Algorithms for Public-Private Social Networks,KDD,2015,https://openalex.org/A5037972828,Alessandro Epasto,middle,2009.0,73.0,1220.0,18.0,20.0,6.0,Senior
https://openalex.org/W1965771689,Efficient Algorithms for Public-Private Social Networks,KDD,2015,https://openalex.org/A5101772779,Ravi Kumar,middle,1994.0,278.0,12911.0,56.0,120.0,21.0,Senior
https://openalex.org/W1965771689,Efficient Algorithms for Public-Private Social Networks,KDD,2015,https://openalex.org/A5022550622,Silvio Lattanzi,middle,2008.0,154.0,3109.0,24.0,46.0,7.0,Senior
https://openalex.org/W1965771689,Efficient Algorithms for Public-Private Social Networks,KDD,2015,https://openalex.org/A5075598023,Vahab Mirrokni,last,2000.0,511.0,13609.0,54.0,195.0,15.0,Senior
https://openalex.org/W2538862502,CAreDroid: Adaptation Framework for Android ContextAware Applications,MOBICOM,2015,https://openalex.org/A5038820344,Salma Elmalaki,first,2013.0,47.0,241.0,9.0,9.0,2.0,Junior
https://openalex.org/W2538862502,CAreDroid: Adaptation Framework for Android ContextAware Applications,MOBICOM,2015,https://openalex.org/A5091197122,Lucas Wanner,middle,2006.0,90.0,497.0,12.0,19.0,9.0,Senior
https://openalex.org/W2538862502,CAreDroid: Adaptation Framework for Android ContextAware Applications,MOBICOM,2015,https://openalex.org/A5074563122,Mani Srivastava,last,1991.0,777.0,46139.0,98.0,368.0,24.0,Senior
https://openalex.org/W2187207766,Competitive Distribution Estimation: Why is Good-Turing Good,NeurIPS,2015,https://openalex.org/A5012034611,Alon Orlitsky,first,1984.0,179.0,4167.0,34.0,80.0,31.0,Senior
https://openalex.org/W2187207766,Competitive Distribution Estimation: Why is Good-Turing Good,NeurIPS,2015,https://openalex.org/A5103890688,Ananda Theertha Suresh,last,2010.0,141.0,7438.0,29.0,47.0,5.0,Junior
https://openalex.org/W2963297691,Fast Convergence of Regularized Learning in Games,NeurIPS,2015,https://openalex.org/A5017741738,Vasilis Syrgkanis,first,2009.0,137.0,1804.0,25.0,41.0,6.0,Senior
https://openalex.org/W2963297691,Fast Convergence of Regularized Learning in Games,NeurIPS,2015,https://openalex.org/A5036435487,Alekh Agarwal,middle,1990.0,186.0,5751.0,41.0,94.0,25.0,Senior
https://openalex.org/W2963297691,Fast Convergence of Regularized Learning in Games,NeurIPS,2015,https://openalex.org/A5101058302,Haipeng Luo,middle,1998.0,247.0,2044.0,23.0,49.0,17.0,Senior
https://openalex.org/W2963297691,Fast Convergence of Regularized Learning in Games,NeurIPS,2015,https://openalex.org/A5084108666,Robert E. Schapire,last,1987.0,248.0,108281.0,73.0,166.0,28.0,Senior
https://openalex.org/W2061091230,Automatically Improving Accuracy for Floating Point Expressions,PLDI,2015,https://openalex.org/A5022031348,Pavel Panchekha,first,2013.0,78.0,1068.0,15.0,17.0,2.0,Junior
https://openalex.org/W2061091230,Automatically Improving Accuracy for Floating Point Expressions,PLDI,2015,https://openalex.org/A5088457102,Alex Sanchez-Stern,middle,2015.0,18.0,388.0,8.0,6.0,0.0,Junior
https://openalex.org/W2061091230,Automatically Improving Accuracy for Floating Point Expressions,PLDI,2015,https://openalex.org/A5101839396,James R. Wilcox,middle,1968.0,52.0,1599.0,18.0,21.0,47.0,Senior
https://openalex.org/W2061091230,Automatically Improving Accuracy for Floating Point Expressions,PLDI,2015,https://openalex.org/A5042187082,Zachary Tatlock,last,2008.0,110.0,2578.0,27.0,46.0,7.0,Senior
https://openalex.org/W2037037228,Diagnosing Type Errors with Class,PLDI,2015,https://openalex.org/A5100722775,Danfeng Zhang,first,2001.0,108.0,1737.0,21.0,31.0,14.0,Senior
https://openalex.org/W2037037228,Diagnosing Type Errors with Class,PLDI,2015,https://openalex.org/A5101697549,Andrew C. Myers,middle,1993.0,212.0,11113.0,49.0,103.0,22.0,Senior
https://openalex.org/W2037037228,Diagnosing Type Errors with Class,PLDI,2015,https://openalex.org/A5029108294,Dimitrios Vytiniotis,middle,2004.0,112.0,2855.0,25.0,43.0,11.0,Senior
https://openalex.org/W2037037228,Diagnosing Type Errors with Class,PLDI,2015,https://openalex.org/A5081423958,Simon Peyton-Jones,last,1987.0,23.0,1459.0,12.0,13.0,28.0,Senior
https://openalex.org/W2003164052,Provably Correct Peephole Optimizations with Alive,PLDI,2015,https://openalex.org/A5088560717,Nuno P. Lopes,first,1989.0,47.0,1324.0,18.0,23.0,26.0,Senior
https://openalex.org/W2003164052,Provably Correct Peephole Optimizations with Alive,PLDI,2015,https://openalex.org/A5087342649,David Menendez,middle,2012.0,13.0,243.0,6.0,6.0,3.0,Junior
https://openalex.org/W2003164052,Provably Correct Peephole Optimizations with Alive,PLDI,2015,https://openalex.org/A5011881274,Santosh Nagarakatte,middle,1976.0,125.0,3175.0,25.0,47.0,39.0,Senior
https://openalex.org/W2003164052,Provably Correct Peephole Optimizations with Alive,PLDI,2015,https://openalex.org/A5066046345,John Regehr,last,1970.0,119.0,4852.0,38.0,66.0,45.0,Senior
https://openalex.org/W2070021346,Parallel-Correctness and Transferability for Conjunctive Queries,PODS,2015,https://openalex.org/A5008206932,Tom J. Ameloot,first,2011.0,26.0,180.0,9.0,8.0,4.0,Junior
https://openalex.org/W2070021346,Parallel-Correctness and Transferability for Conjunctive Queries,PODS,2015,https://openalex.org/A5061584053,Gaetano Geck,middle,2013.0,14.0,49.0,5.0,2.0,2.0,Junior
https://openalex.org/W2070021346,Parallel-Correctness and Transferability for Conjunctive Queries,PODS,2015,https://openalex.org/A5028459977,Bas Ketsman,middle,2013.0,52.0,180.0,8.0,6.0,2.0,Junior
https://openalex.org/W2070021346,Parallel-Correctness and Transferability for Conjunctive Queries,PODS,2015,https://openalex.org/A5022264843,Frank Neven,middle,1997.0,189.0,3810.0,34.0,74.0,18.0,Senior
https://openalex.org/W2070021346,Parallel-Correctness and Transferability for Conjunctive Queries,PODS,2015,https://openalex.org/A5031710345,Thomas Schwentick,last,1991.0,210.0,4638.0,37.0,86.0,24.0,Senior
https://openalex.org/W2580339477,A Messy State of the Union: Taming the Composite State Machines of TLS,S&P,2015,https://openalex.org/A5042649150,Benjamin Beurdouche,first,2014.0,22.0,698.0,9.0,9.0,1.0,Junior
https://openalex.org/W2580339477,A Messy State of the Union: Taming the Composite State Machines of TLS,S&P,2015,https://openalex.org/A5026297326,Karthikeyan Bhargavan,middle,1998.0,153.0,6525.0,43.0,84.0,17.0,Senior
https://openalex.org/W2580339477,A Messy State of the Union: Taming the Composite State Machines of TLS,S&P,2015,https://openalex.org/A5112054753,Antoine Delignat-Lavaud,middle,2009.0,50.0,2041.0,20.0,29.0,6.0,Senior
https://openalex.org/W2580339477,A Messy State of the Union: Taming the Composite State Machines of TLS,S&P,2015,https://openalex.org/A5108519702,Cédric Fournet,middle,1996.0,177.0,11374.0,57.0,121.0,19.0,Senior
https://openalex.org/W2580339477,A Messy State of the Union: Taming the Composite State Machines of TLS,S&P,2015,https://openalex.org/A5082774652,Markulf Kohlweiss,middle,2004.0,165.0,6196.0,41.0,82.0,11.0,Senior
https://openalex.org/W2580339477,A Messy State of the Union: Taming the Composite State Machines of TLS,S&P,2015,https://openalex.org/A5078471429,A. Pironti,middle,1981.0,265.0,3838.0,31.0,89.0,34.0,Senior
https://openalex.org/W2580339477,A Messy State of the Union: Taming the Composite State Machines of TLS,S&P,2015,https://openalex.org/A5033447950,Pierre-Yves Strub,middle,2001.0,120.0,3119.0,29.0,49.0,14.0,Senior
https://openalex.org/W2580339477,A Messy State of the Union: Taming the Composite State Machines of TLS,S&P,2015,https://openalex.org/A5000876822,Jean Karim Zinzindohoué,last,2015.0,9.0,354.0,4.0,4.0,0.0,Junior
https://openalex.org/W2094739364,Central Control Over Distributed Routing,SIGCOMM,2015,https://openalex.org/A5009296594,Stefano Vissicchio,first,2009.0,65.0,2018.0,24.0,46.0,6.0,Senior
https://openalex.org/W2094739364,Central Control Over Distributed Routing,SIGCOMM,2015,https://openalex.org/A5065703902,Olivier Tilmans,middle,2014.0,13.0,284.0,7.0,6.0,1.0,Junior
https://openalex.org/W2094739364,Central Control Over Distributed Routing,SIGCOMM,2015,https://openalex.org/A5070110259,Laurent Vanbever,middle,2008.0,173.0,4085.0,31.0,76.0,7.0,Senior
https://openalex.org/W2094739364,Central Control Over Distributed Routing,SIGCOMM,2015,https://openalex.org/A5003914268,Jennifer Rexford,last,1990.0,466.0,45201.0,100.0,317.0,25.0,Senior
https://openalex.org/W2070299948,QuickScorer: A Fast Algorithm to Rank Documents with Additive Ensembles of Regression Trees,SIGIR,2015,https://openalex.org/A5030358452,Claudio Lucchese,first,2003.0,192.0,3345.0,30.0,77.0,12.0,Senior
https://openalex.org/W2070299948,QuickScorer: A Fast Algorithm to Rank Documents with Additive Ensembles of Regression Trees,SIGIR,2015,https://openalex.org/A5082554104,Franco Maria Nardini,middle,1975.0,195.0,1776.0,22.0,46.0,40.0,Senior
https://openalex.org/W2070299948,QuickScorer: A Fast Algorithm to Rank Documents with Additive Ensembles of Regression Trees,SIGIR,2015,https://openalex.org/A5066317336,Salvatore Orlando,middle,1985.0,254.0,3840.0,33.0,90.0,30.0,Senior
https://openalex.org/W2070299948,QuickScorer: A Fast Algorithm to Rank Documents with Additive Ensembles of Regression Trees,SIGIR,2015,https://openalex.org/A5035605298,Raffaele Perego,middle,1991.0,308.0,4588.0,34.0,102.0,24.0,Senior
https://openalex.org/W2070299948,QuickScorer: A Fast Algorithm to Rank Documents with Additive Ensembles of Regression Trees,SIGIR,2015,https://openalex.org/A5018894843,Nicola Tonellotto,middle,2004.0,190.0,2365.0,25.0,60.0,11.0,Senior
https://openalex.org/W2070299948,QuickScorer: A Fast Algorithm to Rank Documents with Additive Ensembles of Regression Trees,SIGIR,2015,https://openalex.org/A5084138015,Rossano Venturini,last,1970.0,141.0,1672.0,22.0,40.0,45.0,Senior
https://openalex.org/W3212975581,Spy vs. Spy: Rumor Source Obfuscation,SIGMETRICS,2015,https://openalex.org/A5076026636,Giulia Fanti,first,2003.0,127.0,1869.0,25.0,41.0,12.0,Senior
https://openalex.org/W3212975581,Spy vs. Spy: Rumor Source Obfuscation,SIGMETRICS,2015,https://openalex.org/A5064699160,Peter Kairouz,middle,2012.0,148.0,7975.0,28.0,52.0,3.0,Junior
https://openalex.org/W3212975581,Spy vs. Spy: Rumor Source Obfuscation,SIGMETRICS,2015,https://openalex.org/A5028243041,Sewoong Oh,middle,2001.0,311.0,7335.0,37.0,95.0,14.0,Senior
https://openalex.org/W3212975581,Spy vs. Spy: Rumor Source Obfuscation,SIGMETRICS,2015,https://openalex.org/A5053980484,Pramod Viswanath,last,1996.0,342.0,28619.0,50.0,133.0,19.0,Senior
https://openalex.org/W2092799168,"DBSCAN Revisited: Mis-Claim, Un-Fixability, and Approximation",SIGMOD,2015,https://openalex.org/A5068471095,Junhao Gan,first,2012.0,44.0,724.0,9.0,9.0,3.0,Junior
https://openalex.org/W2092799168,"DBSCAN Revisited: Mis-Claim, Un-Fixability, and Approximation",SIGMOD,2015,https://openalex.org/A5048609852,Yufei Tao,last,1998.0,298.0,15930.0,65.0,143.0,17.0,Senior
https://openalex.org/W2565184432,The Parameterized Complexity of k-Biclique,SODA,2015,https://openalex.org/A5101847362,Bingkai Lin,first,2002.0,38.0,202.0,8.0,7.0,13.0,Senior
https://openalex.org/W2902547091,Pivot Tracing: Dynamic Causal Monitoring for Distributed Systems,SOSP,2015,https://openalex.org/A5011277895,Jonathan Mace,first,2010.0,36.0,873.0,16.0,17.0,5.0,Junior
https://openalex.org/W2902547091,Pivot Tracing: Dynamic Causal Monitoring for Distributed Systems,SOSP,2015,https://openalex.org/A5003124561,Ryan Roelke,middle,2015.0,4.0,266.0,4.0,3.0,0.0,Junior
https://openalex.org/W2902547091,Pivot Tracing: Dynamic Causal Monitoring for Distributed Systems,SOSP,2015,https://openalex.org/A5036529548,Rodrigo Fonseca,last,1987.0,138.0,7079.0,39.0,74.0,28.0,Senior
https://openalex.org/W2073742357,Using Crash Hoare Logic for Certifying the FSCQ File System,SOSP,2015,https://openalex.org/A5054417711,Haogang Chen,first,2007.0,24.0,1059.0,11.0,14.0,8.0,Senior
https://openalex.org/W2073742357,Using Crash Hoare Logic for Certifying the FSCQ File System,SOSP,2015,https://openalex.org/A5033897343,Daniel Ziegler,middle,1970.0,61.0,863.0,12.0,18.0,45.0,Senior
https://openalex.org/W2073742357,Using Crash Hoare Logic for Certifying the FSCQ File System,SOSP,2015,https://openalex.org/A5010436566,Tej Chajed,middle,2013.0,25.0,556.0,11.0,12.0,2.0,Junior
https://openalex.org/W2073742357,Using Crash Hoare Logic for Certifying the FSCQ File System,SOSP,2015,https://openalex.org/A5078100439,Adam Chlipala,middle,2004.0,137.0,3225.0,29.0,61.0,11.0,Senior
https://openalex.org/W2073742357,Using Crash Hoare Logic for Certifying the FSCQ File System,SOSP,2015,https://openalex.org/A5109968020,M. Frans Kaashoek,middle,1989.0,239.0,36165.0,70.0,164.0,26.0,Senior
https://openalex.org/W2073742357,Using Crash Hoare Logic for Certifying the FSCQ File System,SOSP,2015,https://openalex.org/A5082808262,Nickolai Zeldovich,last,2002.0,130.0,10323.0,49.0,88.0,13.0,Senior
https://openalex.org/W2082224527,Exponential Separation of Information and Communication for Boolean Functions,STOC,2015,https://openalex.org/A5021833322,Anat Ganor,first,2010.0,17.0,126.0,5.0,3.0,5.0,Junior
https://openalex.org/W2082224527,Exponential Separation of Information and Communication for Boolean Functions,STOC,2015,https://openalex.org/A5050781652,Gillat Kol,middle,2008.0,65.0,648.0,10.0,11.0,7.0,Senior
https://openalex.org/W2082224527,Exponential Separation of Information and Communication for Boolean Functions,STOC,2015,https://openalex.org/A5041545934,Ran Raz,last,1984.0,221.0,7442.0,45.0,97.0,31.0,Senior
https://openalex.org/W2031923588,Lower Bounds on the Size of Semidefinite Programming Relaxations,STOC,2015,https://openalex.org/A5028879014,James R. Lee,first,2002.0,110.0,2901.0,25.0,47.0,13.0,Senior
https://openalex.org/W2031923588,Lower Bounds on the Size of Semidefinite Programming Relaxations,STOC,2015,https://openalex.org/A5101701586,Prasad Raghavendra,middle,2006.0,135.0,2883.0,29.0,60.0,9.0,Senior
https://openalex.org/W2031923588,Lower Bounds on the Size of Semidefinite Programming Relaxations,STOC,2015,https://openalex.org/A5089128021,David Steurer,last,2006.0,129.0,3469.0,29.0,57.0,9.0,Senior
https://openalex.org/W2033498419,2-Server PIR with sub-polynomial communication,STOC,2015,https://openalex.org/A5013053155,Zeev Dvir,first,1983.0,114.0,1372.0,19.0,29.0,32.0,Senior
https://openalex.org/W2033498419,2-Server PIR with sub-polynomial communication,STOC,2015,https://openalex.org/A5038687630,Sivakanth Gopi,last,2012.0,83.0,605.0,12.0,16.0,3.0,Junior
https://openalex.org/W2197150605,Foldio: Digital Fabrication of Interactive and Shape-Changing Objects With Foldable Printed Electronics,UIST,2015,https://openalex.org/A5058504215,Simon Olberding,first,2010.0,25.0,578.0,10.0,10.0,5.0,Junior
https://openalex.org/W2197150605,Foldio: Digital Fabrication of Interactive and Shape-Changing Objects With Foldable Printed Electronics,UIST,2015,https://openalex.org/A5057575769,Sergio Soto Ortega,middle,2015.0,1.0,139.0,1.0,1.0,0.0,Junior
https://openalex.org/W2197150605,Foldio: Digital Fabrication of Interactive and Shape-Changing Objects With Foldable Printed Electronics,UIST,2015,https://openalex.org/A5050321930,Klaus Hildebrandt,middle,1969.0,86.0,2045.0,21.0,33.0,46.0,Senior
https://openalex.org/W2197150605,Foldio: Digital Fabrication of Interactive and Shape-Changing Objects With Foldable Printed Electronics,UIST,2015,https://openalex.org/A5069105456,Jürgen Steimle,last,2007.0,212.0,5254.0,42.0,86.0,8.0,Senior
https://openalex.org/W2176017127,Orbits: Gaze Interaction for Smart Watches using Smooth Pursuit Eye Movements,UIST,2015,https://openalex.org/A5015893090,Augusto Esteves,first,2010.0,86.0,1310.0,19.0,27.0,5.0,Junior
https://openalex.org/W2176017127,Orbits: Gaze Interaction for Smart Watches using Smooth Pursuit Eye Movements,UIST,2015,https://openalex.org/A5087672786,Eduardo Velloso,middle,2010.0,189.0,4540.0,33.0,89.0,5.0,Junior
https://openalex.org/W2176017127,Orbits: Gaze Interaction for Smart Watches using Smooth Pursuit Eye Movements,UIST,2015,https://openalex.org/A5073661463,Andreas Bulling,middle,1952.0,352.0,15027.0,62.0,168.0,63.0,Senior
https://openalex.org/W2176017127,Orbits: Gaze Interaction for Smart Watches using Smooth Pursuit Eye Movements,UIST,2015,https://openalex.org/A5024343435,Hans Gellersen,last,1993.0,379.0,14550.0,63.0,206.0,22.0,Senior
https://openalex.org/W2271345687,Webstrates: Shareable Dynamic Media,UIST,2015,https://openalex.org/A5063269254,Clemens Nylandsted Klokmose,first,2006.0,102.0,2010.0,22.0,47.0,9.0,Senior
https://openalex.org/W2271345687,Webstrates: Shareable Dynamic Media,UIST,2015,https://openalex.org/A5034670941,James Eagan,middle,2000.0,57.0,2265.0,20.0,27.0,15.0,Senior
https://openalex.org/W2271345687,Webstrates: Shareable Dynamic Media,UIST,2015,https://openalex.org/A5089708930,Siemen Baader,middle,2015.0,3.0,146.0,2.0,2.0,0.0,Junior
https://openalex.org/W2271345687,Webstrates: Shareable Dynamic Media,UIST,2015,https://openalex.org/A5034680150,Wendy E. Mackay,middle,1986.0,311.0,10191.0,53.0,150.0,29.0,Senior
https://openalex.org/W2271345687,Webstrates: Shareable Dynamic Media,UIST,2015,https://openalex.org/A5069093421,Michel Beaudouin-Lafon,last,1985.0,219.0,7497.0,40.0,110.0,30.0,Senior
https://openalex.org/W2269738476,Constructing an interactive natural language interface for relational databases,VLDB,2015,https://openalex.org/A5100740268,Li Fei,first,1986.0,512.0,4582.0,32.0,76.0,29.0,Senior
https://openalex.org/W2269738476,Constructing an interactive natural language interface for relational databases,VLDB,2015,https://openalex.org/A5087012731,H. V. Jagadish,last,1990.0,268.0,12486.0,57.0,145.0,25.0,Senior
https://openalex.org/W2141990617,HypTrails: A Bayesian Approach for Comparing Hypotheses About Human Trails on the Web,WWW,2015,https://openalex.org/A5025977681,Philipp Singer,first,1995.0,75.0,1084.0,18.0,23.0,20.0,Senior
https://openalex.org/W2141990617,HypTrails: A Bayesian Approach for Comparing Hypotheses About Human Trails on the Web,WWW,2015,https://openalex.org/A5074698656,Denis Helić,middle,1997.0,221.0,1785.0,21.0,57.0,18.0,Senior
https://openalex.org/W2141990617,HypTrails: A Bayesian Approach for Comparing Hypotheses About Human Trails on the Web,WWW,2015,https://openalex.org/A5054225034,Andreas Hotho,middle,2000.0,403.0,12300.0,49.0,139.0,15.0,Senior
https://openalex.org/W2141990617,HypTrails: A Bayesian Approach for Comparing Hypotheses About Human Trails on the Web,WWW,2015,https://openalex.org/A5071422618,Markus Strohmaier,last,2002.0,343.0,6177.0,36.0,115.0,13.0,Senior
https://openalex.org/W151167705,Recovering from Selection Bias in Causal and Statistical Inference,AAAI,2014,https://openalex.org/A5039620960,Elias Bareinboim,first,2007.0,152.0,3829.0,30.0,64.0,7.0,Senior
https://openalex.org/W151167705,Recovering from Selection Bias in Causal and Statistical Inference,AAAI,2014,https://openalex.org/A5073863021,Jin Tian,middle,2000.0,194.0,2115.0,24.0,56.0,14.0,Senior
https://openalex.org/W151167705,Recovering from Selection Bias in Causal and Statistical Inference,AAAI,2014,https://openalex.org/A5108208924,Judea Pearl,last,1971.0,488.0,80330.0,93.0,291.0,43.0,Senior
https://openalex.org/W2251682575,Fast and Robust Neural Network Joint Models for Statistical Machine Translation,ACL,2014,https://openalex.org/A5057457287,Jacob Devlin,first,1975.0,53.0,41798.0,25.0,36.0,39.0,Senior
https://openalex.org/W2251682575,Fast and Robust Neural Network Joint Models for Statistical Machine Translation,ACL,2014,https://openalex.org/A5024402344,Rabih Zbib,middle,1999.0,46.0,1439.0,11.0,13.0,15.0,Senior
https://openalex.org/W2251682575,Fast and Robust Neural Network Joint Models for Statistical Machine Translation,ACL,2014,https://openalex.org/A5113916695,Zhongqiang Huang,middle,2006.0,80.0,2354.0,20.0,34.0,8.0,Senior
https://openalex.org/W2251682575,Fast and Robust Neural Network Joint Models for Statistical Machine Translation,ACL,2014,https://openalex.org/A5053071845,Thomas Lamar,middle,2014.0,3.0,544.0,3.0,2.0,0.0,Junior
https://openalex.org/W2251682575,Fast and Robust Neural Network Joint Models for Statistical Machine Translation,ACL,2014,https://openalex.org/A5089653752,Richard Schwartz,middle,1962.0,344.0,17604.0,60.0,200.0,52.0,Senior
https://openalex.org/W2251682575,Fast and Robust Neural Network Joint Models for Statistical Machine Translation,ACL,2014,https://openalex.org/A5112199595,John Makhoul,last,1966.0,143.0,5189.0,24.0,51.0,48.0,Senior
https://openalex.org/W2137864660,Consumed Endurance: A Metric to Quantify Arm Fatigue of Mid-Air Interactions,CHI,2014,https://openalex.org/A5077463393,Juan David Hincapié-Ramos,first,2010.0,22.0,958.0,14.0,15.0,4.0,Junior
https://openalex.org/W2137864660,Consumed Endurance: A Metric to Quantify Arm Fatigue of Mid-Air Interactions,CHI,2014,https://openalex.org/A5109343366,Xiang Guo,middle,2003.0,12.0,429.0,4.0,2.0,11.0,Senior
https://openalex.org/W2137864660,Consumed Endurance: A Metric to Quantify Arm Fatigue of Mid-Air Interactions,CHI,2014,https://openalex.org/A5075318331,Paymahn Moghadasian,middle,2012.0,3.0,427.0,2.0,2.0,2.0,Junior
https://openalex.org/W2137864660,Consumed Endurance: A Metric to Quantify Arm Fatigue of Mid-Air Interactions,CHI,2014,https://openalex.org/A5078907679,Pourang Irani,last,2003.0,248.0,6126.0,45.0,128.0,11.0,Senior
https://openalex.org/W2005511465,Duet: Exploring Joint Interactions on a Smart Phone and a Smart Watch,CHI,2014,https://openalex.org/A5109928774,Heidi Selmer Nielsen,first,2014.0,2.0,45.0,2.0,2.0,0.0,Junior
https://openalex.org/W2005511465,Duet: Exploring Joint Interactions on a Smart Phone and a Smart Watch,CHI,2014,https://openalex.org/A5082667645,Marius Pallisgaard Olsen,middle,2014.0,5.0,63.0,4.0,3.0,0.0,Junior
https://openalex.org/W2005511465,Duet: Exploring Joint Interactions on a Smart Phone and a Smart Watch,CHI,2014,https://openalex.org/A5020573877,Mikael B. Skov,middle,1996.0,235.0,4151.0,34.0,106.0,18.0,Senior
https://openalex.org/W2005511465,Duet: Exploring Joint Interactions on a Smart Phone and a Smart Watch,CHI,2014,https://openalex.org/A5008971118,Jesper Kjeldskov,last,2000.0,239.0,5999.0,35.0,106.0,14.0,Senior
https://openalex.org/W2081933842,Type-Hover-Swipe in 96 Bytes: A Motion Sensing Mechanical Keyboard,CHI,2014,https://openalex.org/A5104268832,Stuart Taylor,first,1988.0,47.0,1053.0,16.0,18.0,26.0,Senior
https://openalex.org/W2081933842,Type-Hover-Swipe in 96 Bytes: A Motion Sensing Mechanical Keyboard,CHI,2014,https://openalex.org/A5102363948,Cem Keskin,middle,2007.0,72.0,3732.0,28.0,42.0,7.0,Senior
https://openalex.org/W2081933842,Type-Hover-Swipe in 96 Bytes: A Motion Sensing Mechanical Keyboard,CHI,2014,https://openalex.org/A5025000908,Otmar Hilliges,middle,2003.0,313.0,16744.0,56.0,152.0,11.0,Senior
https://openalex.org/W2081933842,Type-Hover-Swipe in 96 Bytes: A Motion Sensing Mechanical Keyboard,CHI,2014,https://openalex.org/A5014927177,Shahram Izadi,middle,2001.0,224.0,23739.0,73.0,147.0,13.0,Senior
https://openalex.org/W2081933842,Type-Hover-Swipe in 96 Bytes: A Motion Sensing Mechanical Keyboard,CHI,2014,https://openalex.org/A5051796969,John Helmes,last,2009.0,20.0,437.0,11.0,11.0,5.0,Junior
https://openalex.org/W2005996634,Effects of Display Size and Navigation Type on a Classification Task,CHI,2014,https://openalex.org/A5077675371,Can Liu,first,2003.0,150.0,1394.0,23.0,38.0,11.0,Senior
https://openalex.org/W2005996634,Effects of Display Size and Navigation Type on a Classification Task,CHI,2014,https://openalex.org/A5048679959,Olivier Chapuis,middle,1991.0,146.0,2673.0,31.0,55.0,23.0,Senior
https://openalex.org/W2005996634,Effects of Display Size and Navigation Type on a Classification Task,CHI,2014,https://openalex.org/A5069093421,Michel Beaudouin-Lafon,middle,1985.0,219.0,7497.0,40.0,110.0,29.0,Senior
https://openalex.org/W2005996634,Effects of Display Size and Navigation Type on a Classification Task,CHI,2014,https://openalex.org/A5023297045,Éric Lecolinet,middle,1989.0,164.0,3651.0,31.0,60.0,25.0,Senior
https://openalex.org/W2005996634,Effects of Display Size and Navigation Type on a Classification Task,CHI,2014,https://openalex.org/A5034680150,Wendy E. Mackay,last,1986.0,311.0,10191.0,53.0,150.0,28.0,Senior
https://openalex.org/W2094690640,MixFab: a Mixed-Reality Environment for Personal Fabrication,CHI,2014,https://openalex.org/A5002616622,Christian Weichel,first,2010.0,16.0,816.0,10.0,10.0,4.0,Junior
https://openalex.org/W2094690640,MixFab: a Mixed-Reality Environment for Personal Fabrication,CHI,2014,https://openalex.org/A5014621224,Manfred Lau,middle,2005.0,58.0,1333.0,14.0,18.0,9.0,Senior
https://openalex.org/W2094690640,MixFab: a Mixed-Reality Environment for Personal Fabrication,CHI,2014,https://openalex.org/A5100403328,David Kim,middle,1982.0,283.0,14893.0,58.0,111.0,32.0,Senior
https://openalex.org/W2094690640,MixFab: a Mixed-Reality Environment for Personal Fabrication,CHI,2014,https://openalex.org/A5066919494,Nicolas Villar,middle,2003.0,90.0,2699.0,28.0,49.0,11.0,Senior
https://openalex.org/W2094690640,MixFab: a Mixed-Reality Environment for Personal Fabrication,CHI,2014,https://openalex.org/A5024343435,Hans Gellersen,last,1993.0,379.0,14550.0,63.0,206.0,21.0,Senior
https://openalex.org/W2155058526,Growing Closer on Meta: Changes in Tie Strength Through Social Network Site Use,CHI,2014,https://openalex.org/A5026050123,Peter J. Richerson,first,1967.0,338.0,36889.0,76.0,191.0,47.0,Senior
https://openalex.org/W2155058526,Growing Closer on Meta: Changes in Tie Strength Through Social Network Site Use,CHI,2014,https://openalex.org/A5051803370,Ryan Baldini,middle,2012.0,16.0,924.0,9.0,9.0,2.0,Junior
https://openalex.org/W2155058526,Growing Closer on Meta: Changes in Tie Strength Through Social Network Site Use,CHI,2014,https://openalex.org/A5102831633,Adrian V. Bell,middle,1935.0,49.0,3140.0,16.0,23.0,79.0,Senior
https://openalex.org/W2155058526,Growing Closer on Meta: Changes in Tie Strength Through Social Network Site Use,CHI,2014,https://openalex.org/A5084650556,Kathryn Demps,middle,2010.0,36.0,1204.0,12.0,14.0,4.0,Junior
https://openalex.org/W2155058526,Growing Closer on Meta: Changes in Tie Strength Through Social Network Site Use,CHI,2014,https://openalex.org/A5016613036,Karl Frost,middle,1970.0,18.0,854.0,7.0,7.0,44.0,Senior
https://openalex.org/W2155058526,Growing Closer on Meta: Changes in Tie Strength Through Social Network Site Use,CHI,2014,https://openalex.org/A5052944957,Vicken Hillis,middle,2008.0,83.0,1587.0,18.0,24.0,6.0,Senior
https://openalex.org/W2155058526,Growing Closer on Meta: Changes in Tie Strength Through Social Network Site Use,CHI,2014,https://openalex.org/A5084534829,Sarah Mathew,middle,2007.0,64.0,2427.0,19.0,27.0,7.0,Senior
https://openalex.org/W2155058526,Growing Closer on Meta: Changes in Tie Strength Through Social Network Site Use,CHI,2014,https://openalex.org/A5063714293,Emily K. Newton,middle,2010.0,14.0,1123.0,10.0,10.0,4.0,Junior
https://openalex.org/W2155058526,Growing Closer on Meta: Changes in Tie Strength Through Social Network Site Use,CHI,2014,https://openalex.org/A5061890279,Nicole Naar,middle,2014.0,9.0,729.0,5.0,3.0,0.0,Junior
https://openalex.org/W2155058526,Growing Closer on Meta: Changes in Tie Strength Through Social Network Site Use,CHI,2014,https://openalex.org/A5069950384,Lesley Newson,middle,1995.0,57.0,1397.0,12.0,13.0,19.0,Senior
https://openalex.org/W2155058526,Growing Closer on Meta: Changes in Tie Strength Through Social Network Site Use,CHI,2014,https://openalex.org/A5046759211,Cody T. Ross,middle,1850.0,116.0,2993.0,26.0,49.0,164.0,Senior
https://openalex.org/W2155058526,Growing Closer on Meta: Changes in Tie Strength Through Social Network Site Use,CHI,2014,https://openalex.org/A5020901777,Paul E. Smaldino,middle,1999.0,211.0,5068.0,33.0,72.0,15.0,Senior
https://openalex.org/W2155058526,Growing Closer on Meta: Changes in Tie Strength Through Social Network Site Use,CHI,2014,https://openalex.org/A5019243359,Timothy M. Waring,middle,2005.0,85.0,2725.0,22.0,37.0,9.0,Senior
https://openalex.org/W2155058526,Growing Closer on Meta: Changes in Tie Strength Through Social Network Site Use,CHI,2014,https://openalex.org/A5006352042,Matthew Zefferman,last,2013.0,40.0,984.0,10.0,10.0,1.0,Junior
https://openalex.org/W2125898659,"Emerging Sites of HCI Innovation: Hackerspaces, Hardware Startups & Incubators",CHI,2014,https://openalex.org/A5040811336,Silvia Lindtner,first,2006.0,96.0,3541.0,30.0,53.0,8.0,Senior
https://openalex.org/W2125898659,"Emerging Sites of HCI Innovation: Hackerspaces, Hardware Startups & Incubators",CHI,2014,https://openalex.org/A5029485566,Garnet Hertz,middle,2009.0,20.0,875.0,9.0,8.0,5.0,Junior
https://openalex.org/W2125898659,"Emerging Sites of HCI Innovation: Hackerspaces, Hardware Startups & Incubators",CHI,2014,https://openalex.org/A5083024795,Paul Dourish,last,1992.0,161.0,23458.0,55.0,109.0,22.0,Senior
https://openalex.org/W2059268796,"Designing for Slowness, Anticipation and Re-visitation: A Long Term Field Study of the Photobox",CHI,2014,https://openalex.org/A5073024818,William Odom,first,1895.0,145.0,5097.0,39.0,88.0,119.0,Senior
https://openalex.org/W2059268796,"Designing for Slowness, Anticipation and Re-visitation: A Long Term Field Study of the Photobox",CHI,2014,https://openalex.org/A5054544784,Abigail Sellen,middle,1986.0,272.0,17915.0,68.0,162.0,28.0,Senior
https://openalex.org/W2059268796,"Designing for Slowness, Anticipation and Re-visitation: A Long Term Field Study of the Photobox",CHI,2014,https://openalex.org/A5108601104,Richard Banks,middle,1981.0,85.0,3164.0,26.0,41.0,33.0,Senior
https://openalex.org/W2059268796,"Designing for Slowness, Anticipation and Re-visitation: A Long Term Field Study of the Photobox",CHI,2014,https://openalex.org/A5069887938,David Kirk,middle,1976.0,187.0,6216.0,40.0,101.0,38.0,Senior
https://openalex.org/W2059268796,"Designing for Slowness, Anticipation and Re-visitation: A Long Term Field Study of the Photobox",CHI,2014,https://openalex.org/A5089370410,Tim Regan,middle,1990.0,194.0,5753.0,41.0,80.0,24.0,Senior
https://openalex.org/W2059268796,"Designing for Slowness, Anticipation and Re-visitation: A Long Term Field Study of the Photobox",CHI,2014,https://openalex.org/A5102864179,M. J. Selby,middle,1964.0,119.0,4196.0,28.0,38.0,50.0,Senior
https://openalex.org/W2059268796,"Designing for Slowness, Anticipation and Re-visitation: A Long Term Field Study of the Photobox",CHI,2014,https://openalex.org/A5078288310,Jodi Forlizzi,middle,1997.0,323.0,23387.0,76.0,200.0,17.0,Senior
https://openalex.org/W2059268796,"Designing for Slowness, Anticipation and Re-visitation: A Long Term Field Study of the Photobox",CHI,2014,https://openalex.org/A5068413510,John Zimmerman,last,1906.0,313.0,13944.0,56.0,149.0,108.0,Senior
https://openalex.org/W2140006089,Estimating the Social Costs of Friendsourcing,CHI,2014,https://openalex.org/A5024501566,Jeffrey M. Rzeszotarski,first,2010.0,44.0,899.0,14.0,18.0,4.0,Junior
https://openalex.org/W2140006089,Estimating the Social Costs of Friendsourcing,CHI,2014,https://openalex.org/A5062285844,Meredith Ringel Morris,last,1994.0,280.0,18797.0,71.0,174.0,20.0,Senior
https://openalex.org/W1985475196,Human Values in Curating a Human Rights Media Archive,CHI,2014,https://openalex.org/A5041558239,Abigail Durrant,first,2007.0,118.0,2174.0,24.0,57.0,7.0,Senior
https://openalex.org/W1985475196,Human Values in Curating a Human Rights Media Archive,CHI,2014,https://openalex.org/A5069887938,David Kirk,middle,1976.0,187.0,6216.0,40.0,101.0,38.0,Senior
https://openalex.org/W1985475196,Human Values in Curating a Human Rights Media Archive,CHI,2014,https://openalex.org/A5020860057,Stuart Reeves,last,2001.0,163.0,4813.0,34.0,82.0,13.0,Senior
https://openalex.org/W2250553926,"""Narco"" Emotions: Affect and Desensitization in Social Media during the Mexican Drug War",CHI,2014,https://openalex.org/A5035622491,Glen Coppersmith,first,2008.0,50.0,4604.0,23.0,34.0,6.0,Senior
https://openalex.org/W2250553926,"""Narco"" Emotions: Affect and Desensitization in Social Media during the Mexican Drug War",CHI,2014,https://openalex.org/A5024437840,Mark Dredze,middle,2003.0,454.0,24066.0,67.0,199.0,11.0,Senior
https://openalex.org/W2250553926,"""Narco"" Emotions: Affect and Desensitization in Social Media during the Mexican Drug War",CHI,2014,https://openalex.org/A5114247946,Craig Harman,last,1998.0,33.0,1921.0,11.0,11.0,16.0,Senior
https://openalex.org/W2047781873,Real-time Feedback for Improving Medication Taking,CHI,2014,https://openalex.org/A5000246567,Matthew L. Lee,first,2014.0,2.0,174.0,2.0,2.0,0.0,Junior
https://openalex.org/W2047781873,Real-time Feedback for Improving Medication Taking,CHI,2014,https://openalex.org/A5032134965,Anind K. Dey,last,1997.0,371.0,31621.0,71.0,222.0,17.0,Senior
https://openalex.org/W2162409443,Structured Labeling for Facilitating Concept Evolution in Machine Learning,CHI,2014,https://openalex.org/A5039255125,Todd Kulesza,first,2008.0,24.0,2842.0,12.0,14.0,6.0,Senior
https://openalex.org/W2162409443,Structured Labeling for Facilitating Concept Evolution in Machine Learning,CHI,2014,https://openalex.org/A5057541630,Saleema Amershi,middle,2005.0,72.0,7230.0,31.0,50.0,9.0,Senior
https://openalex.org/W2162409443,Structured Labeling for Facilitating Concept Evolution in Machine Learning,CHI,2014,https://openalex.org/A5083893060,Rich Caruana,middle,1991.0,192.0,31926.0,58.0,106.0,23.0,Senior
https://openalex.org/W2162409443,Structured Labeling for Facilitating Concept Evolution in Machine Learning,CHI,2014,https://openalex.org/A5010157704,Danyel Fisher,middle,2000.0,113.0,6276.0,37.0,68.0,14.0,Senior
https://openalex.org/W2162409443,Structured Labeling for Facilitating Concept Evolution in Machine Learning,CHI,2014,https://openalex.org/A5008748926,Denis Charles,last,2001.0,53.0,1701.0,15.0,18.0,13.0,Senior
https://openalex.org/W2117160827,Towards Accurate and Practical Predictive Models of Active-Vision-Based Visual Search,CHI,2014,https://openalex.org/A5035535362,David E. Kieras,first,1966.0,190.0,10333.0,42.0,83.0,48.0,Senior
https://openalex.org/W2117160827,Towards Accurate and Practical Predictive Models of Active-Vision-Based Visual Search,CHI,2014,https://openalex.org/A5062153420,Anthony J. Hornof,last,1995.0,63.0,1707.0,21.0,33.0,19.0,Senior
https://openalex.org/W2051295909,RetroDepth: 3D Silhouette Sensing for High-Precision Input On and Above Physical Surfaces,CHI,2014,https://openalex.org/A5100403328,David Kim,first,1982.0,283.0,14893.0,58.0,111.0,32.0,Senior
https://openalex.org/W2051295909,RetroDepth: 3D Silhouette Sensing for High-Precision Input On and Above Physical Surfaces,CHI,2014,https://openalex.org/A5014927177,Shahram Izadi,middle,2001.0,224.0,23739.0,73.0,147.0,13.0,Senior
https://openalex.org/W2051295909,RetroDepth: 3D Silhouette Sensing for High-Precision Input On and Above Physical Surfaces,CHI,2014,https://openalex.org/A5004051840,Jakub Dostál,middle,1958.0,81.0,1373.0,18.0,25.0,56.0,Senior
https://openalex.org/W2051295909,RetroDepth: 3D Silhouette Sensing for High-Precision Input On and Above Physical Surfaces,CHI,2014,https://openalex.org/A5056242458,Christoph Rhemann,middle,2006.0,72.0,7750.0,37.0,49.0,8.0,Senior
https://openalex.org/W2051295909,RetroDepth: 3D Silhouette Sensing for High-Precision Input On and Above Physical Surfaces,CHI,2014,https://openalex.org/A5102363948,Cem Keskin,middle,2007.0,72.0,3732.0,28.0,42.0,7.0,Senior
https://openalex.org/W2051295909,RetroDepth: 3D Silhouette Sensing for High-Precision Input On and Above Physical Surfaces,CHI,2014,https://openalex.org/A5020965719,Christopher Zach,middle,2001.0,191.0,8066.0,37.0,85.0,13.0,Senior
https://openalex.org/W2051295909,RetroDepth: 3D Silhouette Sensing for High-Precision Input On and Above Physical Surfaces,CHI,2014,https://openalex.org/A5002831957,Jamie Shotton,middle,2003.0,145.0,35707.0,57.0,94.0,11.0,Senior
https://openalex.org/W2051295909,RetroDepth: 3D Silhouette Sensing for High-Precision Input On and Above Physical Surfaces,CHI,2014,https://openalex.org/A5039302062,Timothy Large,middle,1988.0,13.0,215.0,6.0,5.0,26.0,Senior
https://openalex.org/W2051295909,RetroDepth: 3D Silhouette Sensing for High-Precision Input On and Above Physical Surfaces,CHI,2014,https://openalex.org/A5064638107,Steven Bathiche,middle,2009.0,21.0,353.0,8.0,8.0,5.0,Junior
https://openalex.org/W2051295909,RetroDepth: 3D Silhouette Sensing for High-Precision Input On and Above Physical Surfaces,CHI,2014,https://openalex.org/A5088583491,Matthias Nießner,middle,2010.0,318.0,23520.0,61.0,150.0,4.0,Junior
https://openalex.org/W2051295909,RetroDepth: 3D Silhouette Sensing for High-Precision Input On and Above Physical Surfaces,CHI,2014,https://openalex.org/A5002226991,D. Alex Butler,middle,2012.0,3.0,154.0,3.0,3.0,2.0,Junior
https://openalex.org/W2051295909,RetroDepth: 3D Silhouette Sensing for High-Precision Input On and Above Physical Surfaces,CHI,2014,https://openalex.org/A5056677910,Sean Fanello,middle,2010.0,102.0,4333.0,31.0,53.0,4.0,Junior
https://openalex.org/W2051295909,RetroDepth: 3D Silhouette Sensing for High-Precision Input On and Above Physical Surfaces,CHI,2014,https://openalex.org/A5110691595,Vivek Pradeep,last,2008.0,13.0,1035.0,8.0,7.0,6.0,Senior
https://openalex.org/W2124910144,Understanding Multitasking Through Parallelized Strategy Exploration and Individualized Cognitive Modeling,CHI,2014,https://openalex.org/A5100410998,Yunfeng Zhang,first,2004.0,169.0,4631.0,33.0,69.0,10.0,Senior
https://openalex.org/W2124910144,Understanding Multitasking Through Parallelized Strategy Exploration and Individualized Cognitive Modeling,CHI,2014,https://openalex.org/A5062153420,Anthony J. Hornof,last,1995.0,63.0,1707.0,21.0,33.0,19.0,Senior
https://openalex.org/W2106612861,Making Sustainability Sustainable: Challenges in the Design of Eco-Interaction Technologies,CHI,2014,https://openalex.org/A5036031138,Rayoung Yang,first,2011.0,15.0,870.0,12.0,12.0,3.0,Junior
https://openalex.org/W2106612861,Making Sustainability Sustainable: Challenges in the Design of Eco-Interaction Technologies,CHI,2014,https://openalex.org/A5017917433,Mark Newman,middle,1933.0,293.0,5728.0,38.0,92.0,81.0,Senior
https://openalex.org/W2106612861,Making Sustainability Sustainable: Challenges in the Design of Eco-Interaction Technologies,CHI,2014,https://openalex.org/A5078288310,Jodi Forlizzi,last,1997.0,323.0,23387.0,76.0,200.0,17.0,Senior
https://openalex.org/W2061985103,Cross-Device Search,CIKM,2014,https://openalex.org/A5041066830,George D. Montañez,first,2010.0,46.0,266.0,7.0,7.0,4.0,Junior
https://openalex.org/W2061985103,Cross-Device Search,CIKM,2014,https://openalex.org/A5076259865,Ryen W. White,middle,1981.0,357.0,14022.0,60.0,199.0,33.0,Senior
https://openalex.org/W2061985103,Cross-Device Search,CIKM,2014,https://openalex.org/A5103147562,Xiao Huang,last,1999.0,121.0,744.0,16.0,19.0,15.0,Senior
https://openalex.org/W2032643440,What Camera Motion Reveals About Shape with Unknown BRDF,CVPR,2014,https://openalex.org/A5046609009,Manmohan Chandraker,first,2002.0,262.0,10033.0,49.0,122.0,12.0,Senior
https://openalex.org/W2158356994,Architecture Challenges for Internal Software Ecosystems: A Large-Scale Industry Case Study,FSE,2014,https://openalex.org/A5027563965,Klaus-Benedikt Schultis,first,2013.0,7.0,41.0,3.0,2.0,1.0,Junior
https://openalex.org/W2158356994,Architecture Challenges for Internal Software Ecosystems: A Large-Scale Industry Case Study,FSE,2014,https://openalex.org/A5065530146,Christoph Elsner,middle,2008.0,52.0,341.0,12.0,14.0,6.0,Senior
https://openalex.org/W2158356994,Architecture Challenges for Internal Software Ecosystems: A Large-Scale Industry Case Study,FSE,2014,https://openalex.org/A5014327382,Daniel Lohmann,last,1964.0,232.0,2773.0,29.0,66.0,50.0,Senior
https://openalex.org/W2102147011,Selection and Presentation Practices for Code Example Summarization,FSE,2014,https://openalex.org/A5009530531,Annie T. T. Ying,first,2003.0,26.0,1087.0,14.0,15.0,11.0,Senior
https://openalex.org/W2102147011,Selection and Presentation Practices for Code Example Summarization,FSE,2014,https://openalex.org/A5059244952,Martin P. Robillard,last,1998.0,195.0,7428.0,47.0,94.0,16.0,Senior
https://openalex.org/W2140609933,Learning Natural Coding Conventions,FSE,2014,https://openalex.org/A5080221214,Miltiadis Allamanis,first,2011.0,90.0,6154.0,30.0,43.0,3.0,Junior
https://openalex.org/W2140609933,Learning Natural Coding Conventions,FSE,2014,https://openalex.org/A5076587279,Earl T. Barr,middle,2000.0,123.0,7247.0,31.0,59.0,14.0,Senior
https://openalex.org/W2140609933,Learning Natural Coding Conventions,FSE,2014,https://openalex.org/A5036278905,Christian Bird,middle,1996.0,190.0,11305.0,51.0,110.0,18.0,Senior
https://openalex.org/W2140609933,Learning Natural Coding Conventions,FSE,2014,https://openalex.org/A5028501178,Charles Sutton,last,1953.0,210.0,21133.0,50.0,110.0,61.0,Senior
https://openalex.org/W2041235686,AI: A Lightweight System for Tolerating Concurrency Bugs,FSE,2014,https://openalex.org/A5100621292,Mingxing Zhang,first,2014.0,12.0,195.0,7.0,5.0,0.0,Junior
https://openalex.org/W2041235686,AI: A Lightweight System for Tolerating Concurrency Bugs,FSE,2014,https://openalex.org/A5115602897,Yongwei Wu,middle,2002.0,196.0,2820.0,28.0,70.0,12.0,Senior
https://openalex.org/W2041235686,AI: A Lightweight System for Tolerating Concurrency Bugs,FSE,2014,https://openalex.org/A5061448314,Shan Lu,middle,2004.0,221.0,8791.0,45.0,120.0,10.0,Senior
https://openalex.org/W2041235686,AI: A Lightweight System for Tolerating Concurrency Bugs,FSE,2014,https://openalex.org/A5089676563,Shanxiang Qi,middle,2007.0,12.0,326.0,9.0,9.0,7.0,Senior
https://openalex.org/W2041235686,AI: A Lightweight System for Tolerating Concurrency Bugs,FSE,2014,https://openalex.org/A5027304285,Jinglei Ren,middle,2009.0,21.0,593.0,10.0,10.0,5.0,Junior
https://openalex.org/W2041235686,AI: A Lightweight System for Tolerating Concurrency Bugs,FSE,2014,https://openalex.org/A5108050910,Weimin Zheng,last,1993.0,132.0,2371.0,27.0,59.0,21.0,Senior
https://openalex.org/W2096146112,Powering the Static Driver Verifier using Corral,FSE,2014,https://openalex.org/A5029930688,Akash Lal,first,2002.0,136.0,1785.0,22.0,41.0,12.0,Senior
https://openalex.org/W2096146112,Powering the Static Driver Verifier using Corral,FSE,2014,https://openalex.org/A5072464909,Shaz Qadeer,last,1996.0,202.0,9843.0,50.0,127.0,18.0,Senior
https://openalex.org/W2135937266,Are Mutants a Valid Substitute for Real Faults in Software Testing?,FSE,2014,https://openalex.org/A5088079823,René Just,first,1977.0,105.0,4254.0,23.0,39.0,37.0,Senior
https://openalex.org/W2135937266,Are Mutants a Valid Substitute for Real Faults in Software Testing?,FSE,2014,https://openalex.org/A5082120000,Darioush Jalali,middle,2013.0,5.0,2104.0,4.0,4.0,1.0,Junior
https://openalex.org/W2135937266,Are Mutants a Valid Substitute for Real Faults in Software Testing?,FSE,2014,https://openalex.org/A5014292887,Laura Inozemtseva,middle,2012.0,11.0,1378.0,7.0,6.0,2.0,Junior
https://openalex.org/W2135937266,Are Mutants a Valid Substitute for Real Faults in Software Testing?,FSE,2014,https://openalex.org/A5032068969,Michael D. Ernst,middle,1975.0,348.0,21804.0,72.0,186.0,39.0,Senior
https://openalex.org/W2135937266,Are Mutants a Valid Substitute for Real Faults in Software Testing?,FSE,2014,https://openalex.org/A5034123811,Reid Holmes,middle,1962.0,132.0,4497.0,33.0,67.0,52.0,Senior
https://openalex.org/W2135937266,Are Mutants a Valid Substitute for Real Faults in Software Testing?,FSE,2014,https://openalex.org/A5079261847,Gordon Fraser,last,1981.0,407.0,11661.0,56.0,153.0,33.0,Senior
https://openalex.org/W159693449,Understanding the Limiting Factors of Topic Modeling via Posterior Contraction Analysis,ICML,2014,https://openalex.org/A5077231313,Jian Tang,first,1986.0,213.0,9695.0,41.0,87.0,28.0,Senior
https://openalex.org/W159693449,Understanding the Limiting Factors of Topic Modeling via Posterior Contraction Analysis,ICML,2014,https://openalex.org/A5102057441,Zhaoshi Meng,middle,2008.0,9.0,590.0,7.0,7.0,6.0,Senior
https://openalex.org/W159693449,Understanding the Limiting Factors of Topic Modeling via Posterior Contraction Analysis,ICML,2014,https://openalex.org/A5111598410,XuanLong Nguyen,middle,2000.0,112.0,2776.0,24.0,37.0,14.0,Senior
https://openalex.org/W159693449,Understanding the Limiting Factors of Topic Modeling via Posterior Contraction Analysis,ICML,2014,https://openalex.org/A5048955398,Qiaozhu Mei,middle,2003.0,273.0,11891.0,51.0,126.0,11.0,Senior
https://openalex.org/W159693449,Understanding the Limiting Factors of Topic Modeling via Posterior Contraction Analysis,ICML,2014,https://openalex.org/A5100642537,Ming Zhang,last,1986.0,248.0,6280.0,39.0,101.0,28.0,Senior
https://openalex.org/W2056659466,A Study and Toolkit for Asynchronous Programming in C#,ICSE,2014,https://openalex.org/A5010881756,Semih Okur,first,2011.0,12.0,241.0,6.0,5.0,3.0,Junior
https://openalex.org/W2056659466,A Study and Toolkit for Asynchronous Programming in C#,ICSE,2014,https://openalex.org/A5055201741,David L. Hartveld,middle,2014.0,2.0,55.0,1.0,1.0,0.0,Junior
https://openalex.org/W2056659466,A Study and Toolkit for Asynchronous Programming in C#,ICSE,2014,https://openalex.org/A5019404521,Danny Dig,middle,2005.0,139.0,6015.0,42.0,72.0,9.0,Senior
https://openalex.org/W2056659466,A Study and Toolkit for Asynchronous Programming in C#,ICSE,2014,https://openalex.org/A5090401584,Arie van Deursen,last,1958.0,463.0,12595.0,53.0,191.0,56.0,Senior
https://openalex.org/W2095839586,Characterizing and Detecting Performance Bugs for Smartphone Applications,ICSE,2014,https://openalex.org/A5084868951,Yepang Liu,first,2012.0,180.0,2620.0,28.0,61.0,2.0,Junior
https://openalex.org/W2095839586,Characterizing and Detecting Performance Bugs for Smartphone Applications,ICSE,2014,https://openalex.org/A5052203980,Chang Xu,middle,1979.0,237.0,3145.0,28.0,77.0,35.0,Senior
https://openalex.org/W2095839586,Characterizing and Detecting Performance Bugs for Smartphone Applications,ICSE,2014,https://openalex.org/A5034057959,Shing-Chi Cheung,last,1991.0,430.0,8746.0,46.0,176.0,23.0,Senior
https://openalex.org/W2106072155,Coverage Is Not Strongly Correlated with Test Suite Effectiveness,ICSE,2014,https://openalex.org/A5014292887,Laura Inozemtseva,first,2012.0,11.0,1378.0,7.0,6.0,2.0,Junior
https://openalex.org/W2106072155,Coverage Is Not Strongly Correlated with Test Suite Effectiveness,ICSE,2014,https://openalex.org/A5034123811,Reid Holmes,last,1962.0,132.0,4497.0,33.0,67.0,52.0,Senior
https://openalex.org/W2080395944,"Cowboys, Ankle Sprains, and Keepers of Quality: How Is Video Game Development Different from Software Development?",ICSE,2014,https://openalex.org/A5052426710,Emerson Murphy-Hill,first,2000.0,200.0,6206.0,41.0,109.0,14.0,Senior
https://openalex.org/W2080395944,"Cowboys, Ankle Sprains, and Keepers of Quality: How Is Video Game Development Different from Software Development?",ICSE,2014,https://openalex.org/A5061605447,Thomas Zimmermann,middle,1991.0,522.0,21946.0,74.0,180.0,23.0,Senior
https://openalex.org/W2080395944,"Cowboys, Ankle Sprains, and Keepers of Quality: How Is Video Game Development Different from Software Development?",ICSE,2014,https://openalex.org/A5101612061,Nachiappan Nagappan,last,2003.0,243.0,15316.0,58.0,136.0,11.0,Senior
https://openalex.org/W1970005004,Enhancing Symbolic Execution with Veritesting,ICSE,2014,https://openalex.org/A5049839987,Thanassis Avgerinos,first,2009.0,16.0,2973.0,13.0,14.0,5.0,Junior
https://openalex.org/W1970005004,Enhancing Symbolic Execution with Veritesting,ICSE,2014,https://openalex.org/A5037888372,Alexandre Rebert,middle,2012.0,5.0,1172.0,5.0,5.0,2.0,Junior
https://openalex.org/W1970005004,Enhancing Symbolic Execution with Veritesting,ICSE,2014,https://openalex.org/A5031854438,Sang Kil,middle,2007.0,56.0,2537.0,20.0,24.0,7.0,Senior
https://openalex.org/W1970005004,Enhancing Symbolic Execution with Veritesting,ICSE,2014,https://openalex.org/A5016565332,David Brumley,last,1998.0,92.0,9222.0,41.0,67.0,16.0,Senior
https://openalex.org/W2113610359,Improving Automated Source Code Summarization via an Eye-Tracking Study of Programmers,ICSE,2014,https://openalex.org/A5080198395,Paige Rodeghero,first,2014.0,62.0,766.0,14.0,19.0,0.0,Junior
https://openalex.org/W2113610359,Improving Automated Source Code Summarization via an Eye-Tracking Study of Programmers,ICSE,2014,https://openalex.org/A5084874990,Collin McMillan,middle,2000.0,128.0,3451.0,29.0,51.0,14.0,Senior
https://openalex.org/W2113610359,Improving Automated Source Code Summarization via an Eye-Tracking Study of Programmers,ICSE,2014,https://openalex.org/A5013685912,Paul W. McBurney,middle,1986.0,39.0,970.0,11.0,12.0,28.0,Senior
https://openalex.org/W2113610359,Improving Automated Source Code Summarization via an Eye-Tracking Study of Programmers,ICSE,2014,https://openalex.org/A5013490855,Nigel Bosch,middle,2013.0,141.0,3106.0,29.0,62.0,1.0,Junior
https://openalex.org/W2113610359,Improving Automated Source Code Summarization via an Eye-Tracking Study of Programmers,ICSE,2014,https://openalex.org/A5008316506,Sidney K. D’Mello,last,2004.0,444.0,21837.0,70.0,262.0,10.0,Senior
https://openalex.org/W2086186328,Trading Robustness for Maintainability: An Empirical Study of Evolving C# Programs,ICSE,2014,https://openalex.org/A5064179916,Nélio Cacho,first,2002.0,142.0,2046.0,23.0,47.0,12.0,Senior
https://openalex.org/W2086186328,Trading Robustness for Maintainability: An Empirical Study of Evolving C# Programs,ICSE,2014,https://openalex.org/A5071479045,Thiago de Alcântara César,middle,2014.0,3.0,118.0,3.0,3.0,0.0,Junior
https://openalex.org/W2086186328,Trading Robustness for Maintainability: An Empirical Study of Evolving C# Programs,ICSE,2014,https://openalex.org/A5047620436,Thomas Filipe,middle,2014.0,2.0,82.0,2.0,2.0,0.0,Junior
https://openalex.org/W2086186328,Trading Robustness for Maintainability: An Empirical Study of Evolving C# Programs,ICSE,2014,https://openalex.org/A5024953525,Eliezio Soares,middle,2014.0,9.0,127.0,3.0,3.0,0.0,Junior
https://openalex.org/W2086186328,Trading Robustness for Maintainability: An Empirical Study of Evolving C# Programs,ICSE,2014,https://openalex.org/A5009826585,Arthur Cassio,middle,2014.0,3.0,113.0,3.0,3.0,0.0,Junior
https://openalex.org/W2086186328,Trading Robustness for Maintainability: An Empirical Study of Evolving C# Programs,ICSE,2014,https://openalex.org/A5078301611,Rafael Castro de Souza,middle,2006.0,42.0,73.0,3.0,1.0,8.0,Senior
https://openalex.org/W2086186328,Trading Robustness for Maintainability: An Empirical Study of Evolving C# Programs,ICSE,2014,https://openalex.org/A5032306995,Israel Quintanilla García,middle,2001.0,22.0,167.0,5.0,5.0,13.0,Senior
https://openalex.org/W2086186328,Trading Robustness for Maintainability: An Empirical Study of Evolving C# Programs,ICSE,2014,https://openalex.org/A5084886075,Eiji Adachi,middle,1969.0,64.0,351.0,12.0,12.0,45.0,Senior
https://openalex.org/W2086186328,Trading Robustness for Maintainability: An Empirical Study of Evolving C# Programs,ICSE,2014,https://openalex.org/A5007792821,Alessandro Garcia,last,1989.0,323.0,5301.0,37.0,163.0,25.0,Senior
https://openalex.org/W2090907135,Understanding JavaScript Event-Based Interactions,ICSE,2014,https://openalex.org/A5033475627,Saba Alimadadi,first,2010.0,21.0,255.0,8.0,8.0,4.0,Junior
https://openalex.org/W2090907135,Understanding JavaScript Event-Based Interactions,ICSE,2014,https://openalex.org/A5081964141,Sheldon Sequeira,middle,2010.0,5.0,77.0,3.0,1.0,4.0,Junior
https://openalex.org/W2090907135,Understanding JavaScript Event-Based Interactions,ICSE,2014,https://openalex.org/A5023086966,Ali Mesbah,middle,1970.0,173.0,5562.0,42.0,94.0,44.0,Senior
https://openalex.org/W2090907135,Understanding JavaScript Event-Based Interactions,ICSE,2014,https://openalex.org/A5073641368,Karthik Pattabiraman,last,2004.0,250.0,5462.0,39.0,111.0,10.0,Senior
https://openalex.org/W2050127001,Unit Test Virtualization with VMVM,ICSE,2014,https://openalex.org/A5053080959,Jonathan Bell,first,1958.0,106.0,1531.0,22.0,35.0,56.0,Senior
https://openalex.org/W2050127001,Unit Test Virtualization with VMVM,ICSE,2014,https://openalex.org/A5090171418,Gail E. Kaiser,last,1976.0,421.0,8718.0,48.0,170.0,38.0,Senior
https://openalex.org/W2421692426,Joint Static and Dynamic Traffic Scheduling in Data Center Networks,INFOCOM,2014,https://openalex.org/A5087729117,Zizhong Cao,first,2011.0,11.0,170.0,6.0,3.0,3.0,Junior
https://openalex.org/W2421692426,Joint Static and Dynamic Traffic Scheduling in Data Center Networks,INFOCOM,2014,https://openalex.org/A5108507325,Murali Kodialam,middle,1997.0,148.0,7395.0,39.0,78.0,17.0,Senior
https://openalex.org/W2421692426,Joint Static and Dynamic Traffic Scheduling in Data Center Networks,INFOCOM,2014,https://openalex.org/A5079816803,T. V. Lakshman,last,1986.0,230.0,14245.0,60.0,130.0,28.0,Senior
https://openalex.org/W1995769257,Performance Evaluation and Asymptotics for Content Delivery Networks,INFOCOM,2014,https://openalex.org/A5051842127,Virag Shah,first,2002.0,46.0,621.0,13.0,15.0,12.0,Senior
https://openalex.org/W1995769257,Performance Evaluation and Asymptotics for Content Delivery Networks,INFOCOM,2014,https://openalex.org/A5008917819,Gustavo de Veciana,last,1990.0,323.0,8442.0,42.0,114.0,24.0,Senior
https://openalex.org/W2052261215,Reducing the Sampling Complexity of Topic Models,KDD,2014,https://openalex.org/A5053182948,Aaron Q. Li,first,2014.0,2.0,227.0,2.0,1.0,0.0,Junior
https://openalex.org/W2052261215,Reducing the Sampling Complexity of Topic Models,KDD,2014,https://openalex.org/A5009154893,Amr Ahmed,middle,2006.0,198.0,8096.0,36.0,75.0,8.0,Senior
https://openalex.org/W2052261215,Reducing the Sampling Complexity of Topic Models,KDD,2014,https://openalex.org/A5104067009,Sujith Ravi,middle,1987.0,55.0,1439.0,17.0,25.0,27.0,Senior
https://openalex.org/W2052261215,Reducing the Sampling Complexity of Topic Models,KDD,2014,https://openalex.org/A5000245150,Alexander J. Smola,last,1997.0,206.0,52595.0,66.0,122.0,17.0,Senior
https://openalex.org/W2069973845,Tagoram: Real-Time Tracking of Mobile RFID Tags to High Precision Using COTS Devices,MOBICOM,2014,https://openalex.org/A5044160991,Lei Yang,first,1998.0,332.0,5051.0,37.0,82.0,16.0,Senior
https://openalex.org/W2069973845,Tagoram: Real-Time Tracking of Mobile RFID Tags to High Precision Using COTS Devices,MOBICOM,2014,https://openalex.org/A5081652219,Yekui Chen,middle,2014.0,11.0,800.0,5.0,3.0,0.0,Junior
https://openalex.org/W2069973845,Tagoram: Real-Time Tracking of Mobile RFID Tags to High Precision Using COTS Devices,MOBICOM,2014,https://openalex.org/A5100341802,Xiang‐Yang Li,middle,1994.0,841.0,18619.0,73.0,321.0,20.0,Senior
https://openalex.org/W2069973845,Tagoram: Real-Time Tracking of Mobile RFID Tags to High Precision Using COTS Devices,MOBICOM,2014,https://openalex.org/A5005843046,Chaowei Xiao,middle,2014.0,191.0,7833.0,35.0,75.0,0.0,Junior
https://openalex.org/W2069973845,Tagoram: Real-Time Tracking of Mobile RFID Tags to High Precision Using COTS Devices,MOBICOM,2014,https://openalex.org/A5100361458,Mo Li,middle,2000.0,535.0,14705.0,64.0,205.0,14.0,Senior
https://openalex.org/W2069973845,Tagoram: Real-Time Tracking of Mobile RFID Tags to High Precision Using COTS Devices,MOBICOM,2014,https://openalex.org/A5070071735,Yunhao Liu,last,2004.0,244.0,19010.0,66.0,153.0,10.0,Senior
https://openalex.org/W2169054943,Asymmetric LSH (ALSH) for Sublinear Time Maximum Inner Product Search (MIPS),NeurIPS,2014,https://openalex.org/A5024993683,Anshumali Shrivastava,first,2002.0,208.0,2325.0,25.0,56.0,12.0,Senior
https://openalex.org/W2169054943,Asymmetric LSH (ALSH) for Sublinear Time Maximum Inner Product Search (MIPS),NeurIPS,2014,https://openalex.org/A5100741315,Ping Li,last,1991.0,367.0,5605.0,40.0,139.0,23.0,Senior
https://openalex.org/W2170892587,A* Sampling,NeurIPS,2014,https://openalex.org/A5030367905,Xiang Wan,first,1988.0,267.0,22075.0,39.0,103.0,26.0,Senior
https://openalex.org/W2170892587,A* Sampling,NeurIPS,2014,https://openalex.org/A5100631553,Wenqian Wang,middle,2010.0,62.0,12632.0,14.0,14.0,4.0,Junior
https://openalex.org/W2170892587,A* Sampling,NeurIPS,2014,https://openalex.org/A5062375227,Jiming Liu,middle,1988.0,718.0,27181.0,61.0,238.0,26.0,Senior
https://openalex.org/W2170892587,A* Sampling,NeurIPS,2014,https://openalex.org/A5002431770,Tiejun Tong,last,2004.0,168.0,17782.0,25.0,59.0,10.0,Senior
https://openalex.org/W2265366104,Arrakis: The Operating System is the Control Plane,OSDI,2014,https://openalex.org/A5102251003,Simon Peter,first,2007.0,77.0,3023.0,23.0,37.0,7.0,Senior
https://openalex.org/W2265366104,Arrakis: The Operating System is the Control Plane,OSDI,2014,https://openalex.org/A5108050246,Jialin Li,middle,2003.0,148.0,1795.0,21.0,44.0,11.0,Senior
https://openalex.org/W2265366104,Arrakis: The Operating System is the Control Plane,OSDI,2014,https://openalex.org/A5089845483,Irene Zhang,middle,2005.0,98.0,1659.0,24.0,35.0,9.0,Senior
https://openalex.org/W2265366104,Arrakis: The Operating System is the Control Plane,OSDI,2014,https://openalex.org/A5026925980,Dan R. K. Ports,middle,2005.0,58.0,2318.0,22.0,30.0,9.0,Senior
https://openalex.org/W2265366104,Arrakis: The Operating System is the Control Plane,OSDI,2014,https://openalex.org/A5019811544,Doug Woos,middle,2014.0,16.0,760.0,10.0,10.0,0.0,Junior
https://openalex.org/W2265366104,Arrakis: The Operating System is the Control Plane,OSDI,2014,https://openalex.org/A5101497042,Arvind Krishnamurthy,middle,1993.0,512.0,32424.0,89.0,305.0,21.0,Senior
https://openalex.org/W2265366104,Arrakis: The Operating System is the Control Plane,OSDI,2014,https://openalex.org/A5087154420,Thomas E. Anderson,middle,1928.0,323.0,27474.0,86.0,199.0,86.0,Senior
https://openalex.org/W2265366104,Arrakis: The Operating System is the Control Plane,OSDI,2014,https://openalex.org/A5072227627,Timothy Roscoe,last,1994.0,181.0,9359.0,39.0,85.0,20.0,Senior
https://openalex.org/W2061643296,Shielding Applications from an Untrusted Cloud with Haven,OSDI,2014,https://openalex.org/A5001597905,Andrew Baumann,first,1997.0,40.0,2540.0,18.0,24.0,17.0,Senior
https://openalex.org/W2061643296,Shielding Applications from an Untrusted Cloud with Haven,OSDI,2014,https://openalex.org/A5085380425,Marcus Peinado,middle,1994.0,66.0,5622.0,31.0,40.0,20.0,Senior
https://openalex.org/W2061643296,Shielding Applications from an Untrusted Cloud with Haven,OSDI,2014,https://openalex.org/A5109068256,Galen Hunt,last,1969.0,69.0,3855.0,24.0,35.0,45.0,Senior
https://openalex.org/W2169414316,IX: A Protected Dataplane Operating System for High Throughput and Low Latency,OSDI,2014,https://openalex.org/A5026744189,Adam Belay,first,2009.0,38.0,1436.0,13.0,14.0,5.0,Junior
https://openalex.org/W2169414316,IX: A Protected Dataplane Operating System for High Throughput and Low Latency,OSDI,2014,https://openalex.org/A5062272364,George Prekas,middle,2005.0,12.0,857.0,7.0,7.0,9.0,Senior
https://openalex.org/W2169414316,IX: A Protected Dataplane Operating System for High Throughput and Low Latency,OSDI,2014,https://openalex.org/A5000009841,Ana Klimovic,middle,2013.0,73.0,1335.0,15.0,18.0,1.0,Junior
https://openalex.org/W2169414316,IX: A Protected Dataplane Operating System for High Throughput and Low Latency,OSDI,2014,https://openalex.org/A5051781398,Samuel Grossman,middle,2014.0,9.0,445.0,4.0,4.0,0.0,Junior
https://openalex.org/W2169414316,IX: A Protected Dataplane Operating System for High Throughput and Low Latency,OSDI,2014,https://openalex.org/A5042148531,Christos Kozyrakis,middle,2003.0,304.0,21316.0,77.0,199.0,11.0,Senior
https://openalex.org/W2169414316,IX: A Protected Dataplane Operating System for High Throughput and Low Latency,OSDI,2014,https://openalex.org/A5049034675,Edouard Bugnion,last,1873.0,81.0,3868.0,26.0,40.0,141.0,Senior
https://openalex.org/W2170737051,Compiler validation via equivalence modulo inputs,PLDI,2014,https://openalex.org/A5051355395,Vu Le,first,2005.0,61.0,2104.0,19.0,24.0,9.0,Senior
https://openalex.org/W2170737051,Compiler validation via equivalence modulo inputs,PLDI,2014,https://openalex.org/A5037461995,Mehrdad Afshari,middle,2012.0,6.0,597.0,3.0,3.0,2.0,Junior
https://openalex.org/W2170737051,Compiler validation via equivalence modulo inputs,PLDI,2014,https://openalex.org/A5077610917,Zhendong Su,last,1997.0,282.0,14708.0,67.0,165.0,17.0,Senior
https://openalex.org/W2057510141,Improving JavaScript Performance by Deconstructing the Type System,PLDI,2014,https://openalex.org/A5104065467,Wonsun Ahn,first,2006.0,21.0,438.0,8.0,8.0,8.0,Senior
https://openalex.org/W2057510141,Improving JavaScript Performance by Deconstructing the Type System,PLDI,2014,https://openalex.org/A5056589829,Jiho Choi,middle,2004.0,58.0,917.0,16.0,18.0,10.0,Senior
https://openalex.org/W2057510141,Improving JavaScript Performance by Deconstructing the Type System,PLDI,2014,https://openalex.org/A5090891852,Thomas Shull,middle,2014.0,18.0,281.0,8.0,7.0,0.0,Junior
https://openalex.org/W2057510141,Improving JavaScript Performance by Deconstructing the Type System,PLDI,2014,https://openalex.org/A5110864141,María Jesús Garzarán,middle,1998.0,92.0,1854.0,21.0,36.0,16.0,Senior
https://openalex.org/W2057510141,Improving JavaScript Performance by Deconstructing the Type System,PLDI,2014,https://openalex.org/A5055909708,Josep Torrellas,last,1988.0,650.0,13993.0,64.0,242.0,26.0,Senior
https://openalex.org/W2050680750,On Abstraction Refinement for Program Analyses in Datalog,PLDI,2014,https://openalex.org/A5100327375,Xin Zhang,first,2008.0,108.0,5291.0,30.0,57.0,6.0,Senior
https://openalex.org/W2050680750,On Abstraction Refinement for Program Analyses in Datalog,PLDI,2014,https://openalex.org/A5002052018,Ravi Mangal,middle,2014.0,53.0,361.0,9.0,8.0,0.0,Junior
https://openalex.org/W2050680750,On Abstraction Refinement for Program Analyses in Datalog,PLDI,2014,https://openalex.org/A5049957994,Radu Grigore,middle,2001.0,55.0,494.0,13.0,17.0,13.0,Senior
https://openalex.org/W2050680750,On Abstraction Refinement for Program Analyses in Datalog,PLDI,2014,https://openalex.org/A5075879790,Mayur Naik,middle,1999.0,162.0,8827.0,37.0,76.0,15.0,Senior
https://openalex.org/W2050680750,On Abstraction Refinement for Program Analyses in Datalog,PLDI,2014,https://openalex.org/A5101612744,Hongseok Yang,last,2000.0,216.0,7328.0,43.0,96.0,14.0,Senior
https://openalex.org/W2658699200,Weaker Forms of Monotonicity for Declarative Networking: A More Fine-Grained Answer to the CALM-Conjecture,PODS,2014,https://openalex.org/A5008206932,Tom J. Ameloot,first,2011.0,26.0,180.0,9.0,8.0,3.0,Junior
https://openalex.org/W2658699200,Weaker Forms of Monotonicity for Declarative Networking: A More Fine-Grained Answer to the CALM-Conjecture,PODS,2014,https://openalex.org/A5028459977,Bas Ketsman,middle,2013.0,52.0,180.0,8.0,6.0,1.0,Junior
https://openalex.org/W2658699200,Weaker Forms of Monotonicity for Declarative Networking: A More Fine-Grained Answer to the CALM-Conjecture,PODS,2014,https://openalex.org/A5022264843,Frank Neven,middle,1997.0,189.0,3810.0,34.0,74.0,17.0,Senior
https://openalex.org/W2658699200,Weaker Forms of Monotonicity for Declarative Networking: A More Fine-Grained Answer to the CALM-Conjecture,PODS,2014,https://openalex.org/A5109361075,Daniel Zinn,last,1969.0,58.0,1230.0,20.0,29.0,45.0,Senior
https://openalex.org/W2302922559,Secure Multiparty Computations on BitCoin,S&P,2014,https://openalex.org/A5091819924,Marcin Andrychowicz,first,2012.0,41.0,4271.0,24.0,29.0,2.0,Junior
https://openalex.org/W2302922559,Secure Multiparty Computations on BitCoin,S&P,2014,https://openalex.org/A5008597461,Stefan Dziembowski,middle,1996.0,109.0,5530.0,35.0,56.0,18.0,Senior
https://openalex.org/W2302922559,Secure Multiparty Computations on BitCoin,S&P,2014,https://openalex.org/A5063317383,Daniel Malinowski,middle,2013.0,16.0,1120.0,10.0,10.0,1.0,Junior
https://openalex.org/W2302922559,Secure Multiparty Computations on BitCoin,S&P,2014,https://openalex.org/A5102986496,Łukasz Mazurek,last,2013.0,10.0,797.0,7.0,7.0,1.0,Junior
https://openalex.org/W4240983449,Balancing Accountability and Privacy in the Network,SIGCOMM,2014,https://openalex.org/A5076560073,David Naylor,first,1965.0,47.0,964.0,14.0,15.0,49.0,Senior
https://openalex.org/W4240983449,Balancing Accountability and Privacy in the Network,SIGCOMM,2014,https://openalex.org/A5074751039,Matthew K. Mukerjee,middle,2010.0,20.0,825.0,12.0,12.0,4.0,Junior
https://openalex.org/W4240983449,Balancing Accountability and Privacy in the Network,SIGCOMM,2014,https://openalex.org/A5089056623,Peter Steenkiste,last,1984.0,346.0,12824.0,56.0,177.0,30.0,Senior
https://openalex.org/W4254522945,CONGA: Distributed Congestion-Aware Load Balancing for Datacenters,SIGCOMM,2014,https://openalex.org/A5101669321,Mohammad Alizadeh,first,2008.0,119.0,9717.0,41.0,75.0,6.0,Senior
https://openalex.org/W4254522945,CONGA: Distributed Congestion-Aware Load Balancing for Datacenters,SIGCOMM,2014,https://openalex.org/A5036144178,Tom Edsall,middle,2012.0,13.0,2055.0,10.0,10.0,2.0,Junior
https://openalex.org/W4254522945,CONGA: Distributed Congestion-Aware Load Balancing for Datacenters,SIGCOMM,2014,https://openalex.org/A5054225262,Sarang Dharmapurikar,middle,2001.0,30.0,4348.0,22.0,23.0,13.0,Senior
https://openalex.org/W4254522945,CONGA: Distributed Congestion-Aware Load Balancing for Datacenters,SIGCOMM,2014,https://openalex.org/A5019069757,Ramanan Vaidyanathan,middle,2014.0,2.0,860.0,2.0,2.0,0.0,Junior
https://openalex.org/W4254522945,CONGA: Distributed Congestion-Aware Load Balancing for Datacenters,SIGCOMM,2014,https://openalex.org/A5065785442,Kevin Chu,middle,2014.0,2.0,860.0,2.0,2.0,0.0,Junior
https://openalex.org/W4254522945,CONGA: Distributed Congestion-Aware Load Balancing for Datacenters,SIGCOMM,2014,https://openalex.org/A5068575763,Andy Fingerhut,middle,2014.0,5.0,1071.0,4.0,4.0,0.0,Junior
https://openalex.org/W4254522945,CONGA: Distributed Congestion-Aware Load Balancing for Datacenters,SIGCOMM,2014,https://openalex.org/A5063011965,Vinh The Lam,middle,1999.0,14.0,2041.0,11.0,12.0,15.0,Senior
https://openalex.org/W4254522945,CONGA: Distributed Congestion-Aware Load Balancing for Datacenters,SIGCOMM,2014,https://openalex.org/A5003809748,Francis Matus,middle,2014.0,5.0,877.0,4.0,3.0,0.0,Junior
https://openalex.org/W4254522945,CONGA: Distributed Congestion-Aware Load Balancing for Datacenters,SIGCOMM,2014,https://openalex.org/A5075012459,Rong Pan,middle,1995.0,538.0,15560.0,60.0,218.0,19.0,Senior
https://openalex.org/W4254522945,CONGA: Distributed Congestion-Aware Load Balancing for Datacenters,SIGCOMM,2014,https://openalex.org/A5103641598,Navindra Yadav,middle,1999.0,7.0,887.0,4.0,3.0,15.0,Senior
https://openalex.org/W4254522945,CONGA: Distributed Congestion-Aware Load Balancing for Datacenters,SIGCOMM,2014,https://openalex.org/A5102730096,George Varghese,last,1969.0,289.0,26172.0,72.0,170.0,45.0,Senior
https://openalex.org/W2089455813,Partitioned Elias-Fano Indexes,SIGIR,2014,https://openalex.org/A5003288532,Giuseppe Ottaviano,first,2000.0,42.0,1111.0,15.0,18.0,14.0,Senior
https://openalex.org/W2089455813,Partitioned Elias-Fano Indexes,SIGIR,2014,https://openalex.org/A5084138015,Rossano Venturini,last,1970.0,141.0,1672.0,22.0,40.0,44.0,Senior
https://openalex.org/W319976220,Concave switching in single and multihop networks,SIGMETRICS,2014,https://openalex.org/A5068542108,Neil Walton,first,2009.0,94.0,728.0,15.0,17.0,5.0,Junior
https://openalex.org/W2099102906,Materialization Optimizations for Feature Selection Workloads,SIGMOD,2014,https://openalex.org/A5100383731,Ce Zhang,first,2008.0,181.0,6790.0,38.0,89.0,6.0,Senior
https://openalex.org/W2099102906,Materialization Optimizations for Feature Selection Workloads,SIGMOD,2014,https://openalex.org/A5103749365,Arun Kumar,middle,2000.0,82.0,2494.0,23.0,41.0,14.0,Senior
https://openalex.org/W2099102906,Materialization Optimizations for Feature Selection Workloads,SIGMOD,2014,https://openalex.org/A5103852640,Christopher Ré,last,2003.0,368.0,17175.0,60.0,199.0,11.0,Senior
https://openalex.org/W2296493992,Polynomiality for Bin Packing with a Constant Number of Item Types,SODA,2014,https://openalex.org/A5112864313,Michel X. Goemans,first,1989.0,151.0,11036.0,45.0,89.0,25.0,Senior
https://openalex.org/W2296493992,Polynomiality for Bin Packing with a Constant Number of Item Types,SODA,2014,https://openalex.org/A5008952420,Thomas Rothvoß,last,2006.0,125.0,2131.0,21.0,43.0,8.0,Senior
https://openalex.org/W2278710066,"An Almost-Linear-Time Algorithm for Approximate Max Flow in Undirected Graphs, and its Multicommodity Generalizations",SODA,2014,https://openalex.org/A5022068777,Jonathan A. Kelner,first,1998.0,82.0,3041.0,27.0,37.0,16.0,Senior
https://openalex.org/W2278710066,"An Almost-Linear-Time Algorithm for Approximate Max Flow in Undirected Graphs, and its Multicommodity Generalizations",SODA,2014,https://openalex.org/A5024980585,Yin Tat Lee,middle,2013.0,198.0,5407.0,33.0,76.0,1.0,Junior
https://openalex.org/W2278710066,"An Almost-Linear-Time Algorithm for Approximate Max Flow in Undirected Graphs, and its Multicommodity Generalizations",SODA,2014,https://openalex.org/A5085559057,Lorenzo Orecchia,middle,2004.0,64.0,1400.0,18.0,22.0,10.0,Senior
https://openalex.org/W2278710066,"An Almost-Linear-Time Algorithm for Approximate Max Flow in Undirected Graphs, and its Multicommodity Generalizations",SODA,2014,https://openalex.org/A5112854803,Aaron Sidford,last,2013.0,86.0,1307.0,19.0,35.0,1.0,Junior
https://openalex.org/W2033871299,The matching polytope has exponential extension complexity,STOC,2014,https://openalex.org/A5008952420,Thomas Rothvoß,first,2006.0,125.0,2131.0,21.0,43.0,8.0,Senior
https://openalex.org/W2106941316,Sensing Techniques for Tablet+Stylus Interaction,UIST,2014,https://openalex.org/A5036357098,Ken Hinckley,first,1994.0,182.0,8458.0,53.0,92.0,20.0,Senior
https://openalex.org/W2106941316,Sensing Techniques for Tablet+Stylus Interaction,UIST,2014,https://openalex.org/A5019041283,Michel Pahud,middle,1996.0,82.0,1714.0,23.0,39.0,18.0,Senior
https://openalex.org/W2106941316,Sensing Techniques for Tablet+Stylus Interaction,UIST,2014,https://openalex.org/A5005140278,Hrvoje Benko,middle,2001.0,180.0,9511.0,52.0,101.0,13.0,Senior
https://openalex.org/W2106941316,Sensing Techniques for Tablet+Stylus Interaction,UIST,2014,https://openalex.org/A5078907679,Pourang Irani,middle,2003.0,248.0,6126.0,45.0,128.0,11.0,Senior
https://openalex.org/W2106941316,Sensing Techniques for Tablet+Stylus Interaction,UIST,2014,https://openalex.org/A5037702709,François Guimbretière,middle,1999.0,132.0,6112.0,45.0,87.0,15.0,Senior
https://openalex.org/W2106941316,Sensing Techniques for Tablet+Stylus Interaction,UIST,2014,https://openalex.org/A5010124882,Marcel Gavriliu,middle,2001.0,8.0,193.0,5.0,4.0,13.0,Senior
https://openalex.org/W2106941316,Sensing Techniques for Tablet+Stylus Interaction,UIST,2014,https://openalex.org/A5100441917,Xiang Chen,middle,1992.0,733.0,31275.0,76.0,293.0,22.0,Senior
https://openalex.org/W2106941316,Sensing Techniques for Tablet+Stylus Interaction,UIST,2014,https://openalex.org/A5073135182,Fabrice Matulic,middle,2006.0,51.0,593.0,15.0,17.0,8.0,Senior
https://openalex.org/W2106941316,Sensing Techniques for Tablet+Stylus Interaction,UIST,2014,https://openalex.org/A5076510991,William Buxton,middle,1976.0,132.0,10502.0,49.0,81.0,38.0,Senior
https://openalex.org/W2106941316,Sensing Techniques for Tablet+Stylus Interaction,UIST,2014,https://openalex.org/A5078791295,Andrew D. Wilson,last,1878.0,212.0,13228.0,54.0,111.0,136.0,Senior
https://openalex.org/W2028953510,Expert Crowdsourcing with Flash Teams,UIST,2014,https://openalex.org/A5080179499,Daniela Retelny,first,2010.0,10.0,811.0,9.0,9.0,4.0,Junior
https://openalex.org/W2028953510,Expert Crowdsourcing with Flash Teams,UIST,2014,https://openalex.org/A5003378492,Sébastien Robaszkiewicz,middle,2011.0,7.0,280.0,5.0,4.0,3.0,Junior
https://openalex.org/W2028953510,Expert Crowdsourcing with Flash Teams,UIST,2014,https://openalex.org/A5062258537,Alexandra To,middle,2014.0,50.0,1495.0,16.0,20.0,0.0,Junior
https://openalex.org/W2028953510,Expert Crowdsourcing with Flash Teams,UIST,2014,https://openalex.org/A5063574664,Walter S. Lasecki,middle,2011.0,149.0,4361.0,35.0,82.0,3.0,Junior
https://openalex.org/W2028953510,Expert Crowdsourcing with Flash Teams,UIST,2014,https://openalex.org/A5045138685,Jay Patel,middle,1989.0,132.0,11341.0,31.0,46.0,25.0,Senior
https://openalex.org/W2028953510,Expert Crowdsourcing with Flash Teams,UIST,2014,https://openalex.org/A5037671485,Negar Rahmati,middle,2014.0,8.0,550.0,5.0,4.0,0.0,Junior
https://openalex.org/W2028953510,Expert Crowdsourcing with Flash Teams,UIST,2014,https://openalex.org/A5030125352,Tulsee Doshi,middle,2013.0,15.0,2255.0,9.0,9.0,1.0,Junior
https://openalex.org/W2028953510,Expert Crowdsourcing with Flash Teams,UIST,2014,https://openalex.org/A5048264180,Melissa Valentine,middle,2008.0,72.0,3857.0,19.0,27.0,6.0,Senior
https://openalex.org/W2028953510,Expert Crowdsourcing with Flash Teams,UIST,2014,https://openalex.org/A5076189854,Michael S. Bernstein,last,1980.0,285.0,65990.0,66.0,166.0,34.0,Senior
https://openalex.org/W2144575742,PrintScreen: Fabricating Highly Customizable Thin-film Touch-Displays,UIST,2014,https://openalex.org/A5058504215,Simon Olberding,first,2010.0,25.0,578.0,10.0,10.0,4.0,Junior
https://openalex.org/W2144575742,PrintScreen: Fabricating Highly Customizable Thin-film Touch-Displays,UIST,2014,https://openalex.org/A5039222883,Michael Wessely,middle,2014.0,42.0,646.0,12.0,15.0,0.0,Junior
https://openalex.org/W2144575742,PrintScreen: Fabricating Highly Customizable Thin-film Touch-Displays,UIST,2014,https://openalex.org/A5069105456,Jürgen Steimle,last,2007.0,212.0,5254.0,42.0,86.0,7.0,Senior
https://openalex.org/W2243512312,The Uncracked Pieces in Database Cracking,VLDB,2014,https://openalex.org/A5005397258,Felix Schuhknecht,first,2013.0,80.0,572.0,11.0,11.0,1.0,Junior
https://openalex.org/W2243512312,The Uncracked Pieces in Database Cracking,VLDB,2014,https://openalex.org/A5079846990,Alekh Jindal,middle,2003.0,85.0,2017.0,22.0,37.0,11.0,Senior
https://openalex.org/W2243512312,The Uncracked Pieces in Database Cracking,VLDB,2014,https://openalex.org/A5091334588,Jens Dittrich,last,2002.0,98.0,2976.0,26.0,38.0,12.0,Senior
https://openalex.org/W4230031594,epiC: an Extensible and Scalable System for Processing Big Data,VLDB,2014,https://openalex.org/A5077156448,Dawei Jiang,first,2007.0,45.0,1003.0,12.0,14.0,7.0,Senior
https://openalex.org/W4230031594,epiC: an Extensible and Scalable System for Processing Big Data,VLDB,2014,https://openalex.org/A5064646829,Sai Wu,middle,1994.0,200.0,3612.0,29.0,65.0,20.0,Senior
https://openalex.org/W4230031594,epiC: an Extensible and Scalable System for Processing Big Data,VLDB,2014,https://openalex.org/A5100389298,Gang Chen,middle,1993.0,322.0,4547.0,28.0,96.0,21.0,Senior
https://openalex.org/W4230031594,epiC: an Extensible and Scalable System for Processing Big Data,VLDB,2014,https://openalex.org/A5024892041,Beng Chin Ooi,middle,1987.0,533.0,21377.0,76.0,276.0,27.0,Senior
https://openalex.org/W4230031594,epiC: an Extensible and Scalable System for Processing Big Data,VLDB,2014,https://openalex.org/A5077593594,Kian‐Lee Tan,middle,1986.0,572.0,18356.0,65.0,294.0,28.0,Senior
https://openalex.org/W4230031594,epiC: an Extensible and Scalable System for Processing Big Data,VLDB,2014,https://openalex.org/A5015139840,Jun Xu,last,1993.0,89.0,1071.0,18.0,26.0,21.0,Senior
https://openalex.org/W2294510862,M4: A Visualization-Oriented Time Series Data Aggregation,VLDB,2014,https://openalex.org/A5063997221,Uwe Jugel,first,2009.0,16.0,246.0,7.0,7.0,5.0,Junior
https://openalex.org/W2294510862,M4: A Visualization-Oriented Time Series Data Aggregation,VLDB,2014,https://openalex.org/A5006578340,Zbigniew Jerzak,middle,2004.0,47.0,1171.0,19.0,27.0,10.0,Senior
https://openalex.org/W2294510862,M4: A Visualization-Oriented Time Series Data Aggregation,VLDB,2014,https://openalex.org/A5065868199,Gregor Hackenbroich,middle,1991.0,75.0,1612.0,23.0,37.0,23.0,Senior
https://openalex.org/W2294510862,M4: A Visualization-Oriented Time Series Data Aggregation,VLDB,2014,https://openalex.org/A5002413906,Volker Markl,last,1998.0,362.0,8569.0,45.0,148.0,16.0,Senior
https://openalex.org/W2797202077,Building Efficient Query Engines in a High-Level Language,VLDB,2014,https://openalex.org/A5025737201,Amir Shaikhha,first,2013.0,71.0,539.0,13.0,16.0,1.0,Junior
https://openalex.org/W2797202077,Building Efficient Query Engines in a High-Level Language,VLDB,2014,https://openalex.org/A5034816930,Yannis Klonatos,middle,2010.0,12.0,387.0,9.0,9.0,4.0,Junior
https://openalex.org/W2797202077,Building Efficient Query Engines in a High-Level Language,VLDB,2014,https://openalex.org/A5101903922,Christoph Koch,last,1988.0,228.0,6027.0,43.0,113.0,26.0,Senior
https://openalex.org/W3009330983,On k-Path Covers and their Applications,VLDB,2014,https://openalex.org/A5108747743,Stefan Funke,first,1995.0,168.0,2544.0,24.0,49.0,19.0,Senior
https://openalex.org/W3009330983,On k-Path Covers and their Applications,VLDB,2014,https://openalex.org/A5050906094,André Nusser,middle,2013.0,53.0,220.0,7.0,7.0,1.0,Junior
https://openalex.org/W3009330983,On k-Path Covers and their Applications,VLDB,2014,https://openalex.org/A5027517542,Sabine Storandt,last,2011.0,126.0,984.0,17.0,30.0,3.0,Junior
https://openalex.org/W2060170830,Efficient Estimation for High Similarities using Odd Sketches,WWW,2014,https://openalex.org/A5062318856,Michael Mitzenmacher,first,1994.0,398.0,29870.0,69.0,190.0,20.0,Senior
https://openalex.org/W2060170830,Efficient Estimation for High Similarities using Odd Sketches,WWW,2014,https://openalex.org/A5014293815,Rasmus Pagh,middle,1998.0,255.0,5651.0,38.0,85.0,16.0,Senior
https://openalex.org/W2060170830,Efficient Estimation for High Similarities using Odd Sketches,WWW,2014,https://openalex.org/A5069747496,Ninh Pham,last,2010.0,28.0,680.0,9.0,8.0,4.0,Junior
https://openalex.org/W2186424956,SMILe: Shuffled Multiple-Instance Learning,AAAI,2013,https://openalex.org/A5035284993,Gary Doran,first,2013.0,112.0,2235.0,20.0,31.0,0.0,Junior
https://openalex.org/W2186424956,SMILe: Shuffled Multiple-Instance Learning,AAAI,2013,https://openalex.org/A5055101678,Soumya Ray,last,2001.0,89.0,2305.0,20.0,28.0,12.0,Senior
https://openalex.org/W2215753997,HC-Search: Learning Heuristics and Cost Functions for Structured Prediction,AAAI,2013,https://openalex.org/A5055445718,Janardhan Rao Doppa,first,2009.0,229.0,2437.0,25.0,70.0,4.0,Junior
https://openalex.org/W2215753997,HC-Search: Learning Heuristics and Cost Functions for Structured Prediction,AAAI,2013,https://openalex.org/A5030052689,Alan Fern,middle,1964.0,306.0,5672.0,40.0,117.0,49.0,Senior
https://openalex.org/W2215753997,HC-Search: Learning Heuristics and Cost Functions for Structured Prediction,AAAI,2013,https://openalex.org/A5014260664,Prasad Tadepalli,last,1986.0,212.0,3466.0,30.0,87.0,27.0,Senior
https://openalex.org/W2136985729,Grounded Language Learning from Video Described with Sentences,ACL,2013,https://openalex.org/A5009585935,Haonan Yu,first,2010.0,65.0,1732.0,18.0,22.0,3.0,Junior
https://openalex.org/W2136985729,Grounded Language Learning from Video Described with Sentences,ACL,2013,https://openalex.org/A5079140683,Jeffrey Mark Siskind,last,1990.0,113.0,5845.0,28.0,50.0,23.0,Senior
https://openalex.org/W2052209137,Weighted Graph Comparison Techniques for Brain Connectivity Analysis,CHI,2013,https://openalex.org/A5079897672,Başak Alper,first,2007.0,11.0,814.0,8.0,7.0,6.0,Senior
https://openalex.org/W2052209137,Weighted Graph Comparison Techniques for Brain Connectivity Analysis,CHI,2013,https://openalex.org/A5048194226,Benjamin Bach,middle,1982.0,214.0,9600.0,48.0,102.0,31.0,Senior
https://openalex.org/W2052209137,Weighted Graph Comparison Techniques for Brain Connectivity Analysis,CHI,2013,https://openalex.org/A5068799512,Nathalie Henry Riche,middle,2009.0,112.0,6079.0,42.0,72.0,4.0,Junior
https://openalex.org/W2052209137,Weighted Graph Comparison Techniques for Brain Connectivity Analysis,CHI,2013,https://openalex.org/A5083454802,Tobias Isenberg,middle,1999.0,239.0,5724.0,41.0,105.0,14.0,Senior
https://openalex.org/W2052209137,Weighted Graph Comparison Techniques for Brain Connectivity Analysis,CHI,2013,https://openalex.org/A5060725233,Jean‐Daniel Fekete,last,1969.0,412.0,12124.0,54.0,130.0,44.0,Senior
https://openalex.org/W2158892938,Analyzing User-Generated YouTube Videos to Understand Touchscreen Use by People with Motor Impairments,CHI,2013,https://openalex.org/A5036443161,Lisa Anthony,first,1957.0,142.0,2828.0,27.0,58.0,56.0,Senior
https://openalex.org/W2158892938,Analyzing User-Generated YouTube Videos to Understand Touchscreen Use by People with Motor Impairments,CHI,2013,https://openalex.org/A5086415059,Yoo‐Jin Kim,middle,1997.0,372.0,4355.0,34.0,123.0,16.0,Senior
https://openalex.org/W2158892938,Analyzing User-Generated YouTube Videos to Understand Touchscreen Use by People with Motor Impairments,CHI,2013,https://openalex.org/A5031744461,Leah Findlater,last,2001.0,183.0,10990.0,47.0,115.0,12.0,Senior
https://openalex.org/W2032438879,"What is ""Critical"" About Critical Design?",CHI,2013,https://openalex.org/A5045403710,Jeffrey Bardzell,first,1998.0,185.0,6491.0,42.0,104.0,15.0,Senior
https://openalex.org/W2032438879,"What is ""Critical"" About Critical Design?",CHI,2013,https://openalex.org/A5027521165,Shaowen Bardzell,last,2004.0,172.0,5906.0,40.0,96.0,9.0,Senior
https://openalex.org/W2021826037,The Dubuque Electricity Portal: Evaluation of a City-Scale Residential Electricity Consumption Feedback System,CHI,2013,https://openalex.org/A5032301881,Stephen Snow,first,1986.0,120.0,1190.0,18.0,40.0,27.0,Senior
https://openalex.org/W2021826037,The Dubuque Electricity Portal: Evaluation of a City-Scale Residential Electricity Consumption Feedback System,CHI,2013,https://openalex.org/A5084751438,Laurie Buys,middle,1995.0,303.0,4901.0,38.0,100.0,18.0,Senior
https://openalex.org/W2021826037,The Dubuque Electricity Portal: Evaluation of a City-Scale Residential Electricity Consumption Feedback System,CHI,2013,https://openalex.org/A5107595310,Paul Roe,middle,1973.0,273.0,5162.0,36.0,128.0,40.0,Senior
https://openalex.org/W2021826037,The Dubuque Electricity Portal: Evaluation of a City-Scale Residential Electricity Consumption Feedback System,CHI,2013,https://openalex.org/A5027680609,Margot Brereton,last,1987.0,357.0,5106.0,36.0,143.0,26.0,Senior
https://openalex.org/W2128640376,Improving Navigation-Based File Retrieval,CHI,2013,https://openalex.org/A5012186497,Stephen Fitchett,first,2009.0,11.0,302.0,9.0,9.0,4.0,Junior
https://openalex.org/W2128640376,Improving Navigation-Based File Retrieval,CHI,2013,https://openalex.org/A5080181433,Andy Cockburn,middle,1992.0,210.0,8714.0,50.0,131.0,21.0,Senior
https://openalex.org/W2128640376,Improving Navigation-Based File Retrieval,CHI,2013,https://openalex.org/A5081930058,Carl Gutwin,last,1989.0,377.0,18495.0,65.0,234.0,24.0,Senior
https://openalex.org/W4241693488,SPRWeb: Preserving Subjective Responses to Website Colour Schemes through Automatic Recolouring,CHI,2013,https://openalex.org/A5045769819,David R. Flatla,first,2009.0,52.0,1026.0,17.0,24.0,4.0,Junior
https://openalex.org/W4241693488,SPRWeb: Preserving Subjective Responses to Website Colour Schemes through Automatic Recolouring,CHI,2013,https://openalex.org/A5076413226,Katharina Reinecke,middle,2008.0,18.0,817.0,8.0,8.0,5.0,Junior
https://openalex.org/W4241693488,SPRWeb: Preserving Subjective Responses to Website Colour Schemes through Automatic Recolouring,CHI,2013,https://openalex.org/A5081930058,Carl Gutwin,middle,1989.0,377.0,18495.0,65.0,234.0,24.0,Senior
https://openalex.org/W4241693488,SPRWeb: Preserving Subjective Responses to Website Colour Schemes through Automatic Recolouring,CHI,2013,https://openalex.org/A5010436269,Krzysztof Z. Gajos,last,2000.0,185.0,9751.0,54.0,101.0,13.0,Senior
https://openalex.org/W1986345088,The Efficacy of Human Post-Editing for Language Translation,CHI,2013,https://openalex.org/A5004988074,Spence Green,first,2009.0,30.0,1184.0,17.0,19.0,4.0,Junior
https://openalex.org/W1986345088,The Efficacy of Human Post-Editing for Language Translation,CHI,2013,https://openalex.org/A5090570042,Jeffrey Heer,middle,2001.0,252.0,25148.0,79.0,155.0,12.0,Senior
https://openalex.org/W1986345088,The Efficacy of Human Post-Editing for Language Translation,CHI,2013,https://openalex.org/A5046006076,Christopher D. Manning,last,1971.0,792.0,165822.0,133.0,441.0,42.0,Senior
https://openalex.org/W1988133012,"Mind the Theoretical Gap: Interpreting, Using, and Developing Behavioral Theory in HCI Research",CHI,2013,https://openalex.org/A5030910715,Marc A. Adams,first,1898.0,231.0,10517.0,55.0,120.0,115.0,Senior
https://openalex.org/W1988133012,"Mind the Theoretical Gap: Interpreting, Using, and Developing Behavioral Theory in HCI Research",CHI,2013,https://openalex.org/A5059632818,James F. Sallis,middle,1969.0,1050.0,167578.0,182.0,692.0,44.0,Senior
https://openalex.org/W1988133012,"Mind the Theoretical Gap: Interpreting, Using, and Developing Behavioral Theory in HCI Research",CHI,2013,https://openalex.org/A5073312622,Gregory J. Norman,middle,1979.0,292.0,14723.0,61.0,158.0,34.0,Senior
https://openalex.org/W1988133012,"Mind the Theoretical Gap: Interpreting, Using, and Developing Behavioral Theory in HCI Research",CHI,2013,https://openalex.org/A5042461346,Melbourne F. Hovell,middle,1924.0,399.0,16568.0,65.0,265.0,89.0,Senior
https://openalex.org/W1988133012,"Mind the Theoretical Gap: Interpreting, Using, and Developing Behavioral Theory in HCI Research",CHI,2013,https://openalex.org/A5078089549,Eric B. Hekler,middle,2007.0,250.0,11433.0,49.0,113.0,6.0,Senior
https://openalex.org/W1988133012,"Mind the Theoretical Gap: Interpreting, Using, and Developing Behavioral Theory in HCI Research",CHI,2013,https://openalex.org/A5034455950,Elyse Perata,last,2013.0,1.0,182.0,1.0,1.0,0.0,Junior
https://openalex.org/W2147603330,Turkopticon: Interrupting Worker Invisibility in Amazon Mechanical Turk,CHI,2013,https://openalex.org/A5005874730,Lilly Irani,first,1992.0,89.0,6521.0,33.0,44.0,21.0,Senior
https://openalex.org/W2147603330,Turkopticon: Interrupting Worker Invisibility in Amazon Mechanical Turk,CHI,2013,https://openalex.org/A5089242807,M. Six Silberman,last,2010.0,54.0,4152.0,21.0,27.0,3.0,Junior
https://openalex.org/W4240168875,IllumiRoom: Peripheral Projected Illusions for Interactive Experiences,CHI,2013,https://openalex.org/A5019843619,Brett R. Jones,first,2002.0,18.0,1045.0,10.0,10.0,11.0,Senior
https://openalex.org/W4240168875,IllumiRoom: Peripheral Projected Illusions for Interactive Experiences,CHI,2013,https://openalex.org/A5005140278,Hrvoje Benko,middle,2001.0,180.0,9511.0,52.0,101.0,12.0,Senior
https://openalex.org/W4240168875,IllumiRoom: Peripheral Projected Illusions for Interactive Experiences,CHI,2013,https://openalex.org/A5075016938,Eyal Ofek,middle,1997.0,162.0,9165.0,46.0,89.0,16.0,Senior
https://openalex.org/W4240168875,IllumiRoom: Peripheral Projected Illusions for Interactive Experiences,CHI,2013,https://openalex.org/A5078791295,Andrew D. Wilson,last,1878.0,212.0,13228.0,54.0,111.0,135.0,Senior
https://openalex.org/W2007644286,Webzeitgeist: Design Mining the Web,CHI,2013,https://openalex.org/A5027407975,Ranjitha Kumar,first,2009.0,50.0,1901.0,16.0,19.0,4.0,Junior
https://openalex.org/W2007644286,Webzeitgeist: Design Mining the Web,CHI,2013,https://openalex.org/A5077783676,Arvind Satyanarayan,middle,2012.0,104.0,4204.0,25.0,40.0,1.0,Junior
https://openalex.org/W2007644286,Webzeitgeist: Design Mining the Web,CHI,2013,https://openalex.org/A5015509678,César Torres,middle,2011.0,38.0,618.0,14.0,15.0,2.0,Junior
https://openalex.org/W2007644286,Webzeitgeist: Design Mining the Web,CHI,2013,https://openalex.org/A5060597276,Maxine Lim,middle,2012.0,4.0,251.0,2.0,2.0,1.0,Junior
https://openalex.org/W2007644286,Webzeitgeist: Design Mining the Web,CHI,2013,https://openalex.org/A5034312891,Salman Ahmad,middle,2002.0,79.0,979.0,15.0,27.0,11.0,Senior
https://openalex.org/W2007644286,Webzeitgeist: Design Mining the Web,CHI,2013,https://openalex.org/A5023550565,Scott Klemmer,middle,2000.0,174.0,9396.0,45.0,89.0,13.0,Senior
https://openalex.org/W2007644286,Webzeitgeist: Design Mining the Web,CHI,2013,https://openalex.org/A5015387227,Jerry O. Talton,last,2006.0,19.0,1125.0,11.0,11.0,7.0,Senior
https://openalex.org/W4243991703,LaserOrigami: Laser-Cutting 3D Objects,CHI,2013,https://openalex.org/A5064644612,Stefanie Mueller,first,1983.0,197.0,5389.0,43.0,90.0,30.0,Senior
https://openalex.org/W4243991703,LaserOrigami: Laser-Cutting 3D Objects,CHI,2013,https://openalex.org/A5088912016,Bastian Kruck,middle,2013.0,12.0,256.0,5.0,4.0,0.0,Junior
https://openalex.org/W4243991703,LaserOrigami: Laser-Cutting 3D Objects,CHI,2013,https://openalex.org/A5010621134,Patrick Baudisch,last,1996.0,240.0,12601.0,65.0,137.0,17.0,Senior
https://openalex.org/W2056225838,Labor Dynamics in a Mobile Micro-Task Market,CHI,2013,https://openalex.org/A5063521318,Mohamed Musthag,first,2011.0,4.0,241.0,4.0,3.0,2.0,Junior
https://openalex.org/W2056225838,Labor Dynamics in a Mobile Micro-Task Market,CHI,2013,https://openalex.org/A5074602782,Deepak Ganesan,last,2001.0,204.0,11531.0,50.0,112.0,12.0,Senior
https://openalex.org/W1997652918,Job Opportunities through Entertainment: Virally Spread Speech-Based Services for Low-Literate Users,CHI,2013,https://openalex.org/A5050058930,Restyandito Restyandito,first,2007.0,63.0,134.0,6.0,3.0,6.0,Senior
https://openalex.org/W1997652918,Job Opportunities through Entertainment: Virally Spread Speech-Based Services for Low-Literate Users,CHI,2013,https://openalex.org/A5058159907,Alan H. S. Chan,middle,1982.0,493.0,9626.0,48.0,167.0,31.0,Senior
https://openalex.org/W1997652918,Job Opportunities through Entertainment: Virally Spread Speech-Based Services for Low-Literate Users,CHI,2013,https://openalex.org/A5088296218,Fransisca Endang Lestariningsih,last,2013.0,20.0,38.0,3.0,0.0,0.0,Junior
https://openalex.org/W2109727442,Screenfinity: Extending the Perception Area of Content on Very Large Public Displays,CHI,2013,https://openalex.org/A5025561860,Constantin Schmidt,first,1945.0,6.0,262.0,5.0,4.0,68.0,Senior
https://openalex.org/W2109727442,Screenfinity: Extending the Perception Area of Content on Very Large Public Displays,CHI,2013,https://openalex.org/A5042409370,Jörg Müller,middle,1982.0,172.0,4920.0,37.0,86.0,31.0,Senior
https://openalex.org/W2109727442,Screenfinity: Extending the Perception Area of Content on Very Large Public Displays,CHI,2013,https://openalex.org/A5019033794,Gilles Bailly,last,1978.0,206.0,3934.0,33.0,61.0,35.0,Senior
https://openalex.org/W2025802550,Reasons to Question Seven Segment Displays,CHI,2013,https://openalex.org/A5000705557,Harold Thimbleby,first,1978.0,377.0,5663.0,35.0,126.0,35.0,Senior
https://openalex.org/W2163568095,"The Many Faces of Meta: Experiencing Social Media as Performance, Exhibition, and Personal Archive",CHI,2013,https://openalex.org/A5078817391,Erika Balsom,first,2007.0,114.0,395.0,9.0,9.0,6.0,Senior
https://openalex.org/W2003513631,"Penguins in Sweaters, or Serendipitous Entity Search on User-generated Content",CIKM,2013,https://openalex.org/A5015875478,Ilaria Bordino,first,2008.0,41.0,1698.0,13.0,13.0,5.0,Junior
https://openalex.org/W2003513631,"Penguins in Sweaters, or Serendipitous Entity Search on User-generated Content",CIKM,2013,https://openalex.org/A5041808447,Yelena Mejova,middle,2008.0,161.0,2327.0,23.0,56.0,5.0,Junior
https://openalex.org/W2003513631,"Penguins in Sweaters, or Serendipitous Entity Search on User-generated Content",CIKM,2013,https://openalex.org/A5002597222,Mounia Lalmas,last,1993.0,420.0,8441.0,45.0,175.0,20.0,Senior
https://openalex.org/W2337673916,"Fast, Accurate Detection of 100,000 Object Classes on a Single Machine",CVPR,2013,https://openalex.org/A5103580492,Thomas Dean,first,1984.0,159.0,8450.0,39.0,71.0,29.0,Senior
https://openalex.org/W2337673916,"Fast, Accurate Detection of 100,000 Object Classes on a Single Machine",CVPR,2013,https://openalex.org/A5024041563,Mark A. Ruzon,middle,1998.0,16.0,1134.0,7.0,6.0,15.0,Senior
https://openalex.org/W2337673916,"Fast, Accurate Detection of 100,000 Object Classes on a Single Machine",CVPR,2013,https://openalex.org/A5091130856,Mark Segal,middle,2013.0,2.0,318.0,1.0,1.0,0.0,Junior
https://openalex.org/W2337673916,"Fast, Accurate Detection of 100,000 Object Classes on a Single Machine",CVPR,2013,https://openalex.org/A5032356827,Jonathon Shlens,middle,2005.0,118.0,40666.0,49.0,81.0,8.0,Senior
https://openalex.org/W2337673916,"Fast, Accurate Detection of 100,000 Object Classes on a Single Machine",CVPR,2013,https://openalex.org/A5011416719,Sudheendra Vijayanarasimhan,middle,2008.0,46.0,10093.0,25.0,29.0,5.0,Junior
https://openalex.org/W2337673916,"Fast, Accurate Detection of 100,000 Object Classes on a Single Machine",CVPR,2013,https://openalex.org/A5072592605,Jay Yagnik,last,2005.0,22.0,1526.0,12.0,14.0,8.0,Senior
https://openalex.org/W2133352257,"Navigating Central Path with Electrical Flows: from Flows to Matchings, and Back",FOCS,2013,https://openalex.org/A5032574693,Aleksander Mądry,first,2005.0,155.0,8919.0,44.0,81.0,8.0,Senior
https://openalex.org/W2219934286,On Kinetic Delaunay Triangulations: A Near Quadratic Bound for Unit Speed Motions,FOCS,2013,https://openalex.org/A5014573012,Natan Rubin,first,1967.0,54.0,236.0,8.0,6.0,46.0,Senior
https://openalex.org/W2135166986,From Large Scale Image Categorization to Entry-Level Categories,ICCV,2013,https://openalex.org/A5027328044,Vicente Ordóñez,first,2009.0,153.0,13374.0,36.0,58.0,4.0,Junior
https://openalex.org/W2135166986,From Large Scale Image Categorization to Entry-Level Categories,ICCV,2013,https://openalex.org/A5101542158,Jia Deng,middle,2007.0,137.0,128390.0,54.0,89.0,6.0,Senior
https://openalex.org/W2135166986,From Large Scale Image Categorization to Entry-Level Categories,ICCV,2013,https://openalex.org/A5102992157,Yejin Choi,middle,2003.0,554.0,28612.0,76.0,247.0,10.0,Senior
https://openalex.org/W2135166986,From Large Scale Image Categorization to Entry-Level Categories,ICCV,2013,https://openalex.org/A5104361813,Alexander C. Berg,middle,2003.0,101.0,67830.0,49.0,68.0,10.0,Senior
https://openalex.org/W2135166986,From Large Scale Image Categorization to Entry-Level Categories,ICCV,2013,https://openalex.org/A5008309880,Tamara L. Berg,last,2000.0,117.0,20558.0,50.0,71.0,13.0,Senior
https://openalex.org/W1510950165,Fast Semidifferential-based Submodular Function Optimization,ICML,2013,https://openalex.org/A5000529247,Rishabh Iyer,first,1986.0,157.0,1936.0,20.0,42.0,27.0,Senior
https://openalex.org/W1510950165,Fast Semidifferential-based Submodular Function Optimization,ICML,2013,https://openalex.org/A5085699861,Stefanie Jegelka,middle,2005.0,241.0,5857.0,37.0,94.0,8.0,Senior
https://openalex.org/W1510950165,Fast Semidifferential-based Submodular Function Optimization,ICML,2013,https://openalex.org/A5113478221,Jeff Bilmes,last,1989.0,303.0,11845.0,51.0,160.0,24.0,Senior
https://openalex.org/W108223363,Vanishing Component Analysis,ICML,2013,https://openalex.org/A5089862531,Roi Livni,first,2009.0,77.0,611.0,10.0,12.0,4.0,Junior
https://openalex.org/W108223363,Vanishing Component Analysis,ICML,2013,https://openalex.org/A5042189359,David Lehavi,middle,2001.0,23.0,80.0,5.0,3.0,12.0,Senior
https://openalex.org/W108223363,Vanishing Component Analysis,ICML,2013,https://openalex.org/A5010035641,Sagi Schein,middle,1984.0,17.0,167.0,8.0,7.0,29.0,Senior
https://openalex.org/W108223363,Vanishing Component Analysis,ICML,2013,https://openalex.org/A5091807220,Hila Nachliely,middle,2013.0,1.0,26.0,1.0,1.0,0.0,Junior
https://openalex.org/W108223363,Vanishing Component Analysis,ICML,2013,https://openalex.org/A5078263052,Shai Shalev‐Shwartz,middle,2002.0,216.0,23072.0,50.0,115.0,11.0,Senior
https://openalex.org/W108223363,Vanishing Component Analysis,ICML,2013,https://openalex.org/A5047817959,Amir Globerson,last,2002.0,228.0,7044.0,40.0,84.0,11.0,Senior
https://openalex.org/W4213086105,Data Clone Detection and Visualization in Spreadsheets,ICSE,2013,https://openalex.org/A5034150823,Felienne Hermans,first,2009.0,145.0,2198.0,27.0,51.0,4.0,Junior
https://openalex.org/W4213086105,Data Clone Detection and Visualization in Spreadsheets,ICSE,2013,https://openalex.org/A5022511801,B.M.W. Sedee,middle,2009.0,4.0,74.0,2.0,2.0,4.0,Junior
https://openalex.org/W4213086105,Data Clone Detection and Visualization in Spreadsheets,ICSE,2013,https://openalex.org/A5052107936,Martin Pinzger,middle,2003.0,176.0,5251.0,35.0,73.0,10.0,Senior
https://openalex.org/W4213086105,Data Clone Detection and Visualization in Spreadsheets,ICSE,2013,https://openalex.org/A5090401584,Arie van Deursen,last,1958.0,463.0,12595.0,53.0,191.0,55.0,Senior
https://openalex.org/W4239177305,Interaction-Based Test-Suite Minimization,ICSE,2013,https://openalex.org/A5072756568,Dale Blue,first,2009.0,7.0,47.0,3.0,1.0,4.0,Junior
https://openalex.org/W4239177305,Interaction-Based Test-Suite Minimization,ICSE,2013,https://openalex.org/A5039882400,Itai Segall,middle,2007.0,47.0,735.0,15.0,20.0,6.0,Senior
https://openalex.org/W4239177305,Interaction-Based Test-Suite Minimization,ICSE,2013,https://openalex.org/A5076258904,Rachel Tzoref-Brill,middle,2009.0,38.0,451.0,12.0,16.0,4.0,Junior
https://openalex.org/W4239177305,Interaction-Based Test-Suite Minimization,ICSE,2013,https://openalex.org/A5108511284,Aviad Zlotnick,last,2009.0,15.0,180.0,8.0,6.0,4.0,Junior
https://openalex.org/W4237335675,Assisting Developers of Big Data Analytics Applications When Deploying on Hadoop Clouds,ICSE,2013,https://openalex.org/A5056378414,Weiyi Shang,first,2009.0,167.0,4039.0,38.0,89.0,4.0,Junior
https://openalex.org/W4237335675,Assisting Developers of Big Data Analytics Applications When Deploying on Hadoop Clouds,ICSE,2013,https://openalex.org/A5085576468,Zhen Ming Jiang,middle,2003.0,129.0,4751.0,40.0,84.0,10.0,Senior
https://openalex.org/W4237335675,Assisting Developers of Big Data Analytics Applications When Deploying on Hadoop Clouds,ICSE,2013,https://openalex.org/A5070634219,Hadi Hemmati,middle,2006.0,96.0,2482.0,22.0,38.0,7.0,Senior
https://openalex.org/W4237335675,Assisting Developers of Big Data Analytics Applications When Deploying on Hadoop Clouds,ICSE,2013,https://openalex.org/A5058164381,Bram Adams,middle,1876.0,350.0,9725.0,58.0,166.0,137.0,Senior
https://openalex.org/W4237335675,Assisting Developers of Big Data Analytics Applications When Deploying on Hadoop Clouds,ICSE,2013,https://openalex.org/A5091586373,Ahmed E. Hassan,middle,2001.0,585.0,24844.0,83.0,346.0,12.0,Senior
https://openalex.org/W4237335675,Assisting Developers of Big Data Analytics Applications When Deploying on Hadoop Clouds,ICSE,2013,https://openalex.org/A5049754266,Patrick Martin,last,1948.0,198.0,3033.0,27.0,60.0,65.0,Senior
https://openalex.org/W4244598732,UML in Practice,ICSE,2013,https://openalex.org/A5002599291,Marian Petre,first,1934.0,253.0,6734.0,38.0,104.0,79.0,Senior
https://openalex.org/W4246552097,Dual Ecological Measures of Focus in Software Development,ICSE,2013,https://openalex.org/A5029665272,Daryl Posnett,first,2010.0,23.0,1852.0,14.0,15.0,3.0,Junior
https://openalex.org/W4246552097,Dual Ecological Measures of Focus in Software Development,ICSE,2013,https://openalex.org/A5028249744,Raissa M. D’Souza,middle,1991.0,149.0,5101.0,32.0,65.0,22.0,Senior
https://openalex.org/W4246552097,Dual Ecological Measures of Focus in Software Development,ICSE,2013,https://openalex.org/A5036744986,Prémkumar Dévanbu,middle,1989.0,291.0,15708.0,64.0,150.0,24.0,Senior
https://openalex.org/W4246552097,Dual Ecological Measures of Focus in Software Development,ICSE,2013,https://openalex.org/A5064626129,Vladimir Filkov,last,1999.0,154.0,6212.0,41.0,72.0,14.0,Senior
https://openalex.org/W4255632703,Automatic patch generation learned from human-written patches,ICSE,2013,https://openalex.org/A5067772621,Dongsun Kim,first,1999.0,146.0,2509.0,22.0,33.0,14.0,Senior
https://openalex.org/W4255632703,Automatic patch generation learned from human-written patches,ICSE,2013,https://openalex.org/A5000308912,Jaechang Nam,middle,2009.0,33.0,2538.0,13.0,14.0,4.0,Junior
https://openalex.org/W4255632703,Automatic patch generation learned from human-written patches,ICSE,2013,https://openalex.org/A5076368797,Jaewoo Song,middle,1996.0,281.0,6224.0,39.0,124.0,17.0,Senior
https://openalex.org/W4255632703,Automatic patch generation learned from human-written patches,ICSE,2013,https://openalex.org/A5100695700,Sunghun Kim,last,1999.0,159.0,7819.0,35.0,57.0,14.0,Senior
https://openalex.org/W1562564857,Flexibility and Decoupling in the Simple Temporal Problem,IJCAI,2013,https://openalex.org/A5102788874,Mark Wilson,first,1984.0,71.0,630.0,13.0,18.0,29.0,Senior
https://openalex.org/W1562564857,Flexibility and Decoupling in the Simple Temporal Problem,IJCAI,2013,https://openalex.org/A5020477343,Tomas Klos,middle,1997.0,64.0,834.0,14.0,19.0,16.0,Senior
https://openalex.org/W1562564857,Flexibility and Decoupling in the Simple Temporal Problem,IJCAI,2013,https://openalex.org/A5087895051,Cees Witteveen,middle,1981.0,202.0,1969.0,23.0,51.0,32.0,Senior
https://openalex.org/W1562564857,Flexibility and Decoupling in the Simple Temporal Problem,IJCAI,2013,https://openalex.org/A5029641146,Bob Huisman,last,2008.0,16.0,259.0,6.0,5.0,5.0,Junior
https://openalex.org/W1974066983,On the Steady-State of Cache Networks,INFOCOM,2013,https://openalex.org/A5064825146,Elisha Rosensweig,first,2009.0,16.0,624.0,8.0,7.0,4.0,Junior
https://openalex.org/W1974066983,On the Steady-State of Cache Networks,INFOCOM,2013,https://openalex.org/A5034604991,Daniel Sadoc Menasché,middle,2005.0,233.0,1925.0,22.0,50.0,8.0,Senior
https://openalex.org/W1974066983,On the Steady-State of Cache Networks,INFOCOM,2013,https://openalex.org/A5109932472,Jim Kurose,last,1979.0,257.0,17484.0,65.0,169.0,34.0,Senior
https://openalex.org/W2088424151,Simple and Deterministic Matrix Sketching,KDD,2013,https://openalex.org/A5042783525,Edo Liberty,first,2007.0,76.0,2949.0,26.0,38.0,6.0,Senior
https://openalex.org/W2141336889,Whole-Home Gesture Recognition Using Wireless Signals,MOBICOM,2013,https://openalex.org/A5035348123,Qifan Pu,first,2012.0,20.0,2764.0,16.0,16.0,1.0,Junior
https://openalex.org/W2141336889,Whole-Home Gesture Recognition Using Wireless Signals,MOBICOM,2013,https://openalex.org/A5103356207,Sidhant Gupta,middle,2010.0,42.0,3261.0,22.0,26.0,3.0,Junior
https://openalex.org/W2141336889,Whole-Home Gesture Recognition Using Wireless Signals,MOBICOM,2013,https://openalex.org/A5011077730,Shyamnath Gollakota,middle,2006.0,174.0,14018.0,51.0,94.0,7.0,Senior
https://openalex.org/W2141336889,Whole-Home Gesture Recognition Using Wireless Signals,MOBICOM,2013,https://openalex.org/A5039879761,Shwetak Patel,last,2003.0,349.0,14770.0,62.0,185.0,10.0,Senior
https://openalex.org/W2110563098,A memory frontier for complex synapses,NeurIPS,2013,https://openalex.org/A5012852347,Subhaneil Lahiri,first,2007.0,16.0,1054.0,10.0,10.0,6.0,Senior
https://openalex.org/W2110563098,A memory frontier for complex synapses,NeurIPS,2013,https://openalex.org/A5056551357,Surya Ganguli,last,1972.0,287.0,18048.0,62.0,142.0,41.0,Senior
https://openalex.org/W2138597123,Submodular Optimization with Submodular Cover and Submodular Knapsack Constraints,NeurIPS,2013,https://openalex.org/A5000529247,Rishabh Iyer,first,1986.0,157.0,1936.0,20.0,42.0,27.0,Senior
https://openalex.org/W2138597123,Submodular Optimization with Submodular Cover and Submodular Knapsack Constraints,NeurIPS,2013,https://openalex.org/A5113478221,Jeff Bilmes,last,1989.0,303.0,11845.0,51.0,160.0,24.0,Senior
https://openalex.org/W2950468916,Scalable Influence Estimation in Continuous-Time Diffusion Networks,NeurIPS,2013,https://openalex.org/A5100721789,Nan Du,first,2006.0,35.0,1392.0,16.0,17.0,7.0,Senior
https://openalex.org/W2950468916,Scalable Influence Estimation in Continuous-Time Diffusion Networks,NeurIPS,2013,https://openalex.org/A5030589527,Le Song,middle,2005.0,165.0,8502.0,45.0,95.0,8.0,Senior
https://openalex.org/W2950468916,Scalable Influence Estimation in Continuous-Time Diffusion Networks,NeurIPS,2013,https://openalex.org/A5042180520,Manuel Gomez-Rodriguez,middle,1968.0,186.0,8428.0,40.0,75.0,45.0,Senior
https://openalex.org/W2950468916,Scalable Influence Estimation in Continuous-Time Diffusion Networks,NeurIPS,2013,https://openalex.org/A5046703129,Hongyuan Zha,last,1990.0,553.0,23933.0,77.0,294.0,23.0,Senior
https://openalex.org/W2157216158,A General Constraint-centric Scheduling Framework for Spatial Architectures,PLDI,2013,https://openalex.org/A5006723758,Tony Nowatzki,first,2012.0,82.0,1825.0,24.0,36.0,1.0,Junior
https://openalex.org/W2157216158,A General Constraint-centric Scheduling Framework for Spatial Architectures,PLDI,2013,https://openalex.org/A5002290345,Michael Sartin-Tarm,middle,2013.0,4.0,107.0,3.0,2.0,0.0,Junior
https://openalex.org/W2157216158,A General Constraint-centric Scheduling Framework for Spatial Architectures,PLDI,2013,https://openalex.org/A5056233859,Lorenzo De Carli,middle,2007.0,84.0,763.0,15.0,24.0,6.0,Senior
https://openalex.org/W2157216158,A General Constraint-centric Scheduling Framework for Spatial Architectures,PLDI,2013,https://openalex.org/A5028943049,Karthikeyan Sankaralingam,middle,2000.0,158.0,7241.0,41.0,80.0,13.0,Senior
https://openalex.org/W2157216158,A General Constraint-centric Scheduling Framework for Spatial Architectures,PLDI,2013,https://openalex.org/A5088080906,Cristian Estan,middle,2001.0,68.0,5989.0,30.0,43.0,12.0,Senior
https://openalex.org/W2157216158,A General Constraint-centric Scheduling Framework for Spatial Architectures,PLDI,2013,https://openalex.org/A5066430432,Behnam Robatmili,last,2004.0,40.0,850.0,13.0,14.0,9.0,Senior
https://openalex.org/W2048025009,Static Analysis for Probabilistic Programs: Inferring Whole Program Properties from Finitely Many Paths,PLDI,2013,https://openalex.org/A5103106502,Sriram Sankaranarayanan,first,1970.0,235.0,7261.0,42.0,114.0,43.0,Senior
https://openalex.org/W2048025009,Static Analysis for Probabilistic Programs: Inferring Whole Program Properties from Finitely Many Paths,PLDI,2013,https://openalex.org/A5044253018,Aleksandar Chakarov,middle,2009.0,20.0,530.0,10.0,10.0,4.0,Junior
https://openalex.org/W2048025009,Static Analysis for Probabilistic Programs: Inferring Whole Program Properties from Finitely Many Paths,PLDI,2013,https://openalex.org/A5011543162,Sumit Gulwani,last,2001.0,347.0,12797.0,63.0,170.0,12.0,Senior
https://openalex.org/W2063553958,Reconciling Exhaustive Pattern Matching with Objects,PLDI,2013,https://openalex.org/A5020274673,Chinawat Isradisaikul,first,2009.0,8.0,21.0,2.0,1.0,4.0,Junior
https://openalex.org/W2063553958,Reconciling Exhaustive Pattern Matching with Objects,PLDI,2013,https://openalex.org/A5101697549,Andrew C. Myers,last,1993.0,212.0,11113.0,49.0,103.0,20.0,Senior
https://openalex.org/W2046261894,Verification of database-driven systems via amalgamation,PODS,2013,https://openalex.org/A5050056333,Mikołaj Bojańczyk,first,1980.0,185.0,1837.0,23.0,51.0,33.0,Senior
https://openalex.org/W2046261894,Verification of database-driven systems via amalgamation,PODS,2013,https://openalex.org/A5042411667,Luc Segoufin,middle,1997.0,133.0,3226.0,34.0,71.0,16.0,Senior
https://openalex.org/W2046261894,Verification of database-driven systems via amalgamation,PODS,2013,https://openalex.org/A5085711958,Szymon Toruńczyk,last,2009.0,72.0,549.0,14.0,21.0,4.0,Junior
https://openalex.org/W2252150191,Pinocchio: Nearly Practical Verifiable Computation,S&P,2013,https://openalex.org/A5048461894,Bryan Parno,first,2003.0,154.0,9138.0,39.0,58.0,10.0,Senior
https://openalex.org/W2252150191,Pinocchio: Nearly Practical Verifiable Computation,S&P,2013,https://openalex.org/A5023305744,Jon Howell,middle,1937.0,88.0,5022.0,28.0,38.0,76.0,Senior
https://openalex.org/W2252150191,Pinocchio: Nearly Practical Verifiable Computation,S&P,2013,https://openalex.org/A5044697595,Craig Gentry,middle,1987.0,176.0,36809.0,60.0,106.0,26.0,Senior
https://openalex.org/W2252150191,Pinocchio: Nearly Practical Verifiable Computation,S&P,2013,https://openalex.org/A5089603958,Mariana Raykova,last,2006.0,119.0,8209.0,36.0,64.0,7.0,Senior
https://openalex.org/W2099461393,Ambient Backscatter: Wireless Communication Out of Thin Air,SIGCOMM,2013,https://openalex.org/A5101890152,Vincent Liu,first,1999.0,102.0,3113.0,20.0,36.0,14.0,Senior
https://openalex.org/W2099461393,Ambient Backscatter: Wireless Communication Out of Thin Air,SIGCOMM,2013,https://openalex.org/A5044769831,Aaron Parks,middle,1999.0,39.0,3875.0,18.0,22.0,14.0,Senior
https://openalex.org/W2099461393,Ambient Backscatter: Wireless Communication Out of Thin Air,SIGCOMM,2013,https://openalex.org/A5042415093,Vamsi Talla,middle,2009.0,37.0,4104.0,19.0,22.0,4.0,Junior
https://openalex.org/W2099461393,Ambient Backscatter: Wireless Communication Out of Thin Air,SIGCOMM,2013,https://openalex.org/A5011077730,Shyamnath Gollakota,middle,2006.0,174.0,14018.0,51.0,94.0,7.0,Senior
https://openalex.org/W2099461393,Ambient Backscatter: Wireless Communication Out of Thin Air,SIGCOMM,2013,https://openalex.org/A5046685246,David Wetherall,middle,1981.0,200.0,30038.0,84.0,147.0,32.0,Senior
https://openalex.org/W2099461393,Ambient Backscatter: Wireless Communication Out of Thin Air,SIGCOMM,2013,https://openalex.org/A5019043770,Joshua R. Smith,last,1959.0,230.0,15330.0,60.0,132.0,54.0,Senior
https://openalex.org/W2159205954,Beliefs and Biases in Web Search,SIGIR,2013,https://openalex.org/A5076259865,Ryen W. White,first,1981.0,357.0,14022.0,60.0,199.0,32.0,Senior
https://openalex.org/W2145432435,Queueing System Topologies with Limited Flexibility,SIGMETRICS,2013,https://openalex.org/A5109219783,John N. Tsitsiklis,first,1981.0,58.0,4968.0,25.0,32.0,32.0,Senior
https://openalex.org/W2145432435,Queueing System Topologies with Limited Flexibility,SIGMETRICS,2013,https://openalex.org/A5007261929,Kuang Xu,last,1999.0,122.0,1081.0,17.0,28.0,14.0,Senior
https://openalex.org/W2002203222,Massive Graph Triangulation,SIGMOD,2013,https://openalex.org/A5056448481,Xiaocheng Hu,first,1994.0,47.0,860.0,11.0,11.0,19.0,Senior
https://openalex.org/W2002203222,Massive Graph Triangulation,SIGMOD,2013,https://openalex.org/A5048609852,Yufei Tao,middle,1998.0,298.0,15930.0,65.0,143.0,15.0,Senior
https://openalex.org/W2002203222,Massive Graph Triangulation,SIGMOD,2013,https://openalex.org/A5101705069,Chin‐Wan Chung,last,1970.0,204.0,3695.0,31.0,68.0,43.0,Senior
https://openalex.org/W4239159750,A Simple Algorithm for the Graph Minor Decomposition - Logic meets Structural Graph Theory,SODA,2013,https://openalex.org/A5008961593,Ken‐ichi Kawarabayashi,first,1958.0,463.0,8821.0,42.0,160.0,55.0,Senior
https://openalex.org/W4239159750,A Simple Algorithm for the Graph Minor Decomposition - Logic meets Structural Graph Theory,SODA,2013,https://openalex.org/A5063139028,Christian Sommer,middle,2003.0,118.0,1150.0,14.0,28.0,10.0,Senior
https://openalex.org/W4239159750,A Simple Algorithm for the Graph Minor Decomposition - Logic meets Structural Graph Theory,SODA,2013,https://openalex.org/A5039232562,Mikkel Thorup,last,1970.0,521.0,14120.0,58.0,174.0,43.0,Senior
https://openalex.org/W4238411931,Dynamic graph connectivity in polylogarithmic worst case time,SODA,2013,https://openalex.org/A5080474978,Bruce M. Kapron,first,1987.0,100.0,1277.0,19.0,30.0,26.0,Senior
https://openalex.org/W4238411931,Dynamic graph connectivity in polylogarithmic worst case time,SODA,2013,https://openalex.org/A5110426531,Valerie King,middle,1970.0,234.0,8023.0,44.0,92.0,43.0,Senior
https://openalex.org/W4238411931,Dynamic graph connectivity in polylogarithmic worst case time,SODA,2013,https://openalex.org/A5085429060,Ben Mountjoy,last,2013.0,2.0,228.0,2.0,2.0,0.0,Junior
https://openalex.org/W2104670257,The Scalable Commutativity Rule: Designing Scalable Software for Multicore Processors,SOSP,2013,https://openalex.org/A5051574917,Austin T. Clements,first,2005.0,17.0,1161.0,11.0,12.0,8.0,Senior
https://openalex.org/W2104670257,The Scalable Commutativity Rule: Designing Scalable Software for Multicore Processors,SOSP,2013,https://openalex.org/A5109968020,M. Frans Kaashoek,middle,1989.0,239.0,36165.0,70.0,164.0,24.0,Senior
https://openalex.org/W2104670257,The Scalable Commutativity Rule: Designing Scalable Software for Multicore Processors,SOSP,2013,https://openalex.org/A5082808262,Nickolai Zeldovich,middle,2002.0,130.0,10323.0,49.0,88.0,11.0,Senior
https://openalex.org/W2104670257,The Scalable Commutativity Rule: Designing Scalable Software for Multicore Processors,SOSP,2013,https://openalex.org/A5066545991,Robert Morris,middle,1863.0,358.0,52663.0,76.0,146.0,150.0,Senior
https://openalex.org/W2104670257,The Scalable Commutativity Rule: Designing Scalable Software for Multicore Processors,SOSP,2013,https://openalex.org/A5046950574,Eddie Kohler,last,1998.0,151.0,10431.0,42.0,80.0,15.0,Senior
https://openalex.org/W1978364288,Towards optimization-safe systems: analyzing the impact of undefined behavior,SOSP,2013,https://openalex.org/A5100442245,Xi Wang,first,1996.0,103.0,634.0,11.0,14.0,17.0,Senior
https://openalex.org/W1978364288,Towards optimization-safe systems: analyzing the impact of undefined behavior,SOSP,2013,https://openalex.org/A5082808262,Nickolai Zeldovich,middle,2002.0,130.0,10323.0,49.0,88.0,11.0,Senior
https://openalex.org/W1978364288,Towards optimization-safe systems: analyzing the impact of undefined behavior,SOSP,2013,https://openalex.org/A5109968020,M. Frans Kaashoek,middle,1989.0,239.0,36165.0,70.0,164.0,24.0,Senior
https://openalex.org/W1978364288,Towards optimization-safe systems: analyzing the impact of undefined behavior,SOSP,2013,https://openalex.org/A5010786661,Armando Solar-Lezama,last,2005.0,231.0,7780.0,44.0,106.0,8.0,Senior
https://openalex.org/W1976821017,Naiad: A Timely Dataflow System,SOSP,2013,https://openalex.org/A5005554337,Matei Zaharia,first,2001.0,329.0,50532.0,65.0,156.0,12.0,Senior
https://openalex.org/W1976821017,Naiad: A Timely Dataflow System,SOSP,2013,https://openalex.org/A5103417248,Tathagata Das,middle,2008.0,33.0,9297.0,19.0,19.0,5.0,Junior
https://openalex.org/W1976821017,Naiad: A Timely Dataflow System,SOSP,2013,https://openalex.org/A5100673440,Haoyuan Li,middle,2007.0,112.0,2628.0,15.0,20.0,6.0,Senior
https://openalex.org/W1976821017,Naiad: A Timely Dataflow System,SOSP,2013,https://openalex.org/A5073472760,Timothy Hunter,middle,1996.0,45.0,2618.0,22.0,25.0,17.0,Senior
https://openalex.org/W1976821017,Naiad: A Timely Dataflow System,SOSP,2013,https://openalex.org/A5040529929,Scott Shenker,middle,1979.0,572.0,112964.0,148.0,409.0,34.0,Senior
https://openalex.org/W1976821017,Naiad: A Timely Dataflow System,SOSP,2013,https://openalex.org/A5041920173,Ion Stoica,last,1958.0,733.0,99436.0,133.0,396.0,55.0,Senior
https://openalex.org/W2405285952,Approximation Resistance from Pairwise Independent Subgroups,STOC,2013,https://openalex.org/A5100856892,Siu On Chan,first,2006.0,28.0,423.0,10.0,11.0,7.0,Senior
https://openalex.org/W2101043704,Low Rank Approximation and Regression in Input Sparsity Time,STOC,2013,https://openalex.org/A5047290568,Kenneth L. Clarkson,first,1981.0,136.0,8501.0,45.0,78.0,32.0,Senior
https://openalex.org/W2101043704,Low Rank Approximation and Regression in Input Sparsity Time,STOC,2013,https://openalex.org/A5102861589,David P. Woodruff,last,1972.0,556.0,9165.0,46.0,160.0,41.0,Senior
https://openalex.org/W2150549828,PneUI: Pneumatically Actuated Soft Composite Materials for Shape Changing Interfaces,UIST,2013,https://openalex.org/A5052051114,Lining Yao,first,1991.0,166.0,4560.0,36.0,83.0,22.0,Senior
https://openalex.org/W2150549828,PneUI: Pneumatically Actuated Soft Composite Materials for Shape Changing Interfaces,UIST,2013,https://openalex.org/A5059653874,Ryuma Niiyama,middle,2005.0,171.0,3099.0,28.0,55.0,8.0,Senior
https://openalex.org/W2150549828,PneUI: Pneumatically Actuated Soft Composite Materials for Shape Changing Interfaces,UIST,2013,https://openalex.org/A5056988727,Jifei Ou,middle,2012.0,29.0,1862.0,15.0,16.0,1.0,Junior
https://openalex.org/W2150549828,PneUI: Pneumatically Actuated Soft Composite Materials for Shape Changing Interfaces,UIST,2013,https://openalex.org/A5039900558,Sean Follmer,middle,2008.0,161.0,6441.0,46.0,83.0,5.0,Junior
https://openalex.org/W2150549828,PneUI: Pneumatically Actuated Soft Composite Materials for Shape Changing Interfaces,UIST,2013,https://openalex.org/A5044953612,Clark Della Silva,middle,2013.0,3.0,407.0,3.0,2.0,0.0,Junior
https://openalex.org/W2150549828,PneUI: Pneumatically Actuated Soft Composite Materials for Shape Changing Interfaces,UIST,2013,https://openalex.org/A5101577450,Hiroshi Ishii,last,1979.0,407.0,26353.0,76.0,232.0,34.0,Senior
https://openalex.org/W2109018459,Touch & Activate: Adding Interactivity to Existing Objects using Active Acoustic Sensing,UIST,2013,https://openalex.org/A5056502455,Makoto Ono,first,1970.0,341.0,3425.0,30.0,71.0,43.0,Senior
https://openalex.org/W2109018459,Touch & Activate: Adding Interactivity to Existing Objects using Active Acoustic Sensing,UIST,2013,https://openalex.org/A5010615570,Buntarou Shizuki,middle,1997.0,197.0,1158.0,15.0,28.0,16.0,Senior
https://openalex.org/W2109018459,Touch & Activate: Adding Interactivity to Existing Objects using Active Acoustic Sensing,UIST,2013,https://openalex.org/A5017415826,Jiro Tanaka,last,1954.0,354.0,3255.0,30.0,87.0,59.0,Senior
https://openalex.org/W2001716033,Fiberio: A Touchscreen that Senses Fingerprints,UIST,2013,https://openalex.org/A5046815740,Christian Holz,first,1995.0,242.0,7226.0,45.0,104.0,18.0,Senior
https://openalex.org/W2001716033,Fiberio: A Touchscreen that Senses Fingerprints,UIST,2013,https://openalex.org/A5010621134,Patrick Baudisch,last,1996.0,240.0,12601.0,65.0,137.0,17.0,Senior
https://openalex.org/W2033201131,DisC Diversity: Result Diversification based on Dissimilarity and Coverage,VLDB,2013,https://openalex.org/A5003218066,Marina Drosou,first,2008.0,22.0,809.0,12.0,15.0,5.0,Junior
https://openalex.org/W2033201131,DisC Diversity: Result Diversification based on Dissimilarity and Coverage,VLDB,2013,https://openalex.org/A5047515620,Evaggelia Pitoura,last,1993.0,323.0,5687.0,39.0,112.0,20.0,Senior
https://openalex.org/W2127411301,No Country for Old Members: User Lifecycle and Linguistic Change in Online Communities,WWW,2013,https://openalex.org/A5011012964,Cristian Danescu-Niculescu-Mizil,first,2009.0,112.0,5598.0,36.0,61.0,4.0,Junior
https://openalex.org/W2127411301,No Country for Old Members: User Lifecycle and Linguistic Change in Online Communities,WWW,2013,https://openalex.org/A5101446790,Robert West,middle,1919.0,320.0,4827.0,35.0,89.0,94.0,Senior
https://openalex.org/W2127411301,No Country for Old Members: User Lifecycle and Linguistic Change in Online Communities,WWW,2013,https://openalex.org/A5087088138,Dan Jurafsky,middle,1988.0,397.0,31318.0,86.0,222.0,25.0,Senior
https://openalex.org/W2127411301,No Country for Old Members: User Lifecycle and Linguistic Change in Online Communities,WWW,2013,https://openalex.org/A5091272738,Jure Leskovec,middle,1977.0,631.0,110662.0,137.0,395.0,36.0,Senior
https://openalex.org/W2127411301,No Country for Old Members: User Lifecycle and Linguistic Change in Online Communities,WWW,2013,https://openalex.org/A5042601761,Christopher Potts,last,2001.0,298.0,26267.0,48.0,106.0,12.0,Senior
https://openalex.org/W2293636571,Learning SVM Classifiers with Indefinite Kernels,AAAI,2012,https://openalex.org/A5074393622,Suicheng Gu,first,2007.0,29.0,872.0,17.0,19.0,5.0,Junior
https://openalex.org/W2293636571,Learning SVM Classifiers with Indefinite Kernels,AAAI,2012,https://openalex.org/A5043824291,Yuhong Guo,last,1998.0,161.0,8449.0,33.0,70.0,14.0,Senior
https://openalex.org/W1512874001,Document Summarization Based on Data Reconstruction,AAAI,2012,https://openalex.org/A5007903730,Zhanying He,first,2012.0,7.0,236.0,5.0,4.0,0.0,Junior
https://openalex.org/W1512874001,Document Summarization Based on Data Reconstruction,AAAI,2012,https://openalex.org/A5100373367,Chun Chen,middle,1977.0,505.0,13543.0,58.0,208.0,35.0,Senior
https://openalex.org/W1512874001,Document Summarization Based on Data Reconstruction,AAAI,2012,https://openalex.org/A5052757755,Jiajun Bu,middle,2002.0,565.0,13454.0,56.0,224.0,10.0,Senior
https://openalex.org/W1512874001,Document Summarization Based on Data Reconstruction,AAAI,2012,https://openalex.org/A5100428572,Can Wang,middle,2001.0,417.0,7599.0,41.0,140.0,11.0,Senior
https://openalex.org/W1512874001,Document Summarization Based on Data Reconstruction,AAAI,2012,https://openalex.org/A5100448142,Lijun Zhang,middle,1990.0,362.0,6230.0,37.0,123.0,22.0,Senior
https://openalex.org/W1512874001,Document Summarization Based on Data Reconstruction,AAAI,2012,https://openalex.org/A5037942269,Deng Cai,middle,1998.0,372.0,24800.0,73.0,212.0,14.0,Senior
https://openalex.org/W1512874001,Document Summarization Based on Data Reconstruction,AAAI,2012,https://openalex.org/A5102013345,Xiaofei He,last,2002.0,351.0,27888.0,73.0,215.0,10.0,Senior
https://openalex.org/W2159250884,Bayesian Symbol-Refined Tree Substitution Grammars for Syntactic Parsing,ACL,2012,https://openalex.org/A5063398043,Hiroyuki Shindo,first,1970.0,188.0,3415.0,27.0,60.0,42.0,Senior
https://openalex.org/W2159250884,Bayesian Symbol-Refined Tree Substitution Grammars for Syntactic Parsing,ACL,2012,https://openalex.org/A5004444958,Yusuke Miyao,middle,1998.0,273.0,4686.0,36.0,90.0,14.0,Senior
https://openalex.org/W2159250884,Bayesian Symbol-Refined Tree Substitution Grammars for Syntactic Parsing,ACL,2012,https://openalex.org/A5043865083,Akinori Fujino,middle,1970.0,91.0,1085.0,19.0,25.0,42.0,Senior
https://openalex.org/W2159250884,Bayesian Symbol-Refined Tree Substitution Grammars for Syntactic Parsing,ACL,2012,https://openalex.org/A5100520423,Masaaki Nagata,last,1989.0,239.0,3349.0,29.0,88.0,23.0,Senior
https://openalex.org/W2136345490,Observational and Experimental Investigation of Typing Behaviour using Virtual Keyboards for Mobile Devices,CHI,2012,https://openalex.org/A5040024687,Niels Henze,first,2006.0,268.0,7367.0,44.0,157.0,6.0,Senior
https://openalex.org/W2136345490,Observational and Experimental Investigation of Typing Behaviour using Virtual Keyboards for Mobile Devices,CHI,2012,https://openalex.org/A5089009282,Enrico Rukzio,middle,2003.0,362.0,7800.0,48.0,172.0,9.0,Senior
https://openalex.org/W2136345490,Observational and Experimental Investigation of Typing Behaviour using Virtual Keyboards for Mobile Devices,CHI,2012,https://openalex.org/A5029358314,Susanne Boll,last,1982.0,468.0,7603.0,45.0,174.0,30.0,Senior
https://openalex.org/W2126298837,The Normal Natural Troubles of Driving with GPS,CHI,2012,https://openalex.org/A5005523245,Barry Brown,first,1960.0,221.0,8884.0,47.0,110.0,52.0,Senior
https://openalex.org/W2126298837,The Normal Natural Troubles of Driving with GPS,CHI,2012,https://openalex.org/A5069507777,Éric Laurier,last,1989.0,171.0,5265.0,37.0,76.0,23.0,Senior
https://openalex.org/W2060696172,Improving Command Selection with CommandMaps,CHI,2012,https://openalex.org/A5074033455,Joey Scarr,first,1992.0,17.0,727.0,10.0,10.0,20.0,Senior
https://openalex.org/W2060696172,Improving Command Selection with CommandMaps,CHI,2012,https://openalex.org/A5080181433,Andy Cockburn,middle,1992.0,210.0,8714.0,50.0,131.0,20.0,Senior
https://openalex.org/W2060696172,Improving Command Selection with CommandMaps,CHI,2012,https://openalex.org/A5081930058,Carl Gutwin,middle,1989.0,377.0,18495.0,65.0,234.0,23.0,Senior
https://openalex.org/W2060696172,Improving Command Selection with CommandMaps,CHI,2012,https://openalex.org/A5030762084,Andrea Bunt,last,1990.0,79.0,1943.0,22.0,45.0,22.0,Senior
https://openalex.org/W2166132393,Detecting Error-Related Negativity for Interaction Design,CHI,2012,https://openalex.org/A5060738906,Chi Thanh,first,2012.0,49.0,1112.0,16.0,20.0,0.0,Junior
https://openalex.org/W2166132393,Detecting Error-Related Negativity for Interaction Design,CHI,2012,https://openalex.org/A5032188569,Sriram Subramanian,last,1966.0,346.0,11321.0,49.0,147.0,46.0,Senior
https://openalex.org/W2048608322,"Empathy, Participatory Design and People with Dementia",CHI,2012,https://openalex.org/A5069810884,Stephen Lindsay,first,2005.0,55.0,1828.0,17.0,27.0,7.0,Senior
https://openalex.org/W2048608322,"Empathy, Participatory Design and People with Dementia",CHI,2012,https://openalex.org/A5073128502,Katie Brittain,middle,1998.0,181.0,3896.0,28.0,54.0,14.0,Senior
https://openalex.org/W2048608322,"Empathy, Participatory Design and People with Dementia",CHI,2012,https://openalex.org/A5002942923,Dan Jackson,middle,1966.0,105.0,4560.0,28.0,51.0,46.0,Senior
https://openalex.org/W2048608322,"Empathy, Participatory Design and People with Dementia",CHI,2012,https://openalex.org/A5075672894,Cassim Ladha,middle,2007.0,36.0,1223.0,20.0,24.0,5.0,Junior
https://openalex.org/W2048608322,"Empathy, Participatory Design and People with Dementia",CHI,2012,https://openalex.org/A5056143246,Karim S. Ladha,middle,2010.0,233.0,6366.0,40.0,108.0,2.0,Junior
https://openalex.org/W2048608322,"Empathy, Participatory Design and People with Dementia",CHI,2012,https://openalex.org/A5015840697,Patrick Olivier,last,1957.0,771.0,19348.0,65.0,292.0,55.0,Senior
https://openalex.org/W1823310840,Looking Glass: A Field Study on Noticing Interactivity of Shop Windows,CHI,2012,https://openalex.org/A5072293897,Nanna Verhoeff,first,2001.0,153.0,546.0,11.0,14.0,11.0,Senior
https://openalex.org/W2030343501,Affordances in HCI: Toward a Mediated Action Perspective,CHI,2012,https://openalex.org/A5013340361,Victor Kaptelinin,first,1992.0,140.0,5560.0,29.0,51.0,20.0,Senior
https://openalex.org/W2030343501,Affordances in HCI: Toward a Mediated Action Perspective,CHI,2012,https://openalex.org/A5026440334,Bonnie Nardi,last,1981.0,351.0,18727.0,60.0,166.0,31.0,Senior
https://openalex.org/W2047883041,Personas and Decision Making in the Design Process: An Ethnographic Case Study,CHI,2012,https://openalex.org/A5006126917,Erin Friess,first,2007.0,29.0,369.0,10.0,10.0,5.0,Junior
https://openalex.org/W1974923332,Using Rhythmic Patterns as an Input Method,CHI,2012,https://openalex.org/A5083692181,Emilien Ghomi,first,2010.0,10.0,97.0,3.0,2.0,2.0,Junior
https://openalex.org/W1974923332,Using Rhythmic Patterns as an Input Method,CHI,2012,https://openalex.org/A5091725659,Guillaume Faure,middle,2009.0,7.0,59.0,3.0,2.0,3.0,Junior
https://openalex.org/W1974923332,Using Rhythmic Patterns as an Input Method,CHI,2012,https://openalex.org/A5109058773,Stéphane Huot,middle,2002.0,68.0,1090.0,17.0,26.0,10.0,Senior
https://openalex.org/W1974923332,Using Rhythmic Patterns as an Input Method,CHI,2012,https://openalex.org/A5048679959,Olivier Chapuis,middle,1991.0,146.0,2673.0,31.0,55.0,21.0,Senior
https://openalex.org/W1974923332,Using Rhythmic Patterns as an Input Method,CHI,2012,https://openalex.org/A5069093421,Michel Beaudouin-Lafon,last,1985.0,219.0,7497.0,40.0,110.0,27.0,Senior
https://openalex.org/W2168953163,Revisiting the Jacquard Loom: Threads of History and Current Patterns in HCI,CHI,2012,https://openalex.org/A5025125092,Ylva Fernaeus,first,2003.0,94.0,1345.0,18.0,28.0,9.0,Senior
https://openalex.org/W2168953163,Revisiting the Jacquard Loom: Threads of History and Current Patterns in HCI,CHI,2012,https://openalex.org/A5087741093,Martin Jönsson,middle,2001.0,75.0,1544.0,17.0,24.0,11.0,Senior
https://openalex.org/W2168953163,Revisiting the Jacquard Loom: Threads of History and Current Patterns in HCI,CHI,2012,https://openalex.org/A5082507660,Jakob Tholander,last,1998.0,101.0,1751.0,22.0,40.0,14.0,Senior
https://openalex.org/W2295996570,Uncomfortable Interactions,CHI,2012,https://openalex.org/A5086725824,Steve Benford,first,1988.0,544.0,18185.0,66.0,267.0,24.0,Senior
https://openalex.org/W2295996570,Uncomfortable Interactions,CHI,2012,https://openalex.org/A5017694288,Chris Greenhalgh,middle,1994.0,273.0,8847.0,49.0,133.0,18.0,Senior
https://openalex.org/W2295996570,Uncomfortable Interactions,CHI,2012,https://openalex.org/A5055807602,Gabriella Giannachi,middle,1992.0,121.0,1930.0,20.0,28.0,20.0,Senior
https://openalex.org/W2295996570,Uncomfortable Interactions,CHI,2012,https://openalex.org/A5082244326,Brendan M. Walker,middle,1989.0,64.0,3624.0,30.0,44.0,23.0,Senior
https://openalex.org/W2295996570,Uncomfortable Interactions,CHI,2012,https://openalex.org/A5028167332,Joe Marshall,middle,1965.0,104.0,2692.0,27.0,54.0,47.0,Senior
https://openalex.org/W2295996570,Uncomfortable Interactions,CHI,2012,https://openalex.org/A5113437182,Tom Rodden,last,1990.0,355.0,14275.0,64.0,196.0,22.0,Senior
https://openalex.org/W2096423888,"Gelling, and Melting, Large Graphs by Edge Manipulation",CIKM,2012,https://openalex.org/A5068043486,Hanghang Tong,first,2004.0,576.0,18149.0,61.0,235.0,8.0,Senior
https://openalex.org/W2096423888,"Gelling, and Melting, Large Graphs by Edge Manipulation",CIKM,2012,https://openalex.org/A5061110232,B. Aditya Prakash,middle,2005.0,209.0,5258.0,41.0,75.0,7.0,Senior
https://openalex.org/W2096423888,"Gelling, and Melting, Large Graphs by Edge Manipulation",CIKM,2012,https://openalex.org/A5080731595,Tina Eliassi‐Rad,middle,1998.0,224.0,8647.0,38.0,83.0,14.0,Senior
https://openalex.org/W2096423888,"Gelling, and Melting, Large Graphs by Edge Manipulation",CIKM,2012,https://openalex.org/A5018876909,Michalis Faloutsos,middle,1995.0,295.0,18963.0,56.0,137.0,17.0,Senior
https://openalex.org/W2096423888,"Gelling, and Melting, Large Graphs by Edge Manipulation",CIKM,2012,https://openalex.org/A5035605036,Christos Faloutsos,last,1982.0,970.0,82367.0,132.0,540.0,30.0,Senior
https://openalex.org/W1994804971,A Simple Prior-free Method for Non-Rigid Structure-from-Motion Factorization,CVPR,2012,https://openalex.org/A5036202579,Yuchao Dai,first,1981.0,327.0,13015.0,53.0,152.0,31.0,Senior
https://openalex.org/W1994804971,A Simple Prior-free Method for Non-Rigid Structure-from-Motion Factorization,CVPR,2012,https://openalex.org/A5101819061,Hongdong Li,middle,2000.0,454.0,18714.0,68.0,216.0,12.0,Senior
https://openalex.org/W1994804971,A Simple Prior-free Method for Non-Rigid Structure-from-Motion Factorization,CVPR,2012,https://openalex.org/A5086729425,Mingyi He,last,1966.0,453.0,7275.0,38.0,117.0,46.0,Senior
https://openalex.org/W2584961879,A Polylogarithmic Approximation Algorithm for Edge-Disjoint Paths with Congestion 2,FOCS,2012,https://openalex.org/A5056023203,Julia Chuzhoy,first,2001.0,129.0,2315.0,28.0,56.0,11.0,Senior
https://openalex.org/W2584961879,A Polylogarithmic Approximation Algorithm for Edge-Disjoint Paths with Congestion 2,FOCS,2012,https://openalex.org/A5100430766,Shi Li,last,1999.0,133.0,1249.0,18.0,29.0,13.0,Senior
https://openalex.org/W2148791594,A multi-prover interactive proof for NEXP sound against entangled provers,FOCS,2012,https://openalex.org/A5101821639,Tsuyoshi Ito,first,1981.0,64.0,843.0,14.0,19.0,31.0,Senior
https://openalex.org/W2148791594,A multi-prover interactive proof for NEXP sound against entangled provers,FOCS,2012,https://openalex.org/A5019616211,Thomas Vidick,last,1976.0,199.0,4134.0,32.0,77.0,36.0,Senior
https://openalex.org/W2148787816,Seeking the Ground Truth: A Retroactive Study on the Evolution and Migration of Software Libraries,FSE,2012,https://openalex.org/A5076116389,Bradley Edward Cossette,first,2012.0,3.0,122.0,2.0,1.0,0.0,Junior
https://openalex.org/W2148787816,Seeking the Ground Truth: A Retroactive Study on the Evolution and Migration of Software Libraries,FSE,2012,https://openalex.org/A5039277182,Robert J. Walker,last,1961.0,150.0,4159.0,35.0,68.0,51.0,Senior
https://openalex.org/W1965085982,Scalable Test Data Generation from Multidimensional Models,FSE,2012,https://openalex.org/A5088791029,Emina Torlak,first,2004.0,82.0,3204.0,28.0,47.0,8.0,Senior
https://openalex.org/W1995969252,Assessing the Value of Branches with What-if Analysis,FSE,2012,https://openalex.org/A5036278905,Christian Bird,first,1996.0,190.0,11305.0,51.0,110.0,16.0,Senior
https://openalex.org/W1995969252,Assessing the Value of Branches with What-if Analysis,FSE,2012,https://openalex.org/A5061605447,Thomas Zimmermann,last,1991.0,522.0,21946.0,74.0,180.0,21.0,Senior
https://openalex.org/W2161340280,Bayesian Posterior Sampling via Stochastic Gradient Fisher Scoring,ICML,2012,https://openalex.org/A5057980326,Sungjin Ahn,first,1995.0,132.0,3113.0,24.0,38.0,17.0,Senior
https://openalex.org/W2161340280,Bayesian Posterior Sampling via Stochastic Gradient Fisher Scoring,ICML,2012,https://openalex.org/A5067066896,Anoop Korattikara,middle,2011.0,19.0,4025.0,11.0,12.0,1.0,Junior
https://openalex.org/W2161340280,Bayesian Posterior Sampling via Stochastic Gradient Fisher Scoring,ICML,2012,https://openalex.org/A5087368991,Max Welling,last,1995.0,527.0,63968.0,86.0,279.0,17.0,Senior
https://openalex.org/W3148956615,Amplifying Tests to Validate Exception Handling Code,ICSE,2012,https://openalex.org/A5030386107,Pingyu Zhang,first,1993.0,264.0,9962.0,55.0,138.0,19.0,Senior
https://openalex.org/W3148956615,Amplifying Tests to Validate Exception Handling Code,ICSE,2012,https://openalex.org/A5025318877,Sebastian Elbaum,last,1999.0,245.0,8842.0,43.0,122.0,13.0,Senior
https://openalex.org/W3146113246,A Tactic-Centric Approach for Automating Traceability of Quality Concerns,ICSE,2012,https://openalex.org/A5088410123,Mehdi Mirakhorli,first,2007.0,131.0,1521.0,22.0,43.0,5.0,Junior
https://openalex.org/W3146113246,A Tactic-Centric Approach for Automating Traceability of Quality Concerns,ICSE,2012,https://openalex.org/A5020844039,Yonghee Shin,middle,2001.0,45.0,1661.0,15.0,22.0,11.0,Senior
https://openalex.org/W3146113246,A Tactic-Centric Approach for Automating Traceability of Quality Concerns,ICSE,2012,https://openalex.org/A5037363688,Jane Cleland‐Huang,middle,2001.0,314.0,7385.0,47.0,158.0,11.0,Senior
https://openalex.org/W3146113246,A Tactic-Centric Approach for Automating Traceability of Quality Concerns,ICSE,2012,https://openalex.org/A5081073864,Murat Çınar,last,2005.0,36.0,842.0,16.0,19.0,7.0,Senior
https://openalex.org/W3140308147,Using Dynamic Analysis to Discover Polynomial and Array Invariants,ICSE,2012,https://openalex.org/A5069411288,ThanhVu Nguyen,first,1989.0,89.0,3006.0,18.0,27.0,23.0,Senior
https://openalex.org/W3140308147,Using Dynamic Analysis to Discover Polynomial and Array Invariants,ICSE,2012,https://openalex.org/A5003856856,Deepak Kapur,middle,1979.0,313.0,6230.0,44.0,140.0,33.0,Senior
https://openalex.org/W3140308147,Using Dynamic Analysis to Discover Polynomial and Array Invariants,ICSE,2012,https://openalex.org/A5083601969,Westley Weimer,middle,1996.0,215.0,14970.0,53.0,114.0,16.0,Senior
https://openalex.org/W3140308147,Using Dynamic Analysis to Discover Polynomial and Array Invariants,ICSE,2012,https://openalex.org/A5114376382,Stephanie Forrest,last,1985.0,327.0,26609.0,76.0,175.0,27.0,Senior
https://openalex.org/W3161167621,Automated Detection of Client-State Manipulation Vulnerabilities,ICSE,2012,https://openalex.org/A5103189175,Anders Møller,first,1996.0,179.0,5134.0,39.0,98.0,16.0,Senior
https://openalex.org/W3161167621,Automated Detection of Client-State Manipulation Vulnerabilities,ICSE,2012,https://openalex.org/A5041608081,Mathias Schwarz,last,2009.0,10.0,47.0,5.0,2.0,3.0,Junior
https://openalex.org/W3142903977,Understanding Integer Overflow in C/C++,ICSE,2012,https://openalex.org/A5088473222,Will Dietz,first,2012.0,9.0,308.0,6.0,5.0,0.0,Junior
https://openalex.org/W3142903977,Understanding Integer Overflow in C/C++,ICSE,2012,https://openalex.org/A5100432792,Peng Li,middle,2012.0,42.0,527.0,11.0,13.0,0.0,Junior
https://openalex.org/W3142903977,Understanding Integer Overflow in C/C++,ICSE,2012,https://openalex.org/A5066046345,John Regehr,middle,1970.0,119.0,4852.0,38.0,66.0,42.0,Senior
https://openalex.org/W3142903977,Understanding Integer Overflow in C/C++,ICSE,2012,https://openalex.org/A5059017058,Vikram Adve,last,1991.0,182.0,8936.0,45.0,96.0,21.0,Senior
https://openalex.org/W2112351052,How Do Professional Developers Comprehend Software?,ICSE,2012,https://openalex.org/A5063441997,Tobias Roehm,first,2011.0,24.0,588.0,8.0,8.0,1.0,Junior
https://openalex.org/W2112351052,How Do Professional Developers Comprehend Software?,ICSE,2012,https://openalex.org/A5012643471,Rebecca Tiarks,middle,2009.0,11.0,488.0,8.0,8.0,3.0,Junior
https://openalex.org/W2112351052,How Do Professional Developers Comprehend Software?,ICSE,2012,https://openalex.org/A5012031968,Rainer Koschke,middle,1996.0,174.0,7581.0,38.0,85.0,16.0,Senior
https://openalex.org/W2112351052,How Do Professional Developers Comprehend Software?,ICSE,2012,https://openalex.org/A5025426825,Walid Maalej,last,2008.0,211.0,5496.0,35.0,68.0,4.0,Junior
https://openalex.org/W3149109633,Partial Models: Towards Modeling and Reasoning with Uncertainty,ICSE,2012,https://openalex.org/A5097550878,Michais Famelis,first,2012.0,1.0,89.0,1.0,1.0,0.0,Junior
https://openalex.org/W3149109633,Partial Models: Towards Modeling and Reasoning with Uncertainty,ICSE,2012,https://openalex.org/A5084776885,Rick Salay,middle,2007.0,105.0,2287.0,25.0,60.0,5.0,Junior
https://openalex.org/W3149109633,Partial Models: Towards Modeling and Reasoning with Uncertainty,ICSE,2012,https://openalex.org/A5079431306,Marsha Chećhik,last,1980.0,346.0,6654.0,43.0,159.0,32.0,Senior
https://openalex.org/W1969844906,Multi-resource allocation: Fairness-efficiency tradeoffs in a unifying framework,INFOCOM,2012,https://openalex.org/A5085243096,Carlee Joe‐Wong,first,2011.0,248.0,4374.0,32.0,80.0,1.0,Junior
https://openalex.org/W1969844906,Multi-resource allocation: Fairness-efficiency tradeoffs in a unifying framework,INFOCOM,2012,https://openalex.org/A5080702284,Soumya Sen,middle,2007.0,183.0,2383.0,24.0,62.0,5.0,Junior
https://openalex.org/W1969844906,Multi-resource allocation: Fairness-efficiency tradeoffs in a unifying framework,INFOCOM,2012,https://openalex.org/A5018464968,Tian Lan,middle,2002.0,232.0,6526.0,32.0,90.0,10.0,Senior
https://openalex.org/W1969844906,Multi-resource allocation: Fairness-efficiency tradeoffs in a unifying framework,INFOCOM,2012,https://openalex.org/A5110782105,Mung Chiang,last,2001.0,510.0,25537.0,71.0,263.0,11.0,Senior
https://openalex.org/W2099302229,Searching and Mining Trillions of Time Series Subsequences under Dynamic Time Warping,KDD,2012,https://openalex.org/A5044070973,Thanawin Rakthanmanon,first,2004.0,61.0,2737.0,20.0,28.0,8.0,Senior
https://openalex.org/W2099302229,Searching and Mining Trillions of Time Series Subsequences under Dynamic Time Warping,KDD,2012,https://openalex.org/A5015547365,Bilson Campana,middle,2010.0,23.0,1871.0,13.0,14.0,2.0,Junior
https://openalex.org/W2099302229,Searching and Mining Trillions of Time Series Subsequences under Dynamic Time Warping,KDD,2012,https://openalex.org/A5025138797,Abdullah Mueen,middle,2005.0,117.0,7048.0,35.0,56.0,7.0,Senior
https://openalex.org/W2099302229,Searching and Mining Trillions of Time Series Subsequences under Dynamic Time Warping,KDD,2012,https://openalex.org/A5029634834,Gustavo Batista,middle,2000.0,103.0,3893.0,22.0,34.0,12.0,Senior
https://openalex.org/W2099302229,Searching and Mining Trillions of Time Series Subsequences under Dynamic Time Warping,KDD,2012,https://openalex.org/A5063973380,Brandon Westover,middle,2009.0,45.0,3143.0,16.0,23.0,3.0,Junior
https://openalex.org/W2099302229,Searching and Mining Trillions of Time Series Subsequences under Dynamic Time Warping,KDD,2012,https://openalex.org/A5103273498,Qiang Zhu,middle,1996.0,141.0,4427.0,23.0,36.0,16.0,Senior
https://openalex.org/W2099302229,Searching and Mining Trillions of Time Series Subsequences under Dynamic Time Warping,KDD,2012,https://openalex.org/A5057110882,Jesin Zakaria,middle,2012.0,12.0,1795.0,11.0,11.0,0.0,Junior
https://openalex.org/W2099302229,Searching and Mining Trillions of Time Series Subsequences under Dynamic Time Warping,KDD,2012,https://openalex.org/A5078245746,Eamonn Keogh,last,1997.0,406.0,44828.0,96.0,247.0,15.0,Senior
https://openalex.org/W2154346544,Distinguishing Users with Capacitative Touch Communication,MOBICOM,2012,https://openalex.org/A5022767483,Tam Vu,first,1999.0,130.0,3016.0,31.0,66.0,13.0,Senior
https://openalex.org/W2154346544,Distinguishing Users with Capacitative Touch Communication,MOBICOM,2012,https://openalex.org/A5017397044,Akash Baid,middle,2005.0,30.0,441.0,11.0,13.0,7.0,Senior
https://openalex.org/W2154346544,Distinguishing Users with Capacitative Touch Communication,MOBICOM,2012,https://openalex.org/A5028448553,Simon Gao,middle,2012.0,2.0,83.0,2.0,2.0,0.0,Junior
https://openalex.org/W2154346544,Distinguishing Users with Capacitative Touch Communication,MOBICOM,2012,https://openalex.org/A5078160983,Marco Gruteser,middle,2001.0,258.0,17572.0,53.0,139.0,11.0,Senior
https://openalex.org/W2154346544,Distinguishing Users with Capacitative Touch Communication,MOBICOM,2012,https://openalex.org/A5103114504,Richard Howard,middle,1916.0,237.0,24603.0,43.0,112.0,96.0,Senior
https://openalex.org/W2154346544,Distinguishing Users with Capacitative Touch Communication,MOBICOM,2012,https://openalex.org/A5019562468,Janne Lindqvist,middle,1968.0,121.0,2799.0,26.0,51.0,44.0,Senior
https://openalex.org/W2154346544,Distinguishing Users with Capacitative Touch Communication,MOBICOM,2012,https://openalex.org/A5090245711,Predrag Spasojević,middle,1992.0,216.0,3081.0,27.0,61.0,20.0,Senior
https://openalex.org/W2154346544,Distinguishing Users with Capacitative Touch Communication,MOBICOM,2012,https://openalex.org/A5033076207,Jeffrey S. Walling,last,2006.0,104.0,1863.0,20.0,36.0,6.0,Senior
https://openalex.org/W1984533413,Spanner: Google's Globally-Distributed Database,OSDI,2012,https://openalex.org/A5112027889,Brian F. Cooper,first,2000.0,86.0,6145.0,22.0,39.0,12.0,Senior
https://openalex.org/W2098575846,Concurrent Data Representation Synthesis,PLDI,2012,https://openalex.org/A5111910004,Peter Hawkins,first,1971.0,80.0,4763.0,29.0,47.0,41.0,Senior
https://openalex.org/W2098575846,Concurrent Data Representation Synthesis,PLDI,2012,https://openalex.org/A5087402475,Alex Aiken,middle,1975.0,395.0,20424.0,75.0,222.0,37.0,Senior
https://openalex.org/W2098575846,Concurrent Data Representation Synthesis,PLDI,2012,https://openalex.org/A5056099984,Kathleen Fisher,middle,1994.0,128.0,2613.0,29.0,53.0,18.0,Senior
https://openalex.org/W2098575846,Concurrent Data Representation Synthesis,PLDI,2012,https://openalex.org/A5045127387,Martin Rinard,middle,1984.0,486.0,17233.0,66.0,221.0,28.0,Senior
https://openalex.org/W2098575846,Concurrent Data Representation Synthesis,PLDI,2012,https://openalex.org/A5002512849,Mooly Sagiv,last,1978.0,326.0,10815.0,54.0,168.0,34.0,Senior
https://openalex.org/W2093044565,Worst-case Optimal Join Algorithms,PODS,2012,https://openalex.org/A5107540767,Joseph K. Pickrell,first,2003.0,108.0,26104.0,42.0,67.0,9.0,Senior
https://openalex.org/W2093044565,Worst-case Optimal Join Algorithms,PODS,2012,https://openalex.org/A5051388103,Jonathan K. Pritchard,last,1979.0,365.0,128954.0,119.0,223.0,33.0,Senior
https://openalex.org/W2113551315,Multi-Resource Fair Queueing for Packet Processing,SIGCOMM,2012,https://openalex.org/A5040035859,Ali Ghodsi,first,1984.0,310.0,17402.0,59.0,140.0,28.0,Senior
https://openalex.org/W2113551315,Multi-Resource Fair Queueing for Packet Processing,SIGCOMM,2012,https://openalex.org/A5079175103,Vyas Sekar,middle,1993.0,278.0,16752.0,63.0,135.0,19.0,Senior
https://openalex.org/W2113551315,Multi-Resource Fair Queueing for Packet Processing,SIGCOMM,2012,https://openalex.org/A5005554337,Matei Zaharia,middle,2001.0,329.0,50532.0,65.0,156.0,11.0,Senior
https://openalex.org/W2113551315,Multi-Resource Fair Queueing for Packet Processing,SIGCOMM,2012,https://openalex.org/A5041920173,Ion Stoica,last,1958.0,733.0,99436.0,133.0,396.0,54.0,Senior
https://openalex.org/W2029009258,Time-Based Calibration of Effectiveness Measures,SIGIR,2012,https://openalex.org/A5049222552,Mark D. Smucker,first,1994.0,101.0,3018.0,25.0,42.0,18.0,Senior
https://openalex.org/W2029009258,Time-Based Calibration of Effectiveness Measures,SIGIR,2012,https://openalex.org/A5037737168,Charles L. A. Clarke,last,1792.0,332.0,9032.0,46.0,140.0,220.0,Senior
https://openalex.org/W2101221989,Temperature management in data centers: why some (might) like it hot,SIGMETRICS,2012,https://openalex.org/A5041608911,Nosayba El-Sayed,first,2008.0,24.0,686.0,12.0,12.0,4.0,Junior
https://openalex.org/W2101221989,Temperature management in data centers: why some (might) like it hot,SIGMETRICS,2012,https://openalex.org/A5034240273,Ioan Stefanovici,middle,2012.0,25.0,737.0,9.0,9.0,0.0,Junior
https://openalex.org/W2101221989,Temperature management in data centers: why some (might) like it hot,SIGMETRICS,2012,https://openalex.org/A5013339702,George Amvrosiadis,middle,2012.0,48.0,810.0,12.0,13.0,0.0,Junior
https://openalex.org/W2101221989,Temperature management in data centers: why some (might) like it hot,SIGMETRICS,2012,https://openalex.org/A5014831904,Andy A. Hwang,middle,2011.0,12.0,664.0,8.0,8.0,1.0,Junior
https://openalex.org/W2101221989,Temperature management in data centers: why some (might) like it hot,SIGMETRICS,2012,https://openalex.org/A5040893798,Bianca Schroeder,last,1983.0,83.0,6910.0,36.0,52.0,29.0,Senior
https://openalex.org/W2123458705,High-Performance Complex Event Processing over XML Streams,SIGMOD,2012,https://openalex.org/A5060287971,Barzan Mozafari,first,2006.0,75.0,2743.0,26.0,40.0,6.0,Senior
https://openalex.org/W2123458705,High-Performance Complex Event Processing over XML Streams,SIGMOD,2012,https://openalex.org/A5032503782,Kai Zeng,middle,2006.0,82.0,1685.0,21.0,38.0,6.0,Senior
https://openalex.org/W2123458705,High-Performance Complex Event Processing over XML Streams,SIGMOD,2012,https://openalex.org/A5113467760,Carlo Zaniolo,last,1972.0,364.0,10927.0,56.0,184.0,40.0,Senior
https://openalex.org/W1995509853,Computing all maps into a sphere,SODA,2012,https://openalex.org/A5001618396,Martin Čadek,first,1985.0,45.0,314.0,10.0,11.0,27.0,Senior
https://openalex.org/W1995509853,Computing all maps into a sphere,SODA,2012,https://openalex.org/A5014115669,Marek Krčál,middle,2006.0,33.0,435.0,10.0,11.0,6.0,Senior
https://openalex.org/W1995509853,Computing all maps into a sphere,SODA,2012,https://openalex.org/A5070164050,Jiřı́ Matoušek,middle,1957.0,555.0,19345.0,53.0,163.0,55.0,Senior
https://openalex.org/W1995509853,Computing all maps into a sphere,SODA,2012,https://openalex.org/A5024432519,Francis Sergeraert,middle,1972.0,54.0,642.0,11.0,12.0,40.0,Senior
https://openalex.org/W1995509853,Computing all maps into a sphere,SODA,2012,https://openalex.org/A5067861585,Lukáš Vokřínek,middle,2007.0,36.0,243.0,9.0,8.0,5.0,Junior
https://openalex.org/W1995509853,Computing all maps into a sphere,SODA,2012,https://openalex.org/A5056297132,Uli Wagner,last,1989.0,98.0,1452.0,22.0,35.0,23.0,Senior
https://openalex.org/W2119368733,Linear vs. Semidefinite Extended Formulations: Exponential Separation and Strong Lower Bounds,STOC,2012,https://openalex.org/A5001781037,Samuel Fiorini,first,1974.0,159.0,1642.0,20.0,50.0,38.0,Senior
https://openalex.org/W2119368733,Linear vs. Semidefinite Extended Formulations: Exponential Separation and Strong Lower Bounds,STOC,2012,https://openalex.org/A5024306150,Serge Massar,middle,1994.0,304.0,16690.0,50.0,110.0,18.0,Senior
https://openalex.org/W2119368733,Linear vs. Semidefinite Extended Formulations: Exponential Separation and Strong Lower Bounds,STOC,2012,https://openalex.org/A5043574831,Sebastian Pokutta,middle,2003.0,284.0,2070.0,20.0,51.0,9.0,Senior
https://openalex.org/W2119368733,Linear vs. Semidefinite Extended Formulations: Exponential Separation and Strong Lower Bounds,STOC,2012,https://openalex.org/A5036380953,Hans Raj Tiwary,middle,2007.0,65.0,822.0,13.0,15.0,5.0,Junior
https://openalex.org/W2119368733,Linear vs. Semidefinite Extended Formulations: Exponential Separation and Strong Lower Bounds,STOC,2012,https://openalex.org/A5066563480,Ronald de Wolf,last,1995.0,202.0,7990.0,37.0,84.0,17.0,Senior
https://openalex.org/W1988508518,The Cell Probe Complexity of Dynamic Range Counting,STOC,2012,https://openalex.org/A5013551063,Kasper Green Larsen,first,2010.0,180.0,1452.0,21.0,38.0,2.0,Junior
https://openalex.org/W2010127311,Cliplets: juxtaposing still and dynamic imagery,UIST,2012,https://openalex.org/A5072006037,Neel Joshi,first,1982.0,191.0,11914.0,55.0,101.0,30.0,Senior
https://openalex.org/W2010127311,Cliplets: juxtaposing still and dynamic imagery,UIST,2012,https://openalex.org/A5006688930,Sisil Mehta,middle,2009.0,3.0,85.0,2.0,2.0,3.0,Junior
https://openalex.org/W2010127311,Cliplets: juxtaposing still and dynamic imagery,UIST,2012,https://openalex.org/A5010119044,Steven M. Drucker,middle,1946.0,160.0,9476.0,49.0,103.0,66.0,Senior
https://openalex.org/W2010127311,Cliplets: juxtaposing still and dynamic imagery,UIST,2012,https://openalex.org/A5079657241,Eric J. Stollnitz,middle,1995.0,12.0,1968.0,11.0,11.0,17.0,Senior
https://openalex.org/W2010127311,Cliplets: juxtaposing still and dynamic imagery,UIST,2012,https://openalex.org/A5056912277,Hugues Hoppe,middle,1992.0,147.0,27699.0,61.0,111.0,20.0,Senior
https://openalex.org/W2010127311,Cliplets: juxtaposing still and dynamic imagery,UIST,2012,https://openalex.org/A5010182611,Matt Uyttendaele,middle,1993.0,52.0,5331.0,25.0,31.0,19.0,Senior
https://openalex.org/W2010127311,Cliplets: juxtaposing still and dynamic imagery,UIST,2012,https://openalex.org/A5021040304,Michael Cohen,last,1957.0,530.0,18862.0,66.0,201.0,55.0,Senior
https://openalex.org/W2167913131,CrowdScape: interactively visualizing user behavior and output,UIST,2012,https://openalex.org/A5024501566,Jeffrey M. Rzeszotarski,first,2010.0,44.0,899.0,14.0,18.0,2.0,Junior
https://openalex.org/W2167913131,CrowdScape: interactively visualizing user behavior and output,UIST,2012,https://openalex.org/A5050656871,Aniket Kittur,last,1990.0,143.0,9671.0,44.0,91.0,22.0,Senior
https://openalex.org/W2953102514,Dense Subgraph Maintenance under Streaming Edge Weight Updates for Real-time Story Identification,VLDB,2012,https://openalex.org/A5050138372,Albert Angel,first,2008.0,10.0,469.0,7.0,7.0,4.0,Junior
https://openalex.org/W2953102514,Dense Subgraph Maintenance under Streaming Edge Weight Updates for Real-time Story Identification,VLDB,2012,https://openalex.org/A5035257754,Nick Koudas,middle,1994.0,246.0,13071.0,58.0,142.0,18.0,Senior
https://openalex.org/W2953102514,Dense Subgraph Maintenance under Streaming Edge Weight Updates for Real-time Story Identification,VLDB,2012,https://openalex.org/A5000660268,Nikos Sarkas,middle,2005.0,14.0,660.0,11.0,11.0,7.0,Senior
https://openalex.org/W2953102514,Dense Subgraph Maintenance under Streaming Edge Weight Updates for Real-time Story Identification,VLDB,2012,https://openalex.org/A5088315797,Divesh Srivastava,middle,1990.0,513.0,22608.0,80.0,268.0,22.0,Senior
https://openalex.org/W2953102514,Dense Subgraph Maintenance under Streaming Edge Weight Updates for Real-time Story Identification,VLDB,2012,https://openalex.org/A5003062775,Michael Svendsen,middle,1995.0,11.0,975.0,5.0,5.0,17.0,Senior
https://openalex.org/W2953102514,Dense Subgraph Maintenance under Streaming Edge Weight Updates for Real-time Story Identification,VLDB,2012,https://openalex.org/A5047034711,Srikanta Tirthapura,last,1998.0,129.0,2813.0,29.0,70.0,14.0,Senior
https://openalex.org/W1982139456,"Counting Beyond a Yottabyte, or how SPARQL 1.1 Property Paths will Prevent Adoption of the Standard",WWW,2012,https://openalex.org/A5011691423,Marcelo Arenas,first,1997.0,271.0,8393.0,43.0,102.0,15.0,Senior
https://openalex.org/W1982139456,"Counting Beyond a Yottabyte, or how SPARQL 1.1 Property Paths will Prevent Adoption of the Standard",WWW,2012,https://openalex.org/A5013088936,Sebastián Conca,middle,2012.0,2.0,121.0,1.0,1.0,0.0,Junior
https://openalex.org/W1982139456,"Counting Beyond a Yottabyte, or how SPARQL 1.1 Property Paths will Prevent Adoption of the Standard",WWW,2012,https://openalex.org/A5058133910,Jorge Eduardo Pérez Pérez,last,1907.0,840.0,4846.0,32.0,60.0,105.0,Senior
https://openalex.org/W57159709,Complexity of and Algorithms for Borda Manipulation,AAAI,2011,https://openalex.org/A5031401811,Jessica Davies,first,1981.0,176.0,3934.0,34.0,69.0,30.0,Senior
https://openalex.org/W57159709,Complexity of and Algorithms for Borda Manipulation,AAAI,2011,https://openalex.org/A5109802420,George Katsirelos,middle,,,,,,,
https://openalex.org/W57159709,Complexity of and Algorithms for Borda Manipulation,AAAI,2011,https://openalex.org/A5034897040,Nina Narodytska,middle,2007.0,161.0,3007.0,26.0,63.0,4.0,Junior
https://openalex.org/W57159709,Complexity of and Algorithms for Borda Manipulation,AAAI,2011,https://openalex.org/A5072902302,Toby Walsh,last,1968.0,617.0,16654.0,59.0,260.0,43.0,Senior
https://openalex.org/W1768003445,Dynamic Resource Allocation in Conservation Planning,AAAI,2011,https://openalex.org/A5062606021,Daniel Golovin,first,2006.0,55.0,5166.0,24.0,40.0,5.0,Junior
https://openalex.org/W1768003445,Dynamic Resource Allocation in Conservation Planning,AAAI,2011,https://openalex.org/A5003040843,Andreas Krause,middle,1879.0,653.0,31573.0,84.0,273.0,132.0,Senior
https://openalex.org/W1768003445,Dynamic Resource Allocation in Conservation Planning,AAAI,2011,https://openalex.org/A5063059225,Beth Gardner,middle,1991.0,136.0,5557.0,39.0,71.0,20.0,Senior
https://openalex.org/W1768003445,Dynamic Resource Allocation in Conservation Planning,AAAI,2011,https://openalex.org/A5060023626,Sarah J. Converse,middle,2002.0,165.0,4839.0,36.0,69.0,9.0,Senior
https://openalex.org/W1768003445,Dynamic Resource Allocation in Conservation Planning,AAAI,2011,https://openalex.org/A5081401436,Steve Morey,last,2006.0,10.0,345.0,7.0,6.0,5.0,Junior
https://openalex.org/W2142523187,Unsupervised Part-of-Speech Tagging with Bilingual Graph-Based Projections,ACL,2011,https://openalex.org/A5021055773,Dipanjan Das,first,2006.0,143.0,11775.0,43.0,68.0,5.0,Junior
https://openalex.org/W2142523187,Unsupervised Part-of-Speech Tagging with Bilingual Graph-Based Projections,ACL,2011,https://openalex.org/A5062886906,Slav Petrov,last,1980.0,87.0,14867.0,40.0,58.0,31.0,Senior
https://openalex.org/W2080299624,Teenagers and Their Virtual Possessions: Design Opportunities and Issues,CHI,2011,https://openalex.org/A5073024818,William Odom,first,1895.0,145.0,5097.0,39.0,88.0,116.0,Senior
https://openalex.org/W2080299624,Teenagers and Their Virtual Possessions: Design Opportunities and Issues,CHI,2011,https://openalex.org/A5068413510,John Zimmerman,middle,1906.0,313.0,13944.0,56.0,149.0,105.0,Senior
https://openalex.org/W2080299624,Teenagers and Their Virtual Possessions: Design Opportunities and Issues,CHI,2011,https://openalex.org/A5078288310,Jodi Forlizzi,last,1997.0,323.0,23387.0,76.0,200.0,14.0,Senior
https://openalex.org/W2022815033,Mid-air Pan-and-Zoom on Wall-sized Displays,CHI,2011,https://openalex.org/A5091273829,Mathieu Nancel,first,2008.0,42.0,1109.0,16.0,18.0,3.0,Junior
https://openalex.org/W2022815033,Mid-air Pan-and-Zoom on Wall-sized Displays,CHI,2011,https://openalex.org/A5049592819,Julie Wagner,middle,1994.0,25.0,743.0,9.0,9.0,17.0,Senior
https://openalex.org/W2022815033,Mid-air Pan-and-Zoom on Wall-sized Displays,CHI,2011,https://openalex.org/A5054725183,Emmanuel Pietriga,middle,2001.0,110.0,2539.0,26.0,47.0,10.0,Senior
https://openalex.org/W2022815033,Mid-air Pan-and-Zoom on Wall-sized Displays,CHI,2011,https://openalex.org/A5048679959,Olivier Chapuis,middle,1991.0,146.0,2673.0,31.0,55.0,20.0,Senior
https://openalex.org/W2022815033,Mid-air Pan-and-Zoom on Wall-sized Displays,CHI,2011,https://openalex.org/A5034680150,Wendy E. Mackay,last,1986.0,311.0,10191.0,53.0,150.0,25.0,Senior
https://openalex.org/W2153391061,Why is My Internet Slow?: Making Network Speeds Visible,CHI,2011,https://openalex.org/A5065790866,Marshini Chetty,first,2002.0,105.0,3511.0,29.0,55.0,9.0,Senior
https://openalex.org/W2153391061,Why is My Internet Slow?: Making Network Speeds Visible,CHI,2011,https://openalex.org/A5078932168,David Haslem,middle,2010.0,2.0,109.0,2.0,2.0,1.0,Junior
https://openalex.org/W2153391061,Why is My Internet Slow?: Making Network Speeds Visible,CHI,2011,https://openalex.org/A5064642955,Andrew H. Baird,middle,1976.0,381.0,28336.0,70.0,181.0,35.0,Senior
https://openalex.org/W2153391061,Why is My Internet Slow?: Making Network Speeds Visible,CHI,2011,https://openalex.org/A5065769969,Ugochi Ofoha,middle,2011.0,1.0,71.0,1.0,1.0,0.0,Junior
https://openalex.org/W2153391061,Why is My Internet Slow?: Making Network Speeds Visible,CHI,2011,https://openalex.org/A5091855327,Bethany Sumner,middle,2011.0,2.0,71.0,1.0,1.0,0.0,Junior
https://openalex.org/W2153391061,Why is My Internet Slow?: Making Network Speeds Visible,CHI,2011,https://openalex.org/A5090560893,Rebecca E. Grinter,last,1993.0,146.0,11717.0,57.0,105.0,18.0,Senior
https://openalex.org/W2146852151,Synchronous Interaction Among Hundreds: An Evaluation of a Conference in an Avatar-based Virtual Environment,CHI,2011,https://openalex.org/A5110106297,Thomas Erickson,first,1961.0,140.0,6106.0,36.0,70.0,50.0,Senior
https://openalex.org/W2146852151,Synchronous Interaction Among Hundreds: An Evaluation of a Conference in an Avatar-based Virtual Environment,CHI,2011,https://openalex.org/A5013283889,N. Sadat Shami,middle,2003.0,49.0,1466.0,22.0,32.0,8.0,Senior
https://openalex.org/W2146852151,Synchronous Interaction Among Hundreds: An Evaluation of a Conference in an Avatar-based Virtual Environment,CHI,2011,https://openalex.org/A5035459386,Wendy A. Kellogg,middle,1983.0,166.0,5689.0,32.0,62.0,28.0,Senior
https://openalex.org/W2146852151,Synchronous Interaction Among Hundreds: An Evaluation of a Conference in an Avatar-based Virtual Environment,CHI,2011,https://openalex.org/A5104353018,David Levine,last,1972.0,94.0,3150.0,28.0,37.0,39.0,Senior
https://openalex.org/W2105697580,Your Noise is My Command: Sensing Gestures Using the Body as an Antenna,CHI,2011,https://openalex.org/A5084307262,Gabe Cohn,first,2009.0,17.0,1171.0,12.0,12.0,2.0,Junior
https://openalex.org/W2105697580,Your Noise is My Command: Sensing Gestures Using the Body as an Antenna,CHI,2011,https://openalex.org/A5031313498,Daniel Morris,middle,1955.0,155.0,4863.0,33.0,65.0,56.0,Senior
https://openalex.org/W2105697580,Your Noise is My Command: Sensing Gestures Using the Body as an Antenna,CHI,2011,https://openalex.org/A5039879761,Shwetak Patel,middle,2003.0,349.0,14770.0,62.0,185.0,8.0,Senior
https://openalex.org/W2105697580,Your Noise is My Command: Sensing Gestures Using the Body as an Antenna,CHI,2011,https://openalex.org/A5040526518,Desney Tan,last,1965.0,144.0,9513.0,56.0,96.0,46.0,Senior
https://openalex.org/W2081964782,Enhancing Physicality in Touch Interaction with Programmable Friction,CHI,2011,https://openalex.org/A5078354524,Vincent Lévesque,first,2002.0,32.0,1359.0,15.0,17.0,9.0,Senior
https://openalex.org/W2081964782,Enhancing Physicality in Touch Interaction with Programmable Friction,CHI,2011,https://openalex.org/A5041613932,Louise Oram,middle,2011.0,12.0,299.0,7.0,6.0,0.0,Junior
https://openalex.org/W2081964782,Enhancing Physicality in Touch Interaction with Programmable Friction,CHI,2011,https://openalex.org/A5061277210,Karon E. MacLean,middle,1987.0,185.0,6335.0,46.0,106.0,24.0,Senior
https://openalex.org/W2081964782,Enhancing Physicality in Touch Interaction with Programmable Friction,CHI,2011,https://openalex.org/A5080181433,Andy Cockburn,middle,1992.0,210.0,8714.0,50.0,131.0,19.0,Senior
https://openalex.org/W2081964782,Enhancing Physicality in Touch Interaction with Programmable Friction,CHI,2011,https://openalex.org/A5049815709,Nicholas Marchuk,middle,2005.0,35.0,339.0,6.0,6.0,6.0,Senior
https://openalex.org/W2081964782,Enhancing Physicality in Touch Interaction with Programmable Friction,CHI,2011,https://openalex.org/A5074233983,Dan Johnson,middle,1977.0,5.0,237.0,4.0,4.0,34.0,Senior
https://openalex.org/W2081964782,Enhancing Physicality in Touch Interaction with Programmable Friction,CHI,2011,https://openalex.org/A5006798050,J. Edward Colgate,middle,1984.0,252.0,11605.0,56.0,134.0,27.0,Senior
https://openalex.org/W2081964782,Enhancing Physicality in Touch Interaction with Programmable Friction,CHI,2011,https://openalex.org/A5091276611,Michael A. Peshkin,last,1947.0,263.0,8692.0,52.0,125.0,64.0,Senior
https://openalex.org/W2136691781,Usable Gestures for Blind People: Understanding Preference and Performance,CHI,2011,https://openalex.org/A5086948505,Shaun K. Kane,first,2006.0,144.0,7035.0,44.0,87.0,5.0,Junior
https://openalex.org/W2136691781,Usable Gestures for Blind People: Understanding Preference and Performance,CHI,2011,https://openalex.org/A5086377685,Jacob O. Wobbrock,middle,1998.0,266.0,19065.0,68.0,174.0,13.0,Senior
https://openalex.org/W2136691781,Usable Gestures for Blind People: Understanding Preference and Performance,CHI,2011,https://openalex.org/A5043369298,Richard E. Ladner,last,1973.0,334.0,15589.0,56.0,169.0,38.0,Senior
https://openalex.org/W2127473562,Automics: souvenir generating photoware for theme parks,CHI,2011,https://openalex.org/A5041558239,Abigail Durrant,first,2007.0,118.0,2174.0,24.0,57.0,4.0,Junior
https://openalex.org/W2127473562,Automics: souvenir generating photoware for theme parks,CHI,2011,https://openalex.org/A5112275018,Duncan Rowland,middle,1996.0,61.0,3812.0,23.0,29.0,15.0,Senior
https://openalex.org/W2127473562,Automics: souvenir generating photoware for theme parks,CHI,2011,https://openalex.org/A5069887938,David Kirk,middle,1976.0,187.0,6216.0,40.0,101.0,35.0,Senior
https://openalex.org/W2127473562,Automics: souvenir generating photoware for theme parks,CHI,2011,https://openalex.org/A5086725824,Steve Benford,middle,1988.0,544.0,18185.0,66.0,267.0,23.0,Senior
https://openalex.org/W2127473562,Automics: souvenir generating photoware for theme parks,CHI,2011,https://openalex.org/A5091627990,Joel E. Fischer,middle,1953.0,212.0,3958.0,31.0,76.0,58.0,Senior
https://openalex.org/W2127473562,Automics: souvenir generating photoware for theme parks,CHI,2011,https://openalex.org/A5027117910,Derek McAuley,last,1991.0,177.0,3007.0,30.0,59.0,20.0,Senior
https://openalex.org/W2097331574,Effects of Community Size and Contact Rate in Synchronous Social Q&A,CHI,2011,https://openalex.org/A5076259865,Ryen W. White,first,1981.0,357.0,14022.0,60.0,199.0,30.0,Senior
https://openalex.org/W2097331574,Effects of Community Size and Contact Rate in Synchronous Social Q&A,CHI,2011,https://openalex.org/A5062300635,Matthew Richardson,middle,2001.0,80.0,10018.0,28.0,42.0,10.0,Senior
https://openalex.org/W2097331574,Effects of Community Size and Contact Rate in Synchronous Social Q&A,CHI,2011,https://openalex.org/A5022201710,Yandong Liu,last,2007.0,52.0,1368.0,18.0,19.0,4.0,Junior
https://openalex.org/W603000039,Review Spotlight: A User Interface for Summarizing User-generated Reviews Using Adjective-Noun Word Pairs,CHI,2011,https://openalex.org/A5065334335,Thomas Kleinbauer,first,2003.0,39.0,337.0,6.0,6.0,8.0,Senior
https://openalex.org/W2140232903,In the Shadow of Misperception: Assistive Technology Use and Social Interactions,CHI,2011,https://openalex.org/A5088028769,Kristen Shinohara,first,2002.0,77.0,2389.0,27.0,44.0,9.0,Senior
https://openalex.org/W2140232903,In the Shadow of Misperception: Assistive Technology Use and Social Interactions,CHI,2011,https://openalex.org/A5086377685,Jacob O. Wobbrock,last,1998.0,266.0,19065.0,68.0,174.0,13.0,Senior
https://openalex.org/W1986692274,Ease of Juggling: Studying the Effects of Manual Multitasking,CHI,2011,https://openalex.org/A5003084232,Antti Oulasvirta,first,2002.0,439.0,14838.0,65.0,197.0,9.0,Senior
https://openalex.org/W1986692274,Ease of Juggling: Studying the Effects of Manual Multitasking,CHI,2011,https://openalex.org/A5065240151,Joanna Bergström,last,2008.0,53.0,1235.0,20.0,29.0,3.0,Junior
https://openalex.org/W1989813731,Intent-aware query similarity,CIKM,2011,https://openalex.org/A5088621320,Jiafeng Guo,first,2006.0,417.0,11403.0,52.0,146.0,5.0,Junior
https://openalex.org/W1989813731,Intent-aware query similarity,CIKM,2011,https://openalex.org/A5029998682,Xueqi Cheng,middle,2001.0,961.0,21285.0,73.0,308.0,10.0,Senior
https://openalex.org/W1989813731,Intent-aware query similarity,CIKM,2011,https://openalex.org/A5111526267,Gu Xu,middle,2003.0,18.0,995.0,14.0,16.0,8.0,Senior
https://openalex.org/W1989813731,Intent-aware query similarity,CIKM,2011,https://openalex.org/A5021268896,Xiaofei Zhu,last,2005.0,121.0,1187.0,18.0,27.0,6.0,Senior
https://openalex.org/W2060280062,Real-time Human Pose Recognition in Parts from Single Depth Images,CVPR,2011,https://openalex.org/A5002831957,Jamie Shotton,first,2003.0,145.0,35707.0,57.0,94.0,8.0,Senior
https://openalex.org/W2060280062,Real-time Human Pose Recognition in Parts from Single Depth Images,CVPR,2011,https://openalex.org/A5042656810,Toby Sharp,middle,1987.0,35.0,10021.0,22.0,23.0,24.0,Senior
https://openalex.org/W2060280062,Real-time Human Pose Recognition in Parts from Single Depth Images,CVPR,2011,https://openalex.org/A5056964458,Alex Kipman,middle,2011.0,5.0,6655.0,5.0,5.0,0.0,Junior
https://openalex.org/W2060280062,Real-time Human Pose Recognition in Parts from Single Depth Images,CVPR,2011,https://openalex.org/A5018851970,Andrew Fitzgibbon,middle,1992.0,283.0,33675.0,62.0,154.0,19.0,Senior
https://openalex.org/W2060280062,Real-time Human Pose Recognition in Parts from Single Depth Images,CVPR,2011,https://openalex.org/A5087455327,Mark Finocchio,middle,2011.0,6.0,6666.0,6.0,6.0,0.0,Junior
https://openalex.org/W2060280062,Real-time Human Pose Recognition in Parts from Single Depth Images,CVPR,2011,https://openalex.org/A5101657518,Andrew Blake,middle,1832.0,162.0,29112.0,58.0,92.0,179.0,Senior
https://openalex.org/W2060280062,Real-time Human Pose Recognition in Parts from Single Depth Images,CVPR,2011,https://openalex.org/A5041117832,Mat Cook,middle,2011.0,6.0,6655.0,5.0,5.0,0.0,Junior
https://openalex.org/W2060280062,Real-time Human Pose Recognition in Parts from Single Depth Images,CVPR,2011,https://openalex.org/A5065077745,Richard B. Moore,last,1908.0,111.0,9488.0,29.0,53.0,103.0,Senior
https://openalex.org/W2038652993,A Randomized Rounding Approach to the Traveling Salesman Problem,FOCS,2011,https://openalex.org/A5017101724,Shayan Oveis Gharan,first,2007.0,129.0,2427.0,27.0,41.0,4.0,Junior
https://openalex.org/W2038652993,A Randomized Rounding Approach to the Traveling Salesman Problem,FOCS,2011,https://openalex.org/A5001035442,Amin Saberi,middle,2000.0,277.0,10923.0,51.0,127.0,11.0,Senior
https://openalex.org/W2038652993,A Randomized Rounding Approach to the Traveling Salesman Problem,FOCS,2011,https://openalex.org/A5020914506,Mohit Singh,last,2002.0,194.0,2434.0,27.0,54.0,9.0,Senior
https://openalex.org/W2136400551,Approximating Graphic TSP by Matchings,FOCS,2011,https://openalex.org/A5061555046,Tobias Moemke,first,2011.0,2.0,308.0,2.0,2.0,0.0,Junior
https://openalex.org/W2136400551,Approximating Graphic TSP by Matchings,FOCS,2011,https://openalex.org/A5046999727,Ola Svensson,last,1964.0,191.0,2331.0,25.0,57.0,47.0,Senior
https://openalex.org/W2113184918,A Polylogarithmic-Competitive Algorithm for the k-Server Problem,FOCS,2011,https://openalex.org/A5008689083,Nikhil Bansal,first,1999.0,323.0,8440.0,44.0,140.0,12.0,Senior
https://openalex.org/W2113184918,A Polylogarithmic-Competitive Algorithm for the k-Server Problem,FOCS,2011,https://openalex.org/A5002590915,Niv Buchbinder,middle,2001.0,125.0,3911.0,29.0,68.0,10.0,Senior
https://openalex.org/W2113184918,A Polylogarithmic-Competitive Algorithm for the k-Server Problem,FOCS,2011,https://openalex.org/A5032574693,Aleksander Mądry,middle,2005.0,155.0,8919.0,44.0,81.0,6.0,Senior
https://openalex.org/W2113184918,A Polylogarithmic-Competitive Algorithm for the k-Server Problem,FOCS,2011,https://openalex.org/A5025400832,Joseph Naor,last,1983.0,277.0,13081.0,56.0,176.0,28.0,Senior
https://openalex.org/W2107220315,Proving programs robust,FSE,2011,https://openalex.org/A5057341982,Swarat Chaudhuri,first,2003.0,207.0,4972.0,33.0,71.0,8.0,Senior
https://openalex.org/W2107220315,Proving programs robust,FSE,2011,https://openalex.org/A5011543162,Sumit Gulwani,middle,2001.0,347.0,12797.0,63.0,170.0,10.0,Senior
https://openalex.org/W2107220315,Proving programs robust,FSE,2011,https://openalex.org/A5049191217,Roberto Lublinerman,middle,2006.0,26.0,868.0,15.0,19.0,5.0,Junior
https://openalex.org/W2107220315,Proving programs robust,FSE,2011,https://openalex.org/A5016285642,S.M. Navidpour,last,2004.0,15.0,1211.0,7.0,6.0,7.0,Senior
https://openalex.org/W2091543666,How Do Fixes Become Bugs?,FSE,2011,https://openalex.org/A5111784716,Zuoning Yin,first,2004.0,15.0,1039.0,11.0,11.0,7.0,Senior
https://openalex.org/W2091543666,How Do Fixes Become Bugs?,FSE,2011,https://openalex.org/A5100657038,Ding Yuan,middle,1999.0,211.0,3794.0,32.0,56.0,12.0,Senior
https://openalex.org/W2091543666,How Do Fixes Become Bugs?,FSE,2011,https://openalex.org/A5102985059,Yuanyuan Zhou,middle,1994.0,113.0,5433.0,33.0,60.0,17.0,Senior
https://openalex.org/W2091543666,How Do Fixes Become Bugs?,FSE,2011,https://openalex.org/A5033478777,Shankar Pasupathy,middle,2005.0,31.0,2099.0,13.0,15.0,6.0,Senior
https://openalex.org/W2091543666,How Do Fixes Become Bugs?,FSE,2011,https://openalex.org/A5044715044,Lakshmi N. Bairavasundaram,last,2004.0,25.0,1975.0,16.0,19.0,7.0,Senior
https://openalex.org/W2167626029,Proactive Detection of Collaboration Conflicts,FSE,2011,https://openalex.org/A5028789964,Yuriy Brun,first,1974.0,176.0,7086.0,41.0,89.0,37.0,Senior
https://openalex.org/W2167626029,Proactive Detection of Collaboration Conflicts,FSE,2011,https://openalex.org/A5034123811,Reid Holmes,middle,1962.0,132.0,4497.0,33.0,67.0,49.0,Senior
https://openalex.org/W2167626029,Proactive Detection of Collaboration Conflicts,FSE,2011,https://openalex.org/A5032068969,Michael D. Ernst,middle,1975.0,348.0,21804.0,72.0,186.0,36.0,Senior
https://openalex.org/W2167626029,Proactive Detection of Collaboration Conflicts,FSE,2011,https://openalex.org/A5011262764,David Notkin,last,1976.0,222.0,11862.0,53.0,118.0,35.0,Senior
https://openalex.org/W2294130536,Relative Attributes,ICCV,2011,https://openalex.org/A5050342343,Devi Parikh,first,2005.0,305.0,58399.0,68.0,192.0,6.0,Senior
https://openalex.org/W2294130536,Relative Attributes,ICCV,2011,https://openalex.org/A5012765543,Kristen Grauman,last,2003.0,408.0,29081.0,84.0,231.0,8.0,Senior
https://openalex.org/W2132339352,Computational Rationalization: The Inverse Equilibrium Problem,ICML,2011,https://openalex.org/A5045201269,Kevin Waugh,first,1987.0,83.0,2063.0,20.0,32.0,24.0,Senior
https://openalex.org/W2132339352,Computational Rationalization: The Inverse Equilibrium Problem,ICML,2011,https://openalex.org/A5024686404,Brian D. Ziebart,middle,2004.0,99.0,5035.0,25.0,41.0,7.0,Senior
https://openalex.org/W2132339352,Computational Rationalization: The Inverse Equilibrium Problem,ICML,2011,https://openalex.org/A5112411386,J. Andrew Bagnell,last,1983.0,216.0,20016.0,56.0,133.0,28.0,Senior
https://openalex.org/W2111765806,Run-Time Efficient Probabilistic Model Checking,ICSE,2011,https://openalex.org/A5083739081,Antonio Filieri,first,2010.0,91.0,2054.0,24.0,42.0,1.0,Junior
https://openalex.org/W2111765806,Run-Time Efficient Probabilistic Model Checking,ICSE,2011,https://openalex.org/A5024976868,Carlo Ghezzi,middle,1915.0,497.0,10558.0,53.0,218.0,96.0,Senior
https://openalex.org/W2111765806,Run-Time Efficient Probabilistic Model Checking,ICSE,2011,https://openalex.org/A5031168005,Giordano Tamburrelli,last,2008.0,45.0,2376.0,23.0,35.0,3.0,Junior
https://openalex.org/W2119142490,Verifying Multi-threaded Software using SMT-based Context-Bounded Model Checking,ICSE,2011,https://openalex.org/A5057689302,Lucas C. Cordeiro,first,2004.0,305.0,2984.0,24.0,72.0,7.0,Senior
https://openalex.org/W2119142490,Verifying Multi-threaded Software using SMT-based Context-Bounded Model Checking,ICSE,2011,https://openalex.org/A5082741874,Bernd Fischer,last,1997.0,174.0,2553.0,26.0,69.0,14.0,Senior
https://openalex.org/W2106860490,"Programs, tests, and oracles: the foundations of testing revisited",ICSE,2011,https://openalex.org/A5008490992,Matt Staats,first,2008.0,37.0,1688.0,19.0,24.0,3.0,Junior
https://openalex.org/W2106860490,"Programs, tests, and oracles: the foundations of testing revisited",ICSE,2011,https://openalex.org/A5014360702,Michael W. Whalen,middle,1989.0,151.0,3624.0,29.0,71.0,22.0,Senior
https://openalex.org/W2106860490,"Programs, tests, and oracles: the foundations of testing revisited",ICSE,2011,https://openalex.org/A5110505437,Mats P. E. Heimdahl,last,1991.0,183.0,5603.0,34.0,95.0,20.0,Senior
https://openalex.org/W2116907335,On-demand Feature Recommendations Derived from Mining Public Product Descriptions,ICSE,2011,https://openalex.org/A5004005620,Horatiu Dumitru,first,2009.0,3.0,207.0,2.0,2.0,2.0,Junior
https://openalex.org/W2116907335,On-demand Feature Recommendations Derived from Mining Public Product Descriptions,ICSE,2011,https://openalex.org/A5062838041,Marek Gibiec,middle,2010.0,5.0,469.0,5.0,5.0,1.0,Junior
https://openalex.org/W2116907335,On-demand Feature Recommendations Derived from Mining Public Product Descriptions,ICSE,2011,https://openalex.org/A5082514679,Negar Hariri,middle,2009.0,24.0,1099.0,14.0,14.0,2.0,Junior
https://openalex.org/W2116907335,On-demand Feature Recommendations Derived from Mining Public Product Descriptions,ICSE,2011,https://openalex.org/A5037363688,Jane Cleland‐Huang,middle,2001.0,314.0,7385.0,47.0,158.0,10.0,Senior
https://openalex.org/W2116907335,On-demand Feature Recommendations Derived from Mining Public Product Descriptions,ICSE,2011,https://openalex.org/A5082580430,Bamshad Mobasher,middle,1993.0,312.0,18602.0,66.0,164.0,18.0,Senior
https://openalex.org/W2116907335,On-demand Feature Recommendations Derived from Mining Public Product Descriptions,ICSE,2011,https://openalex.org/A5000440212,Carlos Castro-Herrera,middle,2008.0,15.0,621.0,12.0,12.0,3.0,Junior
https://openalex.org/W2116907335,On-demand Feature Recommendations Derived from Mining Public Product Descriptions,ICSE,2011,https://openalex.org/A5088410123,Mehdi Mirakhorli,last,2007.0,131.0,1521.0,22.0,43.0,4.0,Junior
https://openalex.org/W2792443233,"Configuring Global Software Teams: A Multi-Company Analysis of Project Productivity, Quality, and Profits",ICSE,2011,https://openalex.org/A5059328097,Michael Hogan,first,1993.0,14.0,352.0,6.0,6.0,18.0,Senior
https://openalex.org/W2792443233,"Configuring Global Software Teams: A Multi-Company Analysis of Project Productivity, Quality, and Profits",ICSE,2011,https://openalex.org/A5100453049,Fang Liu,middle,1998.0,43.0,1082.0,11.0,11.0,13.0,Senior
https://openalex.org/W2792443233,"Configuring Global Software Teams: A Multi-Company Analysis of Project Productivity, Quality, and Profits",ICSE,2011,https://openalex.org/A5077061436,Annie W. Sokol,middle,2010.0,5.0,326.0,4.0,3.0,1.0,Junior
https://openalex.org/W2792443233,"Configuring Global Software Teams: A Multi-Company Analysis of Project Productivity, Quality, and Profits",ICSE,2011,https://openalex.org/A5004966946,Tong Jin,last,2001.0,39.0,1239.0,16.0,18.0,10.0,Senior
https://openalex.org/W1611302770,Unweighted Coalitional Manipulation Under the Borda Rule is NP-Hard,IJCAI,2011,https://openalex.org/A5089639500,Lirong Xia,first,2004.0,250.0,3630.0,33.0,79.0,7.0,Senior
https://openalex.org/W1611302770,Unweighted Coalitional Manipulation Under the Borda Rule is NP-Hard,IJCAI,2011,https://openalex.org/A5050903632,Vincent Conitzer,last,2002.0,393.0,10481.0,53.0,170.0,9.0,Senior
https://openalex.org/W2148552911,On the Decidability of Connectedness Constraints in 2D and 3D Euclidean Spaces,IJCAI,2011,https://openalex.org/A5047265550,Roman Kontchakov,first,2003.0,132.0,3517.0,31.0,61.0,8.0,Senior
https://openalex.org/W2148552911,On the Decidability of Connectedness Constraints in 2D and 3D Euclidean Spaces,IJCAI,2011,https://openalex.org/A5082856719,Yavor Nenov,middle,2008.0,43.0,845.0,15.0,17.0,3.0,Junior
https://openalex.org/W2148552911,On the Decidability of Connectedness Constraints in 2D and 3D Euclidean Spaces,IJCAI,2011,https://openalex.org/A5033570514,Ian Pratt‐Hartmann,middle,1987.0,159.0,1899.0,26.0,52.0,24.0,Senior
https://openalex.org/W2148552911,On the Decidability of Connectedness Constraints in 2D and 3D Euclidean Spaces,IJCAI,2011,https://openalex.org/A5001878365,Michael Zakharyaschev,last,1990.0,302.0,9098.0,47.0,119.0,21.0,Senior
https://openalex.org/W2135798231,Dynamic right-sizing for power-proportional data centers,INFOCOM,2011,https://openalex.org/A5103290090,Minghong Lin,first,1990.0,39.0,2754.0,19.0,22.0,21.0,Senior
https://openalex.org/W2135798231,Dynamic right-sizing for power-proportional data centers,INFOCOM,2011,https://openalex.org/A5062565732,Adam Wierman,middle,2002.0,511.0,10342.0,50.0,166.0,9.0,Senior
https://openalex.org/W2135798231,Dynamic right-sizing for power-proportional data centers,INFOCOM,2011,https://openalex.org/A5011921013,Lachlan L. H. Andrew,middle,1995.0,187.0,5293.0,34.0,87.0,16.0,Senior
https://openalex.org/W2135798231,Dynamic right-sizing for power-proportional data centers,INFOCOM,2011,https://openalex.org/A5049126583,Eno Thereska,last,2003.0,69.0,3634.0,28.0,40.0,8.0,Senior
https://openalex.org/W2044879407,"Leakage in Data Mining: Formulation, Detection, and Avoidance",KDD,2011,https://openalex.org/A5048628578,Shachar Kaufman,first,1970.0,17.0,958.0,6.0,6.0,41.0,Senior
https://openalex.org/W2044879407,"Leakage in Data Mining: Formulation, Detection, and Avoidance",KDD,2011,https://openalex.org/A5039021124,Saharon Rosset,middle,1954.0,268.0,15404.0,47.0,104.0,57.0,Senior
https://openalex.org/W2044879407,"Leakage in Data Mining: Formulation, Detection, and Avoidance",KDD,2011,https://openalex.org/A5003651471,Claudia Perlich,last,2001.0,71.0,2473.0,23.0,37.0,10.0,Senior
https://openalex.org/W2138961375,E-MiLi: Energy-Minimizing Idle Listening in Wireless Networks,MOBICOM,2011,https://openalex.org/A5100390687,Xinyu Zhang,first,2002.0,309.0,7265.0,50.0,126.0,9.0,Senior
https://openalex.org/W2138961375,E-MiLi: Energy-Minimizing Idle Listening in Wireless Networks,MOBICOM,2011,https://openalex.org/A5053541912,Kang G. Shin,last,1978.0,1041.0,37478.0,95.0,559.0,33.0,Senior
https://openalex.org/W2126541908,Detecting Driver Phone Use Leveraging Car Speakers,MOBICOM,2011,https://openalex.org/A5068383847,Jie Yang,first,2002.0,155.0,7111.0,43.0,81.0,9.0,Senior
https://openalex.org/W2126541908,Detecting Driver Phone Use Leveraging Car Speakers,MOBICOM,2011,https://openalex.org/A5002186360,Simon Sidhom,middle,2011.0,4.0,818.0,4.0,4.0,0.0,Junior
https://openalex.org/W2126541908,Detecting Driver Phone Use Leveraging Car Speakers,MOBICOM,2011,https://openalex.org/A5032011616,G. Chandrasekaran,middle,1998.0,131.0,5260.0,42.0,73.0,13.0,Senior
https://openalex.org/W2126541908,Detecting Driver Phone Use Leveraging Car Speakers,MOBICOM,2011,https://openalex.org/A5022767483,Tam Vu,middle,1999.0,130.0,3016.0,31.0,66.0,12.0,Senior
https://openalex.org/W2126541908,Detecting Driver Phone Use Leveraging Car Speakers,MOBICOM,2011,https://openalex.org/A5100334703,Hongbo Liu,middle,2003.0,232.0,6036.0,38.0,76.0,8.0,Senior
https://openalex.org/W2126541908,Detecting Driver Phone Use Leveraging Car Speakers,MOBICOM,2011,https://openalex.org/A5058895141,Nicolae Cecan,middle,2011.0,2.0,249.0,2.0,2.0,0.0,Junior
https://openalex.org/W2126541908,Detecting Driver Phone Use Leveraging Car Speakers,MOBICOM,2011,https://openalex.org/A5100394750,Yingying Chen,middle,2003.0,768.0,19909.0,73.0,324.0,8.0,Senior
https://openalex.org/W2126541908,Detecting Driver Phone Use Leveraging Car Speakers,MOBICOM,2011,https://openalex.org/A5078160983,Marco Gruteser,middle,2001.0,258.0,17572.0,53.0,139.0,10.0,Senior
https://openalex.org/W2126541908,Detecting Driver Phone Use Leveraging Car Speakers,MOBICOM,2011,https://openalex.org/A5067817607,Richard P. Martin,last,1964.0,197.0,6163.0,42.0,95.0,47.0,Senior
https://openalex.org/W2137824953,Data Representation Synthesis,PLDI,2011,https://openalex.org/A5111910004,Peter Hawkins,first,1971.0,80.0,4763.0,29.0,47.0,40.0,Senior
https://openalex.org/W2137824953,Data Representation Synthesis,PLDI,2011,https://openalex.org/A5087402475,Alex Aiken,middle,1975.0,395.0,20424.0,75.0,222.0,36.0,Senior
https://openalex.org/W2137824953,Data Representation Synthesis,PLDI,2011,https://openalex.org/A5056099984,Kathleen Fisher,middle,1994.0,128.0,2613.0,29.0,53.0,17.0,Senior
https://openalex.org/W2137824953,Data Representation Synthesis,PLDI,2011,https://openalex.org/A5045127387,Martin Rinard,middle,1984.0,486.0,17233.0,66.0,221.0,27.0,Senior
https://openalex.org/W2137824953,Data Representation Synthesis,PLDI,2011,https://openalex.org/A5002512849,Mooly Sagiv,last,1978.0,326.0,10815.0,54.0,168.0,33.0,Senior
https://openalex.org/W2095609152,Data Exchange Beyond Complete Data,PODS,2011,https://openalex.org/A5011691423,Marcelo Arenas,first,1997.0,271.0,8393.0,43.0,102.0,14.0,Senior
https://openalex.org/W2095609152,Data Exchange Beyond Complete Data,PODS,2011,https://openalex.org/A5058133910,Jorge Eduardo Pérez Pérez,middle,1907.0,840.0,4846.0,32.0,60.0,104.0,Senior
https://openalex.org/W2095609152,Data Exchange Beyond Complete Data,PODS,2011,https://openalex.org/A5000893188,Juan L. Reutter,last,2009.0,110.0,2276.0,24.0,43.0,2.0,Junior
https://openalex.org/W1982170863,They Can Hear Your Heartbeats: Non-Invasive Security for Implanted Medical Devices,SIGCOMM,2011,https://openalex.org/A5011077730,Shyamnath Gollakota,first,2006.0,174.0,14018.0,51.0,94.0,5.0,Junior
https://openalex.org/W1982170863,They Can Hear Your Heartbeats: Non-Invasive Security for Implanted Medical Devices,SIGCOMM,2011,https://openalex.org/A5068150550,Haitham Hassanieh,middle,2008.0,98.0,3887.0,28.0,45.0,3.0,Junior
https://openalex.org/W1982170863,They Can Hear Your Heartbeats: Non-Invasive Security for Implanted Medical Devices,SIGCOMM,2011,https://openalex.org/A5108288895,Benjamin Ransford,middle,2008.0,30.0,3208.0,21.0,24.0,3.0,Junior
https://openalex.org/W1982170863,They Can Hear Your Heartbeats: Non-Invasive Security for Implanted Medical Devices,SIGCOMM,2011,https://openalex.org/A5052959289,Dina Katabi,middle,1998.0,306.0,33053.0,92.0,203.0,13.0,Senior
https://openalex.org/W1982170863,They Can Hear Your Heartbeats: Non-Invasive Security for Implanted Medical Devices,SIGCOMM,2011,https://openalex.org/A5113708992,Kevin Fu,last,1997.0,136.0,7488.0,44.0,74.0,14.0,Senior
https://openalex.org/W2008251177,Find It If You Can: A Game for Modeling Different Types of Web Search Success Using Interaction Data,SIGIR,2011,https://openalex.org/A5076076592,Mikhail Ageev,first,2002.0,11.0,217.0,5.0,3.0,9.0,Senior
https://openalex.org/W2008251177,Find It If You Can: A Game for Modeling Different Types of Web Search Success Using Interaction Data,SIGIR,2011,https://openalex.org/A5032152448,Qi Guo,middle,1989.0,261.0,3144.0,29.0,74.0,22.0,Senior
https://openalex.org/W2008251177,Find It If You Can: A Game for Modeling Different Types of Web Search Success Using Interaction Data,SIGIR,2011,https://openalex.org/A5083740230,Dmitry Lagun,middle,2010.0,51.0,1433.0,19.0,25.0,1.0,Junior
https://openalex.org/W2008251177,Find It If You Can: A Game for Modeling Different Types of Web Search Success Using Interaction Data,SIGIR,2011,https://openalex.org/A5028578280,Eugene Agichtein,last,1997.0,226.0,10884.0,46.0,104.0,14.0,Senior
https://openalex.org/W2136110891,Topology Discovery of Sparse Random Graphs With Few Participants,SIGMETRICS,2011,https://openalex.org/A5023215207,Animashree Anandkumar,first,2006.0,231.0,5619.0,34.0,90.0,5.0,Junior
https://openalex.org/W2136110891,Topology Discovery of Sparse Random Graphs With Few Participants,SIGMETRICS,2011,https://openalex.org/A5089579452,Avinatan Hassidim,middle,2005.0,178.0,7839.0,33.0,67.0,6.0,Senior
https://openalex.org/W2136110891,Topology Discovery of Sparse Random Graphs With Few Participants,SIGMETRICS,2011,https://openalex.org/A5022068777,Jonathan A. Kelner,last,1998.0,82.0,3041.0,27.0,37.0,13.0,Senior
https://openalex.org/W2115799249,Entangled Queries: Enabling Declarative Data-Driven Coordination,SIGMOD,2011,https://openalex.org/A5054069765,Nitin Gupta,first,2002.0,81.0,1111.0,14.0,21.0,9.0,Senior
https://openalex.org/W2115799249,Entangled Queries: Enabling Declarative Data-Driven Coordination,SIGMOD,2011,https://openalex.org/A5013576498,Łucja Kot,middle,2004.0,32.0,659.0,11.0,11.0,7.0,Senior
https://openalex.org/W2115799249,Entangled Queries: Enabling Declarative Data-Driven Coordination,SIGMOD,2011,https://openalex.org/A5083074030,Sudip Roy,middle,2001.0,179.0,1336.0,18.0,44.0,10.0,Senior
https://openalex.org/W2115799249,Entangled Queries: Enabling Declarative Data-Driven Coordination,SIGMOD,2011,https://openalex.org/A5069705467,Gabriel Bender,middle,1967.0,34.0,2157.0,14.0,18.0,44.0,Senior
https://openalex.org/W2115799249,Entangled Queries: Enabling Declarative Data-Driven Coordination,SIGMOD,2011,https://openalex.org/A5023537206,Johannes Gehrke,middle,1987.0,362.0,39259.0,77.0,192.0,24.0,Senior
https://openalex.org/W2115799249,Entangled Queries: Enabling Declarative Data-Driven Coordination,SIGMOD,2011,https://openalex.org/A5101903922,Christoph Koch,last,1988.0,228.0,6027.0,43.0,113.0,23.0,Senior
https://openalex.org/W2116019049,An Almost Optimal Unrestricted Fast Johnson-Lindenstrauss Transform,SODA,2011,https://openalex.org/A5033770678,Nir Ailon,first,2002.0,116.0,3605.0,26.0,41.0,9.0,Senior
https://openalex.org/W2116019049,An Almost Optimal Unrestricted Fast Johnson-Lindenstrauss Transform,SODA,2011,https://openalex.org/A5042783525,Edo Liberty,last,2007.0,76.0,2949.0,26.0,38.0,4.0,Junior
https://openalex.org/W2097379719,Cells: A Virtual Mobile Smartphone Architecture,SOSP,2011,https://openalex.org/A5065974086,Maged N. Kamel Boulos,first,1970.0,181.0,13498.0,47.0,102.0,41.0,Senior
https://openalex.org/W2097379719,Cells: A Virtual Mobile Smartphone Architecture,SOSP,2011,https://openalex.org/A5111498618,Steve Wheeler,middle,1981.0,86.0,6421.0,25.0,34.0,30.0,Senior
https://openalex.org/W2097379719,Cells: A Virtual Mobile Smartphone Architecture,SOSP,2011,https://openalex.org/A5033603487,Carlos Tavares,middle,2008.0,11.0,1169.0,5.0,4.0,3.0,Junior
https://openalex.org/W2097379719,Cells: A Virtual Mobile Smartphone Architecture,SOSP,2011,https://openalex.org/A5035055692,Ray Jones,last,1967.0,244.0,6148.0,39.0,120.0,44.0,Senior
https://openalex.org/W2080332495,A File is Not a File: Understanding the I/O Behavior of Apple Desktop Applications,SOSP,2011,https://openalex.org/A5033193597,Tyler Harter,first,2011.0,11.0,975.0,10.0,10.0,0.0,Junior
https://openalex.org/W2080332495,A File is Not a File: Understanding the I/O Behavior of Apple Desktop Applications,SOSP,2011,https://openalex.org/A5087880833,Chris Dragga,middle,2011.0,9.0,239.0,7.0,7.0,0.0,Junior
https://openalex.org/W2080332495,A File is Not a File: Understanding the I/O Behavior of Apple Desktop Applications,SOSP,2011,https://openalex.org/A5109840870,Michael Vaughn,middle,1987.0,12.0,355.0,7.0,6.0,24.0,Senior
https://openalex.org/W2080332495,A File is Not a File: Understanding the I/O Behavior of Apple Desktop Applications,SOSP,2011,https://openalex.org/A5015863866,Andrea C. Arpaci-Dusseau,middle,1997.0,226.0,7909.0,50.0,125.0,14.0,Senior
https://openalex.org/W2080332495,A File is Not a File: Understanding the I/O Behavior of Apple Desktop Applications,SOSP,2011,https://openalex.org/A5035064257,Remzi H. Arpaci-Dusseau,last,1997.0,234.0,7903.0,48.0,121.0,14.0,Senior
https://openalex.org/W2153441719,"Electrical flows, laplacian systems, and faster approximation of maximum flow in undirected graphs",STOC,2011,https://openalex.org/A5037736834,Paul F. Christiano,first,1986.0,31.0,2459.0,15.0,17.0,25.0,Senior
https://openalex.org/W2153441719,"Electrical flows, laplacian systems, and faster approximation of maximum flow in undirected graphs",STOC,2011,https://openalex.org/A5022068777,Jonathan A. Kelner,middle,1998.0,82.0,3041.0,27.0,37.0,13.0,Senior
https://openalex.org/W2153441719,"Electrical flows, laplacian systems, and faster approximation of maximum flow in undirected graphs",STOC,2011,https://openalex.org/A5032574693,Aleksander Mądry,middle,2005.0,155.0,8919.0,44.0,81.0,6.0,Senior
https://openalex.org/W2153441719,"Electrical flows, laplacian systems, and faster approximation of maximum flow in undirected graphs",STOC,2011,https://openalex.org/A5061644327,Daniel A. Spielman,middle,1991.0,154.0,15755.0,55.0,102.0,20.0,Senior
https://openalex.org/W2153441719,"Electrical flows, laplacian systems, and faster approximation of maximum flow in undirected graphs",STOC,2011,https://openalex.org/A5102005063,Shang‐Hua Teng,last,1987.0,303.0,12046.0,53.0,151.0,24.0,Senior
https://openalex.org/W2109237987,Subexponential lower bounds for randomized pivoting rules for the simplex algorithm,STOC,2011,https://openalex.org/A5044839312,Oliver Friedmann,first,1997.0,36.0,600.0,11.0,14.0,14.0,Senior
https://openalex.org/W2109237987,Subexponential lower bounds for randomized pivoting rules for the simplex algorithm,STOC,2011,https://openalex.org/A5049011416,Thomas Dueholm Hansen,middle,2008.0,49.0,585.0,12.0,16.0,3.0,Junior
https://openalex.org/W2109237987,Subexponential lower bounds for randomized pivoting rules for the simplex algorithm,STOC,2011,https://openalex.org/A5005525211,Uri Zwick,last,1974.0,246.0,10222.0,48.0,124.0,37.0,Senior
https://openalex.org/W2166493117,SideBySide: Ad-hoc Multi-user Interaction with Handheld Projectors,UIST,2011,https://openalex.org/A5079002770,Karl D. D. Willis,first,2000.0,62.0,1823.0,20.0,30.0,11.0,Senior
https://openalex.org/W2166493117,SideBySide: Ad-hoc Multi-user Interaction with Handheld Projectors,UIST,2011,https://openalex.org/A5004961545,Ivan Poupyrev,middle,1996.0,119.0,13074.0,53.0,72.0,15.0,Senior
https://openalex.org/W2166493117,SideBySide: Ad-hoc Multi-user Interaction with Handheld Projectors,UIST,2011,https://openalex.org/A5039238746,Scott E. Hudson,middle,1977.0,317.0,15185.0,72.0,218.0,34.0,Senior
https://openalex.org/W2166493117,SideBySide: Ad-hoc Multi-user Interaction with Handheld Projectors,UIST,2011,https://openalex.org/A5068828035,Moshe Mahler,last,1972.0,35.0,1172.0,13.0,16.0,39.0,Senior
https://openalex.org/W4230948688,RemusDB: Transparent High-Availability for Database Systems,VLDB,2011,https://openalex.org/A5032253873,Umar Farooq Minhas,first,2008.0,51.0,1782.0,22.0,25.0,3.0,Junior
https://openalex.org/W4230948688,RemusDB: Transparent High-Availability for Database Systems,VLDB,2011,https://openalex.org/A5103555848,Shriram Rajagopalan,middle,,,,,,,
https://openalex.org/W4230948688,RemusDB: Transparent High-Availability for Database Systems,VLDB,2011,https://openalex.org/A5055793906,Brendan Cully,middle,2006.0,23.0,1091.0,12.0,13.0,5.0,Junior
https://openalex.org/W4230948688,RemusDB: Transparent High-Availability for Database Systems,VLDB,2011,https://openalex.org/A5000416532,Ashraf Aboulnaga,middle,1999.0,107.0,4069.0,36.0,65.0,12.0,Senior
https://openalex.org/W4230948688,RemusDB: Transparent High-Availability for Database Systems,VLDB,2011,https://openalex.org/A5035977189,Kenneth Salem,middle,1986.0,100.0,4487.0,33.0,59.0,25.0,Senior
https://openalex.org/W4230948688,RemusDB: Transparent High-Availability for Database Systems,VLDB,2011,https://openalex.org/A5002059431,Andrew Warfield,last,2002.0,76.0,13841.0,26.0,45.0,9.0,Senior
https://openalex.org/W2164173709,Towards a theory model for product search,WWW,2011,https://openalex.org/A5100423728,Beibei Li,first,2007.0,152.0,2605.0,21.0,37.0,4.0,Junior
https://openalex.org/W2164173709,Towards a theory model for product search,WWW,2011,https://openalex.org/A5073770532,Anindya Ghose,middle,1993.0,248.0,14280.0,56.0,122.0,18.0,Senior
https://openalex.org/W2164173709,Towards a theory model for product search,WWW,2011,https://openalex.org/A5010731709,Panagiotis G. Ipeirotis,last,2000.0,124.0,12590.0,42.0,74.0,11.0,Senior
https://openalex.org/W1538864647,A Novel Transition Based Encoding Scheme for Planning as Satisfiability,AAAI,2010,https://openalex.org/A5028755343,Ruoyun Huang,first,2007.0,27.0,477.0,10.0,10.0,3.0,Junior
https://openalex.org/W1538864647,A Novel Transition Based Encoding Scheme for Planning as Satisfiability,AAAI,2010,https://openalex.org/A5100393445,Yixin Chen,middle,1991.0,325.0,10313.0,47.0,132.0,19.0,Senior
https://openalex.org/W1538864647,A Novel Transition Based Encoding Scheme for Planning as Satisfiability,AAAI,2010,https://openalex.org/A5068659777,Weixiong Zhang,last,1989.0,347.0,13016.0,59.0,164.0,21.0,Senior
https://openalex.org/W2468755302,How Incomplete Is Your Semantic Web Reasoner? Systematic Analysis of the Completeness of Query Answering Systems,AAAI,2010,https://openalex.org/A5049201950,Giorgos Stoilos,first,2005.0,94.0,2742.0,23.0,43.0,5.0,Junior
https://openalex.org/W2468755302,How Incomplete Is Your Semantic Web Reasoner? Systematic Analysis of the Completeness of Query Answering Systems,AAAI,2010,https://openalex.org/A5023732514,Bernardo Cuenca Grau,middle,2002.0,243.0,9634.0,39.0,113.0,8.0,Senior
https://openalex.org/W2468755302,How Incomplete Is Your Semantic Web Reasoner? Systematic Analysis of the Completeness of Query Answering Systems,AAAI,2010,https://openalex.org/A5060350556,Ian Horrocks,last,1995.0,554.0,34386.0,82.0,309.0,15.0,Senior
https://openalex.org/W2108788053,Beyond NomBank: A Study of Implicit Arguments for Nominal Predicates,ACL,2010,https://openalex.org/A5034370354,Matthew S. Gerber,first,1991.0,71.0,2641.0,20.0,32.0,19.0,Senior
https://openalex.org/W2108788053,Beyond NomBank: A Study of Implicit Arguments for Nominal Predicates,ACL,2010,https://openalex.org/A5026638047,Joyce Chai,last,1995.0,216.0,3566.0,32.0,88.0,15.0,Senior
https://openalex.org/W2124318441,How does search behavior change as search becomes more difficult?,CHI,2010,https://openalex.org/A5089360871,Anne Aula,first,2001.0,31.0,1607.0,19.0,25.0,9.0,Senior
https://openalex.org/W2124318441,How does search behavior change as search becomes more difficult?,CHI,2010,https://openalex.org/A5031215802,Rehan Khan,middle,2010.0,7.0,320.0,5.0,3.0,0.0,Junior
https://openalex.org/W2124318441,How does search behavior change as search becomes more difficult?,CHI,2010,https://openalex.org/A5101484540,Zhiwei Guan,last,2000.0,57.0,1701.0,14.0,14.0,10.0,Senior
https://openalex.org/W2119188105,The Tower of Babel Meets Web 2.0: User-Generated Content and its Applications in a Multilingual Context,CHI,2010,https://openalex.org/A5005448339,Brent Hecht,first,2005.0,129.0,6080.0,38.0,77.0,5.0,Junior
https://openalex.org/W2119188105,The Tower of Babel Meets Web 2.0: User-Generated Content and its Applications in a Multilingual Context,CHI,2010,https://openalex.org/A5061173804,Darren Gergle,last,1998.0,179.0,9698.0,44.0,84.0,12.0,Senior
https://openalex.org/W2155385126,Occlusion-Aware Interfaces,CHI,2010,https://openalex.org/A5055522213,Daniel Vogel,first,2002.0,181.0,5235.0,33.0,86.0,8.0,Senior
https://openalex.org/W2155385126,Occlusion-Aware Interfaces,CHI,2010,https://openalex.org/A5063443025,Ravin Balakrishnan,last,1984.0,186.0,14017.0,66.0,144.0,26.0,Senior
https://openalex.org/W2169709590,Skinput: Appropriating the Body as an Input Surface,CHI,2010,https://openalex.org/A5029290807,Chris Harrison,first,1987.0,201.0,10902.0,57.0,125.0,23.0,Senior
https://openalex.org/W2169709590,Skinput: Appropriating the Body as an Input Surface,CHI,2010,https://openalex.org/A5040526518,Desney Tan,middle,1965.0,144.0,9513.0,56.0,96.0,45.0,Senior
https://openalex.org/W2169709590,Skinput: Appropriating the Body as an Input Surface,CHI,2010,https://openalex.org/A5102771133,Dan Morris,last,1964.0,122.0,5002.0,34.0,70.0,46.0,Senior
https://openalex.org/W2142869276,Avaaj Otalo — A Field Study of an Interactive Voice Forum for Small Farmers in Rural India,CHI,2010,https://openalex.org/A5024822400,Neil Patel,first,1997.0,50.0,2251.0,15.0,15.0,13.0,Senior
https://openalex.org/W2142869276,Avaaj Otalo — A Field Study of an Interactive Voice Forum for Small Farmers in Rural India,CHI,2010,https://openalex.org/A5082520066,Deepti Chittamuru,middle,2010.0,36.0,1151.0,13.0,17.0,0.0,Junior
https://openalex.org/W2142869276,Avaaj Otalo — A Field Study of an Interactive Voice Forum for Small Farmers in Rural India,CHI,2010,https://openalex.org/A5101560406,Anupam Jain,middle,2004.0,32.0,718.0,9.0,9.0,6.0,Senior
https://openalex.org/W2142869276,Avaaj Otalo — A Field Study of an Interactive Voice Forum for Small Farmers in Rural India,CHI,2010,https://openalex.org/A5112394671,Paresh Dave,middle,2001.0,38.0,2196.0,16.0,20.0,9.0,Senior
https://openalex.org/W2142869276,Avaaj Otalo — A Field Study of an Interactive Voice Forum for Small Farmers in Rural India,CHI,2010,https://openalex.org/A5102797162,Tapan S. Parikh,last,2002.0,99.0,2968.0,29.0,54.0,8.0,Senior
https://openalex.org/W2129146498,Lumino: Tangible Blocks for Tabletop Computers Based on Glass Fiber Bundles,CHI,2010,https://openalex.org/A5010621134,Patrick Baudisch,first,1996.0,240.0,12601.0,65.0,137.0,14.0,Senior
https://openalex.org/W2129146498,Lumino: Tangible Blocks for Tabletop Computers Based on Glass Fiber Bundles,CHI,2010,https://openalex.org/A5049154936,T. Becker,middle,1995.0,16.0,383.0,5.0,4.0,15.0,Senior
https://openalex.org/W2129146498,Lumino: Tangible Blocks for Tabletop Computers Based on Glass Fiber Bundles,CHI,2010,https://openalex.org/A5014246066,Frederik Rudeck,last,2010.0,4.0,123.0,3.0,1.0,0.0,Junior
https://openalex.org/W2140420369,Feminist HCI: Taking Stock and Outlining an Agenda for Design,CHI,2010,https://openalex.org/A5109353454,Shaowen Bardzell,first,2008.0,36.0,2418.0,19.0,26.0,2.0,Junior
https://openalex.org/W2158447593,Prefab: Implementing Advanced Behaviors Using Pixel-Based Reverse Engineering of Interface Structure,CHI,2010,https://openalex.org/A5086908367,Morgan Dixon,first,1848.0,20.0,789.0,14.0,15.0,162.0,Senior
https://openalex.org/W2158447593,Prefab: Implementing Advanced Behaviors Using Pixel-Based Reverse Engineering of Interface Structure,CHI,2010,https://openalex.org/A5066568444,James Fogarty,last,1971.0,178.0,8858.0,53.0,101.0,39.0,Senior
https://openalex.org/W2119698661,Mobile-izing Health Workers in Rural India,CHI,2010,https://openalex.org/A5028502113,Divya Ramachandran,first,2002.0,37.0,880.0,10.0,10.0,8.0,Senior
https://openalex.org/W2119698661,Mobile-izing Health Workers in Rural India,CHI,2010,https://openalex.org/A5089723214,John Canny,middle,1974.0,368.0,52307.0,74.0,212.0,36.0,Senior
https://openalex.org/W2119698661,Mobile-izing Health Workers in Rural India,CHI,2010,https://openalex.org/A5018395131,Prabhu Dutta Das,middle,2010.0,1.0,199.0,1.0,1.0,0.0,Junior
https://openalex.org/W2119698661,Mobile-izing Health Workers in Rural India,CHI,2010,https://openalex.org/A5023381858,Edward Cutrell,last,1992.0,156.0,9299.0,51.0,116.0,18.0,Senior
https://openalex.org/W2104113460,Mapping the Landscape of Sustainable HCI,CHI,2010,https://openalex.org/A5052104584,Carl DiSalvo,first,1996.0,222.0,7566.0,42.0,86.0,14.0,Senior
https://openalex.org/W2104113460,Mapping the Landscape of Sustainable HCI,CHI,2010,https://openalex.org/A5059066123,Phoebe Sengers,middle,1995.0,115.0,9272.0,42.0,80.0,15.0,Senior
https://openalex.org/W2104113460,Mapping the Landscape of Sustainable HCI,CHI,2010,https://openalex.org/A5067384837,Hrönn Brynjarsdóttir,last,2006.0,8.0,1481.0,5.0,5.0,4.0,Junior
https://openalex.org/W2127523455,The Design of Eco-Feedback Technology,CHI,2010,https://openalex.org/A5016828530,Jon E. Froehlich,first,1967.0,214.0,11066.0,51.0,119.0,43.0,Senior
https://openalex.org/W2127523455,The Design of Eco-Feedback Technology,CHI,2010,https://openalex.org/A5031744461,Leah Findlater,middle,2001.0,183.0,10990.0,47.0,115.0,9.0,Senior
https://openalex.org/W2127523455,The Design of Eco-Feedback Technology,CHI,2010,https://openalex.org/A5072285921,James A. Landay,last,1991.0,342.0,22706.0,75.0,208.0,19.0,Senior
https://openalex.org/W2120326355,Useful Junk? The Effects of Visual Embellishment on Comprehension and Memorability of Charts,CHI,2010,https://openalex.org/A5040959667,Scott Bateman,first,1979.0,117.0,3300.0,29.0,49.0,31.0,Senior
https://openalex.org/W2120326355,Useful Junk? The Effects of Visual Embellishment on Comprehension and Memorability of Charts,CHI,2010,https://openalex.org/A5012723133,Regan L. Mandryk,middle,1999.0,308.0,12604.0,53.0,191.0,11.0,Senior
https://openalex.org/W2120326355,Useful Junk? The Effects of Visual Embellishment on Comprehension and Memorability of Charts,CHI,2010,https://openalex.org/A5081930058,Carl Gutwin,middle,1989.0,377.0,18495.0,65.0,234.0,21.0,Senior
https://openalex.org/W2120326355,Useful Junk? The Effects of Visual Embellishment on Comprehension and Memorability of Charts,CHI,2010,https://openalex.org/A5059399827,Aaron Genest,middle,2007.0,8.0,467.0,4.0,3.0,3.0,Junior
https://openalex.org/W2120326355,Useful Junk? The Effects of Visual Embellishment on Comprehension and Memorability of Charts,CHI,2010,https://openalex.org/A5022609697,David McDine,middle,2008.0,3.0,440.0,3.0,3.0,2.0,Junior
https://openalex.org/W2120326355,Useful Junk? The Effects of Visual Embellishment on Comprehension and Memorability of Charts,CHI,2010,https://openalex.org/A5081802677,Christopher Brooks,last,1992.0,144.0,3307.0,30.0,67.0,18.0,Senior
https://openalex.org/W1965442176,MENTA: Inducing Multilingual Taxonomies from Wikipedia,CIKM,2010,https://openalex.org/A5085818578,Gerard de Melo,first,2007.0,351.0,8297.0,40.0,121.0,3.0,Junior
https://openalex.org/W1965442176,MENTA: Inducing Multilingual Taxonomies from Wikipedia,CIKM,2010,https://openalex.org/A5088135366,Gerhard Weikum,last,1984.0,941.0,30930.0,84.0,374.0,26.0,Senior
https://openalex.org/W1982304915,FACeTOR: cost-driven exploration of faceted query results,CIKM,2010,https://openalex.org/A5006306262,Abhijith Kashyap,first,2009.0,12.0,150.0,6.0,5.0,1.0,Junior
https://openalex.org/W1982304915,FACeTOR: cost-driven exploration of faceted query results,CIKM,2010,https://openalex.org/A5113814074,Vagelis Hristidis,middle,2000.0,196.0,6698.0,35.0,83.0,10.0,Senior
https://openalex.org/W1982304915,FACeTOR: cost-driven exploration of faceted query results,CIKM,2010,https://openalex.org/A5027125531,Michalis Petropoulos,last,1994.0,35.0,897.0,14.0,21.0,16.0,Senior
https://openalex.org/W2124584309,Efficient Computation of Robust Low-Rank Matrix Approximations in the Presence of Missing Data using the L1 Norm,CVPR,2010,https://openalex.org/A5069883194,Anders Eriksson,first,1981.0,123.0,3247.0,29.0,52.0,29.0,Senior
https://openalex.org/W2124584309,Efficient Computation of Robust Low-Rank Matrix Approximations in the Presence of Missing Data using the L1 Norm,CVPR,2010,https://openalex.org/A5028024287,Anton van den Hengel,last,1980.0,509.0,26471.0,74.0,240.0,30.0,Senior
https://openalex.org/W2242403914,Subexponential Algorithms for Unique Games and Related Problems,FOCS,2010,https://openalex.org/A5103334936,Sanjeev Arora,first,1992.0,83.0,6796.0,17.0,18.0,18.0,Senior
https://openalex.org/W2242403914,Subexponential Algorithms for Unique Games and Related Problems,FOCS,2010,https://openalex.org/A5102710346,Boaz Barak,middle,1999.0,203.0,13467.0,47.0,99.0,11.0,Senior
https://openalex.org/W2242403914,Subexponential Algorithms for Unique Games and Related Problems,FOCS,2010,https://openalex.org/A5089128021,David Steurer,last,2006.0,129.0,3469.0,29.0,57.0,4.0,Junior
https://openalex.org/W2165356592,Computational Transition at the Uniqueness Threshold,FOCS,2010,https://openalex.org/A5076570918,Allan Sly,first,1976.0,207.0,4142.0,32.0,74.0,34.0,Senior
https://openalex.org/W2011334641,Approximation Algorithms for the Edge-Disjoint Paths Problem via Raecke Decompositions,FOCS,2010,https://openalex.org/A5077188973,Matthew Andrews,first,1976.0,280.0,9424.0,41.0,121.0,34.0,Senior
https://openalex.org/W2056637671,Staged Concurrent Program Analysis,FSE,2010,https://openalex.org/A5078587812,Nishant Sinha,first,2002.0,51.0,1128.0,20.0,29.0,8.0,Senior
https://openalex.org/W2056637671,Staged Concurrent Program Analysis,FSE,2010,https://openalex.org/A5100407035,Chao Wang,last,1997.0,266.0,3050.0,26.0,63.0,13.0,Senior
https://openalex.org/W2082638814,Developer Fluency: Achieving True Mastery in Software Projects,FSE,2010,https://openalex.org/A5065977454,Minghui Zhou,first,2002.0,248.0,2664.0,27.0,63.0,8.0,Senior
https://openalex.org/W2082638814,Developer Fluency: Achieving True Mastery in Software Projects,FSE,2010,https://openalex.org/A5067199285,Audris Mockus,last,1974.0,286.0,13923.0,55.0,118.0,36.0,Senior
https://openalex.org/W2166271660,Creating and evolving developer documentation: understanding the decisions of open source contributors,FSE,2010,https://openalex.org/A5083631720,Barthélémy Dagenais,first,2006.0,24.0,1293.0,17.0,18.0,4.0,Junior
https://openalex.org/W2166271660,Creating and evolving developer documentation: understanding the decisions of open source contributors,FSE,2010,https://openalex.org/A5059244952,Martin P. Robillard,last,1998.0,195.0,7428.0,47.0,94.0,12.0,Senior
https://openalex.org/W1515884010,Hilbert Space Embeddings of Hidden Markov Models,ICML,2010,https://openalex.org/A5030863830,Nishant A. Mehta,first,2009.0,50.0,668.0,11.0,11.0,1.0,Junior
https://openalex.org/W1515884010,Hilbert Space Embeddings of Hidden Markov Models,ICML,2010,https://openalex.org/A5005255629,Alexander Gray,last,1905.0,191.0,5220.0,36.0,78.0,105.0,Senior
https://openalex.org/W2169970157,Collaborative Reliability Prediction of Service-Oriented Systems,ICSE,2010,https://openalex.org/A5000582109,Zibin Zheng,first,2006.0,624.0,31488.0,78.0,289.0,4.0,Junior
https://openalex.org/W2169970157,Collaborative Reliability Prediction of Service-Oriented Systems,ICSE,2010,https://openalex.org/A5069596903,Michael R. Lyu,last,1988.0,999.0,42406.0,102.0,517.0,22.0,Senior
https://openalex.org/W2127190390,A Degree-of-Knowledge Model to Capture Source Code Familiarity,ICSE,2010,https://openalex.org/A5089828454,Thomas Fritz,first,1984.0,117.0,3512.0,31.0,50.0,26.0,Senior
https://openalex.org/W2127190390,A Degree-of-Knowledge Model to Capture Source Code Familiarity,ICSE,2010,https://openalex.org/A5023884479,Jingwen Ou,middle,2009.0,4.0,183.0,2.0,2.0,1.0,Junior
https://openalex.org/W2127190390,A Degree-of-Knowledge Model to Capture Source Code Familiarity,ICSE,2010,https://openalex.org/A5084524791,Gail C. Murphy,middle,1989.0,275.0,15835.0,62.0,154.0,21.0,Senior
https://openalex.org/W2127190390,A Degree-of-Knowledge Model to Capture Source Code Familiarity,ICSE,2010,https://openalex.org/A5052426710,Emerson Murphy-Hill,last,2000.0,200.0,6206.0,41.0,109.0,10.0,Senior
https://openalex.org/W2122987719,A Machine Learning Approach for Tracing Regulatory Codes to Product Specific Requirements,ICSE,2010,https://openalex.org/A5037363688,Jane Cleland‐Huang,first,2001.0,314.0,7385.0,47.0,158.0,9.0,Senior
https://openalex.org/W2122987719,A Machine Learning Approach for Tracing Regulatory Codes to Product Specific Requirements,ICSE,2010,https://openalex.org/A5051133116,Adam Czauderna,middle,2010.0,13.0,453.0,9.0,8.0,0.0,Junior
https://openalex.org/W2122987719,A Machine Learning Approach for Tracing Regulatory Codes to Product Specific Requirements,ICSE,2010,https://openalex.org/A5062838041,Marek Gibiec,middle,2010.0,5.0,469.0,5.0,5.0,0.0,Junior
https://openalex.org/W2122987719,A Machine Learning Approach for Tracing Regulatory Codes to Product Specific Requirements,ICSE,2010,https://openalex.org/A5057651818,John Emenecker,last,2010.0,1.0,188.0,1.0,1.0,0.0,Junior
https://openalex.org/W2109039735,A Cut-off Approach for Bounded Verification of Parameterized Systems,ICSE,2010,https://openalex.org/A5011785079,Qiusong Yang,first,2005.0,45.0,188.0,8.0,7.0,5.0,Junior
https://openalex.org/W2109039735,A Cut-off Approach for Bounded Verification of Parameterized Systems,ICSE,2010,https://openalex.org/A5091468980,Mingshu Li,last,1995.0,251.0,4190.0,33.0,96.0,15.0,Senior
https://openalex.org/W2118155805,Test Generation through Programming in UDITA,ICSE,2010,https://openalex.org/A5063052820,Milos Gligoric,first,1974.0,147.0,2466.0,27.0,56.0,36.0,Senior
https://openalex.org/W2118155805,Test Generation through Programming in UDITA,ICSE,2010,https://openalex.org/A5051155440,Tihomir Gvero,middle,2008.0,19.0,635.0,11.0,12.0,2.0,Junior
https://openalex.org/W2118155805,Test Generation through Programming in UDITA,ICSE,2010,https://openalex.org/A5025340145,Vilas Jagannath,middle,2009.0,16.0,616.0,12.0,12.0,1.0,Junior
https://openalex.org/W2118155805,Test Generation through Programming in UDITA,ICSE,2010,https://openalex.org/A5102146282,Sarfraz Khurshid,middle,1999.0,276.0,10305.0,50.0,151.0,11.0,Senior
https://openalex.org/W2118155805,Test Generation through Programming in UDITA,ICSE,2010,https://openalex.org/A5008699657,Viktor Kunčak,middle,1993.0,261.0,4490.0,36.0,95.0,17.0,Senior
https://openalex.org/W2118155805,Test Generation through Programming in UDITA,ICSE,2010,https://openalex.org/A5081289583,Darko Marinov,last,1999.0,216.0,11093.0,55.0,132.0,11.0,Senior
https://openalex.org/W2155444758,On the Feasibility and Efficacy of Protection Routing in IP Networks,INFOCOM,2010,https://openalex.org/A5071597932,Kin-Wah Kwong,first,2007.0,13.0,241.0,7.0,7.0,3.0,Junior
https://openalex.org/W2155444758,On the Feasibility and Efficacy of Protection Routing in IP Networks,INFOCOM,2010,https://openalex.org/A5019000951,Lixin Gao,middle,1994.0,504.0,15679.0,63.0,256.0,16.0,Senior
https://openalex.org/W2155444758,On the Feasibility and Efficacy of Protection Routing in IP Networks,INFOCOM,2010,https://openalex.org/A5070918610,R. Guérin,middle,1986.0,206.0,11387.0,43.0,116.0,24.0,Senior
https://openalex.org/W2155444758,On the Feasibility and Efficacy of Protection Routing in IP Networks,INFOCOM,2010,https://openalex.org/A5100622097,Zhi-Li Zhang,last,1990.0,529.0,12311.0,57.0,230.0,20.0,Senior
https://openalex.org/W1968532429,Connecting the dots between news articles,KDD,2010,https://openalex.org/A5009660759,Dafna Shahaf,first,2006.0,110.0,1857.0,20.0,33.0,4.0,Junior
https://openalex.org/W1968532429,Connecting the dots between news articles,KDD,2010,https://openalex.org/A5090739892,Carlos Guestrin,last,2000.0,256.0,49989.0,74.0,150.0,10.0,Senior
https://openalex.org/W1662133657,Large linear classification when data cannot fit in memory,KDD,2010,https://openalex.org/A5027819738,Peter D. Turney,first,1986.0,116.0,17353.0,42.0,70.0,24.0,Senior
https://openalex.org/W1662133657,Large linear classification when data cannot fit in memory,KDD,2010,https://openalex.org/A5041476585,Patrick Pantel,last,1998.0,90.0,10370.0,36.0,60.0,12.0,Senior
https://openalex.org/W2145467766,Efficient System-Enforced Deterministic Parallelism,OSDI,2010,https://openalex.org/A5010031675,Amittai Aviram,first,1992.0,18.0,462.0,8.0,7.0,18.0,Senior
https://openalex.org/W2145467766,Efficient System-Enforced Deterministic Parallelism,OSDI,2010,https://openalex.org/A5058555162,Shu-Chun Weng,middle,2007.0,18.0,1154.0,11.0,12.0,3.0,Junior
https://openalex.org/W2145467766,Efficient System-Enforced Deterministic Parallelism,OSDI,2010,https://openalex.org/A5101555473,Sen Hu,middle,2003.0,56.0,976.0,15.0,17.0,7.0,Senior
https://openalex.org/W2145467766,Efficient System-Enforced Deterministic Parallelism,OSDI,2010,https://openalex.org/A5045962151,Bryan Ford,last,1993.0,204.0,8491.0,45.0,100.0,17.0,Senior
https://openalex.org/W1893312510,The Turtles Project: Design and Implementation of Nested Virtualization,OSDI,2010,https://openalex.org/A5066531106,Muli Ben-Yehuda,first,2006.0,58.0,2906.0,24.0,36.0,4.0,Junior
https://openalex.org/W1893312510,The Turtles Project: Design and Implementation of Nested Virtualization,OSDI,2010,https://openalex.org/A5105884694,Michael D. Day,middle,1966.0,5.0,260.0,3.0,2.0,44.0,Senior
https://openalex.org/W1893312510,The Turtles Project: Design and Implementation of Nested Virtualization,OSDI,2010,https://openalex.org/A5008684829,Zvi Dubitzky,middle,2002.0,5.0,342.0,5.0,4.0,8.0,Senior
https://openalex.org/W1893312510,The Turtles Project: Design and Implementation of Nested Virtualization,OSDI,2010,https://openalex.org/A5051485032,Michael Factor,middle,1937.0,93.0,1706.0,24.0,45.0,73.0,Senior
https://openalex.org/W1893312510,The Turtles Project: Design and Implementation of Nested Virtualization,OSDI,2010,https://openalex.org/A5022917870,Nadav Har’El,middle,2004.0,17.0,1817.0,15.0,15.0,6.0,Senior
https://openalex.org/W1893312510,The Turtles Project: Design and Implementation of Nested Virtualization,OSDI,2010,https://openalex.org/A5030403759,Abel Gordon,middle,2010.0,15.0,783.0,11.0,11.0,0.0,Junior
https://openalex.org/W1893312510,The Turtles Project: Design and Implementation of Nested Virtualization,OSDI,2010,https://openalex.org/A5032344252,Anthony Liguori,middle,,,,,,,
https://openalex.org/W1893312510,The Turtles Project: Design and Implementation of Nested Virtualization,OSDI,2010,https://openalex.org/A5037113272,Orit Wasserman,middle,2008.0,3.0,282.0,2.0,2.0,2.0,Junior
https://openalex.org/W1893312510,The Turtles Project: Design and Implementation of Nested Virtualization,OSDI,2010,https://openalex.org/A5052962850,Ben-Ami Yassour,last,2005.0,6.0,405.0,5.0,5.0,5.0,Junior
https://openalex.org/W2141729404,Safe to the Last Instruction: Automated Verification of a Type-Safe Operating System,PLDI,2010,https://openalex.org/A5028524705,Jean Yang,first,1993.0,473.0,44380.0,70.0,186.0,17.0,Senior
https://openalex.org/W2141729404,Safe to the Last Instruction: Automated Verification of a Type-Safe Operating System,PLDI,2010,https://openalex.org/A5016958899,Chris Hawblitzel,last,1996.0,81.0,3004.0,27.0,39.0,14.0,Senior
https://openalex.org/W2103126020,An Optimal Algorithm for the Distinct Elements Problem,PODS,2010,https://openalex.org/A5035962853,Daniel M. Kane,first,2004.0,346.0,3590.0,28.0,75.0,6.0,Senior
https://openalex.org/W2103126020,An Optimal Algorithm for the Distinct Elements Problem,PODS,2010,https://openalex.org/A5109135732,Jelani Nelson,middle,2005.0,126.0,2433.0,25.0,37.0,5.0,Junior
https://openalex.org/W2103126020,An Optimal Algorithm for the Distinct Elements Problem,PODS,2010,https://openalex.org/A5102861589,David P. Woodruff,last,1972.0,556.0,9165.0,46.0,160.0,38.0,Senior
https://openalex.org/W1985225657,SCiFI - A System for Secure Face Identification,S&P,2010,https://openalex.org/A5068276075,Margarita Osadchy,first,1999.0,70.0,1796.0,14.0,24.0,11.0,Senior
https://openalex.org/W1985225657,SCiFI - A System for Secure Face Identification,S&P,2010,https://openalex.org/A5089439033,Benny Pinkas,middle,1997.0,166.0,19165.0,63.0,99.0,13.0,Senior
https://openalex.org/W1985225657,SCiFI - A System for Secure Face Identification,S&P,2010,https://openalex.org/A5014539613,Ayman Jarrous,middle,2009.0,5.0,329.0,4.0,3.0,1.0,Junior
https://openalex.org/W1985225657,SCiFI - A System for Secure Face Identification,S&P,2010,https://openalex.org/A5017504621,Boaz Moskovich,last,2010.0,2.0,244.0,2.0,2.0,0.0,Junior
https://openalex.org/W3138585045,Efficient Error Estimating Coding: Feasibility and Applications,SIGCOMM,2010,https://openalex.org/A5100687673,Binbin Chen,first,2006.0,288.0,3238.0,30.0,91.0,4.0,Junior
https://openalex.org/W3138585045,Efficient Error Estimating Coding: Feasibility and Applications,SIGCOMM,2010,https://openalex.org/A5071920857,Ziling Zhou,middle,2010.0,8.0,243.0,6.0,5.0,0.0,Junior
https://openalex.org/W3138585045,Efficient Error Estimating Coding: Feasibility and Applications,SIGCOMM,2010,https://openalex.org/A5041703865,Yuda Zhao,middle,2010.0,15.0,147.0,6.0,5.0,0.0,Junior
https://openalex.org/W3138585045,Efficient Error Estimating Coding: Feasibility and Applications,SIGCOMM,2010,https://openalex.org/A5114985944,Haifeng Yu,last,2000.0,166.0,2598.0,26.0,58.0,10.0,Senior
https://openalex.org/W2109913881,Assessing the Scenic Route: Measuring the Value of Search Trails in Web Logs,SIGIR,2010,https://openalex.org/A5076259865,Ryen W. White,first,1981.0,357.0,14022.0,60.0,199.0,29.0,Senior
https://openalex.org/W2109913881,Assessing the Scenic Route: Measuring the Value of Search Trails in Web Logs,SIGIR,2010,https://openalex.org/A5052381120,Jeff Huang,last,1999.0,127.0,3664.0,31.0,56.0,11.0,Senior
https://openalex.org/W2152475116,Load balancing via random local search in closed and open systems,SIGMETRICS,2010,https://openalex.org/A5108079444,Ayalvadi Ganesh,first,1995.0,22.0,287.0,9.0,9.0,15.0,Senior
https://openalex.org/W2152475116,Load balancing via random local search in closed and open systems,SIGMETRICS,2010,https://openalex.org/A5041503751,Sarah Lilienthal,middle,2010.0,5.0,49.0,3.0,3.0,0.0,Junior
https://openalex.org/W2152475116,Load balancing via random local search in closed and open systems,SIGMETRICS,2010,https://openalex.org/A5017359920,D. Manjunath,middle,1978.0,220.0,1653.0,19.0,51.0,32.0,Senior
https://openalex.org/W2152475116,Load balancing via random local search in closed and open systems,SIGMETRICS,2010,https://openalex.org/A5025136069,Alexandre Proutière,middle,1988.0,314.0,6030.0,45.0,116.0,22.0,Senior
https://openalex.org/W2152475116,Load balancing via random local search in closed and open systems,SIGMETRICS,2010,https://openalex.org/A5032948315,Florian Simatos,last,2007.0,95.0,497.0,12.0,14.0,3.0,Junior
https://openalex.org/W2151224499,FAST: fast architecture sensitive tree search on modern CPUs and GPUs,SIGMOD,2010,https://openalex.org/A5101667271,Changkyu Kim,first,2002.0,74.0,6024.0,31.0,49.0,8.0,Senior
https://openalex.org/W2151224499,FAST: fast architecture sensitive tree search on modern CPUs and GPUs,SIGMOD,2010,https://openalex.org/A5059686266,Jatin Chhugani,middle,2001.0,51.0,4303.0,25.0,36.0,9.0,Senior
https://openalex.org/W2151224499,FAST: fast architecture sensitive tree search on modern CPUs and GPUs,SIGMOD,2010,https://openalex.org/A5111985072,Nadathur Satish,middle,2005.0,72.0,6964.0,36.0,55.0,5.0,Junior
https://openalex.org/W2151224499,FAST: fast architecture sensitive tree search on modern CPUs and GPUs,SIGMOD,2010,https://openalex.org/A5032299527,Eric Sedlar,middle,2004.0,19.0,794.0,10.0,11.0,6.0,Senior
https://openalex.org/W2151224499,FAST: fast architecture sensitive tree search on modern CPUs and GPUs,SIGMOD,2010,https://openalex.org/A5047809126,Anthony D. Nguyen,middle,2005.0,33.0,3136.0,17.0,18.0,5.0,Junior
https://openalex.org/W2151224499,FAST: fast architecture sensitive tree search on modern CPUs and GPUs,SIGMOD,2010,https://openalex.org/A5058607529,Tim Kaldewey,middle,2004.0,28.0,1075.0,13.0,14.0,6.0,Senior
https://openalex.org/W2151224499,FAST: fast architecture sensitive tree search on modern CPUs and GPUs,SIGMOD,2010,https://openalex.org/A5109971580,Victor W. Lee,middle,1973.0,84.0,3347.0,22.0,32.0,37.0,Senior
https://openalex.org/W2151224499,FAST: fast architecture sensitive tree search on modern CPUs and GPUs,SIGMOD,2010,https://openalex.org/A5001788317,Scott Brandt,middle,1975.0,167.0,6725.0,39.0,80.0,35.0,Senior
https://openalex.org/W2151224499,FAST: fast architecture sensitive tree search on modern CPUs and GPUs,SIGMOD,2010,https://openalex.org/A5032238070,Pradeep Dubey,last,1974.0,377.0,15000.0,61.0,189.0,36.0,Senior
https://openalex.org/W1480355964,An O(log n/log log n)-approximation Algorithm for the Asymmetric Traveling Salesman Problem,SODA,2010,https://openalex.org/A5081042997,Arash Asadpour,first,2007.0,26.0,1005.0,17.0,18.0,3.0,Junior
https://openalex.org/W1480355964,An O(log n/log log n)-approximation Algorithm for the Asymmetric Traveling Salesman Problem,SODA,2010,https://openalex.org/A5112864313,Michel X. Goemans,middle,1989.0,151.0,11036.0,45.0,89.0,21.0,Senior
https://openalex.org/W1480355964,An O(log n/log log n)-approximation Algorithm for the Asymmetric Traveling Salesman Problem,SODA,2010,https://openalex.org/A5032574693,Aleksander Mądry,middle,2005.0,155.0,8919.0,44.0,81.0,5.0,Junior
https://openalex.org/W1480355964,An O(log n/log log n)-approximation Algorithm for the Asymmetric Traveling Salesman Problem,SODA,2010,https://openalex.org/A5017101724,Shayan Oveis Gharan,middle,2007.0,129.0,2427.0,27.0,41.0,3.0,Junior
https://openalex.org/W1480355964,An O(log n/log log n)-approximation Algorithm for the Asymmetric Traveling Salesman Problem,SODA,2010,https://openalex.org/A5001035442,Amin Saberi,last,2000.0,277.0,10923.0,51.0,127.0,10.0,Senior
https://openalex.org/W2912359042,QIP = PSPACE,STOC,2010,https://openalex.org/A5051676245,Rahul Jain,first,1998.0,271.0,2147.0,25.0,53.0,12.0,Senior
https://openalex.org/W2912359042,QIP = PSPACE,STOC,2010,https://openalex.org/A5043930796,Zhengfeng Ji,middle,2003.0,122.0,2293.0,27.0,45.0,7.0,Senior
https://openalex.org/W2912359042,QIP = PSPACE,STOC,2010,https://openalex.org/A5075969007,Sarvagya Upadhyay,middle,2006.0,35.0,417.0,10.0,11.0,4.0,Junior
https://openalex.org/W2912359042,QIP = PSPACE,STOC,2010,https://openalex.org/A5022329888,John Watrous,last,1998.0,119.0,8886.0,42.0,72.0,12.0,Senior
https://openalex.org/W1991055327,An improved LP-based approximation for steiner tree,STOC,2010,https://openalex.org/A5023591555,Jarosław Byrka,first,2005.0,97.0,1524.0,18.0,25.0,5.0,Junior
https://openalex.org/W1991055327,An improved LP-based approximation for steiner tree,STOC,2010,https://openalex.org/A5034276567,Fabrizio Grandoni,middle,1987.0,226.0,3993.0,31.0,82.0,23.0,Senior
https://openalex.org/W1991055327,An improved LP-based approximation for steiner tree,STOC,2010,https://openalex.org/A5008952420,Thomas Rothvoß,middle,2006.0,125.0,2131.0,21.0,43.0,4.0,Junior
https://openalex.org/W1991055327,An improved LP-based approximation for steiner tree,STOC,2010,https://openalex.org/A5051955401,Laura Sanità,last,2007.0,98.0,958.0,12.0,15.0,3.0,Junior
https://openalex.org/W2090048052,VizWiz: nearly real-time answers to visual questions,UIST,2010,https://openalex.org/A5082603621,Jeffrey P. Bigham,first,1984.0,344.0,11479.0,58.0,181.0,26.0,Senior
https://openalex.org/W2090048052,VizWiz: nearly real-time answers to visual questions,UIST,2010,https://openalex.org/A5084269195,Chandrika Jayant,middle,2007.0,10.0,1999.0,8.0,8.0,3.0,Junior
https://openalex.org/W2090048052,VizWiz: nearly real-time answers to visual questions,UIST,2010,https://openalex.org/A5051921091,Hanjie Ji,middle,2010.0,4.0,1331.0,4.0,4.0,0.0,Junior
https://openalex.org/W2090048052,VizWiz: nearly real-time answers to visual questions,UIST,2010,https://openalex.org/A5024401049,Greg Little,middle,1982.0,45.0,4009.0,22.0,25.0,28.0,Senior
https://openalex.org/W2090048052,VizWiz: nearly real-time answers to visual questions,UIST,2010,https://openalex.org/A5005295367,Andrew Miller,middle,1985.0,128.0,10115.0,32.0,53.0,25.0,Senior
https://openalex.org/W2090048052,VizWiz: nearly real-time answers to visual questions,UIST,2010,https://openalex.org/A5091023123,Robert C. Miller,middle,1916.0,734.0,23427.0,77.0,315.0,94.0,Senior
https://openalex.org/W2090048052,VizWiz: nearly real-time answers to visual questions,UIST,2010,https://openalex.org/A5055945287,Robin Miller,middle,2010.0,2.0,586.0,1.0,1.0,0.0,Junior
https://openalex.org/W2090048052,VizWiz: nearly real-time answers to visual questions,UIST,2010,https://openalex.org/A5060330120,Aubrey Tatarowicz,middle,2010.0,4.0,1174.0,3.0,3.0,0.0,Junior
https://openalex.org/W2090048052,VizWiz: nearly real-time answers to visual questions,UIST,2010,https://openalex.org/A5111380600,Brandyn White,middle,1987.0,38.0,1827.0,15.0,16.0,23.0,Senior
https://openalex.org/W2090048052,VizWiz: nearly real-time answers to visual questions,UIST,2010,https://openalex.org/A5013470012,S.K. White,middle,1999.0,9.0,686.0,4.0,4.0,11.0,Senior
https://openalex.org/W2090048052,VizWiz: nearly real-time answers to visual questions,UIST,2010,https://openalex.org/A5070687718,Tom Yeh,last,1965.0,136.0,4788.0,35.0,71.0,45.0,Senior
https://openalex.org/W3000214033,Towards Certain Fixes with Editing Rules and Master Data,VLDB,2010,https://openalex.org/A5070565287,Wenfei Fan,first,1997.0,293.0,12301.0,58.0,174.0,13.0,Senior
https://openalex.org/W3000214033,Towards Certain Fixes with Editing Rules and Master Data,VLDB,2010,https://openalex.org/A5100387065,Jianzhong Li,middle,1987.0,832.0,11194.0,48.0,253.0,23.0,Senior
https://openalex.org/W3000214033,Towards Certain Fixes with Editing Rules and Master Data,VLDB,2010,https://openalex.org/A5006980420,Shuai Ma,middle,2007.0,141.0,3949.0,32.0,66.0,3.0,Junior
https://openalex.org/W3000214033,Towards Certain Fixes with Editing Rules and Master Data,VLDB,2010,https://openalex.org/A5101824160,Nan Tang,middle,1988.0,261.0,6931.0,44.0,112.0,22.0,Senior
https://openalex.org/W3000214033,Towards Certain Fixes with Editing Rules and Master Data,VLDB,2010,https://openalex.org/A5032456107,Wenyuan Yu,last,1993.0,255.0,4453.0,35.0,88.0,17.0,Senior
https://openalex.org/W2171279286,Factorizing personalized Markov chains for next-basket recommendation,WWW,2010,https://openalex.org/A5080877905,Steffen Rendle,first,2006.0,85.0,16507.0,28.0,36.0,4.0,Junior
https://openalex.org/W2171279286,Factorizing personalized Markov chains for next-basket recommendation,WWW,2010,https://openalex.org/A5082540454,Christoph Freudenthaler,middle,2010.0,31.0,9236.0,14.0,15.0,0.0,Junior
https://openalex.org/W2171279286,Factorizing personalized Markov chains for next-basket recommendation,WWW,2010,https://openalex.org/A5039470755,Lars Schmidt-Thieme,last,1998.0,485.0,17256.0,46.0,140.0,12.0,Senior
https://openalex.org/W2150114207,K-Best A* Parsing,ACL,2009,https://openalex.org/A5001722321,Adam Pauls,first,2005.0,35.0,923.0,14.0,17.0,4.0,Junior
https://openalex.org/W2150114207,K-Best A* Parsing,ACL,2009,https://openalex.org/A5004921249,Dan Klein,last,1961.0,345.0,25180.0,75.0,194.0,48.0,Senior
https://openalex.org/W2122223050,Reinforcement Learning for Mapping Instructions to Actions,ACL,2009,https://openalex.org/A5004854992,S. R. K. Branavan,first,2007.0,13.0,647.0,8.0,8.0,2.0,Junior
https://openalex.org/W2122223050,Reinforcement Learning for Mapping Instructions to Actions,ACL,2009,https://openalex.org/A5053694765,Harr Chen,middle,2004.0,18.0,1072.0,11.0,11.0,5.0,Junior
https://openalex.org/W2122223050,Reinforcement Learning for Mapping Instructions to Actions,ACL,2009,https://openalex.org/A5067919401,Luke Zettlemoyer,middle,1998.0,461.0,47198.0,83.0,261.0,11.0,Senior
https://openalex.org/W2122223050,Reinforcement Learning for Mapping Instructions to Actions,ACL,2009,https://openalex.org/A5010124873,Regina Barzilay,last,1984.0,398.0,34018.0,90.0,244.0,25.0,Senior
https://openalex.org/W2142603219,Concise Integer Linear Programming Formulations for Dependency Parsing,ACL,2009,https://openalex.org/A5051693368,André F. T. Martins,first,1999.0,302.0,5738.0,37.0,93.0,10.0,Senior
https://openalex.org/W2142603219,Concise Integer Linear Programming Formulations for Dependency Parsing,ACL,2009,https://openalex.org/A5088517824,Noah A. Smith,middle,1988.0,571.0,32190.0,85.0,312.0,21.0,Senior
https://openalex.org/W2142603219,Concise Integer Linear Programming Formulations for Dependency Parsing,ACL,2009,https://openalex.org/A5009547049,Eric P. Xing,last,1999.0,892.0,41456.0,97.0,458.0,10.0,Senior
https://openalex.org/W2124142520,Predicting Tie Strength With Social Media,CHI,2009,https://openalex.org/A5024795472,Éric Gilbert,first,1899.0,207.0,20702.0,57.0,108.0,110.0,Senior
https://openalex.org/W2124142520,Predicting Tie Strength With Social Media,CHI,2009,https://openalex.org/A5075056899,Karrie Karahalios,last,1998.0,237.0,9369.0,44.0,103.0,11.0,Senior
https://openalex.org/W2116041277,Undo and Erase Events as Indicators of Usability Problems,CHI,2009,https://openalex.org/A5000102893,David Akers,first,2002.0,9.0,447.0,7.0,7.0,7.0,Senior
https://openalex.org/W2116041277,Undo and Erase Events as Indicators of Usability Problems,CHI,2009,https://openalex.org/A5113667871,Matthew Simpson,middle,2002.0,32.0,238.0,7.0,5.0,7.0,Senior
https://openalex.org/W2116041277,Undo and Erase Events as Indicators of Usability Problems,CHI,2009,https://openalex.org/A5072679108,Robin Jeffries,middle,1914.0,54.0,2406.0,18.0,24.0,95.0,Senior
https://openalex.org/W2116041277,Undo and Erase Events as Indicators of Usability Problems,CHI,2009,https://openalex.org/A5005685978,Terry Winograd,last,1968.0,237.0,37273.0,68.0,141.0,41.0,Senior
https://openalex.org/W2162065809,From Interaction to Trajectories: Designing Coherent Journeys Through User Experiences,CHI,2009,https://openalex.org/A5086725824,Steve Benford,first,1988.0,544.0,18185.0,66.0,267.0,21.0,Senior
https://openalex.org/W2162065809,From Interaction to Trajectories: Designing Coherent Journeys Through User Experiences,CHI,2009,https://openalex.org/A5055807602,Gabriella Giannachi,middle,1992.0,121.0,1930.0,20.0,28.0,17.0,Senior
https://openalex.org/W2162065809,From Interaction to Trajectories: Designing Coherent Journeys Through User Experiences,CHI,2009,https://openalex.org/A5073280695,Boriana Koleva,middle,1998.0,93.0,2693.0,28.0,45.0,11.0,Senior
https://openalex.org/W2162065809,From Interaction to Trajectories: Designing Coherent Journeys Through User Experiences,CHI,2009,https://openalex.org/A5113437182,Tom Rodden,last,1990.0,355.0,14275.0,64.0,196.0,19.0,Senior
https://openalex.org/W2114197969,Sizing the Horizon: The Effects of Chart Size and Layering on the Graphical Perception of Time Series Visualizations,CHI,2009,https://openalex.org/A5083211235,Trevor J. Blank,first,2007.0,43.0,460.0,11.0,11.0,2.0,Junior
https://openalex.org/W2061766138,Social Immersive Media: Pursuing Best Practices for Multi-user Interactive Camera/Projector Exhibits,CHI,2009,https://openalex.org/A5071976555,Scott S. Snibbe,first,1992.0,25.0,1179.0,12.0,13.0,17.0,Senior
https://openalex.org/W2061766138,Social Immersive Media: Pursuing Best Practices for Multi-user Interactive Camera/Projector Exhibits,CHI,2009,https://openalex.org/A5086532623,Hayes Raffle,last,2003.0,53.0,1837.0,19.0,27.0,6.0,Senior
https://openalex.org/W2097298348,Ephemeral Adaptation: The Use of Gradual Onset to Improve Menu Selection Performance,CHI,2009,https://openalex.org/A5031744461,Leah Findlater,first,2001.0,183.0,10990.0,47.0,115.0,8.0,Senior
https://openalex.org/W2097298348,Ephemeral Adaptation: The Use of Gradual Onset to Improve Menu Selection Performance,CHI,2009,https://openalex.org/A5038999619,Karyn Moffatt,middle,2002.0,84.0,2072.0,24.0,42.0,7.0,Senior
https://openalex.org/W2097298348,Ephemeral Adaptation: The Use of Gradual Onset to Improve Menu Selection Performance,CHI,2009,https://openalex.org/A5016459516,Joanna McGrenere,middle,1996.0,153.0,4600.0,37.0,86.0,13.0,Senior
https://openalex.org/W2097298348,Ephemeral Adaptation: The Use of Gradual Onset to Improve Menu Selection Performance,CHI,2009,https://openalex.org/A5068543150,Jessica Q. Dawson,last,2002.0,13.0,330.0,7.0,7.0,7.0,Senior
https://openalex.org/W2082973176,On the Feasibility of Multi-Site Web Search Engines,CIKM,2009,https://openalex.org/A5076204770,Ricardo Baeza‐Yates,first,1987.0,680.0,33180.0,73.0,283.0,22.0,Senior
https://openalex.org/W2082973176,On the Feasibility of Multi-Site Web Search Engines,CIKM,2009,https://openalex.org/A5022164041,Aristides Gionis,middle,1996.0,359.0,19963.0,62.0,163.0,13.0,Senior
https://openalex.org/W2082973176,On the Feasibility of Multi-Site Web Search Engines,CIKM,2009,https://openalex.org/A5039618797,Flavio Junqueira,middle,2003.0,81.0,3574.0,29.0,46.0,6.0,Senior
https://openalex.org/W2082973176,On the Feasibility of Multi-Site Web Search Engines,CIKM,2009,https://openalex.org/A5110866799,Vassilis Plachouras,middle,2002.0,86.0,2114.0,25.0,35.0,7.0,Senior
https://openalex.org/W2082973176,On the Feasibility of Multi-Site Web Search Engines,CIKM,2009,https://openalex.org/A5018128278,Luca Telloli,last,2008.0,4.0,136.0,4.0,4.0,1.0,Junior
https://openalex.org/W1990592195,Single Image Haze Removal Using Dark Channel Prior,CVPR,2009,https://openalex.org/A5100700361,Kaiming He,first,2002.0,163.0,556995.0,85.0,121.0,7.0,Senior
https://openalex.org/W1990592195,Single Image Haze Removal Using Dark Channel Prior,CVPR,2009,https://openalex.org/A5101425421,Jian Sun,middle,1994.0,109.0,122420.0,43.0,68.0,15.0,Senior
https://openalex.org/W1990592195,Single Image Haze Removal Using Dark Channel Prior,CVPR,2009,https://openalex.org/A5089058945,Xiaoou Tang,last,1991.0,52.0,1912.0,18.0,26.0,18.0,Senior
https://openalex.org/W2073961002,Asserting and checking determinism for multithreaded programs,FSE,2009,https://openalex.org/A5072031454,Jacob Burnim,first,2008.0,24.0,915.0,12.0,13.0,1.0,Junior
https://openalex.org/W2073961002,Asserting and checking determinism for multithreaded programs,FSE,2009,https://openalex.org/A5101569699,Koushik Sen,last,2003.0,255.0,18779.0,65.0,143.0,6.0,Senior
https://openalex.org/W2136880809,Darwin: an approach for debugging evolving programs,FSE,2009,https://openalex.org/A5101874838,Dawei Qi,first,1995.0,193.0,5639.0,31.0,72.0,14.0,Senior
https://openalex.org/W2136880809,Darwin: an approach for debugging evolving programs,FSE,2009,https://openalex.org/A5060115298,Abhik Roychoudhury,middle,1995.0,329.0,11021.0,51.0,154.0,14.0,Senior
https://openalex.org/W2136880809,Darwin: an approach for debugging evolving programs,FSE,2009,https://openalex.org/A5084611756,Zhenkai Liang,middle,2002.0,162.0,5455.0,36.0,72.0,7.0,Senior
https://openalex.org/W2136880809,Darwin: an approach for debugging evolving programs,FSE,2009,https://openalex.org/A5011779401,Kapil Vaswani,last,2003.0,70.0,2464.0,24.0,31.0,6.0,Senior
https://openalex.org/W2059215200,Graph-based Mining of Multiple Object Usage Patterns,FSE,2009,https://openalex.org/A5100642009,Tung Nguyen,first,2003.0,234.0,19562.0,39.0,88.0,6.0,Senior
https://openalex.org/W2059215200,Graph-based Mining of Multiple Object Usage Patterns,FSE,2009,https://openalex.org/A5044339946,Hoan Anh Nguyen,middle,1997.0,117.0,4277.0,34.0,55.0,12.0,Senior
https://openalex.org/W2059215200,Graph-based Mining of Multiple Object Usage Patterns,FSE,2009,https://openalex.org/A5102141585,Nam H. Pham,middle,2007.0,22.0,1102.0,13.0,14.0,2.0,Junior
https://openalex.org/W2059215200,Graph-based Mining of Multiple Object Usage Patterns,FSE,2009,https://openalex.org/A5089165522,Jafar M. Al-Kofahi,middle,2008.0,27.0,1796.0,17.0,20.0,1.0,Junior
https://openalex.org/W2059215200,Graph-based Mining of Multiple Object Usage Patterns,FSE,2009,https://openalex.org/A5089000736,Tien N. Nguyen,last,2002.0,286.0,8476.0,48.0,125.0,7.0,Senior
https://openalex.org/W2142037471,Discriminative models for multi-class object layout,ICCV,2009,https://openalex.org/A5049280707,Chaitanya Desai,first,2008.0,14.0,861.0,8.0,7.0,1.0,Junior
https://openalex.org/W2142037471,Discriminative models for multi-class object layout,ICCV,2009,https://openalex.org/A5004353237,Deva Ramanan,middle,2002.0,341.0,81090.0,79.0,172.0,7.0,Senior
https://openalex.org/W2142037471,Discriminative models for multi-class object layout,ICCV,2009,https://openalex.org/A5044978076,Charless C. Fowlkes,last,1999.0,229.0,27061.0,51.0,109.0,10.0,Senior
https://openalex.org/W2084809122,Structure preserving embedding,ICML,2009,https://openalex.org/A5054163834,Blake Shaw,first,2004.0,33.0,851.0,11.0,11.0,5.0,Junior
https://openalex.org/W2084809122,Structure preserving embedding,ICML,2009,https://openalex.org/A5068077704,Tony Jebara,last,1998.0,169.0,11481.0,44.0,97.0,11.0,Senior
https://openalex.org/W2132800423,Effective Static Deadlock Detection,ICSE,2009,https://openalex.org/A5075879790,Mayur Naik,first,1999.0,162.0,8827.0,37.0,76.0,10.0,Senior
https://openalex.org/W2132800423,Effective Static Deadlock Detection,ICSE,2009,https://openalex.org/A5019674946,Chang‐Seo Park,middle,1983.0,74.0,1415.0,17.0,24.0,26.0,Senior
https://openalex.org/W2132800423,Effective Static Deadlock Detection,ICSE,2009,https://openalex.org/A5101569699,Koushik Sen,middle,2003.0,255.0,18779.0,65.0,143.0,6.0,Senior
https://openalex.org/W2132800423,Effective Static Deadlock Detection,ICSE,2009,https://openalex.org/A5111945527,David Gay,last,1990.0,53.0,6880.0,26.0,34.0,19.0,Senior
https://openalex.org/W2046434103,Does Distributed Development Affect Software Quality? An Empirical Case Study of Windows Vista,ICSE,2009,https://openalex.org/A5036278905,Christian Bird,first,1996.0,190.0,11305.0,51.0,110.0,13.0,Senior
https://openalex.org/W2046434103,Does Distributed Development Affect Software Quality? An Empirical Case Study of Windows Vista,ICSE,2009,https://openalex.org/A5101612061,Nachiappan Nagappan,middle,2003.0,243.0,15316.0,58.0,136.0,6.0,Senior
https://openalex.org/W2046434103,Does Distributed Development Affect Software Quality? An Empirical Case Study of Windows Vista,ICSE,2009,https://openalex.org/A5036744986,Prémkumar Dévanbu,middle,1989.0,291.0,15708.0,64.0,150.0,20.0,Senior
https://openalex.org/W2046434103,Does Distributed Development Affect Software Quality? An Empirical Case Study of Windows Vista,ICSE,2009,https://openalex.org/A5009436227,Harald C. Gall,middle,1950.0,408.0,13858.0,56.0,185.0,59.0,Senior
https://openalex.org/W2046434103,Does Distributed Development Affect Software Quality? An Empirical Case Study of Windows Vista,ICSE,2009,https://openalex.org/A5075932839,Thomas Brendan Murphy,last,1960.0,372.0,13227.0,60.0,137.0,49.0,Senior
https://openalex.org/W2098664130,"How We Refactor, and How We Know It",ICSE,2009,https://openalex.org/A5052426710,Emerson Murphy-Hill,first,2000.0,200.0,6206.0,41.0,109.0,9.0,Senior
https://openalex.org/W2098664130,"How We Refactor, and How We Know It",ICSE,2009,https://openalex.org/A5024034818,Chris Parnin,middle,2006.0,140.0,5036.0,38.0,69.0,3.0,Junior
https://openalex.org/W2098664130,"How We Refactor, and How We Know It",ICSE,2009,https://openalex.org/A5020465849,Andrew P. Black,last,1927.0,201.0,7314.0,36.0,87.0,82.0,Senior
https://openalex.org/W2122947685,Automatically finding patches using genetic programming,ICSE,2009,https://openalex.org/A5083601969,Westley Weimer,first,1996.0,215.0,14970.0,53.0,114.0,13.0,Senior
https://openalex.org/W2122947685,Automatically finding patches using genetic programming,ICSE,2009,https://openalex.org/A5069411288,ThanhVu Nguyen,middle,1989.0,89.0,3006.0,18.0,27.0,20.0,Senior
https://openalex.org/W2122947685,Automatically finding patches using genetic programming,ICSE,2009,https://openalex.org/A5032356672,Claire Le Goues,middle,2009.0,181.0,7254.0,36.0,74.0,0.0,Junior
https://openalex.org/W2122947685,Automatically finding patches using genetic programming,ICSE,2009,https://openalex.org/A5114376382,Stephanie Forrest,last,1985.0,327.0,26609.0,76.0,175.0,24.0,Senior
https://openalex.org/W2156883549,Invariant-Based Automatic Testing of AJAX User Interfaces,ICSE,2009,https://openalex.org/A5023086966,Ali Mesbah,first,1970.0,173.0,5562.0,42.0,94.0,39.0,Senior
https://openalex.org/W2156883549,Invariant-Based Automatic Testing of AJAX User Interfaces,ICSE,2009,https://openalex.org/A5090401584,Arie van Deursen,last,1958.0,463.0,12595.0,53.0,191.0,51.0,Senior
https://openalex.org/W1496830905,Learning Conditional Preference Networks with Queries,IJCAI,2009,https://openalex.org/A5075449658,Frédéric Koriche,first,1998.0,88.0,590.0,14.0,14.0,11.0,Senior
https://openalex.org/W1528986923,Consequence-Driven Reasoning for Horn SHIQ Ontologies,IJCAI,2009,https://openalex.org/A5012658016,Yevgeny Kazakov,first,1999.0,78.0,2518.0,24.0,37.0,10.0,Senior
https://openalex.org/W2163609156,Queuing Network Models for Multi-Channel P2P Live Streaming Systems,INFOCOM,2009,https://openalex.org/A5100735704,Di Wu,first,2004.0,326.0,9669.0,48.0,135.0,5.0,Junior
https://openalex.org/W2163609156,Queuing Network Models for Multi-Channel P2P Live Streaming Systems,INFOCOM,2009,https://openalex.org/A5114211327,Yuntao Liu,middle,2003.0,14.0,247.0,6.0,5.0,6.0,Senior
https://openalex.org/W2163609156,Queuing Network Models for Multi-Channel P2P Live Streaming Systems,INFOCOM,2009,https://openalex.org/A5101801953,Keith W. Ross,last,1932.0,281.0,15577.0,64.0,167.0,77.0,Senior
https://openalex.org/W2080320419,Collaborative Filtering with Temporal Dynamics,KDD,2009,https://openalex.org/A5113974966,Yehuda Koren,first,1998.0,102.0,32364.0,54.0,83.0,11.0,Senior
https://openalex.org/W2135573205,CENTAUR: Realizing the Full Potential of Centralized WLANs through a Hybrid Data Path,MOBICOM,2009,https://openalex.org/A5103031701,Vivek Shrivastava,first,2005.0,71.0,1640.0,15.0,20.0,4.0,Junior
https://openalex.org/W2135573205,CENTAUR: Realizing the Full Potential of Centralized WLANs through a Hybrid Data Path,MOBICOM,2009,https://openalex.org/A5112277360,Nabeel Ahmed,middle,2005.0,34.0,878.0,13.0,13.0,4.0,Junior
https://openalex.org/W2135573205,CENTAUR: Realizing the Full Potential of Centralized WLANs through a Hybrid Data Path,MOBICOM,2009,https://openalex.org/A5023962451,Shravan Rayanchu,middle,2003.0,30.0,1710.0,17.0,18.0,6.0,Senior
https://openalex.org/W2135573205,CENTAUR: Realizing the Full Potential of Centralized WLANs through a Hybrid Data Path,MOBICOM,2009,https://openalex.org/A5105422222,Suman Banerjee,middle,2000.0,155.0,7212.0,40.0,73.0,9.0,Senior
https://openalex.org/W2135573205,CENTAUR: Realizing the Full Potential of Centralized WLANs through a Hybrid Data Path,MOBICOM,2009,https://openalex.org/A5090054353,Srinivasan Keshav,middle,1987.0,287.0,11047.0,50.0,137.0,22.0,Senior
https://openalex.org/W2135573205,CENTAUR: Realizing the Full Potential of Centralized WLANs through a Hybrid Data Path,MOBICOM,2009,https://openalex.org/A5052622410,Konstantina Papagiannaki,middle,2001.0,148.0,9400.0,48.0,90.0,8.0,Senior
https://openalex.org/W2135573205,CENTAUR: Realizing the Full Potential of Centralized WLANs through a Hybrid Data Path,MOBICOM,2009,https://openalex.org/A5015945584,Arunesh Mishra,last,2002.0,44.0,4621.0,23.0,26.0,7.0,Senior
https://openalex.org/W2148707178,Binary Analysis for Measurement and Attribution of Program Performance,PLDI,2009,https://openalex.org/A5047746050,Nathan R. Tallent,first,2002.0,127.0,2218.0,21.0,31.0,7.0,Senior
https://openalex.org/W2148707178,Binary Analysis for Measurement and Attribution of Program Performance,PLDI,2009,https://openalex.org/A5089709469,John Mellor‐Crummey,middle,1987.0,231.0,9516.0,48.0,123.0,22.0,Senior
https://openalex.org/W2148707178,Binary Analysis for Measurement and Attribution of Program Performance,PLDI,2009,https://openalex.org/A5072936498,Michael Fagan,last,1998.0,12.0,304.0,9.0,9.0,11.0,Senior
https://openalex.org/W2041829641,Size and Treewidth Bounds for Conjunctive Queries,PODS,2009,https://openalex.org/A5050151740,Georg Gottlob,first,1983.0,539.0,19906.0,68.0,265.0,26.0,Senior
https://openalex.org/W2041829641,Size and Treewidth Bounds for Conjunctive Queries,PODS,2009,https://openalex.org/A5001043287,Stephanie Tien Lee,middle,2007.0,3.0,109.0,3.0,3.0,2.0,Junior
https://openalex.org/W2041829641,Size and Treewidth Bounds for Conjunctive Queries,PODS,2009,https://openalex.org/A5079503799,Gregory Valiant,last,2008.0,154.0,3409.0,32.0,55.0,1.0,Junior
https://openalex.org/W2105842205,"Native Client: A Sandbox for Portable, Untrusted x86 Native Code",S&P,2009,https://openalex.org/A5112752704,Bennet Yee,first,1993.0,30.0,2219.0,14.0,17.0,16.0,Senior
https://openalex.org/W2105842205,"Native Client: A Sandbox for Portable, Untrusted x86 Native Code",S&P,2009,https://openalex.org/A5042532279,David Sehr,middle,1988.0,24.0,1187.0,10.0,10.0,21.0,Senior
https://openalex.org/W2105842205,"Native Client: A Sandbox for Portable, Untrusted x86 Native Code",S&P,2009,https://openalex.org/A5023051798,Gregory Dardyk,middle,2009.0,3.0,703.0,2.0,2.0,0.0,Junior
https://openalex.org/W2105842205,"Native Client: A Sandbox for Portable, Untrusted x86 Native Code",S&P,2009,https://openalex.org/A5039796817,J. Bradley Chen,middle,2009.0,2.0,701.0,2.0,2.0,0.0,Junior
https://openalex.org/W2105842205,"Native Client: A Sandbox for Portable, Untrusted x86 Native Code",S&P,2009,https://openalex.org/A5019781598,Robert Muth,middle,1948.0,64.0,7263.0,16.0,18.0,61.0,Senior
https://openalex.org/W2105842205,"Native Client: A Sandbox for Portable, Untrusted x86 Native Code",S&P,2009,https://openalex.org/A5039211097,Tavis Ormandy,middle,2007.0,6.0,779.0,4.0,3.0,2.0,Junior
https://openalex.org/W2105842205,"Native Client: A Sandbox for Portable, Untrusted x86 Native Code",S&P,2009,https://openalex.org/A5021966712,Shiki Okasaka,middle,1999.0,4.0,703.0,2.0,2.0,10.0,Senior
https://openalex.org/W2105842205,"Native Client: A Sandbox for Portable, Untrusted x86 Native Code",S&P,2009,https://openalex.org/A5037371592,Neha Narula,middle,2005.0,28.0,1204.0,12.0,13.0,4.0,Junior
https://openalex.org/W2105842205,"Native Client: A Sandbox for Portable, Untrusted x86 Native Code",S&P,2009,https://openalex.org/A5027419729,Nicholas Fullagar,last,2009.0,3.0,703.0,2.0,2.0,0.0,Junior
https://openalex.org/W2150957281,White Space Networking with Wi-Fi like Connectivity,SIGCOMM,2009,https://openalex.org/A5032459671,Paramvir Bahl,first,,,,,,,
https://openalex.org/W2150957281,White Space Networking with Wi-Fi like Connectivity,SIGCOMM,2009,https://openalex.org/A5112443217,Ranveer Chandra,middle,2002.0,193.0,11111.0,48.0,96.0,7.0,Senior
https://openalex.org/W2150957281,White Space Networking with Wi-Fi like Connectivity,SIGCOMM,2009,https://openalex.org/A5041937385,Thomas Moscibroda,middle,2004.0,193.0,11572.0,60.0,120.0,5.0,Junior
https://openalex.org/W2150957281,White Space Networking with Wi-Fi like Connectivity,SIGCOMM,2009,https://openalex.org/A5038141358,Rohan Murty,middle,2004.0,27.0,1945.0,16.0,17.0,5.0,Junior
https://openalex.org/W2150957281,White Space Networking with Wi-Fi like Connectivity,SIGCOMM,2009,https://openalex.org/A5047819447,Matt Welsh,last,1978.0,168.0,24686.0,60.0,103.0,31.0,Senior
https://openalex.org/W2134842174,Sources of evidence for vertical selection,SIGIR,2009,https://openalex.org/A5076480696,Jaime Arguello,first,1970.0,111.0,3193.0,29.0,62.0,39.0,Senior
https://openalex.org/W2134842174,Sources of evidence for vertical selection,SIGIR,2009,https://openalex.org/A5101492251,Fernando Díaz,middle,1980.0,247.0,9712.0,48.0,111.0,29.0,Senior
https://openalex.org/W2134842174,Sources of evidence for vertical selection,SIGIR,2009,https://openalex.org/A5009879041,Jamie Callan,middle,1994.0,290.0,13420.0,64.0,165.0,15.0,Senior
https://openalex.org/W2134842174,Sources of evidence for vertical selection,SIGIR,2009,https://openalex.org/A5086954218,Jean-François Crespo,last,2003.0,7.0,1094.0,4.0,4.0,6.0,Senior
https://openalex.org/W2109992755,The Age of Gossip: Spatial Mean Field Regime,SIGMETRICS,2009,https://openalex.org/A5005715220,Marianne van den Boomen,first,2006.0,7.0,15.0,3.0,0.0,3.0,Junior
https://openalex.org/W2126354234,Generating example data for dataflow programs,SIGMOD,2009,https://openalex.org/A5109881550,Christopher Olston,first,1999.0,52.0,5656.0,30.0,43.0,10.0,Senior
https://openalex.org/W2126354234,Generating example data for dataflow programs,SIGMOD,2009,https://openalex.org/A5069246862,Shubham Chopra,middle,2009.0,2.0,470.0,2.0,2.0,0.0,Junior
https://openalex.org/W2126354234,Generating example data for dataflow programs,SIGMOD,2009,https://openalex.org/A5101897152,Utkarsh Srivastava,last,1999.0,64.0,6251.0,24.0,30.0,10.0,Senior
https://openalex.org/W2911824201,Natural Algorithms,SODA,2009,https://openalex.org/A5044565966,Bernard Chazelle,first,1979.0,308.0,17314.0,66.0,166.0,30.0,Senior
https://openalex.org/W2137888380,seL4: Formal Verification of an OS Kernel,SOSP,2009,https://openalex.org/A5001598240,Leonid Ryzhyk,first,2005.0,58.0,1088.0,17.0,27.0,4.0,Junior
https://openalex.org/W2019883273,A constructive proof of the Lovász local lemma,STOC,2009,https://openalex.org/A5073935967,Robin A. Moser,first,2008.0,18.0,739.0,6.0,6.0,1.0,Junior
https://openalex.org/W2058785578,Public-Key Cryptosystems from the Worst-Case Shortest Vector Problem,STOC,2009,https://openalex.org/A5086535374,Chris Peikert,first,2001.0,129.0,15071.0,47.0,73.0,8.0,Senior
https://openalex.org/W2139459444,Mouse 2.0: Multi-touch meets the Mouse,UIST,2009,https://openalex.org/A5066919494,Nicolas Villar,first,2003.0,90.0,2699.0,28.0,49.0,6.0,Senior
https://openalex.org/W2139459444,Mouse 2.0: Multi-touch meets the Mouse,UIST,2009,https://openalex.org/A5014927177,Shahram Izadi,middle,2001.0,224.0,23739.0,73.0,147.0,8.0,Senior
https://openalex.org/W2139459444,Mouse 2.0: Multi-touch meets the Mouse,UIST,2009,https://openalex.org/A5008839582,Dan Rosenfeld,middle,1992.0,7.0,255.0,4.0,4.0,17.0,Senior
https://openalex.org/W2139459444,Mouse 2.0: Multi-touch meets the Mouse,UIST,2009,https://openalex.org/A5005140278,Hrvoje Benko,middle,2001.0,180.0,9511.0,52.0,101.0,8.0,Senior
https://openalex.org/W2139459444,Mouse 2.0: Multi-touch meets the Mouse,UIST,2009,https://openalex.org/A5051796969,John Helmes,middle,2009.0,20.0,437.0,11.0,11.0,0.0,Junior
https://openalex.org/W2139459444,Mouse 2.0: Multi-touch meets the Mouse,UIST,2009,https://openalex.org/A5033993893,Jonathan Westhues,middle,2006.0,14.0,489.0,9.0,9.0,3.0,Junior
https://openalex.org/W2139459444,Mouse 2.0: Multi-touch meets the Mouse,UIST,2009,https://openalex.org/A5031564691,Steve Hodges,middle,1991.0,205.0,13550.0,42.0,87.0,18.0,Senior
https://openalex.org/W2139459444,Mouse 2.0: Multi-touch meets the Mouse,UIST,2009,https://openalex.org/A5075016938,Eyal Ofek,middle,1997.0,162.0,9165.0,46.0,89.0,12.0,Senior
https://openalex.org/W2139459444,Mouse 2.0: Multi-touch meets the Mouse,UIST,2009,https://openalex.org/A5076861145,Alex Butler,middle,2006.0,17.0,2007.0,11.0,12.0,3.0,Junior
https://openalex.org/W2139459444,Mouse 2.0: Multi-touch meets the Mouse,UIST,2009,https://openalex.org/A5101414220,Xiang Cao,middle,1996.0,163.0,3545.0,34.0,75.0,13.0,Senior
https://openalex.org/W2139459444,Mouse 2.0: Multi-touch meets the Mouse,UIST,2009,https://openalex.org/A5063520926,Billy Chen,last,2004.0,14.0,1567.0,9.0,9.0,5.0,Junior
https://openalex.org/W2998654680,A Unified Approach to Ranking in Probabilistic Databases,VLDB,2009,https://openalex.org/A5101506076,Jian Li,first,2001.0,125.0,1310.0,21.0,34.0,8.0,Senior
https://openalex.org/W2998654680,A Unified Approach to Ranking in Probabilistic Databases,VLDB,2009,https://openalex.org/A5110611660,Barna Saha,middle,1991.0,141.0,2321.0,23.0,45.0,18.0,Senior
https://openalex.org/W2998654680,A Unified Approach to Ranking in Probabilistic Databases,VLDB,2009,https://openalex.org/A5113637223,Amol Deshpande,last,2000.0,165.0,8836.0,45.0,97.0,9.0,Senior
https://openalex.org/W2155530593,Hybrid keyword search auctions,WWW,2009,https://openalex.org/A5101748190,Ashish Goel,first,1998.0,267.0,8538.0,48.0,125.0,11.0,Senior
https://openalex.org/W2155530593,Hybrid keyword search auctions,WWW,2009,https://openalex.org/A5047351951,Kamesh Munagala,last,2000.0,215.0,5535.0,40.0,94.0,9.0,Senior
https://openalex.org/W192051504,Optimal False-Name-Proof Voting Rules with Costly Voting,AAAI,2008,https://openalex.org/A5015729451,Liad Wagman,first,2008.0,111.0,2426.0,18.0,26.0,0.0,Junior
https://openalex.org/W192051504,Optimal False-Name-Proof Voting Rules with Costly Voting,AAAI,2008,https://openalex.org/A5050903632,Vincent Conitzer,last,2002.0,393.0,10481.0,53.0,170.0,6.0,Senior
https://openalex.org/W1816489643,How Good is Almost Perfect?,AAAI,2008,https://openalex.org/A5033577488,Malte Helmert,first,1966.0,218.0,4491.0,38.0,80.0,42.0,Senior
https://openalex.org/W1816489643,How Good is Almost Perfect?,AAAI,2008,https://openalex.org/A5021336998,Gabriele Röger,last,2006.0,51.0,865.0,15.0,18.0,2.0,Junior
https://openalex.org/W2166905217,A New String-to-Dependency Machine Translation Algorithm with a Target Dependency Language Model,ACL,2008,https://openalex.org/A5101706257,Libin Shen,first,1997.0,42.0,1703.0,19.0,22.0,11.0,Senior
https://openalex.org/W2166905217,A New String-to-Dependency Machine Translation Algorithm with a Target Dependency Language Model,ACL,2008,https://openalex.org/A5108487796,Jinxi Xu,middle,1996.0,35.0,4800.0,21.0,27.0,12.0,Senior
https://openalex.org/W2166905217,A New String-to-Dependency Machine Translation Algorithm with a Target Dependency Language Model,ACL,2008,https://openalex.org/A5011618765,Ralph Weischedel,last,1973.0,172.0,8359.0,39.0,79.0,35.0,Senior
https://openalex.org/W2134729743,Forest Reranking: Discriminative Parsing with Non-Local Features,ACL,2008,https://openalex.org/A5006404928,Liang Huang,first,2002.0,133.0,3833.0,27.0,59.0,6.0,Senior
https://openalex.org/W2105512500,An Error Model for Pointing Based on Fitts' Law,CHI,2008,https://openalex.org/A5086377685,Jacob O. Wobbrock,first,1998.0,266.0,19065.0,68.0,174.0,10.0,Senior
https://openalex.org/W2105512500,An Error Model for Pointing Based on Fitts' Law,CHI,2008,https://openalex.org/A5023381858,Edward Cutrell,middle,1992.0,156.0,9299.0,51.0,116.0,16.0,Senior
https://openalex.org/W2105512500,An Error Model for Pointing Based on Fitts' Law,CHI,2008,https://openalex.org/A5109286195,Susumu Harada,middle,1954.0,160.0,2876.0,28.0,44.0,54.0,Senior
https://openalex.org/W2105512500,An Error Model for Pointing Based on Fitts' Law,CHI,2008,https://openalex.org/A5000167011,I. Scott MacKenzie,last,1988.0,257.0,15522.0,57.0,146.0,20.0,Senior
https://openalex.org/W2094064671,Designs on Dignity: Perceptions of Technology Among the Homeless,CHI,2008,https://openalex.org/A5011891560,Felix Olorunfemi,first,2007.0,35.0,942.0,12.0,14.0,1.0,Junior
https://openalex.org/W2094064671,Designs on Dignity: Perceptions of Technology Among the Homeless,CHI,2008,https://openalex.org/A5049980911,Raheem Usman Adebimpe,last,2006.0,6.0,41.0,3.0,2.0,2.0,Junior
https://openalex.org/W2152414382,"Improving the Performance of Motor-Impaired Users with Automatically-Generated, Ability-Based Interfaces",CHI,2008,https://openalex.org/A5010436269,Krzysztof Z. Gajos,first,2000.0,185.0,9751.0,54.0,101.0,8.0,Senior
https://openalex.org/W2152414382,"Improving the Performance of Motor-Impaired Users with Automatically-Generated, Ability-Based Interfaces",CHI,2008,https://openalex.org/A5086377685,Jacob O. Wobbrock,middle,1998.0,266.0,19065.0,68.0,174.0,10.0,Senior
https://openalex.org/W2152414382,"Improving the Performance of Motor-Impaired Users with Automatically-Generated, Ability-Based Interfaces",CHI,2008,https://openalex.org/A5085011940,Daniel S. Weld,last,1988.0,212.0,16902.0,59.0,128.0,20.0,Senior
https://openalex.org/W2053078227,In-Car GPS Navigation: Engagement with and Disengagement from the Environment,CHI,2008,https://openalex.org/A5046611715,Gilly Leshed,first,2005.0,64.0,1719.0,19.0,31.0,3.0,Junior
https://openalex.org/W2053078227,In-Car GPS Navigation: Engagement with and Disengagement from the Environment,CHI,2008,https://openalex.org/A5012802996,Theresa Velden,middle,2003.0,39.0,696.0,10.0,10.0,5.0,Junior
https://openalex.org/W2053078227,In-Car GPS Navigation: Engagement with and Disengagement from the Environment,CHI,2008,https://openalex.org/A5059966423,Oya Y. Rieger,middle,1993.0,64.0,812.0,15.0,21.0,15.0,Senior
https://openalex.org/W2053078227,In-Car GPS Navigation: Engagement with and Disengagement from the Environment,CHI,2008,https://openalex.org/A5031363262,Blazej Kot,middle,2006.0,3.0,203.0,3.0,3.0,2.0,Junior
https://openalex.org/W2053078227,In-Car GPS Navigation: Engagement with and Disengagement from the Environment,CHI,2008,https://openalex.org/A5059066123,Phoebe Sengers,last,1995.0,115.0,9272.0,42.0,80.0,13.0,Senior
https://openalex.org/W2140188249,Large Scale Analysis of Web Revisitation Patterns,CHI,2008,https://openalex.org/A5064931337,Eytan Adar,first,1987.0,166.0,12695.0,49.0,93.0,21.0,Senior
https://openalex.org/W2140188249,Large Scale Analysis of Web Revisitation Patterns,CHI,2008,https://openalex.org/A5032417423,Jaime Teevan,middle,2001.0,204.0,12972.0,54.0,113.0,7.0,Senior
https://openalex.org/W2140188249,Large Scale Analysis of Web Revisitation Patterns,CHI,2008,https://openalex.org/A5111638399,Susan Dumais,last,1975.0,341.0,57191.0,89.0,198.0,33.0,Senior
https://openalex.org/W2062709156,Multimodal collaborative handwriting training for visually-impaired people,CHI,2008,https://openalex.org/A5057674414,Beryl Plimmer,first,1997.0,143.0,2050.0,20.0,49.0,11.0,Senior
https://openalex.org/W2062709156,Multimodal collaborative handwriting training for visually-impaired people,CHI,2008,https://openalex.org/A5053053373,Andrew Crossan,middle,1999.0,66.0,1288.0,19.0,25.0,9.0,Senior
https://openalex.org/W2062709156,Multimodal collaborative handwriting training for visually-impaired people,CHI,2008,https://openalex.org/A5016893285,Stephen Brewster,middle,1895.0,598.0,18352.0,72.0,319.0,113.0,Senior
https://openalex.org/W2062709156,Multimodal collaborative handwriting training for visually-impaired people,CHI,2008,https://openalex.org/A5034836091,Rachel Blagojevic,last,2008.0,27.0,307.0,9.0,9.0,0.0,Junior
https://openalex.org/W2059641569,The Network in the Garden: An Empirical Analysis of Social Media in Rural Life,CHI,2008,https://openalex.org/A5024795472,Éric Gilbert,first,1899.0,207.0,20702.0,57.0,108.0,109.0,Senior
https://openalex.org/W2059641569,The Network in the Garden: An Empirical Analysis of Social Media in Rural Life,CHI,2008,https://openalex.org/A5075056899,Karrie Karahalios,middle,1998.0,237.0,9369.0,44.0,103.0,10.0,Senior
https://openalex.org/W2059641569,The Network in the Garden: An Empirical Analysis of Social Media in Rural Life,CHI,2008,https://openalex.org/A5082707744,Christian Sandvig,last,2001.0,62.0,4122.0,21.0,31.0,7.0,Senior
https://openalex.org/W2100341149,Learning to Link with Wikipedia,CIKM,2008,https://openalex.org/A5038493471,David Milne,first,1832.0,160.0,5004.0,22.0,32.0,176.0,Senior
https://openalex.org/W2100341149,Learning to Link with Wikipedia,CIKM,2008,https://openalex.org/A5045934263,Ian H. Witten,last,1970.0,559.0,89446.0,75.0,240.0,38.0,Senior
https://openalex.org/W2113201641,Beyond Sliding Windows: Object Localization by Efficient Subwindow Search,CVPR,2008,https://openalex.org/A5068085751,Christoph H. Lampert,first,1980.0,197.0,12863.0,41.0,75.0,28.0,Senior
https://openalex.org/W2113201641,Beyond Sliding Windows: Object Localization by Efficient Subwindow Search,CVPR,2008,https://openalex.org/A5077783791,Matthew B. Blaschko,middle,2004.0,251.0,8161.0,33.0,74.0,4.0,Junior
https://openalex.org/W2113201641,Beyond Sliding Windows: Object Localization by Efficient Subwindow Search,CVPR,2008,https://openalex.org/A5045413165,Thomas Hofmann,last,1974.0,1947.0,66287.0,115.0,611.0,34.0,Senior
https://openalex.org/W2111559961,Global Stereo Reconstruction under Second Order Smoothness Priors,CVPR,2008,https://openalex.org/A5068587315,Oliver J. Woodford,first,2005.0,42.0,1368.0,15.0,20.0,3.0,Junior
https://openalex.org/W2111559961,Global Stereo Reconstruction under Second Order Smoothness Priors,CVPR,2008,https://openalex.org/A5001534492,Philip H. S. Torr,middle,1991.0,269.0,16109.0,62.0,134.0,17.0,Senior
https://openalex.org/W2111559961,Global Stereo Reconstruction under Second Order Smoothness Priors,CVPR,2008,https://openalex.org/A5089444805,Ian Reid,middle,1975.0,528.0,42390.0,92.0,300.0,33.0,Senior
https://openalex.org/W2111559961,Global Stereo Reconstruction under Second Order Smoothness Priors,CVPR,2008,https://openalex.org/A5018851970,Andrew Fitzgibbon,last,1992.0,283.0,33675.0,62.0,154.0,16.0,Senior
https://openalex.org/W1497086998,Two Query PCP with Sub-Constant Error,FOCS,2008,https://openalex.org/A5023279342,Dana Moshkovitz,first,2006.0,56.0,740.0,13.0,13.0,2.0,Junior
https://openalex.org/W1497086998,Two Query PCP with Sub-Constant Error,FOCS,2008,https://openalex.org/A5041545934,Ran Raz,last,1984.0,221.0,7442.0,45.0,97.0,24.0,Senior
https://openalex.org/W2122633358,Efficient online monitoring of web-service SLAs,FSE,2008,https://openalex.org/A5009460574,Franco Raimondi,first,1985.0,121.0,2299.0,23.0,47.0,23.0,Senior
https://openalex.org/W2122633358,Efficient online monitoring of web-service SLAs,FSE,2008,https://openalex.org/A5043357999,James Skene,middle,1822.0,27.0,773.0,11.0,13.0,186.0,Senior
https://openalex.org/W2122633358,Efficient online monitoring of web-service SLAs,FSE,2008,https://openalex.org/A5109802122,Wolfgang Emmerich,last,1968.0,303.0,3802.0,29.0,75.0,40.0,Senior
https://openalex.org/W2160517961,What makes a good bug report?,FSE,2008,https://openalex.org/A5113684638,Nicolas Bettenburg,first,2006.0,33.0,2362.0,18.0,21.0,2.0,Junior
https://openalex.org/W2160517961,What makes a good bug report?,FSE,2008,https://openalex.org/A5048641532,Sascha Just,middle,2007.0,16.0,1629.0,10.0,10.0,1.0,Junior
https://openalex.org/W2160517961,What makes a good bug report?,FSE,2008,https://openalex.org/A5069763558,Adrian Schröter,middle,2006.0,26.0,2188.0,14.0,15.0,2.0,Junior
https://openalex.org/W2160517961,What makes a good bug report?,FSE,2008,https://openalex.org/A5035848584,Cathrin Weiß,middle,2007.0,10.0,2091.0,7.0,7.0,1.0,Junior
https://openalex.org/W2160517961,What makes a good bug report?,FSE,2008,https://openalex.org/A5069617404,Rahul Premraj,middle,2004.0,40.0,3593.0,17.0,22.0,4.0,Junior
https://openalex.org/W2160517961,What makes a good bug report?,FSE,2008,https://openalex.org/A5061605447,Thomas Zimmermann,last,1991.0,522.0,21946.0,74.0,180.0,17.0,Senior
https://openalex.org/W2030811966,SVM Optimization: Inverse Dependence on Training Set Size,ICML,2008,https://openalex.org/A5078263052,Shai Shalev‐Shwartz,first,2002.0,216.0,23072.0,50.0,115.0,6.0,Senior
https://openalex.org/W2030811966,SVM Optimization: Inverse Dependence on Training Set Size,ICML,2008,https://openalex.org/A5070613374,Nathan Srebro,last,2000.0,255.0,17990.0,55.0,128.0,8.0,Senior
https://openalex.org/W2103188316,Recommending adaptive changes for framework evolution,ICSE,2008,https://openalex.org/A5083631720,Barthélémy Dagenais,first,2006.0,24.0,1293.0,17.0,18.0,2.0,Junior
https://openalex.org/W2103188316,Recommending adaptive changes for framework evolution,ICSE,2008,https://openalex.org/A5059244952,Martin P. Robillard,last,1998.0,195.0,7428.0,47.0,94.0,10.0,Senior
https://openalex.org/W2154843497,Precise memory leak detection for java software using container profiling,ICSE,2008,https://openalex.org/A5101967307,Guoqing Xu,first,2004.0,136.0,3434.0,33.0,79.0,4.0,Junior
https://openalex.org/W2154843497,Precise memory leak detection for java software using container profiling,ICSE,2008,https://openalex.org/A5039624297,Atanas Rountev,last,1999.0,159.0,6017.0,45.0,105.0,9.0,Senior
https://openalex.org/W1790484086,Debugging Reinvented: Asking and Answering Why and Why Not Questions about Program Behavior,ICSE,2008,https://openalex.org/A5043431516,William N. Sumner,first,2008.0,39.0,620.0,15.0,21.0,0.0,Junior
https://openalex.org/W1790484086,Debugging Reinvented: Asking and Answering Why and Why Not Questions about Program Behavior,ICSE,2008,https://openalex.org/A5100362465,Xiangyu Zhang,last,2003.0,427.0,317862.0,76.0,200.0,5.0,Junior
https://openalex.org/W2136043644,The Effect of Program and Model Structure on MC/DC Test Adequacy Coverage,ICSE,2008,https://openalex.org/A5079075574,Ajitha Rajan,first,2006.0,214.0,1942.0,16.0,25.0,2.0,Junior
https://openalex.org/W2136043644,The Effect of Program and Model Structure on MC/DC Test Adequacy Coverage,ICSE,2008,https://openalex.org/A5014360702,Michael W. Whalen,middle,1989.0,151.0,3624.0,29.0,71.0,19.0,Senior
https://openalex.org/W2136043644,The Effect of Program and Model Structure on MC/DC Test Adequacy Coverage,ICSE,2008,https://openalex.org/A5110505437,Mats P. E. Heimdahl,last,1991.0,183.0,5603.0,34.0,95.0,17.0,Senior
https://openalex.org/W2130243914,Predicting Accurate and Actionable Static Analysis Warnings: An Experimental Approach,ICSE,2008,https://openalex.org/A5084552503,Joseph R. Ruthruff,first,2003.0,30.0,563.0,12.0,14.0,5.0,Junior
https://openalex.org/W2130243914,Predicting Accurate and Actionable Static Analysis Warnings: An Experimental Approach,ICSE,2008,https://openalex.org/A5005487588,John Penix,middle,1994.0,60.0,2139.0,21.0,27.0,14.0,Senior
https://openalex.org/W2130243914,Predicting Accurate and Actionable Static Analysis Warnings: An Experimental Approach,ICSE,2008,https://openalex.org/A5081340873,J. David Morgenthaler,middle,1993.0,24.0,1289.0,14.0,16.0,15.0,Senior
https://openalex.org/W2130243914,Predicting Accurate and Actionable Static Analysis Warnings: An Experimental Approach,ICSE,2008,https://openalex.org/A5025318877,Sebastian Elbaum,middle,1999.0,245.0,8842.0,43.0,122.0,9.0,Senior
https://openalex.org/W2130243914,Predicting Accurate and Actionable Static Analysis Warnings: An Experimental Approach,ICSE,2008,https://openalex.org/A5052249797,Gregg Rothermel,last,1993.0,221.0,18544.0,68.0,165.0,15.0,Senior
https://openalex.org/W2157090751,Theoretical Results on Base Station Movement Problem for Sensor Networks,INFOCOM,2008,https://openalex.org/A5054863127,Yi Shi,first,2000.0,348.0,9525.0,48.0,147.0,8.0,Senior
https://openalex.org/W2157090751,Theoretical Results on Base Station Movement Problem for Sensor Networks,INFOCOM,2008,https://openalex.org/A5059824798,Y. Thomas Hou,last,1996.0,446.0,13990.0,60.0,203.0,12.0,Senior
https://openalex.org/W2133795371,On the Feasibility of the Link Abstraction in (Rural) Mesh Networks,INFOCOM,2008,https://openalex.org/A5022354495,Dattatraya Y. Gokhale,first,2006.0,3.0,124.0,3.0,3.0,2.0,Junior
https://openalex.org/W2133795371,On the Feasibility of the Link Abstraction in (Rural) Mesh Networks,INFOCOM,2008,https://openalex.org/A5103157823,Sayandeep Sen,middle,1993.0,47.0,1105.0,16.0,19.0,15.0,Senior
https://openalex.org/W2133795371,On the Feasibility of the Link Abstraction in (Rural) Mesh Networks,INFOCOM,2008,https://openalex.org/A5047154979,Kameswari Chebrolu,middle,2002.0,31.0,1846.0,18.0,20.0,6.0,Senior
https://openalex.org/W2133795371,On the Feasibility of the Link Abstraction in (Rural) Mesh Networks,INFOCOM,2008,https://openalex.org/A5110181986,Bhaskaran Raman,last,,,,,,,
https://openalex.org/W1995120351,Understanding the Capacity Region of the Greedy Maximal Scheduling Algorithm in Multi-hop Wireless Networks,INFOCOM,2008,https://openalex.org/A5035314009,Changhee Joo,first,1999.0,126.0,2949.0,30.0,54.0,9.0,Senior
https://openalex.org/W1995120351,Understanding the Capacity Region of the Greedy Maximal Scheduling Algorithm in Multi-hop Wireless Networks,INFOCOM,2008,https://openalex.org/A5082208896,Xiaojun Lin,middle,2000.0,200.0,4885.0,36.0,88.0,8.0,Senior
https://openalex.org/W1995120351,Understanding the Capacity Region of the Greedy Maximal Scheduling Algorithm in Multi-hop Wireless Networks,INFOCOM,2008,https://openalex.org/A5035752536,Ness B. Shroff,last,1950.0,682.0,20291.0,66.0,296.0,58.0,Senior
https://openalex.org/W2118556950,Fastanova: an efficient algorithm for genome-wide association study,KDD,2008,https://openalex.org/A5100368855,Xiang Zhang,first,2006.0,71.0,1104.0,16.0,24.0,2.0,Junior
https://openalex.org/W2118556950,Fastanova: an efficient algorithm for genome-wide association study,KDD,2008,https://openalex.org/A5100782494,Fei Zou,middle,2000.0,292.0,6806.0,40.0,100.0,8.0,Senior
https://openalex.org/W2118556950,Fastanova: an efficient algorithm for genome-wide association study,KDD,2008,https://openalex.org/A5100392089,Wei Wang,last,1995.0,1393.0,39054.0,86.0,534.0,13.0,Senior
https://openalex.org/W2171183905,Assessment of Urban-Scale Wireless Networks with a Small Number of Measurements,MOBICOM,2008,https://openalex.org/A5048735917,Joshua T. Robinson,first,1938.0,64.0,22079.0,32.0,36.0,70.0,Senior
https://openalex.org/W2171183905,Assessment of Urban-Scale Wireless Networks with a Small Number of Measurements,MOBICOM,2008,https://openalex.org/A5023768419,Ram Swaminathan,middle,1977.0,87.0,3186.0,26.0,40.0,31.0,Senior
https://openalex.org/W2171183905,Assessment of Urban-Scale Wireless Networks with a Small Number of Measurements,MOBICOM,2008,https://openalex.org/A5057141682,Edward W. Knightly,last,1994.0,301.0,14753.0,65.0,161.0,14.0,Senior
https://openalex.org/W1710734607,KLEE: Unassisted and Automatic Generation of High-Coverage Tests for Complex Systems Programs,OSDI,2008,https://openalex.org/A5053355200,Cristian Cadar,first,2003.0,120.0,8320.0,35.0,60.0,5.0,Junior
https://openalex.org/W1710734607,KLEE: Unassisted and Automatic Generation of High-Coverage Tests for Complex Systems Programs,OSDI,2008,https://openalex.org/A5072236833,Dakarai Dunbar,middle,2024.0,4.0,1.0,1.0,0.0,-16.0,Junior
https://openalex.org/W1710734607,KLEE: Unassisted and Automatic Generation of High-Coverage Tests for Complex Systems Programs,OSDI,2008,https://openalex.org/A5111537551,Dawson Engler,last,1994.0,130.0,15459.0,50.0,94.0,14.0,Senior
https://openalex.org/W1493893823,DryadLINQ: A System for General-Purpose Distributed Data-Parallel Computing Using a High-Level Language,OSDI,2008,https://openalex.org/A5100444874,Yuan Yu,first,1990.0,65.0,5322.0,19.0,22.0,18.0,Senior
https://openalex.org/W1493893823,DryadLINQ: A System for General-Purpose Distributed Data-Parallel Computing Using a High-Level Language,OSDI,2008,https://openalex.org/A5089543053,Michael Isard,middle,1994.0,114.0,53511.0,55.0,82.0,14.0,Senior
https://openalex.org/W1493893823,DryadLINQ: A System for General-Purpose Distributed Data-Parallel Computing Using a High-Level Language,OSDI,2008,https://openalex.org/A5060832606,Dennis Fetterly,middle,2003.0,32.0,5731.0,16.0,20.0,5.0,Junior
https://openalex.org/W1493893823,DryadLINQ: A System for General-Purpose Distributed Data-Parallel Computing Using a High-Level Language,OSDI,2008,https://openalex.org/A5089558228,Mihai Budiu,middle,1999.0,79.0,9133.0,32.0,48.0,9.0,Senior
https://openalex.org/W1493893823,DryadLINQ: A System for General-Purpose Distributed Data-Parallel Computing Using a High-Level Language,OSDI,2008,https://openalex.org/A5024723282,Úlfar Erlingsson,middle,1996.0,82.0,7108.0,36.0,53.0,12.0,Senior
https://openalex.org/W1493893823,DryadLINQ: A System for General-Purpose Distributed Data-Parallel Computing Using a High-Level Language,OSDI,2008,https://openalex.org/A5079119908,Pradeep Kumar Gunda,middle,2007.0,5.0,914.0,4.0,4.0,1.0,Junior
https://openalex.org/W1493893823,DryadLINQ: A System for General-Purpose Distributed Data-Parallel Computing Using a High-Level Language,OSDI,2008,https://openalex.org/A5018394419,Jon Currey,last,1998.0,24.0,2398.0,9.0,9.0,10.0,Senior
https://openalex.org/W2013592197,Difference Engine: Harnessing Memory Redundancy in Virtual Machines,OSDI,2008,https://openalex.org/A5052836807,Diwaker Gupta,first,2004.0,16.0,1330.0,12.0,12.0,4.0,Junior
https://openalex.org/W2013592197,Difference Engine: Harnessing Memory Redundancy in Virtual Machines,OSDI,2008,https://openalex.org/A5100319624,Sangmin Lee,middle,1998.0,174.0,1275.0,16.0,26.0,10.0,Senior
https://openalex.org/W2013592197,Difference Engine: Harnessing Memory Redundancy in Virtual Machines,OSDI,2008,https://openalex.org/A5000107991,Michael Vrable,middle,2005.0,16.0,1398.0,9.0,9.0,3.0,Junior
https://openalex.org/W2013592197,Difference Engine: Harnessing Memory Redundancy in Virtual Machines,OSDI,2008,https://openalex.org/A5048394730,Stefan Savage,middle,1993.0,250.0,32732.0,77.0,169.0,15.0,Senior
https://openalex.org/W2013592197,Difference Engine: Harnessing Memory Redundancy in Virtual Machines,OSDI,2008,https://openalex.org/A5029890607,Alex C. Snoeren,middle,1998.0,198.0,10310.0,52.0,115.0,10.0,Senior
https://openalex.org/W2013592197,Difference Engine: Harnessing Memory Redundancy in Virtual Machines,OSDI,2008,https://openalex.org/A5102730096,George Varghese,middle,1969.0,289.0,26172.0,72.0,170.0,39.0,Senior
https://openalex.org/W2013592197,Difference Engine: Harnessing Memory Redundancy in Virtual Machines,OSDI,2008,https://openalex.org/A5081366293,Geoffrey M. Voelker,middle,1988.0,235.0,17931.0,68.0,149.0,20.0,Senior
https://openalex.org/W2013592197,Difference Engine: Harnessing Memory Redundancy in Virtual Machines,OSDI,2008,https://openalex.org/A5050245571,Amin Vahdat,last,1993.0,344.0,41788.0,92.0,225.0,15.0,Senior
https://openalex.org/W1967172267,Estimating PageRank on Graph Streams,PODS,2008,https://openalex.org/A5113577071,Atish Das Sarma,first,2004.0,72.0,2618.0,26.0,40.0,4.0,Junior
https://openalex.org/W1967172267,Estimating PageRank on Graph Streams,PODS,2008,https://openalex.org/A5039201046,Sreenivas Gollapudi,middle,1995.0,143.0,3232.0,23.0,45.0,13.0,Senior
https://openalex.org/W1967172267,Estimating PageRank on Graph Streams,PODS,2008,https://openalex.org/A5085651536,Rina Panigrahy‎,last,1997.0,145.0,8365.0,40.0,74.0,11.0,Senior
https://openalex.org/W2143472559,Pacemakers and Implantable Cardiac Defibrillators: Software Radio Attacks and Zero-Power Defenses,S&P,2008,https://openalex.org/A5016115127,Daniel Halperin,first,2007.0,38.0,6015.0,23.0,26.0,1.0,Junior
https://openalex.org/W2143472559,Pacemakers and Implantable Cardiac Defibrillators: Software Radio Attacks and Zero-Power Defenses,S&P,2008,https://openalex.org/A5058661031,Thomas S. Heydt-Benjamin,middle,2006.0,11.0,1834.0,9.0,9.0,2.0,Junior
https://openalex.org/W2143472559,Pacemakers and Implantable Cardiac Defibrillators: Software Radio Attacks and Zero-Power Defenses,S&P,2008,https://openalex.org/A5108288895,Benjamin Ransford,middle,2008.0,30.0,3208.0,21.0,24.0,0.0,Junior
https://openalex.org/W2143472559,Pacemakers and Implantable Cardiac Defibrillators: Software Radio Attacks and Zero-Power Defenses,S&P,2008,https://openalex.org/A5103775901,Shane S. Clark,middle,2008.0,18.0,1504.0,9.0,9.0,0.0,Junior
https://openalex.org/W2143472559,Pacemakers and Implantable Cardiac Defibrillators: Software Radio Attacks and Zero-Power Defenses,S&P,2008,https://openalex.org/A5076962341,Benessa Defend,middle,2006.0,9.0,912.0,5.0,5.0,2.0,Junior
https://openalex.org/W2143472559,Pacemakers and Implantable Cardiac Defibrillators: Software Radio Attacks and Zero-Power Defenses,S&P,2008,https://openalex.org/A5108387979,W. A. Morgan,middle,1948.0,11.0,151.0,3.0,1.0,60.0,Senior
https://openalex.org/W2143472559,Pacemakers and Implantable Cardiac Defibrillators: Software Radio Attacks and Zero-Power Defenses,S&P,2008,https://openalex.org/A5113708992,Kevin Fu,middle,1997.0,136.0,7488.0,44.0,74.0,11.0,Senior
https://openalex.org/W2143472559,Pacemakers and Implantable Cardiac Defibrillators: Software Radio Attacks and Zero-Power Defenses,S&P,2008,https://openalex.org/A5026130910,Tadayoshi Kohno,middle,1995.0,309.0,20462.0,66.0,155.0,13.0,Senior
https://openalex.org/W2143472559,Pacemakers and Implantable Cardiac Defibrillators: Software Radio Attacks and Zero-Power Defenses,S&P,2008,https://openalex.org/A5024342851,William H. Maisel,last,1995.0,107.0,9472.0,44.0,66.0,13.0,Senior
https://openalex.org/W2005689470,Algorithmic Mediation for Collaborative Exploratory Search,SIGIR,2008,https://openalex.org/A5049353068,Jeremy Pickens,first,1972.0,64.0,1098.0,16.0,21.0,36.0,Senior
https://openalex.org/W2005689470,Algorithmic Mediation for Collaborative Exploratory Search,SIGIR,2008,https://openalex.org/A5075918903,Gene Golovchinsky,middle,1989.0,103.0,2574.0,26.0,44.0,19.0,Senior
https://openalex.org/W2005689470,Algorithmic Mediation for Collaborative Exploratory Search,SIGIR,2008,https://openalex.org/A5061319881,Chirag Shah,middle,1999.0,367.0,6103.0,38.0,128.0,9.0,Senior
https://openalex.org/W2005689470,Algorithmic Mediation for Collaborative Exploratory Search,SIGIR,2008,https://openalex.org/A5072674313,Pernilla Qvarfordt,middle,1998.0,40.0,953.0,14.0,18.0,10.0,Senior
https://openalex.org/W2005689470,Algorithmic Mediation for Collaborative Exploratory Search,SIGIR,2008,https://openalex.org/A5105420715,Maribeth Back,last,1995.0,59.0,1539.0,15.0,21.0,13.0,Senior
https://openalex.org/W2059739152,Counter Braids: A Novel Counter Architecture for Per-Flow Measurement,SIGMETRICS,2008,https://openalex.org/A5102981342,Yi Lu,first,2002.0,84.0,2764.0,26.0,40.0,6.0,Senior
https://openalex.org/W2059739152,Counter Braids: A Novel Counter Architecture for Per-Flow Measurement,SIGMETRICS,2008,https://openalex.org/A5011999109,Andrea Montanari,middle,1970.0,458.0,23224.0,66.0,218.0,38.0,Senior
https://openalex.org/W2059739152,Counter Braids: A Novel Counter Architecture for Per-Flow Measurement,SIGMETRICS,2008,https://openalex.org/A5018734150,Balaji Prabhakar,middle,1994.0,159.0,14245.0,46.0,89.0,14.0,Senior
https://openalex.org/W2059739152,Counter Braids: A Novel Counter Architecture for Per-Flow Measurement,SIGMETRICS,2008,https://openalex.org/A5054225262,Sarang Dharmapurikar,middle,2001.0,30.0,4348.0,22.0,23.0,7.0,Senior
https://openalex.org/W2059739152,Counter Braids: A Novel Counter Architecture for Per-Flow Measurement,SIGMETRICS,2008,https://openalex.org/A5038104302,Abdul Kabbani,last,2007.0,45.0,1561.0,13.0,16.0,1.0,Junior
https://openalex.org/W2725226870,Serializable isolation for snapshot databases,SIGMOD,2008,https://openalex.org/A5088124063,Michael J. Cahill,first,1964.0,85.0,1438.0,20.0,29.0,44.0,Senior
https://openalex.org/W2725226870,Serializable isolation for snapshot databases,SIGMOD,2008,https://openalex.org/A5110209646,Uwe Röhm,middle,1999.0,60.0,1237.0,18.0,28.0,9.0,Senior
https://openalex.org/W2725226870,Serializable isolation for snapshot databases,SIGMOD,2008,https://openalex.org/A5025255598,Alan Fekete,last,1983.0,237.0,5402.0,39.0,104.0,25.0,Senior
https://openalex.org/W2171901130,Scalable Network Distance Browsing in Spatial Databases,SIGMOD,2008,https://openalex.org/A5087437068,Hanan Samet,first,1975.0,451.0,23491.0,71.0,215.0,33.0,Senior
https://openalex.org/W2171901130,Scalable Network Distance Browsing in Spatial Databases,SIGMOD,2008,https://openalex.org/A5050157577,Jagan Sankaranarayanan,middle,2003.0,60.0,2806.0,19.0,35.0,5.0,Junior
https://openalex.org/W2171901130,Scalable Network Distance Browsing in Spatial Databases,SIGMOD,2008,https://openalex.org/A5065267529,Houman Alborzi,last,1997.0,19.0,1075.0,11.0,11.0,11.0,Senior
https://openalex.org/W2169528477,Optimal hierarchical decompositions for congestion minimization in networks,STOC,2008,https://openalex.org/A5016682913,Harald Räcke,first,1999.0,89.0,2652.0,24.0,38.0,9.0,Senior
https://openalex.org/W2110871651,Optimal algorithms and inapproximability results for every CSP?,STOC,2008,https://openalex.org/A5101701586,Prasad Raghavendra,first,2006.0,135.0,2883.0,29.0,60.0,2.0,Junior
https://openalex.org/W2140190783,Bringing Physics to the Surface,UIST,2008,https://openalex.org/A5078791295,Andrew D. Wilson,first,1878.0,212.0,13228.0,54.0,111.0,130.0,Senior
https://openalex.org/W2140190783,Bringing Physics to the Surface,UIST,2008,https://openalex.org/A5014927177,Shahram Izadi,middle,2001.0,224.0,23739.0,73.0,147.0,7.0,Senior
https://openalex.org/W2140190783,Bringing Physics to the Surface,UIST,2008,https://openalex.org/A5025000908,Otmar Hilliges,middle,2003.0,313.0,16744.0,56.0,152.0,5.0,Junior
https://openalex.org/W2140190783,Bringing Physics to the Surface,UIST,2008,https://openalex.org/A5084011643,Armando Garcia-Mendoza,middle,2008.0,3.0,416.0,3.0,3.0,0.0,Junior
https://openalex.org/W2140190783,Bringing Physics to the Surface,UIST,2008,https://openalex.org/A5069887938,David Kirk,last,1976.0,187.0,6216.0,40.0,101.0,32.0,Senior
https://openalex.org/W4249843299,Finding Frequent Items in Data Streams,VLDB,2008,https://openalex.org/A5071016611,Moses Charikar,first,1997.0,271.0,19156.0,61.0,136.0,11.0,Senior
https://openalex.org/W4249843299,Finding Frequent Items in Data Streams,VLDB,2008,https://openalex.org/A5100350897,Kevin Chen,middle,2001.0,125.0,13039.0,32.0,47.0,7.0,Senior
https://openalex.org/W4249843299,Finding Frequent Items in Data Streams,VLDB,2008,https://openalex.org/A5087023890,Martı́n Farach-Colton,last,1989.0,272.0,9821.0,47.0,119.0,19.0,Senior
https://openalex.org/W2141463661,Constrained Physical Design Tuning,VLDB,2008,https://openalex.org/A5103027305,Nicolas Bruno,first,2000.0,69.0,4374.0,28.0,38.0,8.0,Senior
https://openalex.org/W2141463661,Constrained Physical Design Tuning,VLDB,2008,https://openalex.org/A5038037154,Surajit Chaudhuri,last,1987.0,364.0,24123.0,75.0,209.0,21.0,Senior
https://openalex.org/W2145990704,IRLbot: Scaling to 6 billion pages and beyond,WWW,2008,https://openalex.org/A5080290452,Hsin-Tsang Lee,first,2008.0,6.0,119.0,3.0,2.0,0.0,Junior
https://openalex.org/W2145990704,IRLbot: Scaling to 6 billion pages and beyond,WWW,2008,https://openalex.org/A5055012567,Derek Leonard,middle,2000.0,24.0,823.0,15.0,18.0,8.0,Senior
https://openalex.org/W2145990704,IRLbot: Scaling to 6 billion pages and beyond,WWW,2008,https://openalex.org/A5100377876,Xiaoming Wang,middle,1987.0,231.0,3681.0,32.0,79.0,21.0,Senior
https://openalex.org/W2145990704,IRLbot: Scaling to 6 billion pages and beyond,WWW,2008,https://openalex.org/A5076734500,Dmitri Loguinov,last,2001.0,139.0,2994.0,31.0,65.0,7.0,Senior
https://openalex.org/W2146447174,PLOW: A Collaborative Task Learning Agent,AAAI,2007,https://openalex.org/A5090002679,James F. Allen,first,1975.0,316.0,24197.0,56.0,171.0,32.0,Senior
https://openalex.org/W2146447174,PLOW: A Collaborative Task Learning Agent,AAAI,2007,https://openalex.org/A5105307360,Nathanael Chambers,middle,2004.0,68.0,4807.0,27.0,40.0,3.0,Junior
https://openalex.org/W2146447174,PLOW: A Collaborative Task Learning Agent,AAAI,2007,https://openalex.org/A5050627806,George Ferguson,middle,1846.0,163.0,3394.0,24.0,42.0,161.0,Senior
https://openalex.org/W2146447174,PLOW: A Collaborative Task Learning Agent,AAAI,2007,https://openalex.org/A5052974419,Lucian Galescu,middle,1998.0,57.0,1678.0,19.0,35.0,9.0,Senior
https://openalex.org/W2146447174,PLOW: A Collaborative Task Learning Agent,AAAI,2007,https://openalex.org/A5109885777,Hyuckchul Jung,middle,1999.0,43.0,893.0,15.0,19.0,8.0,Senior
https://openalex.org/W2146447174,PLOW: A Collaborative Task Learning Agent,AAAI,2007,https://openalex.org/A5111921080,Mary Swift,middle,1995.0,64.0,1343.0,20.0,29.0,12.0,Senior
https://openalex.org/W2146447174,PLOW: A Collaborative Task Learning Agent,AAAI,2007,https://openalex.org/A5049496455,William Taysom,last,2001.0,14.0,355.0,8.0,8.0,6.0,Senior
https://openalex.org/W1902527071,"Thresholded Rewards: Acting Optimally in Timed, Zero-Sum Games",AAAI,2007,https://openalex.org/A5036074668,Colin McMillen,first,2002.0,19.0,1377.0,10.0,11.0,5.0,Junior
https://openalex.org/W1902527071,"Thresholded Rewards: Acting Optimally in Timed, Zero-Sum Games",AAAI,2007,https://openalex.org/A5088276691,Manuela Veloso,last,1991.0,748.0,25595.0,66.0,359.0,16.0,Senior
https://openalex.org/W2121465811,Learning synchronous grammars for semantic parsing with lambda calculus,ACL,2007,https://openalex.org/A5077791792,Yuk Wah Wong,first,2003.0,12.0,1461.0,9.0,9.0,4.0,Junior
https://openalex.org/W2121465811,Learning synchronous grammars for semantic parsing with lambda calculus,ACL,2007,https://openalex.org/A5008715111,Raymond J. Mooney,last,1985.0,350.0,29536.0,81.0,226.0,22.0,Senior
https://openalex.org/W2117601224,Authoring sensor-based interactions by demonstration with direct manipulation and pattern recognition,CHI,2007,https://openalex.org/A5084965768,Björn Hartmann,first,1979.0,135.0,8312.0,50.0,92.0,28.0,Senior
https://openalex.org/W2117601224,Authoring sensor-based interactions by demonstration with direct manipulation and pattern recognition,CHI,2007,https://openalex.org/A5039522737,Leith Abdulla,middle,2001.0,3.0,455.0,2.0,2.0,6.0,Senior
https://openalex.org/W2117601224,Authoring sensor-based interactions by demonstration with direct manipulation and pattern recognition,CHI,2007,https://openalex.org/A5028059312,Manas Mittal,middle,2007.0,5.0,230.0,4.0,2.0,0.0,Junior
https://openalex.org/W2117601224,Authoring sensor-based interactions by demonstration with direct manipulation and pattern recognition,CHI,2007,https://openalex.org/A5023550565,Scott Klemmer,last,2000.0,174.0,9396.0,45.0,89.0,7.0,Senior
https://openalex.org/W2006550435,Consuming video on Mobile devices,CHI,2007,https://openalex.org/A5064650373,Kenton O’Hara,first,1991.0,174.0,9326.0,46.0,82.0,16.0,Senior
https://openalex.org/W2006550435,Consuming video on Mobile devices,CHI,2007,https://openalex.org/A5104070883,April Slayden Mitchell,middle,2007.0,7.0,223.0,4.0,2.0,0.0,Junior
https://openalex.org/W2006550435,Consuming video on Mobile devices,CHI,2007,https://openalex.org/A5069459444,Alex Vorbau,last,2004.0,7.0,252.0,5.0,3.0,3.0,Junior
https://openalex.org/W2152312062,Multiview: improving trust in group video conferencing through spatial faithfulness,CHI,2007,https://openalex.org/A5022100406,M. G. Trefry,first,1987.0,88.0,1610.0,22.0,32.0,20.0,Senior
https://openalex.org/W2152312062,Multiview: improving trust in group video conferencing through spatial faithfulness,CHI,2007,https://openalex.org/A5024737277,Chris Muffels,last,2006.0,3.0,236.0,2.0,1.0,1.0,Junior
https://openalex.org/W2108518773,Shift: a technique for operating pen-based interfaces using touch,CHI,2007,https://openalex.org/A5055522213,Daniel Vogel,first,2002.0,181.0,5235.0,33.0,86.0,5.0,Junior
https://openalex.org/W2108518773,Shift: a technique for operating pen-based interfaces using touch,CHI,2007,https://openalex.org/A5010621134,Patrick Baudisch,last,1996.0,240.0,12601.0,65.0,137.0,11.0,Senior
https://openalex.org/W2057359302,Software or wetware?: discovering when and why people use digital prosthetic memory,CHI,2007,https://openalex.org/A5023572731,Vaiva Kalnikaitė,first,2007.0,40.0,1263.0,19.0,23.0,0.0,Junior
https://openalex.org/W2057359302,Software or wetware?: discovering when and why people use digital prosthetic memory,CHI,2007,https://openalex.org/A5075713144,Steve Whittaker,last,1960.0,284.0,14649.0,63.0,170.0,47.0,Senior
https://openalex.org/W3172402307,"Sustainable interaction design: invention & disposal, renewal & reuse",CHI,2007,https://openalex.org/A5020864276,Sebastian Moffatt,first,2007.0,9.0,604.0,6.0,6.0,0.0,Junior
https://openalex.org/W2146304342,Autonomously Semantifying Wikipedia,CIKM,2007,https://openalex.org/A5004882141,Fei Wu,first,1998.0,1008.0,21464.0,65.0,326.0,9.0,Senior
https://openalex.org/W2146304342,Autonomously Semantifying Wikipedia,CIKM,2007,https://openalex.org/A5108370903,Daniel S. Weld,last,1983.0,136.0,12307.0,47.0,94.0,24.0,Senior
https://openalex.org/W2082546838,Dynamic 3D Scene Analysis from a Moving Vehicle,CVPR,2007,https://openalex.org/A5077030904,A. B. Thompson,first,1907.0,68.0,1656.0,22.0,33.0,100.0,Senior
https://openalex.org/W2082546838,Dynamic 3D Scene Analysis from a Moving Vehicle,CVPR,2007,https://openalex.org/A5061394912,M. Aerts,middle,2007.0,7.0,350.0,4.0,4.0,0.0,Junior
https://openalex.org/W2082546838,Dynamic 3D Scene Analysis from a Moving Vehicle,CVPR,2007,https://openalex.org/A5057210065,A. C. Hack,last,2003.0,24.0,1125.0,9.0,9.0,4.0,Junior
https://openalex.org/W2162561603,Space-Efficient Identity Based Encryption Without Pairings,FOCS,2007,https://openalex.org/A5027798962,Dan Boneh,first,1987.0,508.0,80287.0,119.0,302.0,20.0,Senior
https://openalex.org/W2162561603,Space-Efficient Identity Based Encryption Without Pairings,FOCS,2007,https://openalex.org/A5044697595,Craig Gentry,middle,1987.0,176.0,36809.0,60.0,106.0,20.0,Senior
https://openalex.org/W2162561603,Space-Efficient Identity Based Encryption Without Pairings,FOCS,2007,https://openalex.org/A5113932798,Michael Hamburg,last,1976.0,8.0,842.0,5.0,5.0,31.0,Senior
https://openalex.org/W2163643791,Globally distributed software development project performance: an empirical analysis,FSE,2007,https://openalex.org/A5023658938,Narayan Ramasubbu,first,2003.0,71.0,1718.0,21.0,35.0,4.0,Junior
https://openalex.org/W2163643791,Globally distributed software development project performance: an empirical analysis,FSE,2007,https://openalex.org/A5075701279,Rajesh Krishna Balan,last,2002.0,173.0,3876.0,30.0,77.0,5.0,Junior
https://openalex.org/W2042454716,Mining specifications of malicious behavior,FSE,2007,https://openalex.org/A5050855162,Mihai Christodorescu,first,2001.0,102.0,4136.0,28.0,37.0,6.0,Senior
https://openalex.org/W2042454716,Mining specifications of malicious behavior,FSE,2007,https://openalex.org/A5088826068,Somesh Jha,middle,1984.0,416.0,30057.0,70.0,197.0,23.0,Senior
https://openalex.org/W2042454716,Mining specifications of malicious behavior,FSE,2007,https://openalex.org/A5022177364,Christopher Kruegel,last,2002.0,341.0,28677.0,92.0,222.0,5.0,Junior
https://openalex.org/W2112380328,Automatic consistency assessment for query results in dynamic environments,FSE,2007,https://openalex.org/A5046737005,Jamie Payton,first,1983.0,128.0,886.0,15.0,22.0,24.0,Senior
https://openalex.org/W2112380328,Automatic consistency assessment for query results in dynamic environments,FSE,2007,https://openalex.org/A5023117758,Christine Julien,middle,1970.0,299.0,2752.0,27.0,70.0,37.0,Senior
https://openalex.org/W2112380328,Automatic consistency assessment for query results in dynamic environments,FSE,2007,https://openalex.org/A5108192370,Gruia-Catalin Roman,last,1899.0,189.0,4039.0,32.0,71.0,108.0,Senior
https://openalex.org/W2137956345,Object and reference immutability using Java generics,FSE,2007,https://openalex.org/A5072236461,Yoav Zibin,first,2001.0,25.0,789.0,11.0,12.0,6.0,Senior
https://openalex.org/W2137956345,Object and reference immutability using Java generics,FSE,2007,https://openalex.org/A5057086547,Alex Potanin,middle,2002.0,103.0,1014.0,17.0,22.0,5.0,Junior
https://openalex.org/W2137956345,Object and reference immutability using Java generics,FSE,2007,https://openalex.org/A5090255963,Mahmood Ali,middle,2007.0,9.0,361.0,5.0,4.0,0.0,Junior
https://openalex.org/W2137956345,Object and reference immutability using Java generics,FSE,2007,https://openalex.org/A5003259199,Shay Artzi,middle,2005.0,34.0,1860.0,20.0,24.0,2.0,Junior
https://openalex.org/W2137956345,Object and reference immutability using Java generics,FSE,2007,https://openalex.org/A5001807091,Adam Kie un,middle,2004.0,3.0,98.0,3.0,1.0,3.0,Junior
https://openalex.org/W2137956345,Object and reference immutability using Java generics,FSE,2007,https://openalex.org/A5032068969,Michael D. Ernst,last,1975.0,348.0,21804.0,72.0,186.0,32.0,Senior
https://openalex.org/W2153119123,Population Shape Regression From Random Design Data,ICCV,2007,https://openalex.org/A5111968263,Brad Davis,first,1972.0,57.0,1923.0,15.0,17.0,35.0,Senior
https://openalex.org/W2153119123,Population Shape Regression From Random Design Data,ICCV,2007,https://openalex.org/A5010665785,P. Thomas Fletcher,middle,1952.0,197.0,9452.0,48.0,105.0,55.0,Senior
https://openalex.org/W2153119123,Population Shape Regression From Random Design Data,ICCV,2007,https://openalex.org/A5111873255,Elizabeth Bullitt,middle,1981.0,119.0,5182.0,34.0,63.0,26.0,Senior
https://openalex.org/W2153119123,Population Shape Regression From Random Design Data,ICCV,2007,https://openalex.org/A5102835648,Sarang Joshi,last,1993.0,279.0,10346.0,48.0,116.0,14.0,Senior
https://openalex.org/W2169495281,Information-theoretic metric learning,ICML,2007,https://openalex.org/A5088203996,Jason V. Davis,first,2004.0,15.0,2583.0,10.0,10.0,3.0,Junior
https://openalex.org/W2169495281,Information-theoretic metric learning,ICML,2007,https://openalex.org/A5049134079,Brian Kulis,middle,2003.0,100.0,15296.0,35.0,46.0,4.0,Junior
https://openalex.org/W2169495281,Information-theoretic metric learning,ICML,2007,https://openalex.org/A5101633144,Prateek Jain,middle,2003.0,194.0,7170.0,33.0,76.0,4.0,Junior
https://openalex.org/W2169495281,Information-theoretic metric learning,ICML,2007,https://openalex.org/A5058767558,Suvrit Sra,middle,2003.0,319.0,10164.0,44.0,124.0,4.0,Junior
https://openalex.org/W2169495281,Information-theoretic metric learning,ICML,2007,https://openalex.org/A5063459703,Inderjit S. Dhillon,last,1994.0,382.0,29517.0,80.0,217.0,13.0,Senior
https://openalex.org/W2145544369,Tracking Code Clones in Evolving Software,ICSE,2007,https://openalex.org/A5019848726,Ekwa Duala-Ekoko,first,2006.0,14.0,562.0,8.0,8.0,1.0,Junior
https://openalex.org/W2145544369,Tracking Code Clones in Evolving Software,ICSE,2007,https://openalex.org/A5059244952,Martin P. Robillard,last,1998.0,195.0,7428.0,47.0,94.0,9.0,Senior
https://openalex.org/W2151553346,Predicting Faults from Cached History,ICSE,2007,https://openalex.org/A5100695695,Sunghun Kim,first,2003.0,55.0,3764.0,26.0,34.0,4.0,Junior
https://openalex.org/W2151553346,Predicting Faults from Cached History,ICSE,2007,https://openalex.org/A5061605447,Thomas Zimmermann,middle,1991.0,522.0,21946.0,74.0,180.0,16.0,Senior
https://openalex.org/W2151553346,Predicting Faults from Cached History,ICSE,2007,https://openalex.org/A5089970457,E. James Whitehead,middle,1993.0,80.0,5102.0,29.0,52.0,14.0,Senior
https://openalex.org/W2151553346,Predicting Faults from Cached History,ICSE,2007,https://openalex.org/A5051672229,Andreas Zeller,last,1959.0,420.0,18574.0,66.0,170.0,48.0,Senior
https://openalex.org/W2152846401,Matching and Merging of Statecharts Specifications,ICSE,2007,https://openalex.org/A5074393374,Shiva Nejati,first,2003.0,160.0,3157.0,30.0,63.0,4.0,Junior
https://openalex.org/W2152846401,Matching and Merging of Statecharts Specifications,ICSE,2007,https://openalex.org/A5022905724,Mehrdad Sabetzadeh,middle,2004.0,177.0,3873.0,36.0,86.0,3.0,Junior
https://openalex.org/W2152846401,Matching and Merging of Statecharts Specifications,ICSE,2007,https://openalex.org/A5079431306,Marsha Chećhik,middle,1980.0,346.0,6654.0,43.0,159.0,27.0,Senior
https://openalex.org/W2152846401,Matching and Merging of Statecharts Specifications,ICSE,2007,https://openalex.org/A5079349226,Steve Easterbrook,middle,1986.0,224.0,10106.0,49.0,122.0,21.0,Senior
https://openalex.org/W2152846401,Matching and Merging of Statecharts Specifications,ICSE,2007,https://openalex.org/A5086291871,Pamela Zave,last,1978.0,143.0,4822.0,31.0,57.0,29.0,Senior
https://openalex.org/W2115694885,Refactoring for Parameterizing Java Classes,ICSE,2007,https://openalex.org/A5019170764,Adam Kieżun,first,2003.0,89.0,26353.0,37.0,49.0,4.0,Junior
https://openalex.org/W2115694885,Refactoring for Parameterizing Java Classes,ICSE,2007,https://openalex.org/A5032068969,Michael D. Ernst,middle,1975.0,348.0,21804.0,72.0,186.0,32.0,Senior
https://openalex.org/W2115694885,Refactoring for Parameterizing Java Classes,ICSE,2007,https://openalex.org/A5087594876,Frank Tip,middle,1992.0,163.0,7080.0,44.0,97.0,15.0,Senior
https://openalex.org/W2115694885,Refactoring for Parameterizing Java Classes,ICSE,2007,https://openalex.org/A5074598360,Robert M. Fuhrer,last,1995.0,54.0,916.0,18.0,20.0,12.0,Senior
https://openalex.org/W110738662,Automated Heart Wall Motion Abnormality Detection From Ultrasound Images using Bayesian Networks,IJCAI,2007,https://openalex.org/A5102785744,Maleeha Qazi,first,2003.0,13.0,223.0,5.0,5.0,4.0,Junior
https://openalex.org/W110738662,Automated Heart Wall Motion Abnormality Detection From Ultrasound Images using Bayesian Networks,IJCAI,2007,https://openalex.org/A5111408590,Glenn Fung,middle,1996.0,130.0,6401.0,37.0,63.0,11.0,Senior
https://openalex.org/W110738662,Automated Heart Wall Motion Abnormality Detection From Ultrasound Images using Bayesian Networks,IJCAI,2007,https://openalex.org/A5064162390,Sriram Krishnan,middle,1995.0,117.0,2478.0,27.0,46.0,12.0,Senior
https://openalex.org/W110738662,Automated Heart Wall Motion Abnormality Detection From Ultrasound Images using Bayesian Networks,IJCAI,2007,https://openalex.org/A5111998240,Rómer Rosales,middle,1998.0,56.0,2908.0,23.0,35.0,9.0,Senior
https://openalex.org/W110738662,Automated Heart Wall Motion Abnormality Detection From Ultrasound Images using Bayesian Networks,IJCAI,2007,https://openalex.org/A5070327072,Harald Steck,middle,1938.0,68.0,3995.0,25.0,36.0,69.0,Senior
https://openalex.org/W110738662,Automated Heart Wall Motion Abnormality Detection From Ultrasound Images using Bayesian Networks,IJCAI,2007,https://openalex.org/A5003771549,R. Bharat Rao,middle,1991.0,62.0,1634.0,17.0,22.0,16.0,Senior
https://openalex.org/W110738662,Automated Heart Wall Motion Abnormality Detection From Ultrasound Images using Bayesian Networks,IJCAI,2007,https://openalex.org/A5081151097,Don Poldermans,middle,1986.0,949.0,26153.0,77.0,322.0,21.0,Senior
https://openalex.org/W110738662,Automated Heart Wall Motion Abnormality Detection From Ultrasound Images using Bayesian Networks,IJCAI,2007,https://openalex.org/A5052505410,Dhanalakshmi Chandrasekaran,last,2007.0,2.0,49.0,2.0,1.0,0.0,Junior
https://openalex.org/W57770583,Performance Analysis of Online Anticipatory Algorithms for Large Multistage Stochastic Integer Programs,IJCAI,2007,https://openalex.org/A5074418647,Luc Mercier,first,1999.0,120.0,1995.0,20.0,29.0,8.0,Senior
https://openalex.org/W57770583,Performance Analysis of Online Anticipatory Algorithms for Large Multistage Stochastic Integer Programs,IJCAI,2007,https://openalex.org/A5035808622,Pascal Van Hentenryck,last,1986.0,771.0,18058.0,58.0,298.0,21.0,Senior
https://openalex.org/W1552944591,Building Structure into Local Search for SAT,IJCAI,2007,https://openalex.org/A5033848427,Duc Nghia Pham,first,1905.0,52.0,758.0,15.0,22.0,102.0,Senior
https://openalex.org/W1552944591,Building Structure into Local Search for SAT,IJCAI,2007,https://openalex.org/A5105232836,John Thornton,middle,1989.0,43.0,446.0,12.0,15.0,18.0,Senior
https://openalex.org/W1552944591,Building Structure into Local Search for SAT,IJCAI,2007,https://openalex.org/A5038675407,Abdul Sattar,last,1990.0,535.0,7021.0,40.0,149.0,17.0,Senior
https://openalex.org/W2140103214,Disruption free topology reconfiguration in OSPF networks,INFOCOM,2007,https://openalex.org/A5047044311,Pierre François,first,1952.0,205.0,2430.0,25.0,43.0,55.0,Senior
https://openalex.org/W2140103214,Disruption free topology reconfiguration in OSPF networks,INFOCOM,2007,https://openalex.org/A5028042500,Mike Shand,middle,1997.0,55.0,1365.0,17.0,22.0,10.0,Senior
https://openalex.org/W2140103214,Disruption free topology reconfiguration in OSPF networks,INFOCOM,2007,https://openalex.org/A5024795280,Olivier Bonaventure,last,1992.0,335.0,9488.0,45.0,149.0,15.0,Senior
https://openalex.org/W2056932183,Predictive discrete latent factor models for large scale dyadic data,KDD,2007,https://openalex.org/A5049420901,Deepak Agarwal,first,1977.0,331.0,7156.0,39.0,113.0,30.0,Senior
https://openalex.org/W2056932183,Predictive discrete latent factor models for large scale dyadic data,KDD,2007,https://openalex.org/A5025202709,Srujana Merugu,last,2002.0,49.0,3541.0,17.0,22.0,5.0,Junior
https://openalex.org/W2071286129,Fault-tolerant Typed Assembly Language,PLDI,2007,https://openalex.org/A5031711886,Frances Perry,first,2006.0,11.0,1088.0,7.0,6.0,1.0,Junior
https://openalex.org/W2071286129,Fault-tolerant Typed Assembly Language,PLDI,2007,https://openalex.org/A5018151279,Lester Mackey,middle,2006.0,412.0,3259.0,27.0,54.0,1.0,Junior
https://openalex.org/W2071286129,Fault-tolerant Typed Assembly Language,PLDI,2007,https://openalex.org/A5040341202,George A. Reis,middle,1956.0,45.0,2521.0,13.0,14.0,51.0,Senior
https://openalex.org/W2071286129,Fault-tolerant Typed Assembly Language,PLDI,2007,https://openalex.org/A5071104685,Jay Ligatti,middle,2003.0,62.0,2799.0,19.0,28.0,4.0,Junior
https://openalex.org/W2071286129,Fault-tolerant Typed Assembly Language,PLDI,2007,https://openalex.org/A5008319090,David I. August,middle,1995.0,189.0,6603.0,45.0,106.0,12.0,Senior
https://openalex.org/W2071286129,Fault-tolerant Typed Assembly Language,PLDI,2007,https://openalex.org/A5049454219,David Walker,last,1978.0,237.0,14426.0,52.0,129.0,29.0,Senior
https://openalex.org/W2153578567,The Ant and the Grasshopper: Fast and Accurate Pointer Analysis for Millions of Lines of Code,PLDI,2007,https://openalex.org/A5074393511,Ben Hardekopf,first,2000.0,59.0,1690.0,20.0,31.0,7.0,Senior
https://openalex.org/W2153578567,The Ant and the Grasshopper: Fast and Accurate Pointer Analysis for Millions of Lines of Code,PLDI,2007,https://openalex.org/A5103038181,Calvin Lin,last,1990.0,173.0,4839.0,37.0,82.0,17.0,Senior
https://openalex.org/W2061358102,Generalized Hypertree Decompositions: NP-Hardness and Tractable Variants,PODS,2007,https://openalex.org/A5041825861,Phokion G. Kolaitis,first,1978.0,277.0,8600.0,47.0,113.0,29.0,Senior
https://openalex.org/W2061358102,Generalized Hypertree Decompositions: NP-Hardness and Tractable Variants,PODS,2007,https://openalex.org/A5069883356,Leonid Libkin,last,1989.0,391.0,10246.0,50.0,182.0,18.0,Senior
https://openalex.org/W2149156280,Studying the Use of Popular Destinations to Enhance Web Search Interaction,SIGIR,2007,https://openalex.org/A5076259865,Ryen W. White,first,1981.0,357.0,14022.0,60.0,199.0,26.0,Senior
https://openalex.org/W2149156280,Studying the Use of Popular Destinations to Enhance Web Search Interaction,SIGIR,2007,https://openalex.org/A5043706888,Mikhail Bilenko,middle,2002.0,35.0,4930.0,21.0,27.0,5.0,Junior
https://openalex.org/W2149156280,Studying the Use of Popular Destinations to Enhance Web Search Interaction,SIGIR,2007,https://openalex.org/A5040422637,Silviu Cucerzan,last,1999.0,52.0,2516.0,19.0,30.0,8.0,Senior
https://openalex.org/W2066262685,Modeling the Relative Fitness of Storage,SIGMETRICS,2007,https://openalex.org/A5057359017,Michael P. Mesnier,first,1995.0,32.0,1901.0,15.0,18.0,12.0,Senior
https://openalex.org/W2066262685,Modeling the Relative Fitness of Storage,SIGMETRICS,2007,https://openalex.org/A5073854516,Matthew Wachs,middle,2005.0,27.0,878.0,10.0,10.0,2.0,Junior
https://openalex.org/W2066262685,Modeling the Relative Fitness of Storage,SIGMETRICS,2007,https://openalex.org/A5049066620,Raja R. Sambasivan,middle,2005.0,35.0,792.0,13.0,15.0,2.0,Junior
https://openalex.org/W2066262685,Modeling the Relative Fitness of Storage,SIGMETRICS,2007,https://openalex.org/A5111439683,Alice X. Zheng,middle,2001.0,60.0,5599.0,21.0,29.0,6.0,Senior
https://openalex.org/W2066262685,Modeling the Relative Fitness of Storage,SIGMETRICS,2007,https://openalex.org/A5037557529,Gregory R. Ganger,last,1992.0,354.0,16305.0,71.0,180.0,15.0,Senior
https://openalex.org/W2077449561,Compiling mappings to bridge applications and databases,SIGMOD,2007,https://openalex.org/A5109208641,Sergey Melnik,first,1997.0,47.0,4697.0,24.0,30.0,10.0,Senior
https://openalex.org/W2077449561,Compiling mappings to bridge applications and databases,SIGMOD,2007,https://openalex.org/A5060789723,Atul Adya,middle,1994.0,47.0,4669.0,27.0,31.0,13.0,Senior
https://openalex.org/W2077449561,Compiling mappings to bridge applications and databases,SIGMOD,2007,https://openalex.org/A5108676493,Philip A. Bernstein,last,1899.0,279.0,24094.0,62.0,144.0,108.0,Senior
https://openalex.org/W2035801804,Scalable Approximate Query Processing with the DBO Engine,SIGMOD,2007,https://openalex.org/A5109437922,Christopher Jermaine,first,2001.0,79.0,2210.0,25.0,44.0,6.0,Senior
https://openalex.org/W2035801804,Scalable Approximate Query Processing with the DBO Engine,SIGMOD,2007,https://openalex.org/A5103467344,Subramanian Arumugam,middle,2002.0,34.0,546.0,10.0,12.0,5.0,Junior
https://openalex.org/W2035801804,Scalable Approximate Query Processing with the DBO Engine,SIGMOD,2007,https://openalex.org/A5022320149,Abhijit Pol,middle,2004.0,10.0,363.0,9.0,9.0,3.0,Junior
https://openalex.org/W2035801804,Scalable Approximate Query Processing with the DBO Engine,SIGMOD,2007,https://openalex.org/A5008335723,Alin Dobra,last,2001.0,75.0,3030.0,21.0,33.0,6.0,Senior
https://openalex.org/W2108026089,Sinfonia: a new paradigm for building scalable distributed systems,SOSP,2007,https://openalex.org/A5019483717,Marcos K. Aguilera,first,1996.0,134.0,5508.0,36.0,68.0,11.0,Senior
https://openalex.org/W2108026089,Sinfonia: a new paradigm for building scalable distributed systems,SOSP,2007,https://openalex.org/A5079770095,Arif Merchant,middle,1991.0,108.0,4851.0,34.0,62.0,16.0,Senior
https://openalex.org/W2108026089,Sinfonia: a new paradigm for building scalable distributed systems,SOSP,2007,https://openalex.org/A5063179800,Mehul A. Shah,middle,1997.0,81.0,7329.0,31.0,45.0,10.0,Senior
https://openalex.org/W2108026089,Sinfonia: a new paradigm for building scalable distributed systems,SOSP,2007,https://openalex.org/A5083350972,Alistair Veitch,middle,1991.0,39.0,2344.0,20.0,31.0,16.0,Senior
https://openalex.org/W2108026089,Sinfonia: a new paradigm for building scalable distributed systems,SOSP,2007,https://openalex.org/A5021238162,Christos Karamanolis,last,1998.0,33.0,1365.0,16.0,20.0,9.0,Senior
https://openalex.org/W2038345682,Zyzzyva: speculative byzantine fault tolerance,SOSP,2007,https://openalex.org/A5066623526,Ramakrishna Kotla,first,2002.0,22.0,1855.0,13.0,16.0,5.0,Junior
https://openalex.org/W2038345682,Zyzzyva: speculative byzantine fault tolerance,SOSP,2007,https://openalex.org/A5048612724,Lorenzo Alvisi,middle,1991.0,145.0,10124.0,48.0,85.0,16.0,Senior
https://openalex.org/W2038345682,Zyzzyva: speculative byzantine fault tolerance,SOSP,2007,https://openalex.org/A5113625882,Mike Dahlin,middle,1999.0,84.0,5259.0,36.0,54.0,8.0,Senior
https://openalex.org/W2038345682,Zyzzyva: speculative byzantine fault tolerance,SOSP,2007,https://openalex.org/A5061077761,Allen Clement,middle,2000.0,43.0,3520.0,23.0,30.0,7.0,Senior
https://openalex.org/W2038345682,Zyzzyva: speculative byzantine fault tolerance,SOSP,2007,https://openalex.org/A5111946963,Edmund Wong,last,2005.0,40.0,2761.0,19.0,23.0,2.0,Junior
https://openalex.org/W2166510103,Secure Web Applications via Automatic Partitioning,SOSP,2007,https://openalex.org/A5046383149,Stephen Chong,first,2003.0,122.0,2973.0,27.0,54.0,4.0,Junior
https://openalex.org/W2166510103,Secure Web Applications via Automatic Partitioning,SOSP,2007,https://openalex.org/A5020572630,Jed Liu,middle,2002.0,26.0,873.0,13.0,13.0,5.0,Junior
https://openalex.org/W2166510103,Secure Web Applications via Automatic Partitioning,SOSP,2007,https://openalex.org/A5101697549,Andrew C. Myers,middle,1993.0,212.0,11113.0,49.0,103.0,14.0,Senior
https://openalex.org/W2166510103,Secure Web Applications via Automatic Partitioning,SOSP,2007,https://openalex.org/A5101550167,Xin Qi,middle,2004.0,69.0,1339.0,18.0,24.0,3.0,Junior
https://openalex.org/W2166510103,Secure Web Applications via Automatic Partitioning,SOSP,2007,https://openalex.org/A5112275394,K. Vikram,middle,2000.0,10.0,773.0,8.0,8.0,7.0,Senior
https://openalex.org/W2166510103,Secure Web Applications via Automatic Partitioning,SOSP,2007,https://openalex.org/A5069017863,Lantian Zheng,middle,2001.0,19.0,997.0,11.0,12.0,6.0,Senior
https://openalex.org/W2166510103,Secure Web Applications via Automatic Partitioning,SOSP,2007,https://openalex.org/A5006099637,Xin Zheng,last,1998.0,40.0,1067.0,18.0,21.0,9.0,Senior
https://openalex.org/W2170835539,Faster integer multiplication,STOC,2007,https://openalex.org/A5052643589,Martin Fürer,first,1976.0,113.0,2025.0,21.0,31.0,31.0,Senior
https://openalex.org/W1998698985,Towards 3-query locally decodable codes of subexponential length,STOC,2007,https://openalex.org/A5046685409,Sergey Yekhanin,first,2002.0,101.0,5896.0,34.0,53.0,5.0,Junior
https://openalex.org/W2140280838,ThinSight: Versatile Multi-touch Sensing for Thin Form-factor Displays,UIST,2007,https://openalex.org/A5031564691,Steve Hodges,first,1991.0,205.0,13550.0,42.0,87.0,16.0,Senior
https://openalex.org/W2140280838,ThinSight: Versatile Multi-touch Sensing for Thin Form-factor Displays,UIST,2007,https://openalex.org/A5014927177,Shahram Izadi,middle,2001.0,224.0,23739.0,73.0,147.0,6.0,Senior
https://openalex.org/W2140280838,ThinSight: Versatile Multi-touch Sensing for Thin Form-factor Displays,UIST,2007,https://openalex.org/A5076861145,Alex Butler,middle,2006.0,17.0,2007.0,11.0,12.0,1.0,Junior
https://openalex.org/W2140280838,ThinSight: Versatile Multi-touch Sensing for Thin Form-factor Displays,UIST,2007,https://openalex.org/A5044588476,Alban Rrustemi,middle,2007.0,4.0,185.0,3.0,3.0,0.0,Junior
https://openalex.org/W2140280838,ThinSight: Versatile Multi-touch Sensing for Thin Form-factor Displays,UIST,2007,https://openalex.org/A5066380229,Bill Buxton,last,1984.0,165.0,4534.0,29.0,43.0,23.0,Senior
https://openalex.org/W2140613126,Scalable Semantic Web Data Management Using Vertical Partitioning,VLDB,2007,https://openalex.org/A5049333271,Daniel J. Abadi,first,2002.0,100.0,15029.0,47.0,64.0,5.0,Junior
https://openalex.org/W2140613126,Scalable Semantic Web Data Management Using Vertical Partitioning,VLDB,2007,https://openalex.org/A5112355043,Adam Marcus,middle,1969.0,59.0,3473.0,24.0,29.0,38.0,Senior
https://openalex.org/W2140613126,Scalable Semantic Web Data Management Using Vertical Partitioning,VLDB,2007,https://openalex.org/A5037742794,Samuel Madden,middle,1972.0,446.0,44711.0,98.0,266.0,35.0,Senior
https://openalex.org/W2140613126,Scalable Semantic Web Data Management Using Vertical Partitioning,VLDB,2007,https://openalex.org/A5014318204,Kate Hollenbach,last,2007.0,3.0,1040.0,3.0,3.0,0.0,Junior
https://openalex.org/W2028891984,"Wherefore art thou r3579x?: anonymized social networks, hidden patterns, and structural steganography",WWW,2007,https://openalex.org/A5081744093,Lars Bäckström,first,1962.0,54.0,12772.0,34.0,38.0,45.0,Senior
https://openalex.org/W2028891984,"Wherefore art thou r3579x?: anonymized social networks, hidden patterns, and structural steganography",WWW,2007,https://openalex.org/A5011820318,Cynthia Dwork,middle,1982.0,250.0,52912.0,69.0,140.0,25.0,Senior
https://openalex.org/W2028891984,"Wherefore art thou r3579x?: anonymized social networks, hidden patterns, and structural steganography",WWW,2007,https://openalex.org/A5055710645,Jon Kleinberg,last,1956.0,562.0,88367.0,115.0,293.0,51.0,Senior
https://openalex.org/W1607840088,Model Counting: A New Strategy for Obtaining Good Bounds,AAAI,2006,https://openalex.org/A5069030030,Carla P. Gomes,first,1992.0,346.0,12803.0,51.0,150.0,14.0,Senior
https://openalex.org/W1607840088,Model Counting: A New Strategy for Obtaining Good Bounds,AAAI,2006,https://openalex.org/A5077726785,Ashish Sabharwal,middle,1998.0,281.0,7762.0,44.0,110.0,8.0,Senior
https://openalex.org/W1607840088,Model Counting: A New Strategy for Obtaining Good Bounds,AAAI,2006,https://openalex.org/A5108339374,Bart Selman,last,2019.0,1.0,0.0,0.0,0.0,-13.0,Junior
https://openalex.org/W52985456,Towards an Axiom System for Default Logic,AAAI,2006,https://openalex.org/A5005730180,Gerhard Lakemeyer,first,1986.0,309.0,5347.0,33.0,112.0,20.0,Senior
https://openalex.org/W52985456,Towards an Axiom System for Default Logic,AAAI,2006,https://openalex.org/A5025681351,Hector J. Levesque,last,1977.0,241.0,18224.0,59.0,123.0,29.0,Senior
https://openalex.org/W2144108169,Semantic taxonomy induction from heterogenous evidence,ACL,2006,https://openalex.org/A5027983493,Rion Snow,first,2004.0,11.0,6297.0,10.0,10.0,2.0,Junior
https://openalex.org/W2144108169,Semantic taxonomy induction from heterogenous evidence,ACL,2006,https://openalex.org/A5036266399,Daniel Jurafsky,middle,1988.0,116.0,19644.0,53.0,89.0,18.0,Senior
https://openalex.org/W2144108169,Semantic taxonomy induction from heterogenous evidence,ACL,2006,https://openalex.org/A5112456378,Andrew Y. Ng,last,1982.0,393.0,133108.0,126.0,265.0,24.0,Senior
https://openalex.org/W2003257628,Trackball text entry for people with motor impairments,CHI,2006,https://openalex.org/A5086377685,Jacob O. Wobbrock,first,1998.0,266.0,19065.0,68.0,174.0,8.0,Senior
https://openalex.org/W2003257628,Trackball text entry for people with motor impairments,CHI,2006,https://openalex.org/A5005887313,Brad A. Myers,last,1970.0,557.0,31141.0,93.0,331.0,36.0,Senior
https://openalex.org/W4390808104,Embedded phenomena: supporting science learning with classroom-sized distributed simulations,CHI,2006,https://openalex.org/A5108424772,Tom Moher,first,1999.0,55.0,464.0,12.0,16.0,7.0,Senior
https://openalex.org/W2118755902,A role for haptics in mobile interaction: initial design using a handheld tactile display prototype,CHI,2006,https://openalex.org/A5058733178,J. Luk,first,2006.0,5.0,316.0,4.0,4.0,0.0,Junior
https://openalex.org/W2118755902,A role for haptics in mobile interaction: initial design using a handheld tactile display prototype,CHI,2006,https://openalex.org/A5067442653,Jérôme Pasquero,middle,2003.0,14.0,839.0,12.0,12.0,3.0,Junior
https://openalex.org/W2118755902,A role for haptics in mobile interaction: initial design using a handheld tactile display prototype,CHI,2006,https://openalex.org/A5080542443,S. Little,middle,2006.0,3.0,283.0,3.0,3.0,0.0,Junior
https://openalex.org/W2118755902,A role for haptics in mobile interaction: initial design using a handheld tactile display prototype,CHI,2006,https://openalex.org/A5061277210,Karon E. MacLean,middle,1987.0,185.0,6335.0,46.0,106.0,19.0,Senior
https://openalex.org/W2118755902,A role for haptics in mobile interaction: initial design using a handheld tactile display prototype,CHI,2006,https://openalex.org/A5078354524,Vincent Lévesque,middle,2002.0,32.0,1359.0,15.0,17.0,4.0,Junior
https://openalex.org/W2118755902,A role for haptics in mobile interaction: initial design using a handheld tactile display prototype,CHI,2006,https://openalex.org/A5011595733,Vincent Hayward,last,1983.0,358.0,12654.0,60.0,182.0,23.0,Senior
https://openalex.org/W2044983364,Discovering and Exploiting Keyword and Attribute-Value Co-occurrences to Improve P2P Routing Indices,CIKM,2006,https://openalex.org/A5043223305,Sebastian Michel,first,1995.0,197.0,3216.0,31.0,69.0,11.0,Senior
https://openalex.org/W2044983364,Discovering and Exploiting Keyword and Attribute-Value Co-occurrences to Improve P2P Routing Indices,CIKM,2006,https://openalex.org/A5102113183,Matthias Bender,middle,1969.0,110.0,992.0,17.0,26.0,37.0,Senior
https://openalex.org/W2044983364,Discovering and Exploiting Keyword and Attribute-Value Co-occurrences to Improve P2P Routing Indices,CIKM,2006,https://openalex.org/A5021697915,Nikos Ntarmos,middle,2003.0,59.0,759.0,17.0,22.0,3.0,Junior
https://openalex.org/W2044983364,Discovering and Exploiting Keyword and Attribute-Value Co-occurrences to Improve P2P Routing Indices,CIKM,2006,https://openalex.org/A5052475427,Peter Triantafillou,middle,1990.0,373.0,4342.0,33.0,110.0,16.0,Senior
https://openalex.org/W2044983364,Discovering and Exploiting Keyword and Attribute-Value Co-occurrences to Improve P2P Routing Indices,CIKM,2006,https://openalex.org/A5088135366,Gerhard Weikum,middle,1984.0,941.0,30930.0,84.0,374.0,22.0,Senior
https://openalex.org/W2044983364,Discovering and Exploiting Keyword and Attribute-Value Co-occurrences to Improve P2P Routing Indices,CIKM,2006,https://openalex.org/A5060679963,Christian Zimmer,last,1977.0,124.0,1191.0,19.0,34.0,29.0,Senior
https://openalex.org/W2146352414,Putting Objects in Perspective,CVPR,2006,https://openalex.org/A5009682734,Derek Hoiem,first,2004.0,184.0,23796.0,48.0,87.0,2.0,Junior
https://openalex.org/W2146352414,Putting Objects in Perspective,CVPR,2006,https://openalex.org/A5077436220,Alexei A. Efros,middle,1995.0,315.0,91964.0,101.0,204.0,11.0,Senior
https://openalex.org/W2146352414,Putting Objects in Perspective,CVPR,2006,https://openalex.org/A5075246991,Martial Hebert,last,1975.0,593.0,43019.0,101.0,366.0,31.0,Senior
https://openalex.org/W2026177035,Settling the Complexity of 2-Player Nash Equilibrium,FOCS,2006,https://openalex.org/A5100329834,Xi Chen,first,1994.0,277.0,5856.0,38.0,89.0,12.0,Senior
https://openalex.org/W2026177035,Settling the Complexity of 2-Player Nash Equilibrium,FOCS,2006,https://openalex.org/A5100638710,Xiaotie Deng,last,1989.0,519.0,10591.0,47.0,155.0,17.0,Senior
https://openalex.org/W2082731247,Controlling factors in evaluating path-sensitive error detection techniques,FSE,2006,https://openalex.org/A5086757331,Matthew B. Dwyer,first,1994.0,304.0,10103.0,50.0,126.0,12.0,Senior
https://openalex.org/W2082731247,Controlling factors in evaluating path-sensitive error detection techniques,FSE,2006,https://openalex.org/A5113498450,Suzette Person,middle,1979.0,53.0,1575.0,15.0,19.0,27.0,Senior
https://openalex.org/W2082731247,Controlling factors in evaluating path-sensitive error detection techniques,FSE,2006,https://openalex.org/A5025318877,Sebastian Elbaum,last,1999.0,245.0,8842.0,43.0,122.0,7.0,Senior
https://openalex.org/W2107794009,SYNERGY: a new algorithm for property checking,FSE,2006,https://openalex.org/A5028750260,Bhargav S. Gulavani,first,2006.0,16.0,612.0,9.0,9.0,0.0,Junior
https://openalex.org/W2107794009,SYNERGY: a new algorithm for property checking,FSE,2006,https://openalex.org/A5080555605,Thomas A. Henzinger,middle,1985.0,728.0,44019.0,98.0,395.0,21.0,Senior
https://openalex.org/W2107794009,SYNERGY: a new algorithm for property checking,FSE,2006,https://openalex.org/A5008657833,Yamini Kannan,middle,2006.0,2.0,267.0,2.0,2.0,0.0,Junior
https://openalex.org/W2107794009,SYNERGY: a new algorithm for property checking,FSE,2006,https://openalex.org/A5111937381,Aditya V. Nori,middle,2001.0,84.0,3571.0,32.0,47.0,5.0,Junior
https://openalex.org/W2107794009,SYNERGY: a new algorithm for property checking,FSE,2006,https://openalex.org/A5076139746,Sriram K. Rajamani,last,1970.0,208.0,10855.0,55.0,108.0,36.0,Senior
https://openalex.org/W2162152253,Trading convexity for scalability,ICML,2006,https://openalex.org/A5053915453,Ronan Collobert,first,2000.0,153.0,33236.0,49.0,91.0,6.0,Senior
https://openalex.org/W2162152253,Trading convexity for scalability,ICML,2006,https://openalex.org/A5036361185,Fabian H. Sinz,middle,2004.0,110.0,4697.0,29.0,59.0,2.0,Junior
https://openalex.org/W2162152253,Trading convexity for scalability,ICML,2006,https://openalex.org/A5076635608,Jason Weston,middle,1998.0,351.0,78273.0,94.0,206.0,8.0,Senior
https://openalex.org/W2162152253,Trading convexity for scalability,ICML,2006,https://openalex.org/A5019206666,Léon Bottou,last,1988.0,191.0,118031.0,69.0,123.0,18.0,Senior
https://openalex.org/W2071616717,Model-Based Development of Dynamically Adaptive Software,ICSE,2006,https://openalex.org/A5101744869,Zhang Ji,first,2002.0,44.0,657.0,9.0,9.0,4.0,Junior
https://openalex.org/W2071616717,Model-Based Development of Dynamically Adaptive Software,ICSE,2006,https://openalex.org/A5047852703,Betty H. C. Cheng,last,1989.0,302.0,9355.0,46.0,150.0,17.0,Senior
https://openalex.org/W2079317829,Who Should Fix This Bug?,ICSE,2006,https://openalex.org/A5038565477,John Anvik,first,2001.0,47.0,3413.0,19.0,23.0,5.0,Junior
https://openalex.org/W2079317829,Who Should Fix This Bug?,ICSE,2006,https://openalex.org/A5033307955,Lyndon Hiew,middle,2005.0,3.0,1268.0,3.0,3.0,1.0,Junior
https://openalex.org/W2079317829,Who Should Fix This Bug?,ICSE,2006,https://openalex.org/A5084524791,Gail C. Murphy,last,1989.0,275.0,15835.0,62.0,154.0,17.0,Senior
https://openalex.org/W2069488474,Delay and Capacity Trade-offs in Mobile Ad Hoc Networks: A Global Perspective,INFOCOM,2006,https://openalex.org/A5100705959,Gaurav Sharma,first,1994.0,597.0,17425.0,53.0,166.0,12.0,Senior
https://openalex.org/W2069488474,Delay and Capacity Trade-offs in Mobile Ad Hoc Networks: A Global Perspective,INFOCOM,2006,https://openalex.org/A5061577384,Ravi R. Mazumdar,middle,1986.0,235.0,5492.0,31.0,73.0,20.0,Senior
https://openalex.org/W2069488474,Delay and Capacity Trade-offs in Mobile Ad Hoc Networks: A Global Perspective,INFOCOM,2006,https://openalex.org/A5035752536,Ness B. Shroff,last,1950.0,682.0,20291.0,66.0,296.0,56.0,Senior
https://openalex.org/W2035720976,Training linear SVMs in linear time,KDD,2006,https://openalex.org/A5014687727,Thorsten Joachims,first,1995.0,300.0,52870.0,70.0,170.0,11.0,Senior
https://openalex.org/W2058535975,Rethink the Sync,OSDI,2006,https://openalex.org/A5031385754,Edmund B. Nightingale,first,2003.0,34.0,3431.0,22.0,26.0,3.0,Junior
https://openalex.org/W2058535975,Rethink the Sync,OSDI,2006,https://openalex.org/A5020883423,Kaushik Veeraraghavan,middle,2006.0,34.0,1817.0,19.0,22.0,0.0,Junior
https://openalex.org/W2058535975,Rethink the Sync,OSDI,2006,https://openalex.org/A5027819880,Peter M. Chen,middle,1982.0,116.0,8539.0,45.0,77.0,24.0,Senior
https://openalex.org/W2058535975,Rethink the Sync,OSDI,2006,https://openalex.org/A5000977391,Jason Flinn,last,1992.0,133.0,7432.0,46.0,76.0,14.0,Senior
https://openalex.org/W1981420413,Bigtable: A Distributed Storage System for Structured Data,OSDI,2006,https://openalex.org/A5005556081,Fay W. Chang,first,1996.0,23.0,6740.0,15.0,17.0,10.0,Senior
https://openalex.org/W1981420413,Bigtable: A Distributed Storage System for Structured Data,OSDI,2006,https://openalex.org/A5043872671,Jay B. Dean,middle,1861.0,315.0,130823.0,65.0,167.0,145.0,Senior
https://openalex.org/W1981420413,Bigtable: A Distributed Storage System for Structured Data,OSDI,2006,https://openalex.org/A5012998255,Sanjay Ghemawat,middle,1981.0,49.0,64634.0,27.0,31.0,25.0,Senior
https://openalex.org/W1981420413,Bigtable: A Distributed Storage System for Structured Data,OSDI,2006,https://openalex.org/A5002433369,Wilson C. Hsieh,middle,1988.0,90.0,10192.0,29.0,46.0,18.0,Senior
https://openalex.org/W1981420413,Bigtable: A Distributed Storage System for Structured Data,OSDI,2006,https://openalex.org/A5006360507,Deborah A. Wallach,middle,1992.0,27.0,6605.0,16.0,18.0,14.0,Senior
https://openalex.org/W1981420413,Bigtable: A Distributed Storage System for Structured Data,OSDI,2006,https://openalex.org/A5080605012,Mike Burrows,middle,1988.0,26.0,7437.0,13.0,13.0,18.0,Senior
https://openalex.org/W1981420413,Bigtable: A Distributed Storage System for Structured Data,OSDI,2006,https://openalex.org/A5085084822,Tushar Chandra,middle,1972.0,113.0,17444.0,26.0,54.0,34.0,Senior
https://openalex.org/W1981420413,Bigtable: A Distributed Storage System for Structured Data,OSDI,2006,https://openalex.org/A5021565422,Andrew Fikes,middle,2006.0,8.0,7388.0,8.0,8.0,0.0,Junior
https://openalex.org/W1981420413,Bigtable: A Distributed Storage System for Structured Data,OSDI,2006,https://openalex.org/A5027104735,Robert Gruber,last,1978.0,45.0,6768.0,17.0,25.0,28.0,Senior
https://openalex.org/W2036564813,Two-variable logic on data trees and XML reasoning,PODS,2006,https://openalex.org/A5044780614,Anca Muscholl,middle,1993.0,216.0,2614.0,28.0,66.0,13.0,Senior
https://openalex.org/W2036564813,Two-variable logic on data trees and XML reasoning,PODS,2006,https://openalex.org/A5031710345,Thomas Schwentick,middle,1991.0,210.0,4638.0,37.0,86.0,15.0,Senior
https://openalex.org/W2036564813,Two-variable logic on data trees and XML reasoning,PODS,2006,https://openalex.org/A5042411667,Luc Segoufin,last,1997.0,133.0,3226.0,34.0,71.0,9.0,Senior
https://openalex.org/W2124504084,Minimal Test Collections for Retrieval Evaluation,SIGIR,2006,https://openalex.org/A5078123101,Ben Carterette,first,1999.0,155.0,4461.0,34.0,77.0,7.0,Senior
https://openalex.org/W2124504084,Minimal Test Collections for Retrieval Evaluation,SIGIR,2006,https://openalex.org/A5034070218,James Allan,middle,1829.0,401.0,15496.0,62.0,183.0,177.0,Senior
https://openalex.org/W2124504084,Minimal Test Collections for Retrieval Evaluation,SIGIR,2006,https://openalex.org/A5037538509,Ramesh K. Sitaraman,last,1988.0,223.0,7836.0,42.0,101.0,18.0,Senior
https://openalex.org/W4214714086,Maximizing throughput in wireless networks via gossiping,SIGMETRICS,2006,https://openalex.org/A5036587377,Eytan Modiano,first,1992.0,566.0,16245.0,62.0,231.0,14.0,Senior
https://openalex.org/W4214714086,Maximizing throughput in wireless networks via gossiping,SIGMETRICS,2006,https://openalex.org/A5029499294,Devavrat Shah,middle,1999.0,450.0,17990.0,63.0,189.0,7.0,Senior
https://openalex.org/W4214714086,Maximizing throughput in wireless networks via gossiping,SIGMETRICS,2006,https://openalex.org/A5053342250,Gil Zussman,last,2002.0,297.0,6835.0,45.0,141.0,4.0,Junior
https://openalex.org/W118378920,To search or to crawl?: towards a query optimizer for text-centric tasks,SIGMOD,2006,https://openalex.org/A5012667159,Timothy David Brody,first,2006.0,1.0,24.0,1.0,1.0,0.0,Junior
https://openalex.org/W336776360,The PCP theorem by gap amplification,STOC,2006,https://openalex.org/A5029616850,Irit Dinur,first,1998.0,145.0,5085.0,31.0,52.0,8.0,Senior
https://openalex.org/W2062658884,"Reflective Physical Prototyping through Integrated Design, Test, and Analysis",UIST,2006,https://openalex.org/A5084965768,Björn Hartmann,first,1979.0,135.0,8312.0,50.0,92.0,27.0,Senior
https://openalex.org/W2062658884,"Reflective Physical Prototyping through Integrated Design, Test, and Analysis",UIST,2006,https://openalex.org/A5023550565,Scott Klemmer,middle,2000.0,174.0,9396.0,45.0,89.0,6.0,Senior
https://openalex.org/W2062658884,"Reflective Physical Prototyping through Integrated Design, Test, and Analysis",UIST,2006,https://openalex.org/A5076189854,Michael S. Bernstein,middle,1980.0,285.0,65990.0,66.0,166.0,26.0,Senior
https://openalex.org/W2062658884,"Reflective Physical Prototyping through Integrated Design, Test, and Analysis",UIST,2006,https://openalex.org/A5039522737,Leith Abdulla,middle,2001.0,3.0,455.0,2.0,2.0,5.0,Junior
https://openalex.org/W2062658884,"Reflective Physical Prototyping through Integrated Design, Test, and Analysis",UIST,2006,https://openalex.org/A5083064518,Brandon K. Burr,middle,2006.0,34.0,589.0,12.0,15.0,0.0,Junior
https://openalex.org/W2062658884,"Reflective Physical Prototyping through Integrated Design, Test, and Analysis",UIST,2006,https://openalex.org/A5025621198,Avi Robinson-Mosher,middle,2006.0,7.0,692.0,7.0,7.0,0.0,Junior
https://openalex.org/W2062658884,"Reflective Physical Prototyping through Integrated Design, Test, and Analysis",UIST,2006,https://openalex.org/A5102124557,Jennifer Gee,last,2006.0,3.0,302.0,1.0,1.0,0.0,Junior
https://openalex.org/W2146081216,Trustworthy Keyword Search for Regulatory-Compliant Records Retention,VLDB,2006,https://openalex.org/A5110176750,Soumyadeb Mitra,first,2005.0,17.0,160.0,7.0,6.0,1.0,Junior
https://openalex.org/W2146081216,Trustworthy Keyword Search for Regulatory-Compliant Records Retention,VLDB,2006,https://openalex.org/A5111426489,Windsor W. Hsu,middle,1996.0,25.0,466.0,10.0,11.0,10.0,Senior
https://openalex.org/W2146081216,Trustworthy Keyword Search for Regulatory-Compliant Records Retention,VLDB,2006,https://openalex.org/A5011314280,Marianne Winslett,last,1984.0,419.0,8183.0,46.0,145.0,22.0,Senior
https://openalex.org/W2128941908,Random Sampling from a Search Engine's Index,WWW,2006,https://openalex.org/A5054834255,Ziv Bar-Yossef,first,1997.0,50.0,4766.0,31.0,41.0,9.0,Senior
https://openalex.org/W2128941908,Random Sampling from a Search Engine's Index,WWW,2006,https://openalex.org/A5086993894,Maxim Gurevich,last,2000.0,77.0,1441.0,21.0,31.0,6.0,Senior
https://openalex.org/W1587673378,The Max K- Armed Bandit: A New Model of Exploration Applied to Search Heuristic Selection,AAAI,2005,https://openalex.org/A5011219888,Vincent Cicirello,first,1975.0,144.0,1583.0,24.0,35.0,30.0,Senior
https://openalex.org/W1587673378,The Max K- Armed Bandit: A New Model of Exploration Applied to Search Heuristic Selection,AAAI,2005,https://openalex.org/A5043058554,Stephen F. Smith,last,1881.0,378.0,8332.0,50.0,149.0,124.0,Senior
https://openalex.org/W2152263452,A Hierarchical Phrase-Based Model for Statistical Machine Translation,ACL,2005,https://openalex.org/A5036026526,David Chiang,first,1969.0,199.0,6716.0,31.0,66.0,36.0,Senior
https://openalex.org/W2112103637,The bubble cursor: enhancing target acquisition by dynamic resizing of the cursor's activation area,CHI,2005,https://openalex.org/A5058485609,Tovi Grossman,first,1994.0,234.0,10459.0,59.0,150.0,11.0,Senior
https://openalex.org/W2112103637,The bubble cursor: enhancing target acquisition by dynamic resizing of the cursor's activation area,CHI,2005,https://openalex.org/A5063443025,Ravin Balakrishnan,last,1984.0,186.0,14017.0,66.0,144.0,21.0,Senior
https://openalex.org/W2107788319,Designing the spectator experience,CHI,2005,https://openalex.org/A5020860057,Stuart Reeves,first,2001.0,163.0,4813.0,34.0,82.0,4.0,Junior
https://openalex.org/W2107788319,Designing the spectator experience,CHI,2005,https://openalex.org/A5086725824,Steve Benford,middle,1988.0,544.0,18185.0,66.0,267.0,17.0,Senior
https://openalex.org/W2107788319,Designing the spectator experience,CHI,2005,https://openalex.org/A5031957633,Claire O’Malley,middle,1983.0,184.0,14422.0,46.0,100.0,22.0,Senior
https://openalex.org/W2107788319,Designing the spectator experience,CHI,2005,https://openalex.org/A5052224949,Mike Fraser,last,1955.0,167.0,3583.0,31.0,63.0,50.0,Senior
https://openalex.org/W2153282521,Examining Task Engagement in Sensor-Based Statistical Models of Human Interruptibility,CHI,2005,https://openalex.org/A5066568444,James Fogarty,first,1971.0,178.0,8858.0,53.0,101.0,34.0,Senior
https://openalex.org/W2153282521,Examining Task Engagement in Sensor-Based Statistical Models of Human Interruptibility,CHI,2005,https://openalex.org/A5037160778,Amy J. Ko,middle,2001.0,202.0,8850.0,52.0,118.0,4.0,Junior
https://openalex.org/W2153282521,Examining Task Engagement in Sensor-Based Statistical Models of Human Interruptibility,CHI,2005,https://openalex.org/A5103008611,Htet Htet Aung,middle,2003.0,38.0,2847.0,18.0,23.0,2.0,Junior
https://openalex.org/W2153282521,Examining Task Engagement in Sensor-Based Statistical Models of Human Interruptibility,CHI,2005,https://openalex.org/A5070736366,Elspeth Golden,middle,2005.0,15.0,212.0,7.0,4.0,0.0,Junior
https://openalex.org/W2153282521,Examining Task Engagement in Sensor-Based Statistical Models of Human Interruptibility,CHI,2005,https://openalex.org/A5110257961,Karen Tang,middle,2001.0,23.0,797.0,14.0,15.0,4.0,Junior
https://openalex.org/W2153282521,Examining Task Engagement in Sensor-Based Statistical Models of Human Interruptibility,CHI,2005,https://openalex.org/A5039238746,Scott E. Hudson,last,1977.0,317.0,15185.0,72.0,218.0,28.0,Senior
https://openalex.org/W4301013381,Making space for stories: ambiguity in the design of personal communication systems,CHI,2005,https://openalex.org/A5085311483,Paul M. Aoki,first,1991.0,78.0,3224.0,27.0,45.0,14.0,Senior
https://openalex.org/W4301013381,Making space for stories: ambiguity in the design of personal communication systems,CHI,2005,https://openalex.org/A5045188560,Allison Woodruff,last,1991.0,135.0,5518.0,35.0,67.0,14.0,Senior
https://openalex.org/W1965605976,Towards Automatic Association of Relevant Unstructured Content with Structured Query Results,CIKM,2005,https://openalex.org/A5100836787,Prasan Roy,first,1999.0,30.0,1800.0,15.0,15.0,6.0,Senior
https://openalex.org/W1965605976,Towards Automatic Association of Relevant Unstructured Content with Structured Query Results,CIKM,2005,https://openalex.org/A5047987914,Mukesh Mohania,middle,1994.0,251.0,2420.0,26.0,64.0,11.0,Senior
https://openalex.org/W1965605976,Towards Automatic Association of Relevant Unstructured Content with Structured Query Results,CIKM,2005,https://openalex.org/A5002696075,Bhuvan Bamba,middle,2004.0,32.0,921.0,12.0,13.0,1.0,Junior
https://openalex.org/W1965605976,Towards Automatic Association of Relevant Unstructured Content with Structured Query Results,CIKM,2005,https://openalex.org/A5109919606,Shree Raman,last,2005.0,1.0,39.0,1.0,1.0,0.0,Junior
https://openalex.org/W2140720810,Real-Time Non-Rigid Surface Detection,CVPR,2005,https://openalex.org/A5111618543,Günter Oberdörster,first,1966.0,289.0,40746.0,85.0,196.0,39.0,Senior
https://openalex.org/W2140720810,Real-Time Non-Rigid Surface Detection,CVPR,2005,https://openalex.org/A5090218914,Andrew Maynard,middle,1934.0,287.0,18641.0,49.0,102.0,71.0,Senior
https://openalex.org/W2140720810,Real-Time Non-Rigid Surface Detection,CVPR,2005,https://openalex.org/A5034736085,Ken Donaldson,middle,1980.0,230.0,28526.0,79.0,149.0,25.0,Senior
https://openalex.org/W2140720810,Real-Time Non-Rigid Surface Detection,CVPR,2005,https://openalex.org/A5108678933,Vincent Castranova,middle,1976.0,494.0,35034.0,92.0,345.0,29.0,Senior
https://openalex.org/W2140720810,Real-Time Non-Rigid Surface Detection,CVPR,2005,https://openalex.org/A5086981239,Julie Fitzpatrick,middle,2005.0,9.0,2445.0,6.0,6.0,0.0,Junior
https://openalex.org/W2140720810,Real-Time Non-Rigid Surface Detection,CVPR,2005,https://openalex.org/A5039360158,Kevin D. Ausman,middle,1997.0,41.0,9525.0,17.0,19.0,8.0,Senior
https://openalex.org/W2140720810,Real-Time Non-Rigid Surface Detection,CVPR,2005,https://openalex.org/A5012327561,Janet Carter,middle,1969.0,162.0,5882.0,27.0,60.0,36.0,Senior
https://openalex.org/W2140720810,Real-Time Non-Rigid Surface Detection,CVPR,2005,https://openalex.org/A5041997270,Barbara Karn,middle,1980.0,27.0,3847.0,14.0,15.0,25.0,Senior
https://openalex.org/W2140720810,Real-Time Non-Rigid Surface Detection,CVPR,2005,https://openalex.org/A5031986237,Wolfgang G. Kreyling,middle,1979.0,282.0,30743.0,81.0,175.0,26.0,Senior
https://openalex.org/W2140720810,Real-Time Non-Rigid Surface Detection,CVPR,2005,https://openalex.org/A5113548805,David Y. Lai,middle,1977.0,45.0,6550.0,18.0,25.0,28.0,Senior
https://openalex.org/W2140720810,Real-Time Non-Rigid Surface Detection,CVPR,2005,https://openalex.org/A5026541479,Stephen S. Olin,middle,1843.0,49.0,4989.0,22.0,27.0,162.0,Senior
https://openalex.org/W2140720810,Real-Time Non-Rigid Surface Detection,CVPR,2005,https://openalex.org/A5038299644,Nancy A. Monteiro‐Riviere,middle,1981.0,340.0,19992.0,74.0,197.0,24.0,Senior
https://openalex.org/W2140720810,Real-Time Non-Rigid Surface Detection,CVPR,2005,https://openalex.org/A5112829505,David B. Warheit,middle,1986.0,120.0,11144.0,34.0,61.0,19.0,Senior
https://openalex.org/W2140720810,Real-Time Non-Rigid Surface Detection,CVPR,2005,https://openalex.org/A5078052958,Hong Yang,last,1988.0,383.0,26689.0,82.0,228.0,17.0,Senior
https://openalex.org/W2133589924,Correcting Errors Beyond the Guruswami-Sudan Radius in Polynomial Time,FOCS,2005,https://openalex.org/A5006066917,Farzad Parvaresh,first,2003.0,81.0,1346.0,15.0,19.0,2.0,Junior
https://openalex.org/W2133589924,Correcting Errors Beyond the Guruswami-Sudan Radius in Polynomial Time,FOCS,2005,https://openalex.org/A5004102644,Alexander Vardy,last,1990.0,319.0,13976.0,53.0,156.0,15.0,Senior
https://openalex.org/W2150240046,Automatic Generation of Suggestions for Program Investigation,FSE,2005,https://openalex.org/A5059244952,Martin P. Robillard,first,1998.0,195.0,7428.0,47.0,94.0,7.0,Senior
https://openalex.org/W2166140339,Context- and path-sensitive memory leak detection,FSE,2005,https://openalex.org/A5046598816,Yichen Xie,first,2000.0,80.0,2484.0,22.0,27.0,5.0,Junior
https://openalex.org/W2166140339,Context- and path-sensitive memory leak detection,FSE,2005,https://openalex.org/A5087402475,Alex Aiken,last,1975.0,395.0,20424.0,75.0,222.0,30.0,Senior
https://openalex.org/W2009489720,CUTE: a concolic unit testing engine for C,FSE,2005,https://openalex.org/A5101569699,Koushik Sen,first,2003.0,255.0,18779.0,65.0,143.0,2.0,Junior
https://openalex.org/W2009489720,CUTE: a concolic unit testing engine for C,FSE,2005,https://openalex.org/A5081289583,Darko Marinov,middle,1999.0,216.0,11093.0,55.0,132.0,6.0,Senior
https://openalex.org/W2009489720,CUTE: a concolic unit testing engine for C,FSE,2005,https://openalex.org/A5076315769,Gul Agha,last,1977.0,434.0,16044.0,51.0,181.0,28.0,Senior
https://openalex.org/W2105340458,Globally Optimal Estimates for Geometric Reconstruction Problems,ICCV,2005,https://openalex.org/A5112556001,Fredrik Kahl,first,1995.0,260.0,6752.0,44.0,108.0,10.0,Senior
https://openalex.org/W2105340458,Globally Optimal Estimates for Geometric Reconstruction Problems,ICCV,2005,https://openalex.org/A5074893139,Didier Henrion,last,1995.0,414.0,7434.0,41.0,129.0,10.0,Senior
https://openalex.org/W2070771761,A support vector method for multivariate performance measures,ICML,2005,https://openalex.org/A5014687727,Thorsten Joachims,first,1995.0,300.0,52870.0,70.0,170.0,10.0,Senior
https://openalex.org/W2170239024,Data Structure Repair Using Goal-Directed Reasoning,ICSE,2005,https://openalex.org/A5016315666,Brian Demsky,first,2001.0,95.0,1929.0,23.0,47.0,4.0,Junior
https://openalex.org/W2170239024,Data Structure Repair Using Goal-Directed Reasoning,ICSE,2005,https://openalex.org/A5045127387,Martin Rinard,last,1984.0,486.0,17233.0,66.0,221.0,21.0,Senior
https://openalex.org/W2169952536,Using Structural Context to Recommend Source Code Examples,ICSE,2005,https://openalex.org/A5034123811,Reid Holmes,first,1962.0,132.0,4497.0,33.0,67.0,43.0,Senior
https://openalex.org/W2169952536,Using Structural Context to Recommend Source Code Examples,ICSE,2005,https://openalex.org/A5084524791,Gail C. Murphy,last,1989.0,275.0,15835.0,62.0,154.0,16.0,Senior
https://openalex.org/W2013711971,Is Mutation an Appropriate Tool for Testing Experiments?,ICSE,2005,https://openalex.org/A5112519260,James H. Andrews,first,1966.0,154.0,3705.0,25.0,45.0,39.0,Senior
https://openalex.org/W2013711971,Is Mutation an Appropriate Tool for Testing Experiments?,ICSE,2005,https://openalex.org/A5078533117,Lionel Briand,middle,1992.0,630.0,29356.0,84.0,362.0,13.0,Senior
https://openalex.org/W2013711971,Is Mutation an Appropriate Tool for Testing Experiments?,ICSE,2005,https://openalex.org/A5007057846,Yvan Labiche,last,2000.0,170.0,7111.0,45.0,97.0,5.0,Junior
https://openalex.org/W4239049496,Eliciting Design Requirements for Maintenance-Oriented IDEs: A Detailed Study of Corrective and Perfective Maintenance Tasks,ICSE,2005,https://openalex.org/A5103412814,Andrew J. Ko,first,2000.0,46.0,1727.0,12.0,13.0,5.0,Junior
https://openalex.org/W4239049496,Eliciting Design Requirements for Maintenance-Oriented IDEs: A Detailed Study of Corrective and Perfective Maintenance Tasks,ICSE,2005,https://openalex.org/A5103008611,Htet Htet Aung,middle,2003.0,38.0,2847.0,18.0,23.0,2.0,Junior
https://openalex.org/W4239049496,Eliciting Design Requirements for Maintenance-Oriented IDEs: A Detailed Study of Corrective and Perfective Maintenance Tasks,ICSE,2005,https://openalex.org/A5005887313,Brad A. Myers,last,1970.0,557.0,31141.0,93.0,331.0,35.0,Senior
https://openalex.org/W1603364293,Learning Coordination Classifiers,IJCAI,2005,https://openalex.org/A5043824291,Yuhong Guo,first,1998.0,161.0,8449.0,33.0,70.0,7.0,Senior
https://openalex.org/W1603364293,Learning Coordination Classifiers,IJCAI,2005,https://openalex.org/A5027200864,Russell Greiner,middle,1975.0,493.0,28094.0,64.0,209.0,30.0,Senior
https://openalex.org/W1603364293,Learning Coordination Classifiers,IJCAI,2005,https://openalex.org/A5010575626,Dale Schuurmans,last,1988.0,361.0,19315.0,51.0,161.0,17.0,Senior
https://openalex.org/W2912387951,Solving Checkers,IJCAI,2005,https://openalex.org/A5018637996,Jonathan Schaeffer,first,1983.0,400.0,7825.0,46.0,146.0,22.0,Senior
https://openalex.org/W2912387951,Solving Checkers,IJCAI,2005,https://openalex.org/A5026895150,Yngvi Björnsson,middle,1996.0,73.0,1881.0,20.0,31.0,9.0,Senior
https://openalex.org/W2912387951,Solving Checkers,IJCAI,2005,https://openalex.org/A5018555885,Neil Burch,middle,1953.0,103.0,4812.0,36.0,58.0,52.0,Senior
https://openalex.org/W2912387951,Solving Checkers,IJCAI,2005,https://openalex.org/A5050914303,Akihiro Kishimoto,middle,1945.0,157.0,1986.0,23.0,51.0,60.0,Senior
https://openalex.org/W2912387951,Solving Checkers,IJCAI,2005,https://openalex.org/A5016958266,Miroslav Uller,middle,2005.0,22.0,154.0,7.0,5.0,0.0,Junior
https://openalex.org/W2912387951,Solving Checkers,IJCAI,2005,https://openalex.org/A5006108819,Robert W. Lake,middle,1886.0,154.0,3062.0,27.0,53.0,119.0,Senior
https://openalex.org/W2912387951,Solving Checkers,IJCAI,2005,https://openalex.org/A5078947325,P. Lu,middle,1982.0,90.0,3368.0,29.0,42.0,23.0,Senior
https://openalex.org/W2912387951,Solving Checkers,IJCAI,2005,https://openalex.org/A5068240197,Steve Sutphen,last,1998.0,16.0,682.0,8.0,8.0,7.0,Senior
https://openalex.org/W157725869,A Probabilistic Model of Redundancy in Information Extraction,IJCAI,2005,https://openalex.org/A5043450042,Doug Downey,first,1997.0,155.0,5269.0,31.0,63.0,8.0,Senior
https://openalex.org/W157725869,A Probabilistic Model of Redundancy in Information Extraction,IJCAI,2005,https://openalex.org/A5110184338,Oren Etzioni,middle,1987.0,247.0,31113.0,81.0,177.0,18.0,Senior
https://openalex.org/W157725869,A Probabilistic Model of Redundancy in Information Extraction,IJCAI,2005,https://openalex.org/A5037043939,Stephen Soderland,last,1992.0,71.0,10788.0,36.0,52.0,13.0,Senior
https://openalex.org/W2098608071,Perfect Simulation and Stationarity of a Class of Mobility Models,INFOCOM,2005,https://openalex.org/A5111473777,J.-Y. Le Boudec,first,1987.0,87.0,5637.0,36.0,60.0,18.0,Senior
https://openalex.org/W2098608071,Perfect Simulation and Stationarity of a Class of Mobility Models,INFOCOM,2005,https://openalex.org/A5079870557,Milan Vojnović,last,1986.0,174.0,5812.0,35.0,66.0,19.0,Senior
https://openalex.org/W1520365698,"Graphs over time: densification laws, shrinking diameters and possible explanations",KDD,2005,https://openalex.org/A5062318856,Michael Mitzenmacher,first,1994.0,398.0,29870.0,69.0,190.0,11.0,Senior
https://openalex.org/W4236944756,Automatic Pool Allocation: Improving Performance by Controlling Data Structure Layout in the Heap,PLDI,2005,https://openalex.org/A5064241063,Chris Lattner,first,2002.0,30.0,4237.0,16.0,20.0,3.0,Junior
https://openalex.org/W4236944756,Automatic Pool Allocation: Improving Performance by Controlling Data Structure Layout in the Heap,PLDI,2005,https://openalex.org/A5059017058,Vikram Adve,last,1991.0,182.0,8936.0,45.0,96.0,14.0,Senior
https://openalex.org/W4245234767,Programming by Sketching for Bit-Streaming Programs,PLDI,2005,https://openalex.org/A5010786661,Armando Solar-Lezama,first,2005.0,231.0,7780.0,44.0,106.0,0.0,Junior
https://openalex.org/W4245234767,Programming by Sketching for Bit-Streaming Programs,PLDI,2005,https://openalex.org/A5001159571,Rodric Rabbah,middle,2001.0,76.0,3057.0,26.0,42.0,4.0,Junior
https://openalex.org/W4245234767,Programming by Sketching for Bit-Streaming Programs,PLDI,2005,https://openalex.org/A5085160432,Rastislav Bodík,middle,1996.0,192.0,10906.0,49.0,107.0,9.0,Senior
https://openalex.org/W4245234767,Programming by Sketching for Bit-Streaming Programs,PLDI,2005,https://openalex.org/A5001720469,Kemal Ebci̇oğlu,last,1984.0,89.0,4401.0,27.0,48.0,21.0,Senior
https://openalex.org/W2111421966,On the complexity of division and set joins in the relational algebra,PODS,2005,https://openalex.org/A5007519378,Dirk Leinders,first,2003.0,19.0,241.0,10.0,10.0,2.0,Junior
https://openalex.org/W2111421966,On the complexity of division and set joins in the relational algebra,PODS,2005,https://openalex.org/A5089823917,Jan Van den Bussche,last,1989.0,296.0,3905.0,31.0,93.0,16.0,Senior
https://openalex.org/W2159668267,XML data exchange: consistency and query answering,PODS,2005,https://openalex.org/A5011691423,Marcelo Arenas,first,1997.0,271.0,8393.0,43.0,102.0,8.0,Senior
https://openalex.org/W2159668267,XML data exchange: consistency and query answering,PODS,2005,https://openalex.org/A5069883356,Leonid Libkin,last,1989.0,391.0,10246.0,50.0,182.0,16.0,Senior
https://openalex.org/W1963658069,Learning to estimate query difficulty: including applications to missing content detection and distributed information retrieval,SIGIR,2005,https://openalex.org/A5009670109,Elad Yom‐Tov,first,1999.0,291.0,6339.0,37.0,115.0,6.0,Senior
https://openalex.org/W1963658069,Learning to estimate query difficulty: including applications to missing content detection and distributed information retrieval,SIGIR,2005,https://openalex.org/A5040827183,Shai Fine,middle,1963.0,133.0,9611.0,37.0,74.0,42.0,Senior
https://openalex.org/W1963658069,Learning to estimate query difficulty: including applications to missing content detection and distributed information retrieval,SIGIR,2005,https://openalex.org/A5038537105,David Carmel,middle,1998.0,135.0,3136.0,30.0,50.0,7.0,Senior
https://openalex.org/W1963658069,Learning to estimate query difficulty: including applications to missing content detection and distributed information retrieval,SIGIR,2005,https://openalex.org/A5087108711,Adam Darlow,last,2002.0,19.0,948.0,12.0,13.0,3.0,Junior
https://openalex.org/W2171217544,Coupon replication systems,SIGMETRICS,2005,https://openalex.org/A5007698196,Laurent Massoulié,first,1995.0,290.0,12541.0,56.0,133.0,10.0,Senior
https://openalex.org/W2171217544,Coupon replication systems,SIGMETRICS,2005,https://openalex.org/A5079870557,Milan Vojnović,last,1986.0,174.0,5812.0,35.0,66.0,19.0,Senior
https://openalex.org/W2099323800,BAR Tolerance for Cooperative Services,SOSP,2005,https://openalex.org/A5090128483,Amitanand S. Aiyer,first,2005.0,16.0,1170.0,12.0,13.0,0.0,Junior
https://openalex.org/W2099323800,BAR Tolerance for Cooperative Services,SOSP,2005,https://openalex.org/A5048612724,Lorenzo Alvisi,middle,1991.0,145.0,10124.0,48.0,85.0,14.0,Senior
https://openalex.org/W2099323800,BAR Tolerance for Cooperative Services,SOSP,2005,https://openalex.org/A5061077761,Allen Clement,middle,2000.0,43.0,3520.0,23.0,30.0,5.0,Junior
https://openalex.org/W2099323800,BAR Tolerance for Cooperative Services,SOSP,2005,https://openalex.org/A5113625882,Mike Dahlin,middle,1999.0,84.0,5259.0,36.0,54.0,6.0,Senior
https://openalex.org/W2099323800,BAR Tolerance for Cooperative Services,SOSP,2005,https://openalex.org/A5004493576,Jean‐Philippe Martin,middle,1993.0,323.0,6538.0,40.0,107.0,12.0,Senior
https://openalex.org/W2099323800,BAR Tolerance for Cooperative Services,SOSP,2005,https://openalex.org/A5026225079,Carl Porth,last,2005.0,2.0,382.0,2.0,2.0,0.0,Junior
https://openalex.org/W2047418149,Speculative Execution in a Distributed File System,SOSP,2005,https://openalex.org/A5031385754,Edmund B. Nightingale,first,2003.0,34.0,3431.0,22.0,26.0,2.0,Junior
https://openalex.org/W2047418149,Speculative Execution in a Distributed File System,SOSP,2005,https://openalex.org/A5027819880,Peter M. Chen,middle,1982.0,116.0,8539.0,45.0,77.0,23.0,Senior
https://openalex.org/W2047418149,Speculative Execution in a Distributed File System,SOSP,2005,https://openalex.org/A5000977391,Jason Flinn,last,1992.0,133.0,7432.0,46.0,76.0,13.0,Senior
https://openalex.org/W4254762831,Vigilante: End-to-End Containment of Internet Worms,SOSP,2005,https://openalex.org/A5110237883,Manuel Costa,first,1996.0,56.0,4059.0,24.0,31.0,9.0,Senior
https://openalex.org/W4254762831,Vigilante: End-to-End Containment of Internet Worms,SOSP,2005,https://openalex.org/A5062093738,Jon Crowcroft,middle,1988.0,836.0,38129.0,89.0,374.0,17.0,Senior
https://openalex.org/W4254762831,Vigilante: End-to-End Containment of Internet Worms,SOSP,2005,https://openalex.org/A5103080503,Miguel Castro,middle,1997.0,17.0,1648.0,10.0,12.0,8.0,Senior
https://openalex.org/W4254762831,Vigilante: End-to-End Containment of Internet Worms,SOSP,2005,https://openalex.org/A5033317994,Antony Rowstron,middle,1995.0,137.0,22194.0,49.0,84.0,10.0,Senior
https://openalex.org/W4254762831,Vigilante: End-to-End Containment of Internet Worms,SOSP,2005,https://openalex.org/A5037359171,Lidong Zhou,middle,1989.0,184.0,11806.0,49.0,119.0,16.0,Senior
https://openalex.org/W4254762831,Vigilante: End-to-End Containment of Internet Worms,SOSP,2005,https://openalex.org/A5101985940,Lintao Zhang,middle,2001.0,92.0,7539.0,33.0,49.0,4.0,Junior
https://openalex.org/W4254762831,Vigilante: End-to-End Containment of Internet Worms,SOSP,2005,https://openalex.org/A5110193634,Paul Barham,last,1995.0,61.0,41634.0,30.0,40.0,10.0,Senior
https://openalex.org/W240096793,Undirected ST-connectivity in log-space,STOC,2005,https://openalex.org/A5086367709,Omer Reingold,first,1996.0,184.0,12499.0,48.0,94.0,9.0,Senior
https://openalex.org/W2042616792,Automation and Customization of Rendered Web Pages,UIST,2005,https://openalex.org/A5049757296,Michael Bolin,first,2005.0,9.0,294.0,5.0,3.0,0.0,Junior
https://openalex.org/W2042616792,Automation and Customization of Rendered Web Pages,UIST,2005,https://openalex.org/A5034545287,Matthew J. Webber,middle,1980.0,203.0,16465.0,64.0,119.0,25.0,Senior
https://openalex.org/W2042616792,Automation and Customization of Rendered Web Pages,UIST,2005,https://openalex.org/A5083854355,Philip Rha,middle,2005.0,2.0,226.0,2.0,1.0,0.0,Junior
https://openalex.org/W2042616792,Automation and Customization of Rendered Web Pages,UIST,2005,https://openalex.org/A5069855349,Tom Wilson,middle,1890.0,39.0,1053.0,12.0,13.0,115.0,Senior
https://openalex.org/W2042616792,Automation and Customization of Rendered Web Pages,UIST,2005,https://openalex.org/A5109844134,Robert C. Miller,last,1934.0,74.0,4707.0,34.0,54.0,71.0,Senior
https://openalex.org/W2135552269,Cache-conscious Frequent Pattern Mining on a Modern Processor,VLDB,2005,https://openalex.org/A5043552468,Amol Ghoting,first,2001.0,97.0,1645.0,19.0,23.0,4.0,Junior
https://openalex.org/W2135552269,Cache-conscious Frequent Pattern Mining on a Modern Processor,VLDB,2005,https://openalex.org/A5068014041,Gregory Buehrer,middle,2005.0,20.0,980.0,9.0,9.0,0.0,Junior
https://openalex.org/W2135552269,Cache-conscious Frequent Pattern Mining on a Modern Processor,VLDB,2005,https://openalex.org/A5100755351,Srinivasan Parthasarathy,middle,1936.0,741.0,19576.0,65.0,237.0,69.0,Senior
https://openalex.org/W2135552269,Cache-conscious Frequent Pattern Mining on a Modern Processor,VLDB,2005,https://openalex.org/A5100374575,Daehyun Kim,middle,2002.0,75.0,2291.0,18.0,27.0,3.0,Junior
https://openalex.org/W2135552269,Cache-conscious Frequent Pattern Mining on a Modern Processor,VLDB,2005,https://openalex.org/A5047809126,Anthony D. Nguyen,middle,2005.0,33.0,3136.0,17.0,18.0,0.0,Junior
https://openalex.org/W2135552269,Cache-conscious Frequent Pattern Mining on a Modern Processor,VLDB,2005,https://openalex.org/A5042651234,Yen-Kuang Chen,middle,1997.0,256.0,3635.0,27.0,71.0,8.0,Senior
https://openalex.org/W2135552269,Cache-conscious Frequent Pattern Mining on a Modern Processor,VLDB,2005,https://openalex.org/A5032238070,Pradeep Dubey,last,1974.0,377.0,15000.0,61.0,189.0,31.0,Senior
https://openalex.org/W1977841655,Three-level caching for efficient query processing in large Web search engines,WWW,2005,https://openalex.org/A5088242464,Xiaohui Long,first,2003.0,7.0,746.0,6.0,6.0,2.0,Junior
https://openalex.org/W1977841655,Three-level caching for efficient query processing in large Web search engines,WWW,2005,https://openalex.org/A5074323303,Torsten Suel,last,1989.0,158.0,6544.0,43.0,83.0,16.0,Senior
https://openalex.org/W2753424512,Learning and Inferring Transportation Routines,AAAI,2004,https://openalex.org/A5098429303,Mary Pogue,first,2004.0,1.0,0.0,0.0,0.0,0.0,Junior
https://openalex.org/W2121147707,Finding Predominant Word Senses in Untagged Text,ACL,2004,https://openalex.org/A5063848163,Diana McCarthy,first,1997.0,104.0,4058.0,34.0,56.0,7.0,Senior
https://openalex.org/W2121147707,Finding Predominant Word Senses in Untagged Text,ACL,2004,https://openalex.org/A5003705762,Rob Koeling,middle,1996.0,43.0,1444.0,15.0,20.0,8.0,Senior
https://openalex.org/W2121147707,Finding Predominant Word Senses in Untagged Text,ACL,2004,https://openalex.org/A5016270907,Julie Weeds,middle,2003.0,63.0,1701.0,15.0,19.0,1.0,Junior
https://openalex.org/W2121147707,Finding Predominant Word Senses in Untagged Text,ACL,2004,https://openalex.org/A5101474712,John Carroll,last,1954.0,175.0,2549.0,25.0,41.0,50.0,Senior
https://openalex.org/W2026168616,Discovering Frequently Changing Structures from Historical Structural Deltas of Unordered XML,CIKM,2004,https://openalex.org/A5075130969,Qiankun Zhao,first,2003.0,60.0,1318.0,18.0,25.0,1.0,Junior
https://openalex.org/W2026168616,Discovering Frequently Changing Structures from Historical Structural Deltas of Unordered XML,CIKM,2004,https://openalex.org/A5061002947,Sourav S. Bhowmick,middle,1998.0,414.0,4669.0,33.0,128.0,6.0,Senior
https://openalex.org/W2026168616,Discovering Frequently Changing Structures from Historical Structural Deltas of Unordered XML,CIKM,2004,https://openalex.org/A5047987914,Mukesh Mohania,middle,1994.0,251.0,2420.0,26.0,64.0,10.0,Senior
https://openalex.org/W2026168616,Discovering Frequently Changing Structures from Historical Structural Deltas of Unordered XML,CIKM,2004,https://openalex.org/A5103702858,Yahiko Kambayashi,last,1899.0,250.0,1739.0,20.0,36.0,105.0,Senior
https://openalex.org/W2101305476,Programmable Imaging using a Digital Micromirror Array,CVPR,2004,https://openalex.org/A5051975921,Shree K. Nayar,first,1988.0,367.0,38913.0,95.0,243.0,16.0,Senior
https://openalex.org/W2101305476,Programmable Imaging using a Digital Micromirror Array,CVPR,2004,https://openalex.org/A5024843495,Vlad Branzoi,middle,2003.0,16.0,439.0,9.0,9.0,1.0,Junior
https://openalex.org/W2101305476,Programmable Imaging using a Digital Micromirror Array,CVPR,2004,https://openalex.org/A5111521114,T.E. Boult,last,1995.0,23.0,896.0,10.0,10.0,9.0,Senior
https://openalex.org/W2163375015,Hardness of Approximating the Shortest Vector Problem in Lattices,FOCS,2004,https://openalex.org/A5067917669,Subhash Khot,first,2000.0,205.0,6815.0,36.0,83.0,4.0,Junior
https://openalex.org/W1984459117,Cryptography in NC0,FOCS,2004,https://openalex.org/A5086684679,Benny Applebaum,first,2004.0,118.0,3080.0,27.0,52.0,0.0,Junior
https://openalex.org/W1984459117,Cryptography in NC0,FOCS,2004,https://openalex.org/A5081852077,Yuval Ishai,middle,1996.0,374.0,17168.0,68.0,187.0,8.0,Senior
https://openalex.org/W1984459117,Cryptography in NC0,FOCS,2004,https://openalex.org/A5036104549,Eyal Kushilevitz,last,1989.0,247.0,15432.0,61.0,151.0,15.0,Senior
https://openalex.org/W2149612550,A Classification System and Analysis for Aspect-Oriented Programs,FSE,2004,https://openalex.org/A5045127387,Martin Rinard,first,1984.0,486.0,17233.0,66.0,221.0,20.0,Senior
https://openalex.org/W2149612550,A Classification System and Analysis for Aspect-Oriented Programs,FSE,2004,https://openalex.org/A5005318859,Alexandru Sălcianu,middle,2001.0,15.0,950.0,12.0,12.0,3.0,Junior
https://openalex.org/W2149612550,A Classification System and Analysis for Aspect-Oriented Programs,FSE,2004,https://openalex.org/A5022020843,Suhabe Bugrara,last,2004.0,8.0,380.0,7.0,7.0,0.0,Junior
https://openalex.org/W2222782578,Reasoning about partial goal satisfaction for requirements and design engineering,FSE,2004,https://openalex.org/A5072534170,Emmanuel Letier,first,1998.0,63.0,3779.0,27.0,39.0,6.0,Senior
https://openalex.org/W2222782578,Reasoning about partial goal satisfaction for requirements and design engineering,FSE,2004,https://openalex.org/A5046441603,Axel van Lamsweerde,last,1972.0,116.0,12126.0,42.0,67.0,32.0,Senior
https://openalex.org/W2041853131,SNIAFL: Towards a Static Non-Interactive Approach to Feature Location,ICSE,2004,https://openalex.org/A5100712511,Wei Zhao,first,1998.0,85.0,1069.0,19.0,27.0,6.0,Senior
https://openalex.org/W2041853131,SNIAFL: Towards a Static Non-Interactive Approach to Feature Location,ICSE,2004,https://openalex.org/A5100388576,Lu Zhang,middle,2001.0,232.0,9801.0,52.0,138.0,3.0,Junior
https://openalex.org/W2041853131,SNIAFL: Towards a Static Non-Interactive Approach to Feature Location,ICSE,2004,https://openalex.org/A5100411657,Yin Liu,middle,2002.0,50.0,271.0,6.0,4.0,2.0,Junior
https://openalex.org/W2041853131,SNIAFL: Towards a Static Non-Interactive Approach to Feature Location,ICSE,2004,https://openalex.org/A5100834712,Jiasu Sun,middle,2004.0,36.0,1420.0,19.0,24.0,0.0,Junior
https://openalex.org/W2041853131,SNIAFL: Towards a Static Non-Interactive Approach to Feature Location,ICSE,2004,https://openalex.org/A5030818300,Fuqing Yang,last,1980.0,50.0,657.0,14.0,15.0,24.0,Senior
https://openalex.org/W4244325127,An Empirical Study of Software Reuse vs. Defect-Density and Stability,ICSE,2004,https://openalex.org/A5019272809,Parastoo Mohagheghi,first,2001.0,65.0,2067.0,24.0,37.0,3.0,Junior
https://openalex.org/W4244325127,An Empirical Study of Software Reuse vs. Defect-Density and Stability,ICSE,2004,https://openalex.org/A5113635360,Reidar Conradi,middle,1976.0,218.0,5151.0,36.0,108.0,28.0,Senior
https://openalex.org/W4244325127,An Empirical Study of Software Reuse vs. Defect-Density and Stability,ICSE,2004,https://openalex.org/A5054212955,Ole M. Killi,middle,2004.0,1.0,81.0,1.0,1.0,0.0,Junior
https://openalex.org/W4244325127,An Empirical Study of Software Reuse vs. Defect-Density and Stability,ICSE,2004,https://openalex.org/A5069295122,Henrik Schwarz,last,2004.0,2.0,81.0,1.0,1.0,0.0,Junior
https://openalex.org/W2003751975,Static Checking of Dynamically Generated Queries in Database Applications,ICSE,2004,https://openalex.org/A5055811185,Gary Wassermann,first,2006.0,18.0,1877.0,11.0,11.0,-2.0,Junior
https://openalex.org/W2003751975,Static Checking of Dynamically Generated Queries in Database Applications,ICSE,2004,https://openalex.org/A5061727878,Carl Gould,middle,2004.0,3.0,163.0,2.0,2.0,0.0,Junior
https://openalex.org/W2003751975,Static Checking of Dynamically Generated Queries in Database Applications,ICSE,2004,https://openalex.org/A5077610917,Zhendong Su,middle,1997.0,282.0,14708.0,67.0,165.0,7.0,Senior
https://openalex.org/W2003751975,Static Checking of Dynamically Generated Queries in Database Applications,ICSE,2004,https://openalex.org/A5036744986,Prémkumar Dévanbu,last,1989.0,291.0,15708.0,64.0,150.0,15.0,Senior
https://openalex.org/W4240473828,A Tool for Writing and Debugging Algebraic Specifications,ICSE,2004,https://openalex.org/A5036568062,Johannes Henkel,first,2001.0,17.0,695.0,9.0,9.0,3.0,Junior
https://openalex.org/W4240473828,A Tool for Writing and Debugging Algebraic Specifications,ICSE,2004,https://openalex.org/A5059100099,Amer Diwan,last,1991.0,146.0,5487.0,35.0,64.0,13.0,Senior
https://openalex.org/W4254486023,Extending the REpresentational State Transfer (REST) Architectural Style for Decentralized Systems,ICSE,2004,https://openalex.org/A5113907520,R. Khare,first,1997.0,21.0,436.0,8.0,8.0,7.0,Senior
https://openalex.org/W4254486023,Extending the REpresentational State Transfer (REST) Architectural Style for Decentralized Systems,ICSE,2004,https://openalex.org/A5103963080,Richard N. Taylor,last,1952.0,207.0,17846.0,49.0,109.0,52.0,Senior
https://openalex.org/W2161725792,Throughput-Delay Trade-Off in Wireless Networks,INFOCOM,2004,https://openalex.org/A5078716556,Abbas El Gamal,first,1978.0,322.0,24865.0,62.0,174.0,26.0,Senior
https://openalex.org/W2161725792,Throughput-Delay Trade-Off in Wireless Networks,INFOCOM,2004,https://openalex.org/A5013022430,J. Mammen,middle,2004.0,11.0,1330.0,8.0,8.0,0.0,Junior
https://openalex.org/W2161725792,Throughput-Delay Trade-Off in Wireless Networks,INFOCOM,2004,https://openalex.org/A5018734150,Balaji Prabhakar,middle,1994.0,159.0,14245.0,46.0,89.0,10.0,Senior
https://openalex.org/W2161725792,Throughput-Delay Trade-Off in Wireless Networks,INFOCOM,2004,https://openalex.org/A5029499294,Devavrat Shah,last,1999.0,450.0,17990.0,63.0,189.0,5.0,Junior
https://openalex.org/W2139956879,A probabilistic framework for semi-supervised clustering,KDD,2004,https://openalex.org/A5112572279,Sugato Basu,first,2001.0,68.0,6642.0,29.0,38.0,3.0,Junior
https://openalex.org/W2139956879,A probabilistic framework for semi-supervised clustering,KDD,2004,https://openalex.org/A5043706888,Mikhail Bilenko,middle,2002.0,35.0,4930.0,21.0,27.0,2.0,Junior
https://openalex.org/W2139956879,A probabilistic framework for semi-supervised clustering,KDD,2004,https://openalex.org/A5008715111,Raymond J. Mooney,last,1985.0,350.0,29536.0,81.0,226.0,19.0,Senior
https://openalex.org/W2116283852,Recovering Device Drivers,OSDI,2004,https://openalex.org/A5072740120,Michael M. Swift,first,1978.0,172.0,7314.0,42.0,88.0,26.0,Senior
https://openalex.org/W2116283852,Recovering Device Drivers,OSDI,2004,https://openalex.org/A5006085341,Muthukaruppan Annamalai,middle,2003.0,7.0,317.0,6.0,2.0,1.0,Junior
https://openalex.org/W2116283852,Recovering Device Drivers,OSDI,2004,https://openalex.org/A5066263895,Brian N. Bershad,middle,1985.0,153.0,9395.0,51.0,96.0,19.0,Senior
https://openalex.org/W2116283852,Recovering Device Drivers,OSDI,2004,https://openalex.org/A5069107397,Henry M. Levy,last,1980.0,234.0,18065.0,64.0,139.0,24.0,Senior
https://openalex.org/W146360823,Using Model Checking to Find Serious File System Errors,OSDI,2004,https://openalex.org/A5056288677,Junfeng Yang,first,2001.0,93.0,7876.0,26.0,34.0,3.0,Junior
https://openalex.org/W146360823,Using Model Checking to Find Serious File System Errors,OSDI,2004,https://openalex.org/A5017775499,Paul Twohey,middle,2004.0,4.0,585.0,4.0,4.0,0.0,Junior
https://openalex.org/W146360823,Using Model Checking to Find Serious File System Errors,OSDI,2004,https://openalex.org/A5111537551,Dawson Engler,middle,1994.0,130.0,15459.0,50.0,94.0,10.0,Senior
https://openalex.org/W146360823,Using Model Checking to Find Serious File System Errors,OSDI,2004,https://openalex.org/A5040009052,Madanlal Musuvathi,last,1976.0,134.0,5544.0,39.0,70.0,28.0,Senior
https://openalex.org/W2158600037,Cloning-Based Context-Sensitive Pointer Alias Analysis Using Binary Decision Diagrams,PLDI,2004,https://openalex.org/A5038224513,John Whaley,first,1981.0,40.0,4509.0,23.0,29.0,23.0,Senior
https://openalex.org/W2158600037,Cloning-Based Context-Sensitive Pointer Alias Analysis Using Binary Decision Diagrams,PLDI,2004,https://openalex.org/A5002419188,Monica S. Lam,last,1899.0,326.0,23347.0,75.0,180.0,105.0,Senior
https://openalex.org/W2092650892,"Conditional XPath, the first order complete XPath dialect",PODS,2004,https://openalex.org/A5049970479,M. Marx,first,1972.0,434.0,19033.0,69.0,237.0,32.0,Senior
https://openalex.org/W2134557008,A Formal Study of Information Retrieval Heuristics,SIGIR,2004,https://openalex.org/A5101716412,Hui Fang,first,2003.0,257.0,10291.0,32.0,91.0,1.0,Junior
https://openalex.org/W2134557008,A Formal Study of Information Retrieval Heuristics,SIGIR,2004,https://openalex.org/A5100401500,Tao Tao,middle,2004.0,101.0,1335.0,13.0,16.0,0.0,Junior
https://openalex.org/W2134557008,A Formal Study of Information Retrieval Heuristics,SIGIR,2004,https://openalex.org/A5028518494,ChengXiang Zhai,last,1990.0,575.0,31132.0,85.0,275.0,14.0,Senior
https://openalex.org/W2116790783,On performance bounds for the integration of elastic and adaptive streaming flows,SIGMETRICS,2004,https://openalex.org/A5020404511,Thomas Bonald,first,1999.0,236.0,5491.0,37.0,80.0,5.0,Junior
https://openalex.org/W2116790783,On performance bounds for the integration of elastic and adaptive streaming flows,SIGMETRICS,2004,https://openalex.org/A5025136069,Alexandre Proutière,last,1988.0,314.0,6030.0,45.0,116.0,16.0,Senior
https://openalex.org/W1993855803,Indexing spatio-temporal trajectories with Chebyshev polynomials,SIGMOD,2004,https://openalex.org/A5005472808,Yuhan Cai,first,2004.0,53.0,984.0,13.0,15.0,0.0,Junior
https://openalex.org/W1993855803,Indexing spatio-temporal trajectories with Chebyshev polynomials,SIGMOD,2004,https://openalex.org/A5113567130,Raymond T. Ng,last,1990.0,498.0,31095.0,66.0,223.0,14.0,Senior
https://openalex.org/W2020632401,"Expander flows, geometric embeddings and graph partitioning",STOC,2004,https://openalex.org/A5103209777,Sanjeev Arora,first,1978.0,459.0,26543.0,80.0,240.0,26.0,Senior
https://openalex.org/W2020632401,"Expander flows, geometric embeddings and graph partitioning",STOC,2004,https://openalex.org/A5082369624,Satish Rao,middle,1970.0,245.0,10873.0,46.0,109.0,34.0,Senior
https://openalex.org/W2020632401,"Expander flows, geometric embeddings and graph partitioning",STOC,2004,https://openalex.org/A5071039750,Umesh Vazirani,last,1982.0,182.0,16818.0,54.0,107.0,22.0,Senior
https://openalex.org/W295046251,Multi-linear formulas for permanent and determinant are of super-polynomial size,STOC,2004,https://openalex.org/A5041545934,Ran Raz,first,1984.0,221.0,7442.0,45.0,97.0,20.0,Senior
https://openalex.org/W1989450868,Multi-Finger Gestural Interaction with 3D Volumetric Displays,UIST,2004,https://openalex.org/A5058485609,Tovi Grossman,first,1994.0,234.0,10459.0,59.0,150.0,10.0,Senior
https://openalex.org/W1989450868,Multi-Finger Gestural Interaction with 3D Volumetric Displays,UIST,2004,https://openalex.org/A5083735800,Daniel Wigdor,middle,2002.0,204.0,8825.0,56.0,114.0,2.0,Junior
https://openalex.org/W1989450868,Multi-Finger Gestural Interaction with 3D Volumetric Displays,UIST,2004,https://openalex.org/A5063443025,Ravin Balakrishnan,last,1984.0,186.0,14017.0,66.0,144.0,20.0,Senior
https://openalex.org/W2097995023,Model-Driven Data Acquisition in Sensor Networks,VLDB,2004,https://openalex.org/A5113637223,Amol Deshpande,first,2000.0,165.0,8836.0,45.0,97.0,4.0,Junior
https://openalex.org/W2097995023,Model-Driven Data Acquisition in Sensor Networks,VLDB,2004,https://openalex.org/A5090739892,Carlos Guestrin,middle,2000.0,256.0,49989.0,74.0,150.0,4.0,Junior
https://openalex.org/W2097995023,Model-Driven Data Acquisition in Sensor Networks,VLDB,2004,https://openalex.org/A5037742794,Samuel Madden,middle,1972.0,446.0,44711.0,98.0,266.0,32.0,Senior
https://openalex.org/W2097995023,Model-Driven Data Acquisition in Sensor Networks,VLDB,2004,https://openalex.org/A5043626252,Joseph M. Hellerstein,middle,1981.0,409.0,37433.0,93.0,237.0,23.0,Senior
https://openalex.org/W2097995023,Model-Driven Data Acquisition in Sensor Networks,VLDB,2004,https://openalex.org/A5103337641,Wei Hong,last,1992.0,75.0,13094.0,26.0,34.0,12.0,Senior
https://openalex.org/W2064716575,Automatic detection of fragments in dynamically generated web pages,WWW,2004,https://openalex.org/A5082188602,Lakshmish Ramaswamy,first,2003.0,149.0,1568.0,22.0,42.0,1.0,Junior
https://openalex.org/W2064716575,Automatic detection of fragments in dynamically generated web pages,WWW,2004,https://openalex.org/A5102744844,Arun Iyengar,middle,1984.0,279.0,5913.0,41.0,121.0,20.0,Senior
https://openalex.org/W2064716575,Automatic detection of fragments in dynamically generated web pages,WWW,2004,https://openalex.org/A5110904945,LING LIU,middle,2000.0,66.0,2350.0,14.0,15.0,4.0,Junior
https://openalex.org/W2064716575,Automatic detection of fragments in dynamically generated web pages,WWW,2004,https://openalex.org/A5069996857,Fred Douglis,last,1987.0,156.0,6622.0,37.0,69.0,17.0,Senior
https://openalex.org/W2113272343,Towards a Model of Face-to-Face Grounding,ACL,2003,https://openalex.org/A5038153180,Yukiko Nakano,first,1968.0,245.0,2308.0,23.0,56.0,35.0,Senior
https://openalex.org/W2113272343,Towards a Model of Face-to-Face Grounding,ACL,2003,https://openalex.org/A5051441682,Gabe Reinstein,middle,2003.0,1.0,201.0,1.0,1.0,0.0,Junior
https://openalex.org/W2113272343,Towards a Model of Face-to-Face Grounding,ACL,2003,https://openalex.org/A5069830330,Tom Stocky,middle,1999.0,7.0,400.0,5.0,4.0,4.0,Junior
https://openalex.org/W2113272343,Towards a Model of Face-to-Face Grounding,ACL,2003,https://openalex.org/A5109964078,Justine Cassell,last,1986.0,211.0,12999.0,56.0,127.0,17.0,Senior
https://openalex.org/W2097606805,Accurate Unlexicalized Parsing,ACL,2003,https://openalex.org/A5004921249,Dan Klein,first,1961.0,345.0,25180.0,75.0,194.0,42.0,Senior
https://openalex.org/W2097606805,Accurate Unlexicalized Parsing,ACL,2003,https://openalex.org/A5046006076,Christopher D. Manning,last,1971.0,792.0,165822.0,133.0,441.0,32.0,Senior
https://openalex.org/W2154422044,Object Class Recognition by Unsupervised Scale-Invariant Learning,CVPR,2003,https://openalex.org/A5089960673,Rob Fergus,first,2003.0,178.0,90531.0,76.0,121.0,0.0,Junior
https://openalex.org/W2154422044,Object Class Recognition by Unsupervised Scale-Invariant Learning,CVPR,2003,https://openalex.org/A5026825380,Pietro Perona,middle,1951.0,465.0,114647.0,95.0,253.0,52.0,Senior
https://openalex.org/W2154422044,Object Class Recognition by Unsupervised Scale-Invariant Learning,CVPR,2003,https://openalex.org/A5057678172,Andrew Zisserman,last,1985.0,947.0,256876.0,164.0,571.0,18.0,Senior
https://openalex.org/W2149463264,On the Impossibility of Dimension Reduction in L1,FOCS,2003,https://openalex.org/A5025420692,Bo Brinkman,first,2002.0,34.0,455.0,12.0,14.0,1.0,Junior
https://openalex.org/W2149463264,On the Impossibility of Dimension Reduction in L1,FOCS,2003,https://openalex.org/A5071016611,Moses Charikar,last,1997.0,271.0,19156.0,61.0,136.0,6.0,Senior
https://openalex.org/W2121376435,Predicting Problems Caused by Component Upgrades,FSE,2003,https://openalex.org/A5078041729,Stephen McCamant,first,2002.0,93.0,4336.0,26.0,40.0,1.0,Junior
https://openalex.org/W2121376435,Predicting Problems Caused by Component Upgrades,FSE,2003,https://openalex.org/A5032068969,Michael D. Ernst,last,1975.0,348.0,21804.0,72.0,186.0,28.0,Senior
https://openalex.org/W2131467114,A Family of Test Adequacy Criteria for Database-Driven Applications,FSE,2003,https://openalex.org/A5084185098,Gregory M. Kapfhammer,first,2002.0,84.0,1979.0,23.0,51.0,1.0,Junior
https://openalex.org/W2131467114,A Family of Test Adequacy Criteria for Database-Driven Applications,FSE,2003,https://openalex.org/A5047746948,Mary Lou Soffa,last,1977.0,276.0,10675.0,54.0,160.0,26.0,Senior
https://openalex.org/W2142038400,"Eliminating redundancies with a ""composition with adaptation"" meta-programming technique",FSE,2003,https://openalex.org/A5113533321,Stan Jarzabek,first,1993.0,146.0,2193.0,26.0,62.0,10.0,Senior
https://openalex.org/W2142038400,"Eliminating redundancies with a ""composition with adaptation"" meta-programming technique",FSE,2003,https://openalex.org/A5064883489,Shubiao Li,last,2003.0,21.0,156.0,5.0,5.0,0.0,Junior
https://openalex.org/W2066763472,Image-based Rendering using Image-based Priors,ICCV,2003,https://openalex.org/A5096892146,Fitzgibbon,first,2003.0,1.0,158.0,1.0,1.0,0.0,Junior
https://openalex.org/W2066763472,Image-based Rendering using Image-based Priors,ICCV,2003,https://openalex.org/A5096865738,Wexler,middle,2003.0,1.0,158.0,1.0,1.0,0.0,Junior
https://openalex.org/W2066763472,Image-based Rendering using Image-based Priors,ICCV,2003,https://openalex.org/A5063509242,Zisserman,last,1994.0,3.0,6610.0,3.0,3.0,9.0,Senior
https://openalex.org/W2056860348,"Image Parsing: Unifying Segmentation, Detection and Recognition",ICCV,2003,https://openalex.org/A5001760915,Zhuowen Tu,first,1998.0,315.0,41215.0,71.0,163.0,5.0,Junior
https://openalex.org/W2056860348,"Image Parsing: Unifying Segmentation, Detection and Recognition",ICCV,2003,https://openalex.org/A5074843339,Xiang-Rong Chen,middle,1989.0,593.0,9431.0,45.0,253.0,14.0,Senior
https://openalex.org/W2056860348,"Image Parsing: Unifying Segmentation, Detection and Recognition",ICCV,2003,https://openalex.org/A5086706224,Alan Yuille,middle,1967.0,1117.0,100564.0,131.0,531.0,36.0,Senior
https://openalex.org/W2056860348,"Image Parsing: Unifying Segmentation, Detection and Recognition",ICCV,2003,https://openalex.org/A5034228010,Song‐Chun Zhu,last,1991.0,630.0,20787.0,73.0,315.0,12.0,Senior
https://openalex.org/W1992825118,Detecting Pedestrians using Patterns of Motion and Appearance,ICCV,2003,https://openalex.org/A5042310818,Paul Viola,first,1989.0,72.0,50105.0,40.0,60.0,14.0,Senior
https://openalex.org/W1992825118,Detecting Pedestrians using Patterns of Motion and Appearance,ICCV,2003,https://openalex.org/A5064275902,Michael Jones,middle,1979.0,173.0,44836.0,36.0,64.0,24.0,Senior
https://openalex.org/W1992825118,Detecting Pedestrians using Patterns of Motion and Appearance,ICCV,2003,https://openalex.org/A5003047938,Daniel Snow,last,1998.0,5.0,2246.0,4.0,4.0,5.0,Junior
https://openalex.org/W2160510992,Precise Dynamic Slicing Algorithms,ICSE,2003,https://openalex.org/A5100362465,Xiangyu Zhang,first,2003.0,427.0,317862.0,76.0,200.0,0.0,Junior
https://openalex.org/W2160510992,Precise Dynamic Slicing Algorithms,ICSE,2003,https://openalex.org/A5100699251,Rajiv Gupta,middle,1974.0,514.0,12095.0,60.0,228.0,29.0,Senior
https://openalex.org/W2160510992,Precise Dynamic Slicing Algorithms,ICSE,2003,https://openalex.org/A5026996875,Youtao Zhang,last,2000.0,317.0,7807.0,43.0,139.0,3.0,Junior
https://openalex.org/W4243167850,Modular Verification of Software Components in C,ICSE,2003,https://openalex.org/A5084751293,Sagar Chaki,first,2001.0,137.0,3344.0,29.0,57.0,2.0,Junior
https://openalex.org/W4243167850,Modular Verification of Software Components in C,ICSE,2003,https://openalex.org/A5110048758,E. M. Clarke,middle,1915.0,99.0,22964.0,44.0,85.0,88.0,Senior
https://openalex.org/W4243167850,Modular Verification of Software Components in C,ICSE,2003,https://openalex.org/A5026932942,Alex Groce,middle,2001.0,191.0,4679.0,38.0,85.0,2.0,Junior
https://openalex.org/W4243167850,Modular Verification of Software Components in C,ICSE,2003,https://openalex.org/A5075978538,Sumit Kumar Jha,middle,1995.0,214.0,2719.0,26.0,54.0,8.0,Senior
https://openalex.org/W4243167850,Modular Verification of Software Components in C,ICSE,2003,https://openalex.org/A5110428657,H. Veith,last,1985.0,11.0,609.0,8.0,8.0,18.0,Senior
https://openalex.org/W2101914010,Thin Junction Tree Filters for Simultaneous Localization and Mapping,IJCAI,2003,https://openalex.org/A5081289768,Mark A. Paskin,first,1997.0,21.0,1514.0,14.0,15.0,6.0,Senior
https://openalex.org/W1664963465,Approximating Game-Theoretic Optimal Strategies for Full-scale Poker,IJCAI,2003,https://openalex.org/A5069421748,Darse Billings,first,1998.0,22.0,1208.0,15.0,16.0,5.0,Junior
https://openalex.org/W1664963465,Approximating Game-Theoretic Optimal Strategies for Full-scale Poker,IJCAI,2003,https://openalex.org/A5018555885,Neil Burch,middle,1953.0,103.0,4812.0,36.0,58.0,50.0,Senior
https://openalex.org/W1664963465,Approximating Game-Theoretic Optimal Strategies for Full-scale Poker,IJCAI,2003,https://openalex.org/A5021980147,Aaron Davidson,middle,1959.0,17.0,701.0,7.0,6.0,44.0,Senior
https://openalex.org/W1664963465,Approximating Game-Theoretic Optimal Strategies for Full-scale Poker,IJCAI,2003,https://openalex.org/A5077149145,Robert C. Holte,middle,1977.0,191.0,9225.0,39.0,94.0,26.0,Senior
https://openalex.org/W1664963465,Approximating Game-Theoretic Optimal Strategies for Full-scale Poker,IJCAI,2003,https://openalex.org/A5018637996,Jonathan Schaeffer,middle,1983.0,400.0,7825.0,46.0,146.0,20.0,Senior
https://openalex.org/W1664963465,Approximating Game-Theoretic Optimal Strategies for Full-scale Poker,IJCAI,2003,https://openalex.org/A5004058033,Terence Conrad Schauenberg,middle,2003.0,4.0,297.0,4.0,3.0,0.0,Junior
https://openalex.org/W1664963465,Approximating Game-Theoretic Optimal Strategies for Full-scale Poker,IJCAI,2003,https://openalex.org/A5000711683,Duane Szafron,last,1975.0,196.0,4814.0,35.0,101.0,28.0,Senior
https://openalex.org/W2087796731,User-Level Performance of Channel-Aware Scheduling Algorithms in Wireless Data Networks,INFOCOM,2003,https://openalex.org/A5020404511,Thomas Bonald,first,1999.0,236.0,5491.0,37.0,80.0,4.0,Junior
https://openalex.org/W2087796731,User-Level Performance of Channel-Aware Scheduling Algorithms in Wireless Data Networks,INFOCOM,2003,https://openalex.org/A5025136069,Alexandre Proutière,last,1988.0,314.0,6030.0,45.0,116.0,15.0,Senior
https://openalex.org/W2061820396,Maximizing the spread of influence through a social network,KDD,2003,https://openalex.org/A5064274071,David Kempe,first,1999.0,189.0,18743.0,43.0,82.0,4.0,Junior
https://openalex.org/W2061820396,Maximizing the spread of influence through a social network,KDD,2003,https://openalex.org/A5055710645,Jon Kleinberg,middle,1956.0,562.0,88367.0,115.0,293.0,47.0,Senior
https://openalex.org/W2061820396,Maximizing the spread of influence through a social network,KDD,2003,https://openalex.org/A5025175846,Éva Tardos,last,1984.0,287.0,35769.0,70.0,145.0,19.0,Senior
https://openalex.org/W2125346056,Automatically Proving the Correctness of Compiler Optimizations,PLDI,2003,https://openalex.org/A5043665959,Sorin Lerner,first,1972.0,166.0,4132.0,31.0,64.0,31.0,Senior
https://openalex.org/W2125346056,Automatically Proving the Correctness of Compiler Optimizations,PLDI,2003,https://openalex.org/A5014067492,Todd Millstein,middle,1997.0,183.0,6481.0,44.0,91.0,6.0,Senior
https://openalex.org/W2125346056,Automatically Proving the Correctness of Compiler Optimizations,PLDI,2003,https://openalex.org/A5070604627,Craig Chambers,last,1989.0,153.0,10972.0,56.0,102.0,14.0,Senior
https://openalex.org/W1971778458,An Information-Theoretic Approach to Normal Forms for Relational and XML Data,PODS,2003,https://openalex.org/A5011691423,Marcelo Arenas,first,1997.0,271.0,8393.0,43.0,102.0,6.0,Senior
https://openalex.org/W1971778458,An Information-Theoretic Approach to Normal Forms for Relational and XML Data,PODS,2003,https://openalex.org/A5069883356,Leonid Libkin,last,1989.0,391.0,10246.0,50.0,182.0,14.0,Senior
https://openalex.org/W2125596620,Re-examining the potential effectiveness of interactive query expansion,SIGIR,2003,https://openalex.org/A5007866098,Ian Ruthven,first,1995.0,256.0,4690.0,37.0,100.0,8.0,Senior
https://openalex.org/W2102951036,Spreadsheets in RDBMS for OLAP,SIGMOD,2003,https://openalex.org/A5088270000,Andrew Witkowski,first,1984.0,22.0,460.0,13.0,14.0,19.0,Senior
https://openalex.org/W2102951036,Spreadsheets in RDBMS for OLAP,SIGMOD,2003,https://openalex.org/A5032089564,Srikanth Bellamkonda,middle,2003.0,23.0,271.0,9.0,9.0,0.0,Junior
https://openalex.org/W2102951036,Spreadsheets in RDBMS for OLAP,SIGMOD,2003,https://openalex.org/A5003515555,Tolga Bozkaya,middle,1997.0,17.0,1046.0,11.0,11.0,6.0,Senior
https://openalex.org/W2102951036,Spreadsheets in RDBMS for OLAP,SIGMOD,2003,https://openalex.org/A5044720978,Gregory Dorman,middle,2003.0,2.0,76.0,2.0,1.0,0.0,Junior
https://openalex.org/W2102951036,Spreadsheets in RDBMS for OLAP,SIGMOD,2003,https://openalex.org/A5060178716,Nathan Folkert,middle,2003.0,6.0,131.0,5.0,4.0,0.0,Junior
https://openalex.org/W2102951036,Spreadsheets in RDBMS for OLAP,SIGMOD,2003,https://openalex.org/A5041752781,Abhinav Gupta,middle,2003.0,9.0,148.0,6.0,6.0,0.0,Junior
https://openalex.org/W2102951036,Spreadsheets in RDBMS for OLAP,SIGMOD,2003,https://openalex.org/A5041486729,Lei Shen,middle,1989.0,96.0,776.0,15.0,22.0,14.0,Senior
https://openalex.org/W2102951036,Spreadsheets in RDBMS for OLAP,SIGMOD,2003,https://openalex.org/A5002546424,Sankar Subramanian,last,1986.0,101.0,7702.0,26.0,49.0,17.0,Senior
https://openalex.org/W4229646679,Improving the Reliability of Commodity Operating Systems,SOSP,2003,https://openalex.org/A5072740120,Michael M. Swift,first,1978.0,172.0,7314.0,42.0,88.0,25.0,Senior
https://openalex.org/W4229646679,Improving the Reliability of Commodity Operating Systems,SOSP,2003,https://openalex.org/A5066263895,Brian N. Bershad,middle,1985.0,153.0,9395.0,51.0,96.0,18.0,Senior
https://openalex.org/W4229646679,Improving the Reliability of Commodity Operating Systems,SOSP,2003,https://openalex.org/A5069107397,Henry M. Levy,last,1980.0,234.0,18065.0,64.0,139.0,23.0,Senior
https://openalex.org/W2144552569,Preserving peer replicas by rate-limited sampled voting,SOSP,2003,https://openalex.org/A5102725147,Petros Maniatis,first,1999.0,117.0,7231.0,41.0,67.0,4.0,Junior
https://openalex.org/W2144552569,Preserving peer replicas by rate-limited sampled voting,SOSP,2003,https://openalex.org/A5062232872,David S. H. Rosenthal,middle,1963.0,138.0,3870.0,28.0,48.0,40.0,Senior
https://openalex.org/W2144552569,Preserving peer replicas by rate-limited sampled voting,SOSP,2003,https://openalex.org/A5083113208,Mema Roussopoulos,middle,1997.0,94.0,2529.0,23.0,41.0,6.0,Senior
https://openalex.org/W2144552569,Preserving peer replicas by rate-limited sampled voting,SOSP,2003,https://openalex.org/A5109232487,Mary Baker,middle,1959.0,132.0,8777.0,33.0,60.0,44.0,Senior
https://openalex.org/W2144552569,Preserving peer replicas by rate-limited sampled voting,SOSP,2003,https://openalex.org/A5112448449,TJ Giuli,middle,2000.0,28.0,4458.0,13.0,15.0,3.0,Junior
https://openalex.org/W2144552569,Preserving peer replicas by rate-limited sampled voting,SOSP,2003,https://openalex.org/A5030554579,Yanto Muliadi,last,2002.0,5.0,157.0,3.0,2.0,1.0,Junior
https://openalex.org/W2295705535,Backtracking intrusions,SOSP,2003,https://openalex.org/A5112039412,Samuel T. King,first,2000.0,84.0,6377.0,33.0,46.0,3.0,Junior
https://openalex.org/W2295705535,Backtracking intrusions,SOSP,2003,https://openalex.org/A5027819880,Peter M. Chen,last,1982.0,116.0,8539.0,45.0,77.0,21.0,Senior
https://openalex.org/W2123852216,Derandomizing polynomial identity tests means proving circuit lower bounds,STOC,2003,https://openalex.org/A5066747130,Valentine Kabanets,first,1997.0,90.0,1646.0,21.0,29.0,6.0,Senior
https://openalex.org/W2123852216,Derandomizing polynomial identity tests means proving circuit lower bounds,STOC,2003,https://openalex.org/A5002208831,Russell Impagliazzo,last,1987.0,230.0,17607.0,58.0,131.0,16.0,Senior
https://openalex.org/W2015281423,New lattice-based cryptographic constructions,STOC,2003,https://openalex.org/A5049700941,Oded Regev,first,1975.0,272.0,16419.0,43.0,109.0,28.0,Senior
https://openalex.org/W2131054109,Perceptually-Supported Image Editing of Text and Graphics,UIST,2003,https://openalex.org/A5045756484,Eric Saund,first,1981.0,60.0,1230.0,19.0,30.0,22.0,Senior
https://openalex.org/W2131054109,Perceptually-Supported Image Editing of Text and Graphics,UIST,2003,https://openalex.org/A5035123135,David J. Fleet,middle,1985.0,264.0,42994.0,73.0,157.0,18.0,Senior
https://openalex.org/W2131054109,Perceptually-Supported Image Editing of Text and Graphics,UIST,2003,https://openalex.org/A5041791846,Daniel Larner,middle,1985.0,15.0,689.0,9.0,8.0,18.0,Senior
https://openalex.org/W2131054109,Perceptually-Supported Image Editing of Text and Graphics,UIST,2003,https://openalex.org/A5023695486,James Mahoney,last,1981.0,16.0,438.0,11.0,11.0,22.0,Senior
https://openalex.org/W2069153192,Scaling personalized web search,WWW,2003,https://openalex.org/A5087418634,Glen Jeh,first,2002.0,8.0,3578.0,7.0,7.0,1.0,Junior
https://openalex.org/W2069153192,Scaling personalized web search,WWW,2003,https://openalex.org/A5010857944,Jennifer Widom,last,1986.0,295.0,38208.0,91.0,215.0,17.0,Senior
https://openalex.org/W2099003704,SemTag and seeker: bootstrapping the semantic web via automated semantic annotation,WWW,2003,https://openalex.org/A5080942754,Boanerges Aleman-Meza,first,2003.0,57.0,2232.0,22.0,33.0,0.0,Junior
https://openalex.org/W2099003704,SemTag and seeker: bootstrapping the semantic web via automated semantic annotation,WWW,2003,https://openalex.org/A5010776606,Chris Halaschek,middle,2003.0,6.0,406.0,4.0,4.0,0.0,Junior
https://openalex.org/W2099003704,SemTag and seeker: bootstrapping the semantic web via automated semantic annotation,WWW,2003,https://openalex.org/A5055430403,I. Budak Arpinar,middle,1993.0,83.0,2825.0,24.0,42.0,10.0,Senior
https://openalex.org/W2099003704,SemTag and seeker: bootstrapping the semantic web via automated semantic annotation,WWW,2003,https://openalex.org/A5028772801,Amit Sheth,last,1984.0,1089.0,36102.0,95.0,466.0,19.0,Senior
https://openalex.org/W1964376592,On Computing All Abductive Explanations,AAAI,2002,https://openalex.org/A5082178480,Thomas Eiter,first,1991.0,553.0,16496.0,61.0,233.0,11.0,Senior
https://openalex.org/W1964376592,On Computing All Abductive Explanations,AAAI,2002,https://openalex.org/A5110768204,Kazuhisa Makino,last,1963.0,336.0,3244.0,26.0,85.0,39.0,Senior
https://openalex.org/W2154124206,Discriminative Training and Maximum Entropy Models for Statistical Machine Translation,ACL,2002,https://openalex.org/A5046457818,Franz Josef Och,first,1998.0,70.0,21005.0,43.0,57.0,4.0,Junior
https://openalex.org/W2154124206,Discriminative Training and Maximum Entropy Models for Statistical Machine Translation,ACL,2002,https://openalex.org/A5112501010,Hermann Ney,last,1957.0,1064.0,46859.0,91.0,566.0,45.0,Senior
https://openalex.org/W2787952106,Constant-Round Coin-Tossing with a Man in the Middle or Realizing the Shared Random String Model,FOCS,2002,https://openalex.org/A5079123053,William Henry Bukowski,first,2002.0,1.0,0.0,0.0,0.0,0.0,Junior
https://openalex.org/W2145818650,Minimizing Congestion in General Networks,FOCS,2002,https://openalex.org/A5016682913,Harald Räcke,first,1999.0,89.0,2652.0,24.0,38.0,3.0,Junior
https://openalex.org/W2129023820,A Dichotomy Theorem for Constraints on a Three-Element Set,FOCS,2002,https://openalex.org/A5103266587,Andreǐ A. Bulatov,first,1993.0,68.0,1347.0,16.0,20.0,9.0,Senior
https://openalex.org/W2121081915,Isolating Cause-Effect Chains from Computer Programs,FSE,2002,https://openalex.org/A5051672229,Andreas Zeller,first,1959.0,420.0,18574.0,66.0,170.0,43.0,Senior
https://openalex.org/W2097692570,Priority Service and Max-Min Fairness,INFOCOM,2002,https://openalex.org/A5012311701,Peter Marbach,first,1974.0,189.0,6448.0,39.0,86.0,28.0,Senior
https://openalex.org/W2045747317,Pattern discovery in sequences under a Markov assumption,KDD,2002,https://openalex.org/A5014101817,Darya Chudova,first,1998.0,152.0,5280.0,21.0,28.0,4.0,Junior
https://openalex.org/W2045747317,Pattern discovery in sequences under a Markov assumption,KDD,2002,https://openalex.org/A5077460655,Padhraic Smyth,last,1850.0,492.0,29672.0,77.0,209.0,152.0,Senior
https://openalex.org/W2121542813,Memory Resource Management in VMware ESX Server,OSDI,2002,https://openalex.org/A5015339187,Carl A. Waldspurger,first,1988.0,72.0,6013.0,25.0,38.0,14.0,Senior
https://openalex.org/W2003304137,Monadic Datalog and the Expressive Power of Languages for Web Information Extraction,PODS,2002,https://openalex.org/A5050151740,Georg Gottlob,first,1983.0,539.0,19906.0,68.0,265.0,19.0,Senior
https://openalex.org/W2003304137,Monadic Datalog and the Expressive Power of Languages for Web Information Extraction,PODS,2002,https://openalex.org/A5101903922,Christoph Koch,last,1988.0,228.0,6027.0,43.0,113.0,14.0,Senior
https://openalex.org/W1981825277,Novelty and redundancy detection in adaptive filtering,SIGIR,2002,https://openalex.org/A5100388094,Yi Zhang,first,2001.0,83.0,1490.0,16.0,22.0,1.0,Junior
https://openalex.org/W1981825277,Novelty and redundancy detection in adaptive filtering,SIGIR,2002,https://openalex.org/A5009879041,Jamie Callan,middle,1994.0,290.0,13420.0,64.0,165.0,8.0,Senior
https://openalex.org/W1981825277,Novelty and redundancy detection in adaptive filtering,SIGIR,2002,https://openalex.org/A5111929449,Thomas P. Minka,last,1995.0,54.0,10122.0,31.0,41.0,7.0,Senior
https://openalex.org/W2296630161,Clothing Manipulation,UIST,2002,https://openalex.org/A5006045778,Yuki Igarashi,first,1988.0,154.0,3695.0,31.0,61.0,14.0,Senior
https://openalex.org/W2296630161,Clothing Manipulation,UIST,2002,https://openalex.org/A5103642464,John F. Hughes,last,1963.0,280.0,10254.0,51.0,108.0,39.0,Senior
https://openalex.org/W2006591097,Abstracting application-level web security,WWW,2002,https://openalex.org/A5068028533,David Scott,first,1922.0,466.0,13293.0,63.0,217.0,80.0,Senior
https://openalex.org/W2006591097,Abstracting application-level web security,WWW,2002,https://openalex.org/A5035716030,Richard R. Sharp,last,1979.0,386.0,25413.0,52.0,190.0,23.0,Senior
https://openalex.org/W2139403546,Fast Decoding and Optimal Decoding for Machine Translation,ACL,2001,https://openalex.org/A5027569258,Ulrich Germann,first,1998.0,74.0,1927.0,21.0,32.0,3.0,Junior
https://openalex.org/W2139403546,Fast Decoding and Optimal Decoding for Machine Translation,ACL,2001,https://openalex.org/A5053233618,Michael Jahr,middle,2000.0,5.0,324.0,4.0,3.0,1.0,Junior
https://openalex.org/W2139403546,Fast Decoding and Optimal Decoding for Machine Translation,ACL,2001,https://openalex.org/A5106821597,Kevin Knight,middle,1986.0,455.0,24145.0,81.0,267.0,15.0,Senior
https://openalex.org/W2139403546,Fast Decoding and Optimal Decoding for Machine Translation,ACL,2001,https://openalex.org/A5005020376,Daniel Marcu,middle,1994.0,162.0,17636.0,59.0,113.0,7.0,Senior
https://openalex.org/W2139403546,Fast Decoding and Optimal Decoding for Machine Translation,ACL,2001,https://openalex.org/A5105125515,Kenji Yamada,last,1973.0,157.0,3224.0,23.0,34.0,28.0,Senior
https://openalex.org/W2155693943,Immediate-Head Parsing for Language Models,ACL,2001,https://openalex.org/A5005380528,Eugene Charniak,first,1968.0,174.0,13463.0,57.0,116.0,33.0,Senior
https://openalex.org/W2130398583,Morphable 3D models from video,CVPR,2001,https://openalex.org/A5076349670,W. Brand,first,1949.0,2.0,152.0,1.0,1.0,52.0,Senior
https://openalex.org/W2098479385,Probabilistic Tracking with Exemplars in a Metric Space,ICCV,2001,https://openalex.org/A5032452724,Kentaro Toyama,first,1963.0,237.0,15127.0,53.0,124.0,38.0,Senior
https://openalex.org/W2098479385,Probabilistic Tracking with Exemplars in a Metric Space,ICCV,2001,https://openalex.org/A5101657518,Andrew Blake,last,1832.0,162.0,29112.0,58.0,92.0,169.0,Senior
https://openalex.org/W2148162135,The Space of All Stereo Images,ICCV,2001,https://openalex.org/A5068254275,Steven M. Seitz,first,1984.0,199.0,30166.0,70.0,123.0,17.0,Senior
https://openalex.org/W2148162135,The Space of All Stereo Images,ICCV,2001,https://openalex.org/A5100462890,Jiwon Kim,last,2002.0,64.0,2181.0,16.0,18.0,-1.0,Junior
https://openalex.org/W2084341220,Complexity Results for Structure-Based Causality,IJCAI,2001,https://openalex.org/A5039125390,Leo Breiman,first,1957.0,148.0,236101.0,56.0,88.0,44.0,Senior
https://openalex.org/W2013901835,Mobility increases the capacity of ad-hoc wireless networks,INFOCOM,2001,https://openalex.org/A5064857767,Andrew T. Campbell,first,1915.0,487.0,31652.0,81.0,263.0,86.0,Senior
https://openalex.org/W2013901835,Mobility increases the capacity of ad-hoc wireless networks,INFOCOM,2001,https://openalex.org/A5109860022,Mischa Schwartz,last,1971.0,95.0,2912.0,15.0,21.0,30.0,Senior
https://openalex.org/W2009144907,Robust space transformations for distance-based operations,KDD,2001,https://openalex.org/A5012032862,Edwin M. Knorr,first,1996.0,22.0,3670.0,9.0,9.0,5.0,Junior
https://openalex.org/W2009144907,Robust space transformations for distance-based operations,KDD,2001,https://openalex.org/A5113567130,Raymond T. Ng,middle,1990.0,498.0,31095.0,66.0,223.0,11.0,Senior
https://openalex.org/W2009144907,Robust space transformations for distance-based operations,KDD,2001,https://openalex.org/A5051823149,Ruben H. Zamar,last,1956.0,90.0,1184.0,15.0,21.0,45.0,Senior
https://openalex.org/W2134206624,Optimal aggregation algorithms for middleware,PODS,2001,https://openalex.org/A5027117465,Ronald Fagin,first,1968.0,238.0,26584.0,73.0,155.0,33.0,Senior
https://openalex.org/W2134206624,Optimal aggregation algorithms for middleware,PODS,2001,https://openalex.org/A5015424594,Amnon Lotem,middle,1998.0,14.0,2779.0,11.0,11.0,3.0,Junior
https://openalex.org/W2134206624,Optimal aggregation algorithms for middleware,PODS,2001,https://openalex.org/A5002372704,Moni Naor,last,1987.0,307.0,35291.0,88.0,204.0,14.0,Senior
https://openalex.org/W2094661073,Temporal summaries of new topics,SIGIR,2001,https://openalex.org/A5034070218,James Allan,first,1829.0,401.0,15496.0,62.0,183.0,172.0,Senior
https://openalex.org/W2094661073,Temporal summaries of new topics,SIGIR,2001,https://openalex.org/A5075937808,Rahul Gupta,middle,1989.0,181.0,3321.0,27.0,61.0,12.0,Senior
https://openalex.org/W2094661073,Temporal summaries of new topics,SIGIR,2001,https://openalex.org/A5068395748,Vikas Khandelwal,last,2000.0,3.0,286.0,3.0,2.0,1.0,Junior
https://openalex.org/W2163336863,Locally adaptive dimensionality reduction for indexing large time series databases,SIGMOD,2001,https://openalex.org/A5078245746,Eamonn Keogh,first,1997.0,406.0,44828.0,96.0,247.0,4.0,Junior
https://openalex.org/W2163336863,Locally adaptive dimensionality reduction for indexing large time series databases,SIGMOD,2001,https://openalex.org/A5113509258,Kaushik Chakrabarti,middle,1974.0,70.0,6671.0,36.0,47.0,27.0,Senior
https://openalex.org/W2163336863,Locally adaptive dimensionality reduction for indexing large time series databases,SIGMOD,2001,https://openalex.org/A5018321151,Michael J. Pazzani,middle,1983.0,220.0,27923.0,59.0,129.0,18.0,Senior
https://openalex.org/W2163336863,Locally adaptive dimensionality reduction for indexing large time series databases,SIGMOD,2001,https://openalex.org/A5010114060,Sharad Mehrotra,last,1991.0,437.0,17981.0,54.0,187.0,10.0,Senior
https://openalex.org/W2100857937,Untrusted hosts and confidentiality: secure program partitioning,SOSP,2001,https://openalex.org/A5041830534,Steve Zdancewic,first,1999.0,173.0,7001.0,46.0,92.0,2.0,Junior
https://openalex.org/W2100857937,Untrusted hosts and confidentiality: secure program partitioning,SOSP,2001,https://openalex.org/A5069017863,Lantian Zheng,middle,2001.0,19.0,997.0,11.0,12.0,0.0,Junior
https://openalex.org/W2100857937,Untrusted hosts and confidentiality: secure program partitioning,SOSP,2001,https://openalex.org/A5111998286,Nathaniel Nystrom,middle,1998.0,48.0,1417.0,16.0,21.0,3.0,Junior
https://openalex.org/W2100857937,Untrusted hosts and confidentiality: secure program partitioning,SOSP,2001,https://openalex.org/A5101697549,Andrew C. Myers,last,1993.0,212.0,11113.0,49.0,103.0,8.0,Senior
https://openalex.org/W2053903896,BASE: using abstraction to improve fault tolerance,SOSP,2001,https://openalex.org/A5084561739,Rodrigo Rodrigues,first,2001.0,120.0,5431.0,35.0,60.0,0.0,Junior
https://openalex.org/W2053903896,BASE: using abstraction to improve fault tolerance,SOSP,2001,https://openalex.org/A5059491225,Miguel Castro,middle,1996.0,171.0,18286.0,46.0,71.0,5.0,Junior
https://openalex.org/W2053903896,BASE: using abstraction to improve fault tolerance,SOSP,2001,https://openalex.org/A5087649192,Barbara Liskov,last,1899.0,281.0,24100.0,69.0,162.0,102.0,Senior
https://openalex.org/W1994547327,Phidgets: Easy Development of Physical Interfaces through Physical Widgets,UIST,2001,https://openalex.org/A5103114181,Saul Greenberg,first,1965.0,453.0,22362.0,80.0,217.0,36.0,Senior
https://openalex.org/W1994547327,Phidgets: Easy Development of Physical Interfaces through Physical Widgets,UIST,2001,https://openalex.org/A5008167536,Chester Fitchett,last,2001.0,3.0,671.0,3.0,3.0,0.0,Junior
https://openalex.org/W2130642985,Weaving Relations for Cache Performance,VLDB,2001,https://openalex.org/A5031319715,Anastassia Ailamaki,first,1997.0,95.0,3982.0,32.0,51.0,4.0,Junior
https://openalex.org/W2130642985,Weaving Relations for Cache Performance,VLDB,2001,https://openalex.org/A5055300310,David J. DeWitt,middle,1899.0,288.0,28154.0,81.0,191.0,102.0,Senior
https://openalex.org/W2130642985,Weaving Relations for Cache Performance,VLDB,2001,https://openalex.org/A5102954737,Mark D. Hill,middle,1911.0,79.0,2001.0,20.0,26.0,90.0,Senior
https://openalex.org/W2130642985,Weaving Relations for Cache Performance,VLDB,2001,https://openalex.org/A5065431426,Marios Skounakis,last,2001.0,3.0,483.0,3.0,3.0,0.0,Junior
https://openalex.org/W1985727586,Engineering Server Driven Consistency for Large Scale Dynamic Web Services,WWW,2001,https://openalex.org/A5102195798,Jian Yin,first,1999.0,33.0,986.0,13.0,15.0,2.0,Junior
https://openalex.org/W1985727586,Engineering Server Driven Consistency for Large Scale Dynamic Web Services,WWW,2001,https://openalex.org/A5048612724,Lorenzo Alvisi,middle,1991.0,145.0,10124.0,48.0,85.0,10.0,Senior
https://openalex.org/W1985727586,Engineering Server Driven Consistency for Large Scale Dynamic Web Services,WWW,2001,https://openalex.org/A5113625882,Mike Dahlin,middle,1999.0,84.0,5259.0,36.0,54.0,2.0,Junior
https://openalex.org/W1985727586,Engineering Server Driven Consistency for Large Scale Dynamic Web Services,WWW,2001,https://openalex.org/A5102744844,Arun Iyengar,last,1984.0,279.0,5913.0,41.0,121.0,17.0,Senior
https://openalex.org/W2096678443,The Game of Hex: An Automatic Theorem-Proving Approach to Game Programming,AAAI,2000,https://openalex.org/A5068650558,V. V. Anshelevich,first,1972.0,32.0,1407.0,18.0,22.0,28.0,Senior
https://openalex.org/W2284662111,Automatic Invention of Integer Sequences,AAAI,2000,https://openalex.org/A5102963061,Simon Colton,first,1940.0,151.0,6099.0,28.0,70.0,60.0,Senior
https://openalex.org/W2284662111,Automatic Invention of Integer Sequences,AAAI,2000,https://openalex.org/A5040311876,Alan Bundy,middle,1971.0,658.0,10063.0,39.0,134.0,29.0,Senior
https://openalex.org/W2284662111,Automatic Invention of Integer Sequences,AAAI,2000,https://openalex.org/A5072902302,Toby Walsh,last,1968.0,617.0,16654.0,59.0,260.0,32.0,Senior
https://openalex.org/W2118119027,Statistics-Based Summarization -- Step One: Sentence Compression,AAAI,2000,https://openalex.org/A5106821597,Kevin Knight,first,1986.0,455.0,24145.0,81.0,267.0,14.0,Senior
https://openalex.org/W2118119027,Statistics-Based Summarization -- Step One: Sentence Compression,AAAI,2000,https://openalex.org/A5005020376,Daniel Marcu,last,1994.0,162.0,17636.0,59.0,113.0,6.0,Senior
https://openalex.org/W2103552898,Local Search Characteristics of Incomplete SAT Procedures,AAAI,2000,https://openalex.org/A5010575626,Dale Schuurmans,first,1988.0,361.0,19315.0,51.0,161.0,12.0,Senior
https://openalex.org/W2103552898,Local Search Characteristics of Incomplete SAT Procedures,AAAI,2000,https://openalex.org/A5047278339,Finnegan Southey,last,1998.0,28.0,701.0,14.0,16.0,2.0,Junior
https://openalex.org/W2159128898,Real-Time Tracking of Non-Rigid Objects using Mean Shift,CVPR,2000,https://openalex.org/A5012751147,Dorin Comaniciu,first,1996.0,426.0,34825.0,65.0,231.0,4.0,Junior
https://openalex.org/W2159128898,Real-Time Tracking of Non-Rigid Objects using Mean Shift,CVPR,2000,https://openalex.org/A5049160991,Visvanathan Ramesh,middle,1987.0,130.0,11217.0,28.0,53.0,13.0,Senior
https://openalex.org/W2159128898,Real-Time Tracking of Non-Rigid Objects using Mean Shift,CVPR,2000,https://openalex.org/A5062309861,Peter Meer,last,1984.0,164.0,30893.0,51.0,107.0,16.0,Senior
https://openalex.org/W2110416206,The Chaotic Nature of TCP Congestion Control,INFOCOM,2000,https://openalex.org/A5017036718,András Veres,first,1998.0,47.0,1940.0,15.0,17.0,2.0,Junior
https://openalex.org/W2110416206,The Chaotic Nature of TCP Congestion Control,INFOCOM,2000,https://openalex.org/A5015797494,Miklós Boda,last,1996.0,9.0,318.0,4.0,1.0,4.0,Junior
https://openalex.org/W1991962718,Hancock: a language for extracting signatures from data streams,KDD,2000,https://openalex.org/A5013243115,Corinna Cortes,first,1987.0,143.0,83912.0,45.0,77.0,13.0,Senior
https://openalex.org/W1991962718,Hancock: a language for extracting signatures from data streams,KDD,2000,https://openalex.org/A5056099984,Kathleen Fisher,middle,1994.0,128.0,2613.0,29.0,53.0,6.0,Senior
https://openalex.org/W1991962718,Hancock: a language for extracting signatures from data streams,KDD,2000,https://openalex.org/A5039725998,Daryl Pregibon,middle,1978.0,94.0,8233.0,35.0,54.0,22.0,Senior
https://openalex.org/W1991962718,Hancock: a language for extracting signatures from data streams,KDD,2000,https://openalex.org/A5105838185,Anne Rogers,last,1956.0,80.0,2312.0,21.0,33.0,44.0,Senior
https://openalex.org/W4235785239,"Checking System Rules Using System-Specific, Programmer-Written Compiler Extensions",OSDI,2000,https://openalex.org/A5111537551,Dawson Engler,first,1994.0,130.0,15459.0,50.0,94.0,6.0,Senior
https://openalex.org/W4235785239,"Checking System Rules Using System-Specific, Programmer-Written Compiler Extensions",OSDI,2000,https://openalex.org/A5048534004,Benjamin Chelf,middle,2000.0,21.0,3062.0,16.0,17.0,0.0,Junior
https://openalex.org/W4235785239,"Checking System Rules Using System-Specific, Programmer-Written Compiler Extensions",OSDI,2000,https://openalex.org/A5108791099,Andy Chou,middle,1999.0,33.0,4111.0,20.0,23.0,1.0,Junior
https://openalex.org/W4235785239,"Checking System Rules Using System-Specific, Programmer-Written Compiler Extensions",OSDI,2000,https://openalex.org/A5029727324,Seth Hallem,last,2000.0,19.0,3667.0,16.0,17.0,0.0,Junior
https://openalex.org/W4231002400,Dynamo: a transparent dynamic optimization system,PLDI,2000,https://openalex.org/A5083738032,Vasanth Bala,first,1992.0,48.0,2772.0,21.0,26.0,8.0,Senior
https://openalex.org/W4231002400,Dynamo: a transparent dynamic optimization system,PLDI,2000,https://openalex.org/A5029055674,Evelyn Duesterwald,middle,1991.0,69.0,3147.0,23.0,40.0,9.0,Senior
https://openalex.org/W4231002400,Dynamo: a transparent dynamic optimization system,PLDI,2000,https://openalex.org/A5070068025,Sanjeev Banerjia,last,1993.0,19.0,1877.0,13.0,15.0,7.0,Senior
https://openalex.org/W2035071899,Auditing Boolean attributes,PODS,2000,https://openalex.org/A5055710645,Jon Kleinberg,first,1956.0,562.0,88367.0,115.0,293.0,44.0,Senior
https://openalex.org/W2035071899,Auditing Boolean attributes,PODS,2000,https://openalex.org/A5104056982,Christos H. Papadimitriou,middle,1977.0,307.0,22892.0,75.0,180.0,23.0,Senior
https://openalex.org/W2035071899,Auditing Boolean attributes,PODS,2000,https://openalex.org/A5078491738,Prabhakar Raghavan,last,1982.0,294.0,45387.0,74.0,169.0,18.0,Senior
https://openalex.org/W1985554184,IR evaluation methods for retrieving highly relevant documents,SIGIR,2000,https://openalex.org/A5014374477,Kalervo Järvelin,first,1982.0,252.0,13117.0,40.0,107.0,18.0,Senior
https://openalex.org/W1985554184,IR evaluation methods for retrieving highly relevant documents,SIGIR,2000,https://openalex.org/A5086854307,Jaana Kekäläinen,last,1998.0,53.0,8017.0,16.0,21.0,2.0,Junior
https://openalex.org/W4235095233,XMill: an efficient compressor for XML data,SIGMOD,2000,https://openalex.org/A5057889288,Hartmut Liefke,first,1998.0,9.0,718.0,6.0,5.0,2.0,Junior
https://openalex.org/W4235095233,XMill: an efficient compressor for XML data,SIGMOD,2000,https://openalex.org/A5048204602,Dan Suciu,last,1969.0,533.0,24477.0,80.0,265.0,31.0,Senior
https://openalex.org/W2169732913,Sensing Techniques for Mobile Interaction,UIST,2000,https://openalex.org/A5036357098,Ken Hinckley,first,1994.0,182.0,8458.0,53.0,92.0,6.0,Senior
https://openalex.org/W2169732913,Sensing Techniques for Mobile Interaction,UIST,2000,https://openalex.org/A5059348442,Jeff Pierce,middle,1959.0,16.0,689.0,4.0,4.0,41.0,Senior
https://openalex.org/W2169732913,Sensing Techniques for Mobile Interaction,UIST,2000,https://openalex.org/A5032790545,Mike Sinclair,middle,1975.0,124.0,3979.0,31.0,44.0,25.0,Senior
https://openalex.org/W2169732913,Sensing Techniques for Mobile Interaction,UIST,2000,https://openalex.org/A5043228682,Eric Horvitz,last,1984.0,686.0,41933.0,95.0,378.0,16.0,Senior
https://openalex.org/W2175110005,Graph Structure in the Web,WWW,2000,https://openalex.org/A5108541542,Andrei Broder,first,1983.0,166.0,17025.0,45.0,90.0,17.0,Senior
https://openalex.org/W2175110005,Graph Structure in the Web,WWW,2000,https://openalex.org/A5101772780,Ravi Kumar,middle,2000.0,24.0,7390.0,14.0,14.0,0.0,Junior
https://openalex.org/W2175110005,Graph Structure in the Web,WWW,2000,https://openalex.org/A5061038699,Farzin Maghoul,middle,2000.0,12.0,3313.0,10.0,10.0,0.0,Junior
https://openalex.org/W2175110005,Graph Structure in the Web,WWW,2000,https://openalex.org/A5078491738,Prabhakar Raghavan,middle,1982.0,294.0,45387.0,74.0,169.0,18.0,Senior
https://openalex.org/W2175110005,Graph Structure in the Web,WWW,2000,https://openalex.org/A5104023644,Sridhar Rajagopalan,middle,1993.0,50.0,9516.0,28.0,39.0,7.0,Senior
https://openalex.org/W2175110005,Graph Structure in the Web,WWW,2000,https://openalex.org/A5111970544,Raymie Stata,middle,1990.0,29.0,5143.0,16.0,20.0,10.0,Senior
https://openalex.org/W2175110005,Graph Structure in the Web,WWW,2000,https://openalex.org/A5068021191,Andrew Tomkins,middle,1986.0,182.0,23553.0,55.0,104.0,14.0,Senior
https://openalex.org/W2175110005,Graph Structure in the Web,WWW,2000,https://openalex.org/A5113681033,Janet L. Wiener,last,1975.0,67.0,9010.0,33.0,52.0,25.0,Senior
