author_id,author_name,award_year,conference,career_age_at_award,author_position,match_route,works_count,cited_by_count,h_index,i10_index,2yr_mean_citedness,first_pub_year,counts_by_year
https://openalex.org/A5014823249,Jincheng Mei,2018,AAAI,4,2,SS→DOI→OA,29,244,9,9,0.16666666666666666,2014,"[{""year"": 2014, ""works_count"": 3, ""oa_works_count"": 2, ""cited_by_count"": 46}, {""year"": 2015, ""works_count"": 1, ""oa_works_count"": 1, ""cited_by_count"": 2}, {""year"": 2016, ""works_count"": 3, ""oa_works_count"": 1, ""cited_by_count"": 10}, {""year"": 2017, ""works_count"": 1, ""oa_works_count"": 1, ""cited_by_count"": 21}, {""year"": 2018, ""works_count"": 2, ""oa_works_count"": 1, ""cited_by_count"": 20}, {""year"": 2019, ""works_count"": 2, ""oa_works_count"": 1, ""cited_by_count"": 29}, {""year"": 2020, ""works_count"": 5, ""oa_works_count"": 4, ""cited_by_count"": 102}, {""year"": 2021, ""works_count"": 6, ""oa_works_count"": 5, ""cited_by_count"": 13}, {""year"": 2024, ""works_count"": 2, ""oa_works_count"": 2, ""cited_by_count"": 1}, {""year"": 2025, ""works_count"": 4, ""oa_works_count"": 3, ""cited_by_count"": 0}]"
https://openalex.org/A5069646529,Adhiguna Kuncoro,2018,ACL,2,3,SS→DOI→OA,35,1578,18,19,0.0,2016,"[{""year"": 2016, ""works_count"": 4, ""oa_works_count"": 4, ""cited_by_count"": 116}, {""year"": 2017, ""works_count"": 4, ""oa_works_count"": 3, ""cited_by_count"": 522}, {""year"": 2018, ""works_count"": 3, ""oa_works_count"": 2, ""cited_by_count"": 212}, {""year"": 2019, ""works_count"": 5, ""oa_works_count"": 5, ""cited_by_count"": 151}, {""year"": 2020, ""works_count"": 2, ""oa_works_count"": 1, ""cited_by_count"": 60}, {""year"": 2021, ""works_count"": 8, ""oa_works_count"": 8, ""cited_by_count"": 445}, {""year"": 2022, ""works_count"": 4, ""oa_works_count"": 4, ""cited_by_count"": 63}, {""year"": 2023, ""works_count"": 4, ""oa_works_count"": 4, ""cited_by_count"": 9}, {""year"": 2024, ""works_count"": 1, ""oa_works_count"": 1, ""cited_by_count"": 0}]"
https://openalex.org/A5032195981,Sang-Gyun An,2018,CHI,1,2,SS→DOI→OA,8,131,6,6,0.0,2017,"[{""year"": 2017, ""works_count"": 2, ""oa_works_count"": 0, ""cited_by_count"": 27}, {""year"": 2018, ""works_count"": 4, ""oa_works_count"": 0, ""cited_by_count"": 89}, {""year"": 2020, ""works_count"": 2, ""oa_works_count"": 0, ""cited_by_count"": 15}]"
https://openalex.org/A5075359884,Sylvia Simioni,2018,CHI,0,3,SS→DOI→OA,2,134,2,2,0.0,2018,"[{""year"": 2018, ""works_count"": 1, ""oa_works_count"": 1, ""cited_by_count"": 98}, {""year"": 2019, ""works_count"": 1, ""oa_works_count"": 0, ""cited_by_count"": 36}]"
https://openalex.org/A5035195609,Sean Peacock,2018,CHI,2,1,SS→DOI→OA,16,114,5,5,0.0,2018,"[{""year"": 2016, ""works_count"": 4, ""oa_works_count"": 0, ""cited_by_count"": 3}, {""year"": 2017, ""works_count"": 1, ""oa_works_count"": 0, ""cited_by_count"": 2}, {""year"": 2018, ""works_count"": 1, ""oa_works_count"": 1, ""cited_by_count"": 39}, {""year"": 2019, ""works_count"": 2, ""oa_works_count"": 0, ""cited_by_count"": 4}, {""year"": 2020, ""works_count"": 1, ""oa_works_count"": 0, ""cited_by_count"": 1}, {""year"": 2021, ""works_count"": 2, ""oa_works_count"": 1, ""cited_by_count"": 16}, {""year"": 2022, ""works_count"": 5, ""oa_works_count"": 4, ""cited_by_count"": 49}]"
https://openalex.org/A5061115418,Clara Crivellaro,2018,CHI,4,3,SS→DOI→OA,55,1094,18,25,1.8888888888888888,2014,"[{""year"": 2014, ""works_count"": 4, ""oa_works_count"": 0, ""cited_by_count"": 117}, {""year"": 2015, ""works_count"": 4, ""oa_works_count"": 0, ""cited_by_count"": 107}, {""year"": 2016, ""works_count"": 5, ""oa_works_count"": 3, ""cited_by_count"": 270}, {""year"": 2017, ""works_count"": 3, ""oa_works_count"": 2, ""cited_by_count"": 72}, {""year"": 2018, ""works_count"": 4, ""oa_works_count"": 4, ""cited_by_count"": 194}, {""year"": 2019, ""works_count"": 5, ""oa_works_count"": 2, ""cited_by_count"": 128}, {""year"": 2020, ""works_count"": 4, ""oa_works_count"": 1, ""cited_by_count"": 99}, {""year"": 2021, ""works_count"": 10, ""oa_works_count"": 1, ""cited_by_count"": 50}, {""year"": 2022, ""works_count"": 4, ""oa_works_count"": 3, ""cited_by_count"": 12}, {""year"": 2023, ""works_count"": 3, ""oa_works_count"": 3, ""cited_by_count"": 28}, {""year"": 2024, ""works_count"": 3, ""oa_works_count"": 2, ""cited_by_count"": 8}, {""year"": 2025, ""works_count"": 6, ""oa_works_count"": 5, ""cited_by_count"": 9}]"
https://openalex.org/A5021296068,Lydia Michie,2018,CHI,0,1,GS→title→OA,3,83,3,1,0.0,2017,"[{""year"": 2017, ""works_count"": 1, ""oa_works_count"": 1, ""cited_by_count"": 8}, {""year"": 2018, ""works_count"": 2, ""oa_works_count"": 2, ""cited_by_count"": 75}]"
https://openalex.org/A5084538652,Morgan Klaus Scheuerman,2018,CHI,1,2,SS→DOI→OA,47,1665,18,22,1.9285714285714286,2017,"[{""year"": 2017, ""works_count"": 2, ""oa_works_count"": 0, ""cited_by_count"": 64}, {""year"": 2018, ""works_count"": 4, ""oa_works_count"": 2, ""cited_by_count"": 418}, {""year"": 2019, ""works_count"": 1, ""oa_works_count"": 1, ""cited_by_count"": 223}, {""year"": 2020, ""works_count"": 7, ""oa_works_count"": 5, ""cited_by_count"": 309}, {""year"": 2021, ""works_count"": 11, ""oa_works_count"": 8, ""cited_by_count"": 552}, {""year"": 2022, ""works_count"": 3, ""oa_works_count"": 1, ""cited_by_count"": 39}, {""year"": 2023, ""works_count"": 5, ""oa_works_count"": 5, ""cited_by_count"": 33}, {""year"": 2024, ""works_count"": 6, ""oa_works_count"": 5, ""cited_by_count"": 23}, {""year"": 2025, ""works_count"": 6, ""oa_works_count"": 3, ""cited_by_count"": 4}, {""year"": 2026, ""works_count"": 2, ""oa_works_count"": 2, ""cited_by_count"": 0}]"
https://openalex.org/A5034634435,Ari Schlesinger,2018,CHI,1,1,SS→DOI→OA,6,617,5,4,0.0,2017,"[{""year"": 2017, ""works_count"": 3, ""oa_works_count"": 2, ""cited_by_count"": 447}, {""year"": 2018, ""works_count"": 2, ""oa_works_count"": 1, ""cited_by_count"": 161}, {""year"": 2022, ""works_count"": 1, ""oa_works_count"": 1, ""cited_by_count"": 9}]"
https://openalex.org/A5078903072,Robert B. Lull,2018,CHI,4,3,SS→title→OA,23,362,9,9,0.0,2014,"[{""year"": 2014, ""works_count"": 4, ""oa_works_count"": 0, ""cited_by_count"": 53}, {""year"": 2015, ""works_count"": 4, ""oa_works_count"": 1, ""cited_by_count"": 87}, {""year"": 2016, ""works_count"": 6, ""oa_works_count"": 3, ""cited_by_count"": 65}, {""year"": 2017, ""works_count"": 5, ""oa_works_count"": 0, ""cited_by_count"": 109}, {""year"": 2018, ""works_count"": 2, ""oa_works_count"": 1, ""cited_by_count"": 36}, {""year"": 2019, ""works_count"": 1, ""oa_works_count"": 0, ""cited_by_count"": 12}, {""year"": 2024, ""works_count"": 1, ""oa_works_count"": 1, ""cited_by_count"": 0}]"
https://openalex.org/A5011438930,Jessica L. Feuston,2018,CHI,4,2,SS→DOI→OA,21,615,11,13,6.5,2014,"[{""year"": 2014, ""works_count"": 1, ""oa_works_count"": 0, ""cited_by_count"": 5}, {""year"": 2015, ""works_count"": 2, ""oa_works_count"": 0, ""cited_by_count"": 52}, {""year"": 2017, ""works_count"": 2, ""oa_works_count"": 0, ""cited_by_count"": 80}, {""year"": 2018, ""works_count"": 4, ""oa_works_count"": 0, ""cited_by_count"": 162}, {""year"": 2019, ""works_count"": 2, ""oa_works_count"": 0, ""cited_by_count"": 63}, {""year"": 2020, ""works_count"": 3, ""oa_works_count"": 1, ""cited_by_count"": 116}, {""year"": 2021, ""works_count"": 1, ""oa_works_count"": 1, ""cited_by_count"": 70}, {""year"": 2022, ""works_count"": 3, ""oa_works_count"": 2, ""cited_by_count"": 50}, {""year"": 2023, ""works_count"": 1, ""oa_works_count"": 0, ""cited_by_count"": 4}, {""year"": 2024, ""works_count"": 2, ""oa_works_count"": 2, ""cited_by_count"": 13}]"
https://openalex.org/A5091847639,Caroline Edasis,2018,CHI,2,3,SS→DOI→OA,5,464,5,5,0.0,2016,"[{""year"": 2016, ""works_count"": 2, ""oa_works_count"": 0, ""cited_by_count"": 123}, {""year"": 2017, ""works_count"": 2, ""oa_works_count"": 2, ""cited_by_count"": 256}, {""year"": 2018, ""works_count"": 1, ""oa_works_count"": 0, ""cited_by_count"": 85}]"
https://openalex.org/A5075026385,Miro Mannino,2018,CHI,0,1,SS→DOI→OA,13,126,3,3,0.25,2019,"[{""year"": 2018, ""works_count"": 3, ""oa_works_count"": 0, ""cited_by_count"": 82}, {""year"": 2019, ""works_count"": 2, ""oa_works_count"": 0, ""cited_by_count"": 35}, {""year"": 2020, ""works_count"": 2, ""oa_works_count"": 0, ""cited_by_count"": 5}, {""year"": 2021, ""works_count"": 2, ""oa_works_count"": 0, ""cited_by_count"": 3}, {""year"": 2024, ""works_count"": 3, ""oa_works_count"": 2, ""cited_by_count"": 1}, {""year"": 2025, ""works_count"": 1, ""oa_works_count"": 0, ""cited_by_count"": 0}]"
https://openalex.org/A5086240513,Josh Andrés,2018,CHI,3,3,SS→DOI→OA,75,1088,19,26,2.1666666666666665,2015,"[{""year"": 2015, ""works_count"": 1, ""oa_works_count"": 0, ""cited_by_count"": 11}, {""year"": 2016, ""works_count"": 2, ""oa_works_count"": 0, ""cited_by_count"": 25}, {""year"": 2018, ""works_count"": 4, ""oa_works_count"": 0, ""cited_by_count"": 199}, {""year"": 2019, ""works_count"": 4, ""oa_works_count"": 3, ""cited_by_count"": 54}, {""year"": 2020, ""works_count"": 16, ""oa_works_count"": 3, ""cited_by_count"": 320}, {""year"": 2021, ""works_count"": 11, ""oa_works_count"": 1, ""cited_by_count"": 286}, {""year"": 2022, ""works_count"": 11, ""oa_works_count"": 7, ""cited_by_count"": 89}, {""year"": 2023, ""works_count"": 8, ""oa_works_count"": 4, ""cited_by_count"": 65}, {""year"": 2024, ""works_count"": 10, ""oa_works_count"": 8, ""cited_by_count"": 32}, {""year"": 2025, ""works_count"": 8, ""oa_works_count"": 4, ""cited_by_count"": 7}]"
https://openalex.org/A5109428307,Jen Liu,2018,CHI,1,1,SS→DOI→OA,20,338,6,4,1.0,2017,"[{""year"": 2017, ""works_count"": 1, ""oa_works_count"": 0, ""cited_by_count"": 6}, {""year"": 2018, ""works_count"": 2, ""oa_works_count"": 0, ""cited_by_count"": 212}, {""year"": 2019, ""works_count"": 2, ""oa_works_count"": 1, ""cited_by_count"": 58}, {""year"": 2020, ""works_count"": 1, ""oa_works_count"": 0, ""cited_by_count"": 0}, {""year"": 2021, ""works_count"": 2, ""oa_works_count"": 1, ""cited_by_count"": 44}, {""year"": 2022, ""works_count"": 4, ""oa_works_count"": 1, ""cited_by_count"": 10}, {""year"": 2023, ""works_count"": 2, ""oa_works_count"": 2, ""cited_by_count"": 2}, {""year"": 2024, ""works_count"": 2, ""oa_works_count"": 1, ""cited_by_count"": 6}, {""year"": 2025, ""works_count"": 4, ""oa_works_count"": 1, ""cited_by_count"": 0}]"
https://openalex.org/A5103026409,Sharifa Sultana,2018,CHI,0,1,SS→DOI→OA,50,649,13,16,0.44,2018,"[{""year"": 2018, ""works_count"": 1, ""oa_works_count"": 0, ""cited_by_count"": 178}, {""year"": 2019, ""works_count"": 3, ""oa_works_count"": 0, ""cited_by_count"": 116}, {""year"": 2020, ""works_count"": 4, ""oa_works_count"": 0, ""cited_by_count"": 80}, {""year"": 2021, ""works_count"": 6, ""oa_works_count"": 1, ""cited_by_count"": 151}, {""year"": 2022, ""works_count"": 8, ""oa_works_count"": 3, ""cited_by_count"": 91}, {""year"": 2023, ""works_count"": 3, ""oa_works_count"": 0, ""cited_by_count"": 22}, {""year"": 2024, ""works_count"": 4, ""oa_works_count"": 2, ""cited_by_count"": 10}, {""year"": 2025, ""works_count"": 7, ""oa_works_count"": 6, ""cited_by_count"": 1}, {""year"": 2026, ""works_count"": 14, ""oa_works_count"": 14, ""cited_by_count"": 0}]"
https://openalex.org/A5091174431,Izabelle Janzen,2018,CHI,2,2,SS→DOI→OA,5,87,3,2,0.0,2016,"[{""year"": 2016, ""works_count"": 2, ""oa_works_count"": 1, ""cited_by_count"": 33}, {""year"": 2018, ""works_count"": 2, ""oa_works_count"": 1, ""cited_by_count"": 48}, {""year"": 2022, ""works_count"": 1, ""oa_works_count"": 0, ""cited_by_count"": 6}]"
https://openalex.org/A5011207998,Urmila Mahadev,2018,FOCS,4,1,SS→DOI→OA,12,309,5,3,0.0,2014,"[{""year"": 2014, ""works_count"": 1, ""oa_works_count"": 1, ""cited_by_count"": 0}, {""year"": 2015, ""works_count"": 1, ""oa_works_count"": 0, ""cited_by_count"": 5}, {""year"": 2018, ""works_count"": 7, ""oa_works_count"": 5, ""cited_by_count"": 266}, {""year"": 2021, ""works_count"": 1, ""oa_works_count"": 1, ""cited_by_count"": 8}, {""year"": 2022, ""works_count"": 2, ""oa_works_count"": 1, ""cited_by_count"": 30}]"
https://openalex.org/A5112345861,Khot Subhash,2018,FOCS,0,1,SS→DOI→OA,1,71,1,1,0.0,2018,"[{""year"": 2018, ""works_count"": 1, ""oa_works_count"": 0, ""cited_by_count"": 71}]"
https://openalex.org/A5063520549,Dor Minzer,2018,FOCS,3,2,SS→DOI→OA,104,423,11,12,1.024390243902439,2015,"[{""year"": 2015, ""works_count"": 1, ""oa_works_count"": 0, ""cited_by_count"": 55}, {""year"": 2017, ""works_count"": 1, ""oa_works_count"": 0, ""cited_by_count"": 2}, {""year"": 2018, ""works_count"": 5, ""oa_works_count"": 0, ""cited_by_count"": 104}, {""year"": 2019, ""works_count"": 4, ""oa_works_count"": 2, ""cited_by_count"": 24}, {""year"": 2020, ""works_count"": 3, ""oa_works_count"": 3, ""cited_by_count"": 3}, {""year"": 2021, ""works_count"": 9, ""oa_works_count"": 9, ""cited_by_count"": 37}, {""year"": 2022, ""works_count"": 22, ""oa_works_count"": 10, ""cited_by_count"": 88}, {""year"": 2023, ""works_count"": 18, ""oa_works_count"": 14, ""cited_by_count"": 68}, {""year"": 2024, ""works_count"": 23, ""oa_works_count"": 18, ""cited_by_count"": 37}, {""year"": 2025, ""works_count"": 18, ""oa_works_count"": 9, ""cited_by_count"": 5}]"
https://openalex.org/A5068145628,Christy A. Coghlan,2018,FSE,0,2,GS→title→OA,7,157,4,2,0.0,2018,"[{""year"": 2018, ""works_count"": 2, ""oa_works_count"": 1, ""cited_by_count"": 100}, {""year"": 2019, ""works_count"": 3, ""oa_works_count"": 2, ""cited_by_count"": 57}, {""year"": 2021, ""works_count"": 2, ""oa_works_count"": 2, ""cited_by_count"": 0}]"
https://openalex.org/A5023724495,Wensheng Dou,2018,FSE,4,2,SS→DOI→OA,79,758,17,27,2.0416666666666665,2014,"[{""year"": 2014, ""works_count"": 1, ""oa_works_count"": 0, ""cited_by_count"": 46}, {""year"": 2015, ""works_count"": 6, ""oa_works_count"": 1, ""cited_by_count"": 28}, {""year"": 2016, ""works_count"": 3, ""oa_works_count"": 0, ""cited_by_count"": 73}, {""year"": 2017, ""works_count"": 9, ""oa_works_count"": 1, ""cited_by_count"": 84}, {""year"": 2018, ""works_count"": 5, ""oa_works_count"": 0, ""cited_by_count"": 92}, {""year"": 2019, ""works_count"": 3, ""oa_works_count"": 0, ""cited_by_count"": 75}, {""year"": 2020, ""works_count"": 6, ""oa_works_count"": 1, ""cited_by_count"": 52}, {""year"": 2021, ""works_count"": 5, ""oa_works_count"": 0, ""cited_by_count"": 43}, {""year"": 2022, ""works_count"": 8, ""oa_works_count"": 2, ""cited_by_count"": 113}, {""year"": 2023, ""works_count"": 9, ""oa_works_count"": 2, ""cited_by_count"": 103}, {""year"": 2024, ""works_count"": 8, ""oa_works_count"": 6, ""cited_by_count"": 31}, {""year"": 2025, ""works_count"": 14, ""oa_works_count"": 7, ""cited_by_count"": 18}, {""year"": 2026, ""works_count"": 2, ""oa_works_count"": 2, ""cited_by_count"": 0}]"
https://openalex.org/A5091720485,Anish Athalye,2018,ICML,5,1,SS→title→OA,18,4809,12,12,2.0,2018,"[{""year"": 2013, ""works_count"": 1, ""oa_works_count"": 1, ""cited_by_count"": 0}, {""year"": 2017, ""works_count"": 4, ""oa_works_count"": 4, ""cited_by_count"": 736}, {""year"": 2018, ""works_count"": 6, ""oa_works_count"": 5, ""cited_by_count"": 3368}, {""year"": 2019, ""works_count"": 2, ""oa_works_count"": 2, ""cited_by_count"": 597}, {""year"": 2020, ""works_count"": 2, ""oa_works_count"": 1, ""cited_by_count"": 3}, {""year"": 2021, ""works_count"": 1, ""oa_works_count"": 1, ""cited_by_count"": 103}, {""year"": 2023, ""works_count"": 1, ""oa_works_count"": 1, ""cited_by_count"": 0}, {""year"": 2024, ""works_count"": 1, ""oa_works_count"": 1, ""cited_by_count"": 2}]"
https://openalex.org/A5017596078,Lydia T. Liu,2018,ICML,2,1,SS→DOI→OA,29,176,7,6,1.1666666666666667,2016,"[{""year"": 2016, ""works_count"": 1, ""oa_works_count"": 0, ""cited_by_count"": 10}, {""year"": 2018, ""works_count"": 9, ""oa_works_count"": 6, ""cited_by_count"": 69}, {""year"": 2019, ""works_count"": 2, ""oa_works_count"": 2, ""cited_by_count"": 29}, {""year"": 2020, ""works_count"": 5, ""oa_works_count"": 5, ""cited_by_count"": 36}, {""year"": 2021, ""works_count"": 3, ""oa_works_count"": 3, ""cited_by_count"": 1}, {""year"": 2022, ""works_count"": 1, ""oa_works_count"": 1, ""cited_by_count"": 1}, {""year"": 2023, ""works_count"": 2, ""oa_works_count"": 2, ""cited_by_count"": 23}, {""year"": 2024, ""works_count"": 2, ""oa_works_count"": 2, ""cited_by_count"": 7}, {""year"": 2025, ""works_count"": 4, ""oa_works_count"": 3, ""cited_by_count"": 0}]"
https://openalex.org/A5102012317,Lingling Fan,2018,ICSE,2,1,SS→DOI→OA,62,1659,22,31,0.35714285714285715,2016,"[{""year"": 2016, ""works_count"": 2, ""oa_works_count"": 0, ""cited_by_count"": 22}, {""year"": 2017, ""works_count"": 3, ""oa_works_count"": 3, ""cited_by_count"": 251}, {""year"": 2018, ""works_count"": 4, ""oa_works_count"": 3, ""cited_by_count"": 216}, {""year"": 2019, ""works_count"": 8, ""oa_works_count"": 3, ""cited_by_count"": 294}, {""year"": 2020, ""works_count"": 6, ""oa_works_count"": 2, ""cited_by_count"": 232}, {""year"": 2021, ""works_count"": 10, ""oa_works_count"": 4, ""cited_by_count"": 351}, {""year"": 2022, ""works_count"": 9, ""oa_works_count"": 3, ""cited_by_count"": 228}, {""year"": 2023, ""works_count"": 6, ""oa_works_count"": 2, ""cited_by_count"": 60}, {""year"": 2024, ""works_count"": 4, ""oa_works_count"": 1, ""cited_by_count"": 3}, {""year"": 2025, ""works_count"": 8, ""oa_works_count"": 2, ""cited_by_count"": 2}, {""year"": 2026, ""works_count"": 2, ""oa_works_count"": 1, ""cited_by_count"": 0}]"
https://openalex.org/A5071723330,Timo Rehfeld,2018,ICSE,2,1,GS→title→OA,13,11686,7,6,0.0,2016,"[{""year"": 2016, ""works_count"": 3, ""oa_works_count"": 0, ""cited_by_count"": 11609}, {""year"": 2017, ""works_count"": 4, ""oa_works_count"": 3, ""cited_by_count"": 49}, {""year"": 2018, ""works_count"": 2, ""oa_works_count"": 1, ""cited_by_count"": 10}, {""year"": 2020, ""works_count"": 2, ""oa_works_count"": 0, ""cited_by_count"": 7}, {""year"": 2021, ""works_count"": 1, ""oa_works_count"": 1, ""cited_by_count"": 1}, {""year"": 2022, ""works_count"": 1, ""oa_works_count"": 0, ""cited_by_count"": 10}]"
https://openalex.org/A5103226106,Leonardo Sousa,2018,ICSE,5,1,SS→DOI→OA,32,663,15,20,1.5,2013,"[{""year"": 2013, ""works_count"": 2, ""oa_works_count"": 2, ""cited_by_count"": 1}, {""year"": 2016, ""works_count"": 5, ""oa_works_count"": 1, ""cited_by_count"": 169}, {""year"": 2017, ""works_count"": 7, ""oa_works_count"": 1, ""cited_by_count"": 171}, {""year"": 2018, ""works_count"": 4, ""oa_works_count"": 1, ""cited_by_count"": 118}, {""year"": 2019, ""works_count"": 4, ""oa_works_count"": 0, ""cited_by_count"": 62}, {""year"": 2020, ""works_count"": 5, ""oa_works_count"": 0, ""cited_by_count"": 131}, {""year"": 2021, ""works_count"": 1, ""oa_works_count"": 1, ""cited_by_count"": 1}, {""year"": 2022, ""works_count"": 1, ""oa_works_count"": 0, ""cited_by_count"": 3}, {""year"": 2023, ""works_count"": 1, ""oa_works_count"": 0, ""cited_by_count"": 4}, {""year"": 2025, ""works_count"": 2, ""oa_works_count"": 1, ""cited_by_count"": 3}]"
https://openalex.org/A5056334354,Rijnard van Tonder,2018,ICSE,5,1,SS→DOI→OA,25,298,9,9,4.5,2014,"[{""year"": 2013, ""works_count"": 1, ""oa_works_count"": 1, ""cited_by_count"": 0}, {""year"": 2014, ""works_count"": 2, ""oa_works_count"": 1, ""cited_by_count"": 10}, {""year"": 2016, ""works_count"": 1, ""oa_works_count"": 0, ""cited_by_count"": 15}, {""year"": 2018, ""works_count"": 4, ""oa_works_count"": 2, ""cited_by_count"": 150}, {""year"": 2019, ""works_count"": 6, ""oa_works_count"": 3, ""cited_by_count"": 82}, {""year"": 2020, ""works_count"": 2, ""oa_works_count"": 1, ""cited_by_count"": 12}, {""year"": 2021, ""works_count"": 1, ""oa_works_count"": 1, ""cited_by_count"": 0}, {""year"": 2022, ""works_count"": 4, ""oa_works_count"": 2, ""cited_by_count"": 20}, {""year"": 2023, ""works_count"": 2, ""oa_works_count"": 1, ""cited_by_count"": 0}, {""year"": 2024, ""works_count"": 2, ""oa_works_count"": 2, ""cited_by_count"": 9}]"
https://openalex.org/A5009835433,Calvin Loncaric,2018,ICSE,3,1,SS→DOI→OA,11,128,6,4,0.0,2015,"[{""year"": 2015, ""works_count"": 2, ""oa_works_count"": 1, ""cited_by_count"": 9}, {""year"": 2016, ""works_count"": 7, ""oa_works_count"": 1, ""cited_by_count"": 89}, {""year"": 2018, ""works_count"": 2, ""oa_works_count"": 1, ""cited_by_count"": 30}]"
https://openalex.org/A5082629071,Michael Rath,2018,ICSE,1,1,SS→DOI→OA,102,264,8,6,0.0,2017,"[{""year"": 2017, ""works_count"": 2, ""oa_works_count"": 0, ""cited_by_count"": 28}, {""year"": 2018, ""works_count"": 29, ""oa_works_count"": 24, ""cited_by_count"": 181}, {""year"": 2019, ""works_count"": 63, ""oa_works_count"": 61, ""cited_by_count"": 32}, {""year"": 2020, ""works_count"": 8, ""oa_works_count"": 6, ""cited_by_count"": 23}]"
https://openalex.org/A5032569584,Jacob Rendall,2018,ICSE,3,2,SS→DOI→OA,6,264,5,4,0.0,2015,"[{""year"": 2015, ""works_count"": 1, ""oa_works_count"": 1, ""cited_by_count"": 9}, {""year"": 2017, ""works_count"": 2, ""oa_works_count"": 0, ""cited_by_count"": 122}, {""year"": 2018, ""works_count"": 3, ""oa_works_count"": 2, ""cited_by_count"": 133}]"
https://openalex.org/A5030456881,Chun Kai Ling,2018,IJCAI,3,1,SS→DOI→OA,38,95,5,4,0.5,2016,"[{""year"": 2015, ""works_count"": 1, ""oa_works_count"": 0, ""cited_by_count"": 1}, {""year"": 2016, ""works_count"": 2, ""oa_works_count"": 2, ""cited_by_count"": 11}, {""year"": 2018, ""works_count"": 2, ""oa_works_count"": 2, ""cited_by_count"": 21}, {""year"": 2019, ""works_count"": 6, ""oa_works_count"": 6, ""cited_by_count"": 41}, {""year"": 2020, ""works_count"": 2, ""oa_works_count"": 2, ""cited_by_count"": 6}, {""year"": 2021, ""works_count"": 1, ""oa_works_count"": 1, ""cited_by_count"": 2}, {""year"": 2022, ""works_count"": 2, ""oa_works_count"": 2, ""cited_by_count"": 1}, {""year"": 2023, ""works_count"": 8, ""oa_works_count"": 7, ""cited_by_count"": 5}, {""year"": 2024, ""works_count"": 10, ""oa_works_count"": 9, ""cited_by_count"": 7}, {""year"": 2025, ""works_count"": 2, ""oa_works_count"": 2, ""cited_by_count"": 0}, {""year"": 2026, ""works_count"": 2, ""oa_works_count"": 2, ""cited_by_count"": 0}]"
https://openalex.org/A5011742954,Giannis Nikolentzos,2018,IJCAI,3,1,SS→DOI→OA,73,877,15,20,2.0,2015,"[{""year"": 2015, ""works_count"": 1, ""oa_works_count"": 0, ""cited_by_count"": 2}, {""year"": 2016, ""works_count"": 1, ""oa_works_count"": 1, ""cited_by_count"": 0}, {""year"": 2017, ""works_count"": 7, ""oa_works_count"": 5, ""cited_by_count"": 313}, {""year"": 2018, ""works_count"": 8, ""oa_works_count"": 5, ""cited_by_count"": 151}, {""year"": 2019, ""works_count"": 6, ""oa_works_count"": 2, ""cited_by_count"": 56}, {""year"": 2020, ""works_count"": 7, ""oa_works_count"": 4, ""cited_by_count"": 45}, {""year"": 2021, ""works_count"": 11, ""oa_works_count"": 8, ""cited_by_count"": 201}, {""year"": 2022, ""works_count"": 11, ""oa_works_count"": 9, ""cited_by_count"": 26}, {""year"": 2023, ""works_count"": 8, ""oa_works_count"": 7, ""cited_by_count"": 57}, {""year"": 2024, ""works_count"": 9, ""oa_works_count"": 8, ""cited_by_count"": 26}, {""year"": 2025, ""works_count"": 2, ""oa_works_count"": 2, ""cited_by_count"": 0}, {""year"": 2026, ""works_count"": 2, ""oa_works_count"": 2, ""cited_by_count"": 0}]"
https://openalex.org/A5064520344,Polykarpos Meladianos,2018,IJCAI,3,2,SS→DOI→OA,18,686,13,14,0.0,2015,"[{""year"": 2015, ""works_count"": 2, ""oa_works_count"": 0, ""cited_by_count"": 12}, {""year"": 2016, ""works_count"": 1, ""oa_works_count"": 1, ""cited_by_count"": 0}, {""year"": 2017, ""works_count"": 7, ""oa_works_count"": 6, ""cited_by_count"": 348}, {""year"": 2018, ""works_count"": 6, ""oa_works_count"": 5, ""cited_by_count"": 222}, {""year"": 2019, ""works_count"": 1, ""oa_works_count"": 1, ""cited_by_count"": 15}, {""year"": 2021, ""works_count"": 1, ""oa_works_count"": 1, ""cited_by_count"": 89}]"
https://openalex.org/A5058510425,Stratis Limnios,2018,IJCAI,0,3,SS→DOI→OA,11,114,4,3,0.6666666666666666,2018,"[{""year"": 2018, ""works_count"": 2, ""oa_works_count"": 2, ""cited_by_count"": 87}, {""year"": 2019, ""works_count"": 1, ""oa_works_count"": 1, ""cited_by_count"": 6}, {""year"": 2020, ""works_count"": 3, ""oa_works_count"": 2, ""cited_by_count"": 19}, {""year"": 2021, ""works_count"": 1, ""oa_works_count"": 1, ""cited_by_count"": 0}, {""year"": 2023, ""works_count"": 1, ""oa_works_count"": 1, ""cited_by_count"": 0}, {""year"": 2024, ""works_count"": 3, ""oa_works_count"": 2, ""cited_by_count"": 2}]"
https://openalex.org/A5100342798,Zihao Li,2018,INFOCOM,1,3,SS→DOI→OA,89,1269,17,20,2.5686274509803924,2017,"[{""year"": 2017, ""works_count"": 3, ""oa_works_count"": 1, ""cited_by_count"": 126}, {""year"": 2018, ""works_count"": 4, ""oa_works_count"": 0, ""cited_by_count"": 308}, {""year"": 2019, ""works_count"": 3, ""oa_works_count"": 2, ""cited_by_count"": 216}, {""year"": 2020, ""works_count"": 3, ""oa_works_count"": 1, ""cited_by_count"": 296}, {""year"": 2021, ""works_count"": 2, ""oa_works_count"": 1, ""cited_by_count"": 35}, {""year"": 2022, ""works_count"": 8, ""oa_works_count"": 4, ""cited_by_count"": 64}, {""year"": 2023, ""works_count"": 15, ""oa_works_count"": 8, ""cited_by_count"": 93}, {""year"": 2024, ""works_count"": 23, ""oa_works_count"": 19, ""cited_by_count"": 90}, {""year"": 2025, ""works_count"": 26, ""oa_works_count"": 18, ""cited_by_count"": 41}, {""year"": 2026, ""works_count"": 2, ""oa_works_count"": 1, ""cited_by_count"": 0}]"
https://openalex.org/A5082318381,Subhramoy Mohanti,2018,INFOCOM,2,1,SS→DOI→OA,23,384,10,10,0.42857142857142855,2016,"[{""year"": 2016, ""works_count"": 2, ""oa_works_count"": 1, ""cited_by_count"": 4}, {""year"": 2018, ""works_count"": 1, ""oa_works_count"": 0, ""cited_by_count"": 9}, {""year"": 2019, ""works_count"": 2, ""oa_works_count"": 1, ""cited_by_count"": 61}, {""year"": 2020, ""works_count"": 2, ""oa_works_count"": 0, ""cited_by_count"": 89}, {""year"": 2021, ""works_count"": 4, ""oa_works_count"": 1, ""cited_by_count"": 167}, {""year"": 2022, ""works_count"": 3, ""oa_works_count"": 2, ""cited_by_count"": 15}, {""year"": 2023, ""works_count"": 2, ""oa_works_count"": 0, ""cited_by_count"": 36}, {""year"": 2024, ""works_count"": 2, ""oa_works_count"": 0, ""cited_by_count"": 1}, {""year"": 2025, ""works_count"": 5, ""oa_works_count"": 1, ""cited_by_count"": 2}]"
https://openalex.org/A5036229988,Elif Bozkaya,2018,INFOCOM,4,2,SS→DOI→OA,51,355,12,15,5.071428571428571,2014,"[{""year"": 2014, ""works_count"": 2, ""oa_works_count"": 0, ""cited_by_count"": 14}, {""year"": 2015, ""works_count"": 2, ""oa_works_count"": 1, ""cited_by_count"": 28}, {""year"": 2016, ""works_count"": 2, ""oa_works_count"": 0, ""cited_by_count"": 3}, {""year"": 2017, ""works_count"": 2, ""oa_works_count"": 1, ""cited_by_count"": 3}, {""year"": 2018, ""works_count"": 3, ""oa_works_count"": 0, ""cited_by_count"": 14}, {""year"": 2019, ""works_count"": 3, ""oa_works_count"": 3, ""cited_by_count"": 0}, {""year"": 2020, ""works_count"": 3, ""oa_works_count"": 0, ""cited_by_count"": 29}, {""year"": 2021, ""works_count"": 5, ""oa_works_count"": 3, ""cited_by_count"": 30}, {""year"": 2022, ""works_count"": 2, ""oa_works_count"": 1, ""cited_by_count"": 33}, {""year"": 2023, ""works_count"": 13, ""oa_works_count"": 2, ""cited_by_count"": 130}, {""year"": 2024, ""works_count"": 8, ""oa_works_count"": 2, ""cited_by_count"": 51}, {""year"": 2025, ""works_count"": 5, ""oa_works_count"": 0, ""cited_by_count"": 20}, {""year"": 2026, ""works_count"": 1, ""oa_works_count"": 1, ""cited_by_count"": 0}]"
https://openalex.org/A5052671825,Igor Kadota,2018,INFOCOM,5,1,SS→DOI→OA,70,1902,13,20,1.5454545454545454,2013,"[{""year"": 2013, ""works_count"": 1, ""oa_works_count"": 0, ""cited_by_count"": 10}, {""year"": 2015, ""works_count"": 1, ""oa_works_count"": 0, ""cited_by_count"": 7}, {""year"": 2016, ""works_count"": 5, ""oa_works_count"": 2, ""cited_by_count"": 252}, {""year"": 2018, ""works_count"": 6, ""oa_works_count"": 5, ""cited_by_count"": 953}, {""year"": 2019, ""works_count"": 5, ""oa_works_count"": 3, ""cited_by_count"": 400}, {""year"": 2020, ""works_count"": 11, ""oa_works_count"": 4, ""cited_by_count"": 59}, {""year"": 2021, ""works_count"": 7, ""oa_works_count"": 1, ""cited_by_count"": 137}, {""year"": 2022, ""works_count"": 5, ""oa_works_count"": 3, ""cited_by_count"": 19}, {""year"": 2023, ""works_count"": 7, ""oa_works_count"": 1, ""cited_by_count"": 31}, {""year"": 2024, ""works_count"": 11, ""oa_works_count"": 5, ""cited_by_count"": 27}, {""year"": 2025, ""works_count"": 11, ""oa_works_count"": 5, ""cited_by_count"": 7}]"
https://openalex.org/A5025058751,Daniel Zügner,2018,KDD,3,1,SS→DOI→OA,41,2745,16,23,81.5,2015,"[{""year"": 2015, ""works_count"": 1, ""oa_works_count"": 0, ""cited_by_count"": 13}, {""year"": 2018, ""works_count"": 5, ""oa_works_count"": 3, ""cited_by_count"": 1170}, {""year"": 2019, ""works_count"": 6, ""oa_works_count"": 6, ""cited_by_count"": 680}, {""year"": 2020, ""works_count"": 8, ""oa_works_count"": 4, ""cited_by_count"": 261}, {""year"": 2021, ""works_count"": 11, ""oa_works_count"": 11, ""cited_by_count"": 132}, {""year"": 2022, ""works_count"": 2, ""oa_works_count"": 2, ""cited_by_count"": 6}, {""year"": 2023, ""works_count"": 4, ""oa_works_count"": 4, ""cited_by_count"": 157}, {""year"": 2024, ""works_count"": 2, ""oa_works_count"": 1, ""cited_by_count"": 68}, {""year"": 2025, ""works_count"": 2, ""oa_works_count"": 2, ""cited_by_count"": 258}]"
https://openalex.org/A5014557575,Amir Akbarnejad,2018,KDD,0,2,SS→DOI→OA,14,1371,5,4,2.25,2018,"[{""year"": 2018, ""works_count"": 2, ""oa_works_count"": 2, ""cited_by_count"": 969}, {""year"": 2019, ""works_count"": 2, ""oa_works_count"": 2, ""cited_by_count"": 290}, {""year"": 2020, ""works_count"": 1, ""oa_works_count"": 0, ""cited_by_count"": 96}, {""year"": 2021, ""works_count"": 3, ""oa_works_count"": 1, ""cited_by_count"": 5}, {""year"": 2023, ""works_count"": 2, ""oa_works_count"": 1, ""cited_by_count"": 2}, {""year"": 2025, ""works_count"": 2, ""oa_works_count"": 1, ""cited_by_count"": 9}, {""year"": 2026, ""works_count"": 2, ""oa_works_count"": 2, ""cited_by_count"": 0}]"
https://openalex.org/A5101558101,Mehrdad Moradi,2018,MOBICOM,4,1,SS→DOI→OA,12,285,8,8,0.0,2014,"[{""year"": 2014, ""works_count"": 3, ""oa_works_count"": 1, ""cited_by_count"": 79}, {""year"": 2015, ""works_count"": 2, ""oa_works_count"": 0, ""cited_by_count"": 24}, {""year"": 2018, ""works_count"": 5, ""oa_works_count"": 1, ""cited_by_count"": 166}, {""year"": 2019, ""works_count"": 1, ""oa_works_count"": 0, ""cited_by_count"": 8}, {""year"": 2020, ""works_count"": 1, ""oa_works_count"": 0, ""cited_by_count"": 8}]"
https://openalex.org/A5056747950,Kevin Scaman,2018,NeurIPS,4,1,GS→title→OA,46,533,9,7,0.0,2014,"[{""year"": 2014, ""works_count"": 4, ""oa_works_count"": 3, ""cited_by_count"": 4}, {""year"": 2015, ""works_count"": 1, ""oa_works_count"": 0, ""cited_by_count"": 12}, {""year"": 2016, ""works_count"": 5, ""oa_works_count"": 4, ""cited_by_count"": 35}, {""year"": 2017, ""works_count"": 2, ""oa_works_count"": 2, ""cited_by_count"": 29}, {""year"": 2018, ""works_count"": 8, ""oa_works_count"": 4, ""cited_by_count"": 358}, {""year"": 2019, ""works_count"": 3, ""oa_works_count"": 3, ""cited_by_count"": 52}, {""year"": 2020, ""works_count"": 4, ""oa_works_count"": 2, ""cited_by_count"": 21}, {""year"": 2021, ""works_count"": 6, ""oa_works_count"": 5, ""cited_by_count"": 14}, {""year"": 2022, ""works_count"": 5, ""oa_works_count"": 4, ""cited_by_count"": 4}, {""year"": 2023, ""works_count"": 4, ""oa_works_count"": 4, ""cited_by_count"": 4}, {""year"": 2025, ""works_count"": 4, ""oa_works_count"": 4, ""cited_by_count"": 0}]"
https://openalex.org/A5029262768,Ricky T. Q. Chen,2018,NeurIPS,0,1,GS→title→OA,46,2480,15,20,1.8333333333333333,2018,"[{""year"": 2018, ""works_count"": 5, ""oa_works_count"": 5, ""cited_by_count"": 1336}, {""year"": 2019, ""works_count"": 7, ""oa_works_count"": 3, ""cited_by_count"": 822}, {""year"": 2020, ""works_count"": 12, ""oa_works_count"": 11, ""cited_by_count"": 232}, {""year"": 2021, ""works_count"": 4, ""oa_works_count"": 4, ""cited_by_count"": 47}, {""year"": 2022, ""works_count"": 3, ""oa_works_count"": 3, ""cited_by_count"": 15}, {""year"": 2023, ""works_count"": 3, ""oa_works_count"": 3, ""cited_by_count"": 6}, {""year"": 2024, ""works_count"": 8, ""oa_works_count"": 7, ""cited_by_count"": 20}, {""year"": 2025, ""works_count"": 4, ""oa_works_count"": 4, ""cited_by_count"": 2}]"
https://openalex.org/A5039192820,Yulia Rubanova,2018,NeurIPS,1,2,GS→title→OA,86,16832,33,41,0.7,2017,"[{""year"": 2017, ""works_count"": 1, ""oa_works_count"": 1, ""cited_by_count"": 58}, {""year"": 2018, ""works_count"": 8, ""oa_works_count"": 3, ""cited_by_count"": 992}, {""year"": 2019, ""works_count"": 3, ""oa_works_count"": 2, ""cited_by_count"": 414}, {""year"": 2020, ""works_count"": 30, ""oa_works_count"": 28, ""cited_by_count"": 14734}, {""year"": 2021, ""works_count"": 4, ""oa_works_count"": 4, ""cited_by_count"": 547}, {""year"": 2022, ""works_count"": 15, ""oa_works_count"": 15, ""cited_by_count"": 20}, {""year"": 2023, ""works_count"": 15, ""oa_works_count"": 15, ""cited_by_count"": 60}, {""year"": 2024, ""works_count"": 8, ""oa_works_count"": 5, ""cited_by_count"": 7}, {""year"": 2025, ""works_count"": 2, ""oa_works_count"": 2, ""cited_by_count"": 0}]"
https://openalex.org/A5027925889,Jesse Bettencourt,2018,NeurIPS,4,3,GS→title→OA,11,1188,7,7,0.0,2018,"[{""year"": 2014, ""works_count"": 1, ""oa_works_count"": 0, ""cited_by_count"": 0}, {""year"": 2018, ""works_count"": 4, ""oa_works_count"": 3, ""cited_by_count"": 1023}, {""year"": 2019, ""works_count"": 2, ""oa_works_count"": 1, ""cited_by_count"": 106}, {""year"": 2020, ""works_count"": 3, ""oa_works_count"": 3, ""cited_by_count"": 59}, {""year"": 2021, ""works_count"": 1, ""oa_works_count"": 1, ""cited_by_count"": 0}]"
https://openalex.org/A5100425893,Haoyu Zhang,2018,NSDI,5,3,SS→title→OA,57,942,11,11,4.8,2015,"[{""year"": 2013, ""works_count"": 1, ""oa_works_count"": 1, ""cited_by_count"": 0}, {""year"": 2015, ""works_count"": 1, ""oa_works_count"": 0, ""cited_by_count"": 0}, {""year"": 2017, ""works_count"": 2, ""oa_works_count"": 0, ""cited_by_count"": 273}, {""year"": 2018, ""works_count"": 5, ""oa_works_count"": 0, ""cited_by_count"": 169}, {""year"": 2020, ""works_count"": 3, ""oa_works_count"": 2, ""cited_by_count"": 113}, {""year"": 2021, ""works_count"": 7, ""oa_works_count"": 4, ""cited_by_count"": 41}, {""year"": 2022, ""works_count"": 7, ""oa_works_count"": 5, ""cited_by_count"": 38}, {""year"": 2023, ""works_count"": 11, ""oa_works_count"": 8, ""cited_by_count"": 212}, {""year"": 2024, ""works_count"": 10, ""oa_works_count"": 5, ""cited_by_count"": 85}, {""year"": 2025, ""works_count"": 8, ""oa_works_count"": 2, ""cited_by_count"": 11}, {""year"": 2026, ""works_count"": 2, ""oa_works_count"": 1, ""cited_by_count"": 0}]"
https://openalex.org/A5085945429,Xinyang Ge,2018,OSDI,4,2,SS→title→OA,38,581,12,15,3.6666666666666665,2014,"[{""year"": 2014, ""works_count"": 3, ""oa_works_count"": 2, ""cited_by_count"": 98}, {""year"": 2015, ""works_count"": 1, ""oa_works_count"": 0, ""cited_by_count"": 1}, {""year"": 2016, ""works_count"": 3, ""oa_works_count"": 1, ""cited_by_count"": 126}, {""year"": 2017, ""works_count"": 6, ""oa_works_count"": 2, ""cited_by_count"": 172}, {""year"": 2018, ""works_count"": 2, ""oa_works_count"": 0, ""cited_by_count"": 50}, {""year"": 2019, ""works_count"": 1, ""oa_works_count"": 1, ""cited_by_count"": 11}, {""year"": 2020, ""works_count"": 1, ""oa_works_count"": 0, ""cited_by_count"": 6}, {""year"": 2021, ""works_count"": 2, ""oa_works_count"": 1, ""cited_by_count"": 12}, {""year"": 2022, ""works_count"": 5, ""oa_works_count"": 2, ""cited_by_count"": 56}, {""year"": 2023, ""works_count"": 2, ""oa_works_count"": 2, ""cited_by_count"": 5}, {""year"": 2024, ""works_count"": 2, ""oa_works_count"": 1, ""cited_by_count"": 25}, {""year"": 2025, ""works_count"": 9, ""oa_works_count"": 5, ""cited_by_count"": 18}, {""year"": 2026, ""works_count"": 1, ""oa_works_count"": 0, ""cited_by_count"": 1}]"
https://openalex.org/A5060703788,Yizhou Shan,2018,OSDI,1,1,SS→title→OA,23,535,9,8,2.857142857142857,2017,"[{""year"": 2017, ""works_count"": 2, ""oa_works_count"": 0, ""cited_by_count"": 104}, {""year"": 2018, ""works_count"": 1, ""oa_works_count"": 0, ""cited_by_count"": 182}, {""year"": 2019, ""works_count"": 3, ""oa_works_count"": 1, ""cited_by_count"": 56}, {""year"": 2020, ""works_count"": 1, ""oa_works_count"": 0, ""cited_by_count"": 37}, {""year"": 2021, ""works_count"": 2, ""oa_works_count"": 2, ""cited_by_count"": 5}, {""year"": 2022, ""works_count"": 2, ""oa_works_count"": 2, ""cited_by_count"": 115}, {""year"": 2023, ""works_count"": 5, ""oa_works_count"": 1, ""cited_by_count"": 16}, {""year"": 2024, ""works_count"": 2, ""oa_works_count"": 2, ""cited_by_count"": 9}, {""year"": 2025, ""works_count"": 5, ""oa_works_count"": 4, ""cited_by_count"": 11}]"
https://openalex.org/A5071661999,Yutong Huang,2018,OSDI,1,2,SS→title→OA,9,303,4,3,0.0,2017,"[{""year"": 2017, ""works_count"": 1, ""oa_works_count"": 0, ""cited_by_count"": 1}, {""year"": 2018, ""works_count"": 2, ""oa_works_count"": 1, ""cited_by_count"": 183}, {""year"": 2019, ""works_count"": 4, ""oa_works_count"": 1, ""cited_by_count"": 22}, {""year"": 2022, ""works_count"": 1, ""oa_works_count"": 1, ""cited_by_count"": 97}, {""year"": 2025, ""works_count"": 1, ""oa_works_count"": 1, ""cited_by_count"": 0}]"
https://openalex.org/A5110832647,Chandra Sekhar Maddila,2018,OSDI,0,3,SS→title→OA,3,33,2,1,0.0,2018,"[{""year"": 2018, ""works_count"": 1, ""oa_works_count"": 0, ""cited_by_count"": 9}, {""year"": 2019, ""works_count"": 1, ""oa_works_count"": 0, ""cited_by_count"": 24}, {""year"": 2021, ""works_count"": 1, ""oa_works_count"": 1, ""cited_by_count"": 0}]"
https://openalex.org/A5078512511,Itsaka Rakotonirina,2018,S&P,2,3,SS→DOI→OA,22,155,7,5,4.333333333333333,2016,"[{""year"": 2016, ""works_count"": 1, ""oa_works_count"": 1, ""cited_by_count"": 0}, {""year"": 2018, ""works_count"": 2, ""oa_works_count"": 2, ""cited_by_count"": 84}, {""year"": 2019, ""works_count"": 4, ""oa_works_count"": 3, ""cited_by_count"": 12}, {""year"": 2020, ""works_count"": 3, ""oa_works_count"": 2, ""cited_by_count"": 10}, {""year"": 2021, ""works_count"": 4, ""oa_works_count"": 3, ""cited_by_count"": 20}, {""year"": 2022, ""works_count"": 3, ""oa_works_count"": 3, ""cited_by_count"": 9}, {""year"": 2023, ""works_count"": 2, ""oa_works_count"": 2, ""cited_by_count"": 7}, {""year"": 2024, ""works_count"": 3, ""oa_works_count"": 3, ""cited_by_count"": 13}]"
https://openalex.org/A5081476292,Rocío Cañamares,2018,SIGIR,4,1,SS→DOI→OA,10,423,8,8,0.0,2014,"[{""year"": 2014, ""works_count"": 1, ""oa_works_count"": 0, ""cited_by_count"": 4}, {""year"": 2017, ""works_count"": 1, ""oa_works_count"": 0, ""cited_by_count"": 57}, {""year"": 2018, ""works_count"": 2, ""oa_works_count"": 0, ""cited_by_count"": 131}, {""year"": 2019, ""works_count"": 1, ""oa_works_count"": 0, ""cited_by_count"": 26}, {""year"": 2020, ""works_count"": 3, ""oa_works_count"": 1, ""cited_by_count"": 150}, {""year"": 2021, ""works_count"": 2, ""oa_works_count"": 0, ""cited_by_count"": 55}]"
https://openalex.org/A5015113627,Huanchen Zhang,2018,SIGMOD,2,1,GS→title→OA,27,482,8,7,0.5,2016,"[{""year"": 2016, ""works_count"": 1, ""oa_works_count"": 0, ""cited_by_count"": 122}, {""year"": 2018, ""works_count"": 2, ""oa_works_count"": 1, ""cited_by_count"": 244}, {""year"": 2019, ""works_count"": 2, ""oa_works_count"": 0, ""cited_by_count"": 5}, {""year"": 2020, ""works_count"": 3, ""oa_works_count"": 3, ""cited_by_count"": 49}, {""year"": 2021, ""works_count"": 3, ""oa_works_count"": 1, ""cited_by_count"": 10}, {""year"": 2023, ""works_count"": 8, ""oa_works_count"": 6, ""cited_by_count"": 48}, {""year"": 2024, ""works_count"": 5, ""oa_works_count"": 3, ""cited_by_count"": 4}, {""year"": 2025, ""works_count"": 3, ""oa_works_count"": 2, ""cited_by_count"": 0}]"
https://openalex.org/A5090101869,Fulvio Di Lorenzo,2018,SODA,4,2,SS→title→OA,34,493,12,12,0.0,2014,"[{""year"": 2014, ""works_count"": 1, ""oa_works_count"": 1, ""cited_by_count"": 27}, {""year"": 2016, ""works_count"": 2, ""oa_works_count"": 1, ""cited_by_count"": 28}, {""year"": 2017, ""works_count"": 4, ""oa_works_count"": 1, ""cited_by_count"": 8}, {""year"": 2018, ""works_count"": 5, ""oa_works_count"": 4, ""cited_by_count"": 161}, {""year"": 2019, ""works_count"": 5, ""oa_works_count"": 2, ""cited_by_count"": 74}, {""year"": 2020, ""works_count"": 4, ""oa_works_count"": 2, ""cited_by_count"": 84}, {""year"": 2021, ""works_count"": 6, ""oa_works_count"": 6, ""cited_by_count"": 83}, {""year"": 2022, ""works_count"": 3, ""oa_works_count"": 3, ""cited_by_count"": 22}, {""year"": 2023, ""works_count"": 2, ""oa_works_count"": 2, ""cited_by_count"": 6}, {""year"": 2024, ""works_count"": 1, ""oa_works_count"": 1, ""cited_by_count"": 0}, {""year"": 2025, ""works_count"": 1, ""oa_works_count"": 0, ""cited_by_count"": 0}]"
https://openalex.org/A5021735130,David Porfirio,2018,UIST,4,1,SS→DOI→OA,26,190,7,6,1.6923076923076923,2014,"[{""year"": 2014, ""works_count"": 1, ""oa_works_count"": 0, ""cited_by_count"": 1}, {""year"": 2015, ""works_count"": 1, ""oa_works_count"": 0, ""cited_by_count"": 1}, {""year"": 2016, ""works_count"": 1, ""oa_works_count"": 1, ""cited_by_count"": 22}, {""year"": 2018, ""works_count"": 1, ""oa_works_count"": 1, ""cited_by_count"": 55}, {""year"": 2019, ""works_count"": 2, ""oa_works_count"": 1, ""cited_by_count"": 44}, {""year"": 2020, ""works_count"": 1, ""oa_works_count"": 0, ""cited_by_count"": 13}, {""year"": 2021, ""works_count"": 1, ""oa_works_count"": 0, ""cited_by_count"": 10}, {""year"": 2022, ""works_count"": 2, ""oa_works_count"": 1, ""cited_by_count"": 1}, {""year"": 2023, ""works_count"": 3, ""oa_works_count"": 2, ""cited_by_count"": 21}, {""year"": 2024, ""works_count"": 7, ""oa_works_count"": 7, ""cited_by_count"": 14}, {""year"": 2025, ""works_count"": 6, ""oa_works_count"": 3, ""cited_by_count"": 8}]"
https://openalex.org/A5073533400,Allison Sauppé,2018,UIST,4,2,SS→DOI→OA,18,726,10,12,0.0,2014,"[{""year"": 2014, ""works_count"": 5, ""oa_works_count"": 1, ""cited_by_count"": 186}, {""year"": 2015, ""works_count"": 4, ""oa_works_count"": 1, ""cited_by_count"": 387}, {""year"": 2018, ""works_count"": 1, ""oa_works_count"": 1, ""cited_by_count"": 55}, {""year"": 2019, ""works_count"": 3, ""oa_works_count"": 1, ""cited_by_count"": 46}, {""year"": 2020, ""works_count"": 1, ""oa_works_count"": 0, ""cited_by_count"": 13}, {""year"": 2021, ""works_count"": 2, ""oa_works_count"": 0, ""cited_by_count"": 20}, {""year"": 2023, ""works_count"": 2, ""oa_works_count"": 2, ""cited_by_count"": 19}]"
https://openalex.org/A5041654458,Alok Mysore,2018,UIST,3,1,SS→DOI→OA,6,67,3,3,0.0,2015,"[{""year"": 2015, ""works_count"": 1, ""oa_works_count"": 0, ""cited_by_count"": 2}, {""year"": 2017, ""works_count"": 1, ""oa_works_count"": 0, ""cited_by_count"": 25}, {""year"": 2018, ""works_count"": 2, ""oa_works_count"": 1, ""cited_by_count"": 16}, {""year"": 2019, ""works_count"": 2, ""oa_works_count"": 1, ""cited_by_count"": 24}]"
https://openalex.org/A5019954653,Patrick Parzer,2018,UIST,4,1,SS→DOI→OA,9,638,9,9,0.0,2014,"[{""year"": 2014, ""works_count"": 1, ""oa_works_count"": 0, ""cited_by_count"": 84}, {""year"": 2016, ""works_count"": 3, ""oa_works_count"": 0, ""cited_by_count"": 140}, {""year"": 2017, ""works_count"": 2, ""oa_works_count"": 1, ""cited_by_count"": 187}, {""year"": 2018, ""works_count"": 1, ""oa_works_count"": 0, ""cited_by_count"": 87}, {""year"": 2020, ""works_count"": 2, ""oa_works_count"": 2, ""cited_by_count"": 140}]"
https://openalex.org/A5061951606,Ryan Cotterell,2017,ACL,4,1,SS→title→OA,438,4989,37,99,2.310344827586207,2013,"[{""year"": 2013, ""works_count"": 1, ""oa_works_count"": 0, ""cited_by_count"": 15}, {""year"": 2014, ""works_count"": 3, ""oa_works_count"": 1, ""cited_by_count"": 128}, {""year"": 2015, ""works_count"": 6, ""oa_works_count"": 6, ""cited_by_count"": 259}, {""year"": 2016, ""works_count"": 11, ""oa_works_count"": 11, ""cited_by_count"": 494}, {""year"": 2017, ""works_count"": 16, ""oa_works_count"": 16, ""cited_by_count"": 133}, {""year"": 2018, ""works_count"": 27, ""oa_works_count"": 26, ""cited_by_count"": 626}, {""year"": 2019, ""works_count"": 41, ""oa_works_count"": 41, ""cited_by_count"": 1096}, {""year"": 2020, ""works_count"": 36, ""oa_works_count"": 34, ""cited_by_count"": 372}, {""year"": 2021, ""works_count"": 49, ""oa_works_count"": 49, ""cited_by_count"": 556}, {""year"": 2022, ""works_count"": 65, ""oa_works_count"": 64, ""cited_by_count"": 529}, {""year"": 2023, ""works_count"": 64, ""oa_works_count"": 64, ""cited_by_count"": 440}, {""year"": 2024, ""works_count"": 76, ""oa_works_count"": 74, ""cited_by_count"": 262}, {""year"": 2025, ""works_count"": 38, ""oa_works_count"": 36, ""cited_by_count"": 6}, {""year"": 2026, ""works_count"": 2, ""oa_works_count"": 2, ""cited_by_count"": 0}]"
https://openalex.org/A5089731854,Sarah Webber,2017,CHI,4,1,SS→DOI→OA,48,846,17,23,2.25,2013,"[{""year"": 2013, ""works_count"": 2, ""oa_works_count"": 1, ""cited_by_count"": 16}, {""year"": 2014, ""works_count"": 3, ""oa_works_count"": 0, ""cited_by_count"": 35}, {""year"": 2015, ""works_count"": 6, ""oa_works_count"": 2, ""cited_by_count"": 71}, {""year"": 2016, ""works_count"": 6, ""oa_works_count"": 0, ""cited_by_count"": 190}, {""year"": 2017, ""works_count"": 4, ""oa_works_count"": 2, ""cited_by_count"": 125}, {""year"": 2018, ""works_count"": 2, ""oa_works_count"": 2, ""cited_by_count"": 0}, {""year"": 2019, ""works_count"": 3, ""oa_works_count"": 1, ""cited_by_count"": 10}, {""year"": 2020, ""works_count"": 5, ""oa_works_count"": 1, ""cited_by_count"": 86}, {""year"": 2021, ""works_count"": 7, ""oa_works_count"": 3, ""cited_by_count"": 105}, {""year"": 2022, ""works_count"": 5, ""oa_works_count"": 3, ""cited_by_count"": 134}, {""year"": 2023, ""works_count"": 1, ""oa_works_count"": 0, ""cited_by_count"": 65}, {""year"": 2024, ""works_count"": 3, ""oa_works_count"": 1, ""cited_by_count"": 9}, {""year"": 2025, ""works_count"": 1, ""oa_works_count"": 1, ""cited_by_count"": 0}]"
https://openalex.org/A5016617747,Sally Sherwen,2017,CHI,3,3,SS→DOI→OA,49,1480,21,26,1.8,2014,"[{""year"": 2014, ""works_count"": 3, ""oa_works_count"": 0, ""cited_by_count"": 175}, {""year"": 2015, ""works_count"": 7, ""oa_works_count"": 1, ""cited_by_count"": 252}, {""year"": 2016, ""works_count"": 2, ""oa_works_count"": 0, ""cited_by_count"": 5}, {""year"": 2017, ""works_count"": 4, ""oa_works_count"": 0, ""cited_by_count"": 108}, {""year"": 2018, ""works_count"": 7, ""oa_works_count"": 4, ""cited_by_count"": 306}, {""year"": 2019, ""works_count"": 4, ""oa_works_count"": 3, ""cited_by_count"": 329}, {""year"": 2020, ""works_count"": 3, ""oa_works_count"": 2, ""cited_by_count"": 58}, {""year"": 2021, ""works_count"": 12, ""oa_works_count"": 10, ""cited_by_count"": 187}, {""year"": 2022, ""works_count"": 1, ""oa_works_count"": 1, ""cited_by_count"": 50}, {""year"": 2023, ""works_count"": 1, ""oa_works_count"": 0, ""cited_by_count"": 1}, {""year"": 2024, ""works_count"": 2, ""oa_works_count"": 0, ""cited_by_count"": 2}, {""year"": 2025, ""works_count"": 3, ""oa_works_count"": 2, ""cited_by_count"": 7}]"
https://openalex.org/A5068345805,Viirj Kan,2017,CHI,2,1,SS→DOI→OA,11,281,6,5,0.0,2015,"[{""year"": 2015, ""works_count"": 2, ""oa_works_count"": 0, ""cited_by_count"": 122}, {""year"": 2016, ""works_count"": 2, ""oa_works_count"": 2, ""cited_by_count"": 32}, {""year"": 2017, ""works_count"": 5, ""oa_works_count"": 2, ""cited_by_count"": 112}, {""year"": 2018, ""works_count"": 2, ""oa_works_count"": 0, ""cited_by_count"": 15}]"
https://openalex.org/A5049567786,Emma Vargo,2017,CHI,1,2,SS→DOI→OA,18,310,7,7,4.0,2016,"[{""year"": 2016, ""works_count"": 2, ""oa_works_count"": 2, ""cited_by_count"": 32}, {""year"": 2017, ""works_count"": 2, ""oa_works_count"": 1, ""cited_by_count"": 64}, {""year"": 2019, ""works_count"": 1, ""oa_works_count"": 0, ""cited_by_count"": 0}, {""year"": 2020, ""works_count"": 1, ""oa_works_count"": 0, ""cited_by_count"": 1}, {""year"": 2021, ""works_count"": 3, ""oa_works_count"": 3, ""cited_by_count"": 115}, {""year"": 2022, ""works_count"": 2, ""oa_works_count"": 1, ""cited_by_count"": 39}, {""year"": 2023, ""works_count"": 1, ""oa_works_count"": 1, ""cited_by_count"": 35}, {""year"": 2024, ""works_count"": 3, ""oa_works_count"": 2, ""cited_by_count"": 23}, {""year"": 2025, ""works_count"": 3, ""oa_works_count"": 2, ""cited_by_count"": 1}]"
https://openalex.org/A5021981631,Noa Machover,2017,CHI,1,3,SS→DOI→OA,3,91,2,2,0.0,2016,"[{""year"": 2016, ""works_count"": 2, ""oa_works_count"": 2, ""cited_by_count"": 32}, {""year"": 2017, ""works_count"": 1, ""oa_works_count"": 1, ""cited_by_count"": 59}]"
https://openalex.org/A5008267619,Kuttimani Tamilmani,2017,CHI,3,2,GS→title→OA,24,8187,18,20,0.0,2014,"[{""year"": 2014, ""works_count"": 1, ""oa_works_count"": 0, ""cited_by_count"": 31}, {""year"": 2016, ""works_count"": 1, ""oa_works_count"": 0, ""cited_by_count"": 0}, {""year"": 2017, ""works_count"": 2, ""oa_works_count"": 2, ""cited_by_count"": 1276}, {""year"": 2018, ""works_count"": 6, ""oa_works_count"": 4, ""cited_by_count"": 605}, {""year"": 2019, ""works_count"": 4, ""oa_works_count"": 3, ""cited_by_count"": 4147}, {""year"": 2020, ""works_count"": 8, ""oa_works_count"": 6, ""cited_by_count"": 1902}, {""year"": 2021, ""works_count"": 1, ""oa_works_count"": 1, ""cited_by_count"": 204}, {""year"": 2022, ""works_count"": 1, ""oa_works_count"": 1, ""cited_by_count"": 22}]"
https://openalex.org/A5074224778,Camille Cobb,2017,CHI,5,1,GS→title→OA,23,430,10,11,1.5,2012,"[{""year"": 2012, ""works_count"": 1, ""oa_works_count"": 0, ""cited_by_count"": 5}, {""year"": 2014, ""works_count"": 1, ""oa_works_count"": 0, ""cited_by_count"": 95}, {""year"": 2016, ""works_count"": 1, ""oa_works_count"": 1, ""cited_by_count"": 12}, {""year"": 2017, ""works_count"": 2, ""oa_works_count"": 2, ""cited_by_count"": 77}, {""year"": 2020, ""works_count"": 5, ""oa_works_count"": 3, ""cited_by_count"": 37}, {""year"": 2021, ""works_count"": 5, ""oa_works_count"": 5, ""cited_by_count"": 162}, {""year"": 2022, ""works_count"": 2, ""oa_works_count"": 2, ""cited_by_count"": 0}, {""year"": 2023, ""works_count"": 2, ""oa_works_count"": 2, ""cited_by_count"": 36}, {""year"": 2024, ""works_count"": 2, ""oa_works_count"": 1, ""cited_by_count"": 6}, {""year"": 2025, ""works_count"": 2, ""oa_works_count"": 1, ""cited_by_count"": 0}]"
https://openalex.org/A5031825409,Samuel Sudar,2017,CHI,5,2,GS→title→OA,13,186,6,6,0.0,2012,"[{""year"": 2012, ""works_count"": 1, ""oa_works_count"": 0, ""cited_by_count"": 53}, {""year"": 2013, ""works_count"": 2, ""oa_works_count"": 0, ""cited_by_count"": 11}, {""year"": 2014, ""works_count"": 2, ""oa_works_count"": 0, ""cited_by_count"": 0}, {""year"": 2015, ""works_count"": 1, ""oa_works_count"": 1, ""cited_by_count"": 3}, {""year"": 2016, ""works_count"": 1, ""oa_works_count"": 1, ""cited_by_count"": 12}, {""year"": 2017, ""works_count"": 4, ""oa_works_count"": 3, ""cited_by_count"": 85}, {""year"": 2018, ""works_count"": 2, ""oa_works_count"": 2, ""cited_by_count"": 22}]"
https://openalex.org/A5014963962,Nicholas Reiter,2017,CHI,1,3,GS→title→OA,2,48,2,2,0.0,2016,"[{""year"": 2016, ""works_count"": 1, ""oa_works_count"": 1, ""cited_by_count"": 12}, {""year"": 2017, ""works_count"": 1, ""oa_works_count"": 1, ""cited_by_count"": 36}]"
https://openalex.org/A5024399465,Jan Gugenheimer,2017,CHI,4,1,SS→DOI→OA,98,2945,30,57,5.636363636363637,2013,"[{""year"": 2013, ""works_count"": 1, ""oa_works_count"": 0, ""cited_by_count"": 26}, {""year"": 2014, ""works_count"": 3, ""oa_works_count"": 0, ""cited_by_count"": 92}, {""year"": 2015, ""works_count"": 6, ""oa_works_count"": 2, ""cited_by_count"": 80}, {""year"": 2016, ""works_count"": 6, ""oa_works_count"": 0, ""cited_by_count"": 283}, {""year"": 2017, ""works_count"": 6, ""oa_works_count"": 0, ""cited_by_count"": 503}, {""year"": 2018, ""works_count"": 9, ""oa_works_count"": 0, ""cited_by_count"": 362}, {""year"": 2019, ""works_count"": 4, ""oa_works_count"": 1, ""cited_by_count"": 190}, {""year"": 2020, ""works_count"": 11, ""oa_works_count"": 2, ""cited_by_count"": 448}, {""year"": 2021, ""works_count"": 7, ""oa_works_count"": 2, ""cited_by_count"": 188}, {""year"": 2022, ""works_count"": 14, ""oa_works_count"": 10, ""cited_by_count"": 497}, {""year"": 2023, ""works_count"": 9, ""oa_works_count"": 8, ""cited_by_count"": 152}, {""year"": 2024, ""works_count"": 13, ""oa_works_count"": 13, ""cited_by_count"": 119}, {""year"": 2025, ""works_count"": 8, ""oa_works_count"": 4, ""cited_by_count"": 5}, {""year"": 2026, ""works_count"": 1, ""oa_works_count"": 1, ""cited_by_count"": 0}]"
https://openalex.org/A5016957812,Evgeny Stemasov,2017,CHI,0,2,SS→DOI→OA,22,602,10,11,5.75,2017,"[{""year"": 2017, ""works_count"": 2, ""oa_works_count"": 0, ""cited_by_count"": 311}, {""year"": 2018, ""works_count"": 7, ""oa_works_count"": 0, ""cited_by_count"": 150}, {""year"": 2020, ""works_count"": 3, ""oa_works_count"": 0, ""cited_by_count"": 61}, {""year"": 2021, ""works_count"": 2, ""oa_works_count"": 1, ""cited_by_count"": 21}, {""year"": 2022, ""works_count"": 2, ""oa_works_count"": 2, ""cited_by_count"": 22}, {""year"": 2023, ""works_count"": 2, ""oa_works_count"": 2, ""cited_by_count"": 14}, {""year"": 2024, ""works_count"": 2, ""oa_works_count"": 2, ""cited_by_count"": 23}, {""year"": 2026, ""works_count"": 2, ""oa_works_count"": 2, ""cited_by_count"": 0}]"
https://openalex.org/A5033203092,Julian Frommel,2017,CHI,3,3,SS→DOI→OA,82,1774,23,43,3.2142857142857144,2015,"[{""year"": 2014, ""works_count"": 1, ""oa_works_count"": 0, ""cited_by_count"": 0}, {""year"": 2015, ""works_count"": 5, ""oa_works_count"": 1, ""cited_by_count"": 80}, {""year"": 2016, ""works_count"": 2, ""oa_works_count"": 0, ""cited_by_count"": 13}, {""year"": 2017, ""works_count"": 8, ""oa_works_count"": 1, ""cited_by_count"": 552}, {""year"": 2018, ""works_count"": 7, ""oa_works_count"": 1, ""cited_by_count"": 197}, {""year"": 2019, ""works_count"": 3, ""oa_works_count"": 1, ""cited_by_count"": 66}, {""year"": 2020, ""works_count"": 4, ""oa_works_count"": 2, ""cited_by_count"": 172}, {""year"": 2021, ""works_count"": 10, ""oa_works_count"": 5, ""cited_by_count"": 367}, {""year"": 2022, ""works_count"": 7, ""oa_works_count"": 2, ""cited_by_count"": 135}, {""year"": 2023, ""works_count"": 7, ""oa_works_count"": 2, ""cited_by_count"": 102}, {""year"": 2024, ""works_count"": 20, ""oa_works_count"": 14, ""cited_by_count"": 90}, {""year"": 2025, ""works_count"": 7, ""oa_works_count"": 5, ""cited_by_count"": 0}, {""year"": 2026, ""works_count"": 1, ""oa_works_count"": 0, ""cited_by_count"": 0}]"
https://openalex.org/A5056738154,José S Marcano Belisario,2017,CHI,5,3,SS→DOI→OA,29,1960,17,18,0.0,2012,"[{""year"": 2012, ""works_count"": 2, ""oa_works_count"": 1, ""cited_by_count"": 90}, {""year"": 2013, ""works_count"": 3, ""oa_works_count"": 1, ""cited_by_count"": 314}, {""year"": 2014, ""works_count"": 3, ""oa_works_count"": 3, ""cited_by_count"": 839}, {""year"": 2015, ""works_count"": 3, ""oa_works_count"": 2, ""cited_by_count"": 382}, {""year"": 2016, ""works_count"": 1, ""oa_works_count"": 1, ""cited_by_count"": 9}, {""year"": 2017, ""works_count"": 5, ""oa_works_count"": 4, ""cited_by_count"": 109}, {""year"": 2018, ""works_count"": 3, ""oa_works_count"": 2, ""cited_by_count"": 71}, {""year"": 2019, ""works_count"": 2, ""oa_works_count"": 2, ""cited_by_count"": 83}, {""year"": 2022, ""works_count"": 2, ""oa_works_count"": 2, ""cited_by_count"": 38}, {""year"": 2023, ""works_count"": 2, ""oa_works_count"": 2, ""cited_by_count"": 25}, {""year"": 2024, ""works_count"": 1, ""oa_works_count"": 0, ""cited_by_count"": 0}, {""year"": 2025, ""works_count"": 2, ""oa_works_count"": 1, ""cited_by_count"": 0}]"
https://openalex.org/A5038365039,Rafael Lucas d'Oliveira,2017,CHI,0,2,SS→DOI→OA,2,74,1,1,0.0,2017,"[{""year"": 2017, ""works_count"": 2, ""oa_works_count"": 2, ""cited_by_count"": 74}]"
https://openalex.org/A5062258537,Alexandra To,2017,CHI,3,3,SS→DOI→OA,46,1390,16,20,1.1333333333333333,2014,"[{""year"": 2014, ""works_count"": 1, ""oa_works_count"": 0, ""cited_by_count"": 220}, {""year"": 2015, ""works_count"": 1, ""oa_works_count"": 0, ""cited_by_count"": 10}, {""year"": 2016, ""works_count"": 3, ""oa_works_count"": 2, ""cited_by_count"": 105}, {""year"": 2017, ""works_count"": 2, ""oa_works_count"": 1, ""cited_by_count"": 157}, {""year"": 2018, ""works_count"": 3, ""oa_works_count"": 2, ""cited_by_count"": 96}, {""year"": 2019, ""works_count"": 1, ""oa_works_count"": 0, ""cited_by_count"": 2}, {""year"": 2020, ""works_count"": 5, ""oa_works_count"": 2, ""cited_by_count"": 458}, {""year"": 2021, ""works_count"": 7, ""oa_works_count"": 1, ""cited_by_count"": 176}, {""year"": 2022, ""works_count"": 3, ""oa_works_count"": 1, ""cited_by_count"": 37}, {""year"": 2023, ""works_count"": 5, ""oa_works_count"": 4, ""cited_by_count"": 112}, {""year"": 2024, ""works_count"": 5, ""oa_works_count"": 4, ""cited_by_count"": 12}, {""year"": 2025, ""works_count"": 9, ""oa_works_count"": 6, ""cited_by_count"": 5}, {""year"": 2026, ""works_count"": 1, ""oa_works_count"": 1, ""cited_by_count"": 0}]"
https://openalex.org/A5044904792,Heishiro Toyoda,2017,CHI,2,2,SS→DOI→OA,24,242,8,7,0.0,2016,"[{""year"": 2015, ""works_count"": 1, ""oa_works_count"": 0, ""cited_by_count"": 1}, {""year"": 2016, ""works_count"": 3, ""oa_works_count"": 1, ""cited_by_count"": 1}, {""year"": 2017, ""works_count"": 3, ""oa_works_count"": 0, ""cited_by_count"": 51}, {""year"": 2018, ""works_count"": 1, ""oa_works_count"": 0, ""cited_by_count"": 17}, {""year"": 2019, ""works_count"": 2, ""oa_works_count"": 2, ""cited_by_count"": 13}, {""year"": 2020, ""works_count"": 2, ""oa_works_count"": 1, ""cited_by_count"": 80}, {""year"": 2021, ""works_count"": 4, ""oa_works_count"": 4, ""cited_by_count"": 34}, {""year"": 2022, ""works_count"": 3, ""oa_works_count"": 0, ""cited_by_count"": 33}, {""year"": 2023, ""works_count"": 2, ""oa_works_count"": 1, ""cited_by_count"": 12}, {""year"": 2025, ""works_count"": 3, ""oa_works_count"": 1, ""cited_by_count"": 0}]"
https://openalex.org/A5064927835,Felicia Alfieri,2017,CHI,0,2,SS→DOI→OA,2,124,2,1,0.0,2017,"[{""year"": 2017, ""works_count"": 1, ""oa_works_count"": 0, ""cited_by_count"": 116}, {""year"": 2019, ""works_count"": 1, ""oa_works_count"": 0, ""cited_by_count"": 8}]"
https://openalex.org/A5076364930,Farnaz Jahanbakhsh,2017,CHI,0,1,SS→DOI→OA,23,374,9,9,1.5,2017,"[{""year"": 2017, ""works_count"": 1, ""oa_works_count"": 0, ""cited_by_count"": 54}, {""year"": 2018, ""works_count"": 1, ""oa_works_count"": 1, ""cited_by_count"": 32}, {""year"": 2020, ""works_count"": 3, ""oa_works_count"": 3, ""cited_by_count"": 87}, {""year"": 2021, ""works_count"": 1, ""oa_works_count"": 1, ""cited_by_count"": 103}, {""year"": 2022, ""works_count"": 6, ""oa_works_count"": 4, ""cited_by_count"": 51}, {""year"": 2023, ""works_count"": 1, ""oa_works_count"": 1, ""cited_by_count"": 32}, {""year"": 2024, ""works_count"": 1, ""oa_works_count"": 1, ""cited_by_count"": 15}, {""year"": 2025, ""works_count"": 5, ""oa_works_count"": 5, ""cited_by_count"": 0}, {""year"": 2026, ""works_count"": 4, ""oa_works_count"": 4, ""cited_by_count"": 0}]"
https://openalex.org/A5072417908,Anastasiya Bavykina,2017,CHI,2,2,GS→title→OA,52,7677,26,35,9.666666666666666,2015,"[{""year"": 2015, ""works_count"": 1, ""oa_works_count"": 0, ""cited_by_count"": 108}, {""year"": 2016, ""works_count"": 6, ""oa_works_count"": 4, ""cited_by_count"": 241}, {""year"": 2017, ""works_count"": 7, ""oa_works_count"": 5, ""cited_by_count"": 2895}, {""year"": 2018, ""works_count"": 6, ""oa_works_count"": 3, ""cited_by_count"": 428}, {""year"": 2019, ""works_count"": 4, ""oa_works_count"": 2, ""cited_by_count"": 311}, {""year"": 2020, ""works_count"": 8, ""oa_works_count"": 2, ""cited_by_count"": 2268}, {""year"": 2021, ""works_count"": 5, ""oa_works_count"": 2, ""cited_by_count"": 1157}, {""year"": 2022, ""works_count"": 3, ""oa_works_count"": 1, ""cited_by_count"": 20}, {""year"": 2023, ""works_count"": 6, ""oa_works_count"": 3, ""cited_by_count"": 191}, {""year"": 2024, ""works_count"": 4, ""oa_works_count"": 3, ""cited_by_count"": 34}, {""year"": 2025, ""works_count"": 2, ""oa_works_count"": 2, ""cited_by_count"": 24}]"
https://openalex.org/A5049519805,Zhuojian Zhong,2017,CIKM,1,3,SS→DOI→OA,2,57,2,1,0.0,2016,"[{""year"": 2016, ""works_count"": 1, ""oa_works_count"": 0, ""cited_by_count"": 7}, {""year"": 2017, ""works_count"": 1, ""oa_works_count"": 0, ""cited_by_count"": 50}]"
https://openalex.org/A5101415694,Ashish Shrivastava,2017,CVPR,0,1,SS→DOI→OA,5,233,3,2,1.5,2017,"[{""year"": 2017, ""works_count"": 1, ""oa_works_count"": 1, ""cited_by_count"": 195}, {""year"": 2022, ""works_count"": 2, ""oa_works_count"": 1, ""cited_by_count"": 35}, {""year"": 2024, ""works_count"": 1, ""oa_works_count"": 0, ""cited_by_count"": 3}, {""year"": 2025, ""works_count"": 1, ""oa_works_count"": 0, ""cited_by_count"": 0}]"
https://openalex.org/A5033363730,Natasha Danas,2017,FSE,0,2,GS→title→OA,7,58,2,2,0.0,2017,"[{""year"": 2017, ""works_count"": 2, ""oa_works_count"": 0, ""cited_by_count"": 54}, {""year"": 2019, ""works_count"": 1, ""oa_works_count"": 0, ""cited_by_count"": 2}, {""year"": 2020, ""works_count"": 4, ""oa_works_count"": 4, ""cited_by_count"": 2}]"
https://openalex.org/A5076388753,Dan Gopstein,2017,FSE,2,1,SS→DOI→OA,12,173,6,6,0.0,2015,"[{""year"": 2015, ""works_count"": 1, ""oa_works_count"": 0, ""cited_by_count"": 16}, {""year"": 2016, ""works_count"": 1, ""oa_works_count"": 1, ""cited_by_count"": 6}, {""year"": 2017, ""works_count"": 3, ""oa_works_count"": 0, ""cited_by_count"": 95}, {""year"": 2018, ""works_count"": 3, ""oa_works_count"": 0, ""cited_by_count"": 32}, {""year"": 2019, ""works_count"": 2, ""oa_works_count"": 2, ""cited_by_count"": 3}, {""year"": 2020, ""works_count"": 1, ""oa_works_count"": 0, ""cited_by_count"": 19}, {""year"": 2022, ""works_count"": 1, ""oa_works_count"": 1, ""cited_by_count"": 2}]"
https://openalex.org/A5015586819,Jake Iannacone,2017,FSE,0,2,SS→DOI→OA,1,56,1,1,0.0,2017,"[{""year"": 2017, ""works_count"": 1, ""oa_works_count"": 0, ""cited_by_count"": 56}]"
https://openalex.org/A5021297302,Timothy Tunnell,2017,FSE,1,3,SS→DOI→OA,3,486,3,2,0.0,2016,"[{""year"": 2016, ""works_count"": 2, ""oa_works_count"": 1, ""cited_by_count"": 290}, {""year"": 2017, ""works_count"": 1, ""oa_works_count"": 0, ""cited_by_count"": 196}]"
https://openalex.org/A5038532934,Sainyam Galhotra,2017,FSE,3,1,SS→DOI→OA,79,1065,14,19,0.625,2014,"[{""year"": 2014, ""works_count"": 1, ""oa_works_count"": 0, ""cited_by_count"": 0}, {""year"": 2015, ""works_count"": 3, ""oa_works_count"": 1, ""cited_by_count"": 50}, {""year"": 2016, ""works_count"": 3, ""oa_works_count"": 3, ""cited_by_count"": 167}, {""year"": 2017, ""works_count"": 2, ""oa_works_count"": 1, ""cited_by_count"": 511}, {""year"": 2018, ""works_count"": 6, ""oa_works_count"": 2, ""cited_by_count"": 62}, {""year"": 2019, ""works_count"": 5, ""oa_works_count"": 3, ""cited_by_count"": 30}, {""year"": 2020, ""works_count"": 8, ""oa_works_count"": 6, ""cited_by_count"": 37}, {""year"": 2021, ""works_count"": 11, ""oa_works_count"": 8, ""cited_by_count"": 62}, {""year"": 2022, ""works_count"": 9, ""oa_works_count"": 4, ""cited_by_count"": 90}, {""year"": 2023, ""works_count"": 7, ""oa_works_count"": 3, ""cited_by_count"": 41}, {""year"": 2024, ""works_count"": 8, ""oa_works_count"": 5, ""cited_by_count"": 12}, {""year"": 2025, ""works_count"": 14, ""oa_works_count"": 11, ""cited_by_count"": 3}, {""year"": 2026, ""works_count"": 2, ""oa_works_count"": 2, ""cited_by_count"": 0}]"
https://openalex.org/A5055321934,Gabriel Ferns,2017,FSE,0,2,SS→DOI→OA,2,34,2,2,0.0,2017,"[{""year"": 2017, ""works_count"": 1, ""oa_works_count"": 0, ""cited_by_count"": 14}, {""year"": 2023, ""works_count"": 1, ""oa_works_count"": 1, ""cited_by_count"": 20}]"
https://openalex.org/A5101415638,Yuchi Tian,2017,FSE,0,1,SS→DOI→OA,43,1841,11,11,0.4,2017,"[{""year"": 2017, ""works_count"": 2, ""oa_works_count"": 1, ""cited_by_count"": 275}, {""year"": 2018, ""works_count"": 2, ""oa_works_count"": 1, ""cited_by_count"": 1202}, {""year"": 2019, ""works_count"": 2, ""oa_works_count"": 1, ""cited_by_count"": 8}, {""year"": 2020, ""works_count"": 5, ""oa_works_count"": 4, ""cited_by_count"": 36}, {""year"": 2021, ""works_count"": 19, ""oa_works_count"": 6, ""cited_by_count"": 291}, {""year"": 2022, ""works_count"": 2, ""oa_works_count"": 1, ""cited_by_count"": 14}, {""year"": 2023, ""works_count"": 1, ""oa_works_count"": 1, ""cited_by_count"": 11}, {""year"": 2024, ""works_count"": 5, ""oa_works_count"": 0, ""cited_by_count"": 4}, {""year"": 2025, ""works_count"": 5, ""oa_works_count"": 1, ""cited_by_count"": 0}]"
https://openalex.org/A5014407395,Georgia Gkioxari,2017,ICCV,4,2,SS→title→OA,84,38688,33,45,0.9090909090909091,2013,"[{""year"": 2013, ""works_count"": 1, ""oa_works_count"": 0, ""cited_by_count"": 93}, {""year"": 2014, ""works_count"": 4, ""oa_works_count"": 3, ""cited_by_count"": 352}, {""year"": 2015, ""works_count"": 4, ""oa_works_count"": 1, ""cited_by_count"": 1155}, {""year"": 2016, ""works_count"": 4, ""oa_works_count"": 1, ""cited_by_count"": 252}, {""year"": 2017, ""works_count"": 8, ""oa_works_count"": 6, ""cited_by_count"": 29947}, {""year"": 2018, ""works_count"": 10, ""oa_works_count"": 3, ""cited_by_count"": 5527}, {""year"": 2019, ""works_count"": 10, ""oa_works_count"": 6, ""cited_by_count"": 882}, {""year"": 2020, ""works_count"": 4, ""oa_works_count"": 3, ""cited_by_count"": 167}, {""year"": 2021, ""works_count"": 3, ""oa_works_count"": 3, ""cited_by_count"": 4}, {""year"": 2022, ""works_count"": 5, ""oa_works_count"": 3, ""cited_by_count"": 41}, {""year"": 2023, ""works_count"": 9, ""oa_works_count"": 5, ""cited_by_count"": 248}, {""year"": 2024, ""works_count"": 4, ""oa_works_count"": 3, ""cited_by_count"": 13}, {""year"": 2025, ""works_count"": 12, ""oa_works_count"": 11, ""cited_by_count"": 7}, {""year"": 2026, ""works_count"": 6, ""oa_works_count"": 6, ""cited_by_count"": 0}]"
https://openalex.org/A5085762342,Davood Mazinanian,2017,ICSE,3,2,SS→DOI→OA,24,812,12,14,0.0,2014,"[{""year"": 2014, ""works_count"": 1, ""oa_works_count"": 0, ""cited_by_count"": 40}, {""year"": 2015, ""works_count"": 2, ""oa_works_count"": 1, ""cited_by_count"": 83}, {""year"": 2016, ""works_count"": 6, ""oa_works_count"": 0, ""cited_by_count"": 87}, {""year"": 2017, ""works_count"": 6, ""oa_works_count"": 2, ""cited_by_count"": 138}, {""year"": 2018, ""works_count"": 2, ""oa_works_count"": 0, ""cited_by_count"": 308}, {""year"": 2019, ""works_count"": 4, ""oa_works_count"": 1, ""cited_by_count"": 114}, {""year"": 2020, ""works_count"": 2, ""oa_works_count"": 1, ""cited_by_count"": 42}, {""year"": 2021, ""works_count"": 1, ""oa_works_count"": 1, ""cited_by_count"": 0}]"
https://openalex.org/A5028238692,Benjamin Clegg,2017,ICSE,0,3,SS→DOI→OA,8,127,4,2,0.0,2017,"[{""year"": 2017, ""works_count"": 2, ""oa_works_count"": 0, ""cited_by_count"": 108}, {""year"": 2018, ""works_count"": 1, ""oa_works_count"": 1, ""cited_by_count"": 0}, {""year"": 2019, ""works_count"": 1, ""oa_works_count"": 0, ""cited_by_count"": 9}, {""year"": 2020, ""works_count"": 1, ""oa_works_count"": 0, ""cited_by_count"": 4}, {""year"": 2021, ""works_count"": 2, ""oa_works_count"": 1, ""cited_by_count"": 6}, {""year"": 2022, ""works_count"": 1, ""oa_works_count"": 1, ""cited_by_count"": 0}]"
https://openalex.org/A5024997852,Benjamin Floyd,2017,ICSE,0,1,SS→DOI→OA,49,786,14,16,4.3076923076923075,2017,"[{""year"": 2017, ""works_count"": 1, ""oa_works_count"": 0, ""cited_by_count"": 127}, {""year"": 2019, ""works_count"": 1, ""oa_works_count"": 0, ""cited_by_count"": 0}, {""year"": 2020, ""works_count"": 6, ""oa_works_count"": 6, ""cited_by_count"": 359}, {""year"": 2021, ""works_count"": 11, ""oa_works_count"": 11, ""cited_by_count"": 142}, {""year"": 2022, ""works_count"": 10, ""oa_works_count"": 10, ""cited_by_count"": 74}, {""year"": 2023, ""works_count"": 7, ""oa_works_count"": 7, ""cited_by_count"": 28}, {""year"": 2024, ""works_count"": 3, ""oa_works_count"": 3, ""cited_by_count"": 48}, {""year"": 2025, ""works_count"": 9, ""oa_works_count"": 9, ""cited_by_count"": 8}, {""year"": 2026, ""works_count"": 1, ""oa_works_count"": 1, ""cited_by_count"": 0}]"
https://openalex.org/A5013623251,Tyler Santander,2017,ICSE,2,2,SS→DOI→OA,51,1124,17,21,11.5,2015,"[{""year"": 2015, ""works_count"": 1, ""oa_works_count"": 0, ""cited_by_count"": 12}, {""year"": 2017, ""works_count"": 2, ""oa_works_count"": 1, ""cited_by_count"": 127}, {""year"": 2018, ""works_count"": 2, ""oa_works_count"": 2, ""cited_by_count"": 3}, {""year"": 2019, ""works_count"": 6, ""oa_works_count"": 5, ""cited_by_count"": 68}, {""year"": 2020, ""works_count"": 12, ""oa_works_count"": 9, ""cited_by_count"": 490}, {""year"": 2021, ""works_count"": 6, ""oa_works_count"": 4, ""cited_by_count"": 204}, {""year"": 2022, ""works_count"": 3, ""oa_works_count"": 1, ""cited_by_count"": 7}, {""year"": 2023, ""works_count"": 7, ""oa_works_count"": 6, ""cited_by_count"": 75}, {""year"": 2024, ""works_count"": 5, ""oa_works_count"": 4, ""cited_by_count"": 133}, {""year"": 2025, ""works_count"": 6, ""oa_works_count"": 6, ""cited_by_count"": 5}, {""year"": 2026, ""works_count"": 1, ""oa_works_count"": 1, ""cited_by_count"": 0}]"
https://openalex.org/A5081483504,August Shi,2017,ICSE,3,1,SS→DOI→OA,65,1613,25,33,1.5714285714285714,2014,"[{""year"": 2014, ""works_count"": 2, ""oa_works_count"": 0, ""cited_by_count"": 98}, {""year"": 2015, ""works_count"": 2, ""oa_works_count"": 0, ""cited_by_count"": 175}, {""year"": 2016, ""works_count"": 5, ""oa_works_count"": 1, ""cited_by_count"": 259}, {""year"": 2017, ""works_count"": 3, ""oa_works_count"": 0, ""cited_by_count"": 106}, {""year"": 2018, ""works_count"": 4, ""oa_works_count"": 1, ""cited_by_count"": 107}, {""year"": 2019, ""works_count"": 9, ""oa_works_count"": 4, ""cited_by_count"": 494}, {""year"": 2020, ""works_count"": 4, ""oa_works_count"": 2, ""cited_by_count"": 159}, {""year"": 2021, ""works_count"": 6, ""oa_works_count"": 3, ""cited_by_count"": 98}, {""year"": 2022, ""works_count"": 4, ""oa_works_count"": 3, ""cited_by_count"": 65}, {""year"": 2023, ""works_count"": 5, ""oa_works_count"": 2, ""cited_by_count"": 19}, {""year"": 2024, ""works_count"": 8, ""oa_works_count"": 4, ""cited_by_count"": 28}, {""year"": 2025, ""works_count"": 12, ""oa_works_count"": 4, ""cited_by_count"": 5}, {""year"": 2026, ""works_count"": 1, ""oa_works_count"": 1, ""cited_by_count"": 0}]"
https://openalex.org/A5046120615,Konstantinos Poularakis,2017,INFOCOM,5,1,SS→DOI→OA,69,2591,25,35,0.0,2012,"[{""year"": 2012, ""works_count"": 1, ""oa_works_count"": 0, ""cited_by_count"": 22}, {""year"": 2013, ""works_count"": 5, ""oa_works_count"": 0, ""cited_by_count"": 150}, {""year"": 2014, ""works_count"": 10, ""oa_works_count"": 2, ""cited_by_count"": 476}, {""year"": 2015, ""works_count"": 2, ""oa_works_count"": 0, ""cited_by_count"": 33}, {""year"": 2016, ""works_count"": 7, ""oa_works_count"": 1, ""cited_by_count"": 609}, {""year"": 2017, ""works_count"": 4, ""oa_works_count"": 1, ""cited_by_count"": 129}, {""year"": 2018, ""works_count"": 8, ""oa_works_count"": 3, ""cited_by_count"": 276}, {""year"": 2019, ""works_count"": 13, ""oa_works_count"": 5, ""cited_by_count"": 469}, {""year"": 2020, ""works_count"": 6, ""oa_works_count"": 2, ""cited_by_count"": 214}, {""year"": 2021, ""works_count"": 9, ""oa_works_count"": 0, ""cited_by_count"": 206}, {""year"": 2022, ""works_count"": 3, ""oa_works_count"": 2, ""cited_by_count"": 4}, {""year"": 2023, ""works_count"": 1, ""oa_works_count"": 0, ""cited_by_count"": 3}]"
https://openalex.org/A5008595840,Hongseok Namkoong,2017,NeurIPS,1,1,GS→title→OA,65,2535,18,20,0.5,2016,"[{""year"": 2016, ""works_count"": 2, ""oa_works_count"": 1, ""cited_by_count"": 178}, {""year"": 2017, ""works_count"": 4, ""oa_works_count"": 2, ""cited_by_count"": 608}, {""year"": 2018, ""works_count"": 10, ""oa_works_count"": 8, ""cited_by_count"": 875}, {""year"": 2019, ""works_count"": 1, ""oa_works_count"": 0, ""cited_by_count"": 3}, {""year"": 2020, ""works_count"": 6, ""oa_works_count"": 5, ""cited_by_count"": 34}, {""year"": 2021, ""works_count"": 3, ""oa_works_count"": 3, ""cited_by_count"": 188}, {""year"": 2022, ""works_count"": 5, ""oa_works_count"": 3, ""cited_by_count"": 625}, {""year"": 2023, ""works_count"": 6, ""oa_works_count"": 5, ""cited_by_count"": 10}, {""year"": 2024, ""works_count"": 10, ""oa_works_count"": 8, ""cited_by_count"": 1}, {""year"": 2025, ""works_count"": 18, ""oa_works_count"": 16, ""cited_by_count"": 13}]"
https://openalex.org/A5008326572,Amanieu d'Antras,2017,PLDI,2,1,SS→title→OA,8,92,4,3,0.0,2015,"[{""year"": 2015, ""works_count"": 1, ""oa_works_count"": 1, ""cited_by_count"": 3}, {""year"": 2016, ""works_count"": 2, ""oa_works_count"": 2, ""cited_by_count"": 49}, {""year"": 2017, ""works_count"": 4, ""oa_works_count"": 2, ""cited_by_count"": 38}, {""year"": 2018, ""works_count"": 1, ""oa_works_count"": 1, ""cited_by_count"": 2}]"
https://openalex.org/A5070223708,Cosmin Gorgovan,2017,PLDI,2,2,SS→title→OA,15,155,5,4,0.0,2015,"[{""year"": 2015, ""works_count"": 1, ""oa_works_count"": 1, ""cited_by_count"": 3}, {""year"": 2016, ""works_count"": 2, ""oa_works_count"": 2, ""cited_by_count"": 49}, {""year"": 2017, ""works_count"": 5, ""oa_works_count"": 3, ""cited_by_count"": 42}, {""year"": 2018, ""works_count"": 2, ""oa_works_count"": 2, ""cited_by_count"": 52}, {""year"": 2019, ""works_count"": 1, ""oa_works_count"": 1, ""cited_by_count"": 3}, {""year"": 2020, ""works_count"": 3, ""oa_works_count"": 2, ""cited_by_count"": 6}, {""year"": 2023, ""works_count"": 1, ""oa_works_count"": 1, ""cited_by_count"": 0}]"
https://openalex.org/A5078763719,Jeehoon Kang,2017,PLDI,5,3,SS→DOI→OA,52,807,15,17,1.7222222222222223,2012,"[{""year"": 2012, ""works_count"": 3, ""oa_works_count"": 1, ""cited_by_count"": 0}, {""year"": 2014, ""works_count"": 2, ""oa_works_count"": 1, ""cited_by_count"": 22}, {""year"": 2015, ""works_count"": 2, ""oa_works_count"": 0, ""cited_by_count"": 55}, {""year"": 2016, ""works_count"": 3, ""oa_works_count"": 0, ""cited_by_count"": 191}, {""year"": 2017, ""works_count"": 3, ""oa_works_count"": 0, ""cited_by_count"": 208}, {""year"": 2018, ""works_count"": 2, ""oa_works_count"": 0, ""cited_by_count"": 26}, {""year"": 2019, ""works_count"": 5, ""oa_works_count"": 4, ""cited_by_count"": 145}, {""year"": 2020, ""works_count"": 2, ""oa_works_count"": 0, ""cited_by_count"": 24}, {""year"": 2021, ""works_count"": 2, ""oa_works_count"": 1, ""cited_by_count"": 22}, {""year"": 2022, ""works_count"": 4, ""oa_works_count"": 3, ""cited_by_count"": 55}, {""year"": 2023, ""works_count"": 6, ""oa_works_count"": 4, ""cited_by_count"": 28}, {""year"": 2024, ""works_count"": 7, ""oa_works_count"": 5, ""cited_by_count"": 19}, {""year"": 2025, ""works_count"": 11, ""oa_works_count"": 9, ""cited_by_count"": 12}]"
https://openalex.org/A5019918530,Luke Maurer,2017,PLDI,5,1,SS→DOI→OA,10,139,4,3,0.0,2012,"[{""year"": 2012, ""works_count"": 1, ""oa_works_count"": 0, ""cited_by_count"": 2}, {""year"": 2014, ""works_count"": 1, ""oa_works_count"": 0, ""cited_by_count"": 9}, {""year"": 2015, ""works_count"": 1, ""oa_works_count"": 0, ""cited_by_count"": 0}, {""year"": 2016, ""works_count"": 3, ""oa_works_count"": 1, ""cited_by_count"": 90}, {""year"": 2017, ""works_count"": 2, ""oa_works_count"": 0, ""cited_by_count"": 37}, {""year"": 2018, ""works_count"": 1, ""oa_works_count"": 1, ""cited_by_count"": 0}, {""year"": 2019, ""works_count"": 1, ""oa_works_count"": 1, ""cited_by_count"": 1}]"
https://openalex.org/A5020454182,Paul Downen,2017,PLDI,5,2,SS→DOI→OA,41,301,9,7,0.5,2012,"[{""year"": 2012, ""works_count"": 3, ""oa_works_count"": 1, ""cited_by_count"": 120}, {""year"": 2014, ""works_count"": 6, ""oa_works_count"": 2, ""cited_by_count"": 38}, {""year"": 2015, ""works_count"": 2, ""oa_works_count"": 0, ""cited_by_count"": 9}, {""year"": 2016, ""works_count"": 4, ""oa_works_count"": 3, ""cited_by_count"": 21}, {""year"": 2017, ""works_count"": 4, ""oa_works_count"": 1, ""cited_by_count"": 42}, {""year"": 2018, ""works_count"": 3, ""oa_works_count"": 1, ""cited_by_count"": 23}, {""year"": 2019, ""works_count"": 5, ""oa_works_count"": 4, ""cited_by_count"": 21}, {""year"": 2020, ""works_count"": 4, ""oa_works_count"": 2, ""cited_by_count"": 16}, {""year"": 2021, ""works_count"": 3, ""oa_works_count"": 3, ""cited_by_count"": 3}, {""year"": 2022, ""works_count"": 1, ""oa_works_count"": 1, ""cited_by_count"": 3}, {""year"": 2023, ""works_count"": 2, ""oa_works_count"": 1, ""cited_by_count"": 3}, {""year"": 2024, ""works_count"": 1, ""oa_works_count"": 1, ""cited_by_count"": 1}, {""year"": 2025, ""works_count"": 3, ""oa_works_count"": 2, ""cited_by_count"": 1}]"
https://openalex.org/A5010565905,Andreas Haas,2017,PLDI,0,1,SS→title→OA,3,657,3,3,0.0,2017,"[{""year"": 2017, ""works_count"": 2, ""oa_works_count"": 1, ""cited_by_count"": 621}, {""year"": 2018, ""works_count"": 1, ""oa_works_count"": 0, ""cited_by_count"": 36}]"
https://openalex.org/A5018284688,Nadim Kobeissi,2017,S&P,4,3,SS→DOI→OA,24,1053,8,7,0.0,2014,"[{""year"": 2013, ""works_count"": 1, ""oa_works_count"": 1, ""cited_by_count"": 6}, {""year"": 2014, ""works_count"": 1, ""oa_works_count"": 1, ""cited_by_count"": 19}, {""year"": 2015, ""works_count"": 1, ""oa_works_count"": 1, ""cited_by_count"": 0}, {""year"": 2016, ""works_count"": 3, ""oa_works_count"": 1, ""cited_by_count"": 607}, {""year"": 2017, ""works_count"": 3, ""oa_works_count"": 2, ""cited_by_count"": 335}, {""year"": 2018, ""works_count"": 6, ""oa_works_count"": 1, ""cited_by_count"": 11}, {""year"": 2019, ""works_count"": 5, ""oa_works_count"": 2, ""cited_by_count"": 27}, {""year"": 2020, ""works_count"": 3, ""oa_works_count"": 1, ""cited_by_count"": 48}, {""year"": 2023, ""works_count"": 1, ""oa_works_count"": 1, ""cited_by_count"": 0}]"
https://openalex.org/A5008674902,Anirudh Sivaraman,2017,SIGCOMM,5,2,SS→DOI→OA,72,3088,22,34,1.0,2012,"[{""year"": 2012, ""works_count"": 1, ""oa_works_count"": 0, ""cited_by_count"": 7}, {""year"": 2013, ""works_count"": 2, ""oa_works_count"": 0, ""cited_by_count"": 330}, {""year"": 2014, ""works_count"": 7, ""oa_works_count"": 4, ""cited_by_count"": 542}, {""year"": 2015, ""works_count"": 6, ""oa_works_count"": 3, ""cited_by_count"": 343}, {""year"": 2016, ""works_count"": 6, ""oa_works_count"": 6, ""cited_by_count"": 927}, {""year"": 2017, ""works_count"": 4, ""oa_works_count"": 2, ""cited_by_count"": 568}, {""year"": 2019, ""works_count"": 4, ""oa_works_count"": 2, ""cited_by_count"": 51}, {""year"": 2020, ""works_count"": 10, ""oa_works_count"": 5, ""cited_by_count"": 152}, {""year"": 2021, ""works_count"": 11, ""oa_works_count"": 9, ""cited_by_count"": 68}, {""year"": 2022, ""works_count"": 4, ""oa_works_count"": 3, ""cited_by_count"": 10}, {""year"": 2023, ""works_count"": 6, ""oa_works_count"": 4, ""cited_by_count"": 79}, {""year"": 2024, ""works_count"": 5, ""oa_works_count"": 2, ""cited_by_count"": 9}, {""year"": 2025, ""works_count"": 6, ""oa_works_count"": 5, ""cited_by_count"": 2}]"
https://openalex.org/A5086057750,Vikram Nathan,2017,SIGCOMM,1,3,SS→DOI→OA,4,327,4,3,0.0,2016,"[{""year"": 2016, ""works_count"": 1, ""oa_works_count"": 1, ""cited_by_count"": 10}, {""year"": 2017, ""works_count"": 2, ""oa_works_count"": 1, ""cited_by_count"": 254}, {""year"": 2019, ""works_count"": 1, ""oa_works_count"": 0, ""cited_by_count"": 63}]"
https://openalex.org/A5044787871,Phelim Bradley,2017,SIGIR,2,1,SS→title→OA,2,0,0,0,0.0,2015,"[{""year"": 2015, ""works_count"": 1, ""oa_works_count"": 1, ""cited_by_count"": 0}, {""year"": 2017, ""works_count"": 1, ""oa_works_count"": 1, ""cited_by_count"": 0}]"
https://openalex.org/A5102759092,Cheng Tan,2017,SOSP,5,1,SS→DOI→OA,42,274,11,13,2.75,2012,"[{""year"": 2012, ""works_count"": 1, ""oa_works_count"": 0, ""cited_by_count"": 27}, {""year"": 2014, ""works_count"": 2, ""oa_works_count"": 1, ""cited_by_count"": 13}, {""year"": 2015, ""works_count"": 2, ""oa_works_count"": 0, ""cited_by_count"": 42}, {""year"": 2016, ""works_count"": 3, ""oa_works_count"": 1, ""cited_by_count"": 39}, {""year"": 2017, ""works_count"": 3, ""oa_works_count"": 3, ""cited_by_count"": 52}, {""year"": 2018, ""works_count"": 1, ""oa_works_count"": 1, ""cited_by_count"": 17}, {""year"": 2019, ""works_count"": 4, ""oa_works_count"": 2, ""cited_by_count"": 1}, {""year"": 2020, ""works_count"": 3, ""oa_works_count"": 1, ""cited_by_count"": 11}, {""year"": 2021, ""works_count"": 2, ""oa_works_count"": 1, ""cited_by_count"": 10}, {""year"": 2023, ""works_count"": 5, ""oa_works_count"": 3, ""cited_by_count"": 18}, {""year"": 2024, ""works_count"": 8, ""oa_works_count"": 6, ""cited_by_count"": 39}, {""year"": 2025, ""works_count"": 8, ""oa_works_count"": 4, ""cited_by_count"": 5}]"
https://openalex.org/A5007048525,Kexin Pei,2017,SOSP,3,1,SS→DOI→OA,37,4181,20,22,4.0,2014,"[{""year"": 2014, ""works_count"": 1, ""oa_works_count"": 0, ""cited_by_count"": 22}, {""year"": 2015, ""works_count"": 1, ""oa_works_count"": 0, ""cited_by_count"": 39}, {""year"": 2016, ""works_count"": 3, ""oa_works_count"": 3, ""cited_by_count"": 220}, {""year"": 2017, ""works_count"": 4, ""oa_works_count"": 3, ""cited_by_count"": 1589}, {""year"": 2018, ""works_count"": 7, ""oa_works_count"": 6, ""cited_by_count"": 1737}, {""year"": 2019, ""works_count"": 4, ""oa_works_count"": 1, ""cited_by_count"": 341}, {""year"": 2020, ""works_count"": 2, ""oa_works_count"": 2, ""cited_by_count"": 39}, {""year"": 2021, ""works_count"": 3, ""oa_works_count"": 2, ""cited_by_count"": 82}, {""year"": 2022, ""works_count"": 2, ""oa_works_count"": 2, ""cited_by_count"": 52}, {""year"": 2023, ""works_count"": 5, ""oa_works_count"": 5, ""cited_by_count"": 40}, {""year"": 2024, ""works_count"": 3, ""oa_works_count"": 2, ""cited_by_count"": 16}, {""year"": 2025, ""works_count"": 2, ""oa_works_count"": 2, ""cited_by_count"": 4}]"
https://openalex.org/A5001875469,Nora S. Willett,2017,UIST,1,1,SS→DOI→OA,9,124,5,5,0.0,2016,"[{""year"": 2016, ""works_count"": 1, ""oa_works_count"": 1, ""cited_by_count"": 39}, {""year"": 2017, ""works_count"": 2, ""oa_works_count"": 0, ""cited_by_count"": 38}, {""year"": 2018, ""works_count"": 1, ""oa_works_count"": 0, ""cited_by_count"": 16}, {""year"": 2019, ""works_count"": 1, ""oa_works_count"": 0, ""cited_by_count"": 0}, {""year"": 2020, ""works_count"": 1, ""oa_works_count"": 0, ""cited_by_count"": 27}, {""year"": 2021, ""works_count"": 1, ""oa_works_count"": 0, ""cited_by_count"": 2}, {""year"": 2023, ""works_count"": 2, ""oa_works_count"": 1, ""cited_by_count"": 2}]"
https://openalex.org/A5070661194,Avinash S. Nair,2017,UIST,0,2,SS→DOI→OA,1,62,1,1,0.0,2017,"[{""year"": 2017, ""works_count"": 1, ""oa_works_count"": 1, ""cited_by_count"": 62}]"
https://openalex.org/A5010359061,Nave Frost,2017,VLDB,1,2,SS→DOI→OA,24,182,8,7,1.0,2016,"[{""year"": 2016, ""works_count"": 1, ""oa_works_count"": 0, ""cited_by_count"": 9}, {""year"": 2017, ""works_count"": 1, ""oa_works_count"": 0, ""cited_by_count"": 29}, {""year"": 2018, ""works_count"": 4, ""oa_works_count"": 0, ""cited_by_count"": 17}, {""year"": 2019, ""works_count"": 3, ""oa_works_count"": 1, ""cited_by_count"": 17}, {""year"": 2020, ""works_count"": 6, ""oa_works_count"": 5, ""cited_by_count"": 45}, {""year"": 2021, ""works_count"": 2, ""oa_works_count"": 1, ""cited_by_count"": 12}, {""year"": 2022, ""works_count"": 4, ""oa_works_count"": 1, ""cited_by_count"": 50}, {""year"": 2023, ""works_count"": 1, ""oa_works_count"": 1, ""cited_by_count"": 1}, {""year"": 2024, ""works_count"": 1, ""oa_works_count"": 0, ""cited_by_count"": 2}, {""year"": 2025, ""works_count"": 1, ""oa_works_count"": 1, ""cited_by_count"": 0}]"
https://openalex.org/A5088017068,Guni Sharon,2016,AAAI,5,1,SS→DOI→OA,70,3343,23,35,0.2,2012,"[{""year"": 2011, ""works_count"": 1, ""oa_works_count"": 0, ""cited_by_count"": 30}, {""year"": 2012, ""works_count"": 1, ""oa_works_count"": 0, ""cited_by_count"": 309}, {""year"": 2013, ""works_count"": 1, ""oa_works_count"": 0, ""cited_by_count"": 2}, {""year"": 2014, ""works_count"": 4, ""oa_works_count"": 3, ""cited_by_count"": 1293}, {""year"": 2015, ""works_count"": 7, ""oa_works_count"": 4, ""cited_by_count"": 91}, {""year"": 2016, ""works_count"": 4, ""oa_works_count"": 2, ""cited_by_count"": 195}, {""year"": 2017, ""works_count"": 10, ""oa_works_count"": 3, ""cited_by_count"": 333}, {""year"": 2018, ""works_count"": 5, ""oa_works_count"": 2, ""cited_by_count"": 59}, {""year"": 2019, ""works_count"": 3, ""oa_works_count"": 1, ""cited_by_count"": 32}, {""year"": 2020, ""works_count"": 1, ""oa_works_count"": 1, ""cited_by_count"": 25}, {""year"": 2021, ""works_count"": 18, ""oa_works_count"": 15, ""cited_by_count"": 948}, {""year"": 2022, ""works_count"": 6, ""oa_works_count"": 5, ""cited_by_count"": 17}, {""year"": 2023, ""works_count"": 4, ""oa_works_count"": 3, ""cited_by_count"": 8}, {""year"": 2024, ""works_count"": 2, ""oa_works_count"": 1, ""cited_by_count"": 0}, {""year"": 2025, ""works_count"": 1, ""oa_works_count"": 1, ""cited_by_count"": 1}, {""year"": 2026, ""works_count"": 2, ""oa_works_count"": 2, ""cited_by_count"": 0}]"
https://openalex.org/A5091346638,Elkin Gutierrez,2016,ACL,4,1,SS→DOI→OA,13,309,7,6,0.0,2012,"[{""year"": 2012, ""works_count"": 1, ""oa_works_count"": 1, ""cited_by_count"": 8}, {""year"": 2016, ""works_count"": 6, ""oa_works_count"": 6, ""cited_by_count"": 258}, {""year"": 2017, ""works_count"": 1, ""oa_works_count"": 1, ""cited_by_count"": 41}, {""year"": 2019, ""works_count"": 1, ""oa_works_count"": 1, ""cited_by_count"": 1}, {""year"": 2020, ""works_count"": 1, ""oa_works_count"": 1, ""cited_by_count"": 1}, {""year"": 2025, ""works_count"": 3, ""oa_works_count"": 2, ""cited_by_count"": 0}]"
https://openalex.org/A5062650159,Kieran Hicks,2016,CHI,2,2,SS→DOI→OA,24,538,11,13,2.5,2014,"[{""year"": 2014, ""works_count"": 2, ""oa_works_count"": 1, ""cited_by_count"": 16}, {""year"": 2015, ""works_count"": 4, ""oa_works_count"": 3, ""cited_by_count"": 98}, {""year"": 2016, ""works_count"": 1, ""oa_works_count"": 1, ""cited_by_count"": 55}, {""year"": 2017, ""works_count"": 1, ""oa_works_count"": 0, ""cited_by_count"": 2}, {""year"": 2018, ""works_count"": 4, ""oa_works_count"": 3, ""cited_by_count"": 115}, {""year"": 2019, ""works_count"": 4, ""oa_works_count"": 4, ""cited_by_count"": 120}, {""year"": 2020, ""works_count"": 2, ""oa_works_count"": 1, ""cited_by_count"": 97}, {""year"": 2021, ""works_count"": 1, ""oa_works_count"": 1, ""cited_by_count"": 16}, {""year"": 2022, ""works_count"": 1, ""oa_works_count"": 1, ""cited_by_count"": 9}, {""year"": 2024, ""works_count"": 2, ""oa_works_count"": 2, ""cited_by_count"": 7}, {""year"": 2025, ""works_count"": 2, ""oa_works_count"": 2, ""cited_by_count"": 3}]"
https://openalex.org/A5035414960,Michael R. Kalyn,2016,CHI,5,3,SS→DOI→OA,11,553,9,9,0.0,2011,"[{""year"": 2011, ""works_count"": 1, ""oa_works_count"": 0, ""cited_by_count"": 245}, {""year"": 2012, ""works_count"": 1, ""oa_works_count"": 0, ""cited_by_count"": 11}, {""year"": 2013, ""works_count"": 4, ""oa_works_count"": 1, ""cited_by_count"": 178}, {""year"": 2015, ""works_count"": 4, ""oa_works_count"": 2, ""cited_by_count"": 64}, {""year"": 2016, ""works_count"": 1, ""oa_works_count"": 1, ""cited_by_count"": 55}]"
https://openalex.org/A5055844978,Teresa Almeida,2016,CHI,2,1,SS→DOI→OA,48,789,13,16,1.1666666666666667,2014,"[{""year"": 2014, ""works_count"": 1, ""oa_works_count"": 0, ""cited_by_count"": 23}, {""year"": 2015, ""works_count"": 2, ""oa_works_count"": 0, ""cited_by_count"": 27}, {""year"": 2016, ""works_count"": 4, ""oa_works_count"": 2, ""cited_by_count"": 262}, {""year"": 2017, ""works_count"": 4, ""oa_works_count"": 1, ""cited_by_count"": 76}, {""year"": 2018, ""works_count"": 3, ""oa_works_count"": 1, ""cited_by_count"": 14}, {""year"": 2019, ""works_count"": 6, ""oa_works_count"": 5, ""cited_by_count"": 32}, {""year"": 2020, ""works_count"": 10, ""oa_works_count"": 6, ""cited_by_count"": 146}, {""year"": 2021, ""works_count"": 5, ""oa_works_count"": 3, ""cited_by_count"": 97}, {""year"": 2022, ""works_count"": 2, ""oa_works_count"": 1, ""cited_by_count"": 73}, {""year"": 2023, ""works_count"": 5, ""oa_works_count"": 4, ""cited_by_count"": 32}, {""year"": 2024, ""works_count"": 4, ""oa_works_count"": 3, ""cited_by_count"": 7}, {""year"": 2025, ""works_count"": 2, ""oa_works_count"": 1, ""cited_by_count"": 0}]"
https://openalex.org/A5048484850,Shiho Fukuhara,2016,CHI,0,3,SS→DOI→OA,3,578,3,3,0.0,2016,"[{""year"": 2016, ""works_count"": 2, ""oa_works_count"": 1, ""cited_by_count"": 540}, {""year"": 2020, ""works_count"": 1, ""oa_works_count"": 1, ""cited_by_count"": 38}]"
https://openalex.org/A5041783895,Alexander Jackson Graves,2016,CHI,0,1,GS→title→OA,1,1,1,0,0.0,2016,"[{""year"": 2016, ""works_count"": 1, ""oa_works_count"": 1, ""cited_by_count"": 1}]"
https://openalex.org/A5000163896,Elisa D. Mekler,2016,CHI,4,1,SS→DOI→OA,101,4478,32,53,4.235294117647059,2012,"[{""year"": 2012, ""works_count"": 2, ""oa_works_count"": 0, ""cited_by_count"": 83}, {""year"": 2013, ""works_count"": 3, ""oa_works_count"": 1, ""cited_by_count"": 442}, {""year"": 2014, ""works_count"": 2, ""oa_works_count"": 0, ""cited_by_count"": 212}, {""year"": 2015, ""works_count"": 5, ""oa_works_count"": 0, ""cited_by_count"": 996}, {""year"": 2016, ""works_count"": 13, ""oa_works_count"": 3, ""cited_by_count"": 547}, {""year"": 2017, ""works_count"": 4, ""oa_works_count"": 2, ""cited_by_count"": 111}, {""year"": 2018, ""works_count"": 14, ""oa_works_count"": 8, ""cited_by_count"": 741}, {""year"": 2019, ""works_count"": 8, ""oa_works_count"": 2, ""cited_by_count"": 427}, {""year"": 2020, ""works_count"": 9, ""oa_works_count"": 7, ""cited_by_count"": 383}, {""year"": 2021, ""works_count"": 13, ""oa_works_count"": 7, ""cited_by_count"": 207}, {""year"": 2022, ""works_count"": 5, ""oa_works_count"": 4, ""cited_by_count"": 181}, {""year"": 2023, ""works_count"": 6, ""oa_works_count"": 6, ""cited_by_count"": 76}, {""year"": 2024, ""works_count"": 13, ""oa_works_count"": 13, ""cited_by_count"": 70}, {""year"": 2025, ""works_count"": 4, ""oa_works_count"": 4, ""cited_by_count"": 2}]"
https://openalex.org/A5034805006,Daniel Schien,2016,CHI,5,2,SS→DOI→OA,57,717,13,19,1.5,2012,"[{""year"": 2011, ""works_count"": 4, ""oa_works_count"": 1, ""cited_by_count"": 9}, {""year"": 2012, ""works_count"": 3, ""oa_works_count"": 0, ""cited_by_count"": 35}, {""year"": 2013, ""works_count"": 5, ""oa_works_count"": 1, ""cited_by_count"": 127}, {""year"": 2014, ""works_count"": 7, ""oa_works_count"": 7, ""cited_by_count"": 162}, {""year"": 2015, ""works_count"": 3, ""oa_works_count"": 0, ""cited_by_count"": 6}, {""year"": 2016, ""works_count"": 3, ""oa_works_count"": 3, ""cited_by_count"": 125}, {""year"": 2017, ""works_count"": 1, ""oa_works_count"": 1, ""cited_by_count"": 26}, {""year"": 2018, ""works_count"": 1, ""oa_works_count"": 1, ""cited_by_count"": 15}, {""year"": 2019, ""works_count"": 3, ""oa_works_count"": 2, ""cited_by_count"": 131}, {""year"": 2021, ""works_count"": 1, ""oa_works_count"": 1, ""cited_by_count"": 22}, {""year"": 2022, ""works_count"": 4, ""oa_works_count"": 2, ""cited_by_count"": 32}, {""year"": 2023, ""works_count"": 4, ""oa_works_count"": 4, ""cited_by_count"": 0}, {""year"": 2024, ""works_count"": 6, ""oa_works_count"": 4, ""cited_by_count"": 23}, {""year"": 2025, ""works_count"": 11, ""oa_works_count"": 9, ""cited_by_count"": 4}, {""year"": 2026, ""works_count"": 1, ""oa_works_count"": 1, ""cited_by_count"": 0}]"
https://openalex.org/A5056394286,Kurt B. Oleson,2016,CHI,0,2,SS→title→OA,2,128,2,1,0.0,2016,"[{""year"": 2016, ""works_count"": 1, ""oa_works_count"": 1, ""cited_by_count"": 122}, {""year"": 2019, ""works_count"": 1, ""oa_works_count"": 0, ""cited_by_count"": 6}]"
https://openalex.org/A5059880425,Michael Xuelin Huang,2016,CHI,4,1,SS→DOI→OA,43,716,14,20,8.25,2012,"[{""year"": 2012, ""works_count"": 2, ""oa_works_count"": 1, ""cited_by_count"": 20}, {""year"": 2013, ""works_count"": 1, ""oa_works_count"": 1, ""cited_by_count"": 2}, {""year"": 2014, ""works_count"": 3, ""oa_works_count"": 0, ""cited_by_count"": 43}, {""year"": 2015, ""works_count"": 2, ""oa_works_count"": 0, ""cited_by_count"": 25}, {""year"": 2016, ""works_count"": 3, ""oa_works_count"": 0, ""cited_by_count"": 131}, {""year"": 2017, ""works_count"": 3, ""oa_works_count"": 0, ""cited_by_count"": 63}, {""year"": 2018, ""works_count"": 7, ""oa_works_count"": 1, ""cited_by_count"": 247}, {""year"": 2019, ""works_count"": 11, ""oa_works_count"": 2, ""cited_by_count"": 67}, {""year"": 2020, ""works_count"": 2, ""oa_works_count"": 2, ""cited_by_count"": 25}, {""year"": 2021, ""works_count"": 2, ""oa_works_count"": 2, ""cited_by_count"": 0}, {""year"": 2022, ""works_count"": 1, ""oa_works_count"": 1, ""cited_by_count"": 32}, {""year"": 2023, ""works_count"": 2, ""oa_works_count"": 1, ""cited_by_count"": 28}, {""year"": 2024, ""works_count"": 2, ""oa_works_count"": 2, ""cited_by_count"": 31}, {""year"": 2025, ""works_count"": 2, ""oa_works_count"": 1, ""cited_by_count"": 2}]"
https://openalex.org/A5043922248,Tiffany C.K. Kwok,2016,CHI,2,2,SS→DOI→OA,14,191,7,5,2.0,2014,"[{""year"": 2014, ""works_count"": 1, ""oa_works_count"": 0, ""cited_by_count"": 33}, {""year"": 2015, ""works_count"": 2, ""oa_works_count"": 1, ""cited_by_count"": 17}, {""year"": 2016, ""works_count"": 1, ""oa_works_count"": 0, ""cited_by_count"": 71}, {""year"": 2017, ""works_count"": 1, ""oa_works_count"": 0, ""cited_by_count"": 11}, {""year"": 2018, ""works_count"": 1, ""oa_works_count"": 0, ""cited_by_count"": 9}, {""year"": 2019, ""works_count"": 3, ""oa_works_count"": 2, ""cited_by_count"": 34}, {""year"": 2020, ""works_count"": 1, ""oa_works_count"": 0, ""cited_by_count"": 3}, {""year"": 2022, ""works_count"": 1, ""oa_works_count"": 0, ""cited_by_count"": 1}, {""year"": 2023, ""works_count"": 1, ""oa_works_count"": 1, ""cited_by_count"": 8}, {""year"": 2024, ""works_count"": 1, ""oa_works_count"": 1, ""cited_by_count"": 4}, {""year"": 2025, ""works_count"": 1, ""oa_works_count"": 1, ""cited_by_count"": 0}]"
https://openalex.org/A5035627325,Hyewon Suh,2016,CHI,4,1,SS→DOI→OA,19,693,9,8,7.5,2014,"[{""year"": 2012, ""works_count"": 1, ""oa_works_count"": 0, ""cited_by_count"": 9}, {""year"": 2014, ""works_count"": 1, ""oa_works_count"": 0, ""cited_by_count"": 52}, {""year"": 2015, ""works_count"": 2, ""oa_works_count"": 0, ""cited_by_count"": 222}, {""year"": 2016, ""works_count"": 4, ""oa_works_count"": 2, ""cited_by_count"": 327}, {""year"": 2017, ""works_count"": 1, ""oa_works_count"": 0, ""cited_by_count"": 1}, {""year"": 2018, ""works_count"": 2, ""oa_works_count"": 1, ""cited_by_count"": 15}, {""year"": 2019, ""works_count"": 2, ""oa_works_count"": 2, ""cited_by_count"": 22}, {""year"": 2024, ""works_count"": 2, ""oa_works_count"": 2, ""cited_by_count"": 35}, {""year"": 2025, ""works_count"": 4, ""oa_works_count"": 3, ""cited_by_count"": 10}]"
https://openalex.org/A5014842691,Nina Shahriaree,2016,CHI,0,2,SS→DOI→OA,1,169,1,1,0.0,2016,"[{""year"": 2016, ""works_count"": 1, ""oa_works_count"": 1, ""cited_by_count"": 169}]"
https://openalex.org/A5014639509,Sruti Srinivasa Ragavan,2016,CHI,3,1,SS→DOI→OA,27,432,10,11,11.363636363636363,2015,"[{""year"": 2013, ""works_count"": 1, ""oa_works_count"": 0, ""cited_by_count"": 0}, {""year"": 2015, ""works_count"": 1, ""oa_works_count"": 0, ""cited_by_count"": 53}, {""year"": 2016, ""works_count"": 1, ""oa_works_count"": 1, ""cited_by_count"": 45}, {""year"": 2017, ""works_count"": 1, ""oa_works_count"": 1, ""cited_by_count"": 14}, {""year"": 2019, ""works_count"": 1, ""oa_works_count"": 0, ""cited_by_count"": 5}, {""year"": 2021, ""works_count"": 2, ""oa_works_count"": 1, ""cited_by_count"": 91}, {""year"": 2022, ""works_count"": 4, ""oa_works_count"": 1, ""cited_by_count"": 73}, {""year"": 2023, ""works_count"": 5, ""oa_works_count"": 1, ""cited_by_count"": 26}, {""year"": 2024, ""works_count"": 4, ""oa_works_count"": 2, ""cited_by_count"": 117}, {""year"": 2025, ""works_count"": 7, ""oa_works_count"": 4, ""cited_by_count"": 8}]"
https://openalex.org/A5072109649,Sandeep Kaur Kuttal,2016,CHI,5,2,SS→DOI→OA,51,537,14,21,1.0909090909090908,2011,"[{""year"": 2011, ""works_count"": 2, ""oa_works_count"": 0, ""cited_by_count"": 31}, {""year"": 2013, ""works_count"": 3, ""oa_works_count"": 0, ""cited_by_count"": 45}, {""year"": 2014, ""works_count"": 2, ""oa_works_count"": 0, ""cited_by_count"": 34}, {""year"": 2015, ""works_count"": 1, ""oa_works_count"": 0, ""cited_by_count"": 28}, {""year"": 2016, ""works_count"": 3, ""oa_works_count"": 1, ""cited_by_count"": 82}, {""year"": 2017, ""works_count"": 2, ""oa_works_count"": 1, ""cited_by_count"": 27}, {""year"": 2018, ""works_count"": 5, ""oa_works_count"": 2, ""cited_by_count"": 31}, {""year"": 2019, ""works_count"": 2, ""oa_works_count"": 0, ""cited_by_count"": 48}, {""year"": 2020, ""works_count"": 4, ""oa_works_count"": 1, ""cited_by_count"": 52}, {""year"": 2021, ""works_count"": 5, ""oa_works_count"": 1, ""cited_by_count"": 77}, {""year"": 2022, ""works_count"": 7, ""oa_works_count"": 0, ""cited_by_count"": 65}, {""year"": 2023, ""works_count"": 4, ""oa_works_count"": 1, ""cited_by_count"": 5}, {""year"": 2024, ""works_count"": 4, ""oa_works_count"": 1, ""cited_by_count"": 9}, {""year"": 2025, ""works_count"": 5, ""oa_works_count"": 0, ""cited_by_count"": 3}, {""year"": 2026, ""works_count"": 2, ""oa_works_count"": 2, ""cited_by_count"": 0}]"
https://openalex.org/A5015385005,Marta E. Cecchinato,2016,CHI,4,1,SS→DOI→OA,51,1109,19,24,1.0,2012,"[{""year"": 2012, ""works_count"": 1, ""oa_works_count"": 0, ""cited_by_count"": 34}, {""year"": 2014, ""works_count"": 3, ""oa_works_count"": 0, ""cited_by_count"": 10}, {""year"": 2015, ""works_count"": 4, ""oa_works_count"": 1, ""cited_by_count"": 148}, {""year"": 2016, ""works_count"": 3, ""oa_works_count"": 1, ""cited_by_count"": 193}, {""year"": 2017, ""works_count"": 4, ""oa_works_count"": 0, ""cited_by_count"": 90}, {""year"": 2018, ""works_count"": 3, ""oa_works_count"": 0, ""cited_by_count"": 32}, {""year"": 2019, ""works_count"": 2, ""oa_works_count"": 2, ""cited_by_count"": 149}, {""year"": 2020, ""works_count"": 7, ""oa_works_count"": 5, ""cited_by_count"": 98}, {""year"": 2021, ""works_count"": 8, ""oa_works_count"": 2, ""cited_by_count"": 215}, {""year"": 2022, ""works_count"": 3, ""oa_works_count"": 1, ""cited_by_count"": 60}, {""year"": 2023, ""works_count"": 5, ""oa_works_count"": 3, ""cited_by_count"": 72}, {""year"": 2024, ""works_count"": 1, ""oa_works_count"": 1, ""cited_by_count"": 3}, {""year"": 2025, ""works_count"": 6, ""oa_works_count"": 1, ""cited_by_count"": 5}, {""year"": 2026, ""works_count"": 1, ""oa_works_count"": 0, ""cited_by_count"": 0}]"
https://openalex.org/A5082002320,Minsam Ko,2016,CHI,5,1,SS→DOI→OA,64,1353,17,28,3.0,2011,"[{""year"": 2011, ""works_count"": 3, ""oa_works_count"": 1, ""cited_by_count"": 97}, {""year"": 2012, ""works_count"": 1, ""oa_works_count"": 0, ""cited_by_count"": 5}, {""year"": 2013, ""works_count"": 2, ""oa_works_count"": 0, ""cited_by_count"": 7}, {""year"": 2014, ""works_count"": 4, ""oa_works_count"": 0, ""cited_by_count"": 207}, {""year"": 2015, ""works_count"": 6, ""oa_works_count"": 2, ""cited_by_count"": 296}, {""year"": 2016, ""works_count"": 6, ""oa_works_count"": 1, ""cited_by_count"": 161}, {""year"": 2017, ""works_count"": 2, ""oa_works_count"": 0, ""cited_by_count"": 73}, {""year"": 2019, ""works_count"": 4, ""oa_works_count"": 0, ""cited_by_count"": 186}, {""year"": 2020, ""works_count"": 3, ""oa_works_count"": 2, ""cited_by_count"": 53}, {""year"": 2021, ""works_count"": 3, ""oa_works_count"": 2, ""cited_by_count"": 30}, {""year"": 2022, ""works_count"": 8, ""oa_works_count"": 7, ""cited_by_count"": 95}, {""year"": 2023, ""works_count"": 6, ""oa_works_count"": 5, ""cited_by_count"": 95}, {""year"": 2024, ""works_count"": 9, ""oa_works_count"": 7, ""cited_by_count"": 33}, {""year"": 2025, ""works_count"": 7, ""oa_works_count"": 4, ""cited_by_count"": 15}]"
https://openalex.org/A5101776191,Seungwoo Choi,2016,CHI,2,2,SS→DOI→OA,24,580,10,10,0.3333333333333333,2014,"[{""year"": 2014, ""works_count"": 3, ""oa_works_count"": 0, ""cited_by_count"": 19}, {""year"": 2015, ""works_count"": 2, ""oa_works_count"": 0, ""cited_by_count"": 118}, {""year"": 2016, ""works_count"": 4, ""oa_works_count"": 0, ""cited_by_count"": 149}, {""year"": 2018, ""works_count"": 1, ""oa_works_count"": 1, ""cited_by_count"": 10}, {""year"": 2019, ""works_count"": 5, ""oa_works_count"": 2, ""cited_by_count"": 208}, {""year"": 2020, ""works_count"": 3, ""oa_works_count"": 1, ""cited_by_count"": 61}, {""year"": 2022, ""works_count"": 1, ""oa_works_count"": 0, ""cited_by_count"": 3}, {""year"": 2023, ""works_count"": 2, ""oa_works_count"": 0, ""cited_by_count"": 11}, {""year"": 2024, ""works_count"": 1, ""oa_works_count"": 1, ""cited_by_count"": 1}, {""year"": 2025, ""works_count"": 2, ""oa_works_count"": 1, ""cited_by_count"": 0}]"
https://openalex.org/A5038894198,Stefan Heindorf,2016,CIKM,4,1,SS→DOI→OA,66,304,9,9,1.4615384615384615,2012,"[{""year"": 2012, ""works_count"": 1, ""oa_works_count"": 0, ""cited_by_count"": 0}, {""year"": 2015, ""works_count"": 4, ""oa_works_count"": 2, ""cited_by_count"": 28}, {""year"": 2016, ""works_count"": 3, ""oa_works_count"": 2, ""cited_by_count"": 82}, {""year"": 2017, ""works_count"": 4, ""oa_works_count"": 2, ""cited_by_count"": 20}, {""year"": 2018, ""works_count"": 1, ""oa_works_count"": 0, ""cited_by_count"": 1}, {""year"": 2019, ""works_count"": 4, ""oa_works_count"": 2, ""cited_by_count"": 17}, {""year"": 2020, ""works_count"": 3, ""oa_works_count"": 2, ""cited_by_count"": 62}, {""year"": 2021, ""works_count"": 11, ""oa_works_count"": 6, ""cited_by_count"": 16}, {""year"": 2022, ""works_count"": 13, ""oa_works_count"": 9, ""cited_by_count"": 43}, {""year"": 2023, ""works_count"": 9, ""oa_works_count"": 5, ""cited_by_count"": 16}, {""year"": 2024, ""works_count"": 7, ""oa_works_count"": 6, ""cited_by_count"": 6}, {""year"": 2025, ""works_count"": 6, ""oa_works_count"": 6, ""cited_by_count"": 13}]"
https://openalex.org/A5057072967,Mihai Codoban,2016,FSE,5,3,SS→DOI→OA,10,423,5,4,0.0,2011,"[{""year"": 2011, ""works_count"": 1, ""oa_works_count"": 0, ""cited_by_count"": 3}, {""year"": 2013, ""works_count"": 1, ""oa_works_count"": 0, ""cited_by_count"": 6}, {""year"": 2014, ""works_count"": 3, ""oa_works_count"": 1, ""cited_by_count"": 192}, {""year"": 2015, ""works_count"": 3, ""oa_works_count"": 0, ""cited_by_count"": 53}, {""year"": 2016, ""works_count"": 1, ""oa_works_count"": 0, ""cited_by_count"": 164}, {""year"": 2019, ""works_count"": 1, ""oa_works_count"": 0, ""cited_by_count"": 5}]"
https://openalex.org/A5018416139,Olga Liskin,2016,FSE,5,2,SS→DOI→OA,19,397,9,9,0.0,2011,"[{""year"": 2011, ""works_count"": 2, ""oa_works_count"": 0, ""cited_by_count"": 23}, {""year"": 2012, ""works_count"": 2, ""oa_works_count"": 0, ""cited_by_count"": 10}, {""year"": 2013, ""works_count"": 3, ""oa_works_count"": 0, ""cited_by_count"": 93}, {""year"": 2014, ""works_count"": 4, ""oa_works_count"": 1, ""cited_by_count"": 82}, {""year"": 2015, ""works_count"": 5, ""oa_works_count"": 0, ""cited_by_count"": 78}, {""year"": 2016, ""works_count"": 2, ""oa_works_count"": 0, ""cited_by_count"": 111}, {""year"": 2017, ""works_count"": 1, ""oa_works_count"": 0, ""cited_by_count"": 0}]"
https://openalex.org/A5047536715,Austin Z. Henley,2016,FSE,2,2,SS→DOI→OA,55,778,12,17,11.789473684210526,2014,"[{""year"": 2014, ""works_count"": 3, ""oa_works_count"": 0, ""cited_by_count"": 48}, {""year"": 2015, ""works_count"": 1, ""oa_works_count"": 0, ""cited_by_count"": 38}, {""year"": 2016, ""works_count"": 4, ""oa_works_count"": 1, ""cited_by_count"": 50}, {""year"": 2017, ""works_count"": 2, ""oa_works_count"": 1, ""cited_by_count"": 14}, {""year"": 2018, ""works_count"": 2, ""oa_works_count"": 1, ""cited_by_count"": 17}, {""year"": 2019, ""works_count"": 1, ""oa_works_count"": 0, ""cited_by_count"": 3}, {""year"": 2020, ""works_count"": 4, ""oa_works_count"": 2, ""cited_by_count"": 170}, {""year"": 2021, ""works_count"": 3, ""oa_works_count"": 2, ""cited_by_count"": 3}, {""year"": 2022, ""works_count"": 8, ""oa_works_count"": 5, ""cited_by_count"": 63}, {""year"": 2023, ""works_count"": 8, ""oa_works_count"": 3, ""cited_by_count"": 148}, {""year"": 2024, ""works_count"": 11, ""oa_works_count"": 9, ""cited_by_count"": 210}, {""year"": 2025, ""works_count"": 5, ""oa_works_count"": 2, ""cited_by_count"": 14}, {""year"": 2026, ""works_count"": 3, ""oa_works_count"": 2, ""cited_by_count"": 0}]"
https://openalex.org/A5002742929,Tahmid Nabi,2016,FSE,1,3,SS→DOI→OA,4,50,3,1,0.0,2015,"[{""year"": 2015, ""works_count"": 1, ""oa_works_count"": 0, ""cited_by_count"": 5}, {""year"": 2016, ""works_count"": 3, ""oa_works_count"": 1, ""cited_by_count"": 45}]"
https://openalex.org/A5101822967,Danilo Silva,2016,FSE,2,1,SS→DOI→OA,13,614,7,6,0.0,2014,"[{""year"": 2014, ""works_count"": 2, ""oa_works_count"": 1, ""cited_by_count"": 71}, {""year"": 2015, ""works_count"": 3, ""oa_works_count"": 1, ""cited_by_count"": 15}, {""year"": 2016, ""works_count"": 1, ""oa_works_count"": 1, ""cited_by_count"": 273}, {""year"": 2017, ""works_count"": 2, ""oa_works_count"": 1, ""cited_by_count"": 145}, {""year"": 2018, ""works_count"": 1, ""oa_works_count"": 0, ""cited_by_count"": 24}, {""year"": 2020, ""works_count"": 1, ""oa_works_count"": 0, ""cited_by_count"": 82}, {""year"": 2022, ""works_count"": 1, ""oa_works_count"": 1, ""cited_by_count"": 3}, {""year"": 2023, ""works_count"": 1, ""oa_works_count"": 1, ""cited_by_count"": 1}, {""year"": 2024, ""works_count"": 1, ""oa_works_count"": 1, ""cited_by_count"": 0}]"
https://openalex.org/A5039776447,Aäron van den Oord,2016,ICML,4,1,SS→title→OA,72,28277,39,57,3.0,2012,"[{""year"": 2012, ""works_count"": 2, ""oa_works_count"": 1, ""cited_by_count"": 22}, {""year"": 2013, ""works_count"": 2, ""oa_works_count"": 1, ""cited_by_count"": 1008}, {""year"": 2014, ""works_count"": 3, ""oa_works_count"": 2, ""cited_by_count"": 168}, {""year"": 2015, ""works_count"": 4, ""oa_works_count"": 4, ""cited_by_count"": 447}, {""year"": 2016, ""works_count"": 9, ""oa_works_count"": 9, ""cited_by_count"": 10585}, {""year"": 2017, ""works_count"": 10, ""oa_works_count"": 8, ""cited_by_count"": 5048}, {""year"": 2018, ""works_count"": 13, ""oa_works_count"": 9, ""cited_by_count"": 9125}, {""year"": 2019, ""works_count"": 10, ""oa_works_count"": 7, ""cited_by_count"": 1431}, {""year"": 2020, ""works_count"": 4, ""oa_works_count"": 3, ""cited_by_count"": 180}, {""year"": 2021, ""works_count"": 12, ""oa_works_count"": 10, ""cited_by_count"": 213}, {""year"": 2022, ""works_count"": 1, ""oa_works_count"": 0, ""cited_by_count"": 42}, {""year"": 2023, ""works_count"": 1, ""oa_works_count"": 1, ""cited_by_count"": 5}, {""year"": 2024, ""works_count"": 1, ""oa_works_count"": 1, ""cited_by_count"": 3}]"
https://openalex.org/A5041869459,Christopher De,2016,ICML,2,1,SS→title→OA,142,3619,30,62,2.0,2014,"[{""year"": 2014, ""works_count"": 2, ""oa_works_count"": 2, ""cited_by_count"": 132}, {""year"": 2015, ""works_count"": 7, ""oa_works_count"": 7, ""cited_by_count"": 386}, {""year"": 2016, ""works_count"": 20, ""oa_works_count"": 15, ""cited_by_count"": 1020}, {""year"": 2017, ""works_count"": 8, ""oa_works_count"": 5, ""cited_by_count"": 283}, {""year"": 2018, ""works_count"": 15, ""oa_works_count"": 10, ""cited_by_count"": 838}, {""year"": 2019, ""works_count"": 22, ""oa_works_count"": 14, ""cited_by_count"": 652}, {""year"": 2020, ""works_count"": 16, ""oa_works_count"": 15, ""cited_by_count"": 109}, {""year"": 2021, ""works_count"": 15, ""oa_works_count"": 11, ""cited_by_count"": 63}, {""year"": 2022, ""works_count"": 8, ""oa_works_count"": 8, ""cited_by_count"": 50}, {""year"": 2023, ""works_count"": 14, ""oa_works_count"": 13, ""cited_by_count"": 56}, {""year"": 2024, ""works_count"": 10, ""oa_works_count"": 8, ""cited_by_count"": 23}, {""year"": 2025, ""works_count"": 5, ""oa_works_count"": 5, ""cited_by_count"": 7}]"
https://openalex.org/A5030073319,Samir Hasan,2016,ICSE,2,1,SS→DOI→OA,3,129,2,1,0.0,2014,"[{""year"": 2014, ""works_count"": 1, ""oa_works_count"": 1, ""cited_by_count"": 0}, {""year"": 2016, ""works_count"": 2, ""oa_works_count"": 0, ""cited_by_count"": 129}]"
https://openalex.org/A5048404082,Zachary King,2016,ICSE,0,2,SS→DOI→OA,2,129,2,1,0.0,2016,"[{""year"": 2016, ""works_count"": 2, ""oa_works_count"": 0, ""cited_by_count"": 129}]"
https://openalex.org/A5034330109,Magnus Madsen,2016,ICSE,5,1,SS→title→OA,51,738,14,18,1.7857142857142858,2011,"[{""year"": 2011, ""works_count"": 1, ""oa_works_count"": 0, ""cited_by_count"": 117}, {""year"": 2012, ""works_count"": 1, ""oa_works_count"": 1, ""cited_by_count"": 0}, {""year"": 2013, ""works_count"": 1, ""oa_works_count"": 0, ""cited_by_count"": 110}, {""year"": 2014, ""works_count"": 2, ""oa_works_count"": 1, ""cited_by_count"": 52}, {""year"": 2015, ""works_count"": 3, ""oa_works_count"": 1, ""cited_by_count"": 109}, {""year"": 2016, ""works_count"": 3, ""oa_works_count"": 1, ""cited_by_count"": 123}, {""year"": 2017, ""works_count"": 2, ""oa_works_count"": 1, ""cited_by_count"": 35}, {""year"": 2018, ""works_count"": 4, ""oa_works_count"": 1, ""cited_by_count"": 43}, {""year"": 2020, ""works_count"": 5, ""oa_works_count"": 4, ""cited_by_count"": 47}, {""year"": 2021, ""works_count"": 1, ""oa_works_count"": 1, ""cited_by_count"": 10}, {""year"": 2022, ""works_count"": 3, ""oa_works_count"": 3, ""cited_by_count"": 18}, {""year"": 2023, ""works_count"": 11, ""oa_works_count"": 9, ""cited_by_count"": 49}, {""year"": 2024, ""works_count"": 11, ""oa_works_count"": 9, ""cited_by_count"": 24}, {""year"": 2025, ""works_count"": 3, ""oa_works_count"": 3, ""cited_by_count"": 1}]"
https://openalex.org/A5020000401,Eric F. Rizzi,2016,ICSE,2,1,SS→DOI→OA,5,49,3,2,0.0,2014,"[{""year"": 2014, ""works_count"": 1, ""oa_works_count"": 0, ""cited_by_count"": 6}, {""year"": 2015, ""works_count"": 2, ""oa_works_count"": 1, ""cited_by_count"": 2}, {""year"": 2016, ""works_count"": 1, ""oa_works_count"": 0, ""cited_by_count"": 21}, {""year"": 2018, ""works_count"": 1, ""oa_works_count"": 0, ""cited_by_count"": 20}]"
https://openalex.org/A5087342649,David Menendez,2016,ICSE,4,1,SS→DOI→OA,13,236,6,6,0.0,2012,"[{""year"": 2012, ""works_count"": 1, ""oa_works_count"": 0, ""cited_by_count"": 3}, {""year"": 2013, ""works_count"": 1, ""oa_works_count"": 0, ""cited_by_count"": 1}, {""year"": 2015, ""works_count"": 2, ""oa_works_count"": 0, ""cited_by_count"": 146}, {""year"": 2016, ""works_count"": 3, ""oa_works_count"": 2, ""cited_by_count"": 37}, {""year"": 2017, ""works_count"": 2, ""oa_works_count"": 1, ""cited_by_count"": 21}, {""year"": 2018, ""works_count"": 2, ""oa_works_count"": 1, ""cited_by_count"": 28}, {""year"": 2024, ""works_count"": 2, ""oa_works_count"": 0, ""cited_by_count"": 0}]"
https://openalex.org/A5110418524,Francesco Rigoli,2016,IJCAI,5,3,SS→title→OA,17,3822,11,11,0.0,2011,"[{""year"": 2011, ""works_count"": 2, ""oa_works_count"": 2, ""cited_by_count"": 67}, {""year"": 2012, ""works_count"": 1, ""oa_works_count"": 1, ""cited_by_count"": 22}, {""year"": 2013, ""works_count"": 2, ""oa_works_count"": 1, ""cited_by_count"": 169}, {""year"": 2015, ""works_count"": 4, ""oa_works_count"": 3, ""cited_by_count"": 1401}, {""year"": 2016, ""works_count"": 3, ""oa_works_count"": 3, ""cited_by_count"": 1842}, {""year"": 2018, ""works_count"": 1, ""oa_works_count"": 1, ""cited_by_count"": 317}, {""year"": 2022, ""works_count"": 1, ""oa_works_count"": 0, ""cited_by_count"": 1}, {""year"": 2023, ""works_count"": 2, ""oa_works_count"": 2, ""cited_by_count"": 3}, {""year"": 2025, ""works_count"": 1, ""oa_works_count"": 1, ""cited_by_count"": 0}]"
https://openalex.org/A5065675832,Bryan Hooi,2016,KDD,2,1,SS→DOI→OA,281,5641,35,76,3.717391304347826,2015,"[{""year"": 2014, ""works_count"": 1, ""oa_works_count"": 0, ""cited_by_count"": 0}, {""year"": 2015, ""works_count"": 2, ""oa_works_count"": 0, ""cited_by_count"": 92}, {""year"": 2016, ""works_count"": 7, ""oa_works_count"": 3, ""cited_by_count"": 448}, {""year"": 2017, ""works_count"": 15, ""oa_works_count"": 7, ""cited_by_count"": 425}, {""year"": 2018, ""works_count"": 9, ""oa_works_count"": 5, ""cited_by_count"": 470}, {""year"": 2019, ""works_count"": 11, ""oa_works_count"": 7, ""cited_by_count"": 401}, {""year"": 2020, ""works_count"": 24, ""oa_works_count"": 20, ""cited_by_count"": 458}, {""year"": 2021, ""works_count"": 39, ""oa_works_count"": 30, ""cited_by_count"": 1766}, {""year"": 2022, ""works_count"": 37, ""oa_works_count"": 30, ""cited_by_count"": 441}, {""year"": 2023, ""works_count"": 44, ""oa_works_count"": 36, ""cited_by_count"": 798}, {""year"": 2024, ""works_count"": 38, ""oa_works_count"": 29, ""cited_by_count"": 293}, {""year"": 2025, ""works_count"": 54, ""oa_works_count"": 49, ""cited_by_count"": 49}]"
https://openalex.org/A5030516279,Bryce Kellogg,2016,NSDI,2,1,SS→DOI→OA,25,2998,18,19,0.0,2014,"[{""year"": 2014, ""works_count"": 4, ""oa_works_count"": 2, ""cited_by_count"": 1031}, {""year"": 2015, ""works_count"": 3, ""oa_works_count"": 3, ""cited_by_count"": 257}, {""year"": 2016, ""works_count"": 4, ""oa_works_count"": 1, ""cited_by_count"": 643}, {""year"": 2017, ""works_count"": 8, ""oa_works_count"": 3, ""cited_by_count"": 901}, {""year"": 2018, ""works_count"": 2, ""oa_works_count"": 1, ""cited_by_count"": 0}, {""year"": 2019, ""works_count"": 1, ""oa_works_count"": 1, ""cited_by_count"": 96}, {""year"": 2020, ""works_count"": 3, ""oa_works_count"": 3, ""cited_by_count"": 70}]"
https://openalex.org/A5045162159,Helgi Sigurbjarnarson,2016,OSDI,2,1,SS→title→OA,7,159,3,3,0.0,2014,"[{""year"": 2014, ""works_count"": 1, ""oa_works_count"": 0, ""cited_by_count"": 1}, {""year"": 2016, ""works_count"": 2, ""oa_works_count"": 0, ""cited_by_count"": 59}, {""year"": 2017, ""works_count"": 2, ""oa_works_count"": 1, ""cited_by_count"": 75}, {""year"": 2018, ""works_count"": 1, ""oa_works_count"": 0, ""cited_by_count"": 24}, {""year"": 2020, ""works_count"": 1, ""oa_works_count"": 1, ""cited_by_count"": 0}]"
https://openalex.org/A5055964348,James Bornholt,2016,OSDI,4,2,SS→title→OA,44,1486,20,25,4.0,2012,"[{""year"": 2012, ""works_count"": 1, ""oa_works_count"": 0, ""cited_by_count"": 37}, {""year"": 2013, ""works_count"": 1, ""oa_works_count"": 0, ""cited_by_count"": 3}, {""year"": 2014, ""works_count"": 3, ""oa_works_count"": 1, ""cited_by_count"": 124}, {""year"": 2015, ""works_count"": 3, ""oa_works_count"": 1, ""cited_by_count"": 30}, {""year"": 2016, ""works_count"": 12, ""oa_works_count"": 4, ""cited_by_count"": 723}, {""year"": 2017, ""works_count"": 7, ""oa_works_count"": 3, ""cited_by_count"": 254}, {""year"": 2018, ""works_count"": 3, ""oa_works_count"": 1, ""cited_by_count"": 51}, {""year"": 2019, ""works_count"": 1, ""oa_works_count"": 1, ""cited_by_count"": 74}, {""year"": 2020, ""works_count"": 4, ""oa_works_count"": 2, ""cited_by_count"": 58}, {""year"": 2021, ""works_count"": 2, ""oa_works_count"": 1, ""cited_by_count"": 108}, {""year"": 2022, ""works_count"": 3, ""oa_works_count"": 3, ""cited_by_count"": 2}, {""year"": 2023, ""works_count"": 1, ""oa_works_count"": 0, ""cited_by_count"": 10}, {""year"": 2024, ""works_count"": 2, ""oa_works_count"": 2, ""cited_by_count"": 12}, {""year"": 2025, ""works_count"": 1, ""oa_works_count"": 0, ""cited_by_count"": 0}]"
https://openalex.org/A5013809751,Kayvan Memarian,2016,PLDI,4,1,SS→DOI→OA,23,818,12,13,2.25,2012,"[{""year"": 2012, ""works_count"": 5, ""oa_works_count"": 2, ""cited_by_count"": 384}, {""year"": 2015, ""works_count"": 1, ""oa_works_count"": 1, ""cited_by_count"": 114}, {""year"": 2016, ""works_count"": 5, ""oa_works_count"": 3, ""cited_by_count"": 154}, {""year"": 2019, ""works_count"": 4, ""oa_works_count"": 4, ""cited_by_count"": 58}, {""year"": 2021, ""works_count"": 1, ""oa_works_count"": 1, ""cited_by_count"": 74}, {""year"": 2022, ""works_count"": 2, ""oa_works_count"": 1, ""cited_by_count"": 9}, {""year"": 2023, ""works_count"": 1, ""oa_works_count"": 1, ""cited_by_count"": 16}, {""year"": 2024, ""works_count"": 1, ""oa_works_count"": 1, ""cited_by_count"": 6}, {""year"": 2025, ""works_count"": 3, ""oa_works_count"": 3, ""cited_by_count"": 3}]"
https://openalex.org/A5051217958,Justus Matthiesen,2016,PLDI,1,2,SS→DOI→OA,4,116,3,3,0.0,2015,"[{""year"": 2015, ""works_count"": 1, ""oa_works_count"": 1, ""cited_by_count"": 18}, {""year"": 2016, ""works_count"": 3, ""oa_works_count"": 2, ""cited_by_count"": 98}]"
https://openalex.org/A5081440491,James Lingard,2016,PLDI,0,3,SS→DOI→OA,3,98,2,2,0.0,2016,"[{""year"": 2016, ""works_count"": 3, ""oa_works_count"": 2, ""cited_by_count"": 98}]"
https://openalex.org/A5021229048,Alexander Spiegelman,2016,PLDI,1,1,SS→DOI→OA,85,1259,15,20,1.0909090909090908,2015,"[{""year"": 2015, ""works_count"": 5, ""oa_works_count"": 5, ""cited_by_count"": 8}, {""year"": 2016, ""works_count"": 9, ""oa_works_count"": 5, ""cited_by_count"": 212}, {""year"": 2017, ""works_count"": 8, ""oa_works_count"": 6, ""cited_by_count"": 44}, {""year"": 2018, ""works_count"": 4, ""oa_works_count"": 4, ""cited_by_count"": 28}, {""year"": 2019, ""works_count"": 15, ""oa_works_count"": 11, ""cited_by_count"": 262}, {""year"": 2020, ""works_count"": 10, ""oa_works_count"": 6, ""cited_by_count"": 149}, {""year"": 2021, ""works_count"": 7, ""oa_works_count"": 4, ""cited_by_count"": 38}, {""year"": 2022, ""works_count"": 13, ""oa_works_count"": 8, ""cited_by_count"": 450}, {""year"": 2023, ""works_count"": 3, ""oa_works_count"": 1, ""cited_by_count"": 56}, {""year"": 2024, ""works_count"": 3, ""oa_works_count"": 3, ""cited_by_count"": 4}, {""year"": 2025, ""works_count"": 5, ""oa_works_count"": 3, ""cited_by_count"": 8}, {""year"": 2026, ""works_count"": 3, ""oa_works_count"": 2, ""cited_by_count"": 0}]"
https://openalex.org/A5054069870,Guy Golan-Gueta,2016,PLDI,5,2,SS→DOI→OA,28,423,10,11,0.0,2011,"[{""year"": 2011, ""works_count"": 2, ""oa_works_count"": 0, ""cited_by_count"": 38}, {""year"": 2013, ""works_count"": 2, ""oa_works_count"": 0, ""cited_by_count"": 31}, {""year"": 2014, ""works_count"": 3, ""oa_works_count"": 0, ""cited_by_count"": 7}, {""year"": 2015, ""works_count"": 6, ""oa_works_count"": 1, ""cited_by_count"": 129}, {""year"": 2016, ""works_count"": 3, ""oa_works_count"": 0, ""cited_by_count"": 53}, {""year"": 2017, ""works_count"": 5, ""oa_works_count"": 2, ""cited_by_count"": 65}, {""year"": 2018, ""works_count"": 3, ""oa_works_count"": 2, ""cited_by_count"": 77}, {""year"": 2019, ""works_count"": 1, ""oa_works_count"": 0, ""cited_by_count"": 6}, {""year"": 2020, ""works_count"": 3, ""oa_works_count"": 1, ""cited_by_count"": 17}]"
https://openalex.org/A5014050315,Gustavo Guerra,2016,PLDI,0,2,SS→DOI→OA,4,23,2,1,0.0,2016,"[{""year"": 2016, ""works_count"": 4, ""oa_works_count"": 1, ""cited_by_count"": 23}]"
https://openalex.org/A5013744700,Nicholas Jacek,2016,PLDI,3,1,SS→DOI→OA,7,73,5,1,0.0,2013,"[{""year"": 2013, ""works_count"": 1, ""oa_works_count"": 1, ""cited_by_count"": 9}, {""year"": 2014, ""works_count"": 1, ""oa_works_count"": 1, ""cited_by_count"": 45}, {""year"": 2016, ""works_count"": 2, ""oa_works_count"": 1, ""cited_by_count"": 7}, {""year"": 2019, ""works_count"": 2, ""oa_works_count"": 1, ""cited_by_count"": 12}, {""year"": 2020, ""works_count"": 1, ""oa_works_count"": 1, ""cited_by_count"": 0}]"
https://openalex.org/A5034538466,Mahmoud Abo Khamis,2016,PODS,2,1,SS→DOI→OA,68,761,13,18,1.2105263157894737,2014,"[{""year"": 2014, ""works_count"": 3, ""oa_works_count"": 3, ""cited_by_count"": 8}, {""year"": 2015, ""works_count"": 2, ""oa_works_count"": 1, ""cited_by_count"": 38}, {""year"": 2016, ""works_count"": 5, ""oa_works_count"": 4, ""cited_by_count"": 255}, {""year"": 2017, ""works_count"": 6, ""oa_works_count"": 5, ""cited_by_count"": 112}, {""year"": 2018, ""works_count"": 3, ""oa_works_count"": 3, ""cited_by_count"": 124}, {""year"": 2019, ""works_count"": 5, ""oa_works_count"": 5, ""cited_by_count"": 91}, {""year"": 2020, ""works_count"": 11, ""oa_works_count"": 8, ""cited_by_count"": 61}, {""year"": 2021, ""works_count"": 5, ""oa_works_count"": 3, ""cited_by_count"": 11}, {""year"": 2022, ""works_count"": 5, ""oa_works_count"": 4, ""cited_by_count"": 33}, {""year"": 2023, ""works_count"": 4, ""oa_works_count"": 3, ""cited_by_count"": 5}, {""year"": 2024, ""works_count"": 7, ""oa_works_count"": 7, ""cited_by_count"": 16}, {""year"": 2025, ""works_count"": 12, ""oa_works_count"": 10, ""cited_by_count"": 7}]"
https://openalex.org/A5034738254,Deepak Vasisht,2016,SIGCOMM,2,1,SS→DOI→OA,74,2737,19,27,1.4285714285714286,2014,"[{""year"": 2014, ""works_count"": 4, ""oa_works_count"": 1, ""cited_by_count"": 615}, {""year"": 2015, ""works_count"": 5, ""oa_works_count"": 3, ""cited_by_count"": 159}, {""year"": 2016, ""works_count"": 2, ""oa_works_count"": 1, ""cited_by_count"": 779}, {""year"": 2017, ""works_count"": 4, ""oa_works_count"": 1, ""cited_by_count"": 318}, {""year"": 2018, ""works_count"": 5, ""oa_works_count"": 1, ""cited_by_count"": 278}, {""year"": 2019, ""works_count"": 4, ""oa_works_count"": 1, ""cited_by_count"": 18}, {""year"": 2020, ""works_count"": 4, ""oa_works_count"": 3, ""cited_by_count"": 241}, {""year"": 2021, ""works_count"": 5, ""oa_works_count"": 2, ""cited_by_count"": 154}, {""year"": 2022, ""works_count"": 7, ""oa_works_count"": 3, ""cited_by_count"": 89}, {""year"": 2023, ""works_count"": 13, ""oa_works_count"": 9, ""cited_by_count"": 56}, {""year"": 2024, ""works_count"": 9, ""oa_works_count"": 8, ""cited_by_count"": 30}, {""year"": 2025, ""works_count"": 12, ""oa_works_count"": 12, ""cited_by_count"": 0}]"
https://openalex.org/A5061114394,Marco Mondelli,2016,STOC,5,3,SS→title→OA,123,952,15,24,0.25806451612903225,2012,"[{""year"": 2011, ""works_count"": 1, ""oa_works_count"": 1, ""cited_by_count"": 9}, {""year"": 2012, ""works_count"": 1, ""oa_works_count"": 0, ""cited_by_count"": 8}, {""year"": 2013, ""works_count"": 3, ""oa_works_count"": 3, ""cited_by_count"": 17}, {""year"": 2014, ""works_count"": 7, ""oa_works_count"": 5, ""cited_by_count"": 264}, {""year"": 2015, ""works_count"": 4, ""oa_works_count"": 4, ""cited_by_count"": 46}, {""year"": 2016, ""works_count"": 6, ""oa_works_count"": 6, ""cited_by_count"": 53}, {""year"": 2017, ""works_count"": 6, ""oa_works_count"": 5, ""cited_by_count"": 170}, {""year"": 2018, ""works_count"": 10, ""oa_works_count"": 9, ""cited_by_count"": 166}, {""year"": 2019, ""works_count"": 5, ""oa_works_count"": 3, ""cited_by_count"": 48}, {""year"": 2020, ""works_count"": 11, ""oa_works_count"": 9, ""cited_by_count"": 48}, {""year"": 2021, ""works_count"": 12, ""oa_works_count"": 12, ""cited_by_count"": 39}, {""year"": 2022, ""works_count"": 14, ""oa_works_count"": 12, ""cited_by_count"": 33}, {""year"": 2023, ""works_count"": 12, ""oa_works_count"": 9, ""cited_by_count"": 43}, {""year"": 2024, ""works_count"": 15, ""oa_works_count"": 10, ""cited_by_count"": 4}, {""year"": 2025, ""works_count"": 11, ""oa_works_count"": 11, ""cited_by_count"": 4}, {""year"": 2026, ""works_count"": 5, ""oa_works_count"": 5, ""cited_by_count"": 0}]"
https://openalex.org/A5045073799,Eshan Chattopadhyay,2016,STOC,4,1,SS→DOI→OA,58,302,6,5,0.16666666666666666,2012,"[{""year"": 2012, ""works_count"": 2, ""oa_works_count"": 0, ""cited_by_count"": 4}, {""year"": 2014, ""works_count"": 3, ""oa_works_count"": 1, ""cited_by_count"": 87}, {""year"": 2015, ""works_count"": 1, ""oa_works_count"": 1, ""cited_by_count"": 3}, {""year"": 2016, ""works_count"": 8, ""oa_works_count"": 3, ""cited_by_count"": 103}, {""year"": 2017, ""works_count"": 2, ""oa_works_count"": 1, ""cited_by_count"": 3}, {""year"": 2018, ""works_count"": 6, ""oa_works_count"": 5, ""cited_by_count"": 9}, {""year"": 2019, ""works_count"": 4, ""oa_works_count"": 3, ""cited_by_count"": 30}, {""year"": 2020, ""works_count"": 15, ""oa_works_count"": 6, ""cited_by_count"": 51}, {""year"": 2021, ""works_count"": 2, ""oa_works_count"": 2, ""cited_by_count"": 2}, {""year"": 2022, ""works_count"": 6, ""oa_works_count"": 4, ""cited_by_count"": 9}, {""year"": 2023, ""works_count"": 3, ""oa_works_count"": 3, ""cited_by_count"": 0}, {""year"": 2024, ""works_count"": 3, ""oa_works_count"": 2, ""cited_by_count"": 1}, {""year"": 2025, ""works_count"": 3, ""oa_works_count"": 2, ""cited_by_count"": 0}]"
https://openalex.org/A5101796605,Artem Dementyev,2016,UIST,3,1,SS→DOI→OA,33,1198,15,19,2.0,2013,"[{""year"": 2013, ""works_count"": 7, ""oa_works_count"": 3, ""cited_by_count"": 339}, {""year"": 2014, ""works_count"": 2, ""oa_works_count"": 2, ""cited_by_count"": 199}, {""year"": 2015, ""works_count"": 4, ""oa_works_count"": 1, ""cited_by_count"": 204}, {""year"": 2016, ""works_count"": 3, ""oa_works_count"": 1, ""cited_by_count"": 152}, {""year"": 2017, ""works_count"": 4, ""oa_works_count"": 0, ""cited_by_count"": 153}, {""year"": 2018, ""works_count"": 2, ""oa_works_count"": 0, ""cited_by_count"": 23}, {""year"": 2019, ""works_count"": 2, ""oa_works_count"": 2, ""cited_by_count"": 23}, {""year"": 2020, ""works_count"": 3, ""oa_works_count"": 1, ""cited_by_count"": 58}, {""year"": 2021, ""works_count"": 4, ""oa_works_count"": 2, ""cited_by_count"": 37}, {""year"": 2022, ""works_count"": 1, ""oa_works_count"": 1, ""cited_by_count"": 8}, {""year"": 2024, ""works_count"": 1, ""oa_works_count"": 1, ""cited_by_count"": 2}]"
https://openalex.org/A5002723576,Hsin-Liu Kao,2016,UIST,5,2,SS→DOI→OA,78,1479,22,36,3.466666666666667,2011,"[{""year"": 2011, ""works_count"": 2, ""oa_works_count"": 0, ""cited_by_count"": 19}, {""year"": 2012, ""works_count"": 2, ""oa_works_count"": 0, ""cited_by_count"": 51}, {""year"": 2013, ""works_count"": 3, ""oa_works_count"": 0, ""cited_by_count"": 21}, {""year"": 2014, ""works_count"": 5, ""oa_works_count"": 1, ""cited_by_count"": 19}, {""year"": 2015, ""works_count"": 4, ""oa_works_count"": 1, ""cited_by_count"": 230}, {""year"": 2016, ""works_count"": 7, ""oa_works_count"": 3, ""cited_by_count"": 409}, {""year"": 2017, ""works_count"": 5, ""oa_works_count"": 2, ""cited_by_count"": 126}, {""year"": 2018, ""works_count"": 3, ""oa_works_count"": 0, ""cited_by_count"": 86}, {""year"": 2019, ""works_count"": 1, ""oa_works_count"": 0, ""cited_by_count"": 20}, {""year"": 2020, ""works_count"": 4, ""oa_works_count"": 0, ""cited_by_count"": 101}, {""year"": 2021, ""works_count"": 9, ""oa_works_count"": 2, ""cited_by_count"": 145}, {""year"": 2022, ""works_count"": 8, ""oa_works_count"": 3, ""cited_by_count"": 77}, {""year"": 2023, ""works_count"": 10, ""oa_works_count"": 2, ""cited_by_count"": 123}, {""year"": 2024, ""works_count"": 5, ""oa_works_count"": 2, ""cited_by_count"": 44}, {""year"": 2025, ""works_count"": 10, ""oa_works_count"": 7, ""cited_by_count"": 8}]"
https://openalex.org/A5041275294,Mathieu Le Goc,2016,UIST,4,1,SS→DOI→OA,23,523,9,8,0.0,2012,"[{""year"": 2012, ""works_count"": 1, ""oa_works_count"": 0, ""cited_by_count"": 19}, {""year"": 2013, ""works_count"": 1, ""oa_works_count"": 0, ""cited_by_count"": 0}, {""year"": 2014, ""works_count"": 2, ""oa_works_count"": 1, ""cited_by_count"": 38}, {""year"": 2015, ""works_count"": 4, ""oa_works_count"": 2, ""cited_by_count"": 21}, {""year"": 2016, ""works_count"": 5, ""oa_works_count"": 3, ""cited_by_count"": 258}, {""year"": 2017, ""works_count"": 5, ""oa_works_count"": 1, ""cited_by_count"": 87}, {""year"": 2018, ""works_count"": 2, ""oa_works_count"": 2, ""cited_by_count"": 61}, {""year"": 2019, ""works_count"": 1, ""oa_works_count"": 0, ""cited_by_count"": 6}, {""year"": 2022, ""works_count"": 2, ""oa_works_count"": 0, ""cited_by_count"": 33}]"
https://openalex.org/A5032788742,Ali Parsaei,2016,UIST,0,3,SS→DOI→OA,4,249,1,1,0.0,2016,"[{""year"": 2016, ""works_count"": 3, ""oa_works_count"": 1, ""cited_by_count"": 248}, {""year"": 2017, ""works_count"": 1, ""oa_works_count"": 1, ""cited_by_count"": 1}]"
https://openalex.org/A5039125132,Gierad Laput,2016,UIST,4,1,SS→DOI→OA,56,2543,26,38,1.3333333333333333,2012,"[{""year"": 2012, ""works_count"": 2, ""oa_works_count"": 0, ""cited_by_count"": 31}, {""year"": 2013, ""works_count"": 2, ""oa_works_count"": 0, ""cited_by_count"": 132}, {""year"": 2014, ""works_count"": 4, ""oa_works_count"": 0, ""cited_by_count"": 368}, {""year"": 2015, ""works_count"": 5, ""oa_works_count"": 0, ""cited_by_count"": 367}, {""year"": 2016, ""works_count"": 5, ""oa_works_count"": 0, ""cited_by_count"": 491}, {""year"": 2017, ""works_count"": 7, ""oa_works_count"": 1, ""cited_by_count"": 396}, {""year"": 2018, ""works_count"": 5, ""oa_works_count"": 0, ""cited_by_count"": 218}, {""year"": 2019, ""works_count"": 13, ""oa_works_count"": 4, ""cited_by_count"": 314}, {""year"": 2020, ""works_count"": 6, ""oa_works_count"": 4, ""cited_by_count"": 145}, {""year"": 2022, ""works_count"": 1, ""oa_works_count"": 1, ""cited_by_count"": 73}, {""year"": 2024, ""works_count"": 4, ""oa_works_count"": 4, ""cited_by_count"": 4}, {""year"": 2025, ""works_count"": 2, ""oa_works_count"": 2, ""cited_by_count"": 4}]"
https://openalex.org/A5051203366,Emma Strubell,2015,ACL,3,1,SS→DOI→OA,123,3262,21,30,9.0,2014,"[{""year"": 2012, ""works_count"": 1, ""oa_works_count"": 0, ""cited_by_count"": 0}, {""year"": 2014, ""works_count"": 2, ""oa_works_count"": 1, ""cited_by_count"": 0}, {""year"": 2015, ""works_count"": 3, ""oa_works_count"": 2, ""cited_by_count"": 16}, {""year"": 2016, ""works_count"": 2, ""oa_works_count"": 1, ""cited_by_count"": 22}, {""year"": 2017, ""works_count"": 11, ""oa_works_count"": 10, ""cited_by_count"": 314}, {""year"": 2018, ""works_count"": 9, ""oa_works_count"": 9, ""cited_by_count"": 127}, {""year"": 2019, ""works_count"": 3, ""oa_works_count"": 3, ""cited_by_count"": 434}, {""year"": 2020, ""works_count"": 2, ""oa_works_count"": 1, ""cited_by_count"": 760}, {""year"": 2021, ""works_count"": 11, ""oa_works_count"": 8, ""cited_by_count"": 369}, {""year"": 2022, ""works_count"": 17, ""oa_works_count"": 16, ""cited_by_count"": 693}, {""year"": 2023, ""works_count"": 22, ""oa_works_count"": 22, ""cited_by_count"": 167}, {""year"": 2024, ""works_count"": 20, ""oa_works_count"": 20, ""cited_by_count"": 317}, {""year"": 2025, ""works_count"": 20, ""oa_works_count"": 17, ""cited_by_count"": 43}]"
https://openalex.org/A5016501970,Luke Vilnis,2015,ACL,2,2,SS→DOI→OA,35,1971,13,15,132.5,2013,"[{""year"": 2013, ""works_count"": 1, ""oa_works_count"": 1, ""cited_by_count"": 20}, {""year"": 2014, ""works_count"": 2, ""oa_works_count"": 2, ""cited_by_count"": 156}, {""year"": 2015, ""works_count"": 5, ""oa_works_count"": 5, ""cited_by_count"": 469}, {""year"": 2016, ""works_count"": 1, ""oa_works_count"": 1, ""cited_by_count"": 341}, {""year"": 2017, ""works_count"": 9, ""oa_works_count"": 8, ""cited_by_count"": 470}, {""year"": 2018, ""works_count"": 7, ""oa_works_count"": 6, ""cited_by_count"": 203}, {""year"": 2020, ""works_count"": 3, ""oa_works_count"": 1, ""cited_by_count"": 40}, {""year"": 2021, ""works_count"": 2, ""oa_works_count"": 1, ""cited_by_count"": 5}, {""year"": 2022, ""works_count"": 2, ""oa_works_count"": 2, ""cited_by_count"": 2}, {""year"": 2023, ""works_count"": 1, ""oa_works_count"": 1, ""cited_by_count"": 0}, {""year"": 2024, ""works_count"": 2, ""oa_works_count"": 2, ""cited_by_count"": 265}]"
https://openalex.org/A5074887814,Kate Silverstein,2015,ACL,2,3,SS→DOI→OA,7,19,3,0,0.0,2013,"[{""year"": 2013, ""works_count"": 1, ""oa_works_count"": 0, ""cited_by_count"": 0}, {""year"": 2015, ""works_count"": 2, ""oa_works_count"": 2, ""cited_by_count"": 9}, {""year"": 2016, ""works_count"": 1, ""oa_works_count"": 1, ""cited_by_count"": 4}, {""year"": 2020, ""works_count"": 1, ""oa_works_count"": 1, ""cited_by_count"": 4}, {""year"": 2021, ""works_count"": 2, ""oa_works_count"": 2, ""cited_by_count"": 2}]"
https://openalex.org/A5088559756,Patrik Jonell,2015,CHI,3,2,SS→DOI→OA,48,441,10,10,0.0,2015,"[{""year"": 2012, ""works_count"": 1, ""oa_works_count"": 0, ""cited_by_count"": 0}, {""year"": 2015, ""works_count"": 4, ""oa_works_count"": 1, ""cited_by_count"": 271}, {""year"": 2017, ""works_count"": 5, ""oa_works_count"": 3, ""cited_by_count"": 19}, {""year"": 2018, ""works_count"": 3, ""oa_works_count"": 3, ""cited_by_count"": 18}, {""year"": 2019, ""works_count"": 4, ""oa_works_count"": 1, ""cited_by_count"": 21}, {""year"": 2020, ""works_count"": 22, ""oa_works_count"": 21, ""cited_by_count"": 45}, {""year"": 2021, ""works_count"": 6, ""oa_works_count"": 5, ""cited_by_count"": 67}, {""year"": 2022, ""works_count"": 3, ""oa_works_count"": 3, ""cited_by_count"": 0}]"
https://openalex.org/A5013958366,Haythem Memmi,2015,CHI,2,2,SS→DOI→OA,3,143,3,2,0.0,2013,"[{""year"": 2013, ""works_count"": 1, ""oa_works_count"": 0, ""cited_by_count"": 13}, {""year"": 2014, ""works_count"": 1, ""oa_works_count"": 0, ""cited_by_count"": 6}, {""year"": 2015, ""works_count"": 1, ""oa_works_count"": 1, ""cited_by_count"": 124}]"
https://openalex.org/A5013050933,Justin Emge,2015,CHI,1,3,SS→DOI→OA,2,130,2,1,0.0,2014,"[{""year"": 2014, ""works_count"": 1, ""oa_works_count"": 0, ""cited_by_count"": 6}, {""year"": 2015, ""works_count"": 1, ""oa_works_count"": 1, ""cited_by_count"": 124}]"
https://openalex.org/A5072922547,Aditya Vashistha,2015,CHI,5,1,SS→DOI→OA,104,1488,23,48,3.880952380952381,2010,"[{""year"": 2010, ""works_count"": 3, ""oa_works_count"": 0, ""cited_by_count"": 23}, {""year"": 2012, ""works_count"": 2, ""oa_works_count"": 0, ""cited_by_count"": 39}, {""year"": 2013, ""works_count"": 6, ""oa_works_count"": 0, ""cited_by_count"": 71}, {""year"": 2014, ""works_count"": 3, ""oa_works_count"": 0, ""cited_by_count"": 37}, {""year"": 2015, ""works_count"": 6, ""oa_works_count"": 1, ""cited_by_count"": 201}, {""year"": 2016, ""works_count"": 2, ""oa_works_count"": 0, ""cited_by_count"": 42}, {""year"": 2017, ""works_count"": 3, ""oa_works_count"": 0, ""cited_by_count"": 66}, {""year"": 2018, ""works_count"": 5, ""oa_works_count"": 1, ""cited_by_count"": 161}, {""year"": 2019, ""works_count"": 8, ""oa_works_count"": 1, ""cited_by_count"": 127}, {""year"": 2020, ""works_count"": 2, ""oa_works_count"": 0, ""cited_by_count"": 51}, {""year"": 2021, ""works_count"": 8, ""oa_works_count"": 2, ""cited_by_count"": 236}, {""year"": 2022, ""works_count"": 11, ""oa_works_count"": 3, ""cited_by_count"": 197}, {""year"": 2023, ""works_count"": 3, ""oa_works_count"": 0, ""cited_by_count"": 74}, {""year"": 2024, ""works_count"": 17, ""oa_works_count"": 14, ""cited_by_count"": 118}, {""year"": 2025, ""works_count"": 25, ""oa_works_count"": 19, ""cited_by_count"": 45}]"
https://openalex.org/A5064547400,Tawfiq Ammari,2015,CHI,2,1,SS→DOI→OA,52,1520,16,19,0.5925925925925926,2013,"[{""year"": 2013, ""works_count"": 1, ""oa_works_count"": 0, ""cited_by_count"": 24}, {""year"": 2014, ""works_count"": 1, ""oa_works_count"": 1, ""cited_by_count"": 113}, {""year"": 2015, ""works_count"": 4, ""oa_works_count"": 1, ""cited_by_count"": 445}, {""year"": 2016, ""works_count"": 2, ""oa_works_count"": 2, ""cited_by_count"": 207}, {""year"": 2017, ""works_count"": 1, ""oa_works_count"": 0, ""cited_by_count"": 36}, {""year"": 2018, ""works_count"": 4, ""oa_works_count"": 1, ""cited_by_count"": 107}, {""year"": 2019, ""works_count"": 4, ""oa_works_count"": 2, ""cited_by_count"": 436}, {""year"": 2020, ""works_count"": 2, ""oa_works_count"": 2, ""cited_by_count"": 14}, {""year"": 2021, ""works_count"": 1, ""oa_works_count"": 1, ""cited_by_count"": 35}, {""year"": 2022, ""works_count"": 1, ""oa_works_count"": 0, ""cited_by_count"": 30}, {""year"": 2023, ""works_count"": 4, ""oa_works_count"": 1, ""cited_by_count"": 57}, {""year"": 2024, ""works_count"": 4, ""oa_works_count"": 3, ""cited_by_count"": 13}, {""year"": 2025, ""works_count"": 17, ""oa_works_count"": 13, ""cited_by_count"": 3}, {""year"": 2026, ""works_count"": 6, ""oa_works_count"": 6, ""cited_by_count"": 0}]"
https://openalex.org/A5021777354,Sarita Schoenebeck,2015,CHI,2,2,SS→DOI→OA,82,5262,36,53,2.6842105263157894,2013,"[{""year"": 2013, ""works_count"": 3, ""oa_works_count"": 0, ""cited_by_count"": 210}, {""year"": 2014, ""works_count"": 3, ""oa_works_count"": 1, ""cited_by_count"": 240}, {""year"": 2015, ""works_count"": 7, ""oa_works_count"": 0, ""cited_by_count"": 1146}, {""year"": 2016, ""works_count"": 9, ""oa_works_count"": 5, ""cited_by_count"": 874}, {""year"": 2017, ""works_count"": 7, ""oa_works_count"": 2, ""cited_by_count"": 481}, {""year"": 2018, ""works_count"": 4, ""oa_works_count"": 3, ""cited_by_count"": 226}, {""year"": 2019, ""works_count"": 5, ""oa_works_count"": 3, ""cited_by_count"": 1238}, {""year"": 2020, ""works_count"": 4, ""oa_works_count"": 4, ""cited_by_count"": 217}, {""year"": 2021, ""works_count"": 10, ""oa_works_count"": 7, ""cited_by_count"": 279}, {""year"": 2022, ""works_count"": 7, ""oa_works_count"": 2, ""cited_by_count"": 181}, {""year"": 2023, ""works_count"": 4, ""oa_works_count"": 4, ""cited_by_count"": 119}, {""year"": 2024, ""works_count"": 11, ""oa_works_count"": 10, ""cited_by_count"": 33}, {""year"": 2025, ""works_count"": 8, ""oa_works_count"": 7, ""cited_by_count"": 18}]"
https://openalex.org/A5065073074,Seijin Cha,2015,CHI,0,2,SS→DOI→OA,5,65,3,2,0.0,2015,"[{""year"": 2015, ""works_count"": 3, ""oa_works_count"": 0, ""cited_by_count"": 51}, {""year"": 2016, ""works_count"": 1, ""oa_works_count"": 0, ""cited_by_count"": 13}, {""year"": 2021, ""works_count"": 1, ""oa_works_count"": 1, ""cited_by_count"": 1}]"
https://openalex.org/A5032530421,Pamela Wiśniewski,2015,CHI,4,1,SS→DOI→OA,305,5296,42,133,2.0531914893617023,2011,"[{""year"": 2011, ""works_count"": 2, ""oa_works_count"": 1, ""cited_by_count"": 1}, {""year"": 2012, ""works_count"": 3, ""oa_works_count"": 0, ""cited_by_count"": 186}, {""year"": 2013, ""works_count"": 3, ""oa_works_count"": 2, ""cited_by_count"": 16}, {""year"": 2014, ""works_count"": 5, ""oa_works_count"": 1, ""cited_by_count"": 134}, {""year"": 2015, ""works_count"": 7, ""oa_works_count"": 0, ""cited_by_count"": 518}, {""year"": 2016, ""works_count"": 10, ""oa_works_count"": 3, ""cited_by_count"": 442}, {""year"": 2017, ""works_count"": 23, ""oa_works_count"": 4, ""cited_by_count"": 561}, {""year"": 2018, ""works_count"": 24, ""oa_works_count"": 8, ""cited_by_count"": 684}, {""year"": 2019, ""works_count"": 28, ""oa_works_count"": 14, ""cited_by_count"": 480}, {""year"": 2020, ""works_count"": 21, ""oa_works_count"": 10, ""cited_by_count"": 480}, {""year"": 2021, ""works_count"": 26, ""oa_works_count"": 12, ""cited_by_count"": 582}, {""year"": 2022, ""works_count"": 36, ""oa_works_count"": 15, ""cited_by_count"": 729}, {""year"": 2023, ""works_count"": 23, ""oa_works_count"": 12, ""cited_by_count"": 290}, {""year"": 2024, ""works_count"": 48, ""oa_works_count"": 37, ""cited_by_count"": 176}, {""year"": 2025, ""works_count"": 40, ""oa_works_count"": 37, ""cited_by_count"": 17}, {""year"": 2026, ""works_count"": 6, ""oa_works_count"": 6, ""cited_by_count"": 0}]"
https://openalex.org/A5000906180,Martin Weigel,2015,CHI,5,1,SS→DOI→OA,28,1136,11,11,1.0,2010,"[{""year"": 2010, ""works_count"": 1, ""oa_works_count"": 0, ""cited_by_count"": 4}, {""year"": 2012, ""works_count"": 1, ""oa_works_count"": 1, ""cited_by_count"": 4}, {""year"": 2013, ""works_count"": 2, ""oa_works_count"": 1, ""cited_by_count"": 7}, {""year"": 2014, ""works_count"": 1, ""oa_works_count"": 0, ""cited_by_count"": 115}, {""year"": 2015, ""works_count"": 2, ""oa_works_count"": 1, ""cited_by_count"": 357}, {""year"": 2016, ""works_count"": 1, ""oa_works_count"": 0, ""cited_by_count"": 0}, {""year"": 2017, ""works_count"": 4, ""oa_works_count"": 3, ""cited_by_count"": 226}, {""year"": 2019, ""works_count"": 1, ""oa_works_count"": 0, ""cited_by_count"": 1}, {""year"": 2020, ""works_count"": 5, ""oa_works_count"": 1, ""cited_by_count"": 315}, {""year"": 2021, ""works_count"": 3, ""oa_works_count"": 3, ""cited_by_count"": 63}, {""year"": 2022, ""works_count"": 3, ""oa_works_count"": 1, ""cited_by_count"": 36}, {""year"": 2023, ""works_count"": 1, ""oa_works_count"": 0, ""cited_by_count"": 5}, {""year"": 2024, ""works_count"": 1, ""oa_works_count"": 0, ""cited_by_count"": 2}, {""year"": 2025, ""works_count"": 1, ""oa_works_count"": 0, ""cited_by_count"": 0}, {""year"": 2026, ""works_count"": 1, ""oa_works_count"": 0, ""cited_by_count"": 1}]"
https://openalex.org/A5103414046,Tong Lu,2015,CHI,2,2,SS→DOI→OA,20,1256,10,10,1.0,2013,"[{""year"": 2013, ""works_count"": 3, ""oa_works_count"": 0, ""cited_by_count"": 346}, {""year"": 2014, ""works_count"": 1, ""oa_works_count"": 0, ""cited_by_count"": 207}, {""year"": 2015, ""works_count"": 2, ""oa_works_count"": 0, ""cited_by_count"": 439}, {""year"": 2016, ""works_count"": 1, ""oa_works_count"": 1, ""cited_by_count"": 1}, {""year"": 2017, ""works_count"": 3, ""oa_works_count"": 1, ""cited_by_count"": 163}, {""year"": 2018, ""works_count"": 2, ""oa_works_count"": 1, ""cited_by_count"": 98}, {""year"": 2019, ""works_count"": 2, ""oa_works_count"": 2, ""cited_by_count"": 0}, {""year"": 2021, ""works_count"": 3, ""oa_works_count"": 3, ""cited_by_count"": 0}, {""year"": 2023, ""works_count"": 1, ""oa_works_count"": 0, ""cited_by_count"": 0}, {""year"": 2024, ""works_count"": 1, ""oa_works_count"": 0, ""cited_by_count"": 2}, {""year"": 2025, ""works_count"": 1, ""oa_works_count"": 0, ""cited_by_count"": 0}]"
https://openalex.org/A5087981305,Heather Faucett,2015,CHI,1,2,SS→DOI→OA,9,500,9,8,0.0,2014,"[{""year"": 2014, ""works_count"": 1, ""oa_works_count"": 0, ""cited_by_count"": 50}, {""year"": 2015, ""works_count"": 2, ""oa_works_count"": 0, ""cited_by_count"": 102}, {""year"": 2016, ""works_count"": 2, ""oa_works_count"": 1, ""cited_by_count"": 134}, {""year"": 2017, ""works_count"": 4, ""oa_works_count"": 0, ""cited_by_count"": 214}]"
https://openalex.org/A5017750168,Eric Brockmeyer,2015,CHI,3,2,SS→DOI→OA,15,955,10,10,0.0,2012,"[{""year"": 2012, ""works_count"": 1, ""oa_works_count"": 0, ""cited_by_count"": 303}, {""year"": 2013, ""works_count"": 2, ""oa_works_count"": 0, ""cited_by_count"": 72}, {""year"": 2014, ""works_count"": 4, ""oa_works_count"": 0, ""cited_by_count"": 90}, {""year"": 2015, ""works_count"": 5, ""oa_works_count"": 0, ""cited_by_count"": 284}, {""year"": 2016, ""works_count"": 1, ""oa_works_count"": 0, ""cited_by_count"": 119}, {""year"": 2017, ""works_count"": 1, ""oa_works_count"": 0, ""cited_by_count"": 38}, {""year"": 2022, ""works_count"": 1, ""oa_works_count"": 1, ""cited_by_count"": 49}]"
https://openalex.org/A5064398083,Abdullah Ali,2015,CHI,0,3,SS→DOI→OA,25,638,13,14,0.0,2015,"[{""year"": 2015, ""works_count"": 5, ""oa_works_count"": 1, ""cited_by_count"": 232}, {""year"": 2016, ""works_count"": 3, ""oa_works_count"": 1, ""cited_by_count"": 91}, {""year"": 2017, ""works_count"": 4, ""oa_works_count"": 0, ""cited_by_count"": 3}, {""year"": 2018, ""works_count"": 6, ""oa_works_count"": 2, ""cited_by_count"": 173}, {""year"": 2019, ""works_count"": 1, ""oa_works_count"": 0, ""cited_by_count"": 38}, {""year"": 2020, ""works_count"": 2, ""oa_works_count"": 2, ""cited_by_count"": 69}, {""year"": 2021, ""works_count"": 3, ""oa_works_count"": 0, ""cited_by_count"": 32}, {""year"": 2024, ""works_count"": 1, ""oa_works_count"": 1, ""cited_by_count"": 0}]"
https://openalex.org/A5064335088,Alan R. Andrade,2015,CHI,0,2,SS→DOI→OA,5,163,4,4,0.0,2015,"[{""year"": 2015, ""works_count"": 1, ""oa_works_count"": 1, ""cited_by_count"": 30}, {""year"": 2016, ""works_count"": 1, ""oa_works_count"": 0, ""cited_by_count"": 28}, {""year"": 2017, ""works_count"": 2, ""oa_works_count"": 1, ""cited_by_count"": 45}, {""year"": 2019, ""works_count"": 1, ""oa_works_count"": 0, ""cited_by_count"": 60}]"
https://openalex.org/A5023724965,Ross Teviotdale,2015,CHI,0,3,SS→DOI→OA,3,65,3,3,0.0,2015,"[{""year"": 2015, ""works_count"": 1, ""oa_works_count"": 1, ""cited_by_count"": 30}, {""year"": 2020, ""works_count"": 1, ""oa_works_count"": 1, ""cited_by_count"": 22}, {""year"": 2023, ""works_count"": 1, ""oa_works_count"": 1, ""cited_by_count"": 13}]"
https://openalex.org/A5019276791,Kateryna Tymoshenko,2015,CIKM,5,1,SS→DOI→OA,26,441,12,15,0.0,2010,"[{""year"": 2010, ""works_count"": 6, ""oa_works_count"": 1, ""cited_by_count"": 97}, {""year"": 2012, ""works_count"": 4, ""oa_works_count"": 3, ""cited_by_count"": 44}, {""year"": 2014, ""works_count"": 2, ""oa_works_count"": 2, ""cited_by_count"": 18}, {""year"": 2015, ""works_count"": 2, ""oa_works_count"": 1, ""cited_by_count"": 67}, {""year"": 2016, ""works_count"": 4, ""oa_works_count"": 4, ""cited_by_count"": 136}, {""year"": 2017, ""works_count"": 3, ""oa_works_count"": 2, ""cited_by_count"": 26}, {""year"": 2018, ""works_count"": 2, ""oa_works_count"": 1, ""cited_by_count"": 38}, {""year"": 2019, ""works_count"": 1, ""oa_works_count"": 1, ""cited_by_count"": 4}, {""year"": 2021, ""works_count"": 2, ""oa_works_count"": 1, ""cited_by_count"": 11}]"
https://openalex.org/A5001563585,Reza Matinnejad,2015,FSE,4,1,SS→DOI→OA,12,399,10,10,0.0,2011,"[{""year"": 2011, ""works_count"": 1, ""oa_works_count"": 0, ""cited_by_count"": 28}, {""year"": 2012, ""works_count"": 1, ""oa_works_count"": 1, ""cited_by_count"": 17}, {""year"": 2013, ""works_count"": 1, ""oa_works_count"": 0, ""cited_by_count"": 28}, {""year"": 2014, ""works_count"": 3, ""oa_works_count"": 3, ""cited_by_count"": 89}, {""year"": 2015, ""works_count"": 1, ""oa_works_count"": 1, ""cited_by_count"": 30}, {""year"": 2016, ""works_count"": 3, ""oa_works_count"": 3, ""cited_by_count"": 95}, {""year"": 2017, ""works_count"": 1, ""oa_works_count"": 1, ""cited_by_count"": 30}, {""year"": 2018, ""works_count"": 1, ""oa_works_count"": 1, ""cited_by_count"": 82}]"
https://openalex.org/A5039301553,Liang Gong,2015,FSE,4,3,SS→DOI→OA,40,1347,15,20,0.0,2011,"[{""year"": 2011, ""works_count"": 1, ""oa_works_count"": 0, ""cited_by_count"": 333}, {""year"": 2012, ""works_count"": 2, ""oa_works_count"": 0, ""cited_by_count"": 74}, {""year"": 2013, ""works_count"": 6, ""oa_works_count"": 0, ""cited_by_count"": 295}, {""year"": 2014, ""works_count"": 7, ""oa_works_count"": 1, ""cited_by_count"": 63}, {""year"": 2015, ""works_count"": 6, ""oa_works_count"": 0, ""cited_by_count"": 259}, {""year"": 2016, ""works_count"": 1, ""oa_works_count"": 1, ""cited_by_count"": 66}, {""year"": 2017, ""works_count"": 3, ""oa_works_count"": 1, ""cited_by_count"": 94}, {""year"": 2018, ""works_count"": 3, ""oa_works_count"": 1, ""cited_by_count"": 9}, {""year"": 2019, ""works_count"": 6, ""oa_works_count"": 2, ""cited_by_count"": 86}, {""year"": 2020, ""works_count"": 4, ""oa_works_count"": 1, ""cited_by_count"": 45}, {""year"": 2021, ""works_count"": 1, ""oa_works_count"": 1, ""cited_by_count"": 23}]"
https://openalex.org/A5069439324,Mario Linares‐Vásquez,2015,FSE,4,1,SS→DOI→OA,138,4844,39,74,1.0555555555555556,2011,"[{""year"": 2011, ""works_count"": 1, ""oa_works_count"": 0, ""cited_by_count"": 60}, {""year"": 2012, ""works_count"": 3, ""oa_works_count"": 0, ""cited_by_count"": 216}, {""year"": 2013, ""works_count"": 5, ""oa_works_count"": 1, ""cited_by_count"": 440}, {""year"": 2014, ""works_count"": 9, ""oa_works_count"": 1, ""cited_by_count"": 904}, {""year"": 2015, ""works_count"": 18, ""oa_works_count"": 1, ""cited_by_count"": 1087}, {""year"": 2016, ""works_count"": 8, ""oa_works_count"": 1, ""cited_by_count"": 283}, {""year"": 2017, ""works_count"": 12, ""oa_works_count"": 3, ""cited_by_count"": 853}, {""year"": 2018, ""works_count"": 9, ""oa_works_count"": 3, ""cited_by_count"": 198}, {""year"": 2019, ""works_count"": 12, ""oa_works_count"": 1, ""cited_by_count"": 440}, {""year"": 2020, ""works_count"": 14, ""oa_works_count"": 5, ""cited_by_count"": 244}, {""year"": 2021, ""works_count"": 5, ""oa_works_count"": 2, ""cited_by_count"": 2}, {""year"": 2022, ""works_count"": 14, ""oa_works_count"": 9, ""cited_by_count"": 69}, {""year"": 2023, ""works_count"": 10, ""oa_works_count"": 7, ""cited_by_count"": 29}, {""year"": 2024, ""works_count"": 10, ""oa_works_count"": 6, ""cited_by_count"": 18}, {""year"": 2025, ""works_count"": 8, ""oa_works_count"": 4, ""cited_by_count"": 1}]"
https://openalex.org/A5056526226,Gabriele Bavota,2015,FSE,5,2,SS→DOI→OA,337,11980,63,158,3.156862745098039,2010,"[{""year"": 2010, ""works_count"": 4, ""oa_works_count"": 0, ""cited_by_count"": 282}, {""year"": 2011, ""works_count"": 6, ""oa_works_count"": 0, ""cited_by_count"": 126}, {""year"": 2012, ""works_count"": 13, ""oa_works_count"": 0, ""cited_by_count"": 671}, {""year"": 2013, ""works_count"": 17, ""oa_works_count"": 0, ""cited_by_count"": 1146}, {""year"": 2014, ""works_count"": 27, ""oa_works_count"": 8, ""cited_by_count"": 2225}, {""year"": 2015, ""works_count"": 19, ""oa_works_count"": 3, ""cited_by_count"": 1258}, {""year"": 2016, ""works_count"": 16, ""oa_works_count"": 4, ""cited_by_count"": 1110}, {""year"": 2017, ""works_count"": 27, ""oa_works_count"": 6, ""cited_by_count"": 1705}, {""year"": 2018, ""works_count"": 18, ""oa_works_count"": 7, ""cited_by_count"": 836}, {""year"": 2019, ""works_count"": 23, ""oa_works_count"": 8, ""cited_by_count"": 879}, {""year"": 2020, ""works_count"": 20, ""oa_works_count"": 10, ""cited_by_count"": 541}, {""year"": 2021, ""works_count"": 34, ""oa_works_count"": 20, ""cited_by_count"": 282}, {""year"": 2022, ""works_count"": 36, ""oa_works_count"": 28, ""cited_by_count"": 530}, {""year"": 2023, ""works_count"": 26, ""oa_works_count"": 17, ""cited_by_count"": 228}, {""year"": 2024, ""works_count"": 26, ""oa_works_count"": 19, ""cited_by_count"": 146}, {""year"": 2025, ""works_count"": 20, ""oa_works_count"": 11, ""cited_by_count"": 15}, {""year"": 2026, ""works_count"": 5, ""oa_works_count"": 5, ""cited_by_count"": 0}]"
https://openalex.org/A5016486642,Carlos Eduardo Bernal Cárdenas,2015,FSE,0,3,SS→DOI→OA,1,83,1,1,0.0,2015,"[{""year"": 2015, ""works_count"": 1, ""oa_works_count"": 0, ""cited_by_count"": 83}]"
https://openalex.org/A5002052018,Ravi Mangal,2015,FSE,1,1,SS→DOI→OA,48,346,9,7,1.4375,2014,"[{""year"": 2014, ""works_count"": 6, ""oa_works_count"": 0, ""cited_by_count"": 160}, {""year"": 2015, ""works_count"": 3, ""oa_works_count"": 0, ""cited_by_count"": 78}, {""year"": 2016, ""works_count"": 5, ""oa_works_count"": 3, ""cited_by_count"": 30}, {""year"": 2018, ""works_count"": 2, ""oa_works_count"": 1, ""cited_by_count"": 1}, {""year"": 2019, ""works_count"": 1, ""oa_works_count"": 1, ""cited_by_count"": 5}, {""year"": 2020, ""works_count"": 1, ""oa_works_count"": 0, ""cited_by_count"": 7}, {""year"": 2021, ""works_count"": 2, ""oa_works_count"": 2, ""cited_by_count"": 3}, {""year"": 2022, ""works_count"": 4, ""oa_works_count"": 2, ""cited_by_count"": 8}, {""year"": 2023, ""works_count"": 8, ""oa_works_count"": 7, ""cited_by_count"": 31}, {""year"": 2024, ""works_count"": 6, ""oa_works_count"": 4, ""cited_by_count"": 22}, {""year"": 2025, ""works_count"": 10, ""oa_works_count"": 6, ""cited_by_count"": 1}]"
https://openalex.org/A5090520110,Farnaz Behrang,2015,FSE,4,1,SS→DOI→OA,17,326,9,9,0.0,2011,"[{""year"": 2011, ""works_count"": 1, ""oa_works_count"": 0, ""cited_by_count"": 1}, {""year"": 2013, ""works_count"": 2, ""oa_works_count"": 0, ""cited_by_count"": 54}, {""year"": 2014, ""works_count"": 2, ""oa_works_count"": 0, ""cited_by_count"": 8}, {""year"": 2015, ""works_count"": 1, ""oa_works_count"": 0, ""cited_by_count"": 30}, {""year"": 2016, ""works_count"": 1, ""oa_works_count"": 1, ""cited_by_count"": 50}, {""year"": 2018, ""works_count"": 4, ""oa_works_count"": 2, ""cited_by_count"": 98}, {""year"": 2019, ""works_count"": 2, ""oa_works_count"": 0, ""cited_by_count"": 70}, {""year"": 2020, ""works_count"": 2, ""oa_works_count"": 2, ""cited_by_count"": 15}, {""year"": 2025, ""works_count"": 2, ""oa_works_count"": 1, ""cited_by_count"": 0}]"
https://openalex.org/A5016750744,Janet Siegmund,2015,ICSE,3,1,SS→title→OA,68,1918,24,32,1.1111111111111112,2012,"[{""year"": 2012, ""works_count"": 4, ""oa_works_count"": 1, ""cited_by_count"": 61}, {""year"": 2013, ""works_count"": 7, ""oa_works_count"": 3, ""cited_by_count"": 205}, {""year"": 2014, ""works_count"": 8, ""oa_works_count"": 2, ""cited_by_count"": 346}, {""year"": 2015, ""works_count"": 5, ""oa_works_count"": 2, ""cited_by_count"": 265}, {""year"": 2016, ""works_count"": 8, ""oa_works_count"": 0, ""cited_by_count"": 201}, {""year"": 2017, ""works_count"": 6, ""oa_works_count"": 0, ""cited_by_count"": 321}, {""year"": 2018, ""works_count"": 9, ""oa_works_count"": 1, ""cited_by_count"": 219}, {""year"": 2019, ""works_count"": 4, ""oa_works_count"": 1, ""cited_by_count"": 42}, {""year"": 2020, ""works_count"": 6, ""oa_works_count"": 2, ""cited_by_count"": 185}, {""year"": 2021, ""works_count"": 2, ""oa_works_count"": 0, ""cited_by_count"": 63}, {""year"": 2024, ""works_count"": 4, ""oa_works_count"": 3, ""cited_by_count"": 10}, {""year"": 2025, ""works_count"": 5, ""oa_works_count"": 3, ""cited_by_count"": 0}]"
https://openalex.org/A5021806319,Michael Waterman,2015,ICSE,3,1,SS→DOI→OA,9,118,6,6,0.0,2012,"[{""year"": 2012, ""works_count"": 1, ""oa_works_count"": 0, ""cited_by_count"": 16}, {""year"": 2013, ""works_count"": 2, ""oa_works_count"": 0, ""cited_by_count"": 12}, {""year"": 2014, ""works_count"": 2, ""oa_works_count"": 1, ""cited_by_count"": 23}, {""year"": 2015, ""works_count"": 2, ""oa_works_count"": 1, ""cited_by_count"": 43}, {""year"": 2018, ""works_count"": 2, ""oa_works_count"": 0, ""cited_by_count"": 24}]"
https://openalex.org/A5077191191,Abram L. Friesen,2015,IJCAI,5,1,SS→title→OA,23,313,9,9,0.0,2010,"[{""year"": 2010, ""works_count"": 2, ""oa_works_count"": 0, ""cited_by_count"": 134}, {""year"": 2011, ""works_count"": 2, ""oa_works_count"": 1, ""cited_by_count"": 11}, {""year"": 2012, ""works_count"": 1, ""oa_works_count"": 0, ""cited_by_count"": 26}, {""year"": 2015, ""works_count"": 2, ""oa_works_count"": 1, ""cited_by_count"": 13}, {""year"": 2016, ""works_count"": 2, ""oa_works_count"": 2, ""cited_by_count"": 35}, {""year"": 2017, ""works_count"": 4, ""oa_works_count"": 3, ""cited_by_count"": 21}, {""year"": 2018, ""works_count"": 1, ""oa_works_count"": 0, ""cited_by_count"": 4}, {""year"": 2019, ""works_count"": 1, ""oa_works_count"": 1, ""cited_by_count"": 8}, {""year"": 2020, ""works_count"": 1, ""oa_works_count"": 1, ""cited_by_count"": 15}, {""year"": 2021, ""works_count"": 3, ""oa_works_count"": 3, ""cited_by_count"": 26}, {""year"": 2022, ""works_count"": 3, ""oa_works_count"": 3, ""cited_by_count"": 20}, {""year"": 2023, ""works_count"": 1, ""oa_works_count"": 1, ""cited_by_count"": 0}]"
https://openalex.org/A5050433159,Kirthevasan Kandasamy,2015,IJCAI,3,1,SS→title→OA,72,1843,20,30,0.25,2012,"[{""year"": 2012, ""works_count"": 1, ""oa_works_count"": 0, ""cited_by_count"": 1}, {""year"": 2014, ""works_count"": 3, ""oa_works_count"": 3, ""cited_by_count"": 56}, {""year"": 2015, ""works_count"": 5, ""oa_works_count"": 2, ""cited_by_count"": 252}, {""year"": 2016, ""works_count"": 8, ""oa_works_count"": 5, ""cited_by_count"": 187}, {""year"": 2017, ""works_count"": 4, ""oa_works_count"": 4, ""cited_by_count"": 140}, {""year"": 2018, ""works_count"": 9, ""oa_works_count"": 6, ""cited_by_count"": 711}, {""year"": 2019, ""works_count"": 13, ""oa_works_count"": 9, ""cited_by_count"": 287}, {""year"": 2020, ""works_count"": 7, ""oa_works_count"": 6, ""cited_by_count"": 175}, {""year"": 2021, ""works_count"": 6, ""oa_works_count"": 5, ""cited_by_count"": 31}, {""year"": 2023, ""works_count"": 4, ""oa_works_count"": 3, ""cited_by_count"": 0}, {""year"": 2024, ""works_count"": 7, ""oa_works_count"": 4, ""cited_by_count"": 3}, {""year"": 2025, ""works_count"": 5, ""oa_works_count"": 5, ""cited_by_count"": 0}]"
https://openalex.org/A5045181694,Xiaohan Kang,2015,INFOCOM,5,3,SS→title→OA,29,346,8,8,0.0,2010,"[{""year"": 2010, ""works_count"": 1, ""oa_works_count"": 1, ""cited_by_count"": 2}, {""year"": 2012, ""works_count"": 2, ""oa_works_count"": 0, ""cited_by_count"": 2}, {""year"": 2013, ""works_count"": 3, ""oa_works_count"": 1, ""cited_by_count"": 36}, {""year"": 2014, ""works_count"": 1, ""oa_works_count"": 0, ""cited_by_count"": 25}, {""year"": 2015, ""works_count"": 4, ""oa_works_count"": 0, ""cited_by_count"": 87}, {""year"": 2017, ""works_count"": 1, ""oa_works_count"": 0, ""cited_by_count"": 103}, {""year"": 2019, ""works_count"": 7, ""oa_works_count"": 5, ""cited_by_count"": 46}, {""year"": 2020, ""works_count"": 2, ""oa_works_count"": 2, ""cited_by_count"": 15}, {""year"": 2021, ""works_count"": 2, ""oa_works_count"": 1, ""cited_by_count"": 6}, {""year"": 2022, ""works_count"": 2, ""oa_works_count"": 1, ""cited_by_count"": 1}, {""year"": 2023, ""works_count"": 2, ""oa_works_count"": 0, ""cited_by_count"": 23}, {""year"": 2025, ""works_count"": 2, ""oa_works_count"": 2, ""cited_by_count"": 0}]"
https://openalex.org/A5038820344,Salma Elmalaki,2015,MOBICOM,2,1,SS→DOI→OA,36,207,8,7,1.4,2013,"[{""year"": 2013, ""works_count"": 1, ""oa_works_count"": 0, ""cited_by_count"": 23}, {""year"": 2014, ""works_count"": 2, ""oa_works_count"": 1, ""cited_by_count"": 8}, {""year"": 2015, ""works_count"": 1, ""oa_works_count"": 1, ""cited_by_count"": 47}, {""year"": 2016, ""works_count"": 1, ""oa_works_count"": 0, ""cited_by_count"": 2}, {""year"": 2018, ""works_count"": 3, ""oa_works_count"": 3, ""cited_by_count"": 30}, {""year"": 2019, ""works_count"": 1, ""oa_works_count"": 1, ""cited_by_count"": 14}, {""year"": 2021, ""works_count"": 3, ""oa_works_count"": 2, ""cited_by_count"": 26}, {""year"": 2022, ""works_count"": 2, ""oa_works_count"": 1, ""cited_by_count"": 6}, {""year"": 2023, ""works_count"": 7, ""oa_works_count"": 7, ""cited_by_count"": 30}, {""year"": 2024, ""works_count"": 7, ""oa_works_count"": 4, ""cited_by_count"": 19}, {""year"": 2025, ""works_count"": 8, ""oa_works_count"": 8, ""cited_by_count"": 2}]"
https://openalex.org/A5103890688,Ananda Theertha Suresh,2015,NeurIPS,5,2,GS→title→OA,135,6655,29,46,0.5333333333333333,2010,"[{""year"": 2010, ""works_count"": 3, ""oa_works_count"": 1, ""cited_by_count"": 76}, {""year"": 2012, ""works_count"": 2, ""oa_works_count"": 0, ""cited_by_count"": 39}, {""year"": 2013, ""works_count"": 4, ""oa_works_count"": 0, ""cited_by_count"": 45}, {""year"": 2014, ""works_count"": 8, ""oa_works_count"": 2, ""cited_by_count"": 135}, {""year"": 2015, ""works_count"": 9, ""oa_works_count"": 7, ""cited_by_count"": 127}, {""year"": 2016, ""works_count"": 11, ""oa_works_count"": 9, ""cited_by_count"": 3456}, {""year"": 2017, ""works_count"": 11, ""oa_works_count"": 5, ""cited_by_count"": 210}, {""year"": 2018, ""works_count"": 3, ""oa_works_count"": 1, ""cited_by_count"": 358}, {""year"": 2019, ""works_count"": 16, ""oa_works_count"": 13, ""cited_by_count"": 1236}, {""year"": 2020, ""works_count"": 16, ""oa_works_count"": 14, ""cited_by_count"": 545}, {""year"": 2021, ""works_count"": 20, ""oa_works_count"": 12, ""cited_by_count"": 393}, {""year"": 2022, ""works_count"": 7, ""oa_works_count"": 7, ""cited_by_count"": 15}, {""year"": 2023, ""works_count"": 10, ""oa_works_count"": 8, ""cited_by_count"": 12}, {""year"": 2024, ""works_count"": 11, ""oa_works_count"": 8, ""cited_by_count"": 8}, {""year"": 2025, ""works_count"": 4, ""oa_works_count"": 3, ""cited_by_count"": 0}]"
https://openalex.org/A5022031348,Pavel Panchekha,2015,PLDI,2,1,SS→DOI→OA,76,1044,14,17,0.20588235294117646,2013,"[{""year"": 2013, ""works_count"": 2, ""oa_works_count"": 1, ""cited_by_count"": 0}, {""year"": 2014, ""works_count"": 2, ""oa_works_count"": 0, ""cited_by_count"": 119}, {""year"": 2015, ""works_count"": 4, ""oa_works_count"": 2, ""cited_by_count"": 549}, {""year"": 2016, ""works_count"": 3, ""oa_works_count"": 0, ""cited_by_count"": 40}, {""year"": 2017, ""works_count"": 2, ""oa_works_count"": 1, ""cited_by_count"": 65}, {""year"": 2018, ""works_count"": 8, ""oa_works_count"": 3, ""cited_by_count"": 169}, {""year"": 2019, ""works_count"": 2, ""oa_works_count"": 1, ""cited_by_count"": 18}, {""year"": 2020, ""works_count"": 5, ""oa_works_count"": 2, ""cited_by_count"": 41}, {""year"": 2021, ""works_count"": 4, ""oa_works_count"": 2, ""cited_by_count"": 21}, {""year"": 2022, ""works_count"": 6, ""oa_works_count"": 6, ""cited_by_count"": 12}, {""year"": 2023, ""works_count"": 4, ""oa_works_count"": 3, ""cited_by_count"": 3}, {""year"": 2024, ""works_count"": 28, ""oa_works_count"": 5, ""cited_by_count"": 6}, {""year"": 2025, ""works_count"": 6, ""oa_works_count"": 4, ""cited_by_count"": 1}]"
https://openalex.org/A5088457102,Alex Sanchez-Stern,2015,PLDI,0,2,SS→DOI→OA,18,370,8,6,1.25,2015,"[{""year"": 2015, ""works_count"": 2, ""oa_works_count"": 0, ""cited_by_count"": 234}, {""year"": 2017, ""works_count"": 1, ""oa_works_count"": 1, ""cited_by_count"": 9}, {""year"": 2018, ""works_count"": 3, ""oa_works_count"": 0, ""cited_by_count"": 72}, {""year"": 2020, ""works_count"": 2, ""oa_works_count"": 2, ""cited_by_count"": 13}, {""year"": 2021, ""works_count"": 2, ""oa_works_count"": 1, ""cited_by_count"": 1}, {""year"": 2022, ""works_count"": 2, ""oa_works_count"": 2, ""cited_by_count"": 9}, {""year"": 2023, ""works_count"": 2, ""oa_works_count"": 1, ""cited_by_count"": 27}, {""year"": 2024, ""works_count"": 2, ""oa_works_count"": 2, ""cited_by_count"": 0}, {""year"": 2025, ""works_count"": 2, ""oa_works_count"": 0, ""cited_by_count"": 5}]"
https://openalex.org/A5008206932,Tom J. Ameloot,2015,PODS,4,1,SS→title→OA,26,178,9,7,0.0,2011,"[{""year"": 2011, ""works_count"": 1, ""oa_works_count"": 0, ""cited_by_count"": 6}, {""year"": 2012, ""works_count"": 2, ""oa_works_count"": 1, ""cited_by_count"": 18}, {""year"": 2013, ""works_count"": 4, ""oa_works_count"": 3, ""cited_by_count"": 46}, {""year"": 2014, ""works_count"": 5, ""oa_works_count"": 3, ""cited_by_count"": 39}, {""year"": 2015, ""works_count"": 8, ""oa_works_count"": 4, ""cited_by_count"": 39}, {""year"": 2016, ""works_count"": 3, ""oa_works_count"": 3, ""cited_by_count"": 9}, {""year"": 2017, ""works_count"": 3, ""oa_works_count"": 1, ""cited_by_count"": 21}]"
https://openalex.org/A5061584053,Gaetano Geck,2015,PODS,2,2,SS→title→OA,14,48,5,1,0.0,2014,"[{""year"": 2013, ""works_count"": 1, ""oa_works_count"": 1, ""cited_by_count"": 0}, {""year"": 2014, ""works_count"": 1, ""oa_works_count"": 1, ""cited_by_count"": 1}, {""year"": 2015, ""works_count"": 2, ""oa_works_count"": 1, ""cited_by_count"": 10}, {""year"": 2016, ""works_count"": 1, ""oa_works_count"": 1, ""cited_by_count"": 9}, {""year"": 2017, ""works_count"": 2, ""oa_works_count"": 1, ""cited_by_count"": 17}, {""year"": 2019, ""works_count"": 2, ""oa_works_count"": 1, ""cited_by_count"": 9}, {""year"": 2020, ""works_count"": 1, ""oa_works_count"": 1, ""cited_by_count"": 0}, {""year"": 2021, ""works_count"": 2, ""oa_works_count"": 2, ""cited_by_count"": 0}, {""year"": 2022, ""works_count"": 1, ""oa_works_count"": 1, ""cited_by_count"": 1}, {""year"": 2023, ""works_count"": 1, ""oa_works_count"": 1, ""cited_by_count"": 1}]"
https://openalex.org/A5028459977,Bas Ketsman,2015,PODS,2,3,SS→title→OA,49,172,8,5,0.2222222222222222,2014,"[{""year"": 2013, ""works_count"": 1, ""oa_works_count"": 1, ""cited_by_count"": 0}, {""year"": 2014, ""works_count"": 3, ""oa_works_count"": 1, ""cited_by_count"": 15}, {""year"": 2015, ""works_count"": 5, ""oa_works_count"": 3, ""cited_by_count"": 33}, {""year"": 2016, ""works_count"": 3, ""oa_works_count"": 2, ""cited_by_count"": 11}, {""year"": 2017, ""works_count"": 5, ""oa_works_count"": 2, ""cited_by_count"": 50}, {""year"": 2018, ""works_count"": 1, ""oa_works_count"": 1, ""cited_by_count"": 0}, {""year"": 2019, ""works_count"": 3, ""oa_works_count"": 2, ""cited_by_count"": 13}, {""year"": 2020, ""works_count"": 3, ""oa_works_count"": 3, ""cited_by_count"": 14}, {""year"": 2021, ""works_count"": 2, ""oa_works_count"": 2, ""cited_by_count"": 0}, {""year"": 2022, ""works_count"": 6, ""oa_works_count"": 4, ""cited_by_count"": 20}, {""year"": 2023, ""works_count"": 8, ""oa_works_count"": 7, ""cited_by_count"": 14}, {""year"": 2024, ""works_count"": 4, ""oa_works_count"": 4, ""cited_by_count"": 1}, {""year"": 2025, ""works_count"": 4, ""oa_works_count"": 3, ""cited_by_count"": 1}, {""year"": 2026, ""works_count"": 1, ""oa_works_count"": 0, ""cited_by_count"": 0}]"
https://openalex.org/A5042649150,Benjamin Beurdouche,2015,S&P,1,1,SS→DOI→OA,21,676,9,9,13.0,2014,"[{""year"": 2014, ""works_count"": 1, ""oa_works_count"": 1, ""cited_by_count"": 19}, {""year"": 2015, ""works_count"": 2, ""oa_works_count"": 1, ""cited_by_count"": 212}, {""year"": 2016, ""works_count"": 1, ""oa_works_count"": 0, ""cited_by_count"": 0}, {""year"": 2017, ""works_count"": 3, ""oa_works_count"": 2, ""cited_by_count"": 227}, {""year"": 2018, ""works_count"": 1, ""oa_works_count"": 0, ""cited_by_count"": 0}, {""year"": 2019, ""works_count"": 4, ""oa_works_count"": 1, ""cited_by_count"": 30}, {""year"": 2020, ""works_count"": 6, ""oa_works_count"": 3, ""cited_by_count"": 94}, {""year"": 2023, ""works_count"": 2, ""oa_works_count"": 1, ""cited_by_count"": 81}, {""year"": 2025, ""works_count"": 1, ""oa_works_count"": 0, ""cited_by_count"": 13}]"
https://openalex.org/A5065703902,Olivier Tilmans,2015,SIGCOMM,1,2,SS→DOI→OA,13,284,7,6,0.0,2014,"[{""year"": 2014, ""works_count"": 2, ""oa_works_count"": 1, ""cited_by_count"": 33}, {""year"": 2015, ""works_count"": 2, ""oa_works_count"": 1, ""cited_by_count"": 188}, {""year"": 2016, ""works_count"": 3, ""oa_works_count"": 1, ""cited_by_count"": 20}, {""year"": 2018, ""works_count"": 1, ""oa_works_count"": 1, ""cited_by_count"": 26}, {""year"": 2019, ""works_count"": 3, ""oa_works_count"": 3, ""cited_by_count"": 2}, {""year"": 2020, ""works_count"": 1, ""oa_works_count"": 1, ""cited_by_count"": 10}, {""year"": 2022, ""works_count"": 1, ""oa_works_count"": 1, ""cited_by_count"": 5}]"
https://openalex.org/A5064699160,Peter Kairouz,2015,SIGMETRICS,3,2,SS→DOI→OA,141,7277,28,50,3.75,2012,"[{""year"": 2012, ""works_count"": 3, ""oa_works_count"": 1, ""cited_by_count"": 1}, {""year"": 2013, ""works_count"": 3, ""oa_works_count"": 1, ""cited_by_count"": 2}, {""year"": 2014, ""works_count"": 4, ""oa_works_count"": 4, ""cited_by_count"": 278}, {""year"": 2015, ""works_count"": 4, ""oa_works_count"": 0, ""cited_by_count"": 250}, {""year"": 2016, ""works_count"": 7, ""oa_works_count"": 3, ""cited_by_count"": 281}, {""year"": 2017, ""works_count"": 5, ""oa_works_count"": 3, ""cited_by_count"": 70}, {""year"": 2018, ""works_count"": 11, ""oa_works_count"": 8, ""cited_by_count"": 245}, {""year"": 2019, ""works_count"": 18, ""oa_works_count"": 12, ""cited_by_count"": 699}, {""year"": 2020, ""works_count"": 13, ""oa_works_count"": 12, ""cited_by_count"": 4295}, {""year"": 2021, ""works_count"": 27, ""oa_works_count"": 20, ""cited_by_count"": 662}, {""year"": 2022, ""works_count"": 14, ""oa_works_count"": 9, ""cited_by_count"": 351}, {""year"": 2023, ""works_count"": 12, ""oa_works_count"": 12, ""cited_by_count"": 68}, {""year"": 2024, ""works_count"": 16, ""oa_works_count"": 14, ""cited_by_count"": 74}, {""year"": 2025, ""works_count"": 4, ""oa_works_count"": 3, ""cited_by_count"": 1}]"
https://openalex.org/A5068471095,Junhao Gan,2015,SIGMOD,3,1,SS→DOI→OA,39,698,9,9,0.3076923076923077,2012,"[{""year"": 2012, ""works_count"": 1, ""oa_works_count"": 0, ""cited_by_count"": 223}, {""year"": 2015, ""works_count"": 1, ""oa_works_count"": 0, ""cited_by_count"": 218}, {""year"": 2016, ""works_count"": 1, ""oa_works_count"": 0, ""cited_by_count"": 4}, {""year"": 2017, ""works_count"": 3, ""oa_works_count"": 0, ""cited_by_count"": 115}, {""year"": 2018, ""works_count"": 2, ""oa_works_count"": 1, ""cited_by_count"": 11}, {""year"": 2019, ""works_count"": 3, ""oa_works_count"": 2, ""cited_by_count"": 2}, {""year"": 2020, ""works_count"": 4, ""oa_works_count"": 2, ""cited_by_count"": 12}, {""year"": 2021, ""works_count"": 4, ""oa_works_count"": 2, ""cited_by_count"": 62}, {""year"": 2022, ""works_count"": 3, ""oa_works_count"": 2, ""cited_by_count"": 35}, {""year"": 2023, ""works_count"": 4, ""oa_works_count"": 1, ""cited_by_count"": 12}, {""year"": 2024, ""works_count"": 6, ""oa_works_count"": 5, ""cited_by_count"": 3}, {""year"": 2025, ""works_count"": 7, ""oa_works_count"": 6, ""cited_by_count"": 1}]"
https://openalex.org/A5011277895,Jonathan Mace,2015,SOSP,5,1,SS→DOI→OA,36,843,14,17,2.625,2014,"[{""year"": 2010, ""works_count"": 1, ""oa_works_count"": 0, ""cited_by_count"": 0}, {""year"": 2013, ""works_count"": 1, ""oa_works_count"": 0, ""cited_by_count"": 0}, {""year"": 2014, ""works_count"": 2, ""oa_works_count"": 0, ""cited_by_count"": 4}, {""year"": 2015, ""works_count"": 2, ""oa_works_count"": 0, ""cited_by_count"": 256}, {""year"": 2016, ""works_count"": 3, ""oa_works_count"": 2, ""cited_by_count"": 93}, {""year"": 2017, ""works_count"": 2, ""oa_works_count"": 2, ""cited_by_count"": 179}, {""year"": 2018, ""works_count"": 2, ""oa_works_count"": 1, ""cited_by_count"": 78}, {""year"": 2019, ""works_count"": 2, ""oa_works_count"": 2, ""cited_by_count"": 41}, {""year"": 2020, ""works_count"": 5, ""oa_works_count"": 4, ""cited_by_count"": 111}, {""year"": 2021, ""works_count"": 1, ""oa_works_count"": 0, ""cited_by_count"": 0}, {""year"": 2022, ""works_count"": 1, ""oa_works_count"": 1, ""cited_by_count"": 2}, {""year"": 2023, ""works_count"": 6, ""oa_works_count"": 3, ""cited_by_count"": 58}, {""year"": 2024, ""works_count"": 4, ""oa_works_count"": 4, ""cited_by_count"": 20}, {""year"": 2025, ""works_count"": 4, ""oa_works_count"": 4, ""cited_by_count"": 1}]"
https://openalex.org/A5003124561,Ryan Roelke,2015,SOSP,0,2,SS→DOI→OA,4,258,4,3,0.0,2015,"[{""year"": 2015, ""works_count"": 1, ""oa_works_count"": 0, ""cited_by_count"": 186}, {""year"": 2016, ""works_count"": 1, ""oa_works_count"": 0, ""cited_by_count"": 22}, {""year"": 2017, ""works_count"": 1, ""oa_works_count"": 1, ""cited_by_count"": 45}, {""year"": 2020, ""works_count"": 1, ""oa_works_count"": 1, ""cited_by_count"": 5}]"
https://openalex.org/A5010436566,Tej Chajed,2015,SOSP,2,3,SS→title→OA,25,541,11,12,4.8,2013,"[{""year"": 2013, ""works_count"": 2, ""oa_works_count"": 0, ""cited_by_count"": 85}, {""year"": 2014, ""works_count"": 1, ""oa_works_count"": 0, ""cited_by_count"": 0}, {""year"": 2015, ""works_count"": 3, ""oa_works_count"": 1, ""cited_by_count"": 217}, {""year"": 2016, ""works_count"": 2, ""oa_works_count"": 2, ""cited_by_count"": 9}, {""year"": 2017, ""works_count"": 3, ""oa_works_count"": 3, ""cited_by_count"": 66}, {""year"": 2018, ""works_count"": 2, ""oa_works_count"": 0, ""cited_by_count"": 23}, {""year"": 2019, ""works_count"": 4, ""oa_works_count"": 3, ""cited_by_count"": 86}, {""year"": 2021, ""works_count"": 1, ""oa_works_count"": 0, ""cited_by_count"": 4}, {""year"": 2023, ""works_count"": 2, ""oa_works_count"": 1, ""cited_by_count"": 27}, {""year"": 2024, ""works_count"": 4, ""oa_works_count"": 2, ""cited_by_count"": 22}, {""year"": 2025, ""works_count"": 1, ""oa_works_count"": 0, ""cited_by_count"": 2}]"
https://openalex.org/A5021833322,Anat Ganor,2015,STOC,5,1,SS→DOI→OA,15,126,5,3,0.0,2012,"[{""year"": 2010, ""works_count"": 1, ""oa_works_count"": 0, ""cited_by_count"": 0}, {""year"": 2012, ""works_count"": 1, ""oa_works_count"": 0, ""cited_by_count"": 4}, {""year"": 2013, ""works_count"": 1, ""oa_works_count"": 0, ""cited_by_count"": 4}, {""year"": 2014, ""works_count"": 5, ""oa_works_count"": 2, ""cited_by_count"": 67}, {""year"": 2015, ""works_count"": 1, ""oa_works_count"": 0, ""cited_by_count"": 27}, {""year"": 2016, ""works_count"": 2, ""oa_works_count"": 1, ""cited_by_count"": 12}, {""year"": 2017, ""works_count"": 1, ""oa_works_count"": 1, ""cited_by_count"": 1}, {""year"": 2018, ""works_count"": 2, ""oa_works_count"": 2, ""cited_by_count"": 7}, {""year"": 2021, ""works_count"": 1, ""oa_works_count"": 1, ""cited_by_count"": 4}]"
https://openalex.org/A5038687630,Sivakanth Gopi,2015,STOC,3,2,SS→DOI→OA,83,587,12,15,4.684210526315789,2012,"[{""year"": 2012, ""works_count"": 2, ""oa_works_count"": 0, ""cited_by_count"": 12}, {""year"": 2014, ""works_count"": 1, ""oa_works_count"": 1, ""cited_by_count"": 4}, {""year"": 2015, ""works_count"": 2, ""oa_works_count"": 1, ""cited_by_count"": 63}, {""year"": 2016, ""works_count"": 4, ""oa_works_count"": 4, ""cited_by_count"": 7}, {""year"": 2017, ""works_count"": 9, ""oa_works_count"": 7, ""cited_by_count"": 46}, {""year"": 2018, ""works_count"": 5, ""oa_works_count"": 1, ""cited_by_count"": 44}, {""year"": 2019, ""works_count"": 6, ""oa_works_count"": 6, ""cited_by_count"": 17}, {""year"": 2020, ""works_count"": 6, ""oa_works_count"": 3, ""cited_by_count"": 61}, {""year"": 2021, ""works_count"": 10, ""oa_works_count"": 9, ""cited_by_count"": 56}, {""year"": 2022, ""works_count"": 8, ""oa_works_count"": 5, ""cited_by_count"": 44}, {""year"": 2023, ""works_count"": 11, ""oa_works_count"": 7, ""cited_by_count"": 144}, {""year"": 2024, ""works_count"": 12, ""oa_works_count"": 9, ""cited_by_count"": 89}, {""year"": 2025, ""works_count"": 6, ""oa_works_count"": 2, ""cited_by_count"": 0}, {""year"": 2026, ""works_count"": 1, ""oa_works_count"": 0, ""cited_by_count"": 0}]"
https://openalex.org/A5058504215,Simon Olberding,2015,UIST,5,1,SS→DOI→OA,24,568,10,10,0.0,2010,"[{""year"": 2010, ""works_count"": 3, ""oa_works_count"": 1, ""cited_by_count"": 19}, {""year"": 2011, ""works_count"": 1, ""oa_works_count"": 0, ""cited_by_count"": 5}, {""year"": 2012, ""works_count"": 6, ""oa_works_count"": 0, ""cited_by_count"": 59}, {""year"": 2013, ""works_count"": 2, ""oa_works_count"": 2, ""cited_by_count"": 40}, {""year"": 2014, ""works_count"": 9, ""oa_works_count"": 3, ""cited_by_count"": 303}, {""year"": 2015, ""works_count"": 3, ""oa_works_count"": 2, ""cited_by_count"": 142}]"
https://openalex.org/A5057575769,Sergio Soto Ortega,2015,UIST,0,2,SS→DOI→OA,1,136,1,1,0.0,2015,"[{""year"": 2015, ""works_count"": 1, ""oa_works_count"": 0, ""cited_by_count"": 136}]"
https://openalex.org/A5015893090,Augusto Esteves,2015,UIST,5,1,SS→DOI→OA,76,1236,19,24,2.0625,2010,"[{""year"": 2010, ""works_count"": 1, ""oa_works_count"": 1, ""cited_by_count"": 8}, {""year"": 2011, ""works_count"": 1, ""oa_works_count"": 0, ""cited_by_count"": 5}, {""year"": 2012, ""works_count"": 1, ""oa_works_count"": 0, ""cited_by_count"": 5}, {""year"": 2013, ""works_count"": 4, ""oa_works_count"": 0, ""cited_by_count"": 34}, {""year"": 2014, ""works_count"": 2, ""oa_works_count"": 0, ""cited_by_count"": 4}, {""year"": 2015, ""works_count"": 7, ""oa_works_count"": 5, ""cited_by_count"": 349}, {""year"": 2016, ""works_count"": 2, ""oa_works_count"": 1, ""cited_by_count"": 113}, {""year"": 2017, ""works_count"": 9, ""oa_works_count"": 4, ""cited_by_count"": 193}, {""year"": 2018, ""works_count"": 1, ""oa_works_count"": 0, ""cited_by_count"": 7}, {""year"": 2019, ""works_count"": 3, ""oa_works_count"": 3, ""cited_by_count"": 14}, {""year"": 2020, ""works_count"": 5, ""oa_works_count"": 1, ""cited_by_count"": 139}, {""year"": 2021, ""works_count"": 7, ""oa_works_count"": 5, ""cited_by_count"": 159}, {""year"": 2022, ""works_count"": 11, ""oa_works_count"": 4, ""cited_by_count"": 128}, {""year"": 2023, ""works_count"": 6, ""oa_works_count"": 5, ""cited_by_count"": 45}, {""year"": 2024, ""works_count"": 8, ""oa_works_count"": 5, ""cited_by_count"": 23}, {""year"": 2025, ""works_count"": 8, ""oa_works_count"": 4, ""cited_by_count"": 10}]"
https://openalex.org/A5087672786,Eduardo Velloso,2015,UIST,5,2,SS→DOI→OA,175,4174,32,79,12.243243243243244,2011,"[{""year"": 2010, ""works_count"": 1, ""oa_works_count"": 0, ""cited_by_count"": 0}, {""year"": 2011, ""works_count"": 3, ""oa_works_count"": 0, ""cited_by_count"": 11}, {""year"": 2012, ""works_count"": 3, ""oa_works_count"": 0, ""cited_by_count"": 158}, {""year"": 2013, ""works_count"": 3, ""oa_works_count"": 0, ""cited_by_count"": 252}, {""year"": 2014, ""works_count"": 4, ""oa_works_count"": 2, ""cited_by_count"": 106}, {""year"": 2015, ""works_count"": 12, ""oa_works_count"": 6, ""cited_by_count"": 912}, {""year"": 2016, ""works_count"": 14, ""oa_works_count"": 3, ""cited_by_count"": 311}, {""year"": 2017, ""works_count"": 6, ""oa_works_count"": 2, ""cited_by_count"": 294}, {""year"": 2018, ""works_count"": 10, ""oa_works_count"": 1, ""cited_by_count"": 153}, {""year"": 2019, ""works_count"": 24, ""oa_works_count"": 10, ""cited_by_count"": 456}, {""year"": 2020, ""works_count"": 18, ""oa_works_count"": 8, ""cited_by_count"": 326}, {""year"": 2021, ""works_count"": 19, ""oa_works_count"": 11, ""cited_by_count"": 383}, {""year"": 2022, ""works_count"": 9, ""oa_works_count"": 0, ""cited_by_count"": 119}, {""year"": 2023, ""works_count"": 12, ""oa_works_count"": 6, ""cited_by_count"": 240}, {""year"": 2024, ""works_count"": 16, ""oa_works_count"": 15, ""cited_by_count"": 240}, {""year"": 2025, ""works_count"": 18, ""oa_works_count"": 17, ""cited_by_count"": 213}, {""year"": 2026, ""works_count"": 3, ""oa_works_count"": 3, ""cited_by_count"": 0}]"
https://openalex.org/A5089708930,Siemen Baader,2015,UIST,0,3,SS→DOI→OA,3,144,2,2,0.0,2015,"[{""year"": 2015, ""works_count"": 2, ""oa_works_count"": 1, ""cited_by_count"": 133}, {""year"": 2016, ""works_count"": 1, ""oa_works_count"": 1, ""cited_by_count"": 11}]"
https://openalex.org/A5077463393,Juan David Hincapié-Ramos,2014,CHI,4,1,SS→DOI→OA,22,925,14,15,0.0,2010,"[{""year"": 2010, ""works_count"": 3, ""oa_works_count"": 3, ""cited_by_count"": 16}, {""year"": 2011, ""works_count"": 3, ""oa_works_count"": 0, ""cited_by_count"": 41}, {""year"": 2012, ""works_count"": 1, ""oa_works_count"": 0, ""cited_by_count"": 51}, {""year"": 2013, ""works_count"": 3, ""oa_works_count"": 1, ""cited_by_count"": 107}, {""year"": 2014, ""works_count"": 7, ""oa_works_count"": 1, ""cited_by_count"": 565}, {""year"": 2015, ""works_count"": 2, ""oa_works_count"": 0, ""cited_by_count"": 60}, {""year"": 2016, ""works_count"": 3, ""oa_works_count"": 0, ""cited_by_count"": 85}]"
https://openalex.org/A5075318331,Paymahn Moghadasian,2014,CHI,2,3,SS→DOI→OA,3,409,2,2,0.0,2012,"[{""year"": 2012, ""works_count"": 1, ""oa_works_count"": 0, ""cited_by_count"": 0}, {""year"": 2013, ""works_count"": 1, ""oa_works_count"": 0, ""cited_by_count"": 30}, {""year"": 2014, ""works_count"": 1, ""oa_works_count"": 0, ""cited_by_count"": 379}]"
https://openalex.org/A5109928774,Heidi Selmer Nielsen,2014,CHI,0,1,SS→title→OA,2,44,2,2,0.0,2014,"[{""year"": 2014, ""works_count"": 2, ""oa_works_count"": 2, ""cited_by_count"": 44}]"
https://openalex.org/A5082667645,Marius Pallisgaard Olsen,2014,CHI,0,2,SS→title→OA,5,61,4,3,0.0,2014,"[{""year"": 2014, ""works_count"": 2, ""oa_works_count"": 2, ""cited_by_count"": 44}, {""year"": 2015, ""works_count"": 1, ""oa_works_count"": 0, ""cited_by_count"": 10}, {""year"": 2016, ""works_count"": 2, ""oa_works_count"": 0, ""cited_by_count"": 7}]"
https://openalex.org/A5002616622,Christian Weichel,2014,CHI,4,1,SS→DOI→OA,16,777,10,10,0.0,2013,"[{""year"": 2010, ""works_count"": 1, ""oa_works_count"": 0, ""cited_by_count"": 5}, {""year"": 2013, ""works_count"": 6, ""oa_works_count"": 0, ""cited_by_count"": 182}, {""year"": 2014, ""works_count"": 1, ""oa_works_count"": 0, ""cited_by_count"": 159}, {""year"": 2015, ""works_count"": 6, ""oa_works_count"": 5, ""cited_by_count"": 362}, {""year"": 2016, ""works_count"": 2, ""oa_works_count"": 1, ""cited_by_count"": 69}]"
https://openalex.org/A5051803370,Ryan Baldini,2014,CHI,2,2,GS→title→OA,16,904,9,9,0.0,2012,"[{""year"": 2012, ""works_count"": 2, ""oa_works_count"": 1, ""cited_by_count"": 36}, {""year"": 2013, ""works_count"": 3, ""oa_works_count"": 2, ""cited_by_count"": 36}, {""year"": 2014, ""works_count"": 3, ""oa_works_count"": 3, ""cited_by_count"": 648}, {""year"": 2015, ""works_count"": 4, ""oa_works_count"": 3, ""cited_by_count"": 149}, {""year"": 2016, ""works_count"": 1, ""oa_works_count"": 0, ""cited_by_count"": 18}, {""year"": 2019, ""works_count"": 3, ""oa_works_count"": 3, ""cited_by_count"": 17}]"
https://openalex.org/A5029485566,Garnet Hertz,2014,CHI,5,2,SS→DOI→OA,20,833,9,8,0.0,2009,"[{""year"": 2009, ""works_count"": 1, ""oa_works_count"": 1, ""cited_by_count"": 5}, {""year"": 2010, ""works_count"": 4, ""oa_works_count"": 0, ""cited_by_count"": 11}, {""year"": 2011, ""works_count"": 1, ""oa_works_count"": 1, ""cited_by_count"": 9}, {""year"": 2012, ""works_count"": 2, ""oa_works_count"": 0, ""cited_by_count"": 173}, {""year"": 2013, ""works_count"": 1, ""oa_works_count"": 0, ""cited_by_count"": 22}, {""year"": 2014, ""works_count"": 1, ""oa_works_count"": 0, ""cited_by_count"": 278}, {""year"": 2015, ""works_count"": 4, ""oa_works_count"": 2, ""cited_by_count"": 230}, {""year"": 2016, ""works_count"": 3, ""oa_works_count"": 0, ""cited_by_count"": 12}, {""year"": 2018, ""works_count"": 1, ""oa_works_count"": 1, ""cited_by_count"": 69}, {""year"": 2019, ""works_count"": 1, ""oa_works_count"": 1, ""cited_by_count"": 19}, {""year"": 2023, ""works_count"": 1, ""oa_works_count"": 1, ""cited_by_count"": 5}]"
https://openalex.org/A5024501566,Jeffrey M. Rzeszotarski,2014,CHI,4,1,SS→DOI→OA,37,839,13,16,1.0,2010,"[{""year"": 2010, ""works_count"": 1, ""oa_works_count"": 0, ""cited_by_count"": 60}, {""year"": 2011, ""works_count"": 1, ""oa_works_count"": 0, ""cited_by_count"": 168}, {""year"": 2012, ""works_count"": 2, ""oa_works_count"": 0, ""cited_by_count"": 105}, {""year"": 2013, ""works_count"": 4, ""oa_works_count"": 1, ""cited_by_count"": 58}, {""year"": 2014, ""works_count"": 3, ""oa_works_count"": 1, ""cited_by_count"": 113}, {""year"": 2015, ""works_count"": 3, ""oa_works_count"": 2, ""cited_by_count"": 112}, {""year"": 2017, ""works_count"": 1, ""oa_works_count"": 1, ""cited_by_count"": 0}, {""year"": 2019, ""works_count"": 1, ""oa_works_count"": 1, ""cited_by_count"": 60}, {""year"": 2020, ""works_count"": 1, ""oa_works_count"": 0, ""cited_by_count"": 50}, {""year"": 2021, ""works_count"": 5, ""oa_works_count"": 1, ""cited_by_count"": 90}, {""year"": 2023, ""works_count"": 4, ""oa_works_count"": 0, ""cited_by_count"": 12}, {""year"": 2024, ""works_count"": 4, ""oa_works_count"": 3, ""cited_by_count"": 5}, {""year"": 2025, ""works_count"": 7, ""oa_works_count"": 3, ""cited_by_count"": 6}]"
https://openalex.org/A5000246567,Matthew L. Lee,2014,CHI,0,1,SS→title→OA,2,173,2,2,0.0,2014,"[{""year"": 2014, ""works_count"": 2, ""oa_works_count"": 0, ""cited_by_count"": 173}]"
https://openalex.org/A5036031138,Rayoung Yang,2014,CHI,3,1,SS→DOI→OA,15,846,12,12,0.0,2011,"[{""year"": 2011, ""works_count"": 2, ""oa_works_count"": 0, ""cited_by_count"": 116}, {""year"": 2012, ""works_count"": 1, ""oa_works_count"": 0, ""cited_by_count"": 52}, {""year"": 2013, ""works_count"": 1, ""oa_works_count"": 0, ""cited_by_count"": 258}, {""year"": 2014, ""works_count"": 1, ""oa_works_count"": 0, ""cited_by_count"": 97}, {""year"": 2015, ""works_count"": 4, ""oa_works_count"": 0, ""cited_by_count"": 196}, {""year"": 2016, ""works_count"": 3, ""oa_works_count"": 3, ""cited_by_count"": 99}, {""year"": 2017, ""works_count"": 1, ""oa_works_count"": 1, ""cited_by_count"": 19}, {""year"": 2019, ""works_count"": 2, ""oa_works_count"": 1, ""cited_by_count"": 9}]"
https://openalex.org/A5041066830,George D. Montañez,2014,CIKM,4,1,SS→title→OA,44,258,7,7,0.0,2010,"[{""year"": 2010, ""works_count"": 1, ""oa_works_count"": 0, ""cited_by_count"": 10}, {""year"": 2011, ""works_count"": 1, ""oa_works_count"": 0, ""cited_by_count"": 2}, {""year"": 2012, ""works_count"": 1, ""oa_works_count"": 0, ""cited_by_count"": 4}, {""year"": 2013, ""works_count"": 4, ""oa_works_count"": 0, ""cited_by_count"": 33}, {""year"": 2014, ""works_count"": 1, ""oa_works_count"": 0, ""cited_by_count"": 50}, {""year"": 2015, ""works_count"": 2, ""oa_works_count"": 2, ""cited_by_count"": 40}, {""year"": 2016, ""works_count"": 1, ""oa_works_count"": 1, ""cited_by_count"": 1}, {""year"": 2017, ""works_count"": 4, ""oa_works_count"": 2, ""cited_by_count"": 13}, {""year"": 2018, ""works_count"": 1, ""oa_works_count"": 0, ""cited_by_count"": 14}, {""year"": 2019, ""works_count"": 2, ""oa_works_count"": 1, ""cited_by_count"": 53}, {""year"": 2020, ""works_count"": 8, ""oa_works_count"": 7, ""cited_by_count"": 16}, {""year"": 2021, ""works_count"": 9, ""oa_works_count"": 4, ""cited_by_count"": 14}, {""year"": 2022, ""works_count"": 5, ""oa_works_count"": 1, ""cited_by_count"": 7}, {""year"": 2023, ""works_count"": 1, ""oa_works_count"": 0, ""cited_by_count"": 1}, {""year"": 2024, ""works_count"": 2, ""oa_works_count"": 1, ""cited_by_count"": 0}, {""year"": 2025, ""works_count"": 1, ""oa_works_count"": 1, ""cited_by_count"": 0}]"
https://openalex.org/A5027563965,Klaus-Benedikt Schultis,2014,FSE,1,1,SS→DOI→OA,7,41,3,2,0.0,2013,"[{""year"": 2013, ""works_count"": 1, ""oa_works_count"": 0, ""cited_by_count"": 12}, {""year"": 2014, ""works_count"": 1, ""oa_works_count"": 0, ""cited_by_count"": 22}, {""year"": 2015, ""works_count"": 1, ""oa_works_count"": 0, ""cited_by_count"": 0}, {""year"": 2016, ""works_count"": 3, ""oa_works_count"": 1, ""cited_by_count"": 3}, {""year"": 2017, ""works_count"": 1, ""oa_works_count"": 0, ""cited_by_count"": 4}]"
https://openalex.org/A5080221214,Miltiadis Allamanis,2014,FSE,3,1,SS→title→OA,89,6005,30,43,1.3333333333333333,2012,"[{""year"": 2011, ""works_count"": 1, ""oa_works_count"": 0, ""cited_by_count"": 0}, {""year"": 2012, ""works_count"": 1, ""oa_works_count"": 0, ""cited_by_count"": 79}, {""year"": 2013, ""works_count"": 3, ""oa_works_count"": 2, ""cited_by_count"": 468}, {""year"": 2014, ""works_count"": 2, ""oa_works_count"": 2, ""cited_by_count"": 538}, {""year"": 2015, ""works_count"": 4, ""oa_works_count"": 4, ""cited_by_count"": 549}, {""year"": 2016, ""works_count"": 7, ""oa_works_count"": 5, ""cited_by_count"": 531}, {""year"": 2017, ""works_count"": 4, ""oa_works_count"": 4, ""cited_by_count"": 112}, {""year"": 2018, ""works_count"": 15, ""oa_works_count"": 12, ""cited_by_count"": 1059}, {""year"": 2019, ""works_count"": 11, ""oa_works_count"": 9, ""cited_by_count"": 749}, {""year"": 2020, ""works_count"": 4, ""oa_works_count"": 3, ""cited_by_count"": 128}, {""year"": 2021, ""works_count"": 12, ""oa_works_count"": 9, ""cited_by_count"": 120}, {""year"": 2022, ""works_count"": 12, ""oa_works_count"": 10, ""cited_by_count"": 72}, {""year"": 2023, ""works_count"": 5, ""oa_works_count"": 4, ""cited_by_count"": 788}, {""year"": 2024, ""works_count"": 5, ""oa_works_count"": 5, ""cited_by_count"": 8}, {""year"": 2025, ""works_count"": 1, ""oa_works_count"": 1, ""cited_by_count"": 0}]"
https://openalex.org/A5100621292,Mingxing Zhang,2014,FSE,0,1,SS→DOI→OA,12,188,7,5,0.0,2014,"[{""year"": 2014, ""works_count"": 1, ""oa_works_count"": 0, ""cited_by_count"": 13}, {""year"": 2016, ""works_count"": 2, ""oa_works_count"": 1, ""cited_by_count"": 9}, {""year"": 2017, ""works_count"": 1, ""oa_works_count"": 0, ""cited_by_count"": 27}, {""year"": 2018, ""works_count"": 3, ""oa_works_count"": 1, ""cited_by_count"": 21}, {""year"": 2019, ""works_count"": 1, ""oa_works_count"": 1, ""cited_by_count"": 34}, {""year"": 2021, ""works_count"": 1, ""oa_works_count"": 0, ""cited_by_count"": 77}, {""year"": 2022, ""works_count"": 1, ""oa_works_count"": 1, ""cited_by_count"": 0}, {""year"": 2023, ""works_count"": 1, ""oa_works_count"": 0, ""cited_by_count"": 7}, {""year"": 2024, ""works_count"": 1, ""oa_works_count"": 1, ""cited_by_count"": 0}]"
https://openalex.org/A5082120000,Darioush Jalali,2014,FSE,1,2,SS→DOI→OA,5,2039,4,4,0.0,2014,"[{""year"": 2013, ""works_count"": 1, ""oa_works_count"": 0, ""cited_by_count"": 0}, {""year"": 2014, ""works_count"": 3, ""oa_works_count"": 0, ""cited_by_count"": 2019}, {""year"": 2019, ""works_count"": 1, ""oa_works_count"": 1, ""cited_by_count"": 20}]"
https://openalex.org/A5014292887,Laura Inozemtseva,2014,FSE,2,3,SS→DOI→OA,11,1352,7,6,0.0,2013,"[{""year"": 2012, ""works_count"": 1, ""oa_works_count"": 1, ""cited_by_count"": 5}, {""year"": 2013, ""works_count"": 2, ""oa_works_count"": 0, ""cited_by_count"": 22}, {""year"": 2014, ""works_count"": 4, ""oa_works_count"": 0, ""cited_by_count"": 1226}, {""year"": 2015, ""works_count"": 2, ""oa_works_count"": 0, ""cited_by_count"": 1}, {""year"": 2017, ""works_count"": 2, ""oa_works_count"": 1, ""cited_by_count"": 98}]"
https://openalex.org/A5010881756,Semih Okur,2014,ICSE,3,1,SS→DOI→OA,12,236,6,4,0.0,2011,"[{""year"": 2011, ""works_count"": 1, ""oa_works_count"": 0, ""cited_by_count"": 5}, {""year"": 2012, ""works_count"": 4, ""oa_works_count"": 0, ""cited_by_count"": 90}, {""year"": 2014, ""works_count"": 2, ""oa_works_count"": 0, ""cited_by_count"": 64}, {""year"": 2015, ""works_count"": 2, ""oa_works_count"": 0, ""cited_by_count"": 68}, {""year"": 2016, ""works_count"": 1, ""oa_works_count"": 1, ""cited_by_count"": 0}, {""year"": 2022, ""works_count"": 1, ""oa_works_count"": 0, ""cited_by_count"": 2}, {""year"": 2023, ""works_count"": 1, ""oa_works_count"": 0, ""cited_by_count"": 7}]"
https://openalex.org/A5055201741,David L. Hartveld,2014,ICSE,0,2,SS→DOI→OA,2,55,1,1,0.0,2014,"[{""year"": 2014, ""works_count"": 2, ""oa_works_count"": 1, ""cited_by_count"": 55}]"
https://openalex.org/A5084868951,Yepang Liu,2014,ICSE,2,1,SS→DOI→OA,170,2504,28,58,1.7096774193548387,2012,"[{""year"": 2012, ""works_count"": 1, ""oa_works_count"": 0, ""cited_by_count"": 25}, {""year"": 2013, ""works_count"": 3, ""oa_works_count"": 0, ""cited_by_count"": 99}, {""year"": 2014, ""works_count"": 6, ""oa_works_count"": 0, ""cited_by_count"": 438}, {""year"": 2015, ""works_count"": 5, ""oa_works_count"": 0, ""cited_by_count"": 48}, {""year"": 2016, ""works_count"": 8, ""oa_works_count"": 1, ""cited_by_count"": 361}, {""year"": 2017, ""works_count"": 1, ""oa_works_count"": 0, ""cited_by_count"": 29}, {""year"": 2018, ""works_count"": 3, ""oa_works_count"": 0, ""cited_by_count"": 142}, {""year"": 2019, ""works_count"": 10, ""oa_works_count"": 5, ""cited_by_count"": 211}, {""year"": 2020, ""works_count"": 17, ""oa_works_count"": 12, ""cited_by_count"": 203}, {""year"": 2021, ""works_count"": 28, ""oa_works_count"": 16, ""cited_by_count"": 360}, {""year"": 2022, ""works_count"": 14, ""oa_works_count"": 7, ""cited_by_count"": 226}, {""year"": 2023, ""works_count"": 43, ""oa_works_count"": 26, ""cited_by_count"": 309}, {""year"": 2024, ""works_count"": 15, ""oa_works_count"": 8, ""cited_by_count"": 49}, {""year"": 2025, ""works_count"": 16, ""oa_works_count"": 12, ""cited_by_count"": 4}]"
https://openalex.org/A5049839987,Thanassis Avgerinos,2014,ICSE,5,1,SS→DOI→OA,16,2926,13,14,0.0,2009,"[{""year"": 2009, ""works_count"": 2, ""oa_works_count"": 2, ""cited_by_count"": 31}, {""year"": 2010, ""works_count"": 1, ""oa_works_count"": 1, ""cited_by_count"": 691}, {""year"": 2011, ""works_count"": 4, ""oa_works_count"": 3, ""cited_by_count"": 979}, {""year"": 2012, ""works_count"": 1, ""oa_works_count"": 0, ""cited_by_count"": 515}, {""year"": 2014, ""works_count"": 3, ""oa_works_count"": 1, ""cited_by_count"": 616}, {""year"": 2016, ""works_count"": 1, ""oa_works_count"": 1, ""cited_by_count"": 22}, {""year"": 2018, ""works_count"": 1, ""oa_works_count"": 0, ""cited_by_count"": 33}, {""year"": 2020, ""works_count"": 1, ""oa_works_count"": 0, ""cited_by_count"": 5}, {""year"": 2022, ""works_count"": 1, ""oa_works_count"": 0, ""cited_by_count"": 34}, {""year"": 2025, ""works_count"": 1, ""oa_works_count"": 1, ""cited_by_count"": 0}]"
https://openalex.org/A5037888372,Alexandre Rebert,2014,ICSE,2,2,SS→DOI→OA,5,1153,5,5,0.0,2012,"[{""year"": 2012, ""works_count"": 1, ""oa_works_count"": 0, ""cited_by_count"": 515}, {""year"": 2014, ""works_count"": 3, ""oa_works_count"": 1, ""cited_by_count"": 616}, {""year"": 2016, ""works_count"": 1, ""oa_works_count"": 1, ""cited_by_count"": 22}]"
https://openalex.org/A5080198395,Paige Rodeghero,2014,ICSE,0,1,SS→DOI→OA,62,743,14,17,0.3333333333333333,2014,"[{""year"": 2014, ""works_count"": 1, ""oa_works_count"": 0, ""cited_by_count"": 190}, {""year"": 2015, ""works_count"": 2, ""oa_works_count"": 0, ""cited_by_count"": 100}, {""year"": 2016, ""works_count"": 2, ""oa_works_count"": 1, ""cited_by_count"": 12}, {""year"": 2017, ""works_count"": 5, ""oa_works_count"": 1, ""cited_by_count"": 108}, {""year"": 2018, ""works_count"": 5, ""oa_works_count"": 3, ""cited_by_count"": 40}, {""year"": 2019, ""works_count"": 5, ""oa_works_count"": 4, ""cited_by_count"": 28}, {""year"": 2020, ""works_count"": 18, ""oa_works_count"": 6, ""cited_by_count"": 139}, {""year"": 2021, ""works_count"": 9, ""oa_works_count"": 6, ""cited_by_count"": 87}, {""year"": 2022, ""works_count"": 4, ""oa_works_count"": 3, ""cited_by_count"": 22}, {""year"": 2023, ""works_count"": 5, ""oa_works_count"": 2, ""cited_by_count"": 15}, {""year"": 2024, ""works_count"": 2, ""oa_works_count"": 2, ""cited_by_count"": 2}, {""year"": 2025, ""works_count"": 2, ""oa_works_count"": 0, ""cited_by_count"": 0}, {""year"": 2026, ""works_count"": 2, ""oa_works_count"": 2, ""cited_by_count"": 0}]"
https://openalex.org/A5071479045,Thiago de Alcântara César,2014,ICSE,0,2,SS→DOI→OA,3,115,3,3,0.0,2014,"[{""year"": 2014, ""works_count"": 2, ""oa_works_count"": 0, ""cited_by_count"": 81}, {""year"": 2023, ""works_count"": 1, ""oa_works_count"": 1, ""cited_by_count"": 34}]"
https://openalex.org/A5047620436,Thomas Filipe,2014,ICSE,0,3,SS→DOI→OA,2,81,2,2,0.0,2014,"[{""year"": 2014, ""works_count"": 2, ""oa_works_count"": 0, ""cited_by_count"": 81}]"
https://openalex.org/A5033475627,Saba Alimadadi,2014,ICSE,4,1,SS→DOI→OA,19,253,8,8,3.6,2010,"[{""year"": 2010, ""works_count"": 2, ""oa_works_count"": 0, ""cited_by_count"": 7}, {""year"": 2014, ""works_count"": 1, ""oa_works_count"": 0, ""cited_by_count"": 64}, {""year"": 2015, ""works_count"": 1, ""oa_works_count"": 1, ""cited_by_count"": 32}, {""year"": 2016, ""works_count"": 3, ""oa_works_count"": 0, ""cited_by_count"": 57}, {""year"": 2018, ""works_count"": 4, ""oa_works_count"": 2, ""cited_by_count"": 61}, {""year"": 2021, ""works_count"": 1, ""oa_works_count"": 1, ""cited_by_count"": 0}, {""year"": 2022, ""works_count"": 1, ""oa_works_count"": 0, ""cited_by_count"": 12}, {""year"": 2023, ""works_count"": 1, ""oa_works_count"": 0, ""cited_by_count"": 2}, {""year"": 2024, ""works_count"": 1, ""oa_works_count"": 1, ""cited_by_count"": 18}, {""year"": 2026, ""works_count"": 4, ""oa_works_count"": 4, ""cited_by_count"": 0}]"
https://openalex.org/A5081964141,Sheldon Sequeira,2014,ICSE,4,2,SS→DOI→OA,5,77,3,1,0.0,2014,"[{""year"": 2010, ""works_count"": 1, ""oa_works_count"": 1, ""cited_by_count"": 0}, {""year"": 2014, ""works_count"": 2, ""oa_works_count"": 1, ""cited_by_count"": 67}, {""year"": 2016, ""works_count"": 1, ""oa_works_count"": 0, ""cited_by_count"": 7}, {""year"": 2021, ""works_count"": 1, ""oa_works_count"": 0, ""cited_by_count"": 3}]"
https://openalex.org/A5087729117,Zizhong Cao,2014,INFOCOM,3,1,SS→DOI→OA,11,168,6,3,0.0,2011,"[{""year"": 2011, ""works_count"": 1, ""oa_works_count"": 0, ""cited_by_count"": 7}, {""year"": 2012, ""works_count"": 1, ""oa_works_count"": 0, ""cited_by_count"": 9}, {""year"": 2014, ""works_count"": 5, ""oa_works_count"": 2, ""cited_by_count"": 107}, {""year"": 2015, ""works_count"": 2, ""oa_works_count"": 0, ""cited_by_count"": 10}, {""year"": 2016, ""works_count"": 1, ""oa_works_count"": 0, ""cited_by_count"": 6}, {""year"": 2017, ""works_count"": 1, ""oa_works_count"": 0, ""cited_by_count"": 29}]"
https://openalex.org/A5053182948,Aaron Q. Li,2014,KDD,0,1,SS→DOI→OA,2,224,2,1,0.0,2014,"[{""year"": 2014, ""works_count"": 1, ""oa_works_count"": 0, ""cited_by_count"": 222}, {""year"": 2015, ""works_count"": 1, ""oa_works_count"": 1, ""cited_by_count"": 2}]"
https://openalex.org/A5081652219,Yekui Chen,2014,MOBICOM,0,2,SS→DOI→OA,11,789,5,3,3.625,2014,"[{""year"": 2014, ""works_count"": 2, ""oa_works_count"": 0, ""cited_by_count"": 734}, {""year"": 2023, ""works_count"": 1, ""oa_works_count"": 0, ""cited_by_count"": 26}, {""year"": 2024, ""works_count"": 6, ""oa_works_count"": 1, ""cited_by_count"": 24}, {""year"": 2025, ""works_count"": 1, ""oa_works_count"": 0, ""cited_by_count"": 5}, {""year"": 2026, ""works_count"": 1, ""oa_works_count"": 0, ""cited_by_count"": 0}]"
https://openalex.org/A5100631553,Wenqian Wang,2014,NeurIPS,4,2,GS→title→OA,62,11486,13,14,2.6875,2010,"[{""year"": 2010, ""works_count"": 1, ""oa_works_count"": 0, ""cited_by_count"": 5}, {""year"": 2011, ""works_count"": 1, ""oa_works_count"": 0, ""cited_by_count"": 0}, {""year"": 2012, ""works_count"": 1, ""oa_works_count"": 0, ""cited_by_count"": 4}, {""year"": 2014, ""works_count"": 2, ""oa_works_count"": 2, ""cited_by_count"": 10335}, {""year"": 2015, ""works_count"": 1, ""oa_works_count"": 0, ""cited_by_count"": 54}, {""year"": 2016, ""works_count"": 1, ""oa_works_count"": 1, ""cited_by_count"": 1}, {""year"": 2017, ""works_count"": 1, ""oa_works_count"": 0, ""cited_by_count"": 0}, {""year"": 2018, ""works_count"": 7, ""oa_works_count"": 1, ""cited_by_count"": 435}, {""year"": 2019, ""works_count"": 7, ""oa_works_count"": 2, ""cited_by_count"": 56}, {""year"": 2020, ""works_count"": 5, ""oa_works_count"": 1, ""cited_by_count"": 447}, {""year"": 2021, ""works_count"": 5, ""oa_works_count"": 1, ""cited_by_count"": 5}, {""year"": 2022, ""works_count"": 8, ""oa_works_count"": 4, ""cited_by_count"": 99}, {""year"": 2023, ""works_count"": 5, ""oa_works_count"": 2, ""cited_by_count"": 0}, {""year"": 2024, ""works_count"": 7, ""oa_works_count"": 1, ""cited_by_count"": 0}, {""year"": 2025, ""works_count"": 9, ""oa_works_count"": 4, ""cited_by_count"": 43}]"
https://openalex.org/A5026744189,Adam Belay,2014,OSDI,5,1,SS→title→OA,36,1414,13,13,1.6666666666666667,2010,"[{""year"": 2009, ""works_count"": 1, ""oa_works_count"": 1, ""cited_by_count"": 27}, {""year"": 2010, ""works_count"": 2, ""oa_works_count"": 1, ""cited_by_count"": 90}, {""year"": 2011, ""works_count"": 3, ""oa_works_count"": 3, ""cited_by_count"": 9}, {""year"": 2012, ""works_count"": 1, ""oa_works_count"": 0, ""cited_by_count"": 190}, {""year"": 2014, ""works_count"": 2, ""oa_works_count"": 0, ""cited_by_count"": 619}, {""year"": 2015, ""works_count"": 1, ""oa_works_count"": 1, ""cited_by_count"": 61}, {""year"": 2016, ""works_count"": 2, ""oa_works_count"": 2, ""cited_by_count"": 58}, {""year"": 2017, ""works_count"": 1, ""oa_works_count"": 0, ""cited_by_count"": 4}, {""year"": 2019, ""works_count"": 4, ""oa_works_count"": 4, ""cited_by_count"": 174}, {""year"": 2020, ""works_count"": 6, ""oa_works_count"": 1, ""cited_by_count"": 119}, {""year"": 2021, ""works_count"": 3, ""oa_works_count"": 3, ""cited_by_count"": 3}, {""year"": 2022, ""works_count"": 2, ""oa_works_count"": 2, ""cited_by_count"": 15}, {""year"": 2023, ""works_count"": 2, ""oa_works_count"": 1, ""cited_by_count"": 35}, {""year"": 2024, ""works_count"": 2, ""oa_works_count"": 2, ""cited_by_count"": 9}, {""year"": 2025, ""works_count"": 4, ""oa_works_count"": 4, ""cited_by_count"": 1}]"
https://openalex.org/A5000009841,Ana Klimovic,2014,OSDI,1,3,SS→title→OA,70,1234,14,17,3.586206896551724,2013,"[{""year"": 2013, ""works_count"": 1, ""oa_works_count"": 0, ""cited_by_count"": 9}, {""year"": 2014, ""works_count"": 1, ""oa_works_count"": 0, ""cited_by_count"": 306}, {""year"": 2016, ""works_count"": 3, ""oa_works_count"": 2, ""cited_by_count"": 180}, {""year"": 2017, ""works_count"": 6, ""oa_works_count"": 0, ""cited_by_count"": 151}, {""year"": 2018, ""works_count"": 3, ""oa_works_count"": 0, ""cited_by_count"": 271}, {""year"": 2019, ""works_count"": 2, ""oa_works_count"": 1, ""cited_by_count"": 12}, {""year"": 2020, ""works_count"": 2, ""oa_works_count"": 1, ""cited_by_count"": 28}, {""year"": 2021, ""works_count"": 6, ""oa_works_count"": 5, ""cited_by_count"": 87}, {""year"": 2022, ""works_count"": 7, ""oa_works_count"": 4, ""cited_by_count"": 27}, {""year"": 2023, ""works_count"": 10, ""oa_works_count"": 8, ""cited_by_count"": 59}, {""year"": 2024, ""works_count"": 10, ""oa_works_count"": 8, ""cited_by_count"": 89}, {""year"": 2025, ""works_count"": 19, ""oa_works_count"": 18, ""cited_by_count"": 15}]"
https://openalex.org/A5037461995,Mehrdad Afshari,2014,PLDI,2,2,SS→DOI→OA,6,580,3,3,0.0,2012,"[{""year"": 2012, ""works_count"": 1, ""oa_works_count"": 0, ""cited_by_count"": 11}, {""year"": 2014, ""works_count"": 2, ""oa_works_count"": 0, ""cited_by_count"": 566}, {""year"": 2015, ""works_count"": 1, ""oa_works_count"": 0, ""cited_by_count"": 3}, {""year"": 2016, ""works_count"": 2, ""oa_works_count"": 1, ""cited_by_count"": 0}]"
https://openalex.org/A5090891852,Thomas Shull,2014,PLDI,0,3,SS→DOI→OA,18,280,8,7,0.0,2014,"[{""year"": 2014, ""works_count"": 2, ""oa_works_count"": 0, ""cited_by_count"": 65}, {""year"": 2016, ""works_count"": 1, ""oa_works_count"": 0, ""cited_by_count"": 1}, {""year"": 2017, ""works_count"": 4, ""oa_works_count"": 2, ""cited_by_count"": 124}, {""year"": 2018, ""works_count"": 2, ""oa_works_count"": 1, ""cited_by_count"": 17}, {""year"": 2019, ""works_count"": 4, ""oa_works_count"": 0, ""cited_by_count"": 63}, {""year"": 2020, ""works_count"": 2, ""oa_works_count"": 1, ""cited_by_count"": 2}, {""year"": 2021, ""works_count"": 2, ""oa_works_count"": 1, ""cited_by_count"": 8}, {""year"": 2022, ""works_count"": 1, ""oa_works_count"": 1, ""cited_by_count"": 0}]"
https://openalex.org/A5091819924,Marcin Andrychowicz,2014,S&P,2,1,SS→DOI→OA,41,4220,24,29,0.0,2013,"[{""year"": 2012, ""works_count"": 2, ""oa_works_count"": 2, ""cited_by_count"": 1}, {""year"": 2013, ""works_count"": 3, ""oa_works_count"": 1, ""cited_by_count"": 47}, {""year"": 2014, ""works_count"": 5, ""oa_works_count"": 2, ""cited_by_count"": 594}, {""year"": 2015, ""works_count"": 7, ""oa_works_count"": 1, ""cited_by_count"": 167}, {""year"": 2016, ""works_count"": 4, ""oa_works_count"": 2, ""cited_by_count"": 480}, {""year"": 2017, ""works_count"": 4, ""oa_works_count"": 3, ""cited_by_count"": 1220}, {""year"": 2018, ""works_count"": 6, ""oa_works_count"": 5, ""cited_by_count"": 647}, {""year"": 2019, ""works_count"": 1, ""oa_works_count"": 1, ""cited_by_count"": 630}, {""year"": 2020, ""works_count"": 1, ""oa_works_count"": 1, ""cited_by_count"": 104}, {""year"": 2021, ""works_count"": 6, ""oa_works_count"": 4, ""cited_by_count"": 80}, {""year"": 2022, ""works_count"": 1, ""oa_works_count"": 1, ""cited_by_count"": 211}, {""year"": 2023, ""works_count"": 1, ""oa_works_count"": 1, ""cited_by_count"": 39}]"
https://openalex.org/A5063317383,Daniel Malinowski,2014,S&P,1,3,SS→DOI→OA,16,1102,10,10,0.0,2013,"[{""year"": 2013, ""works_count"": 3, ""oa_works_count"": 1, ""cited_by_count"": 47}, {""year"": 2014, ""works_count"": 4, ""oa_works_count"": 2, ""cited_by_count"": 576}, {""year"": 2015, ""works_count"": 2, ""oa_works_count"": 1, ""cited_by_count"": 80}, {""year"": 2016, ""works_count"": 3, ""oa_works_count"": 0, ""cited_by_count"": 156}, {""year"": 2017, ""works_count"": 3, ""oa_works_count"": 0, ""cited_by_count"": 41}, {""year"": 2019, ""works_count"": 1, ""oa_works_count"": 1, ""cited_by_count"": 202}]"
https://openalex.org/A5074751039,Matthew K. Mukerjee,2014,SIGCOMM,4,2,SS→DOI→OA,20,811,12,12,0.0,2010,"[{""year"": 2010, ""works_count"": 1, ""oa_works_count"": 1, ""cited_by_count"": 211}, {""year"": 2012, ""works_count"": 2, ""oa_works_count"": 1, ""cited_by_count"": 7}, {""year"": 2013, ""works_count"": 1, ""oa_works_count"": 0, ""cited_by_count"": 17}, {""year"": 2014, ""works_count"": 5, ""oa_works_count"": 2, ""cited_by_count"": 115}, {""year"": 2015, ""works_count"": 4, ""oa_works_count"": 3, ""cited_by_count"": 260}, {""year"": 2016, ""works_count"": 1, ""oa_works_count"": 1, ""cited_by_count"": 23}, {""year"": 2017, ""works_count"": 2, ""oa_works_count"": 0, ""cited_by_count"": 33}, {""year"": 2019, ""works_count"": 3, ""oa_works_count"": 2, ""cited_by_count"": 142}, {""year"": 2020, ""works_count"": 1, ""oa_works_count"": 0, ""cited_by_count"": 3}]"
https://openalex.org/A5036144178,Tom Edsall,2014,SIGCOMM,2,2,SS→DOI→OA,13,2026,10,10,0.0,2012,"[{""year"": 2012, ""works_count"": 1, ""oa_works_count"": 0, ""cited_by_count"": 391}, {""year"": 2013, ""works_count"": 2, ""oa_works_count"": 0, ""cited_by_count"": 125}, {""year"": 2014, ""works_count"": 3, ""oa_works_count"": 1, ""cited_by_count"": 847}, {""year"": 2015, ""works_count"": 1, ""oa_works_count"": 0, ""cited_by_count"": 36}, {""year"": 2016, ""works_count"": 2, ""oa_works_count"": 2, ""cited_by_count"": 268}, {""year"": 2017, ""works_count"": 2, ""oa_works_count"": 1, ""cited_by_count"": 291}, {""year"": 2020, ""works_count"": 1, ""oa_works_count"": 1, ""cited_by_count"": 57}, {""year"": 2023, ""works_count"": 1, ""oa_works_count"": 1, ""cited_by_count"": 11}]"
https://openalex.org/A5024980585,Yin Tat Lee,2014,SODA,1,2,SS→DOI→OA,175,3295,28,67,17.0,2013,"[{""year"": 2013, ""works_count"": 12, ""oa_works_count"": 9, ""cited_by_count"": 360}, {""year"": 2014, ""works_count"": 5, ""oa_works_count"": 3, ""cited_by_count"": 341}, {""year"": 2015, ""works_count"": 15, ""oa_works_count"": 11, ""cited_by_count"": 380}, {""year"": 2016, ""works_count"": 9, ""oa_works_count"": 9, ""cited_by_count"": 223}, {""year"": 2017, ""works_count"": 15, ""oa_works_count"": 9, ""cited_by_count"": 459}, {""year"": 2018, ""works_count"": 19, ""oa_works_count"": 15, ""cited_by_count"": 248}, {""year"": 2019, ""works_count"": 26, ""oa_works_count"": 16, ""cited_by_count"": 464}, {""year"": 2020, ""works_count"": 23, ""oa_works_count"": 14, ""cited_by_count"": 265}, {""year"": 2021, ""works_count"": 20, ""oa_works_count"": 15, ""cited_by_count"": 290}, {""year"": 2022, ""works_count"": 10, ""oa_works_count"": 8, ""cited_by_count"": 43}, {""year"": 2023, ""works_count"": 10, ""oa_works_count"": 5, ""cited_by_count"": 35}, {""year"": 2024, ""works_count"": 7, ""oa_works_count"": 5, ""cited_by_count"": 187}, {""year"": 2025, ""works_count"": 4, ""oa_works_count"": 4, ""cited_by_count"": 0}]"
https://openalex.org/A5003378492,Sébastien Robaszkiewicz,2014,UIST,3,2,SS→DOI→OA,7,274,5,4,0.0,2012,"[{""year"": 2011, ""works_count"": 1, ""oa_works_count"": 0, ""cited_by_count"": 0}, {""year"": 2012, ""works_count"": 1, ""oa_works_count"": 0, ""cited_by_count"": 2}, {""year"": 2014, ""works_count"": 1, ""oa_works_count"": 0, ""cited_by_count"": 220}, {""year"": 2015, ""works_count"": 2, ""oa_works_count"": 1, ""cited_by_count"": 30}, {""year"": 2016, ""works_count"": 1, ""oa_works_count"": 1, ""cited_by_count"": 15}, {""year"": 2017, ""works_count"": 1, ""oa_works_count"": 0, ""cited_by_count"": 7}]"
https://openalex.org/A5039222883,Michael Wessely,2014,UIST,0,2,SS→DOI→OA,41,605,12,13,1.1,2014,"[{""year"": 2014, ""works_count"": 3, ""oa_works_count"": 1, ""cited_by_count"": 150}, {""year"": 2015, ""works_count"": 1, ""oa_works_count"": 0, ""cited_by_count"": 0}, {""year"": 2016, ""works_count"": 1, ""oa_works_count"": 1, ""cited_by_count"": 80}, {""year"": 2017, ""works_count"": 2, ""oa_works_count"": 1, ""cited_by_count"": 14}, {""year"": 2018, ""works_count"": 5, ""oa_works_count"": 4, ""cited_by_count"": 29}, {""year"": 2019, ""works_count"": 1, ""oa_works_count"": 1, ""cited_by_count"": 45}, {""year"": 2020, ""works_count"": 7, ""oa_works_count"": 2, ""cited_by_count"": 167}, {""year"": 2021, ""works_count"": 3, ""oa_works_count"": 3, ""cited_by_count"": 52}, {""year"": 2022, ""works_count"": 3, ""oa_works_count"": 1, ""cited_by_count"": 15}, {""year"": 2023, ""works_count"": 5, ""oa_works_count"": 2, ""cited_by_count"": 42}, {""year"": 2024, ""works_count"": 6, ""oa_works_count"": 2, ""cited_by_count"": 9}, {""year"": 2025, ""works_count"": 4, ""oa_works_count"": 3, ""cited_by_count"": 2}]"
https://openalex.org/A5005397258,Felix Schuhknecht,2014,VLDB,1,1,SS→DOI→OA,73,550,10,11,0.0,2013,"[{""year"": 2013, ""works_count"": 2, ""oa_works_count"": 0, ""cited_by_count"": 71}, {""year"": 2014, ""works_count"": 2, ""oa_works_count"": 1, ""cited_by_count"": 48}, {""year"": 2015, ""works_count"": 3, ""oa_works_count"": 0, ""cited_by_count"": 52}, {""year"": 2016, ""works_count"": 2, ""oa_works_count"": 1, ""cited_by_count"": 25}, {""year"": 2017, ""works_count"": 3, ""oa_works_count"": 2, ""cited_by_count"": 3}, {""year"": 2018, ""works_count"": 8, ""oa_works_count"": 5, ""cited_by_count"": 109}, {""year"": 2019, ""works_count"": 10, ""oa_works_count"": 2, ""cited_by_count"": 192}, {""year"": 2020, ""works_count"": 20, ""oa_works_count"": 1, ""cited_by_count"": 17}, {""year"": 2021, ""works_count"": 4, ""oa_works_count"": 1, ""cited_by_count"": 14}, {""year"": 2022, ""works_count"": 4, ""oa_works_count"": 3, ""cited_by_count"": 5}, {""year"": 2023, ""works_count"": 6, ""oa_works_count"": 2, ""cited_by_count"": 14}, {""year"": 2024, ""works_count"": 2, ""oa_works_count"": 1, ""cited_by_count"": 0}, {""year"": 2025, ""works_count"": 3, ""oa_works_count"": 2, ""cited_by_count"": 0}, {""year"": 2026, ""works_count"": 4, ""oa_works_count"": 4, ""cited_by_count"": 0}]"
https://openalex.org/A5063997221,Uwe Jugel,2014,VLDB,5,1,SS→title→OA,15,244,7,7,0.0,2009,"[{""year"": 2009, ""works_count"": 2, ""oa_works_count"": 0, ""cited_by_count"": 29}, {""year"": 2010, ""works_count"": 4, ""oa_works_count"": 0, ""cited_by_count"": 33}, {""year"": 2011, ""works_count"": 1, ""oa_works_count"": 1, ""cited_by_count"": 4}, {""year"": 2012, ""works_count"": 2, ""oa_works_count"": 1, ""cited_by_count"": 38}, {""year"": 2014, ""works_count"": 2, ""oa_works_count"": 0, ""cited_by_count"": 105}, {""year"": 2015, ""works_count"": 1, ""oa_works_count"": 0, ""cited_by_count"": 35}, {""year"": 2016, ""works_count"": 1, ""oa_works_count"": 0, ""cited_by_count"": 0}, {""year"": 2017, ""works_count"": 1, ""oa_works_count"": 1, ""cited_by_count"": 0}, {""year"": 2019, ""works_count"": 1, ""oa_works_count"": 1, ""cited_by_count"": 0}]"
https://openalex.org/A5025737201,Amir Shaikhha,2014,VLDB,1,1,SS→DOI→OA,67,521,12,15,1.0714285714285714,2014,"[{""year"": 2013, ""works_count"": 1, ""oa_works_count"": 1, ""cited_by_count"": 1}, {""year"": 2014, ""works_count"": 3, ""oa_works_count"": 2, ""cited_by_count"": 103}, {""year"": 2016, ""works_count"": 5, ""oa_works_count"": 4, ""cited_by_count"": 84}, {""year"": 2017, ""works_count"": 7, ""oa_works_count"": 3, ""cited_by_count"": 103}, {""year"": 2018, ""works_count"": 6, ""oa_works_count"": 6, ""cited_by_count"": 69}, {""year"": 2019, ""works_count"": 5, ""oa_works_count"": 4, ""cited_by_count"": 12}, {""year"": 2020, ""works_count"": 8, ""oa_works_count"": 5, ""cited_by_count"": 45}, {""year"": 2021, ""works_count"": 3, ""oa_works_count"": 2, ""cited_by_count"": 11}, {""year"": 2022, ""works_count"": 7, ""oa_works_count"": 6, ""cited_by_count"": 30}, {""year"": 2023, ""works_count"": 8, ""oa_works_count"": 3, ""cited_by_count"": 48}, {""year"": 2024, ""works_count"": 6, ""oa_works_count"": 4, ""cited_by_count"": 11}, {""year"": 2025, ""works_count"": 8, ""oa_works_count"": 7, ""cited_by_count"": 4}]"
https://openalex.org/A5034816930,Yannis Klonatos,2014,VLDB,4,2,SS→DOI→OA,12,383,9,9,0.0,2010,"[{""year"": 2010, ""works_count"": 2, ""oa_works_count"": 2, ""cited_by_count"": 78}, {""year"": 2011, ""works_count"": 1, ""oa_works_count"": 0, ""cited_by_count"": 19}, {""year"": 2012, ""works_count"": 1, ""oa_works_count"": 0, ""cited_by_count"": 7}, {""year"": 2013, ""works_count"": 1, ""oa_works_count"": 1, ""cited_by_count"": 16}, {""year"": 2014, ""works_count"": 2, ""oa_works_count"": 1, ""cited_by_count"": 109}, {""year"": 2015, ""works_count"": 1, ""oa_works_count"": 1, ""cited_by_count"": 25}, {""year"": 2016, ""works_count"": 3, ""oa_works_count"": 3, ""cited_by_count"": 89}, {""year"": 2018, ""works_count"": 1, ""oa_works_count"": 1, ""cited_by_count"": 40}]"
https://openalex.org/A5050906094,André Nusser,2014,VLDB,1,2,SS→DOI→OA,52,217,7,7,0.08333333333333333,2014,"[{""year"": 2013, ""works_count"": 1, ""oa_works_count"": 1, ""cited_by_count"": 0}, {""year"": 2014, ""works_count"": 2, ""oa_works_count"": 1, ""cited_by_count"": 72}, {""year"": 2015, ""works_count"": 2, ""oa_works_count"": 1, ""cited_by_count"": 44}, {""year"": 2016, ""works_count"": 1, ""oa_works_count"": 1, ""cited_by_count"": 16}, {""year"": 2017, ""works_count"": 2, ""oa_works_count"": 1, ""cited_by_count"": 7}, {""year"": 2018, ""works_count"": 3, ""oa_works_count"": 3, ""cited_by_count"": 3}, {""year"": 2019, ""works_count"": 5, ""oa_works_count"": 3, ""cited_by_count"": 52}, {""year"": 2020, ""works_count"": 2, ""oa_works_count"": 2, ""cited_by_count"": 1}, {""year"": 2021, ""works_count"": 9, ""oa_works_count"": 9, ""cited_by_count"": 10}, {""year"": 2022, ""works_count"": 11, ""oa_works_count"": 8, ""cited_by_count"": 11}, {""year"": 2023, ""works_count"": 2, ""oa_works_count"": 2, ""cited_by_count"": 0}, {""year"": 2024, ""works_count"": 5, ""oa_works_count"": 5, ""cited_by_count"": 1}, {""year"": 2025, ""works_count"": 6, ""oa_works_count"": 6, ""cited_by_count"": 0}, {""year"": 2026, ""works_count"": 1, ""oa_works_count"": 1, ""cited_by_count"": 0}]"
https://openalex.org/A5027517542,Sabine Storandt,2014,VLDB,3,3,SS→DOI→OA,116,969,16,30,0.6153846153846154,2011,"[{""year"": 2011, ""works_count"": 3, ""oa_works_count"": 1, ""cited_by_count"": 171}, {""year"": 2012, ""works_count"": 4, ""oa_works_count"": 2, ""cited_by_count"": 143}, {""year"": 2013, ""works_count"": 9, ""oa_works_count"": 4, ""cited_by_count"": 123}, {""year"": 2014, ""works_count"": 6, ""oa_works_count"": 1, ""cited_by_count"": 129}, {""year"": 2015, ""works_count"": 12, ""oa_works_count"": 2, ""cited_by_count"": 149}, {""year"": 2016, ""works_count"": 3, ""oa_works_count"": 1, ""cited_by_count"": 35}, {""year"": 2017, ""works_count"": 8, ""oa_works_count"": 3, ""cited_by_count"": 43}, {""year"": 2018, ""works_count"": 11, ""oa_works_count"": 4, ""cited_by_count"": 27}, {""year"": 2019, ""works_count"": 9, ""oa_works_count"": 6, ""cited_by_count"": 35}, {""year"": 2020, ""works_count"": 6, ""oa_works_count"": 4, ""cited_by_count"": 30}, {""year"": 2021, ""works_count"": 14, ""oa_works_count"": 12, ""cited_by_count"": 57}, {""year"": 2022, ""works_count"": 9, ""oa_works_count"": 5, ""cited_by_count"": 12}, {""year"": 2023, ""works_count"": 9, ""oa_works_count"": 6, ""cited_by_count"": 7}, {""year"": 2024, ""works_count"": 7, ""oa_works_count"": 2, ""cited_by_count"": 3}, {""year"": 2025, ""works_count"": 6, ""oa_works_count"": 4, ""cited_by_count"": 5}]"
https://openalex.org/A5069747496,Ninh Pham,2014,WWW,4,3,SS→DOI→OA,32,666,8,8,0.2,2010,"[{""year"": 2010, ""works_count"": 2, ""oa_works_count"": 0, ""cited_by_count"": 58}, {""year"": 2011, ""works_count"": 1, ""oa_works_count"": 1, ""cited_by_count"": 33}, {""year"": 2012, ""works_count"": 1, ""oa_works_count"": 0, ""cited_by_count"": 116}, {""year"": 2013, ""works_count"": 1, ""oa_works_count"": 0, ""cited_by_count"": 317}, {""year"": 2014, ""works_count"": 1, ""oa_works_count"": 0, ""cited_by_count"": 60}, {""year"": 2015, ""works_count"": 2, ""oa_works_count"": 2, ""cited_by_count"": 13}, {""year"": 2016, ""works_count"": 2, ""oa_works_count"": 2, ""cited_by_count"": 7}, {""year"": 2017, ""works_count"": 4, ""oa_works_count"": 2, ""cited_by_count"": 41}, {""year"": 2019, ""works_count"": 1, ""oa_works_count"": 0, ""cited_by_count"": 6}, {""year"": 2020, ""works_count"": 1, ""oa_works_count"": 1, ""cited_by_count"": 0}, {""year"": 2021, ""works_count"": 3, ""oa_works_count"": 2, ""cited_by_count"": 12}, {""year"": 2022, ""works_count"": 2, ""oa_works_count"": 2, ""cited_by_count"": 1}, {""year"": 2023, ""works_count"": 1, ""oa_works_count"": 0, ""cited_by_count"": 0}, {""year"": 2024, ""works_count"": 3, ""oa_works_count"": 2, ""cited_by_count"": 1}, {""year"": 2025, ""works_count"": 7, ""oa_works_count"": 3, ""cited_by_count"": 1}]"
https://openalex.org/A5035284993,Gary Doran,2013,AAAI,0,1,GS→title→OA,110,2155,19,31,2.5555555555555554,2013,"[{""year"": 2013, ""works_count"": 5, ""oa_works_count"": 4, ""cited_by_count"": 85}, {""year"": 2014, ""works_count"": 3, ""oa_works_count"": 1, ""cited_by_count"": 88}, {""year"": 2015, ""works_count"": 4, ""oa_works_count"": 0, ""cited_by_count"": 20}, {""year"": 2016, ""works_count"": 16, ""oa_works_count"": 7, ""cited_by_count"": 242}, {""year"": 2017, ""works_count"": 11, ""oa_works_count"": 6, ""cited_by_count"": 1149}, {""year"": 2018, ""works_count"": 8, ""oa_works_count"": 4, ""cited_by_count"": 135}, {""year"": 2019, ""works_count"": 14, ""oa_works_count"": 8, ""cited_by_count"": 27}, {""year"": 2020, ""works_count"": 9, ""oa_works_count"": 4, ""cited_by_count"": 177}, {""year"": 2021, ""works_count"": 13, ""oa_works_count"": 9, ""cited_by_count"": 70}, {""year"": 2022, ""works_count"": 16, ""oa_works_count"": 8, ""cited_by_count"": 133}, {""year"": 2023, ""works_count"": 2, ""oa_works_count"": 1, ""cited_by_count"": 6}, {""year"": 2024, ""works_count"": 6, ""oa_works_count"": 5, ""cited_by_count"": 17}, {""year"": 2025, ""works_count"": 2, ""oa_works_count"": 2, ""cited_by_count"": 6}, {""year"": 2026, ""works_count"": 1, ""oa_works_count"": 1, ""cited_by_count"": 0}]"
https://openalex.org/A5055445718,Janardhan Rao Doppa,2013,AAAI,4,1,SS→DOI→OA,222,2280,25,66,1.7358490566037736,2009,"[{""year"": 2009, ""works_count"": 1, ""oa_works_count"": 0, ""cited_by_count"": 8}, {""year"": 2010, ""works_count"": 3, ""oa_works_count"": 1, ""cited_by_count"": 30}, {""year"": 2011, ""works_count"": 2, ""oa_works_count"": 0, ""cited_by_count"": 21}, {""year"": 2012, ""works_count"": 2, ""oa_works_count"": 1, ""cited_by_count"": 23}, {""year"": 2013, ""works_count"": 2, ""oa_works_count"": 1, ""cited_by_count"": 20}, {""year"": 2014, ""works_count"": 6, ""oa_works_count"": 4, ""cited_by_count"": 144}, {""year"": 2015, ""works_count"": 5, ""oa_works_count"": 1, ""cited_by_count"": 147}, {""year"": 2016, ""works_count"": 5, ""oa_works_count"": 3, ""cited_by_count"": 73}, {""year"": 2017, ""works_count"": 15, ""oa_works_count"": 3, ""cited_by_count"": 212}, {""year"": 2018, ""works_count"": 15, ""oa_works_count"": 10, ""cited_by_count"": 240}, {""year"": 2019, ""works_count"": 13, ""oa_works_count"": 7, ""cited_by_count"": 250}, {""year"": 2020, ""works_count"": 27, ""oa_works_count"": 19, ""cited_by_count"": 364}, {""year"": 2021, ""works_count"": 30, ""oa_works_count"": 20, ""cited_by_count"": 316}, {""year"": 2022, ""works_count"": 21, ""oa_works_count"": 12, ""cited_by_count"": 191}, {""year"": 2023, ""works_count"": 22, ""oa_works_count"": 13, ""cited_by_count"": 149}, {""year"": 2024, ""works_count"": 31, ""oa_works_count"": 20, ""cited_by_count"": 71}, {""year"": 2025, ""works_count"": 22, ""oa_works_count"": 13, ""cited_by_count"": 21}]"
https://openalex.org/A5009585935,Haonan Yu,2013,ACL,3,1,SS→title→OA,64,1695,18,21,0.42857142857142855,2010,"[{""year"": 2010, ""works_count"": 1, ""oa_works_count"": 0, ""cited_by_count"": 38}, {""year"": 2011, ""works_count"": 1, ""oa_works_count"": 0, ""cited_by_count"": 21}, {""year"": 2013, ""works_count"": 3, ""oa_works_count"": 1, ""cited_by_count"": 316}, {""year"": 2014, ""works_count"": 1, ""oa_works_count"": 1, ""cited_by_count"": 0}, {""year"": 2015, ""works_count"": 6, ""oa_works_count"": 6, ""cited_by_count"": 135}, {""year"": 2016, ""works_count"": 2, ""oa_works_count"": 1, ""cited_by_count"": 558}, {""year"": 2017, ""works_count"": 4, ""oa_works_count"": 3, ""cited_by_count"": 34}, {""year"": 2018, ""works_count"": 8, ""oa_works_count"": 6, ""cited_by_count"": 130}, {""year"": 2019, ""works_count"": 7, ""oa_works_count"": 6, ""cited_by_count"": 266}, {""year"": 2020, ""works_count"": 2, ""oa_works_count"": 1, ""cited_by_count"": 31}, {""year"": 2021, ""works_count"": 6, ""oa_works_count"": 5, ""cited_by_count"": 132}, {""year"": 2022, ""works_count"": 4, ""oa_works_count"": 4, ""cited_by_count"": 15}, {""year"": 2023, ""works_count"": 5, ""oa_works_count"": 2, ""cited_by_count"": 13}, {""year"": 2024, ""works_count"": 3, ""oa_works_count"": 2, ""cited_by_count"": 4}, {""year"": 2025, ""works_count"": 9, ""oa_works_count"": 3, ""cited_by_count"": 2}, {""year"": 2026, ""works_count"": 2, ""oa_works_count"": 2, ""cited_by_count"": 0}]"
https://openalex.org/A5068799512,Nathalie Henry Riche,2013,CHI,4,3,SS→title→OA,108,5877,42,69,3.0,2009,"[{""year"": 2009, ""works_count"": 2, ""oa_works_count"": 0, ""cited_by_count"": 12}, {""year"": 2010, ""works_count"": 8, ""oa_works_count"": 1, ""cited_by_count"": 401}, {""year"": 2011, ""works_count"": 7, ""oa_works_count"": 2, ""cited_by_count"": 594}, {""year"": 2012, ""works_count"": 11, ""oa_works_count"": 3, ""cited_by_count"": 656}, {""year"": 2013, ""works_count"": 4, ""oa_works_count"": 2, ""cited_by_count"": 569}, {""year"": 2014, ""works_count"": 4, ""oa_works_count"": 1, ""cited_by_count"": 56}, {""year"": 2015, ""works_count"": 11, ""oa_works_count"": 7, ""cited_by_count"": 550}, {""year"": 2016, ""works_count"": 9, ""oa_works_count"": 6, ""cited_by_count"": 843}, {""year"": 2017, ""works_count"": 7, ""oa_works_count"": 1, ""cited_by_count"": 612}, {""year"": 2018, ""works_count"": 15, ""oa_works_count"": 5, ""cited_by_count"": 1035}, {""year"": 2019, ""works_count"": 7, ""oa_works_count"": 4, ""cited_by_count"": 303}, {""year"": 2020, ""works_count"": 7, ""oa_works_count"": 2, ""cited_by_count"": 133}, {""year"": 2021, ""works_count"": 5, ""oa_works_count"": 3, ""cited_by_count"": 73}, {""year"": 2022, ""works_count"": 2, ""oa_works_count"": 0, ""cited_by_count"": 23}, {""year"": 2023, ""works_count"": 3, ""oa_works_count"": 3, ""cited_by_count"": 2}, {""year"": 2024, ""works_count"": 3, ""oa_works_count"": 3, ""cited_by_count"": 8}, {""year"": 2025, ""works_count"": 2, ""oa_works_count"": 2, ""cited_by_count"": 7}]"
https://openalex.org/A5012186497,Stephen Fitchett,2013,CHI,4,1,SS→DOI→OA,11,291,9,9,0.0,2009,"[{""year"": 2009, ""works_count"": 2, ""oa_works_count"": 0, ""cited_by_count"": 97}, {""year"": 2010, ""works_count"": 1, ""oa_works_count"": 1, ""cited_by_count"": 4}, {""year"": 2012, ""works_count"": 4, ""oa_works_count"": 0, ""cited_by_count"": 116}, {""year"": 2013, ""works_count"": 2, ""oa_works_count"": 1, ""cited_by_count"": 33}, {""year"": 2014, ""works_count"": 2, ""oa_works_count"": 0, ""cited_by_count"": 41}]"
https://openalex.org/A5076413226,Katharina Reinecke,2013,CHI,5,2,SS→DOI→OA,20,841,10,10,11.75,2008,"[{""year"": 2008, ""works_count"": 1, ""oa_works_count"": 0, ""cited_by_count"": 171}, {""year"": 2011, ""works_count"": 2, ""oa_works_count"": 1, ""cited_by_count"": 11}, {""year"": 2013, ""works_count"": 4, ""oa_works_count"": 3, ""cited_by_count"": 432}, {""year"": 2014, ""works_count"": 1, ""oa_works_count"": 0, ""cited_by_count"": 135}, {""year"": 2017, ""works_count"": 1, ""oa_works_count"": 0, ""cited_by_count"": 3}, {""year"": 2019, ""works_count"": 1, ""oa_works_count"": 0, ""cited_by_count"": 6}, {""year"": 2020, ""works_count"": 2, ""oa_works_count"": 1, ""cited_by_count"": 17}, {""year"": 2021, ""works_count"": 3, ""oa_works_count"": 2, ""cited_by_count"": 19}, {""year"": 2022, ""works_count"": 1, ""oa_works_count"": 1, ""cited_by_count"": 0}, {""year"": 2024, ""works_count"": 2, ""oa_works_count"": 0, ""cited_by_count"": 0}, {""year"": 2025, ""works_count"": 2, ""oa_works_count"": 2, ""cited_by_count"": 47}]"
https://openalex.org/A5004988074,Spence Green,2013,CHI,4,1,SS→DOI→OA,28,1055,16,18,0.0,2009,"[{""year"": 2009, ""works_count"": 2, ""oa_works_count"": 0, ""cited_by_count"": 25}, {""year"": 2010, ""works_count"": 2, ""oa_works_count"": 0, ""cited_by_count"": 208}, {""year"": 2011, ""works_count"": 1, ""oa_works_count"": 1, ""cited_by_count"": 79}, {""year"": 2012, ""works_count"": 3, ""oa_works_count"": 1, ""cited_by_count"": 135}, {""year"": 2013, ""works_count"": 3, ""oa_works_count"": 0, ""cited_by_count"": 233}, {""year"": 2014, ""works_count"": 8, ""oa_works_count"": 5, ""cited_by_count"": 261}, {""year"": 2015, ""works_count"": 3, ""oa_works_count"": 2, ""cited_by_count"": 46}, {""year"": 2016, ""works_count"": 2, ""oa_works_count"": 1, ""cited_by_count"": 48}, {""year"": 2019, ""works_count"": 1, ""oa_works_count"": 0, ""cited_by_count"": 13}, {""year"": 2020, ""works_count"": 1, ""oa_works_count"": 1, ""cited_by_count"": 0}, {""year"": 2021, ""works_count"": 1, ""oa_works_count"": 1, ""cited_by_count"": 1}]"
https://openalex.org/A5089242807,M. Six Silberman,2013,CHI,3,2,SS→DOI→OA,53,3958,19,25,1.4,2010,"[{""year"": 2010, ""works_count"": 4, ""oa_works_count"": 0, ""cited_by_count"": 1268}, {""year"": 2011, ""works_count"": 2, ""oa_works_count"": 0, ""cited_by_count"": 337}, {""year"": 2012, ""works_count"": 3, ""oa_works_count"": 2, ""cited_by_count"": 97}, {""year"": 2013, ""works_count"": 3, ""oa_works_count"": 1, ""cited_by_count"": 871}, {""year"": 2014, ""works_count"": 5, ""oa_works_count"": 0, ""cited_by_count"": 251}, {""year"": 2015, ""works_count"": 3, ""oa_works_count"": 3, ""cited_by_count"": 51}, {""year"": 2016, ""works_count"": 3, ""oa_works_count"": 1, ""cited_by_count"": 218}, {""year"": 2017, ""works_count"": 2, ""oa_works_count"": 1, ""cited_by_count"": 6}, {""year"": 2018, ""works_count"": 9, ""oa_works_count"": 0, ""cited_by_count"": 796}, {""year"": 2019, ""works_count"": 1, ""oa_works_count"": 0, ""cited_by_count"": 3}, {""year"": 2020, ""works_count"": 5, ""oa_works_count"": 4, ""cited_by_count"": 16}, {""year"": 2021, ""works_count"": 1, ""oa_works_count"": 1, ""cited_by_count"": 1}, {""year"": 2022, ""works_count"": 1, ""oa_works_count"": 1, ""cited_by_count"": 1}, {""year"": 2023, ""works_count"": 6, ""oa_works_count"": 6, ""cited_by_count"": 35}, {""year"": 2024, ""works_count"": 2, ""oa_works_count"": 1, ""cited_by_count"": 4}, {""year"": 2025, ""works_count"": 3, ""oa_works_count"": 3, ""cited_by_count"": 3}]"
https://openalex.org/A5027407975,Ranjitha Kumar,2013,CHI,4,1,SS→DOI→OA,49,1829,16,19,1.0,2009,"[{""year"": 2009, ""works_count"": 1, ""oa_works_count"": 0, ""cited_by_count"": 11}, {""year"": 2010, ""works_count"": 1, ""oa_works_count"": 0, ""cited_by_count"": 172}, {""year"": 2011, ""works_count"": 1, ""oa_works_count"": 0, ""cited_by_count"": 151}, {""year"": 2012, ""works_count"": 3, ""oa_works_count"": 0, ""cited_by_count"": 118}, {""year"": 2013, ""works_count"": 2, ""oa_works_count"": 0, ""cited_by_count"": 135}, {""year"": 2015, ""works_count"": 2, ""oa_works_count"": 0, ""cited_by_count"": 9}, {""year"": 2016, ""works_count"": 7, ""oa_works_count"": 2, ""cited_by_count"": 156}, {""year"": 2017, ""works_count"": 3, ""oa_works_count"": 1, ""cited_by_count"": 484}, {""year"": 2018, ""works_count"": 5, ""oa_works_count"": 1, ""cited_by_count"": 428}, {""year"": 2019, ""works_count"": 4, ""oa_works_count"": 3, ""cited_by_count"": 37}, {""year"": 2020, ""works_count"": 5, ""oa_works_count"": 1, ""cited_by_count"": 44}, {""year"": 2021, ""works_count"": 6, ""oa_works_count"": 3, ""cited_by_count"": 29}, {""year"": 2022, ""works_count"": 3, ""oa_works_count"": 1, ""cited_by_count"": 49}, {""year"": 2023, ""works_count"": 2, ""oa_works_count"": 0, ""cited_by_count"": 2}, {""year"": 2024, ""works_count"": 1, ""oa_works_count"": 0, ""cited_by_count"": 3}, {""year"": 2025, ""works_count"": 3, ""oa_works_count"": 1, ""cited_by_count"": 1}]"
https://openalex.org/A5077783676,Arvind Satyanarayan,2013,CHI,1,2,SS→DOI→OA,97,3798,23,35,2.8846153846153846,2012,"[{""year"": 2012, ""works_count"": 3, ""oa_works_count"": 1, ""cited_by_count"": 8}, {""year"": 2013, ""works_count"": 2, ""oa_works_count"": 1, ""cited_by_count"": 143}, {""year"": 2014, ""works_count"": 3, ""oa_works_count"": 0, ""cited_by_count"": 455}, {""year"": 2015, ""works_count"": 3, ""oa_works_count"": 1, ""cited_by_count"": 282}, {""year"": 2016, ""works_count"": 4, ""oa_works_count"": 1, ""cited_by_count"": 814}, {""year"": 2018, ""works_count"": 4, ""oa_works_count"": 3, ""cited_by_count"": 979}, {""year"": 2019, ""works_count"": 10, ""oa_works_count"": 8, ""cited_by_count"": 397}, {""year"": 2020, ""works_count"": 9, ""oa_works_count"": 5, ""cited_by_count"": 188}, {""year"": 2021, ""works_count"": 10, ""oa_works_count"": 8, ""cited_by_count"": 28}, {""year"": 2022, ""works_count"": 13, ""oa_works_count"": 11, ""cited_by_count"": 325}, {""year"": 2023, ""works_count"": 10, ""oa_works_count"": 10, ""cited_by_count"": 104}, {""year"": 2024, ""works_count"": 12, ""oa_works_count"": 9, ""cited_by_count"": 56}, {""year"": 2025, ""works_count"": 13, ""oa_works_count"": 9, ""cited_by_count"": 19}, {""year"": 2026, ""works_count"": 1, ""oa_works_count"": 1, ""cited_by_count"": 0}]"
https://openalex.org/A5088912016,Bastian Kruck,2013,CHI,0,2,SS→DOI→OA,12,244,5,4,0.0,2013,"[{""year"": 2013, ""works_count"": 5, ""oa_works_count"": 0, ""cited_by_count"": 193}, {""year"": 2014, ""works_count"": 1, ""oa_works_count"": 0, ""cited_by_count"": 10}, {""year"": 2016, ""works_count"": 2, ""oa_works_count"": 0, ""cited_by_count"": 31}, {""year"": 2017, ""works_count"": 2, ""oa_works_count"": 0, ""cited_by_count"": 4}, {""year"": 2019, ""works_count"": 1, ""oa_works_count"": 0, ""cited_by_count"": 1}, {""year"": 2021, ""works_count"": 1, ""oa_works_count"": 0, ""cited_by_count"": 5}]"
https://openalex.org/A5063521318,Mohamed Musthag,2013,CHI,2,1,SS→DOI→OA,4,240,4,3,0.0,2011,"[{""year"": 2011, ""works_count"": 1, ""oa_works_count"": 0, ""cited_by_count"": 103}, {""year"": 2012, ""works_count"": 1, ""oa_works_count"": 0, ""cited_by_count"": 5}, {""year"": 2013, ""works_count"": 1, ""oa_works_count"": 0, ""cited_by_count"": 106}, {""year"": 2014, ""works_count"": 1, ""oa_works_count"": 0, ""cited_by_count"": 26}]"
https://openalex.org/A5088296218,Fransisca Endang Lestariningsih,2013,CHI,0,3,SS→title→OA,20,37,3,0,0.0,2017,"[{""year"": 2013, ""works_count"": 1, ""oa_works_count"": 1, ""cited_by_count"": 3}, {""year"": 2017, ""works_count"": 1, ""oa_works_count"": 1, ""cited_by_count"": 0}, {""year"": 2018, ""works_count"": 2, ""oa_works_count"": 2, ""cited_by_count"": 2}, {""year"": 2019, ""works_count"": 2, ""oa_works_count"": 1, ""cited_by_count"": 1}, {""year"": 2020, ""works_count"": 2, ""oa_works_count"": 2, ""cited_by_count"": 10}, {""year"": 2021, ""works_count"": 1, ""oa_works_count"": 1, ""cited_by_count"": 0}, {""year"": 2022, ""works_count"": 5, ""oa_works_count"": 5, ""cited_by_count"": 17}, {""year"": 2023, ""works_count"": 2, ""oa_works_count"": 2, ""cited_by_count"": 4}, {""year"": 2024, ""works_count"": 3, ""oa_works_count"": 3, ""cited_by_count"": 0}, {""year"": 2025, ""works_count"": 1, ""oa_works_count"": 1, ""cited_by_count"": 0}]"
https://openalex.org/A5015875478,Ilaria Bordino,2013,CIKM,5,1,SS→DOI→OA,41,1690,13,13,0.5,2008,"[{""year"": 2008, ""works_count"": 2, ""oa_works_count"": 0, ""cited_by_count"": 99}, {""year"": 2010, ""works_count"": 3, ""oa_works_count"": 1, ""cited_by_count"": 57}, {""year"": 2011, ""works_count"": 5, ""oa_works_count"": 2, ""cited_by_count"": 1058}, {""year"": 2012, ""works_count"": 2, ""oa_works_count"": 1, ""cited_by_count"": 248}, {""year"": 2013, ""works_count"": 3, ""oa_works_count"": 0, ""cited_by_count"": 80}, {""year"": 2014, ""works_count"": 5, ""oa_works_count"": 2, ""cited_by_count"": 36}, {""year"": 2015, ""works_count"": 3, ""oa_works_count"": 2, ""cited_by_count"": 18}, {""year"": 2016, ""works_count"": 6, ""oa_works_count"": 1, ""cited_by_count"": 52}, {""year"": 2017, ""works_count"": 1, ""oa_works_count"": 0, ""cited_by_count"": 3}, {""year"": 2018, ""works_count"": 1, ""oa_works_count"": 1, ""cited_by_count"": 5}, {""year"": 2019, ""works_count"": 3, ""oa_works_count"": 2, ""cited_by_count"": 11}, {""year"": 2020, ""works_count"": 3, ""oa_works_count"": 1, ""cited_by_count"": 13}, {""year"": 2021, ""works_count"": 2, ""oa_works_count"": 2, ""cited_by_count"": 9}, {""year"": 2024, ""works_count"": 2, ""oa_works_count"": 2, ""cited_by_count"": 1}]"
https://openalex.org/A5041808447,Yelena Mejova,2013,CIKM,5,2,SS→DOI→OA,157,2350,23,57,2.0,2009,"[{""year"": 2008, ""works_count"": 1, ""oa_works_count"": 0, ""cited_by_count"": 2}, {""year"": 2009, ""works_count"": 3, ""oa_works_count"": 0, ""cited_by_count"": 32}, {""year"": 2010, ""works_count"": 2, ""oa_works_count"": 1, ""cited_by_count"": 7}, {""year"": 2011, ""works_count"": 2, ""oa_works_count"": 0, ""cited_by_count"": 22}, {""year"": 2012, ""works_count"": 1, ""oa_works_count"": 0, ""cited_by_count"": 21}, {""year"": 2013, ""works_count"": 8, ""oa_works_count"": 2, ""cited_by_count"": 124}, {""year"": 2014, ""works_count"": 8, ""oa_works_count"": 2, ""cited_by_count"": 175}, {""year"": 2015, ""works_count"": 12, ""oa_works_count"": 4, ""cited_by_count"": 493}, {""year"": 2016, ""works_count"": 13, ""oa_works_count"": 5, ""cited_by_count"": 98}, {""year"": 2017, ""works_count"": 14, ""oa_works_count"": 9, ""cited_by_count"": 343}, {""year"": 2018, ""works_count"": 12, ""oa_works_count"": 6, ""cited_by_count"": 230}, {""year"": 2019, ""works_count"": 4, ""oa_works_count"": 3, ""cited_by_count"": 19}, {""year"": 2020, ""works_count"": 11, ""oa_works_count"": 10, ""cited_by_count"": 247}, {""year"": 2021, ""works_count"": 13, ""oa_works_count"": 12, ""cited_by_count"": 354}, {""year"": 2022, ""works_count"": 15, ""oa_works_count"": 11, ""cited_by_count"": 75}, {""year"": 2023, ""works_count"": 19, ""oa_works_count"": 17, ""cited_by_count"": 70}, {""year"": 2024, ""works_count"": 4, ""oa_works_count"": 3, ""cited_by_count"": 22}, {""year"": 2025, ""works_count"": 15, ""oa_works_count"": 11, ""cited_by_count"": 16}]"
https://openalex.org/A5091130856,Mark Segal,2013,CVPR,0,3,SS→title→OA,2,316,1,1,0.0,2013,"[{""year"": 2013, ""works_count"": 2, ""oa_works_count"": 0, ""cited_by_count"": 316}]"
https://openalex.org/A5027328044,Vicente Ordóñez,2013,ICCV,4,1,SS→DOI→OA,138,12839,35,56,1.2,2009,"[{""year"": 2009, ""works_count"": 2, ""oa_works_count"": 0, ""cited_by_count"": 75}, {""year"": 2011, ""works_count"": 2, ""oa_works_count"": 0, ""cited_by_count"": 1452}, {""year"": 2012, ""works_count"": 1, ""oa_works_count"": 0, ""cited_by_count"": 331}, {""year"": 2013, ""works_count"": 3, ""oa_works_count"": 0, ""cited_by_count"": 1041}, {""year"": 2014, ""works_count"": 4, ""oa_works_count"": 2, ""cited_by_count"": 1442}, {""year"": 2015, ""works_count"": 3, ""oa_works_count"": 0, ""cited_by_count"": 108}, {""year"": 2016, ""works_count"": 7, ""oa_works_count"": 4, ""cited_by_count"": 4444}, {""year"": 2017, ""works_count"": 9, ""oa_works_count"": 8, ""cited_by_count"": 1025}, {""year"": 2018, ""works_count"": 17, ""oa_works_count"": 10, ""cited_by_count"": 976}, {""year"": 2019, ""works_count"": 17, ""oa_works_count"": 14, ""cited_by_count"": 905}, {""year"": 2020, ""works_count"": 21, ""oa_works_count"": 17, ""cited_by_count"": 323}, {""year"": 2021, ""works_count"": 12, ""oa_works_count"": 8, ""cited_by_count"": 586}, {""year"": 2022, ""works_count"": 5, ""oa_works_count"": 4, ""cited_by_count"": 43}, {""year"": 2023, ""works_count"": 10, ""oa_works_count"": 7, ""cited_by_count"": 58}, {""year"": 2024, ""works_count"": 15, ""oa_works_count"": 9, ""cited_by_count"": 29}, {""year"": 2025, ""works_count"": 10, ""oa_works_count"": 9, ""cited_by_count"": 1}]"
https://openalex.org/A5089862531,Roi Livni,2013,ICML,4,1,SS→title→OA,69,607,10,12,0.5833333333333334,2012,"[{""year"": 2009, ""works_count"": 1, ""oa_works_count"": 1, ""cited_by_count"": 3}, {""year"": 2012, ""works_count"": 1, ""oa_works_count"": 0, ""cited_by_count"": 10}, {""year"": 2013, ""works_count"": 4, ""oa_works_count"": 2, ""cited_by_count"": 94}, {""year"": 2014, ""works_count"": 2, ""oa_works_count"": 2, ""cited_by_count"": 289}, {""year"": 2015, ""works_count"": 1, ""oa_works_count"": 1, ""cited_by_count"": 19}, {""year"": 2016, ""works_count"": 5, ""oa_works_count"": 3, ""cited_by_count"": 27}, {""year"": 2017, ""works_count"": 10, ""oa_works_count"": 5, ""cited_by_count"": 31}, {""year"": 2018, ""works_count"": 2, ""oa_works_count"": 1, ""cited_by_count"": 3}, {""year"": 2019, ""works_count"": 7, ""oa_works_count"": 6, ""cited_by_count"": 32}, {""year"": 2020, ""works_count"": 8, ""oa_works_count"": 4, ""cited_by_count"": 57}, {""year"": 2021, ""works_count"": 8, ""oa_works_count"": 6, ""cited_by_count"": 14}, {""year"": 2022, ""works_count"": 5, ""oa_works_count"": 5, ""cited_by_count"": 13}, {""year"": 2023, ""works_count"": 3, ""oa_works_count"": 3, ""cited_by_count"": 8}, {""year"": 2024, ""works_count"": 7, ""oa_works_count"": 5, ""cited_by_count"": 7}, {""year"": 2025, ""works_count"": 1, ""oa_works_count"": 1, ""cited_by_count"": 0}, {""year"": 2026, ""works_count"": 4, ""oa_works_count"": 4, ""cited_by_count"": 0}]"
https://openalex.org/A5034150823,Felienne Hermans,2013,ICSE,4,1,SS→DOI→OA,137,2144,27,50,2.4285714285714284,2009,"[{""year"": 2009, ""works_count"": 2, ""oa_works_count"": 0, ""cited_by_count"": 9}, {""year"": 2010, ""works_count"": 1, ""oa_works_count"": 0, ""cited_by_count"": 43}, {""year"": 2011, ""works_count"": 2, ""oa_works_count"": 2, ""cited_by_count"": 14}, {""year"": 2012, ""works_count"": 7, ""oa_works_count"": 6, ""cited_by_count"": 105}, {""year"": 2013, ""works_count"": 5, ""oa_works_count"": 4, ""cited_by_count"": 122}, {""year"": 2014, ""works_count"": 9, ""oa_works_count"": 8, ""cited_by_count"": 100}, {""year"": 2015, ""works_count"": 11, ""oa_works_count"": 3, ""cited_by_count"": 184}, {""year"": 2016, ""works_count"": 14, ""oa_works_count"": 4, ""cited_by_count"": 354}, {""year"": 2017, ""works_count"": 16, ""oa_works_count"": 4, ""cited_by_count"": 304}, {""year"": 2018, ""works_count"": 9, ""oa_works_count"": 5, ""cited_by_count"": 149}, {""year"": 2019, ""works_count"": 7, ""oa_works_count"": 4, ""cited_by_count"": 164}, {""year"": 2020, ""works_count"": 9, ""oa_works_count"": 6, ""cited_by_count"": 257}, {""year"": 2021, ""works_count"": 14, ""oa_works_count"": 11, ""cited_by_count"": 194}, {""year"": 2022, ""works_count"": 9, ""oa_works_count"": 7, ""cited_by_count"": 41}, {""year"": 2023, ""works_count"": 8, ""oa_works_count"": 8, ""cited_by_count"": 70}, {""year"": 2024, ""works_count"": 13, ""oa_works_count"": 13, ""cited_by_count"": 34}, {""year"": 2026, ""works_count"": 1, ""oa_works_count"": 0, ""cited_by_count"": 0}]"
https://openalex.org/A5022511801,B.M.W. Sedee,2013,ICSE,4,2,SS→DOI→OA,4,74,2,2,0.0,2013,"[{""year"": 2009, ""works_count"": 1, ""oa_works_count"": 0, ""cited_by_count"": 0}, {""year"": 2013, ""works_count"": 3, ""oa_works_count"": 2, ""cited_by_count"": 74}]"
https://openalex.org/A5072756568,Dale Blue,2013,ICSE,4,1,SS→DOI→OA,7,47,3,1,0.0,2013,"[{""year"": 2009, ""works_count"": 1, ""oa_works_count"": 0, ""cited_by_count"": 3}, {""year"": 2010, ""works_count"": 1, ""oa_works_count"": 0, ""cited_by_count"": 2}, {""year"": 2011, ""works_count"": 1, ""oa_works_count"": 0, ""cited_by_count"": 1}, {""year"": 2013, ""works_count"": 1, ""oa_works_count"": 0, ""cited_by_count"": 31}, {""year"": 2018, ""works_count"": 1, ""oa_works_count"": 0, ""cited_by_count"": 1}, {""year"": 2019, ""works_count"": 1, ""oa_works_count"": 0, ""cited_by_count"": 9}, {""year"": 2022, ""works_count"": 1, ""oa_works_count"": 1, ""cited_by_count"": 0}]"
https://openalex.org/A5076258904,Rachel Tzoref-Brill,2013,ICSE,4,3,SS→DOI→OA,38,438,11,16,0.0,2009,"[{""year"": 2009, ""works_count"": 2, ""oa_works_count"": 0, ""cited_by_count"": 31}, {""year"": 2010, ""works_count"": 1, ""oa_works_count"": 0, ""cited_by_count"": 2}, {""year"": 2011, ""works_count"": 1, ""oa_works_count"": 0, ""cited_by_count"": 84}, {""year"": 2012, ""works_count"": 4, ""oa_works_count"": 0, ""cited_by_count"": 61}, {""year"": 2013, ""works_count"": 2, ""oa_works_count"": 0, ""cited_by_count"": 39}, {""year"": 2014, ""works_count"": 2, ""oa_works_count"": 0, ""cited_by_count"": 50}, {""year"": 2015, ""works_count"": 3, ""oa_works_count"": 0, ""cited_by_count"": 19}, {""year"": 2016, ""works_count"": 4, ""oa_works_count"": 0, ""cited_by_count"": 16}, {""year"": 2017, ""works_count"": 4, ""oa_works_count"": 0, ""cited_by_count"": 13}, {""year"": 2018, ""works_count"": 3, ""oa_works_count"": 0, ""cited_by_count"": 23}, {""year"": 2019, ""works_count"": 4, ""oa_works_count"": 1, ""cited_by_count"": 40}, {""year"": 2021, ""works_count"": 1, ""oa_works_count"": 1, ""cited_by_count"": 0}, {""year"": 2022, ""works_count"": 2, ""oa_works_count"": 1, ""cited_by_count"": 9}, {""year"": 2023, ""works_count"": 3, ""oa_works_count"": 1, ""cited_by_count"": 51}, {""year"": 2025, ""works_count"": 2, ""oa_works_count"": 2, ""cited_by_count"": 0}]"
https://openalex.org/A5056378414,Weiyi Shang,2013,ICSE,4,1,SS→DOI→OA,157,3877,37,87,1.6216216216216217,2009,"[{""year"": 2009, ""works_count"": 1, ""oa_works_count"": 0, ""cited_by_count"": 48}, {""year"": 2010, ""works_count"": 4, ""oa_works_count"": 1, ""cited_by_count"": 156}, {""year"": 2011, ""works_count"": 2, ""oa_works_count"": 0, ""cited_by_count"": 59}, {""year"": 2012, ""works_count"": 2, ""oa_works_count"": 0, ""cited_by_count"": 35}, {""year"": 2013, ""works_count"": 3, ""oa_works_count"": 0, ""cited_by_count"": 259}, {""year"": 2014, ""works_count"": 3, ""oa_works_count"": 1, ""cited_by_count"": 189}, {""year"": 2015, ""works_count"": 4, ""oa_works_count"": 0, ""cited_by_count"": 151}, {""year"": 2016, ""works_count"": 18, ""oa_works_count"": 0, ""cited_by_count"": 828}, {""year"": 2017, ""works_count"": 10, ""oa_works_count"": 2, ""cited_by_count"": 289}, {""year"": 2018, ""works_count"": 13, ""oa_works_count"": 2, ""cited_by_count"": 315}, {""year"": 2019, ""works_count"": 9, ""oa_works_count"": 1, ""cited_by_count"": 277}, {""year"": 2020, ""works_count"": 15, ""oa_works_count"": 4, ""cited_by_count"": 527}, {""year"": 2021, ""works_count"": 14, ""oa_works_count"": 5, ""cited_by_count"": 288}, {""year"": 2022, ""works_count"": 7, ""oa_works_count"": 0, ""cited_by_count"": 304}, {""year"": 2023, ""works_count"": 15, ""oa_works_count"": 5, ""cited_by_count"": 92}, {""year"": 2024, ""works_count"": 16, ""oa_works_count"": 7, ""cited_by_count"": 53}, {""year"": 2025, ""works_count"": 15, ""oa_works_count"": 4, ""cited_by_count"": 7}, {""year"": 2026, ""works_count"": 6, ""oa_works_count"": 3, ""cited_by_count"": 0}]"
https://openalex.org/A5029665272,Daryl Posnett,2013,ICSE,3,1,SS→DOI→OA,23,1796,14,15,0.0,2010,"[{""year"": 2010, ""works_count"": 3, ""oa_works_count"": 1, ""cited_by_count"": 31}, {""year"": 2011, ""works_count"": 4, ""oa_works_count"": 0, ""cited_by_count"": 367}, {""year"": 2012, ""works_count"": 5, ""oa_works_count"": 0, ""cited_by_count"": 294}, {""year"": 2013, ""works_count"": 4, ""oa_works_count"": 0, ""cited_by_count"": 249}, {""year"": 2014, ""works_count"": 2, ""oa_works_count"": 0, ""cited_by_count"": 427}, {""year"": 2015, ""works_count"": 1, ""oa_works_count"": 0, ""cited_by_count"": 345}, {""year"": 2016, ""works_count"": 1, ""oa_works_count"": 0, ""cited_by_count"": 1}, {""year"": 2017, ""works_count"": 2, ""oa_works_count"": 1, ""cited_by_count"": 77}, {""year"": 2021, ""works_count"": 1, ""oa_works_count"": 0, ""cited_by_count"": 5}]"
https://openalex.org/A5000308912,Jaechang Nam,2013,ICSE,4,2,SS→title→OA,31,2196,12,13,0.0,2009,"[{""year"": 2009, ""works_count"": 2, ""oa_works_count"": 1, ""cited_by_count"": 6}, {""year"": 2011, ""works_count"": 2, ""oa_works_count"": 0, ""cited_by_count"": 154}, {""year"": 2013, ""works_count"": 4, ""oa_works_count"": 2, ""cited_by_count"": 863}, {""year"": 2015, ""works_count"": 4, ""oa_works_count"": 0, ""cited_by_count"": 396}, {""year"": 2016, ""works_count"": 1, ""oa_works_count"": 0, ""cited_by_count"": 63}, {""year"": 2017, ""works_count"": 2, ""oa_works_count"": 0, ""cited_by_count"": 345}, {""year"": 2018, ""works_count"": 3, ""oa_works_count"": 0, ""cited_by_count"": 302}, {""year"": 2019, ""works_count"": 1, ""oa_works_count"": 0, ""cited_by_count"": 12}, {""year"": 2021, ""works_count"": 3, ""oa_works_count"": 2, ""cited_by_count"": 48}, {""year"": 2022, ""works_count"": 3, ""oa_works_count"": 1, ""cited_by_count"": 4}, {""year"": 2023, ""works_count"": 2, ""oa_works_count"": 1, ""cited_by_count"": 3}, {""year"": 2024, ""works_count"": 1, ""oa_works_count"": 0, ""cited_by_count"": 0}, {""year"": 2025, ""works_count"": 3, ""oa_works_count"": 1, ""cited_by_count"": 0}]"
https://openalex.org/A5064825146,Elisha Rosensweig,2013,INFOCOM,4,1,SS→DOI→OA,16,620,8,7,0.0,2009,"[{""year"": 2009, ""works_count"": 1, ""oa_works_count"": 0, ""cited_by_count"": 188}, {""year"": 2010, ""works_count"": 2, ""oa_works_count"": 0, ""cited_by_count"": 226}, {""year"": 2012, ""works_count"": 2, ""oa_works_count"": 0, ""cited_by_count"": 24}, {""year"": 2013, ""works_count"": 2, ""oa_works_count"": 0, ""cited_by_count"": 110}, {""year"": 2015, ""works_count"": 3, ""oa_works_count"": 1, ""cited_by_count"": 17}, {""year"": 2016, ""works_count"": 2, ""oa_works_count"": 1, ""cited_by_count"": 44}, {""year"": 2017, ""works_count"": 1, ""oa_works_count"": 0, ""cited_by_count"": 5}, {""year"": 2018, ""works_count"": 1, ""oa_works_count"": 0, ""cited_by_count"": 2}, {""year"": 2022, ""works_count"": 1, ""oa_works_count"": 1, ""cited_by_count"": 4}, {""year"": 2025, ""works_count"": 1, ""oa_works_count"": 1, ""cited_by_count"": 0}]"
https://openalex.org/A5035348123,Qifan Pu,2013,MOBICOM,1,1,SS→DOI→OA,21,3166,17,17,0.0,2012,"[{""year"": 2012, ""works_count"": 2, ""oa_works_count"": 0, ""cited_by_count"": 94}, {""year"": 2013, ""works_count"": 6, ""oa_works_count"": 2, ""cited_by_count"": 1372}, {""year"": 2014, ""works_count"": 1, ""oa_works_count"": 0, ""cited_by_count"": 44}, {""year"": 2015, ""works_count"": 3, ""oa_works_count"": 1, ""cited_by_count"": 445}, {""year"": 2016, ""works_count"": 1, ""oa_works_count"": 0, ""cited_by_count"": 45}, {""year"": 2017, ""works_count"": 2, ""oa_works_count"": 1, ""cited_by_count"": 467}, {""year"": 2018, ""works_count"": 1, ""oa_works_count"": 1, ""cited_by_count"": 67}, {""year"": 2019, ""works_count"": 3, ""oa_works_count"": 2, ""cited_by_count"": 534}, {""year"": 2020, ""works_count"": 1, ""oa_works_count"": 1, ""cited_by_count"": 91}, {""year"": 2021, ""works_count"": 1, ""oa_works_count"": 0, ""cited_by_count"": 7}]"
https://openalex.org/A5103356207,Sidhant Gupta,2013,MOBICOM,3,2,SS→DOI→OA,38,3223,22,26,0.0,2010,"[{""year"": 2010, ""works_count"": 6, ""oa_works_count"": 0, ""cited_by_count"": 863}, {""year"": 2011, ""works_count"": 4, ""oa_works_count"": 0, ""cited_by_count"": 185}, {""year"": 2012, ""works_count"": 3, ""oa_works_count"": 0, ""cited_by_count"": 487}, {""year"": 2013, ""works_count"": 7, ""oa_works_count"": 0, ""cited_by_count"": 1334}, {""year"": 2014, ""works_count"": 1, ""oa_works_count"": 0, ""cited_by_count"": 4}, {""year"": 2015, ""works_count"": 7, ""oa_works_count"": 1, ""cited_by_count"": 219}, {""year"": 2017, ""works_count"": 2, ""oa_works_count"": 0, ""cited_by_count"": 30}, {""year"": 2018, ""works_count"": 2, ""oa_works_count"": 0, ""cited_by_count"": 93}, {""year"": 2019, ""works_count"": 1, ""oa_works_count"": 0, ""cited_by_count"": 0}, {""year"": 2020, ""works_count"": 1, ""oa_works_count"": 0, ""cited_by_count"": 3}, {""year"": 2022, ""works_count"": 3, ""oa_works_count"": 1, ""cited_by_count"": 5}, {""year"": 2025, ""works_count"": 1, ""oa_works_count"": 1, ""cited_by_count"": 0}]"
https://openalex.org/A5006723758,Tony Nowatzki,2013,PLDI,1,1,SS→DOI→OA,75,1754,24,35,0.7142857142857143,2012,"[{""year"": 2012, ""works_count"": 4, ""oa_works_count"": 1, ""cited_by_count"": 288}, {""year"": 2013, ""works_count"": 6, ""oa_works_count"": 2, ""cited_by_count"": 141}, {""year"": 2014, ""works_count"": 9, ""oa_works_count"": 1, ""cited_by_count"": 30}, {""year"": 2015, ""works_count"": 7, ""oa_works_count"": 1, ""cited_by_count"": 150}, {""year"": 2016, ""works_count"": 9, ""oa_works_count"": 1, ""cited_by_count"": 94}, {""year"": 2017, ""works_count"": 5, ""oa_works_count"": 0, ""cited_by_count"": 244}, {""year"": 2018, ""works_count"": 1, ""oa_works_count"": 0, ""cited_by_count"": 54}, {""year"": 2019, ""works_count"": 6, ""oa_works_count"": 4, ""cited_by_count"": 166}, {""year"": 2020, ""works_count"": 3, ""oa_works_count"": 0, ""cited_by_count"": 200}, {""year"": 2021, ""works_count"": 6, ""oa_works_count"": 2, ""cited_by_count"": 204}, {""year"": 2022, ""works_count"": 8, ""oa_works_count"": 1, ""cited_by_count"": 153}, {""year"": 2023, ""works_count"": 4, ""oa_works_count"": 4, ""cited_by_count"": 25}, {""year"": 2024, ""works_count"": 3, ""oa_works_count"": 1, ""cited_by_count"": 4}, {""year"": 2025, ""works_count"": 4, ""oa_works_count"": 2, ""cited_by_count"": 1}]"
https://openalex.org/A5002290345,Michael Sartin-Tarm,2013,PLDI,0,2,SS→DOI→OA,4,107,3,2,0.0,2013,"[{""year"": 2013, ""works_count"": 3, ""oa_works_count"": 1, ""cited_by_count"": 101}, {""year"": 2014, ""works_count"": 1, ""oa_works_count"": 1, ""cited_by_count"": 6}]"
https://openalex.org/A5044253018,Aleksandar Chakarov,2013,PLDI,4,2,SS→DOI→OA,20,515,9,9,0.0,2011,"[{""year"": 2009, ""works_count"": 1, ""oa_works_count"": 0, ""cited_by_count"": 2}, {""year"": 2011, ""works_count"": 3, ""oa_works_count"": 1, ""cited_by_count"": 3}, {""year"": 2012, ""works_count"": 2, ""oa_works_count"": 0, ""cited_by_count"": 13}, {""year"": 2013, ""works_count"": 5, ""oa_works_count"": 1, ""cited_by_count"": 345}, {""year"": 2014, ""works_count"": 1, ""oa_works_count"": 0, ""cited_by_count"": 48}, {""year"": 2016, ""works_count"": 6, ""oa_works_count"": 4, ""cited_by_count"": 82}, {""year"": 2021, ""works_count"": 1, ""oa_works_count"": 1, ""cited_by_count"": 9}, {""year"": 2022, ""works_count"": 1, ""oa_works_count"": 1, ""cited_by_count"": 13}]"
https://openalex.org/A5020274673,Chinawat Isradisaikul,2013,PLDI,4,1,SS→DOI→OA,8,21,2,1,0.0,2013,"[{""year"": 2009, ""works_count"": 1, ""oa_works_count"": 0, ""cited_by_count"": 0}, {""year"": 2013, ""works_count"": 2, ""oa_works_count"": 0, ""cited_by_count"": 13}, {""year"": 2015, ""works_count"": 2, ""oa_works_count"": 0, ""cited_by_count"": 8}, {""year"": 2023, ""works_count"": 1, ""oa_works_count"": 0, ""cited_by_count"": 0}, {""year"": 2024, ""works_count"": 1, ""oa_works_count"": 0, ""cited_by_count"": 0}, {""year"": 2025, ""works_count"": 1, ""oa_works_count"": 0, ""cited_by_count"": 0}]"
https://openalex.org/A5085711958,Szymon Toruńczyk,2013,PODS,4,3,SS→DOI→OA,75,536,14,21,2.8333333333333335,2009,"[{""year"": 2009, ""works_count"": 1, ""oa_works_count"": 1, ""cited_by_count"": 15}, {""year"": 2010, ""works_count"": 2, ""oa_works_count"": 0, ""cited_by_count"": 83}, {""year"": 2011, ""works_count"": 1, ""oa_works_count"": 1, ""cited_by_count"": 20}, {""year"": 2012, ""works_count"": 4, ""oa_works_count"": 3, ""cited_by_count"": 51}, {""year"": 2013, ""works_count"": 3, ""oa_works_count"": 0, ""cited_by_count"": 47}, {""year"": 2014, ""works_count"": 1, ""oa_works_count"": 0, ""cited_by_count"": 12}, {""year"": 2015, ""works_count"": 3, ""oa_works_count"": 2, ""cited_by_count"": 21}, {""year"": 2016, ""works_count"": 10, ""oa_works_count"": 8, ""cited_by_count"": 58}, {""year"": 2017, ""works_count"": 4, ""oa_works_count"": 3, ""cited_by_count"": 13}, {""year"": 2018, ""works_count"": 7, ""oa_works_count"": 5, ""cited_by_count"": 46}, {""year"": 2019, ""works_count"": 3, ""oa_works_count"": 3, ""cited_by_count"": 2}, {""year"": 2020, ""works_count"": 5, ""oa_works_count"": 2, ""cited_by_count"": 42}, {""year"": 2021, ""works_count"": 6, ""oa_works_count"": 6, ""cited_by_count"": 8}, {""year"": 2022, ""works_count"": 10, ""oa_works_count"": 8, ""cited_by_count"": 68}, {""year"": 2023, ""works_count"": 3, ""oa_works_count"": 2, ""cited_by_count"": 16}, {""year"": 2024, ""works_count"": 6, ""oa_works_count"": 4, ""cited_by_count"": 32}, {""year"": 2025, ""works_count"": 6, ""oa_works_count"": 4, ""cited_by_count"": 2}]"
https://openalex.org/A5085429060,Ben Mountjoy,2013,SODA,0,3,SS→DOI→OA,2,222,2,2,0.0,2013,"[{""year"": 2013, ""works_count"": 2, ""oa_works_count"": 0, ""cited_by_count"": 222}]"
https://openalex.org/A5103417248,Tathagata Das,2013,SOSP,5,2,GS→title→OA,33,9122,19,19,0.0,2008,"[{""year"": 2008, ""works_count"": 5, ""oa_works_count"": 0, ""cited_by_count"": 93}, {""year"": 2009, ""works_count"": 2, ""oa_works_count"": 0, ""cited_by_count"": 96}, {""year"": 2010, ""works_count"": 4, ""oa_works_count"": 0, ""cited_by_count"": 394}, {""year"": 2011, ""works_count"": 1, ""oa_works_count"": 0, ""cited_by_count"": 0}, {""year"": 2012, ""works_count"": 6, ""oa_works_count"": 1, ""cited_by_count"": 4593}, {""year"": 2013, ""works_count"": 2, ""oa_works_count"": 1, ""cited_by_count"": 981}, {""year"": 2014, ""works_count"": 4, ""oa_works_count"": 0, ""cited_by_count"": 140}, {""year"": 2015, ""works_count"": 3, ""oa_works_count"": 0, ""cited_by_count"": 114}, {""year"": 2016, ""works_count"": 3, ""oa_works_count"": 0, ""cited_by_count"": 2347}, {""year"": 2018, ""works_count"": 1, ""oa_works_count"": 0, ""cited_by_count"": 184}, {""year"": 2020, ""works_count"": 1, ""oa_works_count"": 1, ""cited_by_count"": 180}, {""year"": 2024, ""works_count"": 1, ""oa_works_count"": 0, ""cited_by_count"": 0}]"
https://openalex.org/A5056988727,Jifei Ou,2013,UIST,1,3,SS→DOI→OA,29,1778,15,15,4.0,2012,"[{""year"": 2012, ""works_count"": 1, ""oa_works_count"": 0, ""cited_by_count"": 4}, {""year"": 2013, ""works_count"": 2, ""oa_works_count"": 1, ""cited_by_count"": 326}, {""year"": 2014, ""works_count"": 5, ""oa_works_count"": 3, ""cited_by_count"": 147}, {""year"": 2015, ""works_count"": 5, ""oa_works_count"": 0, ""cited_by_count"": 305}, {""year"": 2016, ""works_count"": 5, ""oa_works_count"": 0, ""cited_by_count"": 411}, {""year"": 2017, ""works_count"": 3, ""oa_works_count"": 1, ""cited_by_count"": 349}, {""year"": 2018, ""works_count"": 2, ""oa_works_count"": 0, ""cited_by_count"": 96}, {""year"": 2019, ""works_count"": 3, ""oa_works_count"": 1, ""cited_by_count"": 127}, {""year"": 2020, ""works_count"": 1, ""oa_works_count"": 1, ""cited_by_count"": 9}, {""year"": 2021, ""works_count"": 1, ""oa_works_count"": 1, ""cited_by_count"": 0}, {""year"": 2024, ""works_count"": 1, ""oa_works_count"": 1, ""cited_by_count"": 4}]"
https://openalex.org/A5003218066,Marina Drosou,2013,VLDB,5,1,SS→DOI→OA,22,803,12,15,0.0,2008,"[{""year"": 2008, ""works_count"": 1, ""oa_works_count"": 0, ""cited_by_count"": 6}, {""year"": 2009, ""works_count"": 3, ""oa_works_count"": 0, ""cited_by_count"": 138}, {""year"": 2010, ""works_count"": 3, ""oa_works_count"": 0, ""cited_by_count"": 237}, {""year"": 2011, ""works_count"": 1, ""oa_works_count"": 0, ""cited_by_count"": 14}, {""year"": 2012, ""works_count"": 4, ""oa_works_count"": 2, ""cited_by_count"": 132}, {""year"": 2013, ""works_count"": 7, ""oa_works_count"": 1, ""cited_by_count"": 113}, {""year"": 2014, ""works_count"": 1, ""oa_works_count"": 0, ""cited_by_count"": 2}, {""year"": 2015, ""works_count"": 1, ""oa_works_count"": 0, ""cited_by_count"": 21}, {""year"": 2017, ""works_count"": 1, ""oa_works_count"": 0, ""cited_by_count"": 140}]"
https://openalex.org/A5011012964,Cristian Danescu-Niculescu-Mizil,2013,WWW,4,1,SS→DOI→OA,109,5483,36,61,0.09090909090909091,2009,"[{""year"": 2009, ""works_count"": 5, ""oa_works_count"": 4, ""cited_by_count"": 325}, {""year"": 2010, ""works_count"": 5, ""oa_works_count"": 4, ""cited_by_count"": 177}, {""year"": 2011, ""works_count"": 5, ""oa_works_count"": 4, ""cited_by_count"": 735}, {""year"": 2012, ""works_count"": 6, ""oa_works_count"": 5, ""cited_by_count"": 438}, {""year"": 2013, ""works_count"": 7, ""oa_works_count"": 3, ""cited_by_count"": 969}, {""year"": 2014, ""works_count"": 6, ""oa_works_count"": 5, ""cited_by_count"": 450}, {""year"": 2015, ""works_count"": 4, ""oa_works_count"": 3, ""cited_by_count"": 263}, {""year"": 2016, ""works_count"": 7, ""oa_works_count"": 6, ""cited_by_count"": 333}, {""year"": 2017, ""works_count"": 18, ""oa_works_count"": 16, ""cited_by_count"": 878}, {""year"": 2018, ""works_count"": 10, ""oa_works_count"": 10, ""cited_by_count"": 309}, {""year"": 2019, ""works_count"": 12, ""oa_works_count"": 10, ""cited_by_count"": 221}, {""year"": 2020, ""works_count"": 8, ""oa_works_count"": 8, ""cited_by_count"": 110}, {""year"": 2021, ""works_count"": 3, ""oa_works_count"": 2, ""cited_by_count"": 227}, {""year"": 2022, ""works_count"": 2, ""oa_works_count"": 2, ""cited_by_count"": 47}, {""year"": 2024, ""works_count"": 4, ""oa_works_count"": 4, ""cited_by_count"": 1}, {""year"": 2025, ""works_count"": 7, ""oa_works_count"": 7, ""cited_by_count"": 0}]"
https://openalex.org/A5074393622,Suicheng Gu,2012,AAAI,5,1,SS→DOI→OA,28,852,16,19,5.0,2007,"[{""year"": 2007, ""works_count"": 1, ""oa_works_count"": 0, ""cited_by_count"": 0}, {""year"": 2008, ""works_count"": 1, ""oa_works_count"": 0, ""cited_by_count"": 0}, {""year"": 2009, ""works_count"": 1, ""oa_works_count"": 0, ""cited_by_count"": 5}, {""year"": 2010, ""works_count"": 3, ""oa_works_count"": 0, ""cited_by_count"": 74}, {""year"": 2011, ""works_count"": 2, ""oa_works_count"": 1, ""cited_by_count"": 163}, {""year"": 2012, ""works_count"": 8, ""oa_works_count"": 4, ""cited_by_count"": 297}, {""year"": 2013, ""works_count"": 2, ""oa_works_count"": 1, ""cited_by_count"": 20}, {""year"": 2014, ""works_count"": 5, ""oa_works_count"": 5, ""cited_by_count"": 134}, {""year"": 2015, ""works_count"": 2, ""oa_works_count"": 2, ""cited_by_count"": 105}, {""year"": 2016, ""works_count"": 1, ""oa_works_count"": 0, ""cited_by_count"": 22}, {""year"": 2021, ""works_count"": 1, ""oa_works_count"": 1, ""cited_by_count"": 27}, {""year"": 2024, ""works_count"": 1, ""oa_works_count"": 1, ""cited_by_count"": 5}]"
https://openalex.org/A5007903730,Zhanying He,2012,AAAI,0,1,SS→DOI→OA,7,235,5,4,1.0,2012,"[{""year"": 2012, ""works_count"": 1, ""oa_works_count"": 0, ""cited_by_count"": 18}, {""year"": 2013, ""works_count"": 1, ""oa_works_count"": 1, ""cited_by_count"": 54}, {""year"": 2014, ""works_count"": 2, ""oa_works_count"": 0, ""cited_by_count"": 12}, {""year"": 2015, ""works_count"": 1, ""oa_works_count"": 0, ""cited_by_count"": 31}, {""year"": 2021, ""works_count"": 1, ""oa_works_count"": 1, ""cited_by_count"": 119}, {""year"": 2024, ""works_count"": 1, ""oa_works_count"": 1, ""cited_by_count"": 1}]"
https://openalex.org/A5040024687,Niels Henze,2012,CHI,5,1,GS→title→OA,259,7079,43,150,2.2142857142857144,2006,"[{""year"": 2006, ""works_count"": 1, ""oa_works_count"": 0, ""cited_by_count"": 6}, {""year"": 2007, ""works_count"": 4, ""oa_works_count"": 0, ""cited_by_count"": 53}, {""year"": 2008, ""works_count"": 9, ""oa_works_count"": 2, ""cited_by_count"": 706}, {""year"": 2009, ""works_count"": 3, ""oa_works_count"": 0, ""cited_by_count"": 65}, {""year"": 2010, ""works_count"": 8, ""oa_works_count"": 0, ""cited_by_count"": 250}, {""year"": 2011, ""works_count"": 8, ""oa_works_count"": 2, ""cited_by_count"": 350}, {""year"": 2012, ""works_count"": 6, ""oa_works_count"": 0, ""cited_by_count"": 134}, {""year"": 2013, ""works_count"": 11, ""oa_works_count"": 0, ""cited_by_count"": 227}, {""year"": 2014, ""works_count"": 21, ""oa_works_count"": 0, ""cited_by_count"": 616}, {""year"": 2015, ""works_count"": 23, ""oa_works_count"": 7, ""cited_by_count"": 450}, {""year"": 2016, ""works_count"": 22, ""oa_works_count"": 3, ""cited_by_count"": 494}, {""year"": 2017, ""works_count"": 28, ""oa_works_count"": 4, ""cited_by_count"": 961}, {""year"": 2018, ""works_count"": 31, ""oa_works_count"": 4, ""cited_by_count"": 1105}, {""year"": 2019, ""works_count"": 26, ""oa_works_count"": 3, ""cited_by_count"": 926}, {""year"": 2020, ""works_count"": 17, ""oa_works_count"": 2, ""cited_by_count"": 333}, {""year"": 2021, ""works_count"": 5, ""oa_works_count"": 4, ""cited_by_count"": 145}, {""year"": 2022, ""works_count"": 12, ""oa_works_count"": 8, ""cited_by_count"": 133}, {""year"": 2023, ""works_count"": 10, ""oa_works_count"": 9, ""cited_by_count"": 94}, {""year"": 2024, ""works_count"": 5, ""oa_works_count"": 5, ""cited_by_count"": 25}, {""year"": 2025, ""works_count"": 9, ""oa_works_count"": 9, ""cited_by_count"": 6}]"
https://openalex.org/A5060738906,Chi Thanh,2012,CHI,0,1,SS→title→OA,45,1055,16,20,0.42857142857142855,2012,"[{""year"": 2012, ""works_count"": 1, ""oa_works_count"": 0, ""cited_by_count"": 63}, {""year"": 2013, ""works_count"": 5, ""oa_works_count"": 0, ""cited_by_count"": 19}, {""year"": 2014, ""works_count"": 2, ""oa_works_count"": 1, ""cited_by_count"": 28}, {""year"": 2015, ""works_count"": 1, ""oa_works_count"": 1, ""cited_by_count"": 54}, {""year"": 2016, ""works_count"": 4, ""oa_works_count"": 1, ""cited_by_count"": 186}, {""year"": 2017, ""works_count"": 9, ""oa_works_count"": 3, ""cited_by_count"": 546}, {""year"": 2018, ""works_count"": 2, ""oa_works_count"": 2, ""cited_by_count"": 37}, {""year"": 2020, ""works_count"": 4, ""oa_works_count"": 3, ""cited_by_count"": 67}, {""year"": 2021, ""works_count"": 4, ""oa_works_count"": 1, ""cited_by_count"": 8}, {""year"": 2022, ""works_count"": 2, ""oa_works_count"": 1, ""cited_by_count"": 17}, {""year"": 2023, ""works_count"": 4, ""oa_works_count"": 1, ""cited_by_count"": 27}, {""year"": 2024, ""works_count"": 1, ""oa_works_count"": 0, ""cited_by_count"": 2}, {""year"": 2025, ""works_count"": 6, ""oa_works_count"": 0, ""cited_by_count"": 1}]"
https://openalex.org/A5006126917,Erin Friess,2012,CHI,5,1,SS→title→OA,29,359,9,8,0.5,2007,"[{""year"": 2007, ""works_count"": 1, ""oa_works_count"": 0, ""cited_by_count"": 0}, {""year"": 2008, ""works_count"": 2, ""oa_works_count"": 0, ""cited_by_count"": 5}, {""year"": 2010, ""works_count"": 2, ""oa_works_count"": 0, ""cited_by_count"": 81}, {""year"": 2011, ""works_count"": 2, ""oa_works_count"": 1, ""cited_by_count"": 18}, {""year"": 2012, ""works_count"": 2, ""oa_works_count"": 0, ""cited_by_count"": 133}, {""year"": 2013, ""works_count"": 2, ""oa_works_count"": 0, ""cited_by_count"": 8}, {""year"": 2014, ""works_count"": 2, ""oa_works_count"": 0, ""cited_by_count"": 6}, {""year"": 2015, ""works_count"": 2, ""oa_works_count"": 0, ""cited_by_count"": 29}, {""year"": 2016, ""works_count"": 1, ""oa_works_count"": 0, ""cited_by_count"": 0}, {""year"": 2017, ""works_count"": 2, ""oa_works_count"": 0, ""cited_by_count"": 1}, {""year"": 2018, ""works_count"": 1, ""oa_works_count"": 0, ""cited_by_count"": 15}, {""year"": 2019, ""works_count"": 1, ""oa_works_count"": 0, ""cited_by_count"": 23}, {""year"": 2020, ""works_count"": 1, ""oa_works_count"": 0, ""cited_by_count"": 9}, {""year"": 2021, ""works_count"": 1, ""oa_works_count"": 0, ""cited_by_count"": 12}, {""year"": 2022, ""works_count"": 1, ""oa_works_count"": 0, ""cited_by_count"": 9}, {""year"": 2023, ""works_count"": 1, ""oa_works_count"": 0, ""cited_by_count"": 6}, {""year"": 2025, ""works_count"": 2, ""oa_works_count"": 0, ""cited_by_count"": 2}, {""year"": 2026, ""works_count"": 2, ""oa_works_count"": 2, ""cited_by_count"": 0}]"
https://openalex.org/A5083692181,Emilien Ghomi,2012,CHI,2,1,SS→DOI→OA,7,95,3,2,0.0,2010,"[{""year"": 2010, ""works_count"": 1, ""oa_works_count"": 1, ""cited_by_count"": 0}, {""year"": 2011, ""works_count"": 2, ""oa_works_count"": 2, ""cited_by_count"": 4}, {""year"": 2012, ""works_count"": 2, ""oa_works_count"": 2, ""cited_by_count"": 39}, {""year"": 2013, ""works_count"": 2, ""oa_works_count"": 1, ""cited_by_count"": 52}]"
https://openalex.org/A5091725659,Guillaume Faure,2012,CHI,3,2,SS→DOI→OA,7,59,3,2,0.0,2009,"[{""year"": 2009, ""works_count"": 2, ""oa_works_count"": 2, ""cited_by_count"": 20}, {""year"": 2010, ""works_count"": 1, ""oa_works_count"": 1, ""cited_by_count"": 0}, {""year"": 2011, ""works_count"": 2, ""oa_works_count"": 2, ""cited_by_count"": 0}, {""year"": 2012, ""works_count"": 2, ""oa_works_count"": 2, ""cited_by_count"": 39}]"
https://openalex.org/A5076116389,Bradley Edward Cossette,2012,FSE,0,1,SS→DOI→OA,3,120,2,1,0.0,2012,"[{""year"": 2012, ""works_count"": 1, ""oa_works_count"": 0, ""cited_by_count"": 118}, {""year"": 2014, ""works_count"": 2, ""oa_works_count"": 1, ""cited_by_count"": 2}]"
https://openalex.org/A5067066896,Anoop Korattikara,2012,ICML,1,2,SS→title→OA,19,3969,11,12,0.0,2011,"[{""year"": 2011, ""works_count"": 1, ""oa_works_count"": 0, ""cited_by_count"": 8}, {""year"": 2012, ""works_count"": 1, ""oa_works_count"": 1, ""cited_by_count"": 113}, {""year"": 2013, ""works_count"": 1, ""oa_works_count"": 1, ""cited_by_count"": 167}, {""year"": 2014, ""works_count"": 1, ""oa_works_count"": 1, ""cited_by_count"": 7}, {""year"": 2015, ""works_count"": 7, ""oa_works_count"": 4, ""cited_by_count"": 755}, {""year"": 2016, ""works_count"": 2, ""oa_works_count"": 1, ""cited_by_count"": 159}, {""year"": 2017, ""works_count"": 1, ""oa_works_count"": 0, ""cited_by_count"": 2630}, {""year"": 2019, ""works_count"": 3, ""oa_works_count"": 3, ""cited_by_count"": 110}, {""year"": 2020, ""works_count"": 1, ""oa_works_count"": 1, ""cited_by_count"": 19}]"
https://openalex.org/A5088410123,Mehdi Mirakhorli,2012,ICSE,5,1,SS→DOI→OA,126,1470,22,43,2.0833333333333335,2007,"[{""year"": 2007, ""works_count"": 2, ""oa_works_count"": 0, ""cited_by_count"": 17}, {""year"": 2008, ""works_count"": 5, ""oa_works_count"": 0, ""cited_by_count"": 29}, {""year"": 2011, ""works_count"": 8, ""oa_works_count"": 0, ""cited_by_count"": 254}, {""year"": 2012, ""works_count"": 5, ""oa_works_count"": 0, ""cited_by_count"": 174}, {""year"": 2013, ""works_count"": 13, ""oa_works_count"": 2, ""cited_by_count"": 230}, {""year"": 2014, ""works_count"": 7, ""oa_works_count"": 2, ""cited_by_count"": 85}, {""year"": 2015, ""works_count"": 13, ""oa_works_count"": 0, ""cited_by_count"": 172}, {""year"": 2016, ""works_count"": 7, ""oa_works_count"": 3, ""cited_by_count"": 70}, {""year"": 2017, ""works_count"": 8, ""oa_works_count"": 1, ""cited_by_count"": 132}, {""year"": 2018, ""works_count"": 7, ""oa_works_count"": 3, ""cited_by_count"": 65}, {""year"": 2019, ""works_count"": 4, ""oa_works_count"": 2, ""cited_by_count"": 32}, {""year"": 2020, ""works_count"": 11, ""oa_works_count"": 4, ""cited_by_count"": 77}, {""year"": 2021, ""works_count"": 8, ""oa_works_count"": 4, ""cited_by_count"": 55}, {""year"": 2022, ""works_count"": 7, ""oa_works_count"": 2, ""cited_by_count"": 33}, {""year"": 2023, ""works_count"": 9, ""oa_works_count"": 4, ""cited_by_count"": 20}, {""year"": 2024, ""works_count"": 8, ""oa_works_count"": 6, ""cited_by_count"": 23}, {""year"": 2025, ""works_count"": 4, ""oa_works_count"": 2, ""cited_by_count"": 2}]"
https://openalex.org/A5041608081,Mathias Schwarz,2012,ICSE,3,2,SS→DOI→OA,10,46,4,2,0.0,2011,"[{""year"": 2009, ""works_count"": 1, ""oa_works_count"": 1, ""cited_by_count"": 1}, {""year"": 2011, ""works_count"": 1, ""oa_works_count"": 0, ""cited_by_count"": 16}, {""year"": 2012, ""works_count"": 2, ""oa_works_count"": 0, ""cited_by_count"": 10}, {""year"": 2013, ""works_count"": 1, ""oa_works_count"": 1, ""cited_by_count"": 0}, {""year"": 2014, ""works_count"": 2, ""oa_works_count"": 0, ""cited_by_count"": 11}, {""year"": 2015, ""works_count"": 2, ""oa_works_count"": 0, ""cited_by_count"": 6}, {""year"": 2016, ""works_count"": 1, ""oa_works_count"": 1, ""cited_by_count"": 2}]"
https://openalex.org/A5088473222,Will Dietz,2012,ICSE,0,1,SS→DOI→OA,9,300,6,5,0.0,2012,"[{""year"": 2012, ""works_count"": 1, ""oa_works_count"": 0, ""cited_by_count"": 86}, {""year"": 2015, ""works_count"": 6, ""oa_works_count"": 0, ""cited_by_count"": 204}, {""year"": 2018, ""works_count"": 1, ""oa_works_count"": 1, ""cited_by_count"": 7}, {""year"": 2020, ""works_count"": 1, ""oa_works_count"": 1, ""cited_by_count"": 3}]"
https://openalex.org/A5100432792,Peng Li,2012,ICSE,0,2,SS→DOI→OA,41,495,11,13,0.6,2012,"[{""year"": 2012, ""works_count"": 2, ""oa_works_count"": 0, ""cited_by_count"": 87}, {""year"": 2013, ""works_count"": 1, ""oa_works_count"": 1, ""cited_by_count"": 15}, {""year"": 2014, ""works_count"": 2, ""oa_works_count"": 1, ""cited_by_count"": 27}, {""year"": 2015, ""works_count"": 1, ""oa_works_count"": 0, ""cited_by_count"": 59}, {""year"": 2017, ""works_count"": 1, ""oa_works_count"": 0, ""cited_by_count"": 2}, {""year"": 2018, ""works_count"": 1, ""oa_works_count"": 0, ""cited_by_count"": 2}, {""year"": 2020, ""works_count"": 3, ""oa_works_count"": 1, ""cited_by_count"": 14}, {""year"": 2021, ""works_count"": 5, ""oa_works_count"": 3, ""cited_by_count"": 77}, {""year"": 2022, ""works_count"": 8, ""oa_works_count"": 5, ""cited_by_count"": 170}, {""year"": 2023, ""works_count"": 7, ""oa_works_count"": 6, ""cited_by_count"": 36}, {""year"": 2024, ""works_count"": 6, ""oa_works_count"": 4, ""cited_by_count"": 6}, {""year"": 2025, ""works_count"": 4, ""oa_works_count"": 2, ""cited_by_count"": 0}]"
https://openalex.org/A5063441997,Tobias Roehm,2012,ICSE,1,1,SS→title→OA,23,578,8,8,0.0,2011,"[{""year"": 2011, ""works_count"": 1, ""oa_works_count"": 0, ""cited_by_count"": 115}, {""year"": 2012, ""works_count"": 6, ""oa_works_count"": 0, ""cited_by_count"": 197}, {""year"": 2013, ""works_count"": 3, ""oa_works_count"": 0, ""cited_by_count"": 35}, {""year"": 2014, ""works_count"": 4, ""oa_works_count"": 0, ""cited_by_count"": 176}, {""year"": 2015, ""works_count"": 5, ""oa_works_count"": 2, ""cited_by_count"": 24}, {""year"": 2016, ""works_count"": 1, ""oa_works_count"": 0, ""cited_by_count"": 12}, {""year"": 2020, ""works_count"": 2, ""oa_works_count"": 1, ""cited_by_count"": 19}, {""year"": 2025, ""works_count"": 1, ""oa_works_count"": 0, ""cited_by_count"": 0}]"
https://openalex.org/A5012643471,Rebecca Tiarks,2012,ICSE,3,2,SS→title→OA,11,478,8,8,0.0,2009,"[{""year"": 2009, ""works_count"": 1, ""oa_works_count"": 0, ""cited_by_count"": 38}, {""year"": 2010, ""works_count"": 1, ""oa_works_count"": 0, ""cited_by_count"": 30}, {""year"": 2011, ""works_count"": 1, ""oa_works_count"": 0, ""cited_by_count"": 22}, {""year"": 2012, ""works_count"": 4, ""oa_works_count"": 0, ""cited_by_count"": 196}, {""year"": 2013, ""works_count"": 1, ""oa_works_count"": 0, ""cited_by_count"": 0}, {""year"": 2014, ""works_count"": 2, ""oa_works_count"": 0, ""cited_by_count"": 186}, {""year"": 2015, ""works_count"": 1, ""oa_works_count"": 0, ""cited_by_count"": 6}]"
https://openalex.org/A5097550878,Michais Famelis,2012,ICSE,0,1,SS→DOI→OA,1,89,1,1,0.0,2012,"[{""year"": 2012, ""works_count"": 1, ""oa_works_count"": 0, ""cited_by_count"": 89}]"
https://openalex.org/A5084776885,Rick Salay,2012,ICSE,5,2,SS→DOI→OA,105,2268,25,60,0.0,2007,"[{""year"": 2007, ""works_count"": 2, ""oa_works_count"": 0, ""cited_by_count"": 30}, {""year"": 2008, ""works_count"": 1, ""oa_works_count"": 0, ""cited_by_count"": 16}, {""year"": 2009, ""works_count"": 3, ""oa_works_count"": 1, ""cited_by_count"": 69}, {""year"": 2010, ""works_count"": 2, ""oa_works_count"": 0, ""cited_by_count"": 4}, {""year"": 2011, ""works_count"": 1, ""oa_works_count"": 0, ""cited_by_count"": 16}, {""year"": 2012, ""works_count"": 10, ""oa_works_count"": 1, ""cited_by_count"": 366}, {""year"": 2013, ""works_count"": 7, ""oa_works_count"": 0, ""cited_by_count"": 148}, {""year"": 2014, ""works_count"": 7, ""oa_works_count"": 2, ""cited_by_count"": 342}, {""year"": 2015, ""works_count"": 11, ""oa_works_count"": 3, ""cited_by_count"": 134}, {""year"": 2016, ""works_count"": 7, ""oa_works_count"": 1, ""cited_by_count"": 71}, {""year"": 2017, ""works_count"": 5, ""oa_works_count"": 1, ""cited_by_count"": 164}, {""year"": 2018, ""works_count"": 16, ""oa_works_count"": 9, ""cited_by_count"": 504}, {""year"": 2019, ""works_count"": 15, ""oa_works_count"": 8, ""cited_by_count"": 270}, {""year"": 2020, ""works_count"": 9, ""oa_works_count"": 3, ""cited_by_count"": 73}, {""year"": 2021, ""works_count"": 3, ""oa_works_count"": 3, ""cited_by_count"": 9}, {""year"": 2022, ""works_count"": 6, ""oa_works_count"": 3, ""cited_by_count"": 52}]"
https://openalex.org/A5085243096,Carlee Joe‐Wong,2012,INFOCOM,1,1,SS→title→OA,249,4327,32,80,1.4912280701754386,2011,"[{""year"": 2011, ""works_count"": 3, ""oa_works_count"": 1, ""cited_by_count"": 93}, {""year"": 2012, ""works_count"": 12, ""oa_works_count"": 6, ""cited_by_count"": 928}, {""year"": 2013, ""works_count"": 12, ""oa_works_count"": 2, ""cited_by_count"": 568}, {""year"": 2014, ""works_count"": 5, ""oa_works_count"": 0, ""cited_by_count"": 22}, {""year"": 2015, ""works_count"": 14, ""oa_works_count"": 3, ""cited_by_count"": 557}, {""year"": 2016, ""works_count"": 4, ""oa_works_count"": 0, ""cited_by_count"": 95}, {""year"": 2017, ""works_count"": 12, ""oa_works_count"": 1, ""cited_by_count"": 280}, {""year"": 2018, ""works_count"": 11, ""oa_works_count"": 1, ""cited_by_count"": 268}, {""year"": 2019, ""works_count"": 23, ""oa_works_count"": 9, ""cited_by_count"": 301}, {""year"": 2020, ""works_count"": 31, ""oa_works_count"": 16, ""cited_by_count"": 560}, {""year"": 2021, ""works_count"": 18, ""oa_works_count"": 7, ""cited_by_count"": 212}, {""year"": 2022, ""works_count"": 18, ""oa_works_count"": 13, ""cited_by_count"": 203}, {""year"": 2023, ""works_count"": 29, ""oa_works_count"": 10, ""cited_by_count"": 155}, {""year"": 2024, ""works_count"": 34, ""oa_works_count"": 22, ""cited_by_count"": 78}, {""year"": 2025, ""works_count"": 23, ""oa_works_count"": 17, ""cited_by_count"": 7}]"
https://openalex.org/A5080702284,Soumya Sen,2012,INFOCOM,5,2,SS→title→OA,181,2286,24,58,1.0454545454545454,2007,"[{""year"": 2007, ""works_count"": 1, ""oa_works_count"": 0, ""cited_by_count"": 5}, {""year"": 2008, ""works_count"": 2, ""oa_works_count"": 0, ""cited_by_count"": 70}, {""year"": 2009, ""works_count"": 1, ""oa_works_count"": 0, ""cited_by_count"": 18}, {""year"": 2010, ""works_count"": 1, ""oa_works_count"": 0, ""cited_by_count"": 66}, {""year"": 2011, ""works_count"": 5, ""oa_works_count"": 0, ""cited_by_count"": 38}, {""year"": 2012, ""works_count"": 15, ""oa_works_count"": 6, ""cited_by_count"": 394}, {""year"": 2013, ""works_count"": 3, ""oa_works_count"": 0, ""cited_by_count"": 15}, {""year"": 2014, ""works_count"": 8, ""oa_works_count"": 2, ""cited_by_count"": 33}, {""year"": 2015, ""works_count"": 6, ""oa_works_count"": 0, ""cited_by_count"": 34}, {""year"": 2016, ""works_count"": 12, ""oa_works_count"": 2, ""cited_by_count"": 134}, {""year"": 2017, ""works_count"": 17, ""oa_works_count"": 2, ""cited_by_count"": 330}, {""year"": 2018, ""works_count"": 21, ""oa_works_count"": 4, ""cited_by_count"": 234}, {""year"": 2019, ""works_count"": 21, ""oa_works_count"": 4, ""cited_by_count"": 382}, {""year"": 2020, ""works_count"": 8, ""oa_works_count"": 1, ""cited_by_count"": 166}, {""year"": 2021, ""works_count"": 16, ""oa_works_count"": 3, ""cited_by_count"": 260}, {""year"": 2022, ""works_count"": 15, ""oa_works_count"": 1, ""cited_by_count"": 40}, {""year"": 2023, ""works_count"": 7, ""oa_works_count"": 3, ""cited_by_count"": 44}, {""year"": 2024, ""works_count"": 12, ""oa_works_count"": 3, ""cited_by_count"": 21}, {""year"": 2025, ""works_count"": 10, ""oa_works_count"": 2, ""cited_by_count"": 2}]"
https://openalex.org/A5015547365,Bilson Campana,2012,KDD,2,2,SS→DOI→OA,23,1824,13,14,9.0,2010,"[{""year"": 2010, ""works_count"": 3, ""oa_works_count"": 0, ""cited_by_count"": 100}, {""year"": 2012, ""works_count"": 5, ""oa_works_count"": 1, ""cited_by_count"": 1057}, {""year"": 2013, ""works_count"": 4, ""oa_works_count"": 1, ""cited_by_count"": 295}, {""year"": 2015, ""works_count"": 1, ""oa_works_count"": 0, ""cited_by_count"": 82}, {""year"": 2016, ""works_count"": 1, ""oa_works_count"": 1, ""cited_by_count"": 0}, {""year"": 2018, ""works_count"": 1, ""oa_works_count"": 1, ""cited_by_count"": 11}, {""year"": 2019, ""works_count"": 5, ""oa_works_count"": 4, ""cited_by_count"": 261}, {""year"": 2020, ""works_count"": 1, ""oa_works_count"": 0, ""cited_by_count"": 0}, {""year"": 2024, ""works_count"": 2, ""oa_works_count"": 2, ""cited_by_count"": 18}]"
https://openalex.org/A5028448553,Simon Gao,2012,MOBICOM,0,3,SS→DOI→OA,2,83,2,2,0.0,2012,"[{""year"": 2012, ""works_count"": 1, ""oa_works_count"": 0, ""cited_by_count"": 66}, {""year"": 2013, ""works_count"": 1, ""oa_works_count"": 0, ""cited_by_count"": 17}]"
https://openalex.org/A5041608911,Nosayba El-Sayed,2012,SIGMETRICS,4,1,SS→DOI→OA,24,680,12,12,0.0,2008,"[{""year"": 2008, ""works_count"": 1, ""oa_works_count"": 0, ""cited_by_count"": 3}, {""year"": 2009, ""works_count"": 2, ""oa_works_count"": 0, ""cited_by_count"": 9}, {""year"": 2010, ""works_count"": 1, ""oa_works_count"": 1, ""cited_by_count"": 8}, {""year"": 2011, ""works_count"": 1, ""oa_works_count"": 0, ""cited_by_count"": 0}, {""year"": 2012, ""works_count"": 2, ""oa_works_count"": 0, ""cited_by_count"": 196}, {""year"": 2013, ""works_count"": 2, ""oa_works_count"": 0, ""cited_by_count"": 99}, {""year"": 2014, ""works_count"": 2, ""oa_works_count"": 0, ""cited_by_count"": 41}, {""year"": 2016, ""works_count"": 2, ""oa_works_count"": 1, ""cited_by_count"": 18}, {""year"": 2017, ""works_count"": 3, ""oa_works_count"": 1, ""cited_by_count"": 81}, {""year"": 2018, ""works_count"": 2, ""oa_works_count"": 0, ""cited_by_count"": 165}, {""year"": 2019, ""works_count"": 3, ""oa_works_count"": 0, ""cited_by_count"": 57}, {""year"": 2020, ""works_count"": 1, ""oa_works_count"": 1, ""cited_by_count"": 0}, {""year"": 2021, ""works_count"": 1, ""oa_works_count"": 0, ""cited_by_count"": 3}, {""year"": 2025, ""works_count"": 1, ""oa_works_count"": 1, ""cited_by_count"": 0}]"
https://openalex.org/A5034240273,Ioan Stefanovici,2012,SIGMETRICS,0,2,SS→DOI→OA,25,723,9,9,2.6666666666666665,2012,"[{""year"": 2012, ""works_count"": 5, ""oa_works_count"": 0, ""cited_by_count"": 523}, {""year"": 2013, ""works_count"": 1, ""oa_works_count"": 0, ""cited_by_count"": 0}, {""year"": 2015, ""works_count"": 2, ""oa_works_count"": 0, ""cited_by_count"": 55}, {""year"": 2016, ""works_count"": 2, ""oa_works_count"": 1, ""cited_by_count"": 26}, {""year"": 2017, ""works_count"": 3, ""oa_works_count"": 0, ""cited_by_count"": 76}, {""year"": 2018, ""works_count"": 1, ""oa_works_count"": 0, ""cited_by_count"": 2}, {""year"": 2020, ""works_count"": 1, ""oa_works_count"": 0, ""cited_by_count"": 5}, {""year"": 2022, ""works_count"": 1, ""oa_works_count"": 0, ""cited_by_count"": 0}, {""year"": 2023, ""works_count"": 3, ""oa_works_count"": 2, ""cited_by_count"": 20}, {""year"": 2024, ""works_count"": 2, ""oa_works_count"": 0, ""cited_by_count"": 8}, {""year"": 2025, ""works_count"": 3, ""oa_works_count"": 2, ""cited_by_count"": 5}, {""year"": 2026, ""works_count"": 1, ""oa_works_count"": 1, ""cited_by_count"": 3}]"
https://openalex.org/A5013339702,George Amvrosiadis,2012,SIGMETRICS,0,3,SS→DOI→OA,50,795,12,13,1.9,2012,"[{""year"": 2012, ""works_count"": 3, ""oa_works_count"": 0, ""cited_by_count"": 215}, {""year"": 2013, ""works_count"": 1, ""oa_works_count"": 0, ""cited_by_count"": 0}, {""year"": 2015, ""works_count"": 2, ""oa_works_count"": 0, ""cited_by_count"": 51}, {""year"": 2016, ""works_count"": 2, ""oa_works_count"": 0, ""cited_by_count"": 17}, {""year"": 2017, ""works_count"": 1, ""oa_works_count"": 0, ""cited_by_count"": 8}, {""year"": 2018, ""works_count"": 4, ""oa_works_count"": 0, ""cited_by_count"": 126}, {""year"": 2019, ""works_count"": 10, ""oa_works_count"": 7, ""cited_by_count"": 92}, {""year"": 2020, ""works_count"": 6, ""oa_works_count"": 4, ""cited_by_count"": 111}, {""year"": 2021, ""works_count"": 8, ""oa_works_count"": 5, ""cited_by_count"": 118}, {""year"": 2022, ""works_count"": 1, ""oa_works_count"": 1, ""cited_by_count"": 8}, {""year"": 2023, ""works_count"": 2, ""oa_works_count"": 2, ""cited_by_count"": 30}, {""year"": 2024, ""works_count"": 4, ""oa_works_count"": 1, ""cited_by_count"": 15}, {""year"": 2025, ""works_count"": 6, ""oa_works_count"": 4, ""cited_by_count"": 4}]"
https://openalex.org/A5014115669,Marek Krčál,2012,SODA,1,2,SS→DOI→OA,27,337,10,10,0.0,2012,"[{""year"": 2011, ""works_count"": 1, ""oa_works_count"": 1, ""cited_by_count"": 0}, {""year"": 2012, ""works_count"": 6, ""oa_works_count"": 3, ""cited_by_count"": 140}, {""year"": 2013, ""works_count"": 7, ""oa_works_count"": 3, ""cited_by_count"": 85}, {""year"": 2014, ""works_count"": 4, ""oa_works_count"": 2, ""cited_by_count"": 69}, {""year"": 2015, ""works_count"": 4, ""oa_works_count"": 3, ""cited_by_count"": 14}, {""year"": 2016, ""works_count"": 2, ""oa_works_count"": 1, ""cited_by_count"": 8}, {""year"": 2017, ""works_count"": 3, ""oa_works_count"": 3, ""cited_by_count"": 21}]"
https://openalex.org/A5013551063,Kasper Green Larsen,2012,STOC,2,1,SS→DOI→OA,179,1512,21,38,0.36666666666666664,2010,"[{""year"": 2010, ""works_count"": 1, ""oa_works_count"": 0, ""cited_by_count"": 21}, {""year"": 2011, ""works_count"": 8, ""oa_works_count"": 3, ""cited_by_count"": 307}, {""year"": 2012, ""works_count"": 11, ""oa_works_count"": 2, ""cited_by_count"": 202}, {""year"": 2013, ""works_count"": 10, ""oa_works_count"": 3, ""cited_by_count"": 132}, {""year"": 2014, ""works_count"": 8, ""oa_works_count"": 5, ""cited_by_count"": 85}, {""year"": 2015, ""works_count"": 8, ""oa_works_count"": 6, ""cited_by_count"": 77}, {""year"": 2016, ""works_count"": 7, ""oa_works_count"": 6, ""cited_by_count"": 62}, {""year"": 2017, ""works_count"": 12, ""oa_works_count"": 9, ""cited_by_count"": 224}, {""year"": 2018, ""works_count"": 15, ""oa_works_count"": 9, ""cited_by_count"": 157}, {""year"": 2019, ""works_count"": 17, ""oa_works_count"": 11, ""cited_by_count"": 111}, {""year"": 2020, ""works_count"": 13, ""oa_works_count"": 8, ""cited_by_count"": 49}, {""year"": 2021, ""works_count"": 10, ""oa_works_count"": 8, ""cited_by_count"": 15}, {""year"": 2022, ""works_count"": 13, ""oa_works_count"": 12, ""cited_by_count"": 44}, {""year"": 2023, ""works_count"": 15, ""oa_works_count"": 14, ""cited_by_count"": 8}, {""year"": 2024, ""works_count"": 21, ""oa_works_count"": 17, ""cited_by_count"": 11}, {""year"": 2025, ""works_count"": 9, ""oa_works_count"": 6, ""cited_by_count"": 0}]"
https://openalex.org/A5006688930,Sisil Mehta,2012,UIST,3,2,SS→DOI→OA,3,83,2,2,0.0,2012,"[{""year"": 2009, ""works_count"": 1, ""oa_works_count"": 0, ""cited_by_count"": 25}, {""year"": 2010, ""works_count"": 1, ""oa_works_count"": 0, ""cited_by_count"": 2}, {""year"": 2012, ""works_count"": 1, ""oa_works_count"": 0, ""cited_by_count"": 56}]"
https://openalex.org/A5050138372,Albert Angel,2012,VLDB,4,1,SS→DOI→OA,8,464,7,7,0.0,2008,"[{""year"": 2008, ""works_count"": 1, ""oa_works_count"": 1, ""cited_by_count"": 11}, {""year"": 2009, ""works_count"": 2, ""oa_works_count"": 1, ""cited_by_count"": 57}, {""year"": 2010, ""works_count"": 1, ""oa_works_count"": 0, ""cited_by_count"": 13}, {""year"": 2011, ""works_count"": 1, ""oa_works_count"": 0, ""cited_by_count"": 109}, {""year"": 2012, ""works_count"": 2, ""oa_works_count"": 1, ""cited_by_count"": 171}, {""year"": 2013, ""works_count"": 1, ""oa_works_count"": 0, ""cited_by_count"": 103}]"
https://openalex.org/A5013088936,Sebastián Conca,2012,WWW,0,2,SS→title→OA,2,120,1,1,0.0,2012,"[{""year"": 2012, ""works_count"": 1, ""oa_works_count"": 0, ""cited_by_count"": 120}, {""year"": 2013, ""works_count"": 1, ""oa_works_count"": 0, ""cited_by_count"": 0}]"
https://openalex.org/A5109802420,George Katsirelos,2011,AAAI,0,2,SS→DOI→OA,2,72,1,1,0.0,2011,"[{""year"": 2011, ""works_count"": 1, ""oa_works_count"": 1, ""cited_by_count"": 71}, {""year"": 2023, ""works_count"": 1, ""oa_works_count"": 1, ""cited_by_count"": 1}]"
https://openalex.org/A5034897040,Nina Narodytska,2011,AAAI,4,3,SS→DOI→OA,150,2637,26,62,0.9230769230769231,2007,"[{""year"": 2007, ""works_count"": 3, ""oa_works_count"": 0, ""cited_by_count"": 89}, {""year"": 2008, ""works_count"": 2, ""oa_works_count"": 1, ""cited_by_count"": 37}, {""year"": 2009, ""works_count"": 12, ""oa_works_count"": 8, ""cited_by_count"": 147}, {""year"": 2010, ""works_count"": 9, ""oa_works_count"": 7, ""cited_by_count"": 77}, {""year"": 2011, ""works_count"": 8, ""oa_works_count"": 6, ""cited_by_count"": 145}, {""year"": 2012, ""works_count"": 9, ""oa_works_count"": 5, ""cited_by_count"": 29}, {""year"": 2013, ""works_count"": 16, ""oa_works_count"": 11, ""cited_by_count"": 212}, {""year"": 2014, ""works_count"": 17, ""oa_works_count"": 9, ""cited_by_count"": 249}, {""year"": 2015, ""works_count"": 7, ""oa_works_count"": 5, ""cited_by_count"": 80}, {""year"": 2016, ""works_count"": 5, ""oa_works_count"": 4, ""cited_by_count"": 207}, {""year"": 2017, ""works_count"": 2, ""oa_works_count"": 1, ""cited_by_count"": 328}, {""year"": 2018, ""works_count"": 11, ""oa_works_count"": 8, ""cited_by_count"": 471}, {""year"": 2019, ""works_count"": 8, ""oa_works_count"": 5, ""cited_by_count"": 306}, {""year"": 2020, ""works_count"": 7, ""oa_works_count"": 5, ""cited_by_count"": 71}, {""year"": 2021, ""works_count"": 8, ""oa_works_count"": 7, ""cited_by_count"": 105}, {""year"": 2022, ""works_count"": 6, ""oa_works_count"": 6, ""cited_by_count"": 35}, {""year"": 2023, ""works_count"": 7, ""oa_works_count"": 6, ""cited_by_count"": 37}, {""year"": 2024, ""works_count"": 7, ""oa_works_count"": 4, ""cited_by_count"": 12}, {""year"": 2025, ""works_count"": 6, ""oa_works_count"": 5, ""cited_by_count"": 0}]"
https://openalex.org/A5063059225,Beth Gardner,2011,AAAI,3,3,SS→DOI→OA,126,5390,39,70,2.8,2008,"[{""year"": 2008, ""works_count"": 1, ""oa_works_count"": 1, ""cited_by_count"": 26}, {""year"": 2009, ""works_count"": 1, ""oa_works_count"": 0, ""cited_by_count"": 102}, {""year"": 2010, ""works_count"": 7, ""oa_works_count"": 3, ""cited_by_count"": 820}, {""year"": 2011, ""works_count"": 6, ""oa_works_count"": 3, ""cited_by_count"": 853}, {""year"": 2012, ""works_count"": 6, ""oa_works_count"": 4, ""cited_by_count"": 677}, {""year"": 2013, ""works_count"": 18, ""oa_works_count"": 4, ""cited_by_count"": 676}, {""year"": 2014, ""works_count"": 7, ""oa_works_count"": 5, ""cited_by_count"": 432}, {""year"": 2015, ""works_count"": 8, ""oa_works_count"": 4, ""cited_by_count"": 215}, {""year"": 2016, ""works_count"": 14, ""oa_works_count"": 11, ""cited_by_count"": 427}, {""year"": 2017, ""works_count"": 4, ""oa_works_count"": 1, ""cited_by_count"": 275}, {""year"": 2018, ""works_count"": 4, ""oa_works_count"": 4, ""cited_by_count"": 261}, {""year"": 2019, ""works_count"": 7, ""oa_works_count"": 4, ""cited_by_count"": 112}, {""year"": 2020, ""works_count"": 14, ""oa_works_count"": 7, ""cited_by_count"": 123}, {""year"": 2021, ""works_count"": 10, ""oa_works_count"": 7, ""cited_by_count"": 245}, {""year"": 2022, ""works_count"": 4, ""oa_works_count"": 3, ""cited_by_count"": 102}, {""year"": 2023, ""works_count"": 5, ""oa_works_count"": 4, ""cited_by_count"": 16}, {""year"": 2024, ""works_count"": 8, ""oa_works_count"": 6, ""cited_by_count"": 28}, {""year"": 2025, ""works_count"": 2, ""oa_works_count"": 1, ""cited_by_count"": 0}]"
https://openalex.org/A5021055773,Dipanjan Das,2011,ACL,5,1,SS→title→OA,143,11592,42,67,0.9130434782608695,2006,"[{""year"": 2006, ""works_count"": 1, ""oa_works_count"": 0, ""cited_by_count"": 2}, {""year"": 2007, ""works_count"": 3, ""oa_works_count"": 0, ""cited_by_count"": 35}, {""year"": 2008, ""works_count"": 2, ""oa_works_count"": 1, ""cited_by_count"": 94}, {""year"": 2009, ""works_count"": 2, ""oa_works_count"": 2, ""cited_by_count"": 222}, {""year"": 2010, ""works_count"": 7, ""oa_works_count"": 4, ""cited_by_count"": 795}, {""year"": 2011, ""works_count"": 6, ""oa_works_count"": 4, ""cited_by_count"": 2856}, {""year"": 2012, ""works_count"": 3, ""oa_works_count"": 3, ""cited_by_count"": 99}, {""year"": 2013, ""works_count"": 5, ""oa_works_count"": 3, ""cited_by_count"": 963}, {""year"": 2014, ""works_count"": 5, ""oa_works_count"": 5, ""cited_by_count"": 155}, {""year"": 2015, ""works_count"": 5, ""oa_works_count"": 2, ""cited_by_count"": 226}, {""year"": 2016, ""works_count"": 4, ""oa_works_count"": 4, ""cited_by_count"": 1712}, {""year"": 2017, ""works_count"": 3, ""oa_works_count"": 2, ""cited_by_count"": 102}, {""year"": 2018, ""works_count"": 9, ""oa_works_count"": 8, ""cited_by_count"": 295}, {""year"": 2019, ""works_count"": 12, ""oa_works_count"": 11, ""cited_by_count"": 1935}, {""year"": 2020, ""works_count"": 10, ""oa_works_count"": 8, ""cited_by_count"": 393}, {""year"": 2021, ""works_count"": 13, ""oa_works_count"": 10, ""cited_by_count"": 406}, {""year"": 2022, ""works_count"": 14, ""oa_works_count"": 11, ""cited_by_count"": 393}, {""year"": 2023, ""works_count"": 16, ""oa_works_count"": 15, ""cited_by_count"": 888}, {""year"": 2024, ""works_count"": 8, ""oa_works_count"": 7, ""cited_by_count"": 12}, {""year"": 2025, ""works_count"": 13, ""oa_works_count"": 9, ""cited_by_count"": 9}, {""year"": 2026, ""works_count"": 2, ""oa_works_count"": 2, ""cited_by_count"": 0}]"
https://openalex.org/A5091273829,Mathieu Nancel,2011,CHI,3,1,SS→DOI→OA,40,1085,16,18,1.0,2008,"[{""year"": 2008, ""works_count"": 1, ""oa_works_count"": 1, ""cited_by_count"": 4}, {""year"": 2009, ""works_count"": 2, ""oa_works_count"": 2, ""cited_by_count"": 8}, {""year"": 2011, ""works_count"": 3, ""oa_works_count"": 3, ""cited_by_count"": 242}, {""year"": 2012, ""works_count"": 3, ""oa_works_count"": 3, ""cited_by_count"": 73}, {""year"": 2013, ""works_count"": 3, ""oa_works_count"": 1, ""cited_by_count"": 200}, {""year"": 2014, ""works_count"": 1, ""oa_works_count"": 1, ""cited_by_count"": 37}, {""year"": 2015, ""works_count"": 4, ""oa_works_count"": 3, ""cited_by_count"": 312}, {""year"": 2016, ""works_count"": 5, ""oa_works_count"": 5, ""cited_by_count"": 51}, {""year"": 2017, ""works_count"": 1, ""oa_works_count"": 1, ""cited_by_count"": 23}, {""year"": 2018, ""works_count"": 6, ""oa_works_count"": 5, ""cited_by_count"": 70}, {""year"": 2019, ""works_count"": 2, ""oa_works_count"": 1, ""cited_by_count"": 3}, {""year"": 2020, ""works_count"": 4, ""oa_works_count"": 4, ""cited_by_count"": 49}, {""year"": 2021, ""works_count"": 3, ""oa_works_count"": 2, ""cited_by_count"": 12}, {""year"": 2022, ""works_count"": 1, ""oa_works_count"": 0, ""cited_by_count"": 0}, {""year"": 2024, ""works_count"": 1, ""oa_works_count"": 1, ""cited_by_count"": 1}]"
https://openalex.org/A5078932168,David Haslem,2011,CHI,1,2,SS→DOI→OA,2,108,2,2,0.0,2010,"[{""year"": 2010, ""works_count"": 1, ""oa_works_count"": 0, ""cited_by_count"": 38}, {""year"": 2011, ""works_count"": 1, ""oa_works_count"": 0, ""cited_by_count"": 70}]"
https://openalex.org/A5084307262,Gabe Cohn,2011,CHI,2,1,SS→DOI→OA,15,1163,12,12,0.0,2009,"[{""year"": 2009, ""works_count"": 1, ""oa_works_count"": 1, ""cited_by_count"": 24}, {""year"": 2010, ""works_count"": 4, ""oa_works_count"": 0, ""cited_by_count"": 422}, {""year"": 2011, ""works_count"": 3, ""oa_works_count"": 0, ""cited_by_count"": 238}, {""year"": 2012, ""works_count"": 2, ""oa_works_count"": 0, ""cited_by_count"": 259}, {""year"": 2013, ""works_count"": 2, ""oa_works_count"": 0, ""cited_by_count"": 14}, {""year"": 2014, ""works_count"": 1, ""oa_works_count"": 1, ""cited_by_count"": 1}, {""year"": 2017, ""works_count"": 2, ""oa_works_count"": 1, ""cited_by_count"": 205}]"
https://openalex.org/A5041613932,Louise Oram,2011,CHI,0,2,SS→DOI→OA,12,289,7,6,0.0,2011,"[{""year"": 2011, ""works_count"": 3, ""oa_works_count"": 0, ""cited_by_count"": 160}, {""year"": 2012, ""works_count"": 2, ""oa_works_count"": 0, ""cited_by_count"": 43}, {""year"": 2013, ""works_count"": 1, ""oa_works_count"": 1, ""cited_by_count"": 1}, {""year"": 2014, ""works_count"": 1, ""oa_works_count"": 0, ""cited_by_count"": 3}, {""year"": 2020, ""works_count"": 2, ""oa_works_count"": 2, ""cited_by_count"": 52}, {""year"": 2021, ""works_count"": 1, ""oa_works_count"": 1, ""cited_by_count"": 0}, {""year"": 2022, ""works_count"": 2, ""oa_works_count"": 2, ""cited_by_count"": 30}]"
https://openalex.org/A5022201710,Yandong Liu,2011,CHI,4,3,SS→DOI→OA,52,1345,18,19,0.1,2008,"[{""year"": 2007, ""works_count"": 1, ""oa_works_count"": 0, ""cited_by_count"": 0}, {""year"": 2008, ""works_count"": 8, ""oa_works_count"": 2, ""cited_by_count"": 787}, {""year"": 2009, ""works_count"": 3, ""oa_works_count"": 0, ""cited_by_count"": 241}, {""year"": 2010, ""works_count"": 2, ""oa_works_count"": 0, ""cited_by_count"": 15}, {""year"": 2011, ""works_count"": 2, ""oa_works_count"": 0, ""cited_by_count"": 44}, {""year"": 2012, ""works_count"": 2, ""oa_works_count"": 0, ""cited_by_count"": 19}, {""year"": 2017, ""works_count"": 1, ""oa_works_count"": 0, ""cited_by_count"": 18}, {""year"": 2018, ""works_count"": 2, ""oa_works_count"": 0, ""cited_by_count"": 59}, {""year"": 2019, ""works_count"": 2, ""oa_works_count"": 0, ""cited_by_count"": 12}, {""year"": 2020, ""works_count"": 3, ""oa_works_count"": 2, ""cited_by_count"": 63}, {""year"": 2021, ""works_count"": 8, ""oa_works_count"": 4, ""cited_by_count"": 40}, {""year"": 2022, ""works_count"": 2, ""oa_works_count"": 1, ""cited_by_count"": 38}, {""year"": 2023, ""works_count"": 6, ""oa_works_count"": 4, ""cited_by_count"": 8}, {""year"": 2024, ""works_count"": 1, ""oa_works_count"": 1, ""cited_by_count"": 0}, {""year"": 2025, ""works_count"": 8, ""oa_works_count"": 5, ""cited_by_count"": 1}, {""year"": 2026, ""works_count"": 1, ""oa_works_count"": 0, ""cited_by_count"": 0}]"
https://openalex.org/A5065240151,Joanna Bergström,2011,CHI,3,2,SS→DOI→OA,47,1110,18,26,8.416666666666666,2009,"[{""year"": 2008, ""works_count"": 1, ""oa_works_count"": 0, ""cited_by_count"": 1}, {""year"": 2009, ""works_count"": 1, ""oa_works_count"": 0, ""cited_by_count"": 1}, {""year"": 2010, ""works_count"": 1, ""oa_works_count"": 0, ""cited_by_count"": 9}, {""year"": 2011, ""works_count"": 3, ""oa_works_count"": 1, ""cited_by_count"": 189}, {""year"": 2012, ""works_count"": 1, ""oa_works_count"": 0, ""cited_by_count"": 22}, {""year"": 2013, ""works_count"": 1, ""oa_works_count"": 0, ""cited_by_count"": 3}, {""year"": 2014, ""works_count"": 2, ""oa_works_count"": 1, ""cited_by_count"": 109}, {""year"": 2017, ""works_count"": 2, ""oa_works_count"": 2, ""cited_by_count"": 68}, {""year"": 2018, ""works_count"": 2, ""oa_works_count"": 2, ""cited_by_count"": 50}, {""year"": 2019, ""works_count"": 4, ""oa_works_count"": 0, ""cited_by_count"": 136}, {""year"": 2020, ""works_count"": 1, ""oa_works_count"": 0, ""cited_by_count"": 15}, {""year"": 2021, ""works_count"": 4, ""oa_works_count"": 3, ""cited_by_count"": 203}, {""year"": 2022, ""works_count"": 8, ""oa_works_count"": 7, ""cited_by_count"": 160}, {""year"": 2023, ""works_count"": 4, ""oa_works_count"": 3, ""cited_by_count"": 43}, {""year"": 2024, ""works_count"": 6, ""oa_works_count"": 6, ""cited_by_count"": 97}, {""year"": 2025, ""works_count"": 6, ""oa_works_count"": 6, ""cited_by_count"": 4}]"
https://openalex.org/A5088621320,Jiafeng Guo,2011,CIKM,5,1,SS→DOI→OA,420,11120,52,143,1.6229508196721312,2008,"[{""year"": 2006, ""works_count"": 1, ""oa_works_count"": 0, ""cited_by_count"": 1}, {""year"": 2008, ""works_count"": 2, ""oa_works_count"": 0, ""cited_by_count"": 115}, {""year"": 2009, ""works_count"": 7, ""oa_works_count"": 1, ""cited_by_count"": 554}, {""year"": 2010, ""works_count"": 6, ""oa_works_count"": 0, ""cited_by_count"": 129}, {""year"": 2011, ""works_count"": 12, ""oa_works_count"": 1, ""cited_by_count"": 258}, {""year"": 2012, ""works_count"": 7, ""oa_works_count"": 0, ""cited_by_count"": 165}, {""year"": 2013, ""works_count"": 10, ""oa_works_count"": 1, ""cited_by_count"": 1310}, {""year"": 2014, ""works_count"": 13, ""oa_works_count"": 1, ""cited_by_count"": 798}, {""year"": 2015, ""works_count"": 13, ""oa_works_count"": 5, ""cited_by_count"": 874}, {""year"": 2016, ""works_count"": 23, ""oa_works_count"": 10, ""cited_by_count"": 2593}, {""year"": 2017, ""works_count"": 15, ""oa_works_count"": 8, ""cited_by_count"": 331}, {""year"": 2018, ""works_count"": 29, ""oa_works_count"": 11, ""cited_by_count"": 906}, {""year"": 2019, ""works_count"": 20, ""oa_works_count"": 12, ""cited_by_count"": 669}, {""year"": 2020, ""works_count"": 24, ""oa_works_count"": 12, ""cited_by_count"": 242}, {""year"": 2021, ""works_count"": 32, ""oa_works_count"": 23, ""cited_by_count"": 1039}, {""year"": 2022, ""works_count"": 38, ""oa_works_count"": 27, ""cited_by_count"": 638}, {""year"": 2023, ""works_count"": 46, ""oa_works_count"": 41, ""cited_by_count"": 300}, {""year"": 2024, ""works_count"": 59, ""oa_works_count"": 50, ""cited_by_count"": 185}, {""year"": 2025, ""works_count"": 63, ""oa_works_count"": 51, ""cited_by_count"": 13}]"
https://openalex.org/A5056964458,Alex Kipman,2011,CVPR,0,3,SS→DOI→OA,5,6606,5,5,0.0,2011,"[{""year"": 2011, ""works_count"": 1, ""oa_works_count"": 0, ""cited_by_count"": 3476}, {""year"": 2012, ""works_count"": 2, ""oa_works_count"": 0, ""cited_by_count"": 1005}, {""year"": 2013, ""works_count"": 2, ""oa_works_count"": 0, ""cited_by_count"": 2125}]"
https://openalex.org/A5017101724,Shayan Oveis Gharan,2011,FOCS,4,1,SS→DOI→OA,121,2223,26,40,3.8333333333333335,2007,"[{""year"": 2007, ""works_count"": 1, ""oa_works_count"": 0, ""cited_by_count"": 5}, {""year"": 2008, ""works_count"": 1, ""oa_works_count"": 0, ""cited_by_count"": 8}, {""year"": 2009, ""works_count"": 2, ""oa_works_count"": 2, ""cited_by_count"": 0}, {""year"": 2010, ""works_count"": 3, ""oa_works_count"": 3, ""cited_by_count"": 68}, {""year"": 2011, ""works_count"": 9, ""oa_works_count"": 3, ""cited_by_count"": 370}, {""year"": 2012, ""works_count"": 13, ""oa_works_count"": 7, ""cited_by_count"": 410}, {""year"": 2013, ""works_count"": 8, ""oa_works_count"": 4, ""cited_by_count"": 130}, {""year"": 2014, ""works_count"": 8, ""oa_works_count"": 5, ""cited_by_count"": 276}, {""year"": 2015, ""works_count"": 6, ""oa_works_count"": 5, ""cited_by_count"": 44}, {""year"": 2016, ""works_count"": 6, ""oa_works_count"": 5, ""cited_by_count"": 62}, {""year"": 2017, ""works_count"": 13, ""oa_works_count"": 10, ""cited_by_count"": 144}, {""year"": 2018, ""works_count"": 12, ""oa_works_count"": 10, ""cited_by_count"": 148}, {""year"": 2019, ""works_count"": 6, ""oa_works_count"": 4, ""cited_by_count"": 264}, {""year"": 2020, ""works_count"": 7, ""oa_works_count"": 6, ""cited_by_count"": 23}, {""year"": 2021, ""works_count"": 10, ""oa_works_count"": 8, ""cited_by_count"": 151}, {""year"": 2022, ""works_count"": 5, ""oa_works_count"": 3, ""cited_by_count"": 23}, {""year"": 2023, ""works_count"": 5, ""oa_works_count"": 2, ""cited_by_count"": 74}, {""year"": 2024, ""works_count"": 2, ""oa_works_count"": 1, ""cited_by_count"": 23}, {""year"": 2025, ""works_count"": 4, ""oa_works_count"": 3, ""cited_by_count"": 0}]"
https://openalex.org/A5061555046,Tobias Moemke,2011,FOCS,0,1,SS→DOI→OA,2,298,2,2,0.0,2011,"[{""year"": 2011, ""works_count"": 1, ""oa_works_count"": 1, ""cited_by_count"": 101}, {""year"": 2020, ""works_count"": 1, ""oa_works_count"": 1, ""cited_by_count"": 197}]"
https://openalex.org/A5049191217,Roberto Lublinerman,2011,FSE,5,3,SS→DOI→OA,26,863,15,19,0.0,2006,"[{""year"": 2006, ""works_count"": 2, ""oa_works_count"": 0, ""cited_by_count"": 43}, {""year"": 2008, ""works_count"": 6, ""oa_works_count"": 0, ""cited_by_count"": 268}, {""year"": 2009, ""works_count"": 5, ""oa_works_count"": 0, ""cited_by_count"": 128}, {""year"": 2010, ""works_count"": 4, ""oa_works_count"": 0, ""cited_by_count"": 140}, {""year"": 2011, ""works_count"": 3, ""oa_works_count"": 0, ""cited_by_count"": 177}, {""year"": 2012, ""works_count"": 3, ""oa_works_count"": 0, ""cited_by_count"": 89}, {""year"": 2013, ""works_count"": 2, ""oa_works_count"": 0, ""cited_by_count"": 12}, {""year"": 2018, ""works_count"": 1, ""oa_works_count"": 0, ""cited_by_count"": 6}]"
https://openalex.org/A5083739081,Antonio Filieri,2011,ICSE,1,1,SS→DOI→OA,86,1989,23,40,0.2,2010,"[{""year"": 2010, ""works_count"": 3, ""oa_works_count"": 1, ""cited_by_count"": 74}, {""year"": 2011, ""works_count"": 6, ""oa_works_count"": 1, ""cited_by_count"": 433}, {""year"": 2012, ""works_count"": 6, ""oa_works_count"": 0, ""cited_by_count"": 44}, {""year"": 2013, ""works_count"": 8, ""oa_works_count"": 2, ""cited_by_count"": 159}, {""year"": 2014, ""works_count"": 8, ""oa_works_count"": 3, ""cited_by_count"": 302}, {""year"": 2015, ""works_count"": 14, ""oa_works_count"": 3, ""cited_by_count"": 418}, {""year"": 2016, ""works_count"": 4, ""oa_works_count"": 2, ""cited_by_count"": 1}, {""year"": 2017, ""works_count"": 10, ""oa_works_count"": 2, ""cited_by_count"": 241}, {""year"": 2018, ""works_count"": 1, ""oa_works_count"": 0, ""cited_by_count"": 15}, {""year"": 2019, ""works_count"": 1, ""oa_works_count"": 1, ""cited_by_count"": 45}, {""year"": 2020, ""works_count"": 7, ""oa_works_count"": 5, ""cited_by_count"": 149}, {""year"": 2021, ""works_count"": 2, ""oa_works_count"": 1, ""cited_by_count"": 58}, {""year"": 2022, ""works_count"": 4, ""oa_works_count"": 2, ""cited_by_count"": 17}, {""year"": 2023, ""works_count"": 7, ""oa_works_count"": 5, ""cited_by_count"": 32}, {""year"": 2024, ""works_count"": 2, ""oa_works_count"": 2, ""cited_by_count"": 0}, {""year"": 2025, ""works_count"": 2, ""oa_works_count"": 1, ""cited_by_count"": 0}, {""year"": 2026, ""works_count"": 1, ""oa_works_count"": 0, ""cited_by_count"": 1}]"
https://openalex.org/A5031168005,Giordano Tamburrelli,2011,ICSE,3,3,SS→DOI→OA,46,2353,23,35,0.0,2008,"[{""year"": 2008, ""works_count"": 4, ""oa_works_count"": 1, ""cited_by_count"": 100}, {""year"": 2009, ""works_count"": 4, ""oa_works_count"": 0, ""cited_by_count"": 334}, {""year"": 2010, ""works_count"": 3, ""oa_works_count"": 0, ""cited_by_count"": 404}, {""year"": 2011, ""works_count"": 3, ""oa_works_count"": 1, ""cited_by_count"": 357}, {""year"": 2012, ""works_count"": 5, ""oa_works_count"": 2, ""cited_by_count"": 40}, {""year"": 2013, ""works_count"": 6, ""oa_works_count"": 0, ""cited_by_count"": 256}, {""year"": 2014, ""works_count"": 9, ""oa_works_count"": 2, ""cited_by_count"": 327}, {""year"": 2015, ""works_count"": 5, ""oa_works_count"": 0, ""cited_by_count"": 261}, {""year"": 2016, ""works_count"": 2, ""oa_works_count"": 1, ""cited_by_count"": 42}, {""year"": 2017, ""works_count"": 2, ""oa_works_count"": 2, ""cited_by_count"": 169}, {""year"": 2018, ""works_count"": 2, ""oa_works_count"": 2, ""cited_by_count"": 63}, {""year"": 2019, ""works_count"": 1, ""oa_works_count"": 1, ""cited_by_count"": 0}]"
https://openalex.org/A5008490992,Matt Staats,2011,ICSE,3,1,SS→DOI→OA,37,1660,19,24,0.0,2008,"[{""year"": 2008, ""works_count"": 5, ""oa_works_count"": 2, ""cited_by_count"": 647}, {""year"": 2009, ""works_count"": 1, ""oa_works_count"": 1, ""cited_by_count"": 8}, {""year"": 2010, ""works_count"": 3, ""oa_works_count"": 1, ""cited_by_count"": 166}, {""year"": 2011, ""works_count"": 2, ""oa_works_count"": 0, ""cited_by_count"": 119}, {""year"": 2012, ""works_count"": 4, ""oa_works_count"": 2, ""cited_by_count"": 190}, {""year"": 2013, ""works_count"": 6, ""oa_works_count"": 2, ""cited_by_count"": 129}, {""year"": 2014, ""works_count"": 6, ""oa_works_count"": 3, ""cited_by_count"": 95}, {""year"": 2015, ""works_count"": 6, ""oa_works_count"": 1, ""cited_by_count"": 233}, {""year"": 2016, ""works_count"": 2, ""oa_works_count"": 2, ""cited_by_count"": 73}, {""year"": 2026, ""works_count"": 2, ""oa_works_count"": 2, ""cited_by_count"": 0}]"
https://openalex.org/A5004005620,Horatiu Dumitru,2011,ICSE,2,1,SS→title→OA,3,204,2,2,0.0,2009,"[{""year"": 2009, ""works_count"": 1, ""oa_works_count"": 0, ""cited_by_count"": 59}, {""year"": 2011, ""works_count"": 1, ""oa_works_count"": 0, ""cited_by_count"": 143}, {""year"": 2015, ""works_count"": 1, ""oa_works_count"": 0, ""cited_by_count"": 2}]"
https://openalex.org/A5062838041,Marek Gibiec,2011,ICSE,1,2,SS→title→OA,5,456,5,5,0.0,2010,"[{""year"": 2010, ""works_count"": 2, ""oa_works_count"": 0, ""cited_by_count"": 254}, {""year"": 2011, ""works_count"": 2, ""oa_works_count"": 0, ""cited_by_count"": 155}, {""year"": 2016, ""works_count"": 1, ""oa_works_count"": 0, ""cited_by_count"": 47}]"
https://openalex.org/A5082514679,Negar Hariri,2011,ICSE,2,3,SS→title→OA,24,1091,14,14,1.0,2009,"[{""year"": 2009, ""works_count"": 2, ""oa_works_count"": 0, ""cited_by_count"": 0}, {""year"": 2010, ""works_count"": 2, ""oa_works_count"": 0, ""cited_by_count"": 4}, {""year"": 2011, ""works_count"": 3, ""oa_works_count"": 1, ""cited_by_count"": 236}, {""year"": 2012, ""works_count"": 4, ""oa_works_count"": 0, ""cited_by_count"": 405}, {""year"": 2013, ""works_count"": 4, ""oa_works_count"": 1, ""cited_by_count"": 292}, {""year"": 2014, ""works_count"": 1, ""oa_works_count"": 0, ""cited_by_count"": 53}, {""year"": 2015, ""works_count"": 2, ""oa_works_count"": 0, ""cited_by_count"": 98}, {""year"": 2020, ""works_count"": 1, ""oa_works_count"": 1, ""cited_by_count"": 0}, {""year"": 2022, ""works_count"": 1, ""oa_works_count"": 1, ""cited_by_count"": 0}, {""year"": 2023, ""works_count"": 1, ""oa_works_count"": 1, ""cited_by_count"": 0}, {""year"": 2024, ""works_count"": 1, ""oa_works_count"": 1, ""cited_by_count"": 0}, {""year"": 2025, ""works_count"": 2, ""oa_works_count"": 1, ""cited_by_count"": 3}]"
https://openalex.org/A5077061436,Annie W. Sokol,2011,ICSE,1,3,GS→title→OA,5,326,4,3,0.0,2011,"[{""year"": 2010, ""works_count"": 1, ""oa_works_count"": 1, ""cited_by_count"": 0}, {""year"": 2011, ""works_count"": 3, ""oa_works_count"": 1, ""cited_by_count"": 281}, {""year"": 2014, ""works_count"": 1, ""oa_works_count"": 1, ""cited_by_count"": 45}]"
https://openalex.org/A5082856719,Yavor Nenov,2011,IJCAI,3,2,SS→title→OA,43,832,15,17,1.0,2008,"[{""year"": 2008, ""works_count"": 1, ""oa_works_count"": 0, ""cited_by_count"": 7}, {""year"": 2010, ""works_count"": 1, ""oa_works_count"": 0, ""cited_by_count"": 7}, {""year"": 2011, ""works_count"": 4, ""oa_works_count"": 2, ""cited_by_count"": 12}, {""year"": 2013, ""works_count"": 2, ""oa_works_count"": 2, ""cited_by_count"": 31}, {""year"": 2014, ""works_count"": 10, ""oa_works_count"": 8, ""cited_by_count"": 218}, {""year"": 2015, ""works_count"": 10, ""oa_works_count"": 5, ""cited_by_count"": 329}, {""year"": 2016, ""works_count"": 5, ""oa_works_count"": 0, ""cited_by_count"": 142}, {""year"": 2018, ""works_count"": 3, ""oa_works_count"": 1, ""cited_by_count"": 23}, {""year"": 2019, ""works_count"": 2, ""oa_works_count"": 1, ""cited_by_count"": 44}, {""year"": 2021, ""works_count"": 1, ""oa_works_count"": 0, ""cited_by_count"": 16}, {""year"": 2023, ""works_count"": 3, ""oa_works_count"": 3, ""cited_by_count"": 2}, {""year"": 2024, ""works_count"": 1, ""oa_works_count"": 1, ""cited_by_count"": 1}]"
https://openalex.org/A5002186360,Simon Sidhom,2011,MOBICOM,0,2,SS→DOI→OA,4,817,4,4,0.0,2011,"[{""year"": 2011, ""works_count"": 1, ""oa_works_count"": 0, ""cited_by_count"": 210}, {""year"": 2012, ""works_count"": 2, ""oa_works_count"": 0, ""cited_by_count"": 459}, {""year"": 2013, ""works_count"": 1, ""oa_works_count"": 0, ""cited_by_count"": 148}]"
https://openalex.org/A5000893188,Juan L. Reutter,2011,PODS,2,3,SS→DOI→OA,107,2210,24,43,1.25,2009,"[{""year"": 2009, ""works_count"": 3, ""oa_works_count"": 2, ""cited_by_count"": 49}, {""year"": 2010, ""works_count"": 4, ""oa_works_count"": 3, ""cited_by_count"": 89}, {""year"": 2011, ""works_count"": 7, ""oa_works_count"": 3, ""cited_by_count"": 105}, {""year"": 2012, ""works_count"": 4, ""oa_works_count"": 1, ""cited_by_count"": 61}, {""year"": 2013, ""works_count"": 9, ""oa_works_count"": 5, ""cited_by_count"": 193}, {""year"": 2014, ""works_count"": 5, ""oa_works_count"": 4, ""cited_by_count"": 109}, {""year"": 2015, ""works_count"": 8, ""oa_works_count"": 5, ""cited_by_count"": 166}, {""year"": 2016, ""works_count"": 10, ""oa_works_count"": 4, ""cited_by_count"": 492}, {""year"": 2017, ""works_count"": 10, ""oa_works_count"": 7, ""cited_by_count"": 492}, {""year"": 2018, ""works_count"": 8, ""oa_works_count"": 1, ""cited_by_count"": 92}, {""year"": 2019, ""works_count"": 10, ""oa_works_count"": 4, ""cited_by_count"": 130}, {""year"": 2020, ""works_count"": 9, ""oa_works_count"": 8, ""cited_by_count"": 149}, {""year"": 2021, ""works_count"": 5, ""oa_works_count"": 3, ""cited_by_count"": 51}, {""year"": 2022, ""works_count"": 2, ""oa_works_count"": 1, ""cited_by_count"": 17}, {""year"": 2023, ""works_count"": 1, ""oa_works_count"": 1, ""cited_by_count"": 0}, {""year"": 2024, ""works_count"": 7, ""oa_works_count"": 3, ""cited_by_count"": 14}, {""year"": 2025, ""works_count"": 5, ""oa_works_count"": 4, ""cited_by_count"": 1}]"
https://openalex.org/A5068150550,Haitham Hassanieh,2011,SIGCOMM,3,2,SS→DOI→OA,97,3794,27,43,4.375,2008,"[{""year"": 2008, ""works_count"": 1, ""oa_works_count"": 0, ""cited_by_count"": 26}, {""year"": 2009, ""works_count"": 1, ""oa_works_count"": 0, ""cited_by_count"": 2}, {""year"": 2010, ""works_count"": 2, ""oa_works_count"": 1, ""cited_by_count"": 188}, {""year"": 2011, ""works_count"": 3, ""oa_works_count"": 1, ""cited_by_count"": 566}, {""year"": 2012, ""works_count"": 7, ""oa_works_count"": 1, ""cited_by_count"": 1031}, {""year"": 2013, ""works_count"": 5, ""oa_works_count"": 4, ""cited_by_count"": 110}, {""year"": 2014, ""works_count"": 6, ""oa_works_count"": 1, ""cited_by_count"": 417}, {""year"": 2015, ""works_count"": 2, ""oa_works_count"": 0, ""cited_by_count"": 87}, {""year"": 2016, ""works_count"": 3, ""oa_works_count"": 0, ""cited_by_count"": 132}, {""year"": 2017, ""works_count"": 9, ""oa_works_count"": 1, ""cited_by_count"": 216}, {""year"": 2018, ""works_count"": 29, ""oa_works_count"": 4, ""cited_by_count"": 614}, {""year"": 2019, ""works_count"": 3, ""oa_works_count"": 1, ""cited_by_count"": 52}, {""year"": 2020, ""works_count"": 5, ""oa_works_count"": 3, ""cited_by_count"": 237}, {""year"": 2021, ""works_count"": 4, ""oa_works_count"": 3, ""cited_by_count"": 27}, {""year"": 2022, ""works_count"": 3, ""oa_works_count"": 1, ""cited_by_count"": 28}, {""year"": 2023, ""works_count"": 6, ""oa_works_count"": 3, ""cited_by_count"": 26}, {""year"": 2024, ""works_count"": 5, ""oa_works_count"": 5, ""cited_by_count"": 35}, {""year"": 2025, ""works_count"": 3, ""oa_works_count"": 3, ""cited_by_count"": 0}]"
https://openalex.org/A5108288895,Benjamin Ransford,2011,SIGCOMM,3,3,SS→DOI→OA,30,3164,21,24,0.0,2008,"[{""year"": 2008, ""works_count"": 3, ""oa_works_count"": 0, ""cited_by_count"": 779}, {""year"": 2009, ""works_count"": 2, ""oa_works_count"": 0, ""cited_by_count"": 94}, {""year"": 2011, ""works_count"": 5, ""oa_works_count"": 1, ""cited_by_count"": 946}, {""year"": 2012, ""works_count"": 4, ""oa_works_count"": 1, ""cited_by_count"": 254}, {""year"": 2013, ""works_count"": 4, ""oa_works_count"": 0, ""cited_by_count"": 209}, {""year"": 2014, ""works_count"": 2, ""oa_works_count"": 0, ""cited_by_count"": 83}, {""year"": 2015, ""works_count"": 6, ""oa_works_count"": 3, ""cited_by_count"": 706}, {""year"": 2016, ""works_count"": 1, ""oa_works_count"": 0, ""cited_by_count"": 0}, {""year"": 2017, ""works_count"": 2, ""oa_works_count"": 2, ""cited_by_count"": 84}, {""year"": 2019, ""works_count"": 1, ""oa_works_count"": 1, ""cited_by_count"": 9}]"
https://openalex.org/A5083740230,Dmitry Lagun,2011,SIGIR,1,3,SS→DOI→OA,51,1346,17,24,7.818181818181818,2010,"[{""year"": 2010, ""works_count"": 1, ""oa_works_count"": 0, ""cited_by_count"": 0}, {""year"": 2011, ""works_count"": 4, ""oa_works_count"": 0, ""cited_by_count"": 305}, {""year"": 2012, ""works_count"": 3, ""oa_works_count"": 0, ""cited_by_count"": 51}, {""year"": 2013, ""works_count"": 8, ""oa_works_count"": 1, ""cited_by_count"": 161}, {""year"": 2014, ""works_count"": 3, ""oa_works_count"": 1, ""cited_by_count"": 187}, {""year"": 2015, ""works_count"": 2, ""oa_works_count"": 1, ""cited_by_count"": 26}, {""year"": 2016, ""works_count"": 2, ""oa_works_count"": 2, ""cited_by_count"": 131}, {""year"": 2017, ""works_count"": 2, ""oa_works_count"": 2, ""cited_by_count"": 59}, {""year"": 2019, ""works_count"": 2, ""oa_works_count"": 0, ""cited_by_count"": 84}, {""year"": 2021, ""works_count"": 1, ""oa_works_count"": 1, ""cited_by_count"": 3}, {""year"": 2022, ""works_count"": 4, ""oa_works_count"": 3, ""cited_by_count"": 183}, {""year"": 2023, ""works_count"": 8, ""oa_works_count"": 6, ""cited_by_count"": 70}, {""year"": 2024, ""works_count"": 9, ""oa_works_count"": 4, ""cited_by_count"": 72}, {""year"": 2025, ""works_count"": 2, ""oa_works_count"": 2, ""cited_by_count"": 14}]"
https://openalex.org/A5023215207,Animashree Anandkumar,2011,SIGMETRICS,5,1,SS→DOI→OA,227,5519,34,89,1.0909090909090908,2006,"[{""year"": 2006, ""works_count"": 2, ""oa_works_count"": 0, ""cited_by_count"": 20}, {""year"": 2007, ""works_count"": 3, ""oa_works_count"": 0, ""cited_by_count"": 87}, {""year"": 2008, ""works_count"": 9, ""oa_works_count"": 1, ""cited_by_count"": 96}, {""year"": 2009, ""works_count"": 8, ""oa_works_count"": 5, ""cited_by_count"": 104}, {""year"": 2010, ""works_count"": 21, ""oa_works_count"": 9, ""cited_by_count"": 335}, {""year"": 2011, ""works_count"": 16, ""oa_works_count"": 11, ""cited_by_count"": 292}, {""year"": 2012, ""works_count"": 13, ""oa_works_count"": 11, ""cited_by_count"": 474}, {""year"": 2013, ""works_count"": 15, ""oa_works_count"": 10, ""cited_by_count"": 308}, {""year"": 2014, ""works_count"": 15, ""oa_works_count"": 11, ""cited_by_count"": 1278}, {""year"": 2015, ""works_count"": 9, ""oa_works_count"": 5, ""cited_by_count"": 137}, {""year"": 2016, ""works_count"": 17, ""oa_works_count"": 16, ""cited_by_count"": 252}, {""year"": 2017, ""works_count"": 8, ""oa_works_count"": 5, ""cited_by_count"": 454}, {""year"": 2018, ""works_count"": 13, ""oa_works_count"": 11, ""cited_by_count"": 205}, {""year"": 2019, ""works_count"": 9, ""oa_works_count"": 6, ""cited_by_count"": 338}, {""year"": 2020, ""works_count"": 20, ""oa_works_count"": 17, ""cited_by_count"": 229}, {""year"": 2021, ""works_count"": 13, ""oa_works_count"": 9, ""cited_by_count"": 103}, {""year"": 2022, ""works_count"": 18, ""oa_works_count"": 14, ""cited_by_count"": 570}, {""year"": 2023, ""works_count"": 7, ""oa_works_count"": 6, ""cited_by_count"": 225}, {""year"": 2024, ""works_count"": 7, ""oa_works_count"": 2, ""cited_by_count"": 12}, {""year"": 2025, ""works_count"": 4, ""oa_works_count"": 3, ""cited_by_count"": 0}]"
https://openalex.org/A5033603487,Carlos Tavares,2011,SOSP,3,3,SS→title→OA,10,1155,4,4,1.5,2009,"[{""year"": 2008, ""works_count"": 1, ""oa_works_count"": 1, ""cited_by_count"": 0}, {""year"": 2009, ""works_count"": 1, ""oa_works_count"": 0, ""cited_by_count"": 14}, {""year"": 2011, ""works_count"": 1, ""oa_works_count"": 1, ""cited_by_count"": 1098}, {""year"": 2012, ""works_count"": 1, ""oa_works_count"": 0, ""cited_by_count"": 23}, {""year"": 2020, ""works_count"": 1, ""oa_works_count"": 1, ""cited_by_count"": 0}, {""year"": 2021, ""works_count"": 2, ""oa_works_count"": 2, ""cited_by_count"": 13}, {""year"": 2022, ""works_count"": 1, ""oa_works_count"": 0, ""cited_by_count"": 4}, {""year"": 2025, ""works_count"": 2, ""oa_works_count"": 1, ""cited_by_count"": 3}]"
https://openalex.org/A5033193597,Tyler Harter,2011,SOSP,0,1,SS→DOI→OA,11,973,10,10,0.0,2011,"[{""year"": 2011, ""works_count"": 1, ""oa_works_count"": 0, ""cited_by_count"": 83}, {""year"": 2012, ""works_count"": 1, ""oa_works_count"": 0, ""cited_by_count"": 42}, {""year"": 2013, ""works_count"": 2, ""oa_works_count"": 1, ""cited_by_count"": 33}, {""year"": 2014, ""works_count"": 2, ""oa_works_count"": 0, ""cited_by_count"": 137}, {""year"": 2015, ""works_count"": 1, ""oa_works_count"": 0, ""cited_by_count"": 53}, {""year"": 2016, ""works_count"": 2, ""oa_works_count"": 0, ""cited_by_count"": 387}, {""year"": 2017, ""works_count"": 1, ""oa_works_count"": 0, ""cited_by_count"": 46}, {""year"": 2018, ""works_count"": 1, ""oa_works_count"": 0, ""cited_by_count"": 192}]"
https://openalex.org/A5087880833,Chris Dragga,2011,SOSP,0,2,SS→DOI→OA,9,237,7,7,0.0,2011,"[{""year"": 2011, ""works_count"": 1, ""oa_works_count"": 0, ""cited_by_count"": 83}, {""year"": 2012, ""works_count"": 2, ""oa_works_count"": 0, ""cited_by_count"": 54}, {""year"": 2013, ""works_count"": 2, ""oa_works_count"": 0, ""cited_by_count"": 31}, {""year"": 2014, ""works_count"": 2, ""oa_works_count"": 0, ""cited_by_count"": 58}, {""year"": 2015, ""works_count"": 1, ""oa_works_count"": 0, ""cited_by_count"": 6}, {""year"": 2016, ""works_count"": 1, ""oa_works_count"": 0, ""cited_by_count"": 5}]"
https://openalex.org/A5049011416,Thomas Dueholm Hansen,2011,STOC,3,2,SS→DOI→OA,48,567,12,16,0.0,2008,"[{""year"": 2008, ""works_count"": 5, ""oa_works_count"": 2, ""cited_by_count"": 36}, {""year"": 2009, ""works_count"": 2, ""oa_works_count"": 0, ""cited_by_count"": 12}, {""year"": 2010, ""works_count"": 4, ""oa_works_count"": 2, ""cited_by_count"": 44}, {""year"": 2011, ""works_count"": 2, ""oa_works_count"": 0, ""cited_by_count"": 82}, {""year"": 2012, ""works_count"": 2, ""oa_works_count"": 2, ""cited_by_count"": 1}, {""year"": 2013, ""works_count"": 8, ""oa_works_count"": 2, ""cited_by_count"": 157}, {""year"": 2014, ""works_count"": 3, ""oa_works_count"": 2, ""cited_by_count"": 18}, {""year"": 2015, ""works_count"": 7, ""oa_works_count"": 4, ""cited_by_count"": 32}, {""year"": 2016, ""works_count"": 3, ""oa_works_count"": 2, ""cited_by_count"": 97}, {""year"": 2017, ""works_count"": 8, ""oa_works_count"": 7, ""cited_by_count"": 35}, {""year"": 2018, ""works_count"": 3, ""oa_works_count"": 3, ""cited_by_count"": 23}, {""year"": 2019, ""works_count"": 1, ""oa_works_count"": 0, ""cited_by_count"": 30}]"
https://openalex.org/A5032253873,Umar Farooq Minhas,2011,VLDB,3,1,SS→DOI→OA,51,1735,22,25,1.0,2008,"[{""year"": 2008, ""works_count"": 4, ""oa_works_count"": 1, ""cited_by_count"": 216}, {""year"": 2009, ""works_count"": 1, ""oa_works_count"": 0, ""cited_by_count"": 61}, {""year"": 2010, ""works_count"": 3, ""oa_works_count"": 0, ""cited_by_count"": 169}, {""year"": 2011, ""works_count"": 3, ""oa_works_count"": 0, ""cited_by_count"": 101}, {""year"": 2012, ""works_count"": 4, ""oa_works_count"": 0, ""cited_by_count"": 96}, {""year"": 2013, ""works_count"": 1, ""oa_works_count"": 1, ""cited_by_count"": 7}, {""year"": 2014, ""works_count"": 4, ""oa_works_count"": 1, ""cited_by_count"": 210}, {""year"": 2015, ""works_count"": 1, ""oa_works_count"": 0, ""cited_by_count"": 219}, {""year"": 2016, ""works_count"": 2, ""oa_works_count"": 1, ""cited_by_count"": 163}, {""year"": 2017, ""works_count"": 1, ""oa_works_count"": 0, ""cited_by_count"": 1}, {""year"": 2018, ""works_count"": 4, ""oa_works_count"": 0, ""cited_by_count"": 217}, {""year"": 2019, ""works_count"": 3, ""oa_works_count"": 0, ""cited_by_count"": 65}, {""year"": 2020, ""works_count"": 4, ""oa_works_count"": 0, ""cited_by_count"": 36}, {""year"": 2021, ""works_count"": 5, ""oa_works_count"": 3, ""cited_by_count"": 101}, {""year"": 2022, ""works_count"": 1, ""oa_works_count"": 0, ""cited_by_count"": 29}, {""year"": 2023, ""works_count"": 4, ""oa_works_count"": 3, ""cited_by_count"": 38}, {""year"": 2024, ""works_count"": 5, ""oa_works_count"": 5, ""cited_by_count"": 6}, {""year"": 2025, ""works_count"": 1, ""oa_works_count"": 1, ""cited_by_count"": 0}]"
https://openalex.org/A5103555848,Shriram Rajagopalan,2011,VLDB,0,2,SS→DOI→OA,3,268,3,3,0.0,2011,"[{""year"": 2011, ""works_count"": 1, ""oa_works_count"": 0, ""cited_by_count"": 63}, {""year"": 2012, ""works_count"": 1, ""oa_works_count"": 0, ""cited_by_count"": 52}, {""year"": 2016, ""works_count"": 1, ""oa_works_count"": 0, ""cited_by_count"": 153}]"
https://openalex.org/A5055793906,Brendan Cully,2011,VLDB,5,3,SS→DOI→OA,23,1088,12,13,0.0,2006,"[{""year"": 2006, ""works_count"": 1, ""oa_works_count"": 0, ""cited_by_count"": 7}, {""year"": 2007, ""works_count"": 1, ""oa_works_count"": 0, ""cited_by_count"": 2}, {""year"": 2008, ""works_count"": 6, ""oa_works_count"": 0, ""cited_by_count"": 741}, {""year"": 2009, ""works_count"": 2, ""oa_works_count"": 0, ""cited_by_count"": 22}, {""year"": 2011, ""works_count"": 3, ""oa_works_count"": 1, ""cited_by_count"": 71}, {""year"": 2012, ""works_count"": 5, ""oa_works_count"": 0, ""cited_by_count"": 146}, {""year"": 2014, ""works_count"": 2, ""oa_works_count"": 0, ""cited_by_count"": 38}, {""year"": 2017, ""works_count"": 1, ""oa_works_count"": 1, ""cited_by_count"": 0}, {""year"": 2021, ""works_count"": 1, ""oa_works_count"": 1, ""cited_by_count"": 61}, {""year"": 2025, ""works_count"": 1, ""oa_works_count"": 0, ""cited_by_count"": 0}]"
https://openalex.org/A5100423728,Beibei Li,2011,WWW,3,1,SS→DOI→OA,150,2512,21,36,1.9583333333333333,2008,"[{""year"": 2008, ""works_count"": 1, ""oa_works_count"": 0, ""cited_by_count"": 7}, {""year"": 2009, ""works_count"": 2, ""oa_works_count"": 0, ""cited_by_count"": 13}, {""year"": 2010, ""works_count"": 2, ""oa_works_count"": 0, ""cited_by_count"": 8}, {""year"": 2011, ""works_count"": 3, ""oa_works_count"": 1, ""cited_by_count"": 222}, {""year"": 2012, ""works_count"": 3, ""oa_works_count"": 0, ""cited_by_count"": 633}, {""year"": 2014, ""works_count"": 5, ""oa_works_count"": 3, ""cited_by_count"": 79}, {""year"": 2015, ""works_count"": 7, ""oa_works_count"": 2, ""cited_by_count"": 24}, {""year"": 2016, ""works_count"": 10, ""oa_works_count"": 5, ""cited_by_count"": 201}, {""year"": 2017, ""works_count"": 5, ""oa_works_count"": 2, ""cited_by_count"": 62}, {""year"": 2018, ""works_count"": 8, ""oa_works_count"": 4, ""cited_by_count"": 315}, {""year"": 2019, ""works_count"": 11, ""oa_works_count"": 4, ""cited_by_count"": 326}, {""year"": 2020, ""works_count"": 19, ""oa_works_count"": 14, ""cited_by_count"": 276}, {""year"": 2021, ""works_count"": 12, ""oa_works_count"": 6, ""cited_by_count"": 161}, {""year"": 2022, ""works_count"": 24, ""oa_works_count"": 7, ""cited_by_count"": 50}, {""year"": 2023, ""works_count"": 14, ""oa_works_count"": 9, ""cited_by_count"": 88}, {""year"": 2024, ""works_count"": 13, ""oa_works_count"": 6, ""cited_by_count"": 35}, {""year"": 2025, ""works_count"": 11, ""oa_works_count"": 5, ""cited_by_count"": 12}]"
https://openalex.org/A5028755343,Ruoyun Huang,2010,AAAI,3,1,SS→DOI→OA,21,456,10,10,10.333333333333334,2007,"[{""year"": 2007, ""works_count"": 1, ""oa_works_count"": 0, ""cited_by_count"": 38}, {""year"": 2008, ""works_count"": 2, ""oa_works_count"": 0, ""cited_by_count"": 28}, {""year"": 2009, ""works_count"": 1, ""oa_works_count"": 1, ""cited_by_count"": 16}, {""year"": 2010, ""works_count"": 2, ""oa_works_count"": 1, ""cited_by_count"": 121}, {""year"": 2011, ""works_count"": 3, ""oa_works_count"": 1, ""cited_by_count"": 15}, {""year"": 2012, ""works_count"": 1, ""oa_works_count"": 0, ""cited_by_count"": 86}, {""year"": 2013, ""works_count"": 2, ""oa_works_count"": 0, ""cited_by_count"": 15}, {""year"": 2014, ""works_count"": 1, ""oa_works_count"": 0, ""cited_by_count"": 7}, {""year"": 2016, ""works_count"": 2, ""oa_works_count"": 0, ""cited_by_count"": 5}, {""year"": 2020, ""works_count"": 1, ""oa_works_count"": 0, ""cited_by_count"": 68}, {""year"": 2021, ""works_count"": 2, ""oa_works_count"": 2, ""cited_by_count"": 26}, {""year"": 2024, ""works_count"": 3, ""oa_works_count"": 3, ""cited_by_count"": 31}]"
https://openalex.org/A5049201950,Giorgos Stoilos,2010,AAAI,5,1,GS→title→OA,95,2797,23,44,0.0,2005,"[{""year"": 2005, ""works_count"": 8, ""oa_works_count"": 7, ""cited_by_count"": 846}, {""year"": 2006, ""works_count"": 6, ""oa_works_count"": 5, ""cited_by_count"": 143}, {""year"": 2007, ""works_count"": 5, ""oa_works_count"": 5, ""cited_by_count"": 249}, {""year"": 2008, ""works_count"": 10, ""oa_works_count"": 10, ""cited_by_count"": 229}, {""year"": 2009, ""works_count"": 1, ""oa_works_count"": 1, ""cited_by_count"": 10}, {""year"": 2010, ""works_count"": 9, ""oa_works_count"": 4, ""cited_by_count"": 207}, {""year"": 2011, ""works_count"": 6, ""oa_works_count"": 3, ""cited_by_count"": 33}, {""year"": 2012, ""works_count"": 6, ""oa_works_count"": 2, ""cited_by_count"": 160}, {""year"": 2013, ""works_count"": 7, ""oa_works_count"": 1, ""cited_by_count"": 102}, {""year"": 2014, ""works_count"": 7, ""oa_works_count"": 1, ""cited_by_count"": 591}, {""year"": 2015, ""works_count"": 4, ""oa_works_count"": 1, ""cited_by_count"": 62}, {""year"": 2016, ""works_count"": 5, ""oa_works_count"": 0, ""cited_by_count"": 19}, {""year"": 2017, ""works_count"": 2, ""oa_works_count"": 0, ""cited_by_count"": 2}, {""year"": 2018, ""works_count"": 7, ""oa_works_count"": 2, ""cited_by_count"": 58}, {""year"": 2019, ""works_count"": 5, ""oa_works_count"": 2, ""cited_by_count"": 39}, {""year"": 2020, ""works_count"": 2, ""oa_works_count"": 2, ""cited_by_count"": 7}, {""year"": 2021, ""works_count"": 2, ""oa_works_count"": 2, ""cited_by_count"": 35}, {""year"": 2022, ""works_count"": 1, ""oa_works_count"": 0, ""cited_by_count"": 2}, {""year"": 2023, ""works_count"": 2, ""oa_works_count"": 1, ""cited_by_count"": 3}]"
https://openalex.org/A5031215802,Rehan Khan,2010,CHI,0,2,SS→DOI→OA,7,309,5,3,43.0,2010,"[{""year"": 2010, ""works_count"": 2, ""oa_works_count"": 0, ""cited_by_count"": 250}, {""year"": 2022, ""works_count"": 2, ""oa_works_count"": 2, ""cited_by_count"": 8}, {""year"": 2023, ""works_count"": 2, ""oa_works_count"": 1, ""cited_by_count"": 8}, {""year"": 2024, ""works_count"": 1, ""oa_works_count"": 1, ""cited_by_count"": 43}]"
https://openalex.org/A5082520066,Deepti Chittamuru,2010,CHI,0,2,GS→title→OA,35,1106,13,17,0.0,2010,"[{""year"": 2010, ""works_count"": 2, ""oa_works_count"": 0, ""cited_by_count"": 511}, {""year"": 2011, ""works_count"": 1, ""oa_works_count"": 0, ""cited_by_count"": 0}, {""year"": 2016, ""works_count"": 1, ""oa_works_count"": 0, ""cited_by_count"": 27}, {""year"": 2017, ""works_count"": 1, ""oa_works_count"": 1, ""cited_by_count"": 0}, {""year"": 2018, ""works_count"": 2, ""oa_works_count"": 1, ""cited_by_count"": 22}, {""year"": 2019, ""works_count"": 5, ""oa_works_count"": 3, ""cited_by_count"": 133}, {""year"": 2020, ""works_count"": 6, ""oa_works_count"": 4, ""cited_by_count"": 259}, {""year"": 2021, ""works_count"": 3, ""oa_works_count"": 2, ""cited_by_count"": 53}, {""year"": 2022, ""works_count"": 6, ""oa_works_count"": 6, ""cited_by_count"": 77}, {""year"": 2023, ""works_count"": 5, ""oa_works_count"": 4, ""cited_by_count"": 24}, {""year"": 2025, ""works_count"": 3, ""oa_works_count"": 1, ""cited_by_count"": 0}]"
https://openalex.org/A5014246066,Frederik Rudeck,2010,CHI,0,3,SS→DOI→OA,4,122,3,1,0.0,2010,"[{""year"": 2010, ""works_count"": 3, ""oa_works_count"": 0, ""cited_by_count"": 113}, {""year"": 2012, ""works_count"": 1, ""oa_works_count"": 0, ""cited_by_count"": 9}]"
https://openalex.org/A5109353454,Shaowen Bardzell,2010,CHI,2,1,SS→DOI→OA,36,2255,19,26,0.0,2008,"[{""year"": 2008, ""works_count"": 1, ""oa_works_count"": 0, ""cited_by_count"": 19}, {""year"": 2010, ""works_count"": 5, ""oa_works_count"": 0, ""cited_by_count"": 1030}, {""year"": 2011, ""works_count"": 5, ""oa_works_count"": 0, ""cited_by_count"": 408}, {""year"": 2012, ""works_count"": 4, ""oa_works_count"": 0, ""cited_by_count"": 41}, {""year"": 2013, ""works_count"": 2, ""oa_works_count"": 0, ""cited_by_count"": 14}, {""year"": 2014, ""works_count"": 2, ""oa_works_count"": 1, ""cited_by_count"": 45}, {""year"": 2015, ""works_count"": 3, ""oa_works_count"": 3, ""cited_by_count"": 16}, {""year"": 2016, ""works_count"": 2, ""oa_works_count"": 1, ""cited_by_count"": 82}, {""year"": 2017, ""works_count"": 3, ""oa_works_count"": 0, ""cited_by_count"": 174}, {""year"": 2018, ""works_count"": 4, ""oa_works_count"": 1, ""cited_by_count"": 226}, {""year"": 2019, ""works_count"": 1, ""oa_works_count"": 0, ""cited_by_count"": 57}, {""year"": 2020, ""works_count"": 4, ""oa_works_count"": 2, ""cited_by_count"": 143}]"
https://openalex.org/A5018395131,Prabhu Dutta Das,2010,CHI,0,3,SS→DOI→OA,1,195,1,1,0.0,2010,"[{""year"": 2010, ""works_count"": 1, ""oa_works_count"": 0, ""cited_by_count"": 195}]"
https://openalex.org/A5067384837,Hrönn Brynjarsdóttir,2010,CHI,4,3,SS→DOI→OA,8,1433,5,5,0.0,2008,"[{""year"": 2006, ""works_count"": 1, ""oa_works_count"": 1, ""cited_by_count"": 5}, {""year"": 2008, ""works_count"": 1, ""oa_works_count"": 1, ""cited_by_count"": 186}, {""year"": 2010, ""works_count"": 3, ""oa_works_count"": 0, ""cited_by_count"": 766}, {""year"": 2011, ""works_count"": 1, ""oa_works_count"": 0, ""cited_by_count"": 22}, {""year"": 2012, ""works_count"": 2, ""oa_works_count"": 0, ""cited_by_count"": 454}]"
https://openalex.org/A5085818578,Gerard de Melo,2010,CIKM,3,1,SS→DOI→OA,349,7895,40,121,1.3103448275862069,2007,"[{""year"": 2007, ""works_count"": 2, ""oa_works_count"": 0, ""cited_by_count"": 53}, {""year"": 2008, ""works_count"": 4, ""oa_works_count"": 0, ""cited_by_count"": 64}, {""year"": 2009, ""works_count"": 4, ""oa_works_count"": 0, ""cited_by_count"": 157}, {""year"": 2010, ""works_count"": 8, ""oa_works_count"": 1, ""cited_by_count"": 185}, {""year"": 2011, ""works_count"": 3, ""oa_works_count"": 1, ""cited_by_count"": 366}, {""year"": 2012, ""works_count"": 7, ""oa_works_count"": 0, ""cited_by_count"": 201}, {""year"": 2013, ""works_count"": 5, ""oa_works_count"": 2, ""cited_by_count"": 124}, {""year"": 2014, ""works_count"": 21, ""oa_works_count"": 6, ""cited_by_count"": 354}, {""year"": 2015, ""works_count"": 14, ""oa_works_count"": 5, ""cited_by_count"": 328}, {""year"": 2016, ""works_count"": 22, ""oa_works_count"": 13, ""cited_by_count"": 839}, {""year"": 2017, ""works_count"": 18, ""oa_works_count"": 13, ""cited_by_count"": 272}, {""year"": 2018, ""works_count"": 21, ""oa_works_count"": 9, ""cited_by_count"": 969}, {""year"": 2019, ""works_count"": 23, ""oa_works_count"": 12, ""cited_by_count"": 221}, {""year"": 2020, ""works_count"": 52, ""oa_works_count"": 37, ""cited_by_count"": 802}, {""year"": 2021, ""works_count"": 27, ""oa_works_count"": 20, ""cited_by_count"": 1660}, {""year"": 2022, ""works_count"": 33, ""oa_works_count"": 15, ""cited_by_count"": 979}, {""year"": 2023, ""works_count"": 27, ""oa_works_count"": 25, ""cited_by_count"": 245}, {""year"": 2024, ""works_count"": 34, ""oa_works_count"": 29, ""cited_by_count"": 70}, {""year"": 2025, ""works_count"": 24, ""oa_works_count"": 20, ""cited_by_count"": 6}]"
https://openalex.org/A5006306262,Abhijith Kashyap,2010,CIKM,1,1,SS→DOI→OA,12,149,6,5,0.0,2009,"[{""year"": 2009, ""works_count"": 2, ""oa_works_count"": 0, ""cited_by_count"": 11}, {""year"": 2010, ""works_count"": 2, ""oa_works_count"": 0, ""cited_by_count"": 79}, {""year"": 2011, ""works_count"": 1, ""oa_works_count"": 0, ""cited_by_count"": 0}, {""year"": 2012, ""works_count"": 3, ""oa_works_count"": 0, ""cited_by_count"": 22}, {""year"": 2013, ""works_count"": 1, ""oa_works_count"": 1, ""cited_by_count"": 0}, {""year"": 2014, ""works_count"": 1, ""oa_works_count"": 0, ""cited_by_count"": 9}, {""year"": 2017, ""works_count"": 1, ""oa_works_count"": 1, ""cited_by_count"": 25}, {""year"": 2018, ""works_count"": 1, ""oa_works_count"": 1, ""cited_by_count"": 3}]"
https://openalex.org/A5083631720,Barthélémy Dagenais,2010,FSE,4,1,SS→DOI→OA,23,1274,17,18,0.0,2006,"[{""year"": 2006, ""works_count"": 1, ""oa_works_count"": 0, ""cited_by_count"": 7}, {""year"": 2007, ""works_count"": 3, ""oa_works_count"": 0, ""cited_by_count"": 36}, {""year"": 2008, ""works_count"": 5, ""oa_works_count"": 0, ""cited_by_count"": 358}, {""year"": 2009, ""works_count"": 3, ""oa_works_count"": 0, ""cited_by_count"": 81}, {""year"": 2010, ""works_count"": 2, ""oa_works_count"": 0, ""cited_by_count"": 267}, {""year"": 2011, ""works_count"": 2, ""oa_works_count"": 0, ""cited_by_count"": 130}, {""year"": 2012, ""works_count"": 4, ""oa_works_count"": 0, ""cited_by_count"": 283}, {""year"": 2014, ""works_count"": 2, ""oa_works_count"": 0, ""cited_by_count"": 112}, {""year"": 2021, ""works_count"": 1, ""oa_works_count"": 1, ""cited_by_count"": 0}]"
https://openalex.org/A5030863830,Nishant A. Mehta,2010,ICML,1,1,SS→title→OA,50,645,11,11,0.2857142857142857,2009,"[{""year"": 2009, ""works_count"": 1, ""oa_works_count"": 0, ""cited_by_count"": 3}, {""year"": 2010, ""works_count"": 3, ""oa_works_count"": 1, ""cited_by_count"": 15}, {""year"": 2012, ""works_count"": 4, ""oa_works_count"": 4, ""cited_by_count"": 154}, {""year"": 2013, ""works_count"": 2, ""oa_works_count"": 0, ""cited_by_count"": 29}, {""year"": 2014, ""works_count"": 2, ""oa_works_count"": 2, ""cited_by_count"": 12}, {""year"": 2015, ""works_count"": 2, ""oa_works_count"": 1, ""cited_by_count"": 66}, {""year"": 2016, ""works_count"": 7, ""oa_works_count"": 6, ""cited_by_count"": 65}, {""year"": 2017, ""works_count"": 2, ""oa_works_count"": 2, ""cited_by_count"": 9}, {""year"": 2018, ""works_count"": 3, ""oa_works_count"": 2, ""cited_by_count"": 7}, {""year"": 2019, ""works_count"": 6, ""oa_works_count"": 2, ""cited_by_count"": 35}, {""year"": 2020, ""works_count"": 4, ""oa_works_count"": 2, ""cited_by_count"": 55}, {""year"": 2021, ""works_count"": 4, ""oa_works_count"": 4, ""cited_by_count"": 3}, {""year"": 2022, ""works_count"": 1, ""oa_works_count"": 1, ""cited_by_count"": 189}, {""year"": 2023, ""works_count"": 2, ""oa_works_count"": 2, ""cited_by_count"": 1}, {""year"": 2024, ""works_count"": 4, ""oa_works_count"": 4, ""cited_by_count"": 2}, {""year"": 2025, ""works_count"": 3, ""oa_works_count"": 3, ""cited_by_count"": 0}]"
https://openalex.org/A5000582109,Zibin Zheng,2010,ICSE,4,1,SS→DOI→OA,675,34312,83,314,3.8535031847133756,2006,"[{""year"": 2006, ""works_count"": 1, ""oa_works_count"": 0, ""cited_by_count"": 2}, {""year"": 2007, ""works_count"": 1, ""oa_works_count"": 0, ""cited_by_count"": 5}, {""year"": 2008, ""works_count"": 4, ""oa_works_count"": 0, ""cited_by_count"": 200}, {""year"": 2009, ""works_count"": 2, ""oa_works_count"": 0, ""cited_by_count"": 517}, {""year"": 2010, ""works_count"": 10, ""oa_works_count"": 0, ""cited_by_count"": 1751}, {""year"": 2011, ""works_count"": 18, ""oa_works_count"": 1, ""cited_by_count"": 1240}, {""year"": 2012, ""works_count"": 25, ""oa_works_count"": 0, ""cited_by_count"": 1721}, {""year"": 2013, ""works_count"": 19, ""oa_works_count"": 0, ""cited_by_count"": 1115}, {""year"": 2014, ""works_count"": 20, ""oa_works_count"": 5, ""cited_by_count"": 734}, {""year"": 2015, ""works_count"": 13, ""oa_works_count"": 2, ""cited_by_count"": 420}, {""year"": 2016, ""works_count"": 16, ""oa_works_count"": 1, ""cited_by_count"": 515}, {""year"": 2017, ""works_count"": 23, ""oa_works_count"": 1, ""cited_by_count"": 6360}, {""year"": 2018, ""works_count"": 31, ""oa_works_count"": 5, ""cited_by_count"": 6771}, {""year"": 2019, ""works_count"": 57, ""oa_works_count"": 20, ""cited_by_count"": 4847}, {""year"": 2020, ""works_count"": 65, ""oa_works_count"": 34, ""cited_by_count"": 3741}, {""year"": 2021, ""works_count"": 57, ""oa_works_count"": 17, ""cited_by_count"": 1778}, {""year"": 2022, ""works_count"": 57, ""oa_works_count"": 27, ""cited_by_count"": 1067}, {""year"": 2023, ""works_count"": 99, ""oa_works_count"": 46, ""cited_by_count"": 923}, {""year"": 2024, ""works_count"": 84, ""oa_works_count"": 49, ""cited_by_count"": 464}, {""year"": 2025, ""works_count"": 73, ""oa_works_count"": 44, ""cited_by_count"": 141}]"
https://openalex.org/A5023884479,Jingwen Ou,2010,ICSE,1,2,SS→DOI→OA,4,181,2,2,0.0,2010,"[{""year"": 2009, ""works_count"": 1, ""oa_works_count"": 1, ""cited_by_count"": 0}, {""year"": 2010, ""works_count"": 2, ""oa_works_count"": 0, ""cited_by_count"": 121}, {""year"": 2014, ""works_count"": 1, ""oa_works_count"": 0, ""cited_by_count"": 60}]"
https://openalex.org/A5051133116,Adam Czauderna,2010,ICSE,0,2,SS→DOI→OA,13,443,9,8,0.0,2010,"[{""year"": 2010, ""works_count"": 2, ""oa_works_count"": 0, ""cited_by_count"": 254}, {""year"": 2011, ""works_count"": 2, ""oa_works_count"": 0, ""cited_by_count"": 58}, {""year"": 2012, ""works_count"": 4, ""oa_works_count"": 0, ""cited_by_count"": 73}, {""year"": 2013, ""works_count"": 5, ""oa_works_count"": 0, ""cited_by_count"": 58}]"
https://openalex.org/A5011785079,Qiusong Yang,2010,ICSE,5,1,SS→title→OA,43,179,8,7,0.7692307692307693,2005,"[{""year"": 2005, ""works_count"": 1, ""oa_works_count"": 0, ""cited_by_count"": 5}, {""year"": 2006, ""works_count"": 1, ""oa_works_count"": 0, ""cited_by_count"": 2}, {""year"": 2007, ""works_count"": 1, ""oa_works_count"": 0, ""cited_by_count"": 12}, {""year"": 2009, ""works_count"": 4, ""oa_works_count"": 1, ""cited_by_count"": 19}, {""year"": 2010, ""works_count"": 3, ""oa_works_count"": 1, ""cited_by_count"": 21}, {""year"": 2011, ""works_count"": 4, ""oa_works_count"": 0, ""cited_by_count"": 8}, {""year"": 2012, ""works_count"": 2, ""oa_works_count"": 0, ""cited_by_count"": 0}, {""year"": 2013, ""works_count"": 2, ""oa_works_count"": 0, ""cited_by_count"": 5}, {""year"": 2014, ""works_count"": 2, ""oa_works_count"": 0, ""cited_by_count"": 27}, {""year"": 2015, ""works_count"": 3, ""oa_works_count"": 1, ""cited_by_count"": 44}, {""year"": 2018, ""works_count"": 3, ""oa_works_count"": 0, ""cited_by_count"": 5}, {""year"": 2021, ""works_count"": 1, ""oa_works_count"": 1, ""cited_by_count"": 2}, {""year"": 2022, ""works_count"": 2, ""oa_works_count"": 0, ""cited_by_count"": 19}, {""year"": 2023, ""works_count"": 1, ""oa_works_count"": 0, ""cited_by_count"": 0}, {""year"": 2024, ""works_count"": 5, ""oa_works_count"": 4, ""cited_by_count"": 8}, {""year"": 2025, ""works_count"": 8, ""oa_works_count"": 6, ""cited_by_count"": 2}]"
https://openalex.org/A5051155440,Tihomir Gvero,2010,ICSE,2,2,SS→DOI→OA,19,633,11,12,0.0,2008,"[{""year"": 2008, ""works_count"": 2, ""oa_works_count"": 1, ""cited_by_count"": 13}, {""year"": 2009, ""works_count"": 1, ""oa_works_count"": 0, ""cited_by_count"": 15}, {""year"": 2010, ""works_count"": 2, ""oa_works_count"": 1, ""cited_by_count"": 236}, {""year"": 2011, ""works_count"": 3, ""oa_works_count"": 2, ""cited_by_count"": 71}, {""year"": 2012, ""works_count"": 1, ""oa_works_count"": 1, ""cited_by_count"": 2}, {""year"": 2013, ""works_count"": 3, ""oa_works_count"": 2, ""cited_by_count"": 151}, {""year"": 2014, ""works_count"": 1, ""oa_works_count"": 1, ""cited_by_count"": 2}, {""year"": 2015, ""works_count"": 6, ""oa_works_count"": 3, ""cited_by_count"": 143}]"
https://openalex.org/A5025340145,Vilas Jagannath,2010,ICSE,1,3,SS→DOI→OA,16,612,12,12,0.0,2009,"[{""year"": 2009, ""works_count"": 2, ""oa_works_count"": 0, ""cited_by_count"": 139}, {""year"": 2010, ""works_count"": 5, ""oa_works_count"": 1, ""cited_by_count"": 255}, {""year"": 2011, ""works_count"": 5, ""oa_works_count"": 0, ""cited_by_count"": 197}, {""year"": 2012, ""works_count"": 4, ""oa_works_count"": 0, ""cited_by_count"": 21}]"
https://openalex.org/A5071597932,Kin-Wah Kwong,2010,INFOCOM,3,1,SS→title→OA,13,241,7,7,0.0,2007,"[{""year"": 2007, ""works_count"": 1, ""oa_works_count"": 0, ""cited_by_count"": 10}, {""year"": 2008, ""works_count"": 4, ""oa_works_count"": 0, ""cited_by_count"": 62}, {""year"": 2009, ""works_count"": 3, ""oa_works_count"": 1, ""cited_by_count"": 53}, {""year"": 2010, ""works_count"": 4, ""oa_works_count"": 0, ""cited_by_count"": 45}, {""year"": 2011, ""works_count"": 1, ""oa_works_count"": 0, ""cited_by_count"": 71}]"
https://openalex.org/A5009660759,Dafna Shahaf,2010,KDD,4,1,SS→title→OA,105,1797,20,32,5.0,2006,"[{""year"": 2006, ""works_count"": 2, ""oa_works_count"": 0, ""cited_by_count"": 46}, {""year"": 2007, ""works_count"": 2, ""oa_works_count"": 0, ""cited_by_count"": 49}, {""year"": 2009, ""works_count"": 6, ""oa_works_count"": 0, ""cited_by_count"": 185}, {""year"": 2010, ""works_count"": 2, ""oa_works_count"": 1, ""cited_by_count"": 255}, {""year"": 2011, ""works_count"": 1, ""oa_works_count"": 0, ""cited_by_count"": 6}, {""year"": 2012, ""works_count"": 4, ""oa_works_count"": 0, ""cited_by_count"": 229}, {""year"": 2013, ""works_count"": 2, ""oa_works_count"": 0, ""cited_by_count"": 92}, {""year"": 2014, ""works_count"": 1, ""oa_works_count"": 0, ""cited_by_count"": 0}, {""year"": 2015, ""works_count"": 3, ""oa_works_count"": 0, ""cited_by_count"": 101}, {""year"": 2016, ""works_count"": 5, ""oa_works_count"": 2, ""cited_by_count"": 15}, {""year"": 2017, ""works_count"": 6, ""oa_works_count"": 3, ""cited_by_count"": 293}, {""year"": 2018, ""works_count"": 8, ""oa_works_count"": 7, ""cited_by_count"": 113}, {""year"": 2019, ""works_count"": 5, ""oa_works_count"": 3, ""cited_by_count"": 140}, {""year"": 2020, ""works_count"": 5, ""oa_works_count"": 5, ""cited_by_count"": 44}, {""year"": 2021, ""works_count"": 11, ""oa_works_count"": 10, ""cited_by_count"": 19}, {""year"": 2022, ""works_count"": 14, ""oa_works_count"": 14, ""cited_by_count"": 93}, {""year"": 2023, ""works_count"": 12, ""oa_works_count"": 12, ""cited_by_count"": 37}, {""year"": 2024, ""works_count"": 7, ""oa_works_count"": 7, ""cited_by_count"": 79}, {""year"": 2025, ""works_count"": 7, ""oa_works_count"": 7, ""cited_by_count"": 1}, {""year"": 2026, ""works_count"": 2, ""oa_works_count"": 2, ""cited_by_count"": 0}]"
https://openalex.org/A5072515084,Justine Sherry,2010,NSDI,1,1,SS→title→OA,62,2774,22,28,1.6363636363636365,2010,"[{""year"": 2009, ""works_count"": 1, ""oa_works_count"": 1, ""cited_by_count"": 1}, {""year"": 2010, ""works_count"": 2, ""oa_works_count"": 0, ""cited_by_count"": 53}, {""year"": 2012, ""works_count"": 4, ""oa_works_count"": 1, ""cited_by_count"": 972}, {""year"": 2013, ""works_count"": 6, ""oa_works_count"": 1, ""cited_by_count"": 303}, {""year"": 2014, ""works_count"": 1, ""oa_works_count"": 0, ""cited_by_count"": 39}, {""year"": 2015, ""works_count"": 7, ""oa_works_count"": 4, ""cited_by_count"": 763}, {""year"": 2016, ""works_count"": 7, ""oa_works_count"": 2, ""cited_by_count"": 106}, {""year"": 2018, ""works_count"": 2, ""oa_works_count"": 0, ""cited_by_count"": 108}, {""year"": 2019, ""works_count"": 3, ""oa_works_count"": 3, ""cited_by_count"": 143}, {""year"": 2020, ""works_count"": 4, ""oa_works_count"": 2, ""cited_by_count"": 133}, {""year"": 2021, ""works_count"": 4, ""oa_works_count"": 3, ""cited_by_count"": 44}, {""year"": 2022, ""works_count"": 5, ""oa_works_count"": 3, ""cited_by_count"": 77}, {""year"": 2023, ""works_count"": 5, ""oa_works_count"": 3, ""cited_by_count"": 14}, {""year"": 2024, ""works_count"": 6, ""oa_works_count"": 3, ""cited_by_count"": 18}, {""year"": 2025, ""works_count"": 5, ""oa_works_count"": 5, ""cited_by_count"": 0}]"
https://openalex.org/A5058555162,Shu-Chun Weng,2010,OSDI,3,2,SS→title→OA,18,1129,11,12,0.0,2007,"[{""year"": 2007, ""works_count"": 1, ""oa_works_count"": 0, ""cited_by_count"": 9}, {""year"": 2009, ""works_count"": 1, ""oa_works_count"": 0, ""cited_by_count"": 4}, {""year"": 2010, ""works_count"": 3, ""oa_works_count"": 2, ""cited_by_count"": 171}, {""year"": 2011, ""works_count"": 1, ""oa_works_count"": 1, ""cited_by_count"": 1}, {""year"": 2012, ""works_count"": 2, ""oa_works_count"": 0, ""cited_by_count"": 551}, {""year"": 2013, ""works_count"": 1, ""oa_works_count"": 0, ""cited_by_count"": 3}, {""year"": 2014, ""works_count"": 3, ""oa_works_count"": 1, ""cited_by_count"": 194}, {""year"": 2015, ""works_count"": 2, ""oa_works_count"": 0, ""cited_by_count"": 54}, {""year"": 2016, ""works_count"": 2, ""oa_works_count"": 1, ""cited_by_count"": 110}, {""year"": 2017, ""works_count"": 1, ""oa_works_count"": 1, ""cited_by_count"": 21}, {""year"": 2019, ""works_count"": 1, ""oa_works_count"": 1, ""cited_by_count"": 11}]"
https://openalex.org/A5066531106,Muli Ben-Yehuda,2010,OSDI,4,1,SS→title→OA,57,2817,24,35,0.0,2006,"[{""year"": 2006, ""works_count"": 2, ""oa_works_count"": 0, ""cited_by_count"": 18}, {""year"": 2008, ""works_count"": 12, ""oa_works_count"": 0, ""cited_by_count"": 256}, {""year"": 2009, ""works_count"": 5, ""oa_works_count"": 1, ""cited_by_count"": 828}, {""year"": 2010, ""works_count"": 5, ""oa_works_count"": 0, ""cited_by_count"": 344}, {""year"": 2011, ""works_count"": 6, ""oa_works_count"": 1, ""cited_by_count"": 406}, {""year"": 2012, ""works_count"": 7, ""oa_works_count"": 0, ""cited_by_count"": 289}, {""year"": 2013, ""works_count"": 3, ""oa_works_count"": 0, ""cited_by_count"": 355}, {""year"": 2014, ""works_count"": 6, ""oa_works_count"": 1, ""cited_by_count"": 197}, {""year"": 2015, ""works_count"": 5, ""oa_works_count"": 0, ""cited_by_count"": 79}, {""year"": 2016, ""works_count"": 2, ""oa_works_count"": 0, ""cited_by_count"": 11}, {""year"": 2017, ""works_count"": 4, ""oa_works_count"": 0, ""cited_by_count"": 34}]"
https://openalex.org/A5109135732,Jelani Nelson,2010,PODS,4,2,SS→DOI→OA,120,2343,24,35,0.2857142857142857,2007,"[{""year"": 2006, ""works_count"": 2, ""oa_works_count"": 2, ""cited_by_count"": 9}, {""year"": 2007, ""works_count"": 2, ""oa_works_count"": 1, ""cited_by_count"": 149}, {""year"": 2008, ""works_count"": 3, ""oa_works_count"": 1, ""cited_by_count"": 102}, {""year"": 2009, ""works_count"": 4, ""oa_works_count"": 3, ""cited_by_count"": 41}, {""year"": 2010, ""works_count"": 9, ""oa_works_count"": 5, ""cited_by_count"": 545}, {""year"": 2011, ""works_count"": 4, ""oa_works_count"": 3, ""cited_by_count"": 154}, {""year"": 2012, ""works_count"": 8, ""oa_works_count"": 6, ""cited_by_count"": 77}, {""year"": 2013, ""works_count"": 10, ""oa_works_count"": 3, ""cited_by_count"": 368}, {""year"": 2014, ""works_count"": 5, ""oa_works_count"": 2, ""cited_by_count"": 331}, {""year"": 2015, ""works_count"": 9, ""oa_works_count"": 4, ""cited_by_count"": 206}, {""year"": 2016, ""works_count"": 8, ""oa_works_count"": 7, ""cited_by_count"": 81}, {""year"": 2017, ""works_count"": 10, ""oa_works_count"": 10, ""cited_by_count"": 65}, {""year"": 2018, ""works_count"": 4, ""oa_works_count"": 4, ""cited_by_count"": 102}, {""year"": 2019, ""works_count"": 4, ""oa_works_count"": 4, ""cited_by_count"": 60}, {""year"": 2020, ""works_count"": 5, ""oa_works_count"": 5, ""cited_by_count"": 5}, {""year"": 2021, ""works_count"": 4, ""oa_works_count"": 4, ""cited_by_count"": 11}, {""year"": 2022, ""works_count"": 14, ""oa_works_count"": 13, ""cited_by_count"": 21}, {""year"": 2023, ""works_count"": 8, ""oa_works_count"": 7, ""cited_by_count"": 14}, {""year"": 2024, ""works_count"": 6, ""oa_works_count"": 6, ""cited_by_count"": 2}, {""year"": 2026, ""works_count"": 1, ""oa_works_count"": 0, ""cited_by_count"": 0}]"
https://openalex.org/A5014539613,Ayman Jarrous,2010,S&P,1,3,SS→DOI→OA,5,327,4,3,0.0,2009,"[{""year"": 2009, ""works_count"": 1, ""oa_works_count"": 0, ""cited_by_count"": 68}, {""year"": 2010, ""works_count"": 1, ""oa_works_count"": 0, ""cited_by_count"": 227}, {""year"": 2013, ""works_count"": 3, ""oa_works_count"": 2, ""cited_by_count"": 32}]"
https://openalex.org/A5100687673,Binbin Chen,2010,SIGCOMM,4,1,SS→DOI→OA,285,3113,30,86,2.3333333333333335,2006,"[{""year"": 2006, ""works_count"": 3, ""oa_works_count"": 1, ""cited_by_count"": 29}, {""year"": 2007, ""works_count"": 2, ""oa_works_count"": 0, ""cited_by_count"": 66}, {""year"": 2008, ""works_count"": 1, ""oa_works_count"": 0, ""cited_by_count"": 24}, {""year"": 2009, ""works_count"": 3, ""oa_works_count"": 0, ""cited_by_count"": 138}, {""year"": 2010, ""works_count"": 6, ""oa_works_count"": 2, ""cited_by_count"": 300}, {""year"": 2011, ""works_count"": 5, ""oa_works_count"": 0, ""cited_by_count"": 48}, {""year"": 2012, ""works_count"": 7, ""oa_works_count"": 1, ""cited_by_count"": 90}, {""year"": 2013, ""works_count"": 6, ""oa_works_count"": 0, ""cited_by_count"": 172}, {""year"": 2014, ""works_count"": 9, ""oa_works_count"": 2, ""cited_by_count"": 186}, {""year"": 2015, ""works_count"": 5, ""oa_works_count"": 1, ""cited_by_count"": 101}, {""year"": 2016, ""works_count"": 7, ""oa_works_count"": 0, ""cited_by_count"": 73}, {""year"": 2017, ""works_count"": 20, ""oa_works_count"": 4, ""cited_by_count"": 341}, {""year"": 2018, ""works_count"": 11, ""oa_works_count"": 2, ""cited_by_count"": 222}, {""year"": 2019, ""works_count"": 24, ""oa_works_count"": 8, ""cited_by_count"": 442}, {""year"": 2020, ""works_count"": 16, ""oa_works_count"": 4, ""cited_by_count"": 164}, {""year"": 2021, ""works_count"": 26, ""oa_works_count"": 10, ""cited_by_count"": 147}, {""year"": 2022, ""works_count"": 25, ""oa_works_count"": 9, ""cited_by_count"": 237}, {""year"": 2023, ""works_count"": 22, ""oa_works_count"": 8, ""cited_by_count"": 130}, {""year"": 2024, ""works_count"": 46, ""oa_works_count"": 16, ""cited_by_count"": 148}, {""year"": 2025, ""works_count"": 41, ""oa_works_count"": 22, ""cited_by_count"": 55}]"
https://openalex.org/A5071920857,Ziling Zhou,2010,SIGCOMM,0,2,SS→DOI→OA,8,243,6,5,0.0,2010,"[{""year"": 2010, ""works_count"": 2, ""oa_works_count"": 1, ""cited_by_count"": 65}, {""year"": 2011, ""works_count"": 1, ""oa_works_count"": 0, ""cited_by_count"": 25}, {""year"": 2013, ""works_count"": 1, ""oa_works_count"": 0, ""cited_by_count"": 70}, {""year"": 2014, ""works_count"": 1, ""oa_works_count"": 0, ""cited_by_count"": 74}, {""year"": 2015, ""works_count"": 1, ""oa_works_count"": 0, ""cited_by_count"": 0}, {""year"": 2018, ""works_count"": 1, ""oa_works_count"": 0, ""cited_by_count"": 9}, {""year"": 2019, ""works_count"": 1, ""oa_works_count"": 0, ""cited_by_count"": 0}]"
https://openalex.org/A5041703865,Yuda Zhao,2010,SIGCOMM,0,3,SS→DOI→OA,16,153,6,5,0.0,2010,"[{""year"": 2010, ""works_count"": 2, ""oa_works_count"": 1, ""cited_by_count"": 65}, {""year"": 2011, ""works_count"": 1, ""oa_works_count"": 0, ""cited_by_count"": 25}, {""year"": 2012, ""works_count"": 1, ""oa_works_count"": 0, ""cited_by_count"": 1}, {""year"": 2014, ""works_count"": 2, ""oa_works_count"": 0, ""cited_by_count"": 14}, {""year"": 2015, ""works_count"": 1, ""oa_works_count"": 0, ""cited_by_count"": 2}, {""year"": 2016, ""works_count"": 1, ""oa_works_count"": 0, ""cited_by_count"": 3}, {""year"": 2017, ""works_count"": 1, ""oa_works_count"": 1, ""cited_by_count"": 3}, {""year"": 2018, ""works_count"": 1, ""oa_works_count"": 0, ""cited_by_count"": 6}, {""year"": 2019, ""works_count"": 3, ""oa_works_count"": 3, ""cited_by_count"": 4}, {""year"": 2020, ""works_count"": 1, ""oa_works_count"": 0, ""cited_by_count"": 24}, {""year"": 2021, ""works_count"": 1, ""oa_works_count"": 0, ""cited_by_count"": 6}, {""year"": 2025, ""works_count"": 1, ""oa_works_count"": 1, ""cited_by_count"": 0}]"
https://openalex.org/A5041503751,Sarah Lilienthal,2010,SIGMETRICS,0,2,SS→DOI→OA,5,48,3,3,0.0,2010,"[{""year"": 2010, ""works_count"": 4, ""oa_works_count"": 2, ""cited_by_count"": 38}, {""year"": 2012, ""works_count"": 1, ""oa_works_count"": 0, ""cited_by_count"": 10}]"
https://openalex.org/A5111985072,Nadathur Satish,2010,SIGMOD,5,3,SS→DOI→OA,70,6908,36,55,0.0,2005,"[{""year"": 2005, ""works_count"": 2, ""oa_works_count"": 0, ""cited_by_count"": 73}, {""year"": 2007, ""works_count"": 3, ""oa_works_count"": 0, ""cited_by_count"": 137}, {""year"": 2008, ""works_count"": 2, ""oa_works_count"": 0, ""cited_by_count"": 68}, {""year"": 2009, ""works_count"": 6, ""oa_works_count"": 0, ""cited_by_count"": 1171}, {""year"": 2010, ""works_count"": 5, ""oa_works_count"": 0, ""cited_by_count"": 1710}, {""year"": 2011, ""works_count"": 4, ""oa_works_count"": 1, ""cited_by_count"": 254}, {""year"": 2012, ""works_count"": 10, ""oa_works_count"": 0, ""cited_by_count"": 571}, {""year"": 2013, ""works_count"": 2, ""oa_works_count"": 1, ""cited_by_count"": 122}, {""year"": 2014, ""works_count"": 3, ""oa_works_count"": 0, ""cited_by_count"": 249}, {""year"": 2015, ""works_count"": 14, ""oa_works_count"": 9, ""cited_by_count"": 1560}, {""year"": 2016, ""works_count"": 9, ""oa_works_count"": 4, ""cited_by_count"": 806}, {""year"": 2017, ""works_count"": 4, ""oa_works_count"": 2, ""cited_by_count"": 116}, {""year"": 2018, ""works_count"": 1, ""oa_works_count"": 0, ""cited_by_count"": 8}, {""year"": 2019, ""works_count"": 1, ""oa_works_count"": 0, ""cited_by_count"": 63}, {""year"": 2021, ""works_count"": 1, ""oa_works_count"": 0, ""cited_by_count"": 0}, {""year"": 2023, ""works_count"": 1, ""oa_works_count"": 1, ""cited_by_count"": 0}, {""year"": 2024, ""works_count"": 1, ""oa_works_count"": 0, ""cited_by_count"": 0}, {""year"": 2025, ""works_count"": 1, ""oa_works_count"": 0, ""cited_by_count"": 0}]"
https://openalex.org/A5081042997,Arash Asadpour,2010,SODA,3,1,SS→title→OA,24,828,15,17,0.0,2007,"[{""year"": 2007, ""works_count"": 1, ""oa_works_count"": 0, ""cited_by_count"": 105}, {""year"": 2008, ""works_count"": 2, ""oa_works_count"": 0, ""cited_by_count"": 128}, {""year"": 2009, ""works_count"": 2, ""oa_works_count"": 1, ""cited_by_count"": 40}, {""year"": 2010, ""works_count"": 2, ""oa_works_count"": 1, ""cited_by_count"": 156}, {""year"": 2012, ""works_count"": 1, ""oa_works_count"": 0, ""cited_by_count"": 65}, {""year"": 2014, ""works_count"": 1, ""oa_works_count"": 0, ""cited_by_count"": 3}, {""year"": 2015, ""works_count"": 1, ""oa_works_count"": 0, ""cited_by_count"": 67}, {""year"": 2016, ""works_count"": 1, ""oa_works_count"": 1, ""cited_by_count"": 24}, {""year"": 2017, ""works_count"": 2, ""oa_works_count"": 1, ""cited_by_count"": 64}, {""year"": 2019, ""works_count"": 3, ""oa_works_count"": 1, ""cited_by_count"": 76}, {""year"": 2020, ""works_count"": 3, ""oa_works_count"": 2, ""cited_by_count"": 22}, {""year"": 2021, ""works_count"": 1, ""oa_works_count"": 0, ""cited_by_count"": 26}, {""year"": 2022, ""works_count"": 3, ""oa_works_count"": 0, ""cited_by_count"": 51}, {""year"": 2023, ""works_count"": 1, ""oa_works_count"": 1, ""cited_by_count"": 1}]"
https://openalex.org/A5075969007,Sarvagya Upadhyay,2010,STOC,4,3,SS→DOI→OA,29,398,10,11,1.5,2007,"[{""year"": 2006, ""works_count"": 1, ""oa_works_count"": 1, ""cited_by_count"": 24}, {""year"": 2007, ""works_count"": 1, ""oa_works_count"": 0, ""cited_by_count"": 28}, {""year"": 2008, ""works_count"": 1, ""oa_works_count"": 0, ""cited_by_count"": 96}, {""year"": 2009, ""works_count"": 4, ""oa_works_count"": 3, ""cited_by_count"": 60}, {""year"": 2010, ""works_count"": 3, ""oa_works_count"": 0, ""cited_by_count"": 75}, {""year"": 2011, ""works_count"": 3, ""oa_works_count"": 2, ""cited_by_count"": 60}, {""year"": 2013, ""works_count"": 1, ""oa_works_count"": 0, ""cited_by_count"": 16}, {""year"": 2019, ""works_count"": 2, ""oa_works_count"": 2, ""cited_by_count"": 5}, {""year"": 2020, ""works_count"": 3, ""oa_works_count"": 2, ""cited_by_count"": 5}, {""year"": 2021, ""works_count"": 3, ""oa_works_count"": 0, ""cited_by_count"": 2}, {""year"": 2022, ""works_count"": 2, ""oa_works_count"": 1, ""cited_by_count"": 10}, {""year"": 2023, ""works_count"": 3, ""oa_works_count"": 2, ""cited_by_count"": 14}, {""year"": 2024, ""works_count"": 2, ""oa_works_count"": 0, ""cited_by_count"": 3}]"
https://openalex.org/A5023591555,Jarosław Byrka,2010,STOC,5,1,SS→DOI→OA,97,1492,18,24,0.3333333333333333,2005,"[{""year"": 2005, ""works_count"": 1, ""oa_works_count"": 0, ""cited_by_count"": 3}, {""year"": 2006, ""works_count"": 3, ""oa_works_count"": 2, ""cited_by_count"": 37}, {""year"": 2007, ""works_count"": 6, ""oa_works_count"": 5, ""cited_by_count"": 174}, {""year"": 2008, ""works_count"": 5, ""oa_works_count"": 4, ""cited_by_count"": 31}, {""year"": 2009, ""works_count"": 3, ""oa_works_count"": 3, ""cited_by_count"": 133}, {""year"": 2010, ""works_count"": 6, ""oa_works_count"": 6, ""cited_by_count"": 407}, {""year"": 2012, ""works_count"": 2, ""oa_works_count"": 1, ""cited_by_count"": 20}, {""year"": 2013, ""works_count"": 10, ""oa_works_count"": 6, ""cited_by_count"": 316}, {""year"": 2014, ""works_count"": 6, ""oa_works_count"": 4, ""cited_by_count"": 110}, {""year"": 2015, ""works_count"": 7, ""oa_works_count"": 3, ""cited_by_count"": 23}, {""year"": 2016, ""works_count"": 5, ""oa_works_count"": 3, ""cited_by_count"": 35}, {""year"": 2017, ""works_count"": 5, ""oa_works_count"": 4, ""cited_by_count"": 91}, {""year"": 2018, ""works_count"": 7, ""oa_works_count"": 5, ""cited_by_count"": 53}, {""year"": 2019, ""works_count"": 4, ""oa_works_count"": 3, ""cited_by_count"": 12}, {""year"": 2020, ""works_count"": 5, ""oa_works_count"": 4, ""cited_by_count"": 22}, {""year"": 2021, ""works_count"": 4, ""oa_works_count"": 3, ""cited_by_count"": 6}, {""year"": 2022, ""works_count"": 2, ""oa_works_count"": 2, ""cited_by_count"": 0}, {""year"": 2023, ""works_count"": 7, ""oa_works_count"": 6, ""cited_by_count"": 16}, {""year"": 2024, ""works_count"": 5, ""oa_works_count"": 3, ""cited_by_count"": 3}, {""year"": 2025, ""works_count"": 4, ""oa_works_count"": 3, ""cited_by_count"": 0}]"
https://openalex.org/A5084269195,Chandrika Jayant,2010,UIST,3,2,SS→title→OA,10,1970,8,8,0.0,2007,"[{""year"": 2007, ""works_count"": 1, ""oa_works_count"": 0, ""cited_by_count"": 87}, {""year"": 2009, ""works_count"": 1, ""oa_works_count"": 0, ""cited_by_count"": 375}, {""year"": 2010, ""works_count"": 5, ""oa_works_count"": 1, ""cited_by_count"": 1342}, {""year"": 2011, ""works_count"": 2, ""oa_works_count"": 0, ""cited_by_count"": 166}, {""year"": 2020, ""works_count"": 1, ""oa_works_count"": 0, ""cited_by_count"": 0}]"
https://openalex.org/A5051921091,Hanjie Ji,2010,UIST,0,3,SS→title→OA,4,1309,4,4,0.0,2010,"[{""year"": 2010, ""works_count"": 3, ""oa_works_count"": 1, ""cited_by_count"": 1144}, {""year"": 2011, ""works_count"": 1, ""oa_works_count"": 0, ""cited_by_count"": 165}]"
https://openalex.org/A5006980420,Shuai Ma,2010,VLDB,3,3,SS→DOI→OA,142,3865,31,66,2.380952380952381,2007,"[{""year"": 2007, ""works_count"": 2, ""oa_works_count"": 2, ""cited_by_count"": 420}, {""year"": 2008, ""works_count"": 2, ""oa_works_count"": 1, ""cited_by_count"": 108}, {""year"": 2009, ""works_count"": 3, ""oa_works_count"": 3, ""cited_by_count"": 268}, {""year"": 2010, ""works_count"": 5, ""oa_works_count"": 1, ""cited_by_count"": 727}, {""year"": 2011, ""works_count"": 5, ""oa_works_count"": 3, ""cited_by_count"": 365}, {""year"": 2012, ""works_count"": 2, ""oa_works_count"": 1, ""cited_by_count"": 115}, {""year"": 2013, ""works_count"": 5, ""oa_works_count"": 2, ""cited_by_count"": 117}, {""year"": 2014, ""works_count"": 9, ""oa_works_count"": 3, ""cited_by_count"": 354}, {""year"": 2015, ""works_count"": 5, ""oa_works_count"": 4, ""cited_by_count"": 93}, {""year"": 2016, ""works_count"": 8, ""oa_works_count"": 2, ""cited_by_count"": 156}, {""year"": 2017, ""works_count"": 8, ""oa_works_count"": 2, ""cited_by_count"": 151}, {""year"": 2018, ""works_count"": 11, ""oa_works_count"": 5, ""cited_by_count"": 123}, {""year"": 2019, ""works_count"": 13, ""oa_works_count"": 7, ""cited_by_count"": 215}, {""year"": 2020, ""works_count"": 14, ""oa_works_count"": 4, ""cited_by_count"": 383}, {""year"": 2021, ""works_count"": 10, ""oa_works_count"": 3, ""cited_by_count"": 112}, {""year"": 2022, ""works_count"": 9, ""oa_works_count"": 1, ""cited_by_count"": 41}, {""year"": 2023, ""works_count"": 10, ""oa_works_count"": 1, ""cited_by_count"": 67}, {""year"": 2024, ""works_count"": 10, ""oa_works_count"": 4, ""cited_by_count"": 46}, {""year"": 2025, ""works_count"": 11, ""oa_works_count"": 4, ""cited_by_count"": 4}]"
https://openalex.org/A5080877905,Steffen Rendle,2010,WWW,4,1,SS→title→OA,85,16222,28,36,0.25,2006,"[{""year"": 2006, ""works_count"": 3, ""oa_works_count"": 1, ""cited_by_count"": 47}, {""year"": 2008, ""works_count"": 4, ""oa_works_count"": 0, ""cited_by_count"": 255}, {""year"": 2009, ""works_count"": 3, ""oa_works_count"": 0, ""cited_by_count"": 401}, {""year"": 2010, ""works_count"": 18, ""oa_works_count"": 0, ""cited_by_count"": 6692}, {""year"": 2011, ""works_count"": 4, ""oa_works_count"": 0, ""cited_by_count"": 966}, {""year"": 2012, ""works_count"": 16, ""oa_works_count"": 2, ""cited_by_count"": 6036}, {""year"": 2013, ""works_count"": 4, ""oa_works_count"": 0, ""cited_by_count"": 109}, {""year"": 2014, ""works_count"": 1, ""oa_works_count"": 0, ""cited_by_count"": 381}, {""year"": 2015, ""works_count"": 1, ""oa_works_count"": 1, ""cited_by_count"": 3}, {""year"": 2016, ""works_count"": 3, ""oa_works_count"": 2, ""cited_by_count"": 23}, {""year"": 2017, ""works_count"": 2, ""oa_works_count"": 1, ""cited_by_count"": 245}, {""year"": 2018, ""works_count"": 1, ""oa_works_count"": 1, ""cited_by_count"": 7}, {""year"": 2019, ""works_count"": 2, ""oa_works_count"": 2, ""cited_by_count"": 103}, {""year"": 2020, ""works_count"": 5, ""oa_works_count"": 3, ""cited_by_count"": 496}, {""year"": 2021, ""works_count"": 9, ""oa_works_count"": 7, ""cited_by_count"": 344}, {""year"": 2022, ""works_count"": 2, ""oa_works_count"": 2, ""cited_by_count"": 112}, {""year"": 2023, ""works_count"": 3, ""oa_works_count"": 3, ""cited_by_count"": 1}, {""year"": 2024, ""works_count"": 2, ""oa_works_count"": 2, ""cited_by_count"": 1}, {""year"": 2025, ""works_count"": 2, ""oa_works_count"": 2, ""cited_by_count"": 0}]"
https://openalex.org/A5082540454,Christoph Freudenthaler,2010,WWW,0,2,SS→title→OA,31,9088,14,15,1.0,2010,"[{""year"": 2010, ""works_count"": 3, ""oa_works_count"": 0, ""cited_by_count"": 2885}, {""year"": 2011, ""works_count"": 9, ""oa_works_count"": 0, ""cited_by_count"": 1117}, {""year"": 2012, ""works_count"": 5, ""oa_works_count"": 2, ""cited_by_count"": 4680}, {""year"": 2013, ""works_count"": 1, ""oa_works_count"": 0, ""cited_by_count"": 0}, {""year"": 2014, ""works_count"": 4, ""oa_works_count"": 0, ""cited_by_count"": 382}, {""year"": 2015, ""works_count"": 1, ""oa_works_count"": 0, ""cited_by_count"": 7}, {""year"": 2016, ""works_count"": 3, ""oa_works_count"": 3, ""cited_by_count"": 14}, {""year"": 2017, ""works_count"": 2, ""oa_works_count"": 0, ""cited_by_count"": 0}, {""year"": 2019, ""works_count"": 2, ""oa_works_count"": 2, ""cited_by_count"": 2}, {""year"": 2025, ""works_count"": 1, ""oa_works_count"": 1, ""cited_by_count"": 1}]"
https://openalex.org/A5001722321,Adam Pauls,2009,ACL,4,1,SS→title→OA,34,917,14,17,0.0,2005,"[{""year"": 2005, ""works_count"": 1, ""oa_works_count"": 1, ""cited_by_count"": 53}, {""year"": 2006, ""works_count"": 1, ""oa_works_count"": 0, ""cited_by_count"": 63}, {""year"": 2007, ""works_count"": 1, ""oa_works_count"": 0, ""cited_by_count"": 13}, {""year"": 2009, ""works_count"": 5, ""oa_works_count"": 5, ""cited_by_count"": 118}, {""year"": 2010, ""works_count"": 5, ""oa_works_count"": 0, ""cited_by_count"": 58}, {""year"": 2011, ""works_count"": 1, ""oa_works_count"": 0, ""cited_by_count"": 138}, {""year"": 2012, ""works_count"": 4, ""oa_works_count"": 0, ""cited_by_count"": 273}, {""year"": 2020, ""works_count"": 1, ""oa_works_count"": 0, ""cited_by_count"": 0}, {""year"": 2021, ""works_count"": 5, ""oa_works_count"": 4, ""cited_by_count"": 175}, {""year"": 2022, ""works_count"": 6, ""oa_works_count"": 5, ""cited_by_count"": 22}, {""year"": 2023, ""works_count"": 3, ""oa_works_count"": 3, ""cited_by_count"": 4}, {""year"": 2025, ""works_count"": 1, ""oa_works_count"": 1, ""cited_by_count"": 0}]"
https://openalex.org/A5004854992,S. R. K. Branavan,2009,ACL,2,1,SS→title→OA,13,640,8,8,0.0,2009,"[{""year"": 2007, ""works_count"": 1, ""oa_works_count"": 0, ""cited_by_count"": 19}, {""year"": 2008, ""works_count"": 1, ""oa_works_count"": 1, ""cited_by_count"": 0}, {""year"": 2009, ""works_count"": 3, ""oa_works_count"": 3, ""cited_by_count"": 378}, {""year"": 2010, ""works_count"": 2, ""oa_works_count"": 1, ""cited_by_count"": 104}, {""year"": 2011, ""works_count"": 1, ""oa_works_count"": 0, ""cited_by_count"": 25}, {""year"": 2012, ""works_count"": 2, ""oa_works_count"": 2, ""cited_by_count"": 54}, {""year"": 2014, ""works_count"": 1, ""oa_works_count"": 1, ""cited_by_count"": 59}, {""year"": 2023, ""works_count"": 2, ""oa_works_count"": 1, ""cited_by_count"": 1}]"
https://openalex.org/A5053694765,Harr Chen,2009,ACL,5,2,SS→title→OA,18,1064,11,11,0.0,2004,"[{""year"": 2004, ""works_count"": 1, ""oa_works_count"": 0, ""cited_by_count"": 6}, {""year"": 2006, ""works_count"": 1, ""oa_works_count"": 0, ""cited_by_count"": 319}, {""year"": 2007, ""works_count"": 1, ""oa_works_count"": 1, ""cited_by_count"": 0}, {""year"": 2009, ""works_count"": 4, ""oa_works_count"": 2, ""cited_by_count"": 363}, {""year"": 2010, ""works_count"": 4, ""oa_works_count"": 2, ""cited_by_count"": 219}, {""year"": 2011, ""works_count"": 3, ""oa_works_count"": 1, ""cited_by_count"": 72}, {""year"": 2012, ""works_count"": 1, ""oa_works_count"": 1, ""cited_by_count"": 19}, {""year"": 2014, ""works_count"": 2, ""oa_works_count"": 2, ""cited_by_count"": 59}, {""year"": 2016, ""works_count"": 1, ""oa_works_count"": 0, ""cited_by_count"": 7}]"
https://openalex.org/A5083211235,Trevor J. Blank,2009,CHI,2,1,GS→title→OA,34,455,11,11,0.0,2007,"[{""year"": 2007, ""works_count"": 4, ""oa_works_count"": 1, ""cited_by_count"": 79}, {""year"": 2008, ""works_count"": 2, ""oa_works_count"": 1, ""cited_by_count"": 0}, {""year"": 2009, ""works_count"": 2, ""oa_works_count"": 1, ""cited_by_count"": 108}, {""year"": 2010, ""works_count"": 3, ""oa_works_count"": 1, ""cited_by_count"": 1}, {""year"": 2011, ""works_count"": 2, ""oa_works_count"": 0, ""cited_by_count"": 1}, {""year"": 2012, ""works_count"": 2, ""oa_works_count"": 0, ""cited_by_count"": 18}, {""year"": 2013, ""works_count"": 2, ""oa_works_count"": 0, ""cited_by_count"": 33}, {""year"": 2014, ""works_count"": 2, ""oa_works_count"": 0, ""cited_by_count"": 42}, {""year"": 2015, ""works_count"": 5, ""oa_works_count"": 0, ""cited_by_count"": 72}, {""year"": 2017, ""works_count"": 3, ""oa_works_count"": 0, ""cited_by_count"": 12}, {""year"": 2018, ""works_count"": 5, ""oa_works_count"": 2, ""cited_by_count"": 83}, {""year"": 2020, ""works_count"": 1, ""oa_works_count"": 0, ""cited_by_count"": 6}, {""year"": 2021, ""works_count"": 1, ""oa_works_count"": 0, ""cited_by_count"": 0}]"
https://openalex.org/A5072031454,Jacob Burnim,2009,FSE,1,1,SS→DOI→OA,24,899,12,13,6.5,2008,"[{""year"": 2008, ""works_count"": 1, ""oa_works_count"": 0, ""cited_by_count"": 402}, {""year"": 2009, ""works_count"": 3, ""oa_works_count"": 0, ""cited_by_count"": 245}, {""year"": 2010, ""works_count"": 3, ""oa_works_count"": 0, ""cited_by_count"": 43}, {""year"": 2011, ""works_count"": 7, ""oa_works_count"": 0, ""cited_by_count"": 144}, {""year"": 2012, ""works_count"": 6, ""oa_works_count"": 0, ""cited_by_count"": 17}, {""year"": 2013, ""works_count"": 2, ""oa_works_count"": 0, ""cited_by_count"": 35}, {""year"": 2024, ""works_count"": 2, ""oa_works_count"": 2, ""cited_by_count"": 13}]"
https://openalex.org/A5102141585,Nam H. Pham,2009,FSE,2,3,SS→title→OA,22,1075,13,13,0.0,2007,"[{""year"": 2007, ""works_count"": 1, ""oa_works_count"": 0, ""cited_by_count"": 2}, {""year"": 2008, ""works_count"": 2, ""oa_works_count"": 0, ""cited_by_count"": 14}, {""year"": 2009, ""works_count"": 6, ""oa_works_count"": 1, ""cited_by_count"": 590}, {""year"": 2010, ""works_count"": 5, ""oa_works_count"": 2, ""cited_by_count"": 259}, {""year"": 2011, ""works_count"": 1, ""oa_works_count"": 0, ""cited_by_count"": 125}, {""year"": 2012, ""works_count"": 1, ""oa_works_count"": 0, ""cited_by_count"": 39}, {""year"": 2014, ""works_count"": 1, ""oa_works_count"": 0, ""cited_by_count"": 9}, {""year"": 2017, ""works_count"": 1, ""oa_works_count"": 1, ""cited_by_count"": 2}, {""year"": 2018, ""works_count"": 1, ""oa_works_count"": 0, ""cited_by_count"": 0}, {""year"": 2019, ""works_count"": 1, ""oa_works_count"": 0, ""cited_by_count"": 19}, {""year"": 2021, ""works_count"": 1, ""oa_works_count"": 1, ""cited_by_count"": 16}, {""year"": 2023, ""works_count"": 1, ""oa_works_count"": 0, ""cited_by_count"": 0}]"
https://openalex.org/A5049280707,Chaitanya Desai,2009,ICCV,1,1,SS→title→OA,14,856,8,7,0.0,2008,"[{""year"": 2008, ""works_count"": 1, ""oa_works_count"": 0, ""cited_by_count"": 9}, {""year"": 2009, ""works_count"": 2, ""oa_works_count"": 0, ""cited_by_count"": 287}, {""year"": 2010, ""works_count"": 2, ""oa_works_count"": 0, ""cited_by_count"": 111}, {""year"": 2011, ""works_count"": 1, ""oa_works_count"": 0, ""cited_by_count"": 212}, {""year"": 2012, ""works_count"": 1, ""oa_works_count"": 0, ""cited_by_count"": 177}, {""year"": 2013, ""works_count"": 2, ""oa_works_count"": 0, ""cited_by_count"": 19}, {""year"": 2015, ""works_count"": 2, ""oa_works_count"": 0, ""cited_by_count"": 1}, {""year"": 2016, ""works_count"": 2, ""oa_works_count"": 0, ""cited_by_count"": 40}, {""year"": 2025, ""works_count"": 1, ""oa_works_count"": 0, ""cited_by_count"": 0}]"
https://openalex.org/A5054163834,Blake Shaw,2009,ICML,5,1,SS→title→OA,34,810,11,11,7.461538461538462,2009,"[{""year"": 2004, ""works_count"": 1, ""oa_works_count"": 0, ""cited_by_count"": 3}, {""year"": 2007, ""works_count"": 1, ""oa_works_count"": 0, ""cited_by_count"": 54}, {""year"": 2009, ""works_count"": 2, ""oa_works_count"": 0, ""cited_by_count"": 211}, {""year"": 2011, ""works_count"": 1, ""oa_works_count"": 0, ""cited_by_count"": 74}, {""year"": 2012, ""works_count"": 1, ""oa_works_count"": 0, ""cited_by_count"": 35}, {""year"": 2013, ""works_count"": 1, ""oa_works_count"": 0, ""cited_by_count"": 100}, {""year"": 2015, ""works_count"": 4, ""oa_works_count"": 3, ""cited_by_count"": 51}, {""year"": 2016, ""works_count"": 1, ""oa_works_count"": 1, ""cited_by_count"": 32}, {""year"": 2021, ""works_count"": 2, ""oa_works_count"": 2, ""cited_by_count"": 123}, {""year"": 2022, ""works_count"": 1, ""oa_works_count"": 0, ""cited_by_count"": 0}, {""year"": 2023, ""works_count"": 6, ""oa_works_count"": 1, ""cited_by_count"": 30}, {""year"": 2024, ""works_count"": 6, ""oa_works_count"": 5, ""cited_by_count"": 91}, {""year"": 2025, ""works_count"": 6, ""oa_works_count"": 5, ""cited_by_count"": 6}, {""year"": 2026, ""works_count"": 1, ""oa_works_count"": 0, ""cited_by_count"": 0}]"
https://openalex.org/A5024034818,Chris Parnin,2009,ICSE,3,2,SS→title→OA,135,4902,38,68,2.2857142857142856,2006,"[{""year"": 2006, ""works_count"": 3, ""oa_works_count"": 0, ""cited_by_count"": 105}, {""year"": 2007, ""works_count"": 1, ""oa_works_count"": 0, ""cited_by_count"": 15}, {""year"": 2008, ""works_count"": 3, ""oa_works_count"": 0, ""cited_by_count"": 114}, {""year"": 2009, ""works_count"": 5, ""oa_works_count"": 1, ""cited_by_count"": 227}, {""year"": 2010, ""works_count"": 4, ""oa_works_count"": 0, ""cited_by_count"": 188}, {""year"": 2011, ""works_count"": 6, ""oa_works_count"": 1, ""cited_by_count"": 1299}, {""year"": 2012, ""works_count"": 2, ""oa_works_count"": 0, ""cited_by_count"": 82}, {""year"": 2013, ""works_count"": 5, ""oa_works_count"": 1, ""cited_by_count"": 57}, {""year"": 2014, ""works_count"": 6, ""oa_works_count"": 5, ""cited_by_count"": 210}, {""year"": 2015, ""works_count"": 6, ""oa_works_count"": 0, ""cited_by_count"": 294}, {""year"": 2016, ""works_count"": 8, ""oa_works_count"": 3, ""cited_by_count"": 210}, {""year"": 2017, ""works_count"": 13, ""oa_works_count"": 1, ""cited_by_count"": 893}, {""year"": 2018, ""works_count"": 17, ""oa_works_count"": 7, ""cited_by_count"": 361}, {""year"": 2019, ""works_count"": 11, ""oa_works_count"": 6, ""cited_by_count"": 353}, {""year"": 2020, ""works_count"": 11, ""oa_works_count"": 1, ""cited_by_count"": 220}, {""year"": 2021, ""works_count"": 7, ""oa_works_count"": 1, ""cited_by_count"": 158}, {""year"": 2022, ""works_count"": 7, ""oa_works_count"": 6, ""cited_by_count"": 42}, {""year"": 2023, ""works_count"": 6, ""oa_works_count"": 3, ""cited_by_count"": 42}, {""year"": 2024, ""works_count"": 6, ""oa_works_count"": 4, ""cited_by_count"": 18}, {""year"": 2025, ""works_count"": 8, ""oa_works_count"": 5, ""cited_by_count"": 14}]"
https://openalex.org/A5100735704,Di Wu,2009,INFOCOM,5,1,SS→DOI→OA,325,9391,47,134,1.5238095238095237,2004,"[{""year"": 2004, ""works_count"": 4, ""oa_works_count"": 0, ""cited_by_count"": 146}, {""year"": 2005, ""works_count"": 6, ""oa_works_count"": 0, ""cited_by_count"": 340}, {""year"": 2006, ""works_count"": 8, ""oa_works_count"": 0, ""cited_by_count"": 136}, {""year"": 2007, ""works_count"": 10, ""oa_works_count"": 0, ""cited_by_count"": 148}, {""year"": 2008, ""works_count"": 8, ""oa_works_count"": 0, ""cited_by_count"": 92}, {""year"": 2009, ""works_count"": 5, ""oa_works_count"": 0, ""cited_by_count"": 188}, {""year"": 2010, ""works_count"": 13, ""oa_works_count"": 1, ""cited_by_count"": 368}, {""year"": 2011, ""works_count"": 8, ""oa_works_count"": 0, ""cited_by_count"": 131}, {""year"": 2012, ""works_count"": 5, ""oa_works_count"": 1, ""cited_by_count"": 30}, {""year"": 2013, ""works_count"": 9, ""oa_works_count"": 2, ""cited_by_count"": 284}, {""year"": 2014, ""works_count"": 9, ""oa_works_count"": 1, ""cited_by_count"": 438}, {""year"": 2015, ""works_count"": 12, ""oa_works_count"": 2, ""cited_by_count"": 361}, {""year"": 2016, ""works_count"": 16, ""oa_works_count"": 3, ""cited_by_count"": 1651}, {""year"": 2017, ""works_count"": 21, ""oa_works_count"": 4, ""cited_by_count"": 1110}, {""year"": 2018, ""works_count"": 15, ""oa_works_count"": 2, ""cited_by_count"": 1129}, {""year"": 2019, ""works_count"": 16, ""oa_works_count"": 1, ""cited_by_count"": 828}, {""year"": 2020, ""works_count"": 24, ""oa_works_count"": 2, ""cited_by_count"": 797}, {""year"": 2021, ""works_count"": 20, ""oa_works_count"": 1, ""cited_by_count"": 350}, {""year"": 2022, ""works_count"": 26, ""oa_works_count"": 4, ""cited_by_count"": 486}, {""year"": 2023, ""works_count"": 27, ""oa_works_count"": 7, ""cited_by_count"": 282}, {""year"": 2024, ""works_count"": 28, ""oa_works_count"": 10, ""cited_by_count"": 65}, {""year"": 2025, ""works_count"": 35, ""oa_works_count"": 13, ""cited_by_count"": 31}]"
https://openalex.org/A5103031701,Vivek Shrivastava,2009,MOBICOM,4,1,SS→DOI→OA,69,1617,15,19,0.9285714285714286,2005,"[{""year"": 2005, ""works_count"": 2, ""oa_works_count"": 0, ""cited_by_count"": 18}, {""year"": 2006, ""works_count"": 3, ""oa_works_count"": 0, ""cited_by_count"": 649}, {""year"": 2007, ""works_count"": 4, ""oa_works_count"": 0, ""cited_by_count"": 108}, {""year"": 2008, ""works_count"": 3, ""oa_works_count"": 0, ""cited_by_count"": 200}, {""year"": 2009, ""works_count"": 1, ""oa_works_count"": 0, ""cited_by_count"": 162}, {""year"": 2010, ""works_count"": 1, ""oa_works_count"": 0, ""cited_by_count"": 1}, {""year"": 2011, ""works_count"": 3, ""oa_works_count"": 0, ""cited_by_count"": 354}, {""year"": 2012, ""works_count"": 1, ""oa_works_count"": 0, ""cited_by_count"": 35}, {""year"": 2013, ""works_count"": 1, ""oa_works_count"": 0, ""cited_by_count"": 2}, {""year"": 2014, ""works_count"": 2, ""oa_works_count"": 0, ""cited_by_count"": 3}, {""year"": 2015, ""works_count"": 1, ""oa_works_count"": 1, ""cited_by_count"": 1}, {""year"": 2016, ""works_count"": 1, ""oa_works_count"": 1, ""cited_by_count"": 1}, {""year"": 2017, ""works_count"": 1, ""oa_works_count"": 1, ""cited_by_count"": 5}, {""year"": 2018, ""works_count"": 2, ""oa_works_count"": 2, ""cited_by_count"": 2}, {""year"": 2020, ""works_count"": 1, ""oa_works_count"": 0, ""cited_by_count"": 14}, {""year"": 2022, ""works_count"": 4, ""oa_works_count"": 3, ""cited_by_count"": 29}, {""year"": 2023, ""works_count"": 24, ""oa_works_count"": 19, ""cited_by_count"": 20}, {""year"": 2024, ""works_count"": 10, ""oa_works_count"": 2, ""cited_by_count"": 10}, {""year"": 2025, ""works_count"": 4, ""oa_works_count"": 2, ""cited_by_count"": 3}]"
https://openalex.org/A5112277360,Nabeel Ahmed,2009,MOBICOM,4,2,SS→DOI→OA,34,875,13,13,0.0,2006,"[{""year"": 2005, ""works_count"": 1, ""oa_works_count"": 0, ""cited_by_count"": 44}, {""year"": 2006, ""works_count"": 3, ""oa_works_count"": 1, ""cited_by_count"": 49}, {""year"": 2007, ""works_count"": 2, ""oa_works_count"": 0, ""cited_by_count"": 30}, {""year"": 2008, ""works_count"": 5, ""oa_works_count"": 0, ""cited_by_count"": 108}, {""year"": 2009, ""works_count"": 5, ""oa_works_count"": 1, ""cited_by_count"": 189}, {""year"": 2010, ""works_count"": 5, ""oa_works_count"": 1, ""cited_by_count"": 213}, {""year"": 2011, ""works_count"": 4, ""oa_works_count"": 0, ""cited_by_count"": 69}, {""year"": 2012, ""works_count"": 3, ""oa_works_count"": 2, ""cited_by_count"": 149}, {""year"": 2013, ""works_count"": 1, ""oa_works_count"": 0, ""cited_by_count"": 2}, {""year"": 2016, ""works_count"": 2, ""oa_works_count"": 0, ""cited_by_count"": 14}, {""year"": 2023, ""works_count"": 1, ""oa_works_count"": 1, ""cited_by_count"": 8}, {""year"": 2024, ""works_count"": 1, ""oa_works_count"": 1, ""cited_by_count"": 0}, {""year"": 2025, ""works_count"": 1, ""oa_works_count"": 1, ""cited_by_count"": 0}]"
https://openalex.org/A5001043287,Stephanie Tien Lee,2009,PODS,2,2,SS→title→OA,3,106,3,3,0.0,2007,"[{""year"": 2007, ""works_count"": 1, ""oa_works_count"": 0, ""cited_by_count"": 35}, {""year"": 2009, ""works_count"": 1, ""oa_works_count"": 0, ""cited_by_count"": 14}, {""year"": 2012, ""works_count"": 1, ""oa_works_count"": 0, ""cited_by_count"": 57}]"
https://openalex.org/A5079503799,Gregory Valiant,2009,PODS,1,3,SS→title→OA,151,3298,31,53,0.18181818181818182,2008,"[{""year"": 2008, ""works_count"": 2, ""oa_works_count"": 1, ""cited_by_count"": 62}, {""year"": 2009, ""works_count"": 3, ""oa_works_count"": 1, ""cited_by_count"": 30}, {""year"": 2010, ""works_count"": 11, ""oa_works_count"": 1, ""cited_by_count"": 759}, {""year"": 2011, ""works_count"": 7, ""oa_works_count"": 2, ""cited_by_count"": 455}, {""year"": 2012, ""works_count"": 6, ""oa_works_count"": 0, ""cited_by_count"": 196}, {""year"": 2013, ""works_count"": 9, ""oa_works_count"": 7, ""cited_by_count"": 330}, {""year"": 2014, ""works_count"": 4, ""oa_works_count"": 0, ""cited_by_count"": 206}, {""year"": 2015, ""works_count"": 8, ""oa_works_count"": 3, ""cited_by_count"": 112}, {""year"": 2016, ""works_count"": 13, ""oa_works_count"": 11, ""cited_by_count"": 139}, {""year"": 2017, ""works_count"": 20, ""oa_works_count"": 13, ""cited_by_count"": 495}, {""year"": 2018, ""works_count"": 10, ""oa_works_count"": 10, ""cited_by_count"": 153}, {""year"": 2019, ""works_count"": 18, ""oa_works_count"": 16, ""cited_by_count"": 196}, {""year"": 2020, ""works_count"": 7, ""oa_works_count"": 4, ""cited_by_count"": 46}, {""year"": 2021, ""works_count"": 11, ""oa_works_count"": 9, ""cited_by_count"": 47}, {""year"": 2022, ""works_count"": 5, ""oa_works_count"": 5, ""cited_by_count"": 65}, {""year"": 2023, ""works_count"": 6, ""oa_works_count"": 6, ""cited_by_count"": 5}, {""year"": 2024, ""works_count"": 6, ""oa_works_count"": 5, ""cited_by_count"": 1}, {""year"": 2025, ""works_count"": 5, ""oa_works_count"": 3, ""cited_by_count"": 1}]"
https://openalex.org/A5023051798,Gregory Dardyk,2009,S&P,0,3,SS→DOI→OA,3,696,2,2,0.0,2009,"[{""year"": 2009, ""works_count"": 3, ""oa_works_count"": 0, ""cited_by_count"": 696}]"
https://openalex.org/A5041937385,Thomas Moscibroda,2009,SIGCOMM,5,3,SS→DOI→OA,194,11504,60,120,0.0,2004,"[{""year"": 2004, ""works_count"": 10, ""oa_works_count"": 5, ""cited_by_count"": 755}, {""year"": 2005, ""works_count"": 11, ""oa_works_count"": 0, ""cited_by_count"": 788}, {""year"": 2006, ""works_count"": 11, ""oa_works_count"": 3, ""cited_by_count"": 1200}, {""year"": 2007, ""works_count"": 14, ""oa_works_count"": 0, ""cited_by_count"": 1153}, {""year"": 2008, ""works_count"": 13, ""oa_works_count"": 1, ""cited_by_count"": 1853}, {""year"": 2009, ""works_count"": 18, ""oa_works_count"": 2, ""cited_by_count"": 1572}, {""year"": 2010, ""works_count"": 20, ""oa_works_count"": 2, ""cited_by_count"": 653}, {""year"": 2011, ""works_count"": 19, ""oa_works_count"": 1, ""cited_by_count"": 1244}, {""year"": 2012, ""works_count"": 10, ""oa_works_count"": 1, ""cited_by_count"": 414}, {""year"": 2013, ""works_count"": 9, ""oa_works_count"": 0, ""cited_by_count"": 366}, {""year"": 2014, ""works_count"": 5, ""oa_works_count"": 0, ""cited_by_count"": 141}, {""year"": 2015, ""works_count"": 11, ""oa_works_count"": 2, ""cited_by_count"": 200}, {""year"": 2016, ""works_count"": 14, ""oa_works_count"": 3, ""cited_by_count"": 608}, {""year"": 2017, ""works_count"": 11, ""oa_works_count"": 1, ""cited_by_count"": 216}, {""year"": 2018, ""works_count"": 1, ""oa_works_count"": 0, ""cited_by_count"": 51}, {""year"": 2019, ""works_count"": 5, ""oa_works_count"": 0, ""cited_by_count"": 122}, {""year"": 2020, ""works_count"": 4, ""oa_works_count"": 1, ""cited_by_count"": 124}, {""year"": 2021, ""works_count"": 4, ""oa_works_count"": 1, ""cited_by_count"": 29}, {""year"": 2022, ""works_count"": 1, ""oa_works_count"": 1, ""cited_by_count"": 14}, {""year"": 2023, ""works_count"": 1, ""oa_works_count"": 0, ""cited_by_count"": 1}, {""year"": 2024, ""works_count"": 2, ""oa_works_count"": 2, ""cited_by_count"": 0}]"
https://openalex.org/A5005715220,Marianne van den Boomen,2009,SIGMETRICS,3,1,SS→title→OA,8,150,3,1,0.0,2006,"[{""year"": 2006, ""works_count"": 3, ""oa_works_count"": 1, ""cited_by_count"": 1}, {""year"": 2008, ""works_count"": 2, ""oa_works_count"": 0, ""cited_by_count"": 7}, {""year"": 2009, ""works_count"": 3, ""oa_works_count"": 1, ""cited_by_count"": 142}]"
https://openalex.org/A5069246862,Shubham Chopra,2009,SIGMOD,0,2,SS→title→OA,2,468,2,2,0.0,2009,"[{""year"": 2009, ""works_count"": 2, ""oa_works_count"": 0, ""cited_by_count"": 468}]"
https://openalex.org/A5001598240,Leonid Ryzhyk,2009,SOSP,2,1,SS→title→OA,55,854,17,24,2.0,2007,"[{""year"": 2007, ""works_count"": 2, ""oa_works_count"": 1, ""cited_by_count"": 7}, {""year"": 2009, ""works_count"": 3, ""oa_works_count"": 1, ""cited_by_count"": 208}, {""year"": 2010, ""works_count"": 4, ""oa_works_count"": 2, ""cited_by_count"": 39}, {""year"": 2011, ""works_count"": 5, ""oa_works_count"": 1, ""cited_by_count"": 21}, {""year"": 2012, ""works_count"": 3, ""oa_works_count"": 0, ""cited_by_count"": 2}, {""year"": 2013, ""works_count"": 2, ""oa_works_count"": 1, ""cited_by_count"": 57}, {""year"": 2014, ""works_count"": 9, ""oa_works_count"": 1, ""cited_by_count"": 113}, {""year"": 2015, ""works_count"": 5, ""oa_works_count"": 5, ""cited_by_count"": 25}, {""year"": 2016, ""works_count"": 5, ""oa_works_count"": 4, ""cited_by_count"": 80}, {""year"": 2017, ""works_count"": 3, ""oa_works_count"": 1, ""cited_by_count"": 92}, {""year"": 2018, ""works_count"": 2, ""oa_works_count"": 2, ""cited_by_count"": 49}, {""year"": 2019, ""works_count"": 5, ""oa_works_count"": 3, ""cited_by_count"": 107}, {""year"": 2020, ""works_count"": 1, ""oa_works_count"": 0, ""cited_by_count"": 7}, {""year"": 2021, ""works_count"": 1, ""oa_works_count"": 1, ""cited_by_count"": 17}, {""year"": 2022, ""works_count"": 2, ""oa_works_count"": 1, ""cited_by_count"": 3}, {""year"": 2023, ""works_count"": 1, ""oa_works_count"": 0, ""cited_by_count"": 23}, {""year"": 2024, ""works_count"": 1, ""oa_works_count"": 0, ""cited_by_count"": 2}, {""year"": 2025, ""works_count"": 1, ""oa_works_count"": 0, ""cited_by_count"": 2}]"
https://openalex.org/A5073935967,Robin A. Moser,2009,STOC,1,1,GS→title→OA,19,725,6,6,0.0,2008,"[{""year"": 2008, ""works_count"": 2, ""oa_works_count"": 2, ""cited_by_count"": 18}, {""year"": 2009, ""works_count"": 5, ""oa_works_count"": 2, ""cited_by_count"": 163}, {""year"": 2010, ""works_count"": 3, ""oa_works_count"": 2, ""cited_by_count"": 478}, {""year"": 2011, ""works_count"": 3, ""oa_works_count"": 3, ""cited_by_count"": 54}, {""year"": 2012, ""works_count"": 2, ""oa_works_count"": 1, ""cited_by_count"": 3}, {""year"": 2016, ""works_count"": 1, ""oa_works_count"": 0, ""cited_by_count"": 5}, {""year"": 2017, ""works_count"": 1, ""oa_works_count"": 1, ""cited_by_count"": 4}, {""year"": 2018, ""works_count"": 1, ""oa_works_count"": 0, ""cited_by_count"": 0}, {""year"": 2022, ""works_count"": 1, ""oa_works_count"": 0, ""cited_by_count"": 0}]"
https://openalex.org/A5110611660,Barna Saha,2009,VLDB,3,2,SS→DOI→OA,122,2218,22,42,0.23076923076923078,2006,"[{""year"": 2006, ""works_count"": 2, ""oa_works_count"": 0, ""cited_by_count"": 30}, {""year"": 2007, ""works_count"": 1, ""oa_works_count"": 0, ""cited_by_count"": 7}, {""year"": 2009, ""works_count"": 6, ""oa_works_count"": 2, ""cited_by_count"": 516}, {""year"": 2010, ""works_count"": 6, ""oa_works_count"": 3, ""cited_by_count"": 215}, {""year"": 2011, ""works_count"": 8, ""oa_works_count"": 2, ""cited_by_count"": 280}, {""year"": 2012, ""works_count"": 5, ""oa_works_count"": 0, ""cited_by_count"": 183}, {""year"": 2013, ""works_count"": 7, ""oa_works_count"": 3, ""cited_by_count"": 65}, {""year"": 2014, ""works_count"": 9, ""oa_works_count"": 4, ""cited_by_count"": 342}, {""year"": 2015, ""works_count"": 4, ""oa_works_count"": 0, ""cited_by_count"": 52}, {""year"": 2016, ""works_count"": 5, ""oa_works_count"": 2, ""cited_by_count"": 153}, {""year"": 2017, ""works_count"": 11, ""oa_works_count"": 8, ""cited_by_count"": 148}, {""year"": 2018, ""works_count"": 10, ""oa_works_count"": 6, ""cited_by_count"": 65}, {""year"": 2019, ""works_count"": 8, ""oa_works_count"": 4, ""cited_by_count"": 73}, {""year"": 2020, ""works_count"": 2, ""oa_works_count"": 1, ""cited_by_count"": 19}, {""year"": 2021, ""works_count"": 9, ""oa_works_count"": 9, ""cited_by_count"": 12}, {""year"": 2022, ""works_count"": 10, ""oa_works_count"": 6, ""cited_by_count"": 47}, {""year"": 2023, ""works_count"": 6, ""oa_works_count"": 4, ""cited_by_count"": 8}, {""year"": 2024, ""works_count"": 5, ""oa_works_count"": 3, ""cited_by_count"": 3}, {""year"": 2025, ""works_count"": 8, ""oa_works_count"": 6, ""cited_by_count"": 0}]"
https://openalex.org/A5015729451,Liad Wagman,2008,AAAI,0,1,SS→title→OA,108,2318,18,26,0.7,2008,"[{""year"": 2008, ""works_count"": 4, ""oa_works_count"": 2, ""cited_by_count"": 49}, {""year"": 2009, ""works_count"": 1, ""oa_works_count"": 1, ""cited_by_count"": 0}, {""year"": 2010, ""works_count"": 3, ""oa_works_count"": 1, ""cited_by_count"": 40}, {""year"": 2011, ""works_count"": 4, ""oa_works_count"": 3, ""cited_by_count"": 34}, {""year"": 2012, ""works_count"": 5, ""oa_works_count"": 2, ""cited_by_count"": 243}, {""year"": 2013, ""works_count"": 9, ""oa_works_count"": 8, ""cited_by_count"": 6}, {""year"": 2014, ""works_count"": 7, ""oa_works_count"": 1, ""cited_by_count"": 220}, {""year"": 2015, ""works_count"": 5, ""oa_works_count"": 4, ""cited_by_count"": 133}, {""year"": 2016, ""works_count"": 5, ""oa_works_count"": 4, ""cited_by_count"": 1144}, {""year"": 2017, ""works_count"": 6, ""oa_works_count"": 4, ""cited_by_count"": 59}, {""year"": 2018, ""works_count"": 5, ""oa_works_count"": 3, ""cited_by_count"": 108}, {""year"": 2019, ""works_count"": 3, ""oa_works_count"": 3, ""cited_by_count"": 26}, {""year"": 2020, ""works_count"": 5, ""oa_works_count"": 2, ""cited_by_count"": 45}, {""year"": 2021, ""works_count"": 5, ""oa_works_count"": 3, ""cited_by_count"": 126}, {""year"": 2022, ""works_count"": 9, ""oa_works_count"": 6, ""cited_by_count"": 63}, {""year"": 2023, ""works_count"": 12, ""oa_works_count"": 11, ""cited_by_count"": 8}, {""year"": 2024, ""works_count"": 9, ""oa_works_count"": 7, ""cited_by_count"": 10}, {""year"": 2025, ""works_count"": 11, ""oa_works_count"": 8, ""cited_by_count"": 4}]"
https://openalex.org/A5011891560,Felix Olorunfemi,2008,CHI,1,1,SS→title→OA,35,920,12,14,0.0,2009,"[{""year"": 2007, ""works_count"": 1, ""oa_works_count"": 0, ""cited_by_count"": 40}, {""year"": 2008, ""works_count"": 4, ""oa_works_count"": 2, ""cited_by_count"": 53}, {""year"": 2009, ""works_count"": 6, ""oa_works_count"": 0, ""cited_by_count"": 38}, {""year"": 2010, ""works_count"": 1, ""oa_works_count"": 0, ""cited_by_count"": 0}, {""year"": 2011, ""works_count"": 4, ""oa_works_count"": 0, ""cited_by_count"": 603}, {""year"": 2013, ""works_count"": 5, ""oa_works_count"": 5, ""cited_by_count"": 45}, {""year"": 2014, ""works_count"": 4, ""oa_works_count"": 0, ""cited_by_count"": 30}, {""year"": 2015, ""works_count"": 3, ""oa_works_count"": 0, ""cited_by_count"": 28}, {""year"": 2016, ""works_count"": 4, ""oa_works_count"": 2, ""cited_by_count"": 24}, {""year"": 2018, ""works_count"": 1, ""oa_works_count"": 1, ""cited_by_count"": 1}, {""year"": 2019, ""works_count"": 1, ""oa_works_count"": 1, ""cited_by_count"": 37}, {""year"": 2022, ""works_count"": 1, ""oa_works_count"": 1, ""cited_by_count"": 21}]"
https://openalex.org/A5049980911,Raheem Usman Adebimpe,2008,CHI,2,2,SS→title→OA,5,41,3,2,0.0,2011,"[{""year"": 2006, ""works_count"": 1, ""oa_works_count"": 0, ""cited_by_count"": 0}, {""year"": 2008, ""works_count"": 1, ""oa_works_count"": 1, ""cited_by_count"": 18}, {""year"": 2010, ""works_count"": 1, ""oa_works_count"": 0, ""cited_by_count"": 0}, {""year"": 2011, ""works_count"": 2, ""oa_works_count"": 2, ""cited_by_count"": 23}]"
https://openalex.org/A5046611715,Gilly Leshed,2008,CHI,3,1,SS→DOI→OA,60,1627,18,28,3.5,2005,"[{""year"": 2005, ""works_count"": 1, ""oa_works_count"": 1, ""cited_by_count"": 26}, {""year"": 2006, ""works_count"": 1, ""oa_works_count"": 0, ""cited_by_count"": 91}, {""year"": 2007, ""works_count"": 2, ""oa_works_count"": 0, ""cited_by_count"": 69}, {""year"": 2008, ""works_count"": 3, ""oa_works_count"": 0, ""cited_by_count"": 492}, {""year"": 2009, ""works_count"": 3, ""oa_works_count"": 1, ""cited_by_count"": 104}, {""year"": 2010, ""works_count"": 3, ""oa_works_count"": 0, ""cited_by_count"": 19}, {""year"": 2011, ""works_count"": 3, ""oa_works_count"": 0, ""cited_by_count"": 131}, {""year"": 2012, ""works_count"": 5, ""oa_works_count"": 0, ""cited_by_count"": 84}, {""year"": 2013, ""works_count"": 3, ""oa_works_count"": 0, ""cited_by_count"": 48}, {""year"": 2014, ""works_count"": 4, ""oa_works_count"": 0, ""cited_by_count"": 79}, {""year"": 2016, ""works_count"": 5, ""oa_works_count"": 4, ""cited_by_count"": 336}, {""year"": 2017, ""works_count"": 2, ""oa_works_count"": 0, ""cited_by_count"": 15}, {""year"": 2018, ""works_count"": 4, ""oa_works_count"": 1, ""cited_by_count"": 26}, {""year"": 2021, ""works_count"": 1, ""oa_works_count"": 0, ""cited_by_count"": 2}, {""year"": 2022, ""works_count"": 3, ""oa_works_count"": 1, ""cited_by_count"": 27}, {""year"": 2023, ""works_count"": 3, ""oa_works_count"": 0, ""cited_by_count"": 29}, {""year"": 2024, ""works_count"": 7, ""oa_works_count"": 6, ""cited_by_count"": 45}, {""year"": 2025, ""works_count"": 5, ""oa_works_count"": 1, ""cited_by_count"": 4}, {""year"": 2026, ""works_count"": 2, ""oa_works_count"": 2, ""cited_by_count"": 0}]"
https://openalex.org/A5012802996,Theresa Velden,2008,CHI,5,2,SS→DOI→OA,38,678,10,10,0.0,2003,"[{""year"": 2003, ""works_count"": 1, ""oa_works_count"": 0, ""cited_by_count"": 0}, {""year"": 2004, ""works_count"": 2, ""oa_works_count"": 2, ""cited_by_count"": 8}, {""year"": 2005, ""works_count"": 2, ""oa_works_count"": 0, ""cited_by_count"": 0}, {""year"": 2008, ""works_count"": 2, ""oa_works_count"": 1, ""cited_by_count"": 160}, {""year"": 2009, ""works_count"": 3, ""oa_works_count"": 1, ""cited_by_count"": 43}, {""year"": 2011, ""works_count"": 4, ""oa_works_count"": 3, ""cited_by_count"": 22}, {""year"": 2012, ""works_count"": 4, ""oa_works_count"": 2, ""cited_by_count"": 4}, {""year"": 2013, ""works_count"": 3, ""oa_works_count"": 1, ""cited_by_count"": 55}, {""year"": 2014, ""works_count"": 3, ""oa_works_count"": 2, ""cited_by_count"": 9}, {""year"": 2015, ""works_count"": 2, ""oa_works_count"": 0, ""cited_by_count"": 3}, {""year"": 2017, ""works_count"": 4, ""oa_works_count"": 2, ""cited_by_count"": 125}, {""year"": 2018, ""works_count"": 3, ""oa_works_count"": 3, ""cited_by_count"": 2}, {""year"": 2019, ""works_count"": 2, ""oa_works_count"": 2, ""cited_by_count"": 2}, {""year"": 2020, ""works_count"": 1, ""oa_works_count"": 1, ""cited_by_count"": 235}, {""year"": 2022, ""works_count"": 1, ""oa_works_count"": 1, ""cited_by_count"": 9}, {""year"": 2023, ""works_count"": 1, ""oa_works_count"": 1, ""cited_by_count"": 1}]"
https://openalex.org/A5077783791,Matthew B. Blaschko,2008,CVPR,4,2,SS→title→OA,250,7886,31,74,8.577777777777778,2004,"[{""year"": 2004, ""works_count"": 2, ""oa_works_count"": 0, ""cited_by_count"": 39}, {""year"": 2005, ""works_count"": 2, ""oa_works_count"": 0, ""cited_by_count"": 79}, {""year"": 2006, ""works_count"": 2, ""oa_works_count"": 0, ""cited_by_count"": 181}, {""year"": 2007, ""works_count"": 1, ""oa_works_count"": 1, ""cited_by_count"": 0}, {""year"": 2008, ""works_count"": 12, ""oa_works_count"": 5, ""cited_by_count"": 1405}, {""year"": 2009, ""works_count"": 9, ""oa_works_count"": 6, ""cited_by_count"": 625}, {""year"": 2010, ""works_count"": 3, ""oa_works_count"": 1, ""cited_by_count"": 64}, {""year"": 2011, ""works_count"": 4, ""oa_works_count"": 3, ""cited_by_count"": 261}, {""year"": 2012, ""works_count"": 6, ""oa_works_count"": 3, ""cited_by_count"": 29}, {""year"": 2013, ""works_count"": 14, ""oa_works_count"": 8, ""cited_by_count"": 1284}, {""year"": 2014, ""works_count"": 10, ""oa_works_count"": 6, ""cited_by_count"": 226}, {""year"": 2015, ""works_count"": 14, ""oa_works_count"": 13, ""cited_by_count"": 132}, {""year"": 2016, ""works_count"": 17, ""oa_works_count"": 15, ""cited_by_count"": 574}, {""year"": 2017, ""works_count"": 13, ""oa_works_count"": 12, ""cited_by_count"": 274}, {""year"": 2018, ""works_count"": 13, ""oa_works_count"": 11, ""cited_by_count"": 1159}, {""year"": 2019, ""works_count"": 7, ""oa_works_count"": 7, ""cited_by_count"": 241}, {""year"": 2020, ""works_count"": 15, ""oa_works_count"": 14, ""cited_by_count"": 471}, {""year"": 2021, ""works_count"": 18, ""oa_works_count"": 16, ""cited_by_count"": 34}, {""year"": 2022, ""works_count"": 17, ""oa_works_count"": 17, ""cited_by_count"": 170}, {""year"": 2023, ""works_count"": 26, ""oa_works_count"": 26, ""cited_by_count"": 252}, {""year"": 2024, ""works_count"": 30, ""oa_works_count"": 27, ""cited_by_count"": 376}, {""year"": 2025, ""works_count"": 15, ""oa_works_count"": 15, ""cited_by_count"": 10}]"
https://openalex.org/A5068587315,Oliver J. Woodford,2008,CVPR,3,1,SS→DOI→OA,42,1346,15,19,0.0,2005,"[{""year"": 2005, ""works_count"": 2, ""oa_works_count"": 0, ""cited_by_count"": 17}, {""year"": 2006, ""works_count"": 1, ""oa_works_count"": 0, ""cited_by_count"": 30}, {""year"": 2007, ""works_count"": 3, ""oa_works_count"": 0, ""cited_by_count"": 52}, {""year"": 2008, ""works_count"": 1, ""oa_works_count"": 0, ""cited_by_count"": 122}, {""year"": 2009, ""works_count"": 4, ""oa_works_count"": 2, ""cited_by_count"": 249}, {""year"": 2011, ""works_count"": 4, ""oa_works_count"": 0, ""cited_by_count"": 65}, {""year"": 2012, ""works_count"": 4, ""oa_works_count"": 1, ""cited_by_count"": 69}, {""year"": 2013, ""works_count"": 4, ""oa_works_count"": 0, ""cited_by_count"": 66}, {""year"": 2014, ""works_count"": 2, ""oa_works_count"": 1, ""cited_by_count"": 7}, {""year"": 2016, ""works_count"": 1, ""oa_works_count"": 1, ""cited_by_count"": 1}, {""year"": 2018, ""works_count"": 3, ""oa_works_count"": 2, ""cited_by_count"": 42}, {""year"": 2019, ""works_count"": 2, ""oa_works_count"": 1, ""cited_by_count"": 82}, {""year"": 2020, ""works_count"": 3, ""oa_works_count"": 2, ""cited_by_count"": 13}, {""year"": 2021, ""works_count"": 8, ""oa_works_count"": 5, ""cited_by_count"": 531}]"
https://openalex.org/A5023279342,Dana Moshkovitz,2008,FOCS,2,1,SS→title→OA,56,730,13,13,0.25,2006,"[{""year"": 2006, ""works_count"": 4, ""oa_works_count"": 0, ""cited_by_count"": 369}, {""year"": 2008, ""works_count"": 1, ""oa_works_count"": 0, ""cited_by_count"": 0}, {""year"": 2009, ""works_count"": 1, ""oa_works_count"": 0, ""cited_by_count"": 7}, {""year"": 2010, ""works_count"": 6, ""oa_works_count"": 3, ""cited_by_count"": 20}, {""year"": 2011, ""works_count"": 2, ""oa_works_count"": 1, ""cited_by_count"": 14}, {""year"": 2012, ""works_count"": 5, ""oa_works_count"": 1, ""cited_by_count"": 45}, {""year"": 2013, ""works_count"": 2, ""oa_works_count"": 0, ""cited_by_count"": 6}, {""year"": 2014, ""works_count"": 7, ""oa_works_count"": 2, ""cited_by_count"": 48}, {""year"": 2015, ""works_count"": 3, ""oa_works_count"": 3, ""cited_by_count"": 97}, {""year"": 2016, ""works_count"": 5, ""oa_works_count"": 3, ""cited_by_count"": 26}, {""year"": 2017, ""works_count"": 4, ""oa_works_count"": 1, ""cited_by_count"": 22}, {""year"": 2018, ""works_count"": 2, ""oa_works_count"": 1, ""cited_by_count"": 38}, {""year"": 2019, ""works_count"": 1, ""oa_works_count"": 0, ""cited_by_count"": 1}, {""year"": 2020, ""works_count"": 2, ""oa_works_count"": 1, ""cited_by_count"": 13}, {""year"": 2021, ""works_count"": 3, ""oa_works_count"": 2, ""cited_by_count"": 2}, {""year"": 2022, ""works_count"": 1, ""oa_works_count"": 0, ""cited_by_count"": 18}, {""year"": 2023, ""works_count"": 3, ""oa_works_count"": 2, ""cited_by_count"": 3}, {""year"": 2024, ""works_count"": 1, ""oa_works_count"": 0, ""cited_by_count"": 1}, {""year"": 2025, ""works_count"": 2, ""oa_works_count"": 1, ""cited_by_count"": 0}, {""year"": 2026, ""works_count"": 1, ""oa_works_count"": 1, ""cited_by_count"": 0}]"
https://openalex.org/A5113684638,Nicolas Bettenburg,2008,FSE,2,1,SS→title→OA,31,2272,17,19,0.0,2006,"[{""year"": 2006, ""works_count"": 1, ""oa_works_count"": 0, ""cited_by_count"": 1}, {""year"": 2007, ""works_count"": 1, ""oa_works_count"": 0, ""cited_by_count"": 118}, {""year"": 2008, ""works_count"": 3, ""oa_works_count"": 0, ""cited_by_count"": 1039}, {""year"": 2009, ""works_count"": 2, ""oa_works_count"": 0, ""cited_by_count"": 119}, {""year"": 2010, ""works_count"": 7, ""oa_works_count"": 1, ""cited_by_count"": 662}, {""year"": 2011, ""works_count"": 3, ""oa_works_count"": 0, ""cited_by_count"": 81}, {""year"": 2012, ""works_count"": 4, ""oa_works_count"": 0, ""cited_by_count"": 155}, {""year"": 2013, ""works_count"": 6, ""oa_works_count"": 0, ""cited_by_count"": 57}, {""year"": 2014, ""works_count"": 3, ""oa_works_count"": 1, ""cited_by_count"": 40}, {""year"": 2015, ""works_count"": 1, ""oa_works_count"": 1, ""cited_by_count"": 0}]"
https://openalex.org/A5048641532,Sascha Just,2008,FSE,1,2,SS→title→OA,16,1599,10,10,0.0,2007,"[{""year"": 2007, ""works_count"": 1, ""oa_works_count"": 0, ""cited_by_count"": 118}, {""year"": 2008, ""works_count"": 3, ""oa_works_count"": 0, ""cited_by_count"": 686}, {""year"": 2010, ""works_count"": 1, ""oa_works_count"": 0, ""cited_by_count"": 321}, {""year"": 2013, ""works_count"": 3, ""oa_works_count"": 0, ""cited_by_count"": 357}, {""year"": 2015, ""works_count"": 1, ""oa_works_count"": 0, ""cited_by_count"": 80}, {""year"": 2016, ""works_count"": 2, ""oa_works_count"": 0, ""cited_by_count"": 11}, {""year"": 2017, ""works_count"": 2, ""oa_works_count"": 0, ""cited_by_count"": 0}, {""year"": 2018, ""works_count"": 1, ""oa_works_count"": 0, ""cited_by_count"": 0}, {""year"": 2021, ""works_count"": 1, ""oa_works_count"": 1, ""cited_by_count"": 25}, {""year"": 2022, ""works_count"": 1, ""oa_works_count"": 0, ""cited_by_count"": 1}]"
https://openalex.org/A5069763558,Adrian Schröter,2008,FSE,2,3,SS→title→OA,26,2154,14,15,0.0,2006,"[{""year"": 2006, ""works_count"": 3, ""oa_works_count"": 0, ""cited_by_count"": 187}, {""year"": 2007, ""works_count"": 2, ""oa_works_count"": 0, ""cited_by_count"": 120}, {""year"": 2008, ""works_count"": 4, ""oa_works_count"": 0, ""cited_by_count"": 731}, {""year"": 2009, ""works_count"": 1, ""oa_works_count"": 0, ""cited_by_count"": 223}, {""year"": 2010, ""works_count"": 6, ""oa_works_count"": 3, ""cited_by_count"": 650}, {""year"": 2011, ""works_count"": 3, ""oa_works_count"": 0, ""cited_by_count"": 142}, {""year"": 2012, ""works_count"": 5, ""oa_works_count"": 0, ""cited_by_count"": 60}, {""year"": 2013, ""works_count"": 1, ""oa_works_count"": 0, ""cited_by_count"": 41}, {""year"": 2015, ""works_count"": 1, ""oa_works_count"": 1, ""cited_by_count"": 0}]"
https://openalex.org/A5101967307,Guoqing Xu,2008,ICSE,4,1,SS→title→OA,135,3349,33,76,0.2,2004,"[{""year"": 2004, ""works_count"": 2, ""oa_works_count"": 0, ""cited_by_count"": 25}, {""year"": 2005, ""works_count"": 2, ""oa_works_count"": 0, ""cited_by_count"": 14}, {""year"": 2006, ""works_count"": 1, ""oa_works_count"": 0, ""cited_by_count"": 13}, {""year"": 2007, ""works_count"": 3, ""oa_works_count"": 0, ""cited_by_count"": 128}, {""year"": 2008, ""works_count"": 4, ""oa_works_count"": 0, ""cited_by_count"": 242}, {""year"": 2009, ""works_count"": 5, ""oa_works_count"": 0, ""cited_by_count"": 245}, {""year"": 2010, ""works_count"": 5, ""oa_works_count"": 0, ""cited_by_count"": 345}, {""year"": 2011, ""works_count"": 6, ""oa_works_count"": 0, ""cited_by_count"": 217}, {""year"": 2012, ""works_count"": 8, ""oa_works_count"": 0, ""cited_by_count"": 199}, {""year"": 2013, ""works_count"": 10, ""oa_works_count"": 1, ""cited_by_count"": 328}, {""year"": 2014, ""works_count"": 4, ""oa_works_count"": 0, ""cited_by_count"": 71}, {""year"": 2015, ""works_count"": 9, ""oa_works_count"": 1, ""cited_by_count"": 229}, {""year"": 2016, ""works_count"": 4, ""oa_works_count"": 2, ""cited_by_count"": 132}, {""year"": 2017, ""works_count"": 16, ""oa_works_count"": 2, ""cited_by_count"": 278}, {""year"": 2018, ""works_count"": 5, ""oa_works_count"": 3, ""cited_by_count"": 89}, {""year"": 2019, ""works_count"": 5, ""oa_works_count"": 4, ""cited_by_count"": 113}, {""year"": 2020, ""works_count"": 9, ""oa_works_count"": 7, ""cited_by_count"": 366}, {""year"": 2021, ""works_count"": 17, ""oa_works_count"": 11, ""cited_by_count"": 190}, {""year"": 2022, ""works_count"": 11, ""oa_works_count"": 8, ""cited_by_count"": 88}, {""year"": 2023, ""works_count"": 4, ""oa_works_count"": 3, ""cited_by_count"": 36}, {""year"": 2025, ""works_count"": 5, ""oa_works_count"": 2, ""cited_by_count"": 1}]"
https://openalex.org/A5043431516,William N. Sumner,2008,ICSE,0,1,GS→title→OA,39,607,15,20,0.0,2008,"[{""year"": 2008, ""works_count"": 3, ""oa_works_count"": 1, ""cited_by_count"": 109}, {""year"": 2009, ""works_count"": 1, ""oa_works_count"": 1, ""cited_by_count"": 24}, {""year"": 2010, ""works_count"": 3, ""oa_works_count"": 0, ""cited_by_count"": 119}, {""year"": 2011, ""works_count"": 6, ""oa_works_count"": 0, ""cited_by_count"": 98}, {""year"": 2012, ""works_count"": 3, ""oa_works_count"": 0, ""cited_by_count"": 35}, {""year"": 2013, ""works_count"": 5, ""oa_works_count"": 0, ""cited_by_count"": 71}, {""year"": 2014, ""works_count"": 1, ""oa_works_count"": 0, ""cited_by_count"": 16}, {""year"": 2015, ""works_count"": 4, ""oa_works_count"": 0, ""cited_by_count"": 25}, {""year"": 2016, ""works_count"": 6, ""oa_works_count"": 0, ""cited_by_count"": 63}, {""year"": 2017, ""works_count"": 1, ""oa_works_count"": 0, ""cited_by_count"": 16}, {""year"": 2018, ""works_count"": 2, ""oa_works_count"": 0, ""cited_by_count"": 17}, {""year"": 2019, ""works_count"": 2, ""oa_works_count"": 1, ""cited_by_count"": 13}, {""year"": 2021, ""works_count"": 1, ""oa_works_count"": 1, ""cited_by_count"": 0}, {""year"": 2023, ""works_count"": 1, ""oa_works_count"": 1, ""cited_by_count"": 1}]"
https://openalex.org/A5079075574,Ajitha Rajan,2008,ICSE,2,1,GS→title→OA,205,1886,15,23,0.78125,2006,"[{""year"": 2006, ""works_count"": 4, ""oa_works_count"": 0, ""cited_by_count"": 184}, {""year"": 2007, ""works_count"": 1, ""oa_works_count"": 0, ""cited_by_count"": 14}, {""year"": 2008, ""works_count"": 8, ""oa_works_count"": 4, ""cited_by_count"": 1160}, {""year"": 2009, ""works_count"": 2, ""oa_works_count"": 0, ""cited_by_count"": 0}, {""year"": 2010, ""works_count"": 2, ""oa_works_count"": 1, ""cited_by_count"": 20}, {""year"": 2011, ""works_count"": 2, ""oa_works_count"": 0, ""cited_by_count"": 5}, {""year"": 2012, ""works_count"": 2, ""oa_works_count"": 0, ""cited_by_count"": 2}, {""year"": 2013, ""works_count"": 5, ""oa_works_count"": 0, ""cited_by_count"": 61}, {""year"": 2014, ""works_count"": 1, ""oa_works_count"": 1, ""cited_by_count"": 19}, {""year"": 2015, ""works_count"": 3, ""oa_works_count"": 1, ""cited_by_count"": 4}, {""year"": 2016, ""works_count"": 5, ""oa_works_count"": 3, ""cited_by_count"": 63}, {""year"": 2017, ""works_count"": 3, ""oa_works_count"": 3, ""cited_by_count"": 17}, {""year"": 2018, ""works_count"": 5, ""oa_works_count"": 4, ""cited_by_count"": 10}, {""year"": 2019, ""works_count"": 5, ""oa_works_count"": 4, ""cited_by_count"": 95}, {""year"": 2020, ""works_count"": 5, ""oa_works_count"": 5, ""cited_by_count"": 30}, {""year"": 2021, ""works_count"": 9, ""oa_works_count"": 6, ""cited_by_count"": 43}, {""year"": 2022, ""works_count"": 8, ""oa_works_count"": 8, ""cited_by_count"": 24}, {""year"": 2023, ""works_count"": 70, ""oa_works_count"": 67, ""cited_by_count"": 45}, {""year"": 2024, ""works_count"": 29, ""oa_works_count"": 27, ""cited_by_count"": 33}, {""year"": 2025, ""works_count"": 34, ""oa_works_count"": 29, ""cited_by_count"": 17}, {""year"": 2026, ""works_count"": 1, ""oa_works_count"": 1, ""cited_by_count"": 0}]"
https://openalex.org/A5084552503,Joseph R. Ruthruff,2008,ICSE,5,1,SS→DOI→OA,30,559,12,14,0.0,2003,"[{""year"": 2003, ""works_count"": 2, ""oa_works_count"": 0, ""cited_by_count"": 86}, {""year"": 2004, ""works_count"": 4, ""oa_works_count"": 0, ""cited_by_count"": 148}, {""year"": 2005, ""works_count"": 6, ""oa_works_count"": 0, ""cited_by_count"": 124}, {""year"": 2006, ""works_count"": 3, ""oa_works_count"": 0, ""cited_by_count"": 49}, {""year"": 2008, ""works_count"": 1, ""oa_works_count"": 0, ""cited_by_count"": 122}, {""year"": 2009, ""works_count"": 1, ""oa_works_count"": 0, ""cited_by_count"": 3}, {""year"": 2011, ""works_count"": 3, ""oa_works_count"": 3, ""cited_by_count"": 19}, {""year"": 2012, ""works_count"": 2, ""oa_works_count"": 2, ""cited_by_count"": 0}, {""year"": 2013, ""works_count"": 4, ""oa_works_count"": 4, ""cited_by_count"": 2}, {""year"": 2014, ""works_count"": 1, ""oa_works_count"": 1, ""cited_by_count"": 3}, {""year"": 2015, ""works_count"": 2, ""oa_works_count"": 2, ""cited_by_count"": 3}, {""year"": 2016, ""works_count"": 1, ""oa_works_count"": 1, ""cited_by_count"": 0}]"
https://openalex.org/A5022354495,Dattatraya Y. Gokhale,2008,INFOCOM,2,1,SS→DOI→OA,3,124,3,3,0.0,2006,"[{""year"": 2006, ""works_count"": 1, ""oa_works_count"": 0, ""cited_by_count"": 34}, {""year"": 2008, ""works_count"": 1, ""oa_works_count"": 0, ""cited_by_count"": 48}, {""year"": 2009, ""works_count"": 1, ""oa_works_count"": 0, ""cited_by_count"": 42}]"
https://openalex.org/A5100368855,Xiang Zhang,2008,KDD,2,1,SS→DOI→OA,65,1012,15,22,1.7,2006,"[{""year"": 2006, ""works_count"": 1, ""oa_works_count"": 0, ""cited_by_count"": 107}, {""year"": 2007, ""works_count"": 1, ""oa_works_count"": 0, ""cited_by_count"": 0}, {""year"": 2008, ""works_count"": 1, ""oa_works_count"": 0, ""cited_by_count"": 45}, {""year"": 2009, ""works_count"": 2, ""oa_works_count"": 0, ""cited_by_count"": 19}, {""year"": 2010, ""works_count"": 3, ""oa_works_count"": 1, ""cited_by_count"": 205}, {""year"": 2011, ""works_count"": 2, ""oa_works_count"": 2, ""cited_by_count"": 26}, {""year"": 2012, ""works_count"": 3, ""oa_works_count"": 3, ""cited_by_count"": 31}, {""year"": 2014, ""works_count"": 2, ""oa_works_count"": 2, ""cited_by_count"": 52}, {""year"": 2015, ""works_count"": 2, ""oa_works_count"": 2, ""cited_by_count"": 37}, {""year"": 2016, ""works_count"": 4, ""oa_works_count"": 2, ""cited_by_count"": 81}, {""year"": 2017, ""works_count"": 2, ""oa_works_count"": 2, ""cited_by_count"": 57}, {""year"": 2018, ""works_count"": 5, ""oa_works_count"": 1, ""cited_by_count"": 16}, {""year"": 2019, ""works_count"": 5, ""oa_works_count"": 2, ""cited_by_count"": 131}, {""year"": 2020, ""works_count"": 6, ""oa_works_count"": 4, ""cited_by_count"": 32}, {""year"": 2021, ""works_count"": 10, ""oa_works_count"": 10, ""cited_by_count"": 59}, {""year"": 2022, ""works_count"": 3, ""oa_works_count"": 3, ""cited_by_count"": 95}, {""year"": 2023, ""works_count"": 3, ""oa_works_count"": 1, ""cited_by_count"": 2}, {""year"": 2024, ""works_count"": 6, ""oa_works_count"": 4, ""cited_by_count"": 12}, {""year"": 2025, ""works_count"": 4, ""oa_works_count"": 3, ""cited_by_count"": 5}]"
https://openalex.org/A5016327606,Geoffrey Lefebvre,2008,NSDI,4,2,SS→title→OA,20,1111,11,11,0.0,2004,"[{""year"": 2004, ""works_count"": 1, ""oa_works_count"": 0, ""cited_by_count"": 13}, {""year"": 2008, ""works_count"": 4, ""oa_works_count"": 0, ""cited_by_count"": 733}, {""year"": 2009, ""works_count"": 3, ""oa_works_count"": 1, ""cited_by_count"": 22}, {""year"": 2010, ""works_count"": 2, ""oa_works_count"": 0, ""cited_by_count"": 38}, {""year"": 2011, ""works_count"": 1, ""oa_works_count"": 0, ""cited_by_count"": 8}, {""year"": 2012, ""works_count"": 5, ""oa_works_count"": 1, ""cited_by_count"": 46}, {""year"": 2013, ""works_count"": 1, ""oa_works_count"": 0, ""cited_by_count"": 229}, {""year"": 2014, ""works_count"": 1, ""oa_works_count"": 0, ""cited_by_count"": 22}, {""year"": 2015, ""works_count"": 1, ""oa_works_count"": 0, ""cited_by_count"": 0}, {""year"": 2026, ""works_count"": 1, ""oa_works_count"": 1, ""cited_by_count"": 0}]"
https://openalex.org/A5045165255,Ethan Katz-Bassett,2008,NSDI,2,2,SS→title→OA,120,4457,35,66,1.6111111111111112,2006,"[{""year"": 2006, ""works_count"": 2, ""oa_works_count"": 0, ""cited_by_count"": 398}, {""year"": 2008, ""works_count"": 3, ""oa_works_count"": 0, ""cited_by_count"": 224}, {""year"": 2009, ""works_count"": 2, ""oa_works_count"": 0, ""cited_by_count"": 103}, {""year"": 2010, ""works_count"": 1, ""oa_works_count"": 0, ""cited_by_count"": 50}, {""year"": 2011, ""works_count"": 1, ""oa_works_count"": 0, ""cited_by_count"": 16}, {""year"": 2012, ""works_count"": 3, ""oa_works_count"": 1, ""cited_by_count"": 126}, {""year"": 2013, ""works_count"": 13, ""oa_works_count"": 6, ""cited_by_count"": 763}, {""year"": 2014, ""works_count"": 12, ""oa_works_count"": 2, ""cited_by_count"": 768}, {""year"": 2015, ""works_count"": 7, ""oa_works_count"": 3, ""cited_by_count"": 480}, {""year"": 2016, ""works_count"": 8, ""oa_works_count"": 2, ""cited_by_count"": 169}, {""year"": 2017, ""works_count"": 2, ""oa_works_count"": 0, ""cited_by_count"": 188}, {""year"": 2018, ""works_count"": 8, ""oa_works_count"": 4, ""cited_by_count"": 416}, {""year"": 2019, ""works_count"": 7, ""oa_works_count"": 1, ""cited_by_count"": 183}, {""year"": 2020, ""works_count"": 7, ""oa_works_count"": 3, ""cited_by_count"": 187}, {""year"": 2021, ""works_count"": 15, ""oa_works_count"": 7, ""cited_by_count"": 276}, {""year"": 2022, ""works_count"": 5, ""oa_works_count"": 1, ""cited_by_count"": 37}, {""year"": 2023, ""works_count"": 6, ""oa_works_count"": 3, ""cited_by_count"": 44}, {""year"": 2024, ""works_count"": 9, ""oa_works_count"": 7, ""cited_by_count"": 19}, {""year"": 2025, ""works_count"": 9, ""oa_works_count"": 1, ""cited_by_count"": 10}]"
https://openalex.org/A5053355200,Cristian Cadar,2008,OSDI,5,1,SS→title→OA,108,8161,34,58,0.875,2004,"[{""year"": 2003, ""works_count"": 1, ""oa_works_count"": 1, ""cited_by_count"": 4}, {""year"": 2004, ""works_count"": 4, ""oa_works_count"": 1, ""cited_by_count"": 345}, {""year"": 2005, ""works_count"": 3, ""oa_works_count"": 0, ""cited_by_count"": 373}, {""year"": 2006, ""works_count"": 3, ""oa_works_count"": 0, ""cited_by_count"": 951}, {""year"": 2008, ""works_count"": 4, ""oa_works_count"": 1, ""cited_by_count"": 3538}, {""year"": 2009, ""works_count"": 1, ""oa_works_count"": 0, ""cited_by_count"": 2}, {""year"": 2010, ""works_count"": 1, ""oa_works_count"": 0, ""cited_by_count"": 20}, {""year"": 2011, ""works_count"": 4, ""oa_works_count"": 0, ""cited_by_count"": 422}, {""year"": 2012, ""works_count"": 6, ""oa_works_count"": 0, ""cited_by_count"": 208}, {""year"": 2013, ""works_count"": 7, ""oa_works_count"": 1, ""cited_by_count"": 1051}, {""year"": 2014, ""works_count"": 6, ""oa_works_count"": 2, ""cited_by_count"": 146}, {""year"": 2015, ""works_count"": 6, ""oa_works_count"": 1, ""cited_by_count"": 112}, {""year"": 2016, ""works_count"": 3, ""oa_works_count"": 0, ""cited_by_count"": 102}, {""year"": 2017, ""works_count"": 5, ""oa_works_count"": 0, ""cited_by_count"": 138}, {""year"": 2018, ""works_count"": 5, ""oa_works_count"": 2, ""cited_by_count"": 137}, {""year"": 2019, ""works_count"": 14, ""oa_works_count"": 6, ""cited_by_count"": 148}, {""year"": 2020, ""works_count"": 9, ""oa_works_count"": 4, ""cited_by_count"": 297}, {""year"": 2022, ""works_count"": 5, ""oa_works_count"": 4, ""cited_by_count"": 100}, {""year"": 2023, ""works_count"": 5, ""oa_works_count"": 3, ""cited_by_count"": 53}, {""year"": 2024, ""works_count"": 5, ""oa_works_count"": 4, ""cited_by_count"": 12}, {""year"": 2025, ""works_count"": 9, ""oa_works_count"": 5, ""cited_by_count"": 2}, {""year"": 2026, ""works_count"": 2, ""oa_works_count"": 2, ""cited_by_count"": 0}]"
https://openalex.org/A5072236833,Dakarai Dunbar,2008,OSDI,1,2,SS→title→OA,6,2735,2,2,0.0,2007,"[{""year"": 2007, ""works_count"": 1, ""oa_works_count"": 0, ""cited_by_count"": 65}, {""year"": 2008, ""works_count"": 1, ""oa_works_count"": 0, ""cited_by_count"": 2670}, {""year"": 2015, ""works_count"": 1, ""oa_works_count"": 1, ""cited_by_count"": 0}, {""year"": 2024, ""works_count"": 1, ""oa_works_count"": 1, ""cited_by_count"": 0}, {""year"": 2025, ""works_count"": 2, ""oa_works_count"": 1, ""cited_by_count"": 0}]"
https://openalex.org/A5060832606,Dennis Fetterly,2008,OSDI,5,3,SS→title→OA,32,5705,16,20,0.0,2003,"[{""year"": 2003, ""works_count"": 2, ""oa_works_count"": 0, ""cited_by_count"": 410}, {""year"": 2004, ""works_count"": 3, ""oa_works_count"": 2, ""cited_by_count"": 507}, {""year"": 2005, ""works_count"": 1, ""oa_works_count"": 0, ""cited_by_count"": 127}, {""year"": 2006, ""works_count"": 2, ""oa_works_count"": 0, ""cited_by_count"": 622}, {""year"": 2007, ""works_count"": 2, ""oa_works_count"": 0, ""cited_by_count"": 2995}, {""year"": 2008, ""works_count"": 4, ""oa_works_count"": 0, ""cited_by_count"": 718}, {""year"": 2009, ""works_count"": 5, ""oa_works_count"": 1, ""cited_by_count"": 63}, {""year"": 2010, ""works_count"": 2, ""oa_works_count"": 0, ""cited_by_count"": 6}, {""year"": 2011, ""works_count"": 4, ""oa_works_count"": 0, ""cited_by_count"": 46}, {""year"": 2012, ""works_count"": 1, ""oa_works_count"": 0, ""cited_by_count"": 17}, {""year"": 2013, ""works_count"": 3, ""oa_works_count"": 1, ""cited_by_count"": 176}, {""year"": 2016, ""works_count"": 2, ""oa_works_count"": 0, ""cited_by_count"": 18}, {""year"": 2018, ""works_count"": 1, ""oa_works_count"": 0, ""cited_by_count"": 0}]"
https://openalex.org/A5052836807,Diwaker Gupta,2008,OSDI,4,1,SS→DOI→OA,16,1326,12,12,0.0,2005,"[{""year"": 2004, ""works_count"": 1, ""oa_works_count"": 0, ""cited_by_count"": 39}, {""year"": 2005, ""works_count"": 2, ""oa_works_count"": 0, ""cited_by_count"": 186}, {""year"": 2006, ""works_count"": 3, ""oa_works_count"": 1, ""cited_by_count"": 232}, {""year"": 2007, ""works_count"": 2, ""oa_works_count"": 1, ""cited_by_count"": 446}, {""year"": 2008, ""works_count"": 2, ""oa_works_count"": 0, ""cited_by_count"": 78}, {""year"": 2009, ""works_count"": 4, ""oa_works_count"": 1, ""cited_by_count"": 51}, {""year"": 2010, ""works_count"": 1, ""oa_works_count"": 0, ""cited_by_count"": 232}, {""year"": 2011, ""works_count"": 1, ""oa_works_count"": 0, ""cited_by_count"": 62}]"
https://openalex.org/A5000107991,Michael Vrable,2008,OSDI,3,3,SS→DOI→OA,16,1387,9,9,0.0,2005,"[{""year"": 2005, ""works_count"": 4, ""oa_works_count"": 0, ""cited_by_count"": 423}, {""year"": 2006, ""works_count"": 1, ""oa_works_count"": 0, ""cited_by_count"": 340}, {""year"": 2009, ""works_count"": 2, ""oa_works_count"": 0, ""cited_by_count"": 158}, {""year"": 2010, ""works_count"": 3, ""oa_works_count"": 0, ""cited_by_count"": 264}, {""year"": 2011, ""works_count"": 2, ""oa_works_count"": 0, ""cited_by_count"": 2}, {""year"": 2012, ""works_count"": 3, ""oa_works_count"": 0, ""cited_by_count"": 106}, {""year"": 2014, ""works_count"": 1, ""oa_works_count"": 1, ""cited_by_count"": 94}]"
https://openalex.org/A5113577071,Atish Das Sarma,2008,PODS,4,1,SS→DOI→OA,72,2574,26,39,0.0,2005,"[{""year"": 2004, ""works_count"": 1, ""oa_works_count"": 0, ""cited_by_count"": 33}, {""year"": 2005, ""works_count"": 1, ""oa_works_count"": 0, ""cited_by_count"": 3}, {""year"": 2007, ""works_count"": 1, ""oa_works_count"": 0, ""cited_by_count"": 4}, {""year"": 2008, ""works_count"": 3, ""oa_works_count"": 1, ""cited_by_count"": 98}, {""year"": 2009, ""works_count"": 7, ""oa_works_count"": 3, ""cited_by_count"": 111}, {""year"": 2010, ""works_count"": 10, ""oa_works_count"": 3, ""cited_by_count"": 363}, {""year"": 2011, ""works_count"": 10, ""oa_works_count"": 6, ""cited_by_count"": 491}, {""year"": 2012, ""works_count"": 16, ""oa_works_count"": 7, ""cited_by_count"": 637}, {""year"": 2013, ""works_count"": 8, ""oa_works_count"": 3, ""cited_by_count"": 290}, {""year"": 2014, ""works_count"": 8, ""oa_works_count"": 2, ""cited_by_count"": 450}, {""year"": 2015, ""works_count"": 7, ""oa_works_count"": 0, ""cited_by_count"": 94}]"
https://openalex.org/A5058661031,Thomas S. Heydt-Benjamin,2008,S&P,2,2,SS→title→OA,11,1820,9,9,0.0,2006,"[{""year"": 2006, ""works_count"": 2, ""oa_works_count"": 0, ""cited_by_count"": 105}, {""year"": 2007, ""works_count"": 1, ""oa_works_count"": 1, ""cited_by_count"": 18}, {""year"": 2008, ""works_count"": 4, ""oa_works_count"": 0, ""cited_by_count"": 1203}, {""year"": 2009, ""works_count"": 3, ""oa_works_count"": 1, ""cited_by_count"": 383}]"
https://openalex.org/A5050157577,Jagan Sankaranarayanan,2008,SIGMOD,5,2,SS→DOI→OA,60,2790,19,35,0.0,2003,"[{""year"": 2003, ""works_count"": 1, ""oa_works_count"": 0, ""cited_by_count"": 0}, {""year"": 2004, ""works_count"": 1, ""oa_works_count"": 0, ""cited_by_count"": 0}, {""year"": 2005, ""works_count"": 1, ""oa_works_count"": 0, ""cited_by_count"": 106}, {""year"": 2006, ""works_count"": 2, ""oa_works_count"": 0, ""cited_by_count"": 50}, {""year"": 2007, ""works_count"": 4, ""oa_works_count"": 0, ""cited_by_count"": 231}, {""year"": 2008, ""works_count"": 5, ""oa_works_count"": 0, ""cited_by_count"": 614}, {""year"": 2009, ""works_count"": 4, ""oa_works_count"": 0, ""cited_by_count"": 880}, {""year"": 2010, ""works_count"": 4, ""oa_works_count"": 0, ""cited_by_count"": 282}, {""year"": 2011, ""works_count"": 3, ""oa_works_count"": 0, ""cited_by_count"": 95}, {""year"": 2012, ""works_count"": 2, ""oa_works_count"": 0, ""cited_by_count"": 14}, {""year"": 2013, ""works_count"": 9, ""oa_works_count"": 2, ""cited_by_count"": 76}, {""year"": 2014, ""works_count"": 7, ""oa_works_count"": 1, ""cited_by_count"": 236}, {""year"": 2015, ""works_count"": 1, ""oa_works_count"": 0, ""cited_by_count"": 0}, {""year"": 2016, ""works_count"": 2, ""oa_works_count"": 0, ""cited_by_count"": 14}, {""year"": 2017, ""works_count"": 2, ""oa_works_count"": 1, ""cited_by_count"": 28}, {""year"": 2018, ""works_count"": 3, ""oa_works_count"": 3, ""cited_by_count"": 27}, {""year"": 2019, ""works_count"": 3, ""oa_works_count"": 2, ""cited_by_count"": 103}, {""year"": 2020, ""works_count"": 1, ""oa_works_count"": 0, ""cited_by_count"": 10}, {""year"": 2021, ""works_count"": 1, ""oa_works_count"": 0, ""cited_by_count"": 14}, {""year"": 2023, ""works_count"": 4, ""oa_works_count"": 2, ""cited_by_count"": 10}]"
https://openalex.org/A5080290452,Hsin-Tsang Lee,2008,WWW,0,1,SS→DOI→OA,6,117,3,2,0.0,2008,"[{""year"": 2008, ""works_count"": 2, ""oa_works_count"": 1, ""cited_by_count"": 81}, {""year"": 2009, ""works_count"": 1, ""oa_works_count"": 0, ""cited_by_count"": 32}, {""year"": 2011, ""works_count"": 1, ""oa_works_count"": 0, ""cited_by_count"": 1}, {""year"": 2015, ""works_count"": 1, ""oa_works_count"": 0, ""cited_by_count"": 3}, {""year"": 2018, ""works_count"": 1, ""oa_works_count"": 0, ""cited_by_count"": 0}]"
https://openalex.org/A5105307360,Nathanael Chambers,2007,AAAI,3,2,SS→title→OA,68,4758,27,40,0.0,2004,"[{""year"": 2004, ""works_count"": 2, ""oa_works_count"": 0, ""cited_by_count"": 21}, {""year"": 2005, ""works_count"": 4, ""oa_works_count"": 0, ""cited_by_count"": 53}, {""year"": 2006, ""works_count"": 4, ""oa_works_count"": 0, ""cited_by_count"": 73}, {""year"": 2007, ""works_count"": 4, ""oa_works_count"": 3, ""cited_by_count"": 427}, {""year"": 2008, ""works_count"": 2, ""oa_works_count"": 1, ""cited_by_count"": 702}, {""year"": 2009, ""works_count"": 1, ""oa_works_count"": 1, ""cited_by_count"": 406}, {""year"": 2010, ""works_count"": 2, ""oa_works_count"": 0, ""cited_by_count"": 54}, {""year"": 2011, ""works_count"": 3, ""oa_works_count"": 0, ""cited_by_count"": 555}, {""year"": 2012, ""works_count"": 3, ""oa_works_count"": 0, ""cited_by_count"": 139}, {""year"": 2013, ""works_count"": 3, ""oa_works_count"": 2, ""cited_by_count"": 573}, {""year"": 2014, ""works_count"": 2, ""oa_works_count"": 2, ""cited_by_count"": 355}, {""year"": 2015, ""works_count"": 2, ""oa_works_count"": 2, ""cited_by_count"": 107}, {""year"": 2016, ""works_count"": 6, ""oa_works_count"": 4, ""cited_by_count"": 896}, {""year"": 2017, ""works_count"": 4, ""oa_works_count"": 3, ""cited_by_count"": 165}, {""year"": 2018, ""works_count"": 4, ""oa_works_count"": 4, ""cited_by_count"": 72}, {""year"": 2019, ""works_count"": 1, ""oa_works_count"": 1, ""cited_by_count"": 3}, {""year"": 2020, ""works_count"": 6, ""oa_works_count"": 6, ""cited_by_count"": 107}, {""year"": 2021, ""works_count"": 5, ""oa_works_count"": 4, ""cited_by_count"": 40}, {""year"": 2022, ""works_count"": 2, ""oa_works_count"": 2, ""cited_by_count"": 7}, {""year"": 2023, ""works_count"": 4, ""oa_works_count"": 4, ""cited_by_count"": 3}, {""year"": 2024, ""works_count"": 2, ""oa_works_count"": 2, ""cited_by_count"": 0}, {""year"": 2025, ""works_count"": 2, ""oa_works_count"": 2, ""cited_by_count"": 0}]"
https://openalex.org/A5036074668,Colin McMillen,2007,AAAI,5,1,SS→title→OA,19,1367,10,11,0.0,2002,"[{""year"": 2002, ""works_count"": 2, ""oa_works_count"": 0, ""cited_by_count"": 47}, {""year"": 2003, ""works_count"": 3, ""oa_works_count"": 0, ""cited_by_count"": 62}, {""year"": 2004, ""works_count"": 3, ""oa_works_count"": 1, ""cited_by_count"": 46}, {""year"": 2005, ""works_count"": 1, ""oa_works_count"": 0, ""cited_by_count"": 5}, {""year"": 2006, ""works_count"": 1, ""oa_works_count"": 0, ""cited_by_count"": 0}, {""year"": 2007, ""works_count"": 3, ""oa_works_count"": 0, ""cited_by_count"": 50}, {""year"": 2008, ""works_count"": 3, ""oa_works_count"": 0, ""cited_by_count"": 1130}, {""year"": 2009, ""works_count"": 3, ""oa_works_count"": 0, ""cited_by_count"": 27}]"
https://openalex.org/A5077791792,Yuk Wah Wong,2007,ACL,4,1,SS→title→OA,12,1458,9,9,0.0,2004,"[{""year"": 2003, ""works_count"": 1, ""oa_works_count"": 0, ""cited_by_count"": 28}, {""year"": 2004, ""works_count"": 2, ""oa_works_count"": 0, ""cited_by_count"": 436}, {""year"": 2005, ""works_count"": 2, ""oa_works_count"": 0, ""cited_by_count"": 214}, {""year"": 2006, ""works_count"": 2, ""oa_works_count"": 1, ""cited_by_count"": 277}, {""year"": 2007, ""works_count"": 3, ""oa_works_count"": 0, ""cited_by_count"": 468}, {""year"": 2009, ""works_count"": 1, ""oa_works_count"": 0, ""cited_by_count"": 28}, {""year"": 2010, ""works_count"": 1, ""oa_works_count"": 0, ""cited_by_count"": 7}]"
https://openalex.org/A5028059312,Manas Mittal,2007,CHI,0,3,SS→DOI→OA,5,228,4,2,0.0,2009,"[{""year"": 2007, ""works_count"": 1, ""oa_works_count"": 0, ""cited_by_count"": 152}, {""year"": 2008, ""works_count"": 1, ""oa_works_count"": 1, ""cited_by_count"": 4}, {""year"": 2009, ""works_count"": 2, ""oa_works_count"": 1, ""cited_by_count"": 68}, {""year"": 2010, ""works_count"": 1, ""oa_works_count"": 0, ""cited_by_count"": 4}]"
https://openalex.org/A5104070883,April Slayden Mitchell,2007,CHI,0,2,SS→DOI→OA,7,222,4,2,0.0,2007,"[{""year"": 2007, ""works_count"": 4, ""oa_works_count"": 0, ""cited_by_count"": 203}, {""year"": 2009, ""works_count"": 2, ""oa_works_count"": 0, ""cited_by_count"": 19}, {""year"": 2012, ""works_count"": 1, ""oa_works_count"": 0, ""cited_by_count"": 0}]"
https://openalex.org/A5069459444,Alex Vorbau,2007,CHI,3,3,SS→DOI→OA,7,251,5,3,0.0,2004,"[{""year"": 2004, ""works_count"": 1, ""oa_works_count"": 0, ""cited_by_count"": 5}, {""year"": 2005, ""works_count"": 1, ""oa_works_count"": 0, ""cited_by_count"": 27}, {""year"": 2007, ""works_count"": 1, ""oa_works_count"": 0, ""cited_by_count"": 193}, {""year"": 2009, ""works_count"": 2, ""oa_works_count"": 0, ""cited_by_count"": 24}, {""year"": 2011, ""works_count"": 2, ""oa_works_count"": 0, ""cited_by_count"": 2}]"
https://openalex.org/A5024737277,Chris Muffels,2007,CHI,1,2,SS→title→OA,3,234,2,1,0.0,2006,"[{""year"": 2006, ""works_count"": 2, ""oa_works_count"": 0, ""cited_by_count"": 3}, {""year"": 2007, ""works_count"": 1, ""oa_works_count"": 0, ""cited_by_count"": 231}]"
https://openalex.org/A5023572731,Vaiva Kalnikaitė,2007,CHI,0,1,SS→DOI→OA,38,1226,18,23,0.0,2007,"[{""year"": 2007, ""works_count"": 1, ""oa_works_count"": 0, ""cited_by_count"": 65}, {""year"": 2008, ""works_count"": 3, ""oa_works_count"": 1, ""cited_by_count"": 51}, {""year"": 2009, ""works_count"": 2, ""oa_works_count"": 0, ""cited_by_count"": 8}, {""year"": 2010, ""works_count"": 3, ""oa_works_count"": 1, ""cited_by_count"": 216}, {""year"": 2011, ""works_count"": 5, ""oa_works_count"": 0, ""cited_by_count"": 264}, {""year"": 2012, ""works_count"": 6, ""oa_works_count"": 0, ""cited_by_count"": 206}, {""year"": 2013, ""works_count"": 2, ""oa_works_count"": 1, ""cited_by_count"": 50}, {""year"": 2014, ""works_count"": 3, ""oa_works_count"": 0, ""cited_by_count"": 59}, {""year"": 2015, ""works_count"": 2, ""oa_works_count"": 0, ""cited_by_count"": 85}, {""year"": 2016, ""works_count"": 1, ""oa_works_count"": 0, ""cited_by_count"": 72}, {""year"": 2018, ""works_count"": 1, ""oa_works_count"": 0, ""cited_by_count"": 15}, {""year"": 2019, ""works_count"": 2, ""oa_works_count"": 2, ""cited_by_count"": 37}, {""year"": 2020, ""works_count"": 3, ""oa_works_count"": 0, ""cited_by_count"": 32}, {""year"": 2021, ""works_count"": 1, ""oa_works_count"": 1, ""cited_by_count"": 15}, {""year"": 2022, ""works_count"": 3, ""oa_works_count"": 2, ""cited_by_count"": 51}]"
https://openalex.org/A5020864276,Sebastian Moffatt,2007,CHI,0,1,GS→title→OA,9,598,6,6,0.0,2007,"[{""year"": 2007, ""works_count"": 1, ""oa_works_count"": 1, ""cited_by_count"": 2}, {""year"": 2008, ""works_count"": 1, ""oa_works_count"": 0, ""cited_by_count"": 212}, {""year"": 2009, ""works_count"": 1, ""oa_works_count"": 1, ""cited_by_count"": 0}, {""year"": 2010, ""works_count"": 3, ""oa_works_count"": 0, ""cited_by_count"": 355}, {""year"": 2012, ""works_count"": 1, ""oa_works_count"": 0, ""cited_by_count"": 11}, {""year"": 2014, ""works_count"": 2, ""oa_works_count"": 1, ""cited_by_count"": 18}]"
https://openalex.org/A5061394912,M. Aerts,2007,CVPR,0,2,SS→title→OA,7,344,4,4,0.0,2007,"[{""year"": 2007, ""works_count"": 2, ""oa_works_count"": 0, ""cited_by_count"": 168}, {""year"": 2008, ""works_count"": 1, ""oa_works_count"": 0, ""cited_by_count"": 0}, {""year"": 2009, ""works_count"": 2, ""oa_works_count"": 1, ""cited_by_count"": 3}, {""year"": 2010, ""works_count"": 1, ""oa_works_count"": 0, ""cited_by_count"": 17}, {""year"": 2011, ""works_count"": 1, ""oa_works_count"": 1, ""cited_by_count"": 156}]"
https://openalex.org/A5057210065,A. C. Hack,2007,CVPR,4,3,SS→title→OA,24,1100,9,9,0.0,2006,"[{""year"": 2003, ""works_count"": 2, ""oa_works_count"": 1, ""cited_by_count"": 0}, {""year"": 2005, ""works_count"": 1, ""oa_works_count"": 0, ""cited_by_count"": 0}, {""year"": 2006, ""works_count"": 4, ""oa_works_count"": 0, ""cited_by_count"": 776}, {""year"": 2007, ""works_count"": 5, ""oa_works_count"": 1, ""cited_by_count"": 209}, {""year"": 2008, ""works_count"": 2, ""oa_works_count"": 0, ""cited_by_count"": 0}, {""year"": 2009, ""works_count"": 2, ""oa_works_count"": 0, ""cited_by_count"": 2}, {""year"": 2010, ""works_count"": 2, ""oa_works_count"": 1, ""cited_by_count"": 94}, {""year"": 2017, ""works_count"": 1, ""oa_works_count"": 0, ""cited_by_count"": 2}, {""year"": 2018, ""works_count"": 5, ""oa_works_count"": 4, ""cited_by_count"": 17}]"
https://openalex.org/A5023658938,Narayan Ramasubbu,2007,FSE,4,1,SS→DOI→OA,70,1691,21,35,0.0,2003,"[{""year"": 2003, ""works_count"": 1, ""oa_works_count"": 0, ""cited_by_count"": 5}, {""year"": 2004, ""works_count"": 3, ""oa_works_count"": 1, ""cited_by_count"": 6}, {""year"": 2005, ""works_count"": 4, ""oa_works_count"": 2, ""cited_by_count"": 109}, {""year"": 2006, ""works_count"": 2, ""oa_works_count"": 2, ""cited_by_count"": 191}, {""year"": 2007, ""works_count"": 2, ""oa_works_count"": 0, ""cited_by_count"": 167}, {""year"": 2008, ""works_count"": 3, ""oa_works_count"": 0, ""cited_by_count"": 171}, {""year"": 2009, ""works_count"": 6, ""oa_works_count"": 1, ""cited_by_count"": 97}, {""year"": 2010, ""works_count"": 3, ""oa_works_count"": 2, ""cited_by_count"": 82}, {""year"": 2011, ""works_count"": 4, ""oa_works_count"": 2, ""cited_by_count"": 152}, {""year"": 2012, ""works_count"": 7, ""oa_works_count"": 4, ""cited_by_count"": 85}, {""year"": 2013, ""works_count"": 3, ""oa_works_count"": 0, ""cited_by_count"": 206}, {""year"": 2014, ""works_count"": 7, ""oa_works_count"": 3, ""cited_by_count"": 114}, {""year"": 2015, ""works_count"": 5, ""oa_works_count"": 1, ""cited_by_count"": 163}, {""year"": 2017, ""works_count"": 1, ""oa_works_count"": 0, ""cited_by_count"": 21}, {""year"": 2018, ""works_count"": 3, ""oa_works_count"": 0, ""cited_by_count"": 21}, {""year"": 2019, ""works_count"": 4, ""oa_works_count"": 2, ""cited_by_count"": 28}, {""year"": 2020, ""works_count"": 1, ""oa_works_count"": 0, ""cited_by_count"": 19}, {""year"": 2021, ""works_count"": 5, ""oa_works_count"": 2, ""cited_by_count"": 38}, {""year"": 2023, ""works_count"": 4, ""oa_works_count"": 1, ""cited_by_count"": 16}, {""year"": 2024, ""works_count"": 1, ""oa_works_count"": 0, ""cited_by_count"": 0}, {""year"": 2025, ""works_count"": 1, ""oa_works_count"": 1, ""cited_by_count"": 0}]"
https://openalex.org/A5075701279,Rajesh Krishna Balan,2007,FSE,5,2,SS→DOI→OA,172,3766,30,73,1.8181818181818181,2002,"[{""year"": 2002, ""works_count"": 7, ""oa_works_count"": 2, ""cited_by_count"": 408}, {""year"": 2003, ""works_count"": 1, ""oa_works_count"": 0, ""cited_by_count"": 245}, {""year"": 2004, ""works_count"": 1, ""oa_works_count"": 0, ""cited_by_count"": 27}, {""year"": 2005, ""works_count"": 2, ""oa_works_count"": 1, ""cited_by_count"": 45}, {""year"": 2006, ""works_count"": 3, ""oa_works_count"": 1, ""cited_by_count"": 25}, {""year"": 2007, ""works_count"": 3, ""oa_works_count"": 1, ""cited_by_count"": 274}, {""year"": 2008, ""works_count"": 4, ""oa_works_count"": 2, ""cited_by_count"": 88}, {""year"": 2009, ""works_count"": 6, ""oa_works_count"": 2, ""cited_by_count"": 125}, {""year"": 2010, ""works_count"": 4, ""oa_works_count"": 1, ""cited_by_count"": 16}, {""year"": 2011, ""works_count"": 8, ""oa_works_count"": 2, ""cited_by_count"": 345}, {""year"": 2012, ""works_count"": 14, ""oa_works_count"": 3, ""cited_by_count"": 126}, {""year"": 2013, ""works_count"": 9, ""oa_works_count"": 1, ""cited_by_count"": 162}, {""year"": 2014, ""works_count"": 11, ""oa_works_count"": 3, ""cited_by_count"": 287}, {""year"": 2015, ""works_count"": 11, ""oa_works_count"": 4, ""cited_by_count"": 247}, {""year"": 2016, ""works_count"": 16, ""oa_works_count"": 5, ""cited_by_count"": 150}, {""year"": 2017, ""works_count"": 10, ""oa_works_count"": 4, ""cited_by_count"": 573}, {""year"": 2018, ""works_count"": 16, ""oa_works_count"": 8, ""cited_by_count"": 167}, {""year"": 2019, ""works_count"": 14, ""oa_works_count"": 4, ""cited_by_count"": 200}, {""year"": 2020, ""works_count"": 6, ""oa_works_count"": 5, ""cited_by_count"": 111}, {""year"": 2021, ""works_count"": 8, ""oa_works_count"": 4, ""cited_by_count"": 93}, {""year"": 2022, ""works_count"": 2, ""oa_works_count"": 2, ""cited_by_count"": 19}, {""year"": 2023, ""works_count"": 5, ""oa_works_count"": 4, ""cited_by_count"": 13}, {""year"": 2024, ""works_count"": 9, ""oa_works_count"": 6, ""cited_by_count"": 19}, {""year"": 2025, ""works_count"": 2, ""oa_works_count"": 2, ""cited_by_count"": 1}]"
https://openalex.org/A5022177364,Christopher Kruegel,2007,FSE,5,3,SS→DOI→OA,328,28314,92,220,3.8666666666666667,2002,"[{""year"": 2002, ""works_count"": 4, ""oa_works_count"": 0, ""cited_by_count"": 153}, {""year"": 2003, ""works_count"": 12, ""oa_works_count"": 0, ""cited_by_count"": 1514}, {""year"": 2004, ""works_count"": 7, ""oa_works_count"": 1, ""cited_by_count"": 1242}, {""year"": 2005, ""works_count"": 13, ""oa_works_count"": 0, ""cited_by_count"": 1072}, {""year"": 2006, ""works_count"": 17, ""oa_works_count"": 0, ""cited_by_count"": 2819}, {""year"": 2007, ""works_count"": 21, ""oa_works_count"": 1, ""cited_by_count"": 3245}, {""year"": 2008, ""works_count"": 14, ""oa_works_count"": 4, ""cited_by_count"": 1776}, {""year"": 2009, ""works_count"": 19, ""oa_works_count"": 3, ""cited_by_count"": 2326}, {""year"": 2010, ""works_count"": 17, ""oa_works_count"": 2, ""cited_by_count"": 2732}, {""year"": 2011, ""works_count"": 23, ""oa_works_count"": 4, ""cited_by_count"": 991}, {""year"": 2012, ""works_count"": 24, ""oa_works_count"": 7, ""cited_by_count"": 1593}, {""year"": 2013, ""works_count"": 14, ""oa_works_count"": 2, ""cited_by_count"": 1616}, {""year"": 2014, ""works_count"": 19, ""oa_works_count"": 4, ""cited_by_count"": 1346}, {""year"": 2015, ""works_count"": 18, ""oa_works_count"": 5, ""cited_by_count"": 1265}, {""year"": 2016, ""works_count"": 6, ""oa_works_count"": 3, ""cited_by_count"": 2015}, {""year"": 2017, ""works_count"": 17, ""oa_works_count"": 4, ""cited_by_count"": 822}, {""year"": 2018, ""works_count"": 11, ""oa_works_count"": 8, ""cited_by_count"": 384}, {""year"": 2019, ""works_count"": 9, ""oa_works_count"": 8, ""cited_by_count"": 258}, {""year"": 2020, ""works_count"": 13, ""oa_works_count"": 9, ""cited_by_count"": 406}, {""year"": 2021, ""works_count"": 11, ""oa_works_count"": 7, ""cited_by_count"": 163}, {""year"": 2022, ""works_count"": 11, ""oa_works_count"": 6, ""cited_by_count"": 390}, {""year"": 2023, ""works_count"": 13, ""oa_works_count"": 9, ""cited_by_count"": 128}, {""year"": 2024, ""works_count"": 7, ""oa_works_count"": 3, ""cited_by_count"": 55}, {""year"": 2025, ""works_count"": 8, ""oa_works_count"": 5, ""cited_by_count"": 3}]"
https://openalex.org/A5057086547,Alex Potanin,2007,FSE,5,2,SS→DOI→OA,96,1000,17,22,0.4,2002,"[{""year"": 2002, ""works_count"": 2, ""oa_works_count"": 0, ""cited_by_count"": 6}, {""year"": 2004, ""works_count"": 5, ""oa_works_count"": 1, ""cited_by_count"": 120}, {""year"": 2005, ""works_count"": 1, ""oa_works_count"": 0, ""cited_by_count"": 198}, {""year"": 2006, ""works_count"": 4, ""oa_works_count"": 2, ""cited_by_count"": 111}, {""year"": 2007, ""works_count"": 3, ""oa_works_count"": 2, ""cited_by_count"": 93}, {""year"": 2008, ""works_count"": 4, ""oa_works_count"": 1, ""cited_by_count"": 75}, {""year"": 2009, ""works_count"": 2, ""oa_works_count"": 0, ""cited_by_count"": 1}, {""year"": 2010, ""works_count"": 4, ""oa_works_count"": 0, ""cited_by_count"": 84}, {""year"": 2011, ""works_count"": 2, ""oa_works_count"": 0, ""cited_by_count"": 1}, {""year"": 2012, ""works_count"": 1, ""oa_works_count"": 0, ""cited_by_count"": 25}, {""year"": 2013, ""works_count"": 12, ""oa_works_count"": 0, ""cited_by_count"": 123}, {""year"": 2014, ""works_count"": 4, ""oa_works_count"": 2, ""cited_by_count"": 55}, {""year"": 2015, ""works_count"": 3, ""oa_works_count"": 2, ""cited_by_count"": 8}, {""year"": 2016, ""works_count"": 3, ""oa_works_count"": 0, ""cited_by_count"": 11}, {""year"": 2017, ""works_count"": 5, ""oa_works_count"": 5, ""cited_by_count"": 33}, {""year"": 2018, ""works_count"": 5, ""oa_works_count"": 0, ""cited_by_count"": 15}, {""year"": 2019, ""works_count"": 2, ""oa_works_count"": 2, ""cited_by_count"": 13}, {""year"": 2020, ""works_count"": 3, ""oa_works_count"": 2, ""cited_by_count"": 4}, {""year"": 2021, ""works_count"": 1, ""oa_works_count"": 0, ""cited_by_count"": 0}, {""year"": 2022, ""works_count"": 8, ""oa_works_count"": 8, ""cited_by_count"": 15}, {""year"": 2023, ""works_count"": 2, ""oa_works_count"": 2, ""cited_by_count"": 1}, {""year"": 2024, ""works_count"": 7, ""oa_works_count"": 7, ""cited_by_count"": 7}, {""year"": 2025, ""works_count"": 6, ""oa_works_count"": 6, ""cited_by_count"": 1}, {""year"": 2026, ""works_count"": 7, ""oa_works_count"": 6, ""cited_by_count"": 0}]"
https://openalex.org/A5090255963,Mahmood Ali,2007,FSE,0,3,SS→DOI→OA,9,356,5,4,0.0,2007,"[{""year"": 2007, ""works_count"": 2, ""oa_works_count"": 1, ""cited_by_count"": 95}, {""year"": 2008, ""works_count"": 4, ""oa_works_count"": 0, ""cited_by_count"": 175}, {""year"": 2010, ""works_count"": 3, ""oa_works_count"": 0, ""cited_by_count"": 86}]"
https://openalex.org/A5088203996,Jason V. Davis,2007,ICML,3,1,SS→DOI→OA,15,2570,10,10,0.0,2006,"[{""year"": 2004, ""works_count"": 1, ""oa_works_count"": 0, ""cited_by_count"": 0}, {""year"": 2005, ""works_count"": 1, ""oa_works_count"": 0, ""cited_by_count"": 1}, {""year"": 2006, ""works_count"": 4, ""oa_works_count"": 1, ""cited_by_count"": 93}, {""year"": 2007, ""works_count"": 4, ""oa_works_count"": 0, ""cited_by_count"": 2208}, {""year"": 2008, ""works_count"": 2, ""oa_works_count"": 0, ""cited_by_count"": 76}, {""year"": 2009, ""works_count"": 2, ""oa_works_count"": 1, ""cited_by_count"": 19}, {""year"": 2012, ""works_count"": 1, ""oa_works_count"": 0, ""cited_by_count"": 173}]"
https://openalex.org/A5049134079,Brian Kulis,2007,ICML,4,2,SS→DOI→OA,99,15140,35,46,2.111111111111111,2003,"[{""year"": 2003, ""works_count"": 2, ""oa_works_count"": 0, ""cited_by_count"": 147}, {""year"": 2004, ""works_count"": 2, ""oa_works_count"": 1, ""cited_by_count"": 1493}, {""year"": 2005, ""works_count"": 2, ""oa_works_count"": 0, ""cited_by_count"": 294}, {""year"": 2006, ""works_count"": 2, ""oa_works_count"": 1, ""cited_by_count"": 229}, {""year"": 2007, ""works_count"": 4, ""oa_works_count"": 1, ""cited_by_count"": 3100}, {""year"": 2008, ""works_count"": 4, ""oa_works_count"": 0, ""cited_by_count"": 815}, {""year"": 2009, ""works_count"": 6, ""oa_works_count"": 1, ""cited_by_count"": 2245}, {""year"": 2010, ""works_count"": 5, ""oa_works_count"": 0, ""cited_by_count"": 2900}, {""year"": 2011, ""works_count"": 4, ""oa_works_count"": 1, ""cited_by_count"": 1334}, {""year"": 2012, ""works_count"": 5, ""oa_works_count"": 1, ""cited_by_count"": 488}, {""year"": 2013, ""works_count"": 4, ""oa_works_count"": 1, ""cited_by_count"": 1199}, {""year"": 2014, ""works_count"": 4, ""oa_works_count"": 3, ""cited_by_count"": 131}, {""year"": 2015, ""works_count"": 2, ""oa_works_count"": 0, ""cited_by_count"": 40}, {""year"": 2016, ""works_count"": 4, ""oa_works_count"": 2, ""cited_by_count"": 5}, {""year"": 2017, ""works_count"": 3, ""oa_works_count"": 3, ""cited_by_count"": 216}, {""year"": 2018, ""works_count"": 5, ""oa_works_count"": 3, ""cited_by_count"": 15}, {""year"": 2019, ""works_count"": 5, ""oa_works_count"": 5, ""cited_by_count"": 315}, {""year"": 2020, ""works_count"": 10, ""oa_works_count"": 6, ""cited_by_count"": 91}, {""year"": 2021, ""works_count"": 7, ""oa_works_count"": 5, ""cited_by_count"": 34}, {""year"": 2022, ""works_count"": 5, ""oa_works_count"": 4, ""cited_by_count"": 14}, {""year"": 2023, ""works_count"": 5, ""oa_works_count"": 3, ""cited_by_count"": 16}, {""year"": 2024, ""works_count"": 7, ""oa_works_count"": 4, ""cited_by_count"": 19}, {""year"": 2025, ""works_count"": 1, ""oa_works_count"": 0, ""cited_by_count"": 0}, {""year"": 2026, ""works_count"": 1, ""oa_works_count"": 0, ""cited_by_count"": 0}]"
https://openalex.org/A5101633144,Prateek Jain,2007,ICML,4,3,SS→DOI→OA,195,7444,34,76,1.4705882352941178,2006,"[{""year"": 2003, ""works_count"": 1, ""oa_works_count"": 0, ""cited_by_count"": 0}, {""year"": 2004, ""works_count"": 1, ""oa_works_count"": 1, ""cited_by_count"": 1}, {""year"": 2006, ""works_count"": 1, ""oa_works_count"": 0, ""cited_by_count"": 6}, {""year"": 2007, ""works_count"": 5, ""oa_works_count"": 2, ""cited_by_count"": 2072}, {""year"": 2008, ""works_count"": 3, ""oa_works_count"": 0, ""cited_by_count"": 259}, {""year"": 2009, ""works_count"": 7, ""oa_works_count"": 3, ""cited_by_count"": 453}, {""year"": 2010, ""works_count"": 8, ""oa_works_count"": 4, ""cited_by_count"": 557}, {""year"": 2011, ""works_count"": 8, ""oa_works_count"": 5, ""cited_by_count"": 161}, {""year"": 2012, ""works_count"": 8, ""oa_works_count"": 2, ""cited_by_count"": 285}, {""year"": 2013, ""works_count"": 12, ""oa_works_count"": 5, ""cited_by_count"": 559}, {""year"": 2014, ""works_count"": 8, ""oa_works_count"": 3, ""cited_by_count"": 360}, {""year"": 2015, ""works_count"": 11, ""oa_works_count"": 7, ""cited_by_count"": 384}, {""year"": 2016, ""works_count"": 10, ""oa_works_count"": 10, ""cited_by_count"": 158}, {""year"": 2017, ""works_count"": 18, ""oa_works_count"": 12, ""cited_by_count"": 847}, {""year"": 2018, ""works_count"": 9, ""oa_works_count"": 4, ""cited_by_count"": 740}, {""year"": 2019, ""works_count"": 13, ""oa_works_count"": 7, ""cited_by_count"": 164}, {""year"": 2020, ""works_count"": 11, ""oa_works_count"": 7, ""cited_by_count"": 215}, {""year"": 2021, ""works_count"": 14, ""oa_works_count"": 13, ""cited_by_count"": 42}, {""year"": 2022, ""works_count"": 19, ""oa_works_count"": 16, ""cited_by_count"": 146}, {""year"": 2023, ""works_count"": 11, ""oa_works_count"": 10, ""cited_by_count"": 10}, {""year"": 2024, ""works_count"": 13, ""oa_works_count"": 5, ""cited_by_count"": 25}, {""year"": 2025, ""works_count"": 4, ""oa_works_count"": 3, ""cited_by_count"": 0}]"
https://openalex.org/A5019848726,Ekwa Duala-Ekoko,2007,ICSE,1,1,SS→DOI→OA,12,500,7,7,0.0,2007,"[{""year"": 2006, ""works_count"": 1, ""oa_works_count"": 0, ""cited_by_count"": 1}, {""year"": 2007, ""works_count"": 2, ""oa_works_count"": 0, ""cited_by_count"": 211}, {""year"": 2008, ""works_count"": 2, ""oa_works_count"": 0, ""cited_by_count"": 95}, {""year"": 2009, ""works_count"": 3, ""oa_works_count"": 0, ""cited_by_count"": 33}, {""year"": 2010, ""works_count"": 1, ""oa_works_count"": 0, ""cited_by_count"": 68}, {""year"": 2011, ""works_count"": 1, ""oa_works_count"": 0, ""cited_by_count"": 25}, {""year"": 2012, ""works_count"": 2, ""oa_works_count"": 0, ""cited_by_count"": 67}]"
https://openalex.org/A5100695695,Sunghun Kim,2007,ICSE,4,1,SS→DOI→OA,55,3680,26,34,13.8,2004,"[{""year"": 2003, ""works_count"": 1, ""oa_works_count"": 0, ""cited_by_count"": 0}, {""year"": 2004, ""works_count"": 2, ""oa_works_count"": 0, ""cited_by_count"": 27}, {""year"": 2005, ""works_count"": 3, ""oa_works_count"": 0, ""cited_by_count"": 160}, {""year"": 2006, ""works_count"": 6, ""oa_works_count"": 0, ""cited_by_count"": 637}, {""year"": 2007, ""works_count"": 3, ""oa_works_count"": 1, ""cited_by_count"": 680}, {""year"": 2008, ""works_count"": 3, ""oa_works_count"": 0, ""cited_by_count"": 212}, {""year"": 2009, ""works_count"": 2, ""oa_works_count"": 0, ""cited_by_count"": 90}, {""year"": 2010, ""works_count"": 1, ""oa_works_count"": 0, ""cited_by_count"": 71}, {""year"": 2011, ""works_count"": 7, ""oa_works_count"": 1, ""cited_by_count"": 864}, {""year"": 2012, ""works_count"": 3, ""oa_works_count"": 0, ""cited_by_count"": 169}, {""year"": 2013, ""works_count"": 3, ""oa_works_count"": 0, ""cited_by_count"": 118}, {""year"": 2014, ""works_count"": 3, ""oa_works_count"": 1, ""cited_by_count"": 208}, {""year"": 2015, ""works_count"": 2, ""oa_works_count"": 1, ""cited_by_count"": 48}, {""year"": 2016, ""works_count"": 2, ""oa_works_count"": 0, ""cited_by_count"": 1}, {""year"": 2017, ""works_count"": 1, ""oa_works_count"": 0, ""cited_by_count"": 273}, {""year"": 2018, ""works_count"": 2, ""oa_works_count"": 0, ""cited_by_count"": 27}, {""year"": 2019, ""works_count"": 4, ""oa_works_count"": 1, ""cited_by_count"": 25}, {""year"": 2020, ""works_count"": 1, ""oa_works_count"": 1, ""cited_by_count"": 0}, {""year"": 2022, ""works_count"": 1, ""oa_works_count"": 0, ""cited_by_count"": 1}, {""year"": 2024, ""works_count"": 3, ""oa_works_count"": 3, ""cited_by_count"": 67}, {""year"": 2025, ""works_count"": 2, ""oa_works_count"": 0, ""cited_by_count"": 2}]"
https://openalex.org/A5022905724,Mehrdad Sabetzadeh,2007,ICSE,3,2,SS→DOI→OA,163,3746,35,84,3.7777777777777777,2004,"[{""year"": 2004, ""works_count"": 1, ""oa_works_count"": 0, ""cited_by_count"": 45}, {""year"": 2005, ""works_count"": 4, ""oa_works_count"": 0, ""cited_by_count"": 111}, {""year"": 2006, ""works_count"": 4, ""oa_works_count"": 0, ""cited_by_count"": 235}, {""year"": 2007, ""works_count"": 4, ""oa_works_count"": 0, ""cited_by_count"": 394}, {""year"": 2008, ""works_count"": 3, ""oa_works_count"": 0, ""cited_by_count"": 53}, {""year"": 2009, ""works_count"": 1, ""oa_works_count"": 0, ""cited_by_count"": 22}, {""year"": 2010, ""works_count"": 3, ""oa_works_count"": 0, ""cited_by_count"": 69}, {""year"": 2011, ""works_count"": 12, ""oa_works_count"": 4, ""cited_by_count"": 268}, {""year"": 2012, ""works_count"": 7, ""oa_works_count"": 0, ""cited_by_count"": 201}, {""year"": 2013, ""works_count"": 5, ""oa_works_count"": 2, ""cited_by_count"": 87}, {""year"": 2014, ""works_count"": 7, ""oa_works_count"": 5, ""cited_by_count"": 345}, {""year"": 2015, ""works_count"": 7, ""oa_works_count"": 5, ""cited_by_count"": 286}, {""year"": 2016, ""works_count"": 9, ""oa_works_count"": 6, ""cited_by_count"": 346}, {""year"": 2017, ""works_count"": 4, ""oa_works_count"": 3, ""cited_by_count"": 181}, {""year"": 2018, ""works_count"": 5, ""oa_works_count"": 4, ""cited_by_count"": 162}, {""year"": 2019, ""works_count"": 11, ""oa_works_count"": 8, ""cited_by_count"": 228}, {""year"": 2020, ""works_count"": 10, ""oa_works_count"": 10, ""cited_by_count"": 167}, {""year"": 2021, ""works_count"": 10, ""oa_works_count"": 9, ""cited_by_count"": 220}, {""year"": 2022, ""works_count"": 14, ""oa_works_count"": 11, ""cited_by_count"": 82}, {""year"": 2023, ""works_count"": 15, ""oa_works_count"": 9, ""cited_by_count"": 142}, {""year"": 2024, ""works_count"": 13, ""oa_works_count"": 8, ""cited_by_count"": 92}, {""year"": 2025, ""works_count"": 10, ""oa_works_count"": 7, ""cited_by_count"": 10}, {""year"": 2026, ""works_count"": 4, ""oa_works_count"": 4, ""cited_by_count"": 0}]"
https://openalex.org/A5019170764,Adam Kieżun,2007,ICSE,4,1,SS→DOI→OA,88,25832,37,49,0.0,2003,"[{""year"": 2003, ""works_count"": 3, ""oa_works_count"": 0, ""cited_by_count"": 166}, {""year"": 2004, ""works_count"": 3, ""oa_works_count"": 0, ""cited_by_count"": 83}, {""year"": 2005, ""works_count"": 2, ""oa_works_count"": 0, ""cited_by_count"": 61}, {""year"": 2006, ""works_count"": 3, ""oa_works_count"": 2, ""cited_by_count"": 51}, {""year"": 2007, ""works_count"": 3, ""oa_works_count"": 0, ""cited_by_count"": 112}, {""year"": 2008, ""works_count"": 6, ""oa_works_count"": 2, ""cited_by_count"": 828}, {""year"": 2009, ""works_count"": 4, ""oa_works_count"": 1, ""cited_by_count"": 347}, {""year"": 2010, ""works_count"": 1, ""oa_works_count"": 1, ""cited_by_count"": 155}, {""year"": 2011, ""works_count"": 6, ""oa_works_count"": 5, ""cited_by_count"": 937}, {""year"": 2012, ""works_count"": 5, ""oa_works_count"": 3, ""cited_by_count"": 550}, {""year"": 2013, ""works_count"": 10, ""oa_works_count"": 6, ""cited_by_count"": 8472}, {""year"": 2014, ""works_count"": 10, ""oa_works_count"": 5, ""cited_by_count"": 2660}, {""year"": 2015, ""works_count"": 6, ""oa_works_count"": 5, ""cited_by_count"": 1109}, {""year"": 2016, ""works_count"": 1, ""oa_works_count"": 1, ""cited_by_count"": 10145}, {""year"": 2017, ""works_count"": 5, ""oa_works_count"": 4, ""cited_by_count"": 76}, {""year"": 2019, ""works_count"": 2, ""oa_works_count"": 1, ""cited_by_count"": 7}, {""year"": 2020, ""works_count"": 6, ""oa_works_count"": 5, ""cited_by_count"": 73}, {""year"": 2023, ""works_count"": 12, ""oa_works_count"": 12, ""cited_by_count"": 0}]"
https://openalex.org/A5102785744,Maleeha Qazi,2007,IJCAI,1,1,SS→title→OA,12,215,5,5,0.0,2006,"[{""year"": 2006, ""works_count"": 2, ""oa_works_count"": 0, ""cited_by_count"": 5}, {""year"": 2007, ""works_count"": 2, ""oa_works_count"": 1, ""cited_by_count"": 45}, {""year"": 2012, ""works_count"": 1, ""oa_works_count"": 1, ""cited_by_count"": 97}, {""year"": 2016, ""works_count"": 2, ""oa_works_count"": 0, ""cited_by_count"": 2}, {""year"": 2017, ""works_count"": 1, ""oa_works_count"": 0, ""cited_by_count"": 35}, {""year"": 2018, ""works_count"": 1, ""oa_works_count"": 0, ""cited_by_count"": 11}, {""year"": 2019, ""works_count"": 1, ""oa_works_count"": 1, ""cited_by_count"": 2}, {""year"": 2020, ""works_count"": 1, ""oa_works_count"": 0, ""cited_by_count"": 18}, {""year"": 2025, ""works_count"": 1, ""oa_works_count"": 0, ""cited_by_count"": 0}]"
https://openalex.org/A5025202709,Srujana Merugu,2007,KDD,5,2,SS→DOI→OA,47,3468,17,21,1.9,2004,"[{""year"": 2002, ""works_count"": 1, ""oa_works_count"": 0, ""cited_by_count"": 57}, {""year"": 2004, ""works_count"": 5, ""oa_works_count"": 0, ""cited_by_count"": 1929}, {""year"": 2005, ""works_count"": 3, ""oa_works_count"": 0, ""cited_by_count"": 39}, {""year"": 2006, ""works_count"": 3, ""oa_works_count"": 0, ""cited_by_count"": 425}, {""year"": 2007, ""works_count"": 2, ""oa_works_count"": 1, ""cited_by_count"": 190}, {""year"": 2008, ""works_count"": 1, ""oa_works_count"": 0, ""cited_by_count"": 0}, {""year"": 2009, ""works_count"": 2, ""oa_works_count"": 0, ""cited_by_count"": 116}, {""year"": 2010, ""works_count"": 1, ""oa_works_count"": 0, ""cited_by_count"": 7}, {""year"": 2011, ""works_count"": 3, ""oa_works_count"": 0, ""cited_by_count"": 126}, {""year"": 2013, ""works_count"": 1, ""oa_works_count"": 0, ""cited_by_count"": 1}, {""year"": 2017, ""works_count"": 1, ""oa_works_count"": 1, ""cited_by_count"": 41}, {""year"": 2020, ""works_count"": 4, ""oa_works_count"": 4, ""cited_by_count"": 12}, {""year"": 2021, ""works_count"": 4, ""oa_works_count"": 4, ""cited_by_count"": 79}, {""year"": 2022, ""works_count"": 2, ""oa_works_count"": 2, ""cited_by_count"": 414}, {""year"": 2023, ""works_count"": 4, ""oa_works_count"": 4, ""cited_by_count"": 13}, {""year"": 2024, ""works_count"": 5, ""oa_works_count"": 5, ""cited_by_count"": 15}, {""year"": 2025, ""works_count"": 5, ""oa_works_count"": 5, ""cited_by_count"": 4}]"
https://openalex.org/A5031711886,Frances Perry,2007,PLDI,1,1,SS→title→OA,11,1044,7,6,0.0,2006,"[{""year"": 2006, ""works_count"": 1, ""oa_works_count"": 0, ""cited_by_count"": 4}, {""year"": 2007, ""works_count"": 3, ""oa_works_count"": 0, ""cited_by_count"": 49}, {""year"": 2008, ""works_count"": 4, ""oa_works_count"": 0, ""cited_by_count"": 35}, {""year"": 2010, ""works_count"": 2, ""oa_works_count"": 0, ""cited_by_count"": 415}, {""year"": 2015, ""works_count"": 1, ""oa_works_count"": 0, ""cited_by_count"": 541}]"
https://openalex.org/A5018151279,Lester Mackey,2007,PLDI,1,2,SS→title→OA,413,3143,26,55,1.8235294117647058,2006,"[{""year"": 2006, ""works_count"": 3, ""oa_works_count"": 0, ""cited_by_count"": 142}, {""year"": 2007, ""works_count"": 2, ""oa_works_count"": 0, ""cited_by_count"": 46}, {""year"": 2008, ""works_count"": 1, ""oa_works_count"": 0, ""cited_by_count"": 171}, {""year"": 2009, ""works_count"": 2, ""oa_works_count"": 1, ""cited_by_count"": 177}, {""year"": 2010, ""works_count"": 1, ""oa_works_count"": 0, ""cited_by_count"": 91}, {""year"": 2011, ""works_count"": 6, ""oa_works_count"": 5, ""cited_by_count"": 116}, {""year"": 2012, ""works_count"": 3, ""oa_works_count"": 0, ""cited_by_count"": 36}, {""year"": 2013, ""works_count"": 5, ""oa_works_count"": 3, ""cited_by_count"": 45}, {""year"": 2014, ""works_count"": 8, ""oa_works_count"": 4, ""cited_by_count"": 522}, {""year"": 2015, ""works_count"": 6, ""oa_works_count"": 4, ""cited_by_count"": 136}, {""year"": 2016, ""works_count"": 8, ""oa_works_count"": 6, ""cited_by_count"": 134}, {""year"": 2017, ""works_count"": 9, ""oa_works_count"": 7, ""cited_by_count"": 184}, {""year"": 2018, ""works_count"": 66, ""oa_works_count"": 63, ""cited_by_count"": 264}, {""year"": 2019, ""works_count"": 213, ""oa_works_count"": 211, ""cited_by_count"": 266}, {""year"": 2020, ""works_count"": 17, ""oa_works_count"": 15, ""cited_by_count"": 483}, {""year"": 2021, ""works_count"": 20, ""oa_works_count"": 19, ""cited_by_count"": 128}, {""year"": 2022, ""works_count"": 12, ""oa_works_count"": 12, ""cited_by_count"": 67}, {""year"": 2023, ""works_count"": 13, ""oa_works_count"": 12, ""cited_by_count"": 104}, {""year"": 2024, ""works_count"": 6, ""oa_works_count"": 5, ""cited_by_count"": 0}, {""year"": 2025, ""works_count"": 11, ""oa_works_count"": 10, ""cited_by_count"": 31}]"
https://openalex.org/A5043706888,Mikhail Bilenko,2007,SIGIR,5,2,SS→DOI→OA,35,4904,21,27,0.0,2003,"[{""year"": 2002, ""works_count"": 1, ""oa_works_count"": 0, ""cited_by_count"": 63}, {""year"": 2003, ""works_count"": 5, ""oa_works_count"": 0, ""cited_by_count"": 1584}, {""year"": 2004, ""works_count"": 3, ""oa_works_count"": 0, ""cited_by_count"": 1668}, {""year"": 2006, ""works_count"": 4, ""oa_works_count"": 0, ""cited_by_count"": 424}, {""year"": 2007, ""works_count"": 2, ""oa_works_count"": 0, ""cited_by_count"": 201}, {""year"": 2008, ""works_count"": 4, ""oa_works_count"": 0, ""cited_by_count"": 207}, {""year"": 2009, ""works_count"": 2, ""oa_works_count"": 0, ""cited_by_count"": 17}, {""year"": 2010, ""works_count"": 1, ""oa_works_count"": 0, ""cited_by_count"": 0}, {""year"": 2011, ""works_count"": 7, ""oa_works_count"": 1, ""cited_by_count"": 569}, {""year"": 2012, ""works_count"": 2, ""oa_works_count"": 1, ""cited_by_count"": 12}, {""year"": 2013, ""works_count"": 1, ""oa_works_count"": 0, ""cited_by_count"": 12}, {""year"": 2015, ""works_count"": 1, ""oa_works_count"": 0, ""cited_by_count"": 32}, {""year"": 2016, ""works_count"": 1, ""oa_works_count"": 0, ""cited_by_count"": 52}, {""year"": 2017, ""works_count"": 1, ""oa_works_count"": 1, ""cited_by_count"": 63}]"
https://openalex.org/A5103467344,Subramanian Arumugam,2007,SIGMOD,5,2,SS→title→OA,32,543,10,12,0.0,2002,"[{""year"": 2002, ""works_count"": 1, ""oa_works_count"": 0, ""cited_by_count"": 8}, {""year"": 2004, ""works_count"": 1, ""oa_works_count"": 0, ""cited_by_count"": 47}, {""year"": 2005, ""works_count"": 1, ""oa_works_count"": 0, ""cited_by_count"": 33}, {""year"": 2006, ""works_count"": 1, ""oa_works_count"": 0, ""cited_by_count"": 30}, {""year"": 2007, ""works_count"": 2, ""oa_works_count"": 0, ""cited_by_count"": 95}, {""year"": 2008, ""works_count"": 1, ""oa_works_count"": 0, ""cited_by_count"": 81}, {""year"": 2010, ""works_count"": 1, ""oa_works_count"": 1, ""cited_by_count"": 10}, {""year"": 2012, ""works_count"": 1, ""oa_works_count"": 1, ""cited_by_count"": 3}, {""year"": 2013, ""works_count"": 4, ""oa_works_count"": 2, ""cited_by_count"": 103}, {""year"": 2014, ""works_count"": 2, ""oa_works_count"": 1, ""cited_by_count"": 19}, {""year"": 2015, ""works_count"": 2, ""oa_works_count"": 0, ""cited_by_count"": 1}, {""year"": 2016, ""works_count"": 5, ""oa_works_count"": 2, ""cited_by_count"": 86}, {""year"": 2017, ""works_count"": 4, ""oa_works_count"": 2, ""cited_by_count"": 21}, {""year"": 2020, ""works_count"": 1, ""oa_works_count"": 0, ""cited_by_count"": 0}, {""year"": 2021, ""works_count"": 2, ""oa_works_count"": 2, ""cited_by_count"": 6}, {""year"": 2023, ""works_count"": 1, ""oa_works_count"": 0, ""cited_by_count"": 0}, {""year"": 2024, ""works_count"": 1, ""oa_works_count"": 1, ""cited_by_count"": 0}, {""year"": 2025, ""works_count"": 1, ""oa_works_count"": 1, ""cited_by_count"": 0}]"
https://openalex.org/A5022320149,Abhijit Pol,2007,SIGMOD,3,3,SS→title→OA,10,362,9,9,0.0,2004,"[{""year"": 2004, ""works_count"": 1, ""oa_works_count"": 0, ""cited_by_count"": 47}, {""year"": 2005, ""works_count"": 3, ""oa_works_count"": 0, ""cited_by_count"": 85}, {""year"": 2006, ""works_count"": 1, ""oa_works_count"": 0, ""cited_by_count"": 30}, {""year"": 2007, ""works_count"": 4, ""oa_works_count"": 0, ""cited_by_count"": 119}, {""year"": 2008, ""works_count"": 1, ""oa_works_count"": 0, ""cited_by_count"": 81}]"
https://openalex.org/A5066623526,Ramakrishna Kotla,2007,SOSP,5,1,SS→DOI→OA,22,1841,13,16,0.0,2003,"[{""year"": 2002, ""works_count"": 1, ""oa_works_count"": 0, ""cited_by_count"": 0}, {""year"": 2003, ""works_count"": 1, ""oa_works_count"": 0, ""cited_by_count"": 11}, {""year"": 2004, ""works_count"": 1, ""oa_works_count"": 0, ""cited_by_count"": 166}, {""year"": 2005, ""works_count"": 2, ""oa_works_count"": 0, ""cited_by_count"": 83}, {""year"": 2007, ""works_count"": 3, ""oa_works_count"": 0, ""cited_by_count"": 894}, {""year"": 2008, ""works_count"": 2, ""oa_works_count"": 0, ""cited_by_count"": 52}, {""year"": 2009, ""works_count"": 3, ""oa_works_count"": 0, ""cited_by_count"": 318}, {""year"": 2010, ""works_count"": 2, ""oa_works_count"": 0, ""cited_by_count"": 0}, {""year"": 2012, ""works_count"": 2, ""oa_works_count"": 0, ""cited_by_count"": 20}, {""year"": 2013, ""works_count"": 2, ""oa_works_count"": 1, ""cited_by_count"": 233}, {""year"": 2014, ""works_count"": 1, ""oa_works_count"": 1, ""cited_by_count"": 5}, {""year"": 2015, ""works_count"": 1, ""oa_works_count"": 0, ""cited_by_count"": 13}, {""year"": 2017, ""works_count"": 1, ""oa_works_count"": 1, ""cited_by_count"": 46}]"
https://openalex.org/A5046383149,Stephen Chong,2007,SOSP,4,1,SS→title→OA,121,2898,26,53,1.0,2003,"[{""year"": 2003, ""works_count"": 3, ""oa_works_count"": 0, ""cited_by_count"": 44}, {""year"": 2004, ""works_count"": 7, ""oa_works_count"": 2, ""cited_by_count"": 436}, {""year"": 2005, ""works_count"": 1, ""oa_works_count"": 0, ""cited_by_count"": 65}, {""year"": 2006, ""works_count"": 2, ""oa_works_count"": 0, ""cited_by_count"": 143}, {""year"": 2007, ""works_count"": 4, ""oa_works_count"": 1, ""cited_by_count"": 449}, {""year"": 2008, ""works_count"": 4, ""oa_works_count"": 1, ""cited_by_count"": 461}, {""year"": 2009, ""works_count"": 6, ""oa_works_count"": 3, ""cited_by_count"": 168}, {""year"": 2010, ""works_count"": 4, ""oa_works_count"": 1, ""cited_by_count"": 30}, {""year"": 2011, ""works_count"": 4, ""oa_works_count"": 3, ""cited_by_count"": 72}, {""year"": 2012, ""works_count"": 6, ""oa_works_count"": 0, ""cited_by_count"": 111}, {""year"": 2013, ""works_count"": 9, ""oa_works_count"": 0, ""cited_by_count"": 408}, {""year"": 2014, ""works_count"": 6, ""oa_works_count"": 1, ""cited_by_count"": 43}, {""year"": 2015, ""works_count"": 10, ""oa_works_count"": 7, ""cited_by_count"": 149}, {""year"": 2016, ""works_count"": 10, ""oa_works_count"": 4, ""cited_by_count"": 121}, {""year"": 2017, ""works_count"": 4, ""oa_works_count"": 3, ""cited_by_count"": 29}, {""year"": 2018, ""works_count"": 2, ""oa_works_count"": 1, ""cited_by_count"": 1}, {""year"": 2019, ""works_count"": 12, ""oa_works_count"": 9, ""cited_by_count"": 63}, {""year"": 2020, ""works_count"": 3, ""oa_works_count"": 3, ""cited_by_count"": 26}, {""year"": 2021, ""works_count"": 9, ""oa_works_count"": 4, ""cited_by_count"": 42}, {""year"": 2022, ""works_count"": 4, ""oa_works_count"": 3, ""cited_by_count"": 20}, {""year"": 2023, ""works_count"": 4, ""oa_works_count"": 2, ""cited_by_count"": 10}, {""year"": 2024, ""works_count"": 5, ""oa_works_count"": 3, ""cited_by_count"": 6}, {""year"": 2025, ""works_count"": 2, ""oa_works_count"": 0, ""cited_by_count"": 1}]"
https://openalex.org/A5020572630,Jed Liu,2007,SOSP,5,2,SS→title→OA,26,859,13,13,0.0,2002,"[{""year"": 2002, ""works_count"": 2, ""oa_works_count"": 1, ""cited_by_count"": 60}, {""year"": 2006, ""works_count"": 2, ""oa_works_count"": 0, ""cited_by_count"": 24}, {""year"": 2007, ""works_count"": 2, ""oa_works_count"": 0, ""cited_by_count"": 282}, {""year"": 2009, ""works_count"": 2, ""oa_works_count"": 0, ""cited_by_count"": 166}, {""year"": 2012, ""works_count"": 1, ""oa_works_count"": 0, ""cited_by_count"": 58}, {""year"": 2014, ""works_count"": 3, ""oa_works_count"": 2, ""cited_by_count"": 29}, {""year"": 2015, ""works_count"": 1, ""oa_works_count"": 1, ""cited_by_count"": 33}, {""year"": 2016, ""works_count"": 4, ""oa_works_count"": 4, ""cited_by_count"": 9}, {""year"": 2017, ""works_count"": 2, ""oa_works_count"": 0, ""cited_by_count"": 37}, {""year"": 2018, ""works_count"": 2, ""oa_works_count"": 0, ""cited_by_count"": 136}, {""year"": 2019, ""works_count"": 1, ""oa_works_count"": 1, ""cited_by_count"": 5}, {""year"": 2021, ""works_count"": 1, ""oa_works_count"": 0, ""cited_by_count"": 6}, {""year"": 2022, ""works_count"": 1, ""oa_works_count"": 1, ""cited_by_count"": 0}, {""year"": 2023, ""works_count"": 2, ""oa_works_count"": 1, ""cited_by_count"": 14}]"
https://openalex.org/A5046685409,Sergey Yekhanin,2007,STOC,5,1,SS→DOI→OA,98,5786,32,53,8.625,2002,"[{""year"": 2002, ""works_count"": 1, ""oa_works_count"": 0, ""cited_by_count"": 17}, {""year"": 2003, ""works_count"": 2, ""oa_works_count"": 0, ""cited_by_count"": 37}, {""year"": 2004, ""works_count"": 5, ""oa_works_count"": 2, ""cited_by_count"": 55}, {""year"": 2005, ""works_count"": 3, ""oa_works_count"": 0, ""cited_by_count"": 125}, {""year"": 2006, ""works_count"": 7, ""oa_works_count"": 0, ""cited_by_count"": 142}, {""year"": 2007, ""works_count"": 4, ""oa_works_count"": 1, ""cited_by_count"": 265}, {""year"": 2008, ""works_count"": 4, ""oa_works_count"": 1, ""cited_by_count"": 567}, {""year"": 2009, ""works_count"": 1, ""oa_works_count"": 0, ""cited_by_count"": 31}, {""year"": 2010, ""works_count"": 12, ""oa_works_count"": 2, ""cited_by_count"": 435}, {""year"": 2011, ""works_count"": 8, ""oa_works_count"": 2, ""cited_by_count"": 244}, {""year"": 2012, ""works_count"": 4, ""oa_works_count"": 0, ""cited_by_count"": 1790}, {""year"": 2013, ""works_count"": 5, ""oa_works_count"": 2, ""cited_by_count"": 96}, {""year"": 2014, ""works_count"": 2, ""oa_works_count"": 0, ""cited_by_count"": 224}, {""year"": 2015, ""works_count"": 1, ""oa_works_count"": 1, ""cited_by_count"": 0}, {""year"": 2016, ""works_count"": 4, ""oa_works_count"": 2, ""cited_by_count"": 38}, {""year"": 2017, ""works_count"": 7, ""oa_works_count"": 4, ""cited_by_count"": 573}, {""year"": 2018, ""works_count"": 4, ""oa_works_count"": 2, ""cited_by_count"": 732}, {""year"": 2019, ""works_count"": 2, ""oa_works_count"": 2, ""cited_by_count"": 146}, {""year"": 2020, ""works_count"": 3, ""oa_works_count"": 1, ""cited_by_count"": 47}, {""year"": 2021, ""works_count"": 8, ""oa_works_count"": 7, ""cited_by_count"": 131}, {""year"": 2022, ""works_count"": 1, ""oa_works_count"": 0, ""cited_by_count"": 13}, {""year"": 2023, ""works_count"": 2, ""oa_works_count"": 2, ""cited_by_count"": 9}, {""year"": 2024, ""works_count"": 4, ""oa_works_count"": 4, ""cited_by_count"": 65}, {""year"": 2025, ""works_count"": 4, ""oa_works_count"": 4, ""cited_by_count"": 4}]"
https://openalex.org/A5076861145,Alex Butler,2007,UIST,1,3,SS→DOI→OA,17,1985,11,12,0.0,2006,"[{""year"": 2006, ""works_count"": 1, ""oa_works_count"": 0, ""cited_by_count"": 754}, {""year"": 2007, ""works_count"": 4, ""oa_works_count"": 0, ""cited_by_count"": 170}, {""year"": 2008, ""works_count"": 4, ""oa_works_count"": 0, ""cited_by_count"": 391}, {""year"": 2009, ""works_count"": 3, ""oa_works_count"": 0, ""cited_by_count"": 126}, {""year"": 2011, ""works_count"": 1, ""oa_works_count"": 0, ""cited_by_count"": 56}, {""year"": 2012, ""works_count"": 4, ""oa_works_count"": 0, ""cited_by_count"": 488}]"
https://openalex.org/A5049333271,Daniel J. Abadi,2007,VLDB,5,1,SS→title→OA,97,14908,47,64,0.2857142857142857,2002,"[{""year"": 2002, ""works_count"": 2, ""oa_works_count"": 0, ""cited_by_count"": 1}, {""year"": 2003, ""works_count"": 2, ""oa_works_count"": 0, ""cited_by_count"": 1690}, {""year"": 2004, ""works_count"": 1, ""oa_works_count"": 0, ""cited_by_count"": 66}, {""year"": 2005, ""works_count"": 4, ""oa_works_count"": 1, ""cited_by_count"": 2355}, {""year"": 2006, ""works_count"": 1, ""oa_works_count"": 0, ""cited_by_count"": 595}, {""year"": 2007, ""works_count"": 5, ""oa_works_count"": 1, ""cited_by_count"": 1548}, {""year"": 2008, ""works_count"": 4, ""oa_works_count"": 0, ""cited_by_count"": 1329}, {""year"": 2009, ""works_count"": 9, ""oa_works_count"": 1, ""cited_by_count"": 3397}, {""year"": 2010, ""works_count"": 6, ""oa_works_count"": 0, ""cited_by_count"": 372}, {""year"": 2011, ""works_count"": 2, ""oa_works_count"": 0, ""cited_by_count"": 526}, {""year"": 2012, ""works_count"": 4, ""oa_works_count"": 0, ""cited_by_count"": 1046}, {""year"": 2013, ""works_count"": 5, ""oa_works_count"": 1, ""cited_by_count"": 284}, {""year"": 2014, ""works_count"": 8, ""oa_works_count"": 1, ""cited_by_count"": 324}, {""year"": 2015, ""works_count"": 6, ""oa_works_count"": 1, ""cited_by_count"": 308}, {""year"": 2016, ""works_count"": 9, ""oa_works_count"": 1, ""cited_by_count"": 454}, {""year"": 2017, ""works_count"": 5, ""oa_works_count"": 0, ""cited_by_count"": 136}, {""year"": 2018, ""works_count"": 7, ""oa_works_count"": 1, ""cited_by_count"": 270}, {""year"": 2019, ""works_count"": 2, ""oa_works_count"": 0, ""cited_by_count"": 61}, {""year"": 2020, ""works_count"": 2, ""oa_works_count"": 0, ""cited_by_count"": 78}, {""year"": 2021, ""works_count"": 1, ""oa_works_count"": 1, ""cited_by_count"": 5}, {""year"": 2022, ""works_count"": 3, ""oa_works_count"": 2, ""cited_by_count"": 48}, {""year"": 2023, ""works_count"": 2, ""oa_works_count"": 2, ""cited_by_count"": 13}, {""year"": 2024, ""works_count"": 1, ""oa_works_count"": 1, ""cited_by_count"": 0}, {""year"": 2025, ""works_count"": 6, ""oa_works_count"": 4, ""cited_by_count"": 2}]"
https://openalex.org/A5027983493,Rion Snow,2006,ACL,2,1,SS→DOI→OA,11,6247,10,10,0.0,2004,"[{""year"": 2004, ""works_count"": 1, ""oa_works_count"": 0, ""cited_by_count"": 675}, {""year"": 2005, ""works_count"": 2, ""oa_works_count"": 0, ""cited_by_count"": 48}, {""year"": 2006, ""works_count"": 2, ""oa_works_count"": 2, ""cited_by_count"": 508}, {""year"": 2007, ""works_count"": 1, ""oa_works_count"": 0, ""cited_by_count"": 83}, {""year"": 2008, ""works_count"": 2, ""oa_works_count"": 1, ""cited_by_count"": 1937}, {""year"": 2009, ""works_count"": 2, ""oa_works_count"": 1, ""cited_by_count"": 2885}, {""year"": 2011, ""works_count"": 1, ""oa_works_count"": 0, ""cited_by_count"": 111}]"
https://openalex.org/A5058733178,J. Luk,2006,CHI,0,1,SS→DOI→OA,5,314,4,4,0.0,2006,"[{""year"": 2006, ""works_count"": 3, ""oa_works_count"": 0, ""cited_by_count"": 281}, {""year"": 2007, ""works_count"": 1, ""oa_works_count"": 0, ""cited_by_count"": 33}, {""year"": 2010, ""works_count"": 1, ""oa_works_count"": 1, ""cited_by_count"": 0}]"
https://openalex.org/A5067442653,Jérôme Pasquero,2006,CHI,3,2,SS→DOI→OA,13,835,12,12,0.0,2003,"[{""year"": 2003, ""works_count"": 1, ""oa_works_count"": 0, ""cited_by_count"": 128}, {""year"": 2005, ""works_count"": 1, ""oa_works_count"": 0, ""cited_by_count"": 106}, {""year"": 2006, ""works_count"": 5, ""oa_works_count"": 0, ""cited_by_count"": 361}, {""year"": 2007, ""works_count"": 2, ""oa_works_count"": 0, ""cited_by_count"": 82}, {""year"": 2011, ""works_count"": 2, ""oa_works_count"": 0, ""cited_by_count"": 116}, {""year"": 2015, ""works_count"": 1, ""oa_works_count"": 0, ""cited_by_count"": 41}, {""year"": 2023, ""works_count"": 1, ""oa_works_count"": 1, ""cited_by_count"": 1}]"
https://openalex.org/A5080542443,S. Little,2006,CHI,0,3,SS→DOI→OA,3,281,3,3,0.0,2006,"[{""year"": 2006, ""works_count"": 3, ""oa_works_count"": 0, ""cited_by_count"": 281}]"
https://openalex.org/A5021697915,Nikos Ntarmos,2006,CIKM,3,3,SS→DOI→OA,58,749,17,22,0.5,2003,"[{""year"": 2003, ""works_count"": 1, ""oa_works_count"": 0, ""cited_by_count"": 96}, {""year"": 2004, ""works_count"": 9, ""oa_works_count"": 0, ""cited_by_count"": 51}, {""year"": 2005, ""works_count"": 2, ""oa_works_count"": 0, ""cited_by_count"": 27}, {""year"": 2006, ""works_count"": 6, ""oa_works_count"": 0, ""cited_by_count"": 163}, {""year"": 2007, ""works_count"": 1, ""oa_works_count"": 0, ""cited_by_count"": 11}, {""year"": 2009, ""works_count"": 2, ""oa_works_count"": 1, ""cited_by_count"": 31}, {""year"": 2011, ""works_count"": 9, ""oa_works_count"": 1, ""cited_by_count"": 98}, {""year"": 2012, ""works_count"": 2, ""oa_works_count"": 0, ""cited_by_count"": 5}, {""year"": 2013, ""works_count"": 2, ""oa_works_count"": 0, ""cited_by_count"": 72}, {""year"": 2014, ""works_count"": 1, ""oa_works_count"": 0, ""cited_by_count"": 24}, {""year"": 2015, ""works_count"": 2, ""oa_works_count"": 0, ""cited_by_count"": 48}, {""year"": 2016, ""works_count"": 1, ""oa_works_count"": 1, ""cited_by_count"": 24}, {""year"": 2017, ""works_count"": 8, ""oa_works_count"": 5, ""cited_by_count"": 66}, {""year"": 2018, ""works_count"": 2, ""oa_works_count"": 2, ""cited_by_count"": 8}, {""year"": 2020, ""works_count"": 2, ""oa_works_count"": 2, ""cited_by_count"": 10}, {""year"": 2021, ""works_count"": 1, ""oa_works_count"": 1, ""cited_by_count"": 1}, {""year"": 2022, ""works_count"": 1, ""oa_works_count"": 1, ""cited_by_count"": 4}, {""year"": 2023, ""works_count"": 2, ""oa_works_count"": 2, ""cited_by_count"": 8}, {""year"": 2024, ""works_count"": 2, ""oa_works_count"": 1, ""cited_by_count"": 2}, {""year"": 2025, ""works_count"": 2, ""oa_works_count"": 0, ""cited_by_count"": 0}]"
https://openalex.org/A5009682734,Derek Hoiem,2006,CVPR,2,1,SS→DOI→OA,173,23295,48,87,3.0952380952380953,2004,"[{""year"": 2004, ""works_count"": 1, ""oa_works_count"": 0, ""cited_by_count"": 78}, {""year"": 2005, ""works_count"": 6, ""oa_works_count"": 1, ""cited_by_count"": 1639}, {""year"": 2006, ""works_count"": 4, ""oa_works_count"": 1, ""cited_by_count"": 324}, {""year"": 2007, ""works_count"": 9, ""oa_works_count"": 2, ""cited_by_count"": 1506}, {""year"": 2008, ""works_count"": 3, ""oa_works_count"": 2, ""cited_by_count"": 1202}, {""year"": 2009, ""works_count"": 6, ""oa_works_count"": 1, ""cited_by_count"": 3148}, {""year"": 2010, ""works_count"": 7, ""oa_works_count"": 0, ""cited_by_count"": 1182}, {""year"": 2011, ""works_count"": 20, ""oa_works_count"": 1, ""cited_by_count"": 575}, {""year"": 2012, ""works_count"": 9, ""oa_works_count"": 0, ""cited_by_count"": 6633}, {""year"": 2013, ""works_count"": 4, ""oa_works_count"": 0, ""cited_by_count"": 202}, {""year"": 2014, ""works_count"": 4, ""oa_works_count"": 0, ""cited_by_count"": 247}, {""year"": 2015, ""works_count"": 8, ""oa_works_count"": 5, ""cited_by_count"": 273}, {""year"": 2016, ""works_count"": 8, ""oa_works_count"": 6, ""cited_by_count"": 960}, {""year"": 2017, ""works_count"": 9, ""oa_works_count"": 6, ""cited_by_count"": 3862}, {""year"": 2018, ""works_count"": 14, ""oa_works_count"": 6, ""cited_by_count"": 511}, {""year"": 2019, ""works_count"": 11, ""oa_works_count"": 9, ""cited_by_count"": 90}, {""year"": 2020, ""works_count"": 6, ""oa_works_count"": 2, ""cited_by_count"": 583}, {""year"": 2021, ""works_count"": 7, ""oa_works_count"": 3, ""cited_by_count"": 96}, {""year"": 2022, ""works_count"": 7, ""oa_works_count"": 6, ""cited_by_count"": 100}, {""year"": 2023, ""works_count"": 9, ""oa_works_count"": 9, ""cited_by_count"": 19}, {""year"": 2024, ""works_count"": 13, ""oa_works_count"": 7, ""cited_by_count"": 62}, {""year"": 2025, ""works_count"": 6, ""oa_works_count"": 3, ""cited_by_count"": 3}, {""year"": 2026, ""works_count"": 2, ""oa_works_count"": 2, ""cited_by_count"": 0}]"
https://openalex.org/A5028750260,Bhargav S. Gulavani,2006,FSE,0,1,SS→DOI→OA,13,579,8,8,7.5,2006,"[{""year"": 2006, ""works_count"": 3, ""oa_works_count"": 1, ""cited_by_count"": 321}, {""year"": 2008, ""works_count"": 2, ""oa_works_count"": 2, ""cited_by_count"": 169}, {""year"": 2009, ""works_count"": 1, ""oa_works_count"": 0, ""cited_by_count"": 31}, {""year"": 2010, ""works_count"": 1, ""oa_works_count"": 0, ""cited_by_count"": 5}, {""year"": 2011, ""works_count"": 1, ""oa_works_count"": 1, ""cited_by_count"": 13}, {""year"": 2019, ""works_count"": 2, ""oa_works_count"": 0, ""cited_by_count"": 10}, {""year"": 2023, ""works_count"": 1, ""oa_works_count"": 1, ""cited_by_count"": 15}, {""year"": 2024, ""works_count"": 1, ""oa_works_count"": 1, ""cited_by_count"": 14}, {""year"": 2025, ""works_count"": 1, ""oa_works_count"": 0, ""cited_by_count"": 1}]"
https://openalex.org/A5008657833,Yamini Kannan,2006,FSE,0,3,SS→DOI→OA,2,267,2,2,0.0,2006,"[{""year"": 2006, ""works_count"": 1, ""oa_works_count"": 0, ""cited_by_count"": 251}, {""year"": 2008, ""works_count"": 1, ""oa_works_count"": 0, ""cited_by_count"": 16}]"
https://openalex.org/A5036361185,Fabian H. Sinz,2006,ICML,2,2,SS→title→OA,108,4447,29,57,9.166666666666666,2004,"[{""year"": 2004, ""works_count"": 4, ""oa_works_count"": 0, ""cited_by_count"": 58}, {""year"": 2006, ""works_count"": 4, ""oa_works_count"": 3, ""cited_by_count"": 1147}, {""year"": 2007, ""works_count"": 2, ""oa_works_count"": 0, ""cited_by_count"": 107}, {""year"": 2008, ""works_count"": 3, ""oa_works_count"": 2, ""cited_by_count"": 37}, {""year"": 2009, ""works_count"": 2, ""oa_works_count"": 1, ""cited_by_count"": 89}, {""year"": 2010, ""works_count"": 4, ""oa_works_count"": 3, ""cited_by_count"": 69}, {""year"": 2011, ""works_count"": 1, ""oa_works_count"": 1, ""cited_by_count"": 0}, {""year"": 2013, ""works_count"": 3, ""oa_works_count"": 3, ""cited_by_count"": 34}, {""year"": 2014, ""works_count"": 4, ""oa_works_count"": 2, ""cited_by_count"": 261}, {""year"": 2015, ""works_count"": 3, ""oa_works_count"": 3, ""cited_by_count"": 1079}, {""year"": 2016, ""works_count"": 4, ""oa_works_count"": 4, ""cited_by_count"": 207}, {""year"": 2017, ""works_count"": 1, ""oa_works_count"": 1, ""cited_by_count"": 4}, {""year"": 2018, ""works_count"": 5, ""oa_works_count"": 4, ""cited_by_count"": 89}, {""year"": 2019, ""works_count"": 7, ""oa_works_count"": 7, ""cited_by_count"": 480}, {""year"": 2020, ""works_count"": 10, ""oa_works_count"": 9, ""cited_by_count"": 152}, {""year"": 2021, ""works_count"": 4, ""oa_works_count"": 4, ""cited_by_count"": 75}, {""year"": 2022, ""works_count"": 11, ""oa_works_count"": 11, ""cited_by_count"": 160}, {""year"": 2023, ""works_count"": 12, ""oa_works_count"": 12, ""cited_by_count"": 179}, {""year"": 2024, ""works_count"": 12, ""oa_works_count"": 11, ""cited_by_count"": 19}, {""year"": 2025, ""works_count"": 10, ""oa_works_count"": 9, ""cited_by_count"": 201}, {""year"": 2026, ""works_count"": 2, ""oa_works_count"": 2, ""cited_by_count"": 0}]"
https://openalex.org/A5101744869,Zhang Ji,2006,ICSE,4,1,SS→title→OA,44,648,9,9,6.0,2002,"[{""year"": 2002, ""works_count"": 3, ""oa_works_count"": 0, ""cited_by_count"": 0}, {""year"": 2003, ""works_count"": 1, ""oa_works_count"": 0, ""cited_by_count"": 0}, {""year"": 2004, ""works_count"": 2, ""oa_works_count"": 0, ""cited_by_count"": 23}, {""year"": 2005, ""works_count"": 1, ""oa_works_count"": 0, ""cited_by_count"": 0}, {""year"": 2006, ""works_count"": 1, ""oa_works_count"": 0, ""cited_by_count"": 399}, {""year"": 2007, ""works_count"": 4, ""oa_works_count"": 0, ""cited_by_count"": 13}, {""year"": 2008, ""works_count"": 4, ""oa_works_count"": 0, ""cited_by_count"": 59}, {""year"": 2010, ""works_count"": 4, ""oa_works_count"": 0, ""cited_by_count"": 2}, {""year"": 2011, ""works_count"": 1, ""oa_works_count"": 0, ""cited_by_count"": 0}, {""year"": 2012, ""works_count"": 2, ""oa_works_count"": 0, ""cited_by_count"": 3}, {""year"": 2013, ""works_count"": 1, ""oa_works_count"": 0, ""cited_by_count"": 0}, {""year"": 2014, ""works_count"": 6, ""oa_works_count"": 1, ""cited_by_count"": 0}, {""year"": 2015, ""works_count"": 3, ""oa_works_count"": 0, ""cited_by_count"": 0}, {""year"": 2016, ""works_count"": 2, ""oa_works_count"": 0, ""cited_by_count"": 13}, {""year"": 2018, ""works_count"": 2, ""oa_works_count"": 2, ""cited_by_count"": 20}, {""year"": 2019, ""works_count"": 1, ""oa_works_count"": 1, ""cited_by_count"": 28}, {""year"": 2020, ""works_count"": 2, ""oa_works_count"": 1, ""cited_by_count"": 34}, {""year"": 2021, ""works_count"": 2, ""oa_works_count"": 0, ""cited_by_count"": 42}, {""year"": 2024, ""works_count"": 1, ""oa_works_count"": 1, ""cited_by_count"": 12}, {""year"": 2025, ""works_count"": 1, ""oa_works_count"": 1, ""cited_by_count"": 0}]"
https://openalex.org/A5038565477,John Anvik,2006,ICSE,5,1,SS→DOI→OA,48,3396,19,25,0.375,2001,"[{""year"": 2001, ""works_count"": 2, ""oa_works_count"": 0, ""cited_by_count"": 9}, {""year"": 2002, ""works_count"": 3, ""oa_works_count"": 0, ""cited_by_count"": 173}, {""year"": 2003, ""works_count"": 7, ""oa_works_count"": 3, ""cited_by_count"": 96}, {""year"": 2004, ""works_count"": 2, ""oa_works_count"": 2, ""cited_by_count"": 434}, {""year"": 2005, ""works_count"": 2, ""oa_works_count"": 0, ""cited_by_count"": 255}, {""year"": 2006, ""works_count"": 3, ""oa_works_count"": 0, ""cited_by_count"": 1117}, {""year"": 2007, ""works_count"": 1, ""oa_works_count"": 0, ""cited_by_count"": 109}, {""year"": 2008, ""works_count"": 3, ""oa_works_count"": 1, ""cited_by_count"": 578}, {""year"": 2011, ""works_count"": 1, ""oa_works_count"": 0, ""cited_by_count"": 276}, {""year"": 2012, ""works_count"": 1, ""oa_works_count"": 0, ""cited_by_count"": 36}, {""year"": 2013, ""works_count"": 1, ""oa_works_count"": 0, ""cited_by_count"": 138}, {""year"": 2014, ""works_count"": 3, ""oa_works_count"": 1, ""cited_by_count"": 48}, {""year"": 2015, ""works_count"": 2, ""oa_works_count"": 1, ""cited_by_count"": 74}, {""year"": 2016, ""works_count"": 2, ""oa_works_count"": 0, ""cited_by_count"": 10}, {""year"": 2017, ""works_count"": 2, ""oa_works_count"": 0, ""cited_by_count"": 25}, {""year"": 2019, ""works_count"": 2, ""oa_works_count"": 1, ""cited_by_count"": 14}, {""year"": 2020, ""works_count"": 1, ""oa_works_count"": 0, ""cited_by_count"": 1}, {""year"": 2021, ""works_count"": 1, ""oa_works_count"": 0, ""cited_by_count"": 0}, {""year"": 2022, ""works_count"": 1, ""oa_works_count"": 1, ""cited_by_count"": 0}, {""year"": 2024, ""works_count"": 6, ""oa_works_count"": 4, ""cited_by_count"": 3}, {""year"": 2025, ""works_count"": 2, ""oa_works_count"": 0, ""cited_by_count"": 0}]"
https://openalex.org/A5033307955,Lyndon Hiew,2006,ICSE,1,2,SS→DOI→OA,3,1252,3,3,0.0,2005,"[{""year"": 2005, ""works_count"": 1, ""oa_works_count"": 0, ""cited_by_count"": 248}, {""year"": 2006, ""works_count"": 1, ""oa_works_count"": 0, ""cited_by_count"": 906}, {""year"": 2010, ""works_count"": 1, ""oa_works_count"": 1, ""cited_by_count"": 98}]"
https://openalex.org/A5031385754,Edmund B. Nightingale,2006,OSDI,3,1,SS→DOI→OA,33,3358,21,25,0.0,2003,"[{""year"": 2003, ""works_count"": 2, ""oa_works_count"": 0, ""cited_by_count"": 258}, {""year"": 2004, ""works_count"": 3, ""oa_works_count"": 0, ""cited_by_count"": 166}, {""year"": 2005, ""works_count"": 3, ""oa_works_count"": 1, ""cited_by_count"": 195}, {""year"": 2006, ""works_count"": 5, ""oa_works_count"": 0, ""cited_by_count"": 655}, {""year"": 2007, ""works_count"": 1, ""oa_works_count"": 0, ""cited_by_count"": 4}, {""year"": 2008, ""works_count"": 6, ""oa_works_count"": 0, ""cited_by_count"": 218}, {""year"": 2009, ""works_count"": 3, ""oa_works_count"": 0, ""cited_by_count"": 1077}, {""year"": 2010, ""works_count"": 5, ""oa_works_count"": 0, ""cited_by_count"": 337}, {""year"": 2011, ""works_count"": 1, ""oa_works_count"": 0, ""cited_by_count"": 132}, {""year"": 2013, ""works_count"": 1, ""oa_works_count"": 0, ""cited_by_count"": 0}, {""year"": 2015, ""works_count"": 2, ""oa_works_count"": 0, ""cited_by_count"": 316}, {""year"": 2016, ""works_count"": 1, ""oa_works_count"": 0, ""cited_by_count"": 0}]"
https://openalex.org/A5020883423,Kaushik Veeraraghavan,2006,OSDI,0,2,SS→DOI→OA,32,1780,19,22,0.0,2006,"[{""year"": 2006, ""works_count"": 3, ""oa_works_count"": 0, ""cited_by_count"": 131}, {""year"": 2007, ""works_count"": 1, ""oa_works_count"": 0, ""cited_by_count"": 3}, {""year"": 2008, ""works_count"": 3, ""oa_works_count"": 0, ""cited_by_count"": 246}, {""year"": 2009, ""works_count"": 1, ""oa_works_count"": 0, ""cited_by_count"": 11}, {""year"": 2010, ""works_count"": 6, ""oa_works_count"": 0, ""cited_by_count"": 318}, {""year"": 2011, ""works_count"": 4, ""oa_works_count"": 0, ""cited_by_count"": 278}, {""year"": 2012, ""works_count"": 2, ""oa_works_count"": 0, ""cited_by_count"": 44}, {""year"": 2015, ""works_count"": 4, ""oa_works_count"": 1, ""cited_by_count"": 414}, {""year"": 2016, ""works_count"": 2, ""oa_works_count"": 0, ""cited_by_count"": 38}, {""year"": 2017, ""works_count"": 1, ""oa_works_count"": 1, ""cited_by_count"": 134}, {""year"": 2018, ""works_count"": 1, ""oa_works_count"": 1, ""cited_by_count"": 70}, {""year"": 2019, ""works_count"": 1, ""oa_works_count"": 1, ""cited_by_count"": 27}, {""year"": 2020, ""works_count"": 1, ""oa_works_count"": 0, ""cited_by_count"": 30}, {""year"": 2021, ""works_count"": 2, ""oa_works_count"": 1, ""cited_by_count"": 36}]"
https://openalex.org/A5053342250,Gil Zussman,2006,SIGMETRICS,4,3,SS→DOI→OA,297,6718,44,141,2.0256410256410255,2002,"[{""year"": 2002, ""works_count"": 3, ""oa_works_count"": 0, ""cited_by_count"": 43}, {""year"": 2003, ""works_count"": 4, ""oa_works_count"": 1, ""cited_by_count"": 137}, {""year"": 2004, ""works_count"": 3, ""oa_works_count"": 0, ""cited_by_count"": 203}, {""year"": 2005, ""works_count"": 3, ""oa_works_count"": 0, ""cited_by_count"": 25}, {""year"": 2006, ""works_count"": 6, ""oa_works_count"": 0, ""cited_by_count"": 664}, {""year"": 2007, ""works_count"": 2, ""oa_works_count"": 0, ""cited_by_count"": 6}, {""year"": 2008, ""works_count"": 5, ""oa_works_count"": 1, ""cited_by_count"": 205}, {""year"": 2009, ""works_count"": 4, ""oa_works_count"": 1, ""cited_by_count"": 319}, {""year"": 2010, ""works_count"": 8, ""oa_works_count"": 1, ""cited_by_count"": 262}, {""year"": 2011, ""works_count"": 14, ""oa_works_count"": 1, ""cited_by_count"": 617}, {""year"": 2012, ""works_count"": 7, ""oa_works_count"": 3, ""cited_by_count"": 394}, {""year"": 2013, ""works_count"": 15, ""oa_works_count"": 3, ""cited_by_count"": 327}, {""year"": 2014, ""works_count"": 19, ""oa_works_count"": 5, ""cited_by_count"": 531}, {""year"": 2015, ""works_count"": 13, ""oa_works_count"": 6, ""cited_by_count"": 435}, {""year"": 2016, ""works_count"": 28, ""oa_works_count"": 12, ""cited_by_count"": 357}, {""year"": 2017, ""works_count"": 19, ""oa_works_count"": 7, ""cited_by_count"": 389}, {""year"": 2018, ""works_count"": 19, ""oa_works_count"": 4, ""cited_by_count"": 505}, {""year"": 2019, ""works_count"": 16, ""oa_works_count"": 4, ""cited_by_count"": 318}, {""year"": 2020, ""works_count"": 23, ""oa_works_count"": 7, ""cited_by_count"": 477}, {""year"": 2021, ""works_count"": 16, ""oa_works_count"": 3, ""cited_by_count"": 238}, {""year"": 2022, ""works_count"": 12, ""oa_works_count"": 6, ""cited_by_count"": 95}, {""year"": 2023, ""works_count"": 19, ""oa_works_count"": 4, ""cited_by_count"": 92}, {""year"": 2024, ""works_count"": 20, ""oa_works_count"": 7, ""cited_by_count"": 70}, {""year"": 2025, ""works_count"": 19, ""oa_works_count"": 3, ""cited_by_count"": 9}]"
https://openalex.org/A5012667159,Timothy David Brody,2006,SIGMOD,0,1,SS→title→OA,1,24,1,1,0.0,2006,"[{""year"": 2006, ""works_count"": 1, ""oa_works_count"": 1, ""cited_by_count"": 24}]"
https://openalex.org/A5110176750,Soumyadeb Mitra,2006,VLDB,1,1,SS→title→OA,17,159,7,6,0.0,2005,"[{""year"": 2005, ""works_count"": 2, ""oa_works_count"": 0, ""cited_by_count"": 3}, {""year"": 2006, ""works_count"": 2, ""oa_works_count"": 0, ""cited_by_count"": 47}, {""year"": 2007, ""works_count"": 5, ""oa_works_count"": 0, ""cited_by_count"": 12}, {""year"": 2008, ""works_count"": 7, ""oa_works_count"": 1, ""cited_by_count"": 83}, {""year"": 2009, ""works_count"": 1, ""oa_works_count"": 0, ""cited_by_count"": 14}]"
https://openalex.org/A5037160778,Amy J. Ko,2005,CHI,4,2,SS→DOI→OA,192,8556,50,115,1.6956521739130435,2001,"[{""year"": 2001, ""works_count"": 1, ""oa_works_count"": 0, ""cited_by_count"": 10}, {""year"": 2003, ""works_count"": 3, ""oa_works_count"": 1, ""cited_by_count"": 130}, {""year"": 2004, ""works_count"": 5, ""oa_works_count"": 1, ""cited_by_count"": 1320}, {""year"": 2005, ""works_count"": 5, ""oa_works_count"": 1, ""cited_by_count"": 263}, {""year"": 2006, ""works_count"": 6, ""oa_works_count"": 0, ""cited_by_count"": 546}, {""year"": 2007, ""works_count"": 3, ""oa_works_count"": 0, ""cited_by_count"": 737}, {""year"": 2008, ""works_count"": 4, ""oa_works_count"": 0, ""cited_by_count"": 155}, {""year"": 2009, ""works_count"": 8, ""oa_works_count"": 1, ""cited_by_count"": 261}, {""year"": 2010, ""works_count"": 7, ""oa_works_count"": 0, ""cited_by_count"": 326}, {""year"": 2011, ""works_count"": 9, ""oa_works_count"": 1, ""cited_by_count"": 1038}, {""year"": 2012, ""works_count"": 6, ""oa_works_count"": 0, ""cited_by_count"": 257}, {""year"": 2013, ""works_count"": 3, ""oa_works_count"": 0, ""cited_by_count"": 246}, {""year"": 2014, ""works_count"": 3, ""oa_works_count"": 0, ""cited_by_count"": 197}, {""year"": 2015, ""works_count"": 5, ""oa_works_count"": 2, ""cited_by_count"": 326}, {""year"": 2016, ""works_count"": 7, ""oa_works_count"": 4, ""cited_by_count"": 523}, {""year"": 2017, ""works_count"": 9, ""oa_works_count"": 3, ""cited_by_count"": 402}, {""year"": 2018, ""works_count"": 11, ""oa_works_count"": 4, ""cited_by_count"": 404}, {""year"": 2019, ""works_count"": 16, ""oa_works_count"": 8, ""cited_by_count"": 451}, {""year"": 2020, ""works_count"": 16, ""oa_works_count"": 6, ""cited_by_count"": 293}, {""year"": 2021, ""works_count"": 12, ""oa_works_count"": 2, ""cited_by_count"": 215}, {""year"": 2022, ""works_count"": 16, ""oa_works_count"": 11, ""cited_by_count"": 300}, {""year"": 2023, ""works_count"": 14, ""oa_works_count"": 8, ""cited_by_count"": 117}, {""year"": 2024, ""works_count"": 12, ""oa_works_count"": 6, ""cited_by_count"": 33}, {""year"": 2025, ""works_count"": 11, ""oa_works_count"": 5, ""cited_by_count"": 6}]"
https://openalex.org/A5103008611,Htet Htet Aung,2005,CHI,2,3,SS→DOI→OA,38,2803,18,23,0.0,2003,"[{""year"": 2003, ""works_count"": 2, ""oa_works_count"": 0, ""cited_by_count"": 83}, {""year"": 2004, ""works_count"": 3, ""oa_works_count"": 2, ""cited_by_count"": 600}, {""year"": 2005, ""works_count"": 6, ""oa_works_count"": 0, ""cited_by_count"": 875}, {""year"": 2006, ""works_count"": 1, ""oa_works_count"": 0, ""cited_by_count"": 666}, {""year"": 2008, ""works_count"": 1, ""oa_works_count"": 0, ""cited_by_count"": 151}, {""year"": 2012, ""works_count"": 1, ""oa_works_count"": 0, ""cited_by_count"": 2}, {""year"": 2014, ""works_count"": 3, ""oa_works_count"": 0, ""cited_by_count"": 148}, {""year"": 2015, ""works_count"": 3, ""oa_works_count"": 1, ""cited_by_count"": 68}, {""year"": 2016, ""works_count"": 4, ""oa_works_count"": 3, ""cited_by_count"": 18}, {""year"": 2017, ""works_count"": 2, ""oa_works_count"": 1, ""cited_by_count"": 37}, {""year"": 2018, ""works_count"": 4, ""oa_works_count"": 1, ""cited_by_count"": 60}, {""year"": 2019, ""works_count"": 2, ""oa_works_count"": 0, ""cited_by_count"": 71}, {""year"": 2022, ""works_count"": 2, ""oa_works_count"": 2, ""cited_by_count"": 22}, {""year"": 2023, ""works_count"": 2, ""oa_works_count"": 1, ""cited_by_count"": 2}, {""year"": 2025, ""works_count"": 2, ""oa_works_count"": 0, ""cited_by_count"": 0}]"
https://openalex.org/A5002696075,Bhuvan Bamba,2005,CIKM,1,3,SS→DOI→OA,32,919,12,13,0.0,2004,"[{""year"": 2004, ""works_count"": 2, ""oa_works_count"": 0, ""cited_by_count"": 59}, {""year"": 2005, ""works_count"": 4, ""oa_works_count"": 0, ""cited_by_count"": 159}, {""year"": 2007, ""works_count"": 3, ""oa_works_count"": 0, ""cited_by_count"": 57}, {""year"": 2008, ""works_count"": 6, ""oa_works_count"": 0, ""cited_by_count"": 453}, {""year"": 2009, ""works_count"": 5, ""oa_works_count"": 0, ""cited_by_count"": 143}, {""year"": 2010, ""works_count"": 4, ""oa_works_count"": 0, ""cited_by_count"": 17}, {""year"": 2011, ""works_count"": 1, ""oa_works_count"": 0, ""cited_by_count"": 0}, {""year"": 2012, ""works_count"": 1, ""oa_works_count"": 0, ""cited_by_count"": 19}, {""year"": 2013, ""works_count"": 3, ""oa_works_count"": 0, ""cited_by_count"": 5}, {""year"": 2014, ""works_count"": 1, ""oa_works_count"": 0, ""cited_by_count"": 1}, {""year"": 2015, ""works_count"": 1, ""oa_works_count"": 0, ""cited_by_count"": 1}, {""year"": 2018, ""works_count"": 1, ""oa_works_count"": 0, ""cited_by_count"": 5}]"
https://openalex.org/A5006066917,Farzad Parvaresh,2005,FOCS,2,1,SS→DOI→OA,80,1320,14,18,1.9166666666666667,2003,"[{""year"": 2003, ""works_count"": 1, ""oa_works_count"": 0, ""cited_by_count"": 29}, {""year"": 2004, ""works_count"": 1, ""oa_works_count"": 0, ""cited_by_count"": 5}, {""year"": 2005, ""works_count"": 1, ""oa_works_count"": 0, ""cited_by_count"": 188}, {""year"": 2006, ""works_count"": 2, ""oa_works_count"": 0, ""cited_by_count"": 11}, {""year"": 2007, ""works_count"": 3, ""oa_works_count"": 1, ""cited_by_count"": 27}, {""year"": 2008, ""works_count"": 3, ""oa_works_count"": 0, ""cited_by_count"": 260}, {""year"": 2009, ""works_count"": 1, ""oa_works_count"": 0, ""cited_by_count"": 439}, {""year"": 2010, ""works_count"": 1, ""oa_works_count"": 0, ""cited_by_count"": 39}, {""year"": 2011, ""works_count"": 3, ""oa_works_count"": 1, ""cited_by_count"": 19}, {""year"": 2012, ""works_count"": 7, ""oa_works_count"": 3, ""cited_by_count"": 32}, {""year"": 2013, ""works_count"": 4, ""oa_works_count"": 1, ""cited_by_count"": 5}, {""year"": 2014, ""works_count"": 3, ""oa_works_count"": 0, ""cited_by_count"": 42}, {""year"": 2015, ""works_count"": 2, ""oa_works_count"": 0, ""cited_by_count"": 0}, {""year"": 2016, ""works_count"": 2, ""oa_works_count"": 0, ""cited_by_count"": 9}, {""year"": 2017, ""works_count"": 4, ""oa_works_count"": 0, ""cited_by_count"": 19}, {""year"": 2018, ""works_count"": 5, ""oa_works_count"": 1, ""cited_by_count"": 58}, {""year"": 2019, ""works_count"": 4, ""oa_works_count"": 3, ""cited_by_count"": 29}, {""year"": 2020, ""works_count"": 3, ""oa_works_count"": 1, ""cited_by_count"": 8}, {""year"": 2021, ""works_count"": 6, ""oa_works_count"": 2, ""cited_by_count"": 22}, {""year"": 2022, ""works_count"": 5, ""oa_works_count"": 3, ""cited_by_count"": 51}, {""year"": 2023, ""works_count"": 7, ""oa_works_count"": 5, ""cited_by_count"": 5}, {""year"": 2024, ""works_count"": 5, ""oa_works_count"": 1, ""cited_by_count"": 20}, {""year"": 2025, ""works_count"": 3, ""oa_works_count"": 0, ""cited_by_count"": 3}, {""year"": 2026, ""works_count"": 4, ""oa_works_count"": 4, ""cited_by_count"": 0}]"
https://openalex.org/A5046598816,Yichen Xie,2005,FSE,5,1,SS→title→OA,75,2416,22,25,0.7058823529411765,2002,"[{""year"": 2000, ""works_count"": 1, ""oa_works_count"": 0, ""cited_by_count"": 1}, {""year"": 2002, ""works_count"": 6, ""oa_works_count"": 0, ""cited_by_count"": 430}, {""year"": 2003, ""works_count"": 6, ""oa_works_count"": 0, ""cited_by_count"": 341}, {""year"": 2004, ""works_count"": 4, ""oa_works_count"": 0, ""cited_by_count"": 188}, {""year"": 2005, ""works_count"": 5, ""oa_works_count"": 1, ""cited_by_count"": 437}, {""year"": 2006, ""works_count"": 2, ""oa_works_count"": 0, ""cited_by_count"": 368}, {""year"": 2007, ""works_count"": 1, ""oa_works_count"": 1, ""cited_by_count"": 143}, {""year"": 2012, ""works_count"": 1, ""oa_works_count"": 0, ""cited_by_count"": 0}, {""year"": 2016, ""works_count"": 1, ""oa_works_count"": 0, ""cited_by_count"": 0}, {""year"": 2020, ""works_count"": 5, ""oa_works_count"": 5, ""cited_by_count"": 17}, {""year"": 2021, ""works_count"": 7, ""oa_works_count"": 6, ""cited_by_count"": 281}, {""year"": 2022, ""works_count"": 7, ""oa_works_count"": 7, ""cited_by_count"": 23}, {""year"": 2023, ""works_count"": 12, ""oa_works_count"": 5, ""cited_by_count"": 175}, {""year"": 2024, ""works_count"": 7, ""oa_works_count"": 7, ""cited_by_count"": 6}, {""year"": 2025, ""works_count"": 10, ""oa_works_count"": 3, ""cited_by_count"": 6}]"
https://openalex.org/A5016315666,Brian Demsky,2005,ICSE,4,1,SS→DOI→OA,94,1903,23,47,1.0,2001,"[{""year"": 2001, ""works_count"": 2, ""oa_works_count"": 1, ""cited_by_count"": 20}, {""year"": 2002, ""works_count"": 2, ""oa_works_count"": 0, ""cited_by_count"": 65}, {""year"": 2003, ""works_count"": 5, ""oa_works_count"": 1, ""cited_by_count"": 306}, {""year"": 2004, ""works_count"": 1, ""oa_works_count"": 0, ""cited_by_count"": 14}, {""year"": 2005, ""works_count"": 3, ""oa_works_count"": 0, ""cited_by_count"": 126}, {""year"": 2006, ""works_count"": 2, ""oa_works_count"": 0, ""cited_by_count"": 173}, {""year"": 2008, ""works_count"": 3, ""oa_works_count"": 0, ""cited_by_count"": 22}, {""year"": 2009, ""works_count"": 4, ""oa_works_count"": 0, ""cited_by_count"": 19}, {""year"": 2010, ""works_count"": 13, ""oa_works_count"": 2, ""cited_by_count"": 90}, {""year"": 2011, ""works_count"": 7, ""oa_works_count"": 0, ""cited_by_count"": 91}, {""year"": 2012, ""works_count"": 7, ""oa_works_count"": 0, ""cited_by_count"": 64}, {""year"": 2013, ""works_count"": 4, ""oa_works_count"": 0, ""cited_by_count"": 141}, {""year"": 2014, ""works_count"": 3, ""oa_works_count"": 1, ""cited_by_count"": 153}, {""year"": 2015, ""works_count"": 8, ""oa_works_count"": 0, ""cited_by_count"": 161}, {""year"": 2016, ""works_count"": 2, ""oa_works_count"": 1, ""cited_by_count"": 43}, {""year"": 2017, ""works_count"": 3, ""oa_works_count"": 0, ""cited_by_count"": 40}, {""year"": 2018, ""works_count"": 4, ""oa_works_count"": 2, ""cited_by_count"": 97}, {""year"": 2019, ""works_count"": 3, ""oa_works_count"": 3, ""cited_by_count"": 27}, {""year"": 2020, ""works_count"": 4, ""oa_works_count"": 4, ""cited_by_count"": 165}, {""year"": 2021, ""works_count"": 5, ""oa_works_count"": 4, ""cited_by_count"": 55}, {""year"": 2022, ""works_count"": 4, ""oa_works_count"": 3, ""cited_by_count"": 26}, {""year"": 2024, ""works_count"": 1, ""oa_works_count"": 1, ""cited_by_count"": 0}, {""year"": 2025, ""works_count"": 3, ""oa_works_count"": 1, ""cited_by_count"": 5}, {""year"": 2026, ""works_count"": 1, ""oa_works_count"": 1, ""cited_by_count"": 0}]"
https://openalex.org/A5007057846,Yvan Labiche,2005,ICSE,5,3,SS→DOI→OA,170,7057,45,96,0.0,2000,"[{""year"": 2000, ""works_count"": 2, ""oa_works_count"": 1, ""cited_by_count"": 45}, {""year"": 2001, ""works_count"": 1, ""oa_works_count"": 0, ""cited_by_count"": 137}, {""year"": 2002, ""works_count"": 7, ""oa_works_count"": 0, ""cited_by_count"": 587}, {""year"": 2003, ""works_count"": 7, ""oa_works_count"": 1, ""cited_by_count"": 452}, {""year"": 2004, ""works_count"": 7, ""oa_works_count"": 0, ""cited_by_count"": 579}, {""year"": 2005, ""works_count"": 16, ""oa_works_count"": 0, ""cited_by_count"": 1822}, {""year"": 2006, ""works_count"": 14, ""oa_works_count"": 0, ""cited_by_count"": 1153}, {""year"": 2007, ""works_count"": 8, ""oa_works_count"": 0, ""cited_by_count"": 250}, {""year"": 2008, ""works_count"": 8, ""oa_works_count"": 0, ""cited_by_count"": 269}, {""year"": 2009, ""works_count"": 5, ""oa_works_count"": 1, ""cited_by_count"": 141}, {""year"": 2010, ""works_count"": 9, ""oa_works_count"": 3, ""cited_by_count"": 598}, {""year"": 2011, ""works_count"": 9, ""oa_works_count"": 0, ""cited_by_count"": 121}, {""year"": 2012, ""works_count"": 4, ""oa_works_count"": 0, ""cited_by_count"": 25}, {""year"": 2013, ""works_count"": 9, ""oa_works_count"": 1, ""cited_by_count"": 286}, {""year"": 2014, ""works_count"": 7, ""oa_works_count"": 1, ""cited_by_count"": 130}, {""year"": 2015, ""works_count"": 12, ""oa_works_count"": 6, ""cited_by_count"": 255}, {""year"": 2016, ""works_count"": 8, ""oa_works_count"": 2, ""cited_by_count"": 26}, {""year"": 2017, ""works_count"": 7, ""oa_works_count"": 1, ""cited_by_count"": 50}, {""year"": 2018, ""works_count"": 13, ""oa_works_count"": 2, ""cited_by_count"": 91}, {""year"": 2019, ""works_count"": 2, ""oa_works_count"": 1, ""cited_by_count"": 9}, {""year"": 2020, ""works_count"": 4, ""oa_works_count"": 2, ""cited_by_count"": 13}, {""year"": 2021, ""works_count"": 1, ""oa_works_count"": 0, ""cited_by_count"": 2}, {""year"": 2022, ""works_count"": 2, ""oa_works_count"": 0, ""cited_by_count"": 12}, {""year"": 2023, ""works_count"": 3, ""oa_works_count"": 0, ""cited_by_count"": 4}, {""year"": 2024, ""works_count"": 2, ""oa_works_count"": 1, ""cited_by_count"": 0}, {""year"": 2025, ""works_count"": 1, ""oa_works_count"": 0, ""cited_by_count"": 0}, {""year"": 2026, ""works_count"": 2, ""oa_works_count"": 2, ""cited_by_count"": 0}]"
https://openalex.org/A5103412814,Andrew J. Ko,2005,ICSE,5,1,GS→title→OA,46,1694,12,13,1.0,2000,"[{""year"": 2000, ""works_count"": 1, ""oa_works_count"": 0, ""cited_by_count"": 20}, {""year"": 2001, ""works_count"": 1, ""oa_works_count"": 0, ""cited_by_count"": 0}, {""year"": 2002, ""works_count"": 3, ""oa_works_count"": 0, ""cited_by_count"": 6}, {""year"": 2003, ""works_count"": 2, ""oa_works_count"": 0, ""cited_by_count"": 6}, {""year"": 2005, ""works_count"": 4, ""oa_works_count"": 1, ""cited_by_count"": 271}, {""year"": 2006, ""works_count"": 4, ""oa_works_count"": 2, ""cited_by_count"": 748}, {""year"": 2007, ""works_count"": 2, ""oa_works_count"": 1, ""cited_by_count"": 2}, {""year"": 2008, ""works_count"": 3, ""oa_works_count"": 0, ""cited_by_count"": 313}, {""year"": 2009, ""works_count"": 4, ""oa_works_count"": 0, ""cited_by_count"": 8}, {""year"": 2010, ""works_count"": 1, ""oa_works_count"": 1, ""cited_by_count"": 0}, {""year"": 2011, ""works_count"": 4, ""oa_works_count"": 0, ""cited_by_count"": 14}, {""year"": 2013, ""works_count"": 2, ""oa_works_count"": 0, ""cited_by_count"": 253}, {""year"": 2014, ""works_count"": 2, ""oa_works_count"": 0, ""cited_by_count"": 7}, {""year"": 2016, ""works_count"": 3, ""oa_works_count"": 0, ""cited_by_count"": 1}, {""year"": 2017, ""works_count"": 1, ""oa_works_count"": 0, ""cited_by_count"": 21}, {""year"": 2018, ""works_count"": 3, ""oa_works_count"": 2, ""cited_by_count"": 20}, {""year"": 2019, ""works_count"": 3, ""oa_works_count"": 0, ""cited_by_count"": 2}, {""year"": 2020, ""works_count"": 1, ""oa_works_count"": 0, ""cited_by_count"": 0}, {""year"": 2025, ""works_count"": 1, ""oa_works_count"": 1, ""cited_by_count"": 2}, {""year"": 2026, ""works_count"": 1, ""oa_works_count"": 0, ""cited_by_count"": 0}]"
https://openalex.org/A5064241063,Chris Lattner,2005,PLDI,3,1,SS→DOI→OA,27,4074,16,20,0.0,2002,"[{""year"": 2002, ""works_count"": 3, ""oa_works_count"": 0, ""cited_by_count"": 49}, {""year"": 2003, ""works_count"": 5, ""oa_works_count"": 0, ""cited_by_count"": 229}, {""year"": 2004, ""works_count"": 4, ""oa_works_count"": 1, ""cited_by_count"": 2492}, {""year"": 2005, ""works_count"": 6, ""oa_works_count"": 1, ""cited_by_count"": 431}, {""year"": 2007, ""works_count"": 2, ""oa_works_count"": 0, ""cited_by_count"": 278}, {""year"": 2008, ""works_count"": 1, ""oa_works_count"": 0, ""cited_by_count"": 12}, {""year"": 2019, ""works_count"": 2, ""oa_works_count"": 1, ""cited_by_count"": 11}, {""year"": 2020, ""works_count"": 1, ""oa_works_count"": 1, ""cited_by_count"": 120}, {""year"": 2021, ""works_count"": 3, ""oa_works_count"": 2, ""cited_by_count"": 452}]"
https://openalex.org/A5010786661,Armando Solar-Lezama,2005,PLDI,0,1,SS→DOI→OA,227,7529,43,105,3.0555555555555554,2005,"[{""year"": 2005, ""works_count"": 2, ""oa_works_count"": 0, ""cited_by_count"": 385}, {""year"": 2006, ""works_count"": 6, ""oa_works_count"": 0, ""cited_by_count"": 848}, {""year"": 2007, ""works_count"": 2, ""oa_works_count"": 0, ""cited_by_count"": 173}, {""year"": 2008, ""works_count"": 3, ""oa_works_count"": 0, ""cited_by_count"": 558}, {""year"": 2009, ""works_count"": 1, ""oa_works_count"": 0, ""cited_by_count"": 155}, {""year"": 2010, ""works_count"": 2, ""oa_works_count"": 1, ""cited_by_count"": 64}, {""year"": 2011, ""works_count"": 9, ""oa_works_count"": 4, ""cited_by_count"": 191}, {""year"": 2012, ""works_count"": 13, ""oa_works_count"": 5, ""cited_by_count"": 518}, {""year"": 2013, ""works_count"": 11, ""oa_works_count"": 4, ""cited_by_count"": 1321}, {""year"": 2014, ""works_count"": 9, ""oa_works_count"": 4, ""cited_by_count"": 100}, {""year"": 2015, ""works_count"": 11, ""oa_works_count"": 6, ""cited_by_count"": 211}, {""year"": 2016, ""works_count"": 26, ""oa_works_count"": 18, ""cited_by_count"": 673}, {""year"": 2017, ""works_count"": 22, ""oa_works_count"": 14, ""cited_by_count"": 576}, {""year"": 2018, ""works_count"": 19, ""oa_works_count"": 13, ""cited_by_count"": 678}, {""year"": 2019, ""works_count"": 12, ""oa_works_count"": 8, ""cited_by_count"": 211}, {""year"": 2020, ""works_count"": 17, ""oa_works_count"": 13, ""cited_by_count"": 144}, {""year"": 2021, ""works_count"": 20, ""oa_works_count"": 13, ""cited_by_count"": 365}, {""year"": 2022, ""works_count"": 12, ""oa_works_count"": 10, ""cited_by_count"": 112}, {""year"": 2023, ""works_count"": 12, ""oa_works_count"": 11, ""cited_by_count"": 191}, {""year"": 2024, ""works_count"": 10, ""oa_works_count"": 9, ""cited_by_count"": 50}, {""year"": 2025, ""works_count"": 8, ""oa_works_count"": 8, ""cited_by_count"": 5}]"
https://openalex.org/A5001159571,Rodric Rabbah,2005,PLDI,4,2,SS→DOI→OA,76,3030,26,42,0.0,2002,"[{""year"": 2001, ""works_count"": 2, ""oa_works_count"": 0, ""cited_by_count"": 5}, {""year"": 2002, ""works_count"": 6, ""oa_works_count"": 0, ""cited_by_count"": 31}, {""year"": 2003, ""works_count"": 2, ""oa_works_count"": 1, ""cited_by_count"": 67}, {""year"": 2004, ""works_count"": 8, ""oa_works_count"": 1, ""cited_by_count"": 87}, {""year"": 2005, ""works_count"": 10, ""oa_works_count"": 1, ""cited_by_count"": 744}, {""year"": 2006, ""works_count"": 4, ""oa_works_count"": 1, ""cited_by_count"": 39}, {""year"": 2007, ""works_count"": 4, ""oa_works_count"": 0, ""cited_by_count"": 36}, {""year"": 2008, ""works_count"": 4, ""oa_works_count"": 0, ""cited_by_count"": 268}, {""year"": 2009, ""works_count"": 3, ""oa_works_count"": 1, ""cited_by_count"": 143}, {""year"": 2010, ""works_count"": 8, ""oa_works_count"": 0, ""cited_by_count"": 215}, {""year"": 2011, ""works_count"": 2, ""oa_works_count"": 0, ""cited_by_count"": 3}, {""year"": 2012, ""works_count"": 7, ""oa_works_count"": 0, ""cited_by_count"": 241}, {""year"": 2013, ""works_count"": 5, ""oa_works_count"": 1, ""cited_by_count"": 199}, {""year"": 2014, ""works_count"": 3, ""oa_works_count"": 0, ""cited_by_count"": 81}, {""year"": 2015, ""works_count"": 3, ""oa_works_count"": 2, ""cited_by_count"": 4}, {""year"": 2016, ""works_count"": 2, ""oa_works_count"": 0, ""cited_by_count"": 63}, {""year"": 2017, ""works_count"": 3, ""oa_works_count"": 1, ""cited_by_count"": 804}]"
https://openalex.org/A5007519378,Dirk Leinders,2005,PODS,2,1,SS→title→OA,19,238,10,10,0.0,2004,"[{""year"": 2003, ""works_count"": 1, ""oa_works_count"": 1, ""cited_by_count"": 0}, {""year"": 2004, ""works_count"": 2, ""oa_works_count"": 2, ""cited_by_count"": 9}, {""year"": 2005, ""works_count"": 2, ""oa_works_count"": 2, ""cited_by_count"": 38}, {""year"": 2006, ""works_count"": 2, ""oa_works_count"": 1, ""cited_by_count"": 24}, {""year"": 2007, ""works_count"": 1, ""oa_works_count"": 1, ""cited_by_count"": 23}, {""year"": 2008, ""works_count"": 2, ""oa_works_count"": 1, ""cited_by_count"": 1}, {""year"": 2011, ""works_count"": 1, ""oa_works_count"": 0, ""cited_by_count"": 41}, {""year"": 2012, ""works_count"": 2, ""oa_works_count"": 0, ""cited_by_count"": 16}, {""year"": 2013, ""works_count"": 1, ""oa_works_count"": 1, ""cited_by_count"": 18}, {""year"": 2014, ""works_count"": 4, ""oa_works_count"": 2, ""cited_by_count"": 49}, {""year"": 2015, ""works_count"": 1, ""oa_works_count"": 1, ""cited_by_count"": 19}]"
https://openalex.org/A5090128483,Amitanand S. Aiyer,2005,SOSP,0,1,SS→title→OA,16,1168,12,13,0.0,2005,"[{""year"": 2005, ""works_count"": 3, ""oa_works_count"": 0, ""cited_by_count"": 434}, {""year"": 2006, ""works_count"": 2, ""oa_works_count"": 0, ""cited_by_count"": 32}, {""year"": 2007, ""works_count"": 4, ""oa_works_count"": 0, ""cited_by_count"": 57}, {""year"": 2008, ""works_count"": 2, ""oa_works_count"": 0, ""cited_by_count"": 27}, {""year"": 2010, ""works_count"": 1, ""oa_works_count"": 0, ""cited_by_count"": 0}, {""year"": 2011, ""works_count"": 1, ""oa_works_count"": 0, ""cited_by_count"": 431}, {""year"": 2012, ""works_count"": 1, ""oa_works_count"": 0, ""cited_by_count"": 50}, {""year"": 2014, ""works_count"": 2, ""oa_works_count"": 0, ""cited_by_count"": 137}]"
https://openalex.org/A5061077761,Allen Clement,2005,SOSP,5,3,SS→title→OA,43,3466,23,30,0.0,2005,"[{""year"": 2000, ""works_count"": 1, ""oa_works_count"": 0, ""cited_by_count"": 0}, {""year"": 2005, ""works_count"": 2, ""oa_works_count"": 0, ""cited_by_count"": 381}, {""year"": 2006, ""works_count"": 1, ""oa_works_count"": 0, ""cited_by_count"": 170}, {""year"": 2007, ""works_count"": 5, ""oa_works_count"": 0, ""cited_by_count"": 821}, {""year"": 2008, ""works_count"": 7, ""oa_works_count"": 1, ""cited_by_count"": 192}, {""year"": 2009, ""works_count"": 4, ""oa_works_count"": 0, ""cited_by_count"": 866}, {""year"": 2010, ""works_count"": 2, ""oa_works_count"": 0, ""cited_by_count"": 73}, {""year"": 2011, ""works_count"": 4, ""oa_works_count"": 1, ""cited_by_count"": 224}, {""year"": 2012, ""works_count"": 4, ""oa_works_count"": 0, ""cited_by_count"": 276}, {""year"": 2013, ""works_count"": 1, ""oa_works_count"": 1, ""cited_by_count"": 178}, {""year"": 2014, ""works_count"": 2, ""oa_works_count"": 1, ""cited_by_count"": 74}, {""year"": 2015, ""works_count"": 3, ""oa_works_count"": 0, ""cited_by_count"": 109}, {""year"": 2016, ""works_count"": 4, ""oa_works_count"": 3, ""cited_by_count"": 52}, {""year"": 2017, ""works_count"": 1, ""oa_works_count"": 0, ""cited_by_count"": 50}, {""year"": 2026, ""works_count"": 2, ""oa_works_count"": 2, ""cited_by_count"": 0}]"
https://openalex.org/A5049757296,Michael Bolin,2005,UIST,0,1,SS→DOI→OA,9,290,5,3,15.0,2005,"[{""year"": 2005, ""works_count"": 4, ""oa_works_count"": 1, ""cited_by_count"": 257}, {""year"": 2010, ""works_count"": 3, ""oa_works_count"": 0, ""cited_by_count"": 9}, {""year"": 2023, ""works_count"": 1, ""oa_works_count"": 1, ""cited_by_count"": 9}, {""year"": 2024, ""works_count"": 1, ""oa_works_count"": 0, ""cited_by_count"": 15}]"
https://openalex.org/A5083854355,Philip Rha,2005,UIST,0,3,SS→DOI→OA,2,225,2,1,0.0,2005,"[{""year"": 2005, ""works_count"": 2, ""oa_works_count"": 1, ""cited_by_count"": 225}]"
https://openalex.org/A5043552468,Amol Ghoting,2005,VLDB,4,1,SS→title→OA,96,1632,19,22,6.0,2003,"[{""year"": 2001, ""works_count"": 1, ""oa_works_count"": 0, ""cited_by_count"": 13}, {""year"": 2003, ""works_count"": 2, ""oa_works_count"": 0, ""cited_by_count"": 55}, {""year"": 2004, ""works_count"": 1, ""oa_works_count"": 0, ""cited_by_count"": 9}, {""year"": 2005, ""works_count"": 6, ""oa_works_count"": 0, ""cited_by_count"": 169}, {""year"": 2006, ""works_count"": 6, ""oa_works_count"": 0, ""cited_by_count"": 380}, {""year"": 2007, ""works_count"": 3, ""oa_works_count"": 0, ""cited_by_count"": 27}, {""year"": 2008, ""works_count"": 2, ""oa_works_count"": 0, ""cited_by_count"": 198}, {""year"": 2009, ""works_count"": 4, ""oa_works_count"": 0, ""cited_by_count"": 104}, {""year"": 2010, ""works_count"": 2, ""oa_works_count"": 1, ""cited_by_count"": 10}, {""year"": 2011, ""works_count"": 57, ""oa_works_count"": 2, ""cited_by_count"": 379}, {""year"": 2012, ""works_count"": 4, ""oa_works_count"": 1, ""cited_by_count"": 90}, {""year"": 2013, ""works_count"": 2, ""oa_works_count"": 1, ""cited_by_count"": 114}, {""year"": 2019, ""works_count"": 1, ""oa_works_count"": 1, ""cited_by_count"": 49}, {""year"": 2020, ""works_count"": 1, ""oa_works_count"": 0, ""cited_by_count"": 11}, {""year"": 2024, ""works_count"": 4, ""oa_works_count"": 2, ""cited_by_count"": 24}]"
https://openalex.org/A5068014041,Gregory Buehrer,2005,VLDB,0,2,SS→title→OA,19,970,9,9,0.0,2005,"[{""year"": 2005, ""works_count"": 6, ""oa_works_count"": 0, ""cited_by_count"": 477}, {""year"": 2006, ""works_count"": 4, ""oa_works_count"": 0, ""cited_by_count"": 149}, {""year"": 2007, ""works_count"": 2, ""oa_works_count"": 0, ""cited_by_count"": 61}, {""year"": 2008, ""works_count"": 4, ""oa_works_count"": 0, ""cited_by_count"": 271}, {""year"": 2010, ""works_count"": 2, ""oa_works_count"": 0, ""cited_by_count"": 3}, {""year"": 2015, ""works_count"": 1, ""oa_works_count"": 0, ""cited_by_count"": 9}]"
https://openalex.org/A5088242464,Xiaohui Long,2005,WWW,2,1,SS→title→OA,7,744,6,6,0.0,2003,"[{""year"": 2003, ""works_count"": 2, ""oa_works_count"": 0, ""cited_by_count"": 253}, {""year"": 2005, ""works_count"": 2, ""oa_works_count"": 0, ""cited_by_count"": 236}, {""year"": 2006, ""works_count"": 2, ""oa_works_count"": 0, ""cited_by_count"": 25}, {""year"": 2008, ""works_count"": 1, ""oa_works_count"": 0, ""cited_by_count"": 230}]"
https://openalex.org/A5098429303,Mary Pogue,2004,AAAI,0,1,SS→title→OA,1,0,0,0,0.0,2004,"[{""year"": 2004, ""works_count"": 1, ""oa_works_count"": 1, ""cited_by_count"": 0}]"
https://openalex.org/A5016270907,Julie Weeds,2004,ACL,1,3,SS→title→OA,62,1677,15,19,1.0,2003,"[{""year"": 2003, ""works_count"": 2, ""oa_works_count"": 2, ""cited_by_count"": 136}, {""year"": 2004, ""works_count"": 7, ""oa_works_count"": 7, ""cited_by_count"": 797}, {""year"": 2005, ""works_count"": 6, ""oa_works_count"": 3, ""cited_by_count"": 215}, {""year"": 2007, ""works_count"": 2, ""oa_works_count"": 1, ""cited_by_count"": 119}, {""year"": 2014, ""works_count"": 2, ""oa_works_count"": 2, ""cited_by_count"": 171}, {""year"": 2016, ""works_count"": 8, ""oa_works_count"": 8, ""cited_by_count"": 139}, {""year"": 2017, ""works_count"": 4, ""oa_works_count"": 4, ""cited_by_count"": 9}, {""year"": 2020, ""works_count"": 7, ""oa_works_count"": 3, ""cited_by_count"": 36}, {""year"": 2021, ""works_count"": 4, ""oa_works_count"": 4, ""cited_by_count"": 7}, {""year"": 2022, ""works_count"": 3, ""oa_works_count"": 3, ""cited_by_count"": 17}, {""year"": 2023, ""works_count"": 6, ""oa_works_count"": 6, ""cited_by_count"": 17}, {""year"": 2024, ""works_count"": 7, ""oa_works_count"": 6, ""cited_by_count"": 9}, {""year"": 2025, ""works_count"": 3, ""oa_works_count"": 3, ""cited_by_count"": 1}]"
https://openalex.org/A5075130969,Qiankun Zhao,2004,CIKM,1,1,SS→DOI→OA,60,1298,18,25,0.0,2004,"[{""year"": 2003, ""works_count"": 2, ""oa_works_count"": 0, ""cited_by_count"": 274}, {""year"": 2004, ""works_count"": 5, ""oa_works_count"": 1, ""cited_by_count"": 39}, {""year"": 2005, ""works_count"": 6, ""oa_works_count"": 0, ""cited_by_count"": 55}, {""year"": 2006, ""works_count"": 4, ""oa_works_count"": 0, ""cited_by_count"": 110}, {""year"": 2007, ""works_count"": 8, ""oa_works_count"": 1, ""cited_by_count"": 151}, {""year"": 2008, ""works_count"": 4, ""oa_works_count"": 0, ""cited_by_count"": 269}, {""year"": 2010, ""works_count"": 2, ""oa_works_count"": 0, ""cited_by_count"": 97}, {""year"": 2011, ""works_count"": 3, ""oa_works_count"": 0, ""cited_by_count"": 22}, {""year"": 2012, ""works_count"": 1, ""oa_works_count"": 0, ""cited_by_count"": 0}, {""year"": 2014, ""works_count"": 1, ""oa_works_count"": 0, ""cited_by_count"": 0}, {""year"": 2017, ""works_count"": 1, ""oa_works_count"": 1, ""cited_by_count"": 0}, {""year"": 2019, ""works_count"": 2, ""oa_works_count"": 1, ""cited_by_count"": 34}, {""year"": 2020, ""works_count"": 9, ""oa_works_count"": 3, ""cited_by_count"": 139}, {""year"": 2021, ""works_count"": 1, ""oa_works_count"": 0, ""cited_by_count"": 1}, {""year"": 2022, ""works_count"": 7, ""oa_works_count"": 3, ""cited_by_count"": 66}, {""year"": 2023, ""works_count"": 3, ""oa_works_count"": 2, ""cited_by_count"": 41}, {""year"": 2024, ""works_count"": 1, ""oa_works_count"": 0, ""cited_by_count"": 0}]"
https://openalex.org/A5024843495,Vlad Branzoi,2004,CVPR,1,2,SS→title→OA,16,438,9,9,0.0,2004,"[{""year"": 2003, ""works_count"": 1, ""oa_works_count"": 0, ""cited_by_count"": 29}, {""year"": 2004, ""works_count"": 1, ""oa_works_count"": 0, ""cited_by_count"": 102}, {""year"": 2006, ""works_count"": 4, ""oa_works_count"": 0, ""cited_by_count"": 90}, {""year"": 2007, ""works_count"": 2, ""oa_works_count"": 0, ""cited_by_count"": 114}, {""year"": 2012, ""works_count"": 1, ""oa_works_count"": 0, ""cited_by_count"": 3}, {""year"": 2013, ""works_count"": 1, ""oa_works_count"": 0, ""cited_by_count"": 11}, {""year"": 2014, ""works_count"": 2, ""oa_works_count"": 1, ""cited_by_count"": 54}, {""year"": 2015, ""works_count"": 3, ""oa_works_count"": 0, ""cited_by_count"": 35}, {""year"": 2016, ""works_count"": 1, ""oa_works_count"": 0, ""cited_by_count"": 0}]"
https://openalex.org/A5067917669,Subhash Khot,2004,FOCS,4,1,SS→title→OA,205,6697,36,84,0.4375,2000,"[{""year"": 2000, ""works_count"": 1, ""oa_works_count"": 0, ""cited_by_count"": 13}, {""year"": 2001, ""works_count"": 5, ""oa_works_count"": 0, ""cited_by_count"": 258}, {""year"": 2002, ""works_count"": 9, ""oa_works_count"": 0, ""cited_by_count"": 1164}, {""year"": 2003, ""works_count"": 10, ""oa_works_count"": 1, ""cited_by_count"": 201}, {""year"": 2004, ""works_count"": 8, ""oa_works_count"": 0, ""cited_by_count"": 653}, {""year"": 2005, ""works_count"": 16, ""oa_works_count"": 2, ""cited_by_count"": 955}, {""year"": 2006, ""works_count"": 9, ""oa_works_count"": 1, ""cited_by_count"": 562}, {""year"": 2007, ""works_count"": 11, ""oa_works_count"": 1, ""cited_by_count"": 1447}, {""year"": 2008, ""works_count"": 9, ""oa_works_count"": 1, ""cited_by_count"": 212}, {""year"": 2009, ""works_count"": 9, ""oa_works_count"": 2, ""cited_by_count"": 358}, {""year"": 2010, ""works_count"": 15, ""oa_works_count"": 6, ""cited_by_count"": 250}, {""year"": 2011, ""works_count"": 9, ""oa_works_count"": 4, ""cited_by_count"": 149}, {""year"": 2012, ""works_count"": 6, ""oa_works_count"": 1, ""cited_by_count"": 42}, {""year"": 2013, ""works_count"": 11, ""oa_works_count"": 7, ""cited_by_count"": 36}, {""year"": 2014, ""works_count"": 9, ""oa_works_count"": 3, ""cited_by_count"": 40}, {""year"": 2015, ""works_count"": 4, ""oa_works_count"": 1, ""cited_by_count"": 141}, {""year"": 2016, ""works_count"": 10, ""oa_works_count"": 5, ""cited_by_count"": 45}, {""year"": 2017, ""works_count"": 3, ""oa_works_count"": 1, ""cited_by_count"": 4}, {""year"": 2018, ""works_count"": 8, ""oa_works_count"": 4, ""cited_by_count"": 37}, {""year"": 2019, ""works_count"": 8, ""oa_works_count"": 4, ""cited_by_count"": 11}, {""year"": 2020, ""works_count"": 2, ""oa_works_count"": 1, ""cited_by_count"": 2}, {""year"": 2021, ""works_count"": 5, ""oa_works_count"": 5, ""cited_by_count"": 8}, {""year"": 2022, ""works_count"": 5, ""oa_works_count"": 4, ""cited_by_count"": 64}, {""year"": 2023, ""works_count"": 7, ""oa_works_count"": 5, ""cited_by_count"": 38}, {""year"": 2024, ""works_count"": 6, ""oa_works_count"": 6, ""cited_by_count"": 6}, {""year"": 2025, ""works_count"": 10, ""oa_works_count"": 4, ""cited_by_count"": 1}]"
https://openalex.org/A5086684679,Benny Applebaum,2004,FOCS,0,1,SS→DOI→OA,117,3015,27,50,0.4,2004,"[{""year"": 2004, ""works_count"": 1, ""oa_works_count"": 0, ""cited_by_count"": 58}, {""year"": 2005, ""works_count"": 1, ""oa_works_count"": 0, ""cited_by_count"": 28}, {""year"": 2006, ""works_count"": 3, ""oa_works_count"": 1, ""cited_by_count"": 385}, {""year"": 2007, ""works_count"": 2, ""oa_works_count"": 0, ""cited_by_count"": 26}, {""year"": 2008, ""works_count"": 2, ""oa_works_count"": 0, ""cited_by_count"": 97}, {""year"": 2009, ""works_count"": 3, ""oa_works_count"": 2, ""cited_by_count"": 598}, {""year"": 2010, ""works_count"": 7, ""oa_works_count"": 0, ""cited_by_count"": 473}, {""year"": 2011, ""works_count"": 4, ""oa_works_count"": 0, ""cited_by_count"": 180}, {""year"": 2012, ""works_count"": 5, ""oa_works_count"": 0, ""cited_by_count"": 43}, {""year"": 2013, ""works_count"": 15, ""oa_works_count"": 2, ""cited_by_count"": 327}, {""year"": 2014, ""works_count"": 3, ""oa_works_count"": 1, ""cited_by_count"": 97}, {""year"": 2015, ""works_count"": 11, ""oa_works_count"": 4, ""cited_by_count"": 200}, {""year"": 2016, ""works_count"": 9, ""oa_works_count"": 3, ""cited_by_count"": 57}, {""year"": 2017, ""works_count"": 8, ""oa_works_count"": 2, ""cited_by_count"": 172}, {""year"": 2018, ""works_count"": 6, ""oa_works_count"": 1, ""cited_by_count"": 71}, {""year"": 2019, ""works_count"": 7, ""oa_works_count"": 0, ""cited_by_count"": 91}, {""year"": 2020, ""works_count"": 7, ""oa_works_count"": 1, ""cited_by_count"": 29}, {""year"": 2021, ""works_count"": 8, ""oa_works_count"": 2, ""cited_by_count"": 30}, {""year"": 2022, ""works_count"": 3, ""oa_works_count"": 0, ""cited_by_count"": 16}, {""year"": 2023, ""works_count"": 7, ""oa_works_count"": 2, ""cited_by_count"": 35}, {""year"": 2024, ""works_count"": 3, ""oa_works_count"": 0, ""cited_by_count"": 1}, {""year"": 2025, ""works_count"": 2, ""oa_works_count"": 1, ""cited_by_count"": 1}]"
https://openalex.org/A5005318859,Alexandru Sălcianu,2004,FSE,3,2,GS→title→OA,15,939,12,12,0.0,2001,"[{""year"": 2001, ""works_count"": 3, ""oa_works_count"": 1, ""cited_by_count"": 200}, {""year"": 2002, ""works_count"": 1, ""oa_works_count"": 1, ""cited_by_count"": 4}, {""year"": 2003, ""works_count"": 5, ""oa_works_count"": 0, ""cited_by_count"": 313}, {""year"": 2004, ""works_count"": 3, ""oa_works_count"": 1, ""cited_by_count"": 211}, {""year"": 2005, ""works_count"": 2, ""oa_works_count"": 1, ""cited_by_count"": 191}, {""year"": 2006, ""works_count"": 1, ""oa_works_count"": 0, ""cited_by_count"": 20}]"
https://openalex.org/A5022020843,Suhabe Bugrara,2004,FSE,0,3,GS→title→OA,8,377,7,7,0.0,2004,"[{""year"": 2004, ""works_count"": 2, ""oa_works_count"": 0, ""cited_by_count"": 184}, {""year"": 2005, ""works_count"": 1, ""oa_works_count"": 0, ""cited_by_count"": 16}, {""year"": 2007, ""works_count"": 1, ""oa_works_count"": 0, ""cited_by_count"": 112}, {""year"": 2008, ""works_count"": 1, ""oa_works_count"": 0, ""cited_by_count"": 27}, {""year"": 2013, ""works_count"": 1, ""oa_works_count"": 0, ""cited_by_count"": 23}, {""year"": 2014, ""works_count"": 1, ""oa_works_count"": 0, ""cited_by_count"": 13}, {""year"": 2019, ""works_count"": 1, ""oa_works_count"": 1, ""cited_by_count"": 2}]"
https://openalex.org/A5100388576,Lu Zhang,2004,ICSE,3,2,SS→DOI→OA,229,9351,51,134,3.466666666666667,2001,"[{""year"": 2001, ""works_count"": 1, ""oa_works_count"": 0, ""cited_by_count"": 27}, {""year"": 2002, ""works_count"": 2, ""oa_works_count"": 0, ""cited_by_count"": 25}, {""year"": 2004, ""works_count"": 5, ""oa_works_count"": 0, ""cited_by_count"": 109}, {""year"": 2005, ""works_count"": 4, ""oa_works_count"": 0, ""cited_by_count"": 85}, {""year"": 2006, ""works_count"": 5, ""oa_works_count"": 0, ""cited_by_count"": 244}, {""year"": 2007, ""works_count"": 1, ""oa_works_count"": 0, ""cited_by_count"": 23}, {""year"": 2008, ""works_count"": 8, ""oa_works_count"": 0, ""cited_by_count"": 629}, {""year"": 2009, ""works_count"": 16, ""oa_works_count"": 2, ""cited_by_count"": 1096}, {""year"": 2010, ""works_count"": 8, ""oa_works_count"": 0, ""cited_by_count"": 367}, {""year"": 2011, ""works_count"": 2, ""oa_works_count"": 0, ""cited_by_count"": 20}, {""year"": 2012, ""works_count"": 8, ""oa_works_count"": 0, ""cited_by_count"": 377}, {""year"": 2013, ""works_count"": 13, ""oa_works_count"": 1, ""cited_by_count"": 481}, {""year"": 2014, ""works_count"": 10, ""oa_works_count"": 2, ""cited_by_count"": 859}, {""year"": 2015, ""works_count"": 12, ""oa_works_count"": 3, ""cited_by_count"": 660}, {""year"": 2016, ""works_count"": 18, ""oa_works_count"": 6, ""cited_by_count"": 1152}, {""year"": 2017, ""works_count"": 10, ""oa_works_count"": 2, ""cited_by_count"": 390}, {""year"": 2018, ""works_count"": 14, ""oa_works_count"": 6, ""cited_by_count"": 834}, {""year"": 2019, ""works_count"": 13, ""oa_works_count"": 7, ""cited_by_count"": 586}, {""year"": 2020, ""works_count"": 13, ""oa_works_count"": 3, ""cited_by_count"": 566}, {""year"": 2021, ""works_count"": 15, ""oa_works_count"": 8, ""cited_by_count"": 493}, {""year"": 2022, ""works_count"": 13, ""oa_works_count"": 7, ""cited_by_count"": 153}, {""year"": 2023, ""works_count"": 8, ""oa_works_count"": 1, ""cited_by_count"": 71}, {""year"": 2024, ""works_count"": 11, ""oa_works_count"": 4, ""cited_by_count"": 92}, {""year"": 2025, ""works_count"": 19, ""oa_works_count"": 8, ""cited_by_count"": 12}]"
https://openalex.org/A5100411657,Yin Liu,2004,ICSE,2,3,SS→DOI→OA,50,268,6,4,0.0,2004,"[{""year"": 2002, ""works_count"": 2, ""oa_works_count"": 0, ""cited_by_count"": 0}, {""year"": 2004, ""works_count"": 1, ""oa_works_count"": 0, ""cited_by_count"": 31}, {""year"": 2006, ""works_count"": 4, ""oa_works_count"": 0, ""cited_by_count"": 161}, {""year"": 2008, ""works_count"": 1, ""oa_works_count"": 0, ""cited_by_count"": 0}, {""year"": 2009, ""works_count"": 1, ""oa_works_count"": 0, ""cited_by_count"": 0}, {""year"": 2010, ""works_count"": 6, ""oa_works_count"": 0, ""cited_by_count"": 6}, {""year"": 2011, ""works_count"": 2, ""oa_works_count"": 0, ""cited_by_count"": 0}, {""year"": 2012, ""works_count"": 4, ""oa_works_count"": 0, ""cited_by_count"": 1}, {""year"": 2013, ""works_count"": 1, ""oa_works_count"": 0, ""cited_by_count"": 0}, {""year"": 2014, ""works_count"": 2, ""oa_works_count"": 0, ""cited_by_count"": 0}, {""year"": 2017, ""works_count"": 4, ""oa_works_count"": 1, ""cited_by_count"": 24}, {""year"": 2018, ""works_count"": 4, ""oa_works_count"": 0, ""cited_by_count"": 18}, {""year"": 2019, ""works_count"": 1, ""oa_works_count"": 0, ""cited_by_count"": 9}, {""year"": 2020, ""works_count"": 4, ""oa_works_count"": 0, ""cited_by_count"": 8}, {""year"": 2021, ""works_count"": 3, ""oa_works_count"": 0, ""cited_by_count"": 3}, {""year"": 2022, ""works_count"": 5, ""oa_works_count"": 3, ""cited_by_count"": 6}, {""year"": 2023, ""works_count"": 2, ""oa_works_count"": 1, ""cited_by_count"": 1}, {""year"": 2024, ""works_count"": 1, ""oa_works_count"": 0, ""cited_by_count"": 0}, {""year"": 2025, ""works_count"": 2, ""oa_works_count"": 0, ""cited_by_count"": 0}]"
https://openalex.org/A5019272809,Parastoo Mohagheghi,2004,ICSE,3,1,SS→title→OA,65,2048,24,37,1.0,2001,"[{""year"": 2001, ""works_count"": 1, ""oa_works_count"": 0, ""cited_by_count"": 7}, {""year"": 2003, ""works_count"": 4, ""oa_works_count"": 0, ""cited_by_count"": 49}, {""year"": 2004, ""works_count"": 7, ""oa_works_count"": 1, ""cited_by_count"": 138}, {""year"": 2005, ""works_count"": 2, ""oa_works_count"": 0, ""cited_by_count"": 156}, {""year"": 2006, ""works_count"": 5, ""oa_works_count"": 0, ""cited_by_count"": 52}, {""year"": 2007, ""works_count"": 4, ""oa_works_count"": 1, ""cited_by_count"": 273}, {""year"": 2008, ""works_count"": 11, ""oa_works_count"": 4, ""cited_by_count"": 360}, {""year"": 2009, ""works_count"": 5, ""oa_works_count"": 0, ""cited_by_count"": 240}, {""year"": 2010, ""works_count"": 7, ""oa_works_count"": 2, ""cited_by_count"": 124}, {""year"": 2011, ""works_count"": 5, ""oa_works_count"": 1, ""cited_by_count"": 171}, {""year"": 2012, ""works_count"": 5, ""oa_works_count"": 2, ""cited_by_count"": 320}, {""year"": 2017, ""works_count"": 4, ""oa_works_count"": 0, ""cited_by_count"": 114}, {""year"": 2018, ""works_count"": 1, ""oa_works_count"": 0, ""cited_by_count"": 15}, {""year"": 2020, ""works_count"": 1, ""oa_works_count"": 1, ""cited_by_count"": 8}, {""year"": 2021, ""works_count"": 1, ""oa_works_count"": 0, ""cited_by_count"": 19}, {""year"": 2024, ""works_count"": 1, ""oa_works_count"": 0, ""cited_by_count"": 2}, {""year"": 2025, ""works_count"": 1, ""oa_works_count"": 1, ""cited_by_count"": 0}]"
https://openalex.org/A5054212955,Ole M. Killi,2004,ICSE,0,3,SS→title→OA,1,81,1,1,0.0,2004,"[{""year"": 2004, ""works_count"": 1, ""oa_works_count"": 0, ""cited_by_count"": 81}]"
https://openalex.org/A5055811185,Gary Wassermann,2004,ICSE,-2,1,SS→DOI→OA,18,1861,11,11,0.0,2006,"[{""year"": 2006, ""works_count"": 8, ""oa_works_count"": 0, ""cited_by_count"": 765}, {""year"": 2007, ""works_count"": 3, ""oa_works_count"": 0, ""cited_by_count"": 517}, {""year"": 2008, ""works_count"": 5, ""oa_works_count"": 0, ""cited_by_count"": 577}, {""year"": 2009, ""works_count"": 1, ""oa_works_count"": 0, ""cited_by_count"": 2}, {""year"": 2015, ""works_count"": 1, ""oa_works_count"": 1, ""cited_by_count"": 0}]"
https://openalex.org/A5061727878,Carl Gould,2004,ICSE,0,2,SS→DOI→OA,6,539,5,5,0.0,2004,"[{""year"": 2004, ""works_count"": 4, ""oa_works_count"": 0, ""cited_by_count"": 445}, {""year"": 2007, ""works_count"": 1, ""oa_works_count"": 0, ""cited_by_count"": 94}, {""year"": 2025, ""works_count"": 1, ""oa_works_count"": 1, ""cited_by_count"": 0}]"
https://openalex.org/A5036568062,Johannes Henkel,2004,ICSE,3,1,SS→title→OA,17,652,9,9,0.0,2002,"[{""year"": 2001, ""works_count"": 1, ""oa_works_count"": 0, ""cited_by_count"": 0}, {""year"": 2002, ""works_count"": 4, ""oa_works_count"": 1, ""cited_by_count"": 125}, {""year"": 2003, ""works_count"": 1, ""oa_works_count"": 0, ""cited_by_count"": 120}, {""year"": 2004, ""works_count"": 5, ""oa_works_count"": 3, ""cited_by_count"": 24}, {""year"": 2005, ""works_count"": 2, ""oa_works_count"": 0, ""cited_by_count"": 298}, {""year"": 2007, ""works_count"": 1, ""oa_works_count"": 0, ""cited_by_count"": 57}, {""year"": 2008, ""works_count"": 2, ""oa_works_count"": 0, ""cited_by_count"": 18}, {""year"": 2012, ""works_count"": 1, ""oa_works_count"": 1, ""cited_by_count"": 10}]"
https://openalex.org/A5013022430,J. Mammen,2004,INFOCOM,0,2,SS→DOI→OA,11,1325,8,8,0.0,2004,"[{""year"": 2004, ""works_count"": 3, ""oa_works_count"": 0, ""cited_by_count"": 621}, {""year"": 2005, ""works_count"": 2, ""oa_works_count"": 1, ""cited_by_count"": 13}, {""year"": 2006, ""works_count"": 4, ""oa_works_count"": 0, ""cited_by_count"": 477}, {""year"": 2007, ""works_count"": 2, ""oa_works_count"": 0, ""cited_by_count"": 214}]"
https://openalex.org/A5112572279,Sugato Basu,2004,KDD,3,1,SS→DOI→OA,68,6588,29,38,0.0,2001,"[{""year"": 2001, ""works_count"": 1, ""oa_works_count"": 0, ""cited_by_count"": 53}, {""year"": 2002, ""works_count"": 1, ""oa_works_count"": 0, ""cited_by_count"": 804}, {""year"": 2003, ""works_count"": 1, ""oa_works_count"": 0, ""cited_by_count"": 81}, {""year"": 2004, ""works_count"": 6, ""oa_works_count"": 0, ""cited_by_count"": 2287}, {""year"": 2005, ""works_count"": 4, ""oa_works_count"": 1, ""cited_by_count"": 460}, {""year"": 2006, ""works_count"": 3, ""oa_works_count"": 0, ""cited_by_count"": 294}, {""year"": 2007, ""works_count"": 5, ""oa_works_count"": 1, ""cited_by_count"": 385}, {""year"": 2008, ""works_count"": 6, ""oa_works_count"": 1, ""cited_by_count"": 816}, {""year"": 2009, ""works_count"": 5, ""oa_works_count"": 0, ""cited_by_count"": 581}, {""year"": 2010, ""works_count"": 1, ""oa_works_count"": 0, ""cited_by_count"": 47}, {""year"": 2011, ""works_count"": 2, ""oa_works_count"": 0, ""cited_by_count"": 12}, {""year"": 2012, ""works_count"": 1, ""oa_works_count"": 0, ""cited_by_count"": 389}, {""year"": 2015, ""works_count"": 1, ""oa_works_count"": 1, ""cited_by_count"": 1}, {""year"": 2016, ""works_count"": 2, ""oa_works_count"": 1, ""cited_by_count"": 5}, {""year"": 2018, ""works_count"": 3, ""oa_works_count"": 2, ""cited_by_count"": 28}, {""year"": 2019, ""works_count"": 5, ""oa_works_count"": 3, ""cited_by_count"": 28}, {""year"": 2020, ""works_count"": 4, ""oa_works_count"": 3, ""cited_by_count"": 48}, {""year"": 2021, ""works_count"": 4, ""oa_works_count"": 3, ""cited_by_count"": 72}, {""year"": 2022, ""works_count"": 5, ""oa_works_count"": 5, ""cited_by_count"": 121}, {""year"": 2023, ""works_count"": 5, ""oa_works_count"": 4, ""cited_by_count"": 76}, {""year"": 2024, ""works_count"": 3, ""oa_works_count"": 2, ""cited_by_count"": 0}]"
https://openalex.org/A5006085341,Muthukaruppan Annamalai,2004,OSDI,2,2,SS→DOI→OA,12,325,6,2,0.0,2002,"[{""year"": 2002, ""works_count"": 1, ""oa_works_count"": 0, ""cited_by_count"": 0}, {""year"": 2003, ""works_count"": 2, ""oa_works_count"": 0, ""cited_by_count"": 3}, {""year"": 2004, ""works_count"": 5, ""oa_works_count"": 0, ""cited_by_count"": 163}, {""year"": 2006, ""works_count"": 3, ""oa_works_count"": 0, ""cited_by_count"": 151}, {""year"": 2008, ""works_count"": 1, ""oa_works_count"": 1, ""cited_by_count"": 8}]"
https://openalex.org/A5056288677,Junfeng Yang,2004,OSDI,3,1,SS→title→OA,94,7667,26,34,0.4782608695652174,2001,"[{""year"": 2001, ""works_count"": 1, ""oa_works_count"": 0, ""cited_by_count"": 706}, {""year"": 2003, ""works_count"": 1, ""oa_works_count"": 0, ""cited_by_count"": 43}, {""year"": 2004, ""works_count"": 1, ""oa_works_count"": 0, ""cited_by_count"": 18}, {""year"": 2006, ""works_count"": 1, ""oa_works_count"": 0, ""cited_by_count"": 147}, {""year"": 2008, ""works_count"": 3, ""oa_works_count"": 1, ""cited_by_count"": 2007}, {""year"": 2009, ""works_count"": 1, ""oa_works_count"": 1, ""cited_by_count"": 776}, {""year"": 2010, ""works_count"": 5, ""oa_works_count"": 1, ""cited_by_count"": 757}, {""year"": 2011, ""works_count"": 5, ""oa_works_count"": 0, ""cited_by_count"": 1312}, {""year"": 2012, ""works_count"": 3, ""oa_works_count"": 1, ""cited_by_count"": 478}, {""year"": 2013, ""works_count"": 8, ""oa_works_count"": 2, ""cited_by_count"": 290}, {""year"": 2014, ""works_count"": 4, ""oa_works_count"": 2, ""cited_by_count"": 16}, {""year"": 2015, ""works_count"": 7, ""oa_works_count"": 3, ""cited_by_count"": 784}, {""year"": 2016, ""works_count"": 1, ""oa_works_count"": 1, ""cited_by_count"": 0}, {""year"": 2017, ""works_count"": 2, ""oa_works_count"": 0, ""cited_by_count"": 46}, {""year"": 2019, ""works_count"": 6, ""oa_works_count"": 4, ""cited_by_count"": 22}, {""year"": 2020, ""works_count"": 6, ""oa_works_count"": 4, ""cited_by_count"": 89}, {""year"": 2021, ""works_count"": 6, ""oa_works_count"": 5, ""cited_by_count"": 95}, {""year"": 2022, ""works_count"": 6, ""oa_works_count"": 1, ""cited_by_count"": 63}, {""year"": 2023, ""works_count"": 4, ""oa_works_count"": 1, ""cited_by_count"": 7}, {""year"": 2024, ""works_count"": 9, ""oa_works_count"": 4, ""cited_by_count"": 6}, {""year"": 2025, ""works_count"": 14, ""oa_works_count"": 8, ""cited_by_count"": 5}]"
https://openalex.org/A5017775499,Paul Twohey,2004,OSDI,0,2,SS→title→OA,4,580,4,4,0.0,2006,"[{""year"": 2004, ""works_count"": 1, ""oa_works_count"": 0, ""cited_by_count"": 18}, {""year"": 2006, ""works_count"": 3, ""oa_works_count"": 0, ""cited_by_count"": 562}]"
https://openalex.org/A5101716412,Hui Fang,2004,SIGIR,1,1,SS→DOI→OA,257,10114,32,88,2.375,2003,"[{""year"": 2003, ""works_count"": 4, ""oa_works_count"": 0, ""cited_by_count"": 6}, {""year"": 2004, ""works_count"": 4, ""oa_works_count"": 0, ""cited_by_count"": 459}, {""year"": 2005, ""works_count"": 8, ""oa_works_count"": 1, ""cited_by_count"": 213}, {""year"": 2006, ""works_count"": 8, ""oa_works_count"": 0, ""cited_by_count"": 190}, {""year"": 2007, ""works_count"": 7, ""oa_works_count"": 1, ""cited_by_count"": 360}, {""year"": 2008, ""works_count"": 5, ""oa_works_count"": 0, ""cited_by_count"": 242}, {""year"": 2009, ""works_count"": 5, ""oa_works_count"": 1, ""cited_by_count"": 58}, {""year"": 2010, ""works_count"": 8, ""oa_works_count"": 0, ""cited_by_count"": 390}, {""year"": 2011, ""works_count"": 23, ""oa_works_count"": 1, ""cited_by_count"": 341}, {""year"": 2012, ""works_count"": 18, ""oa_works_count"": 2, ""cited_by_count"": 1895}, {""year"": 2013, ""works_count"": 23, ""oa_works_count"": 1, ""cited_by_count"": 1097}, {""year"": 2014, ""works_count"": 26, ""oa_works_count"": 5, ""cited_by_count"": 2984}, {""year"": 2015, ""works_count"": 11, ""oa_works_count"": 0, ""cited_by_count"": 778}, {""year"": 2016, ""works_count"": 12, ""oa_works_count"": 1, ""cited_by_count"": 74}, {""year"": 2017, ""works_count"": 13, ""oa_works_count"": 1, ""cited_by_count"": 369}, {""year"": 2018, ""works_count"": 11, ""oa_works_count"": 2, ""cited_by_count"": 253}, {""year"": 2019, ""works_count"": 9, ""oa_works_count"": 2, ""cited_by_count"": 16}, {""year"": 2020, ""works_count"": 10, ""oa_works_count"": 4, ""cited_by_count"": 111}, {""year"": 2021, ""works_count"": 5, ""oa_works_count"": 2, ""cited_by_count"": 35}, {""year"": 2022, ""works_count"": 12, ""oa_works_count"": 11, ""cited_by_count"": 106}, {""year"": 2023, ""works_count"": 11, ""oa_works_count"": 6, ""cited_by_count"": 80}, {""year"": 2024, ""works_count"": 9, ""oa_works_count"": 6, ""cited_by_count"": 40}, {""year"": 2025, ""works_count"": 15, ""oa_works_count"": 9, ""cited_by_count"": 17}]"
https://openalex.org/A5100401500,Tao Tao,2004,SIGIR,0,2,SS→DOI→OA,100,1284,13,16,2.0,2004,"[{""year"": 2004, ""works_count"": 6, ""oa_works_count"": 2, ""cited_by_count"": 441}, {""year"": 2005, ""works_count"": 4, ""oa_works_count"": 0, ""cited_by_count"": 46}, {""year"": 2006, ""works_count"": 3, ""oa_works_count"": 2, ""cited_by_count"": 235}, {""year"": 2007, ""works_count"": 5, ""oa_works_count"": 0, ""cited_by_count"": 284}, {""year"": 2008, ""works_count"": 2, ""oa_works_count"": 0, ""cited_by_count"": 0}, {""year"": 2009, ""works_count"": 1, ""oa_works_count"": 0, ""cited_by_count"": 0}, {""year"": 2011, ""works_count"": 5, ""oa_works_count"": 0, ""cited_by_count"": 0}, {""year"": 2012, ""works_count"": 2, ""oa_works_count"": 0, ""cited_by_count"": 0}, {""year"": 2014, ""works_count"": 3, ""oa_works_count"": 0, ""cited_by_count"": 1}, {""year"": 2015, ""works_count"": 1, ""oa_works_count"": 1, ""cited_by_count"": 0}, {""year"": 2016, ""works_count"": 6, ""oa_works_count"": 0, ""cited_by_count"": 1}, {""year"": 2017, ""works_count"": 4, ""oa_works_count"": 0, ""cited_by_count"": 0}, {""year"": 2018, ""works_count"": 3, ""oa_works_count"": 1, ""cited_by_count"": 1}, {""year"": 2019, ""works_count"": 4, ""oa_works_count"": 0, ""cited_by_count"": 35}, {""year"": 2020, ""works_count"": 5, ""oa_works_count"": 5, ""cited_by_count"": 20}, {""year"": 2021, ""works_count"": 7, ""oa_works_count"": 0, ""cited_by_count"": 99}, {""year"": 2022, ""works_count"": 4, ""oa_works_count"": 2, ""cited_by_count"": 35}, {""year"": 2023, ""works_count"": 9, ""oa_works_count"": 2, ""cited_by_count"": 34}, {""year"": 2024, ""works_count"": 16, ""oa_works_count"": 3, ""cited_by_count"": 28}, {""year"": 2025, ""works_count"": 9, ""oa_works_count"": 4, ""cited_by_count"": 24}, {""year"": 2026, ""works_count"": 1, ""oa_works_count"": 1, ""cited_by_count"": 0}]"
https://openalex.org/A5020404511,Thomas Bonald,2004,SIGMETRICS,5,1,SS→title→OA,230,5409,37,79,2.2,1999,"[{""year"": 1999, ""works_count"": 5, ""oa_works_count"": 1, ""cited_by_count"": 127}, {""year"": 2000, ""works_count"": 1, ""oa_works_count"": 0, ""cited_by_count"": 0}, {""year"": 2001, ""works_count"": 8, ""oa_works_count"": 2, ""cited_by_count"": 1200}, {""year"": 2002, ""works_count"": 5, ""oa_works_count"": 3, ""cited_by_count"": 598}, {""year"": 2003, ""works_count"": 10, ""oa_works_count"": 5, ""cited_by_count"": 855}, {""year"": 2004, ""works_count"": 16, ""oa_works_count"": 8, ""cited_by_count"": 642}, {""year"": 2005, ""works_count"": 3, ""oa_works_count"": 3, ""cited_by_count"": 118}, {""year"": 2006, ""works_count"": 13, ""oa_works_count"": 3, ""cited_by_count"": 416}, {""year"": 2007, ""works_count"": 4, ""oa_works_count"": 4, ""cited_by_count"": 48}, {""year"": 2008, ""works_count"": 7, ""oa_works_count"": 3, ""cited_by_count"": 272}, {""year"": 2009, ""works_count"": 10, ""oa_works_count"": 8, ""cited_by_count"": 169}, {""year"": 2010, ""works_count"": 6, ""oa_works_count"": 3, ""cited_by_count"": 21}, {""year"": 2011, ""works_count"": 10, ""oa_works_count"": 3, ""cited_by_count"": 85}, {""year"": 2012, ""works_count"": 8, ""oa_works_count"": 4, ""cited_by_count"": 105}, {""year"": 2013, ""works_count"": 10, ""oa_works_count"": 1, ""cited_by_count"": 98}, {""year"": 2014, ""works_count"": 16, ""oa_works_count"": 7, ""cited_by_count"": 44}, {""year"": 2015, ""works_count"": 14, ""oa_works_count"": 8, ""cited_by_count"": 105}, {""year"": 2016, ""works_count"": 15, ""oa_works_count"": 10, ""cited_by_count"": 76}, {""year"": 2017, ""works_count"": 13, ""oa_works_count"": 9, ""cited_by_count"": 115}, {""year"": 2018, ""works_count"": 16, ""oa_works_count"": 7, ""cited_by_count"": 182}, {""year"": 2019, ""works_count"": 9, ""oa_works_count"": 4, ""cited_by_count"": 34}, {""year"": 2020, ""works_count"": 6, ""oa_works_count"": 3, ""cited_by_count"": 22}, {""year"": 2021, ""works_count"": 3, ""oa_works_count"": 3, ""cited_by_count"": 9}, {""year"": 2022, ""works_count"": 1, ""oa_works_count"": 1, ""cited_by_count"": 33}, {""year"": 2023, ""works_count"": 6, ""oa_works_count"": 6, ""cited_by_count"": 2}, {""year"": 2024, ""works_count"": 11, ""oa_works_count"": 10, ""cited_by_count"": 33}, {""year"": 2025, ""works_count"": 4, ""oa_works_count"": 4, ""cited_by_count"": 0}]"
https://openalex.org/A5005472808,Yuhan Cai,2004,SIGMOD,0,1,SS→DOI→OA,52,916,13,13,4.8076923076923075,2004,"[{""year"": 2004, ""works_count"": 1, ""oa_works_count"": 0, ""cited_by_count"": 314}, {""year"": 2005, ""works_count"": 1, ""oa_works_count"": 0, ""cited_by_count"": 88}, {""year"": 2007, ""works_count"": 1, ""oa_works_count"": 0, ""cited_by_count"": 213}, {""year"": 2008, ""works_count"": 1, ""oa_works_count"": 0, ""cited_by_count"": 8}, {""year"": 2009, ""works_count"": 1, ""oa_works_count"": 0, ""cited_by_count"": 17}, {""year"": 2013, ""works_count"": 2, ""oa_works_count"": 0, ""cited_by_count"": 1}, {""year"": 2015, ""works_count"": 3, ""oa_works_count"": 2, ""cited_by_count"": 43}, {""year"": 2016, ""works_count"": 2, ""oa_works_count"": 2, ""cited_by_count"": 53}, {""year"": 2017, ""works_count"": 1, ""oa_works_count"": 1, ""cited_by_count"": 0}, {""year"": 2018, ""works_count"": 3, ""oa_works_count"": 2, ""cited_by_count"": 5}, {""year"": 2019, ""works_count"": 1, ""oa_works_count"": 1, ""cited_by_count"": 0}, {""year"": 2020, ""works_count"": 1, ""oa_works_count"": 0, ""cited_by_count"": 0}, {""year"": 2021, ""works_count"": 1, ""oa_works_count"": 0, ""cited_by_count"": 1}, {""year"": 2022, ""works_count"": 3, ""oa_works_count"": 2, ""cited_by_count"": 23}, {""year"": 2023, ""works_count"": 4, ""oa_works_count"": 4, ""cited_by_count"": 25}, {""year"": 2024, ""works_count"": 11, ""oa_works_count"": 6, ""cited_by_count"": 101}, {""year"": 2025, ""works_count"": 15, ""oa_works_count"": 5, ""cited_by_count"": 24}]"
https://openalex.org/A5083735800,Daniel Wigdor,2004,UIST,2,2,SS→title→OA,203,8626,55,113,1.5384615384615385,2002,"[{""year"": 2002, ""works_count"": 4, ""oa_works_count"": 0, ""cited_by_count"": 119}, {""year"": 2003, ""works_count"": 1, ""oa_works_count"": 0, ""cited_by_count"": 197}, {""year"": 2004, ""works_count"": 2, ""oa_works_count"": 0, ""cited_by_count"": 239}, {""year"": 2005, ""works_count"": 3, ""oa_works_count"": 0, ""cited_by_count"": 32}, {""year"": 2006, ""works_count"": 11, ""oa_works_count"": 0, ""cited_by_count"": 593}, {""year"": 2007, ""works_count"": 8, ""oa_works_count"": 0, ""cited_by_count"": 868}, {""year"": 2008, ""works_count"": 7, ""oa_works_count"": 0, ""cited_by_count"": 208}, {""year"": 2009, ""works_count"": 6, ""oa_works_count"": 0, ""cited_by_count"": 426}, {""year"": 2010, ""works_count"": 9, ""oa_works_count"": 0, ""cited_by_count"": 258}, {""year"": 2011, ""works_count"": 43, ""oa_works_count"": 3, ""cited_by_count"": 1182}, {""year"": 2012, ""works_count"": 8, ""oa_works_count"": 0, ""cited_by_count"": 564}, {""year"": 2013, ""works_count"": 7, ""oa_works_count"": 2, ""cited_by_count"": 342}, {""year"": 2014, ""works_count"": 13, ""oa_works_count"": 0, ""cited_by_count"": 648}, {""year"": 2015, ""works_count"": 8, ""oa_works_count"": 3, ""cited_by_count"": 192}, {""year"": 2016, ""works_count"": 9, ""oa_works_count"": 2, ""cited_by_count"": 559}, {""year"": 2017, ""works_count"": 6, ""oa_works_count"": 0, ""cited_by_count"": 66}, {""year"": 2018, ""works_count"": 13, ""oa_works_count"": 2, ""cited_by_count"": 890}, {""year"": 2019, ""works_count"": 10, ""oa_works_count"": 1, ""cited_by_count"": 630}, {""year"": 2020, ""works_count"": 6, ""oa_works_count"": 1, ""cited_by_count"": 147}, {""year"": 2021, ""works_count"": 8, ""oa_works_count"": 1, ""cited_by_count"": 302}, {""year"": 2022, ""works_count"": 4, ""oa_works_count"": 2, ""cited_by_count"": 113}, {""year"": 2023, ""works_count"": 4, ""oa_works_count"": 2, ""cited_by_count"": 31}, {""year"": 2024, ""works_count"": 8, ""oa_works_count"": 4, ""cited_by_count"": 6}, {""year"": 2025, ""works_count"": 5, ""oa_works_count"": 1, ""cited_by_count"": 14}]"
https://openalex.org/A5082188602,Lakshmish Ramaswamy,2004,WWW,1,1,SS→DOI→OA,146,1530,22,41,0.5,2003,"[{""year"": 2003, ""works_count"": 5, ""oa_works_count"": 0, ""cited_by_count"": 136}, {""year"": 2004, ""works_count"": 3, ""oa_works_count"": 0, ""cited_by_count"": 144}, {""year"": 2005, ""works_count"": 5, ""oa_works_count"": 1, ""cited_by_count"": 238}, {""year"": 2006, ""works_count"": 4, ""oa_works_count"": 0, ""cited_by_count"": 16}, {""year"": 2007, ""works_count"": 10, ""oa_works_count"": 0, ""cited_by_count"": 107}, {""year"": 2008, ""works_count"": 4, ""oa_works_count"": 0, ""cited_by_count"": 96}, {""year"": 2009, ""works_count"": 8, ""oa_works_count"": 1, ""cited_by_count"": 119}, {""year"": 2010, ""works_count"": 7, ""oa_works_count"": 1, ""cited_by_count"": 55}, {""year"": 2011, ""works_count"": 1, ""oa_works_count"": 0, ""cited_by_count"": 1}, {""year"": 2012, ""works_count"": 5, ""oa_works_count"": 1, ""cited_by_count"": 46}, {""year"": 2013, ""works_count"": 7, ""oa_works_count"": 1, ""cited_by_count"": 120}, {""year"": 2014, ""works_count"": 10, ""oa_works_count"": 4, ""cited_by_count"": 54}, {""year"": 2015, ""works_count"": 9, ""oa_works_count"": 1, ""cited_by_count"": 44}, {""year"": 2016, ""works_count"": 7, ""oa_works_count"": 0, ""cited_by_count"": 72}, {""year"": 2017, ""works_count"": 6, ""oa_works_count"": 2, ""cited_by_count"": 81}, {""year"": 2018, ""works_count"": 6, ""oa_works_count"": 0, ""cited_by_count"": 40}, {""year"": 2019, ""works_count"": 5, ""oa_works_count"": 1, ""cited_by_count"": 14}, {""year"": 2020, ""works_count"": 6, ""oa_works_count"": 3, ""cited_by_count"": 36}, {""year"": 2021, ""works_count"": 5, ""oa_works_count"": 3, ""cited_by_count"": 41}, {""year"": 2022, ""works_count"": 8, ""oa_works_count"": 3, ""cited_by_count"": 42}, {""year"": 2023, ""works_count"": 9, ""oa_works_count"": 5, ""cited_by_count"": 20}, {""year"": 2024, ""works_count"": 8, ""oa_works_count"": 4, ""cited_by_count"": 8}, {""year"": 2025, ""works_count"": 7, ""oa_works_count"": 4, ""cited_by_count"": 0}, {""year"": 2026, ""works_count"": 1, ""oa_works_count"": 1, ""cited_by_count"": 0}]"
https://openalex.org/A5110904945,LING LIU,2004,WWW,4,3,SS→DOI→OA,66,2336,14,15,3.6,2000,"[{""year"": 2000, ""works_count"": 2, ""oa_works_count"": 1, ""cited_by_count"": 120}, {""year"": 2002, ""works_count"": 1, ""oa_works_count"": 0, ""cited_by_count"": 29}, {""year"": 2003, ""works_count"": 1, ""oa_works_count"": 0, ""cited_by_count"": 9}, {""year"": 2004, ""works_count"": 2, ""oa_works_count"": 0, ""cited_by_count"": 140}, {""year"": 2005, ""works_count"": 2, ""oa_works_count"": 1, ""cited_by_count"": 34}, {""year"": 2006, ""works_count"": 1, ""oa_works_count"": 0, ""cited_by_count"": 43}, {""year"": 2008, ""works_count"": 1, ""oa_works_count"": 0, ""cited_by_count"": 0}, {""year"": 2009, ""works_count"": 36, ""oa_works_count"": 2, ""cited_by_count"": 1784}, {""year"": 2010, ""works_count"": 2, ""oa_works_count"": 0, ""cited_by_count"": 10}, {""year"": 2012, ""works_count"": 1, ""oa_works_count"": 1, ""cited_by_count"": 28}, {""year"": 2014, ""works_count"": 2, ""oa_works_count"": 1, ""cited_by_count"": 51}, {""year"": 2015, ""works_count"": 2, ""oa_works_count"": 1, ""cited_by_count"": 24}, {""year"": 2016, ""works_count"": 1, ""oa_works_count"": 0, ""cited_by_count"": 0}, {""year"": 2017, ""works_count"": 3, ""oa_works_count"": 2, ""cited_by_count"": 36}, {""year"": 2019, ""works_count"": 1, ""oa_works_count"": 0, ""cited_by_count"": 0}, {""year"": 2020, ""works_count"": 1, ""oa_works_count"": 0, ""cited_by_count"": 5}, {""year"": 2021, ""works_count"": 1, ""oa_works_count"": 0, ""cited_by_count"": 3}, {""year"": 2023, ""works_count"": 1, ""oa_works_count"": 1, ""cited_by_count"": 2}, {""year"": 2024, ""works_count"": 3, ""oa_works_count"": 2, ""cited_by_count"": 16}, {""year"": 2025, ""works_count"": 2, ""oa_works_count"": 1, ""cited_by_count"": 2}]"
https://openalex.org/A5051441682,Gabe Reinstein,2003,ACL,0,2,SS→DOI→OA,1,201,1,1,0.0,2003,"[{""year"": 2003, ""works_count"": 1, ""oa_works_count"": 1, ""cited_by_count"": 201}]"
https://openalex.org/A5069830330,Tom Stocky,2003,ACL,4,3,SS→DOI→OA,7,400,5,4,0.0,2002,"[{""year"": 1999, ""works_count"": 1, ""oa_works_count"": 0, ""cited_by_count"": 4}, {""year"": 2002, ""works_count"": 3, ""oa_works_count"": 0, ""cited_by_count"": 130}, {""year"": 2003, ""works_count"": 1, ""oa_works_count"": 1, ""cited_by_count"": 201}, {""year"": 2004, ""works_count"": 2, ""oa_works_count"": 0, ""cited_by_count"": 65}]"
https://openalex.org/A5089960673,Rob Fergus,2003,CVPR,0,1,SS→DOI→OA,170,88930,75,120,3.5625,2003,"[{""year"": 2003, ""works_count"": 2, ""oa_works_count"": 0, ""cited_by_count"": 2467}, {""year"": 2004, ""works_count"": 1, ""oa_works_count"": 1, ""cited_by_count"": 1}, {""year"": 2005, ""works_count"": 3, ""oa_works_count"": 0, ""cited_by_count"": 3396}, {""year"": 2006, ""works_count"": 6, ""oa_works_count"": 0, ""cited_by_count"": 5501}, {""year"": 2007, ""works_count"": 5, ""oa_works_count"": 0, ""cited_by_count"": 4201}, {""year"": 2008, ""works_count"": 4, ""oa_works_count"": 0, ""cited_by_count"": 4797}, {""year"": 2009, ""works_count"": 5, ""oa_works_count"": 0, ""cited_by_count"": 1777}, {""year"": 2010, ""works_count"": 10, ""oa_works_count"": 3, ""cited_by_count"": 2670}, {""year"": 2011, ""works_count"": 6, ""oa_works_count"": 1, ""cited_by_count"": 2894}, {""year"": 2012, ""works_count"": 5, ""oa_works_count"": 1, ""cited_by_count"": 5847}, {""year"": 2013, ""works_count"": 18, ""oa_works_count"": 13, ""cited_by_count"": 11589}, {""year"": 2014, ""works_count"": 17, ""oa_works_count"": 13, ""cited_by_count"": 22495}, {""year"": 2015, ""works_count"": 18, ""oa_works_count"": 10, ""cited_by_count"": 15748}, {""year"": 2016, ""works_count"": 5, ""oa_works_count"": 4, ""cited_by_count"": 631}, {""year"": 2017, ""works_count"": 2, ""oa_works_count"": 2, ""cited_by_count"": 154}, {""year"": 2018, ""works_count"": 12, ""oa_works_count"": 9, ""cited_by_count"": 624}, {""year"": 2019, ""works_count"": 7, ""oa_works_count"": 5, ""cited_by_count"": 439}, {""year"": 2020, ""works_count"": 6, ""oa_works_count"": 6, ""cited_by_count"": 380}, {""year"": 2021, ""works_count"": 12, ""oa_works_count"": 9, ""cited_by_count"": 3229}, {""year"": 2022, ""works_count"": 2, ""oa_works_count"": 2, ""cited_by_count"": 2}, {""year"": 2023, ""works_count"": 8, ""oa_works_count"": 8, ""cited_by_count"": 31}, {""year"": 2024, ""works_count"": 8, ""oa_works_count"": 7, ""cited_by_count"": 57}, {""year"": 2025, ""works_count"": 6, ""oa_works_count"": 6, ""cited_by_count"": 0}, {""year"": 2026, ""works_count"": 2, ""oa_works_count"": 2, ""cited_by_count"": 0}]"
https://openalex.org/A5025420692,Bo Brinkman,2003,FOCS,1,1,SS→DOI→OA,34,449,12,14,0.0,2002,"[{""year"": 2002, ""works_count"": 1, ""oa_works_count"": 0, ""cited_by_count"": 13}, {""year"": 2004, ""works_count"": 3, ""oa_works_count"": 0, ""cited_by_count"": 14}, {""year"": 2005, ""works_count"": 1, ""oa_works_count"": 0, ""cited_by_count"": 138}, {""year"": 2007, ""works_count"": 2, ""oa_works_count"": 0, ""cited_by_count"": 15}, {""year"": 2008, ""works_count"": 1, ""oa_works_count"": 0, ""cited_by_count"": 4}, {""year"": 2009, ""works_count"": 2, ""oa_works_count"": 0, ""cited_by_count"": 16}, {""year"": 2010, ""works_count"": 2, ""oa_works_count"": 1, ""cited_by_count"": 4}, {""year"": 2012, ""works_count"": 5, ""oa_works_count"": 0, ""cited_by_count"": 42}, {""year"": 2013, ""works_count"": 2, ""oa_works_count"": 0, ""cited_by_count"": 23}, {""year"": 2014, ""works_count"": 1, ""oa_works_count"": 0, ""cited_by_count"": 7}, {""year"": 2015, ""works_count"": 2, ""oa_works_count"": 0, ""cited_by_count"": 0}, {""year"": 2016, ""works_count"": 4, ""oa_works_count"": 2, ""cited_by_count"": 59}, {""year"": 2017, ""works_count"": 7, ""oa_works_count"": 1, ""cited_by_count"": 114}, {""year"": 2020, ""works_count"": 1, ""oa_works_count"": 0, ""cited_by_count"": 0}]"
https://openalex.org/A5078041729,Stephen McCamant,2003,FSE,1,1,GS→title→OA,87,4295,26,40,0.0,2003,"[{""year"": 2002, ""works_count"": 2, ""oa_works_count"": 0, ""cited_by_count"": 2}, {""year"": 2003, ""works_count"": 3, ""oa_works_count"": 0, ""cited_by_count"": 90}, {""year"": 2004, ""works_count"": 3, ""oa_works_count"": 0, ""cited_by_count"": 53}, {""year"": 2005, ""works_count"": 2, ""oa_works_count"": 1, ""cited_by_count"": 32}, {""year"": 2006, ""works_count"": 5, ""oa_works_count"": 2, ""cited_by_count"": 381}, {""year"": 2007, ""works_count"": 2, ""oa_works_count"": 0, ""cited_by_count"": 1074}, {""year"": 2008, ""works_count"": 4, ""oa_works_count"": 0, ""cited_by_count"": 214}, {""year"": 2009, ""works_count"": 7, ""oa_works_count"": 0, ""cited_by_count"": 509}, {""year"": 2010, ""works_count"": 3, ""oa_works_count"": 0, ""cited_by_count"": 539}, {""year"": 2011, ""works_count"": 4, ""oa_works_count"": 0, ""cited_by_count"": 458}, {""year"": 2012, ""works_count"": 5, ""oa_works_count"": 0, ""cited_by_count"": 128}, {""year"": 2013, ""works_count"": 5, ""oa_works_count"": 1, ""cited_by_count"": 544}, {""year"": 2014, ""works_count"": 1, ""oa_works_count"": 1, ""cited_by_count"": 4}, {""year"": 2016, ""works_count"": 2, ""oa_works_count"": 0, ""cited_by_count"": 64}, {""year"": 2017, ""works_count"": 5, ""oa_works_count"": 3, ""cited_by_count"": 32}, {""year"": 2018, ""works_count"": 8, ""oa_works_count"": 3, ""cited_by_count"": 43}, {""year"": 2019, ""works_count"": 4, ""oa_works_count"": 4, ""cited_by_count"": 28}, {""year"": 2020, ""works_count"": 7, ""oa_works_count"": 4, ""cited_by_count"": 70}, {""year"": 2021, ""works_count"": 3, ""oa_works_count"": 1, ""cited_by_count"": 18}, {""year"": 2022, ""works_count"": 3, ""oa_works_count"": 1, ""cited_by_count"": 6}, {""year"": 2023, ""works_count"": 2, ""oa_works_count"": 1, ""cited_by_count"": 6}, {""year"": 2024, ""works_count"": 2, ""oa_works_count"": 1, ""cited_by_count"": 0}, {""year"": 2025, ""works_count"": 3, ""oa_works_count"": 1, ""cited_by_count"": 0}, {""year"": 2026, ""works_count"": 2, ""oa_works_count"": 2, ""cited_by_count"": 0}]"
https://openalex.org/A5084185098,Gregory M. Kapfhammer,2003,FSE,1,1,SS→title→OA,83,1939,23,50,0.6,2003,"[{""year"": 2002, ""works_count"": 2, ""oa_works_count"": 0, ""cited_by_count"": 19}, {""year"": 2003, ""works_count"": 4, ""oa_works_count"": 0, ""cited_by_count"": 157}, {""year"": 2004, ""works_count"": 1, ""oa_works_count"": 0, ""cited_by_count"": 4}, {""year"": 2005, ""works_count"": 3, ""oa_works_count"": 0, ""cited_by_count"": 53}, {""year"": 2006, ""works_count"": 1, ""oa_works_count"": 0, ""cited_by_count"": 343}, {""year"": 2007, ""works_count"": 4, ""oa_works_count"": 1, ""cited_by_count"": 116}, {""year"": 2008, ""works_count"": 2, ""oa_works_count"": 0, ""cited_by_count"": 26}, {""year"": 2009, ""works_count"": 3, ""oa_works_count"": 0, ""cited_by_count"": 72}, {""year"": 2010, ""works_count"": 7, ""oa_works_count"": 1, ""cited_by_count"": 45}, {""year"": 2011, ""works_count"": 7, ""oa_works_count"": 1, ""cited_by_count"": 221}, {""year"": 2012, ""works_count"": 6, ""oa_works_count"": 0, ""cited_by_count"": 177}, {""year"": 2013, ""works_count"": 3, ""oa_works_count"": 0, ""cited_by_count"": 92}, {""year"": 2014, ""works_count"": 4, ""oa_works_count"": 0, ""cited_by_count"": 78}, {""year"": 2015, ""works_count"": 4, ""oa_works_count"": 0, ""cited_by_count"": 81}, {""year"": 2016, ""works_count"": 6, ""oa_works_count"": 0, ""cited_by_count"": 50}, {""year"": 2017, ""works_count"": 4, ""oa_works_count"": 1, ""cited_by_count"": 93}, {""year"": 2018, ""works_count"": 2, ""oa_works_count"": 0, ""cited_by_count"": 24}, {""year"": 2019, ""works_count"": 3, ""oa_works_count"": 0, ""cited_by_count"": 67}, {""year"": 2020, ""works_count"": 4, ""oa_works_count"": 1, ""cited_by_count"": 37}, {""year"": 2021, ""works_count"": 2, ""oa_works_count"": 1, ""cited_by_count"": 125}, {""year"": 2022, ""works_count"": 5, ""oa_works_count"": 0, ""cited_by_count"": 45}, {""year"": 2023, ""works_count"": 1, ""oa_works_count"": 1, ""cited_by_count"": 11}, {""year"": 2024, ""works_count"": 2, ""oa_works_count"": 0, ""cited_by_count"": 3}, {""year"": 2025, ""works_count"": 3, ""oa_works_count"": 2, ""cited_by_count"": 0}]"
https://openalex.org/A5064883489,Shubiao Li,2003,FSE,0,2,GS→title→OA,21,152,5,5,0.0,2003,"[{""year"": 2003, ""works_count"": 3, ""oa_works_count"": 1, ""cited_by_count"": 73}, {""year"": 2006, ""works_count"": 1, ""oa_works_count"": 0, ""cited_by_count"": 37}, {""year"": 2008, ""works_count"": 1, ""oa_works_count"": 1, ""cited_by_count"": 5}, {""year"": 2010, ""works_count"": 1, ""oa_works_count"": 0, ""cited_by_count"": 5}, {""year"": 2011, ""works_count"": 1, ""oa_works_count"": 0, ""cited_by_count"": 11}, {""year"": 2015, ""works_count"": 1, ""oa_works_count"": 0, ""cited_by_count"": 0}, {""year"": 2016, ""works_count"": 1, ""oa_works_count"": 0, ""cited_by_count"": 0}, {""year"": 2017, ""works_count"": 2, ""oa_works_count"": 0, ""cited_by_count"": 4}, {""year"": 2018, ""works_count"": 1, ""oa_works_count"": 0, ""cited_by_count"": 0}, {""year"": 2019, ""works_count"": 3, ""oa_works_count"": 0, ""cited_by_count"": 0}, {""year"": 2020, ""works_count"": 1, ""oa_works_count"": 0, ""cited_by_count"": 3}, {""year"": 2021, ""works_count"": 1, ""oa_works_count"": 0, ""cited_by_count"": 0}, {""year"": 2022, ""works_count"": 2, ""oa_works_count"": 0, ""cited_by_count"": 2}, {""year"": 2023, ""works_count"": 2, ""oa_works_count"": 1, ""cited_by_count"": 12}]"
https://openalex.org/A5096892146,Fitzgibbon,2003,ICCV,0,1,SS→title→OA,1,157,1,1,0.0,2003,"[{""year"": 2003, ""works_count"": 1, ""oa_works_count"": 0, ""cited_by_count"": 157}]"
https://openalex.org/A5096865738,Wexler,2003,ICCV,0,2,SS→title→OA,1,157,1,1,0.0,2003,"[{""year"": 2003, ""works_count"": 1, ""oa_works_count"": 0, ""cited_by_count"": 157}]"
https://openalex.org/A5001760915,Zhuowen Tu,2003,ICCV,5,1,SS→DOI→OA,312,40412,71,158,4.447368421052632,2000,"[{""year"": 1998, ""works_count"": 1, ""oa_works_count"": 1, ""cited_by_count"": 0}, {""year"": 2000, ""works_count"": 3, ""oa_works_count"": 1, ""cited_by_count"": 12}, {""year"": 2002, ""works_count"": 6, ""oa_works_count"": 1, ""cited_by_count"": 721}, {""year"": 2003, ""works_count"": 3, ""oa_works_count"": 1, ""cited_by_count"": 21}, {""year"": 2004, ""works_count"": 2, ""oa_works_count"": 1, ""cited_by_count"": 263}, {""year"": 2005, ""works_count"": 3, ""oa_works_count"": 0, ""cited_by_count"": 924}, {""year"": 2006, ""works_count"": 7, ""oa_works_count"": 1, ""cited_by_count"": 568}, {""year"": 2007, ""works_count"": 10, ""oa_works_count"": 4, ""cited_by_count"": 432}, {""year"": 2008, ""works_count"": 16, ""oa_works_count"": 8, ""cited_by_count"": 1378}, {""year"": 2009, ""works_count"": 15, ""oa_works_count"": 3, ""cited_by_count"": 2937}, {""year"": 2010, ""works_count"": 12, ""oa_works_count"": 1, ""cited_by_count"": 150}, {""year"": 2011, ""works_count"": 15, ""oa_works_count"": 1, ""cited_by_count"": 1179}, {""year"": 2012, ""works_count"": 14, ""oa_works_count"": 3, ""cited_by_count"": 1461}, {""year"": 2013, ""works_count"": 21, ""oa_works_count"": 4, ""cited_by_count"": 1489}, {""year"": 2014, ""works_count"": 19, ""oa_works_count"": 9, ""cited_by_count"": 4273}, {""year"": 2015, ""works_count"": 13, ""oa_works_count"": 7, ""cited_by_count"": 5141}, {""year"": 2016, ""works_count"": 11, ""oa_works_count"": 7, ""cited_by_count"": 708}, {""year"": 2017, ""works_count"": 17, ""oa_works_count"": 8, ""cited_by_count"": 13991}, {""year"": 2018, ""works_count"": 8, ""oa_works_count"": 3, ""cited_by_count"": 2687}, {""year"": 2019, ""works_count"": 8, ""oa_works_count"": 5, ""cited_by_count"": 49}, {""year"": 2020, ""works_count"": 11, ""oa_works_count"": 3, ""cited_by_count"": 329}, {""year"": 2021, ""works_count"": 19, ""oa_works_count"": 14, ""cited_by_count"": 740}, {""year"": 2022, ""works_count"": 17, ""oa_works_count"": 13, ""cited_by_count"": 484}, {""year"": 2023, ""works_count"": 23, ""oa_works_count"": 14, ""cited_by_count"": 306}, {""year"": 2024, ""works_count"": 28, ""oa_works_count"": 16, ""cited_by_count"": 169}, {""year"": 2025, ""works_count"": 10, ""oa_works_count"": 9, ""cited_by_count"": 0}]"
https://openalex.org/A5003047938,Daniel Snow,2003,ICCV,5,3,SS→DOI→OA,5,2241,4,4,0.0,2005,"[{""year"": 1998, ""works_count"": 1, ""oa_works_count"": 0, ""cited_by_count"": 30}, {""year"": 2000, ""works_count"": 1, ""oa_works_count"": 0, ""cited_by_count"": 0}, {""year"": 2005, ""works_count"": 1, ""oa_works_count"": 0, ""cited_by_count"": 2100}, {""year"": 2008, ""works_count"": 1, ""oa_works_count"": 0, ""cited_by_count"": 78}, {""year"": 2015, ""works_count"": 1, ""oa_works_count"": 0, ""cited_by_count"": 33}]"
https://openalex.org/A5026996875,Youtao Zhang,2003,ICSE,3,3,SS→title→OA,315,7674,43,135,0.76,2000,"[{""year"": 2000, ""works_count"": 5, ""oa_works_count"": 4, ""cited_by_count"": 457}, {""year"": 2001, ""works_count"": 2, ""oa_works_count"": 0, ""cited_by_count"": 70}, {""year"": 2002, ""works_count"": 5, ""oa_works_count"": 1, ""cited_by_count"": 131}, {""year"": 2003, ""works_count"": 10, ""oa_works_count"": 0, ""cited_by_count"": 298}, {""year"": 2004, ""works_count"": 6, ""oa_works_count"": 0, ""cited_by_count"": 164}, {""year"": 2005, ""works_count"": 11, ""oa_works_count"": 1, ""cited_by_count"": 213}, {""year"": 2006, ""works_count"": 10, ""oa_works_count"": 0, ""cited_by_count"": 57}, {""year"": 2007, ""works_count"": 2, ""oa_works_count"": 0, ""cited_by_count"": 31}, {""year"": 2008, ""works_count"": 6, ""oa_works_count"": 0, ""cited_by_count"": 209}, {""year"": 2009, ""works_count"": 16, ""oa_works_count"": 1, ""cited_by_count"": 1690}, {""year"": 2010, ""works_count"": 11, ""oa_works_count"": 1, ""cited_by_count"": 566}, {""year"": 2011, ""works_count"": 9, ""oa_works_count"": 0, ""cited_by_count"": 371}, {""year"": 2012, ""works_count"": 6, ""oa_works_count"": 0, ""cited_by_count"": 395}, {""year"": 2013, ""works_count"": 11, ""oa_works_count"": 1, ""cited_by_count"": 257}, {""year"": 2014, ""works_count"": 16, ""oa_works_count"": 1, ""cited_by_count"": 294}, {""year"": 2015, ""works_count"": 18, ""oa_works_count"": 0, ""cited_by_count"": 233}, {""year"": 2016, ""works_count"": 12, ""oa_works_count"": 1, ""cited_by_count"": 314}, {""year"": 2017, ""works_count"": 24, ""oa_works_count"": 1, ""cited_by_count"": 291}, {""year"": 2018, ""works_count"": 17, ""oa_works_count"": 3, ""cited_by_count"": 486}, {""year"": 2019, ""works_count"": 30, ""oa_works_count"": 3, ""cited_by_count"": 420}, {""year"": 2020, ""works_count"": 16, ""oa_works_count"": 4, ""cited_by_count"": 219}, {""year"": 2021, ""works_count"": 20, ""oa_works_count"": 3, ""cited_by_count"": 257}, {""year"": 2022, ""works_count"": 13, ""oa_works_count"": 0, ""cited_by_count"": 161}, {""year"": 2023, ""works_count"": 14, ""oa_works_count"": 4, ""cited_by_count"": 71}, {""year"": 2024, ""works_count"": 14, ""oa_works_count"": 12, ""cited_by_count"": 17}, {""year"": 2025, ""works_count"": 10, ""oa_works_count"": 6, ""cited_by_count"": 2}, {""year"": 2026, ""works_count"": 1, ""oa_works_count"": 1, ""cited_by_count"": 0}]"
https://openalex.org/A5026932942,Alex Groce,2003,ICSE,2,3,SS→title→OA,191,4607,38,84,0.5555555555555556,2001,"[{""year"": 2001, ""works_count"": 1, ""oa_works_count"": 0, ""cited_by_count"": 28}, {""year"": 2002, ""works_count"": 7, ""oa_works_count"": 1, ""cited_by_count"": 291}, {""year"": 2003, ""works_count"": 3, ""oa_works_count"": 0, ""cited_by_count"": 388}, {""year"": 2004, ""works_count"": 10, ""oa_works_count"": 3, ""cited_by_count"": 782}, {""year"": 2005, ""works_count"": 2, ""oa_works_count"": 1, ""cited_by_count"": 249}, {""year"": 2006, ""works_count"": 5, ""oa_works_count"": 2, ""cited_by_count"": 77}, {""year"": 2007, ""works_count"": 2, ""oa_works_count"": 0, ""cited_by_count"": 148}, {""year"": 2008, ""works_count"": 9, ""oa_works_count"": 0, ""cited_by_count"": 229}, {""year"": 2009, ""works_count"": 4, ""oa_works_count"": 0, ""cited_by_count"": 50}, {""year"": 2010, ""works_count"": 4, ""oa_works_count"": 1, ""cited_by_count"": 208}, {""year"": 2011, ""works_count"": 5, ""oa_works_count"": 0, ""cited_by_count"": 42}, {""year"": 2012, ""works_count"": 5, ""oa_works_count"": 0, ""cited_by_count"": 148}, {""year"": 2013, ""works_count"": 6, ""oa_works_count"": 0, ""cited_by_count"": 301}, {""year"": 2014, ""works_count"": 17, ""oa_works_count"": 0, ""cited_by_count"": 516}, {""year"": 2015, ""works_count"": 11, ""oa_works_count"": 1, ""cited_by_count"": 199}, {""year"": 2016, ""works_count"": 20, ""oa_works_count"": 5, ""cited_by_count"": 223}, {""year"": 2017, ""works_count"": 13, ""oa_works_count"": 3, ""cited_by_count"": 114}, {""year"": 2018, ""works_count"": 12, ""oa_works_count"": 1, ""cited_by_count"": 117}, {""year"": 2019, ""works_count"": 6, ""oa_works_count"": 1, ""cited_by_count"": 29}, {""year"": 2020, ""works_count"": 10, ""oa_works_count"": 2, ""cited_by_count"": 232}, {""year"": 2021, ""works_count"": 9, ""oa_works_count"": 0, ""cited_by_count"": 188}, {""year"": 2022, ""works_count"": 10, ""oa_works_count"": 4, ""cited_by_count"": 30}, {""year"": 2023, ""works_count"": 11, ""oa_works_count"": 5, ""cited_by_count"": 13}, {""year"": 2024, ""works_count"": 5, ""oa_works_count"": 2, ""cited_by_count"": 5}, {""year"": 2025, ""works_count"": 3, ""oa_works_count"": 0, ""cited_by_count"": 0}, {""year"": 2026, ""works_count"": 1, ""oa_works_count"": 0, ""cited_by_count"": 0}]"
https://openalex.org/A5069421748,Darse Billings,2003,IJCAI,5,1,SS→title→OA,22,1170,15,16,0.0,1998,"[{""year"": 1998, ""works_count"": 3, ""oa_works_count"": 0, ""cited_by_count"": 191}, {""year"": 1999, ""works_count"": 2, ""oa_works_count"": 0, ""cited_by_count"": 88}, {""year"": 2000, ""works_count"": 2, ""oa_works_count"": 0, ""cited_by_count"": 57}, {""year"": 2001, ""works_count"": 1, ""oa_works_count"": 0, ""cited_by_count"": 24}, {""year"": 2002, ""works_count"": 2, ""oa_works_count"": 0, ""cited_by_count"": 266}, {""year"": 2003, ""works_count"": 2, ""oa_works_count"": 0, ""cited_by_count"": 211}, {""year"": 2004, ""works_count"": 2, ""oa_works_count"": 1, ""cited_by_count"": 12}, {""year"": 2006, ""works_count"": 5, ""oa_works_count"": 1, ""cited_by_count"": 160}, {""year"": 2009, ""works_count"": 1, ""oa_works_count"": 0, ""cited_by_count"": 11}, {""year"": 2012, ""works_count"": 2, ""oa_works_count"": 2, ""cited_by_count"": 150}]"
https://openalex.org/A5064274071,David Kempe,2003,KDD,4,1,SS→DOI→OA,179,18381,43,80,0.6363636363636364,1999,"[{""year"": 1999, ""works_count"": 1, ""oa_works_count"": 0, ""cited_by_count"": 0}, {""year"": 2000, ""works_count"": 1, ""oa_works_count"": 0, ""cited_by_count"": 311}, {""year"": 2001, ""works_count"": 1, ""oa_works_count"": 0, ""cited_by_count"": 226}, {""year"": 2002, ""works_count"": 5, ""oa_works_count"": 0, ""cited_by_count"": 467}, {""year"": 2003, ""works_count"": 4, ""oa_works_count"": 0, ""cited_by_count"": 8375}, {""year"": 2004, ""works_count"": 4, ""oa_works_count"": 0, ""cited_by_count"": 1736}, {""year"": 2005, ""works_count"": 8, ""oa_works_count"": 2, ""cited_by_count"": 1992}, {""year"": 2006, ""works_count"": 5, ""oa_works_count"": 1, ""cited_by_count"": 367}, {""year"": 2007, ""works_count"": 9, ""oa_works_count"": 1, ""cited_by_count"": 1368}, {""year"": 2008, ""works_count"": 11, ""oa_works_count"": 1, ""cited_by_count"": 1077}, {""year"": 2009, ""works_count"": 4, ""oa_works_count"": 1, ""cited_by_count"": 115}, {""year"": 2010, ""works_count"": 14, ""oa_works_count"": 2, ""cited_by_count"": 354}, {""year"": 2011, ""works_count"": 15, ""oa_works_count"": 9, ""cited_by_count"": 459}, {""year"": 2012, ""works_count"": 3, ""oa_works_count"": 2, ""cited_by_count"": 2}, {""year"": 2013, ""works_count"": 13, ""oa_works_count"": 4, ""cited_by_count"": 174}, {""year"": 2014, ""works_count"": 4, ""oa_works_count"": 0, ""cited_by_count"": 221}, {""year"": 2015, ""works_count"": 6, ""oa_works_count"": 4, ""cited_by_count"": 559}, {""year"": 2016, ""works_count"": 8, ""oa_works_count"": 6, ""cited_by_count"": 196}, {""year"": 2017, ""works_count"": 5, ""oa_works_count"": 4, ""cited_by_count"": 44}, {""year"": 2018, ""works_count"": 10, ""oa_works_count"": 7, ""cited_by_count"": 196}, {""year"": 2019, ""works_count"": 2, ""oa_works_count"": 1, ""cited_by_count"": 9}, {""year"": 2020, ""works_count"": 8, ""oa_works_count"": 7, ""cited_by_count"": 28}, {""year"": 2021, ""works_count"": 9, ""oa_works_count"": 7, ""cited_by_count"": 57}, {""year"": 2022, ""works_count"": 12, ""oa_works_count"": 10, ""cited_by_count"": 36}, {""year"": 2023, ""works_count"": 6, ""oa_works_count"": 4, ""cited_by_count"": 5}, {""year"": 2024, ""works_count"": 5, ""oa_works_count"": 4, ""cited_by_count"": 7}, {""year"": 2025, ""works_count"": 6, ""oa_works_count"": 5, ""cited_by_count"": 0}]"
https://openalex.org/A5032089564,Srikanth Bellamkonda,2003,SIGMOD,0,2,SS→DOI→OA,22,262,9,9,1.0,2003,"[{""year"": 2003, ""works_count"": 3, ""oa_works_count"": 0, ""cited_by_count"": 85}, {""year"": 2004, ""works_count"": 1, ""oa_works_count"": 0, ""cited_by_count"": 2}, {""year"": 2005, ""works_count"": 3, ""oa_works_count"": 0, ""cited_by_count"": 61}, {""year"": 2007, ""works_count"": 1, ""oa_works_count"": 0, ""cited_by_count"": 22}, {""year"": 2009, ""works_count"": 1, ""oa_works_count"": 0, ""cited_by_count"": 45}, {""year"": 2013, ""works_count"": 1, ""oa_works_count"": 0, ""cited_by_count"": 32}, {""year"": 2019, ""works_count"": 1, ""oa_works_count"": 1, ""cited_by_count"": 0}, {""year"": 2020, ""works_count"": 2, ""oa_works_count"": 2, ""cited_by_count"": 0}, {""year"": 2021, ""works_count"": 2, ""oa_works_count"": 2, ""cited_by_count"": 10}, {""year"": 2022, ""works_count"": 2, ""oa_works_count"": 2, ""cited_by_count"": 0}, {""year"": 2023, ""works_count"": 2, ""oa_works_count"": 2, ""cited_by_count"": 2}, {""year"": 2024, ""works_count"": 3, ""oa_works_count"": 3, ""cited_by_count"": 3}]"
https://openalex.org/A5102725147,Petros Maniatis,2003,SOSP,4,1,SS→title→OA,114,7188,41,67,3.0,1999,"[{""year"": 1999, ""works_count"": 2, ""oa_works_count"": 0, ""cited_by_count"": 188}, {""year"": 2001, ""works_count"": 1, ""oa_works_count"": 1, ""cited_by_count"": 30}, {""year"": 2002, ""works_count"": 4, ""oa_works_count"": 2, ""cited_by_count"": 318}, {""year"": 2003, ""works_count"": 8, ""oa_works_count"": 3, ""cited_by_count"": 200}, {""year"": 2004, ""works_count"": 5, ""oa_works_count"": 4, ""cited_by_count"": 48}, {""year"": 2005, ""works_count"": 9, ""oa_works_count"": 2, ""cited_by_count"": 895}, {""year"": 2006, ""works_count"": 9, ""oa_works_count"": 0, ""cited_by_count"": 582}, {""year"": 2007, ""works_count"": 7, ""oa_works_count"": 3, ""cited_by_count"": 613}, {""year"": 2008, ""works_count"": 6, ""oa_works_count"": 0, ""cited_by_count"": 191}, {""year"": 2009, ""works_count"": 6, ""oa_works_count"": 1, ""cited_by_count"": 784}, {""year"": 2010, ""works_count"": 5, ""oa_works_count"": 3, ""cited_by_count"": 327}, {""year"": 2011, ""works_count"": 7, ""oa_works_count"": 0, ""cited_by_count"": 2012}, {""year"": 2012, ""works_count"": 4, ""oa_works_count"": 0, ""cited_by_count"": 97}, {""year"": 2013, ""works_count"": 6, ""oa_works_count"": 0, ""cited_by_count"": 117}, {""year"": 2014, ""works_count"": 1, ""oa_works_count"": 0, ""cited_by_count"": 21}, {""year"": 2015, ""works_count"": 3, ""oa_works_count"": 0, ""cited_by_count"": 224}, {""year"": 2016, ""works_count"": 1, ""oa_works_count"": 0, ""cited_by_count"": 23}, {""year"": 2017, ""works_count"": 4, ""oa_works_count"": 3, ""cited_by_count"": 50}, {""year"": 2019, ""works_count"": 4, ""oa_works_count"": 4, ""cited_by_count"": 272}, {""year"": 2020, ""works_count"": 3, ""oa_works_count"": 1, ""cited_by_count"": 103}, {""year"": 2021, ""works_count"": 3, ""oa_works_count"": 2, ""cited_by_count"": 46}, {""year"": 2022, ""works_count"": 2, ""oa_works_count"": 2, ""cited_by_count"": 1}, {""year"": 2023, ""works_count"": 2, ""oa_works_count"": 2, ""cited_by_count"": 10}, {""year"": 2024, ""works_count"": 6, ""oa_works_count"": 5, ""cited_by_count"": 34}, {""year"": 2025, ""works_count"": 2, ""oa_works_count"": 2, ""cited_by_count"": 2}, {""year"": 2026, ""works_count"": 4, ""oa_works_count"": 4, ""cited_by_count"": 0}]"
https://openalex.org/A5112039412,Samuel T. King,2003,SOSP,3,1,SS→title→OA,80,6320,33,46,0.6666666666666666,2000,"[{""year"": 2000, ""works_count"": 1, ""oa_works_count"": 0, ""cited_by_count"": 12}, {""year"": 2002, ""works_count"": 3, ""oa_works_count"": 0, ""cited_by_count"": 1010}, {""year"": 2003, ""works_count"": 4, ""oa_works_count"": 0, ""cited_by_count"": 712}, {""year"": 2005, ""works_count"": 6, ""oa_works_count"": 0, ""cited_by_count"": 1019}, {""year"": 2006, ""works_count"": 2, ""oa_works_count"": 0, ""cited_by_count"": 760}, {""year"": 2008, ""works_count"": 6, ""oa_works_count"": 0, ""cited_by_count"": 601}, {""year"": 2009, ""works_count"": 8, ""oa_works_count"": 0, ""cited_by_count"": 431}, {""year"": 2010, ""works_count"": 7, ""oa_works_count"": 0, ""cited_by_count"": 594}, {""year"": 2011, ""works_count"": 8, ""oa_works_count"": 0, ""cited_by_count"": 827}, {""year"": 2012, ""works_count"": 3, ""oa_works_count"": 0, ""cited_by_count"": 57}, {""year"": 2013, ""works_count"": 10, ""oa_works_count"": 2, ""cited_by_count"": 128}, {""year"": 2015, ""works_count"": 4, ""oa_works_count"": 3, ""cited_by_count"": 75}, {""year"": 2016, ""works_count"": 1, ""oa_works_count"": 0, ""cited_by_count"": 2}, {""year"": 2018, ""works_count"": 2, ""oa_works_count"": 0, ""cited_by_count"": 11}, {""year"": 2019, ""works_count"": 2, ""oa_works_count"": 2, ""cited_by_count"": 23}, {""year"": 2020, ""works_count"": 3, ""oa_works_count"": 0, ""cited_by_count"": 35}, {""year"": 2021, ""works_count"": 4, ""oa_works_count"": 2, ""cited_by_count"": 20}, {""year"": 2022, ""works_count"": 1, ""oa_works_count"": 0, ""cited_by_count"": 1}, {""year"": 2023, ""works_count"": 2, ""oa_works_count"": 2, ""cited_by_count"": 0}, {""year"": 2024, ""works_count"": 2, ""oa_works_count"": 2, ""cited_by_count"": 2}, {""year"": 2025, ""works_count"": 1, ""oa_works_count"": 0, ""cited_by_count"": 0}]"
https://openalex.org/A5087418634,Glen Jeh,2003,WWW,1,1,SS→DOI→OA,8,3544,7,7,0.0,2002,"[{""year"": 2002, ""works_count"": 2, ""oa_works_count"": 0, ""cited_by_count"": 1982}, {""year"": 2003, ""works_count"": 3, ""oa_works_count"": 0, ""cited_by_count"": 1513}, {""year"": 2004, ""works_count"": 1, ""oa_works_count"": 0, ""cited_by_count"": 20}, {""year"": 2006, ""works_count"": 1, ""oa_works_count"": 0, ""cited_by_count"": 28}, {""year"": 2019, ""works_count"": 1, ""oa_works_count"": 0, ""cited_by_count"": 1}]"
https://openalex.org/A5080942754,Boanerges Aleman-Meza,2003,WWW,0,1,SS→title→OA,57,2218,22,33,0.0,2003,"[{""year"": 2003, ""works_count"": 3, ""oa_works_count"": 1, ""cited_by_count"": 359}, {""year"": 2004, ""works_count"": 4, ""oa_works_count"": 3, ""cited_by_count"": 204}, {""year"": 2005, ""works_count"": 11, ""oa_works_count"": 5, ""cited_by_count"": 768}, {""year"": 2006, ""works_count"": 9, ""oa_works_count"": 4, ""cited_by_count"": 325}, {""year"": 2007, ""works_count"": 6, ""oa_works_count"": 2, ""cited_by_count"": 169}, {""year"": 2008, ""works_count"": 2, ""oa_works_count"": 0, ""cited_by_count"": 52}, {""year"": 2009, ""works_count"": 1, ""oa_works_count"": 0, ""cited_by_count"": 4}, {""year"": 2010, ""works_count"": 5, ""oa_works_count"": 3, ""cited_by_count"": 78}, {""year"": 2011, ""works_count"": 1, ""oa_works_count"": 0, ""cited_by_count"": 0}, {""year"": 2013, ""works_count"": 1, ""oa_works_count"": 1, ""cited_by_count"": 32}, {""year"": 2014, ""works_count"": 1, ""oa_works_count"": 1, ""cited_by_count"": 51}, {""year"": 2015, ""works_count"": 4, ""oa_works_count"": 4, ""cited_by_count"": 138}, {""year"": 2017, ""works_count"": 9, ""oa_works_count"": 9, ""cited_by_count"": 38}]"
https://openalex.org/A5010776606,Chris Halaschek,2003,WWW,0,2,SS→title→OA,6,406,4,4,0.0,2003,"[{""year"": 2003, ""works_count"": 1, ""oa_works_count"": 1, ""cited_by_count"": 156}, {""year"": 2004, ""works_count"": 3, ""oa_works_count"": 3, ""cited_by_count"": 101}, {""year"": 2005, ""works_count"": 2, ""oa_works_count"": 1, ""cited_by_count"": 149}]"
https://openalex.org/A5046457818,Franz Josef Och,2002,ACL,4,1,SS→DOI→OA,70,20904,43,57,0.0,1999,"[{""year"": 1998, ""works_count"": 1, ""oa_works_count"": 1, ""cited_by_count"": 3}, {""year"": 1999, ""works_count"": 2, ""oa_works_count"": 2, ""cited_by_count"": 679}, {""year"": 2000, ""works_count"": 7, ""oa_works_count"": 2, ""cited_by_count"": 1773}, {""year"": 2001, ""works_count"": 9, ""oa_works_count"": 4, ""cited_by_count"": 1331}, {""year"": 2002, ""works_count"": 6, ""oa_works_count"": 3, ""cited_by_count"": 678}, {""year"": 2003, ""works_count"": 15, ""oa_works_count"": 8, ""cited_by_count"": 11385}, {""year"": 2004, ""works_count"": 5, ""oa_works_count"": 3, ""cited_by_count"": 2416}, {""year"": 2005, ""works_count"": 1, ""oa_works_count"": 0, ""cited_by_count"": 35}, {""year"": 2006, ""works_count"": 1, ""oa_works_count"": 0, ""cited_by_count"": 7}, {""year"": 2007, ""works_count"": 4, ""oa_works_count"": 1, ""cited_by_count"": 659}, {""year"": 2008, ""works_count"": 3, ""oa_works_count"": 3, ""cited_by_count"": 572}, {""year"": 2009, ""works_count"": 2, ""oa_works_count"": 2, ""cited_by_count"": 205}, {""year"": 2010, ""works_count"": 2, ""oa_works_count"": 0, ""cited_by_count"": 93}, {""year"": 2011, ""works_count"": 4, ""oa_works_count"": 0, ""cited_by_count"": 157}, {""year"": 2012, ""works_count"": 1, ""oa_works_count"": 0, ""cited_by_count"": 28}, {""year"": 2015, ""works_count"": 2, ""oa_works_count"": 2, ""cited_by_count"": 160}, {""year"": 2016, ""works_count"": 2, ""oa_works_count"": 2, ""cited_by_count"": 356}, {""year"": 2017, ""works_count"": 3, ""oa_works_count"": 3, ""cited_by_count"": 367}]"
https://openalex.org/A5079123053,William Henry Bukowski,2002,FOCS,0,1,SS→title→OA,1,0,0,0,0.0,2002,"[{""year"": 2002, ""works_count"": 1, ""oa_works_count"": 1, ""cited_by_count"": 0}]"
https://openalex.org/A5014101817,Darya Chudova,2002,KDD,4,1,SS→DOI→OA,140,5105,21,28,16.05,1998,"[{""year"": 1998, ""works_count"": 1, ""oa_works_count"": 0, ""cited_by_count"": 2}, {""year"": 2000, ""works_count"": 1, ""oa_works_count"": 1, ""cited_by_count"": 54}, {""year"": 2002, ""works_count"": 3, ""oa_works_count"": 0, ""cited_by_count"": 48}, {""year"": 2003, ""works_count"": 4, ""oa_works_count"": 1, ""cited_by_count"": 93}, {""year"": 2004, ""works_count"": 1, ""oa_works_count"": 1, ""cited_by_count"": 90}, {""year"": 2007, ""works_count"": 1, ""oa_works_count"": 0, ""cited_by_count"": 0}, {""year"": 2009, ""works_count"": 2, ""oa_works_count"": 2, ""cited_by_count"": 184}, {""year"": 2010, ""works_count"": 1, ""oa_works_count"": 1, ""cited_by_count"": 262}, {""year"": 2012, ""works_count"": 5, ""oa_works_count"": 3, ""cited_by_count"": 1212}, {""year"": 2013, ""works_count"": 3, ""oa_works_count"": 3, ""cited_by_count"": 66}, {""year"": 2014, ""works_count"": 2, ""oa_works_count"": 1, ""cited_by_count"": 628}, {""year"": 2015, ""works_count"": 4, ""oa_works_count"": 0, ""cited_by_count"": 460}, {""year"": 2016, ""works_count"": 10, ""oa_works_count"": 0, ""cited_by_count"": 82}, {""year"": 2017, ""works_count"": 8, ""oa_works_count"": 2, ""cited_by_count"": 166}, {""year"": 2018, ""works_count"": 11, ""oa_works_count"": 3, ""cited_by_count"": 990}, {""year"": 2019, ""works_count"": 11, ""oa_works_count"": 1, ""cited_by_count"": 236}, {""year"": 2020, ""works_count"": 5, ""oa_works_count"": 1, ""cited_by_count"": 109}, {""year"": 2021, ""works_count"": 5, ""oa_works_count"": 0, ""cited_by_count"": 7}, {""year"": 2022, ""works_count"": 7, ""oa_works_count"": 1, ""cited_by_count"": 88}, {""year"": 2023, ""works_count"": 35, ""oa_works_count"": 34, ""cited_by_count"": 7}, {""year"": 2024, ""works_count"": 3, ""oa_works_count"": 0, ""cited_by_count"": 313}, {""year"": 2025, ""works_count"": 17, ""oa_works_count"": 0, ""cited_by_count"": 8}]"
https://openalex.org/A5100388094,Yi Zhang,2002,SIGIR,1,1,SS→DOI→OA,83,1456,16,22,3.4444444444444446,2001,"[{""year"": 2001, ""works_count"": 1, ""oa_works_count"": 0, ""cited_by_count"": 116}, {""year"": 2002, ""works_count"": 1, ""oa_works_count"": 0, ""cited_by_count"": 432}, {""year"": 2004, ""works_count"": 2, ""oa_works_count"": 0, ""cited_by_count"": 162}, {""year"": 2005, ""works_count"": 2, ""oa_works_count"": 0, ""cited_by_count"": 2}, {""year"": 2006, ""works_count"": 5, ""oa_works_count"": 0, ""cited_by_count"": 153}, {""year"": 2007, ""works_count"": 3, ""oa_works_count"": 1, ""cited_by_count"": 11}, {""year"": 2008, ""works_count"": 1, ""oa_works_count"": 0, ""cited_by_count"": 24}, {""year"": 2010, ""works_count"": 4, ""oa_works_count"": 0, ""cited_by_count"": 39}, {""year"": 2012, ""works_count"": 3, ""oa_works_count"": 0, ""cited_by_count"": 19}, {""year"": 2013, ""works_count"": 2, ""oa_works_count"": 0, ""cited_by_count"": 4}, {""year"": 2014, ""works_count"": 3, ""oa_works_count"": 2, ""cited_by_count"": 16}, {""year"": 2015, ""works_count"": 1, ""oa_works_count"": 0, ""cited_by_count"": 2}, {""year"": 2016, ""works_count"": 3, ""oa_works_count"": 2, ""cited_by_count"": 19}, {""year"": 2017, ""works_count"": 2, ""oa_works_count"": 0, ""cited_by_count"": 16}, {""year"": 2018, ""works_count"": 2, ""oa_works_count"": 0, ""cited_by_count"": 2}, {""year"": 2019, ""works_count"": 10, ""oa_works_count"": 3, ""cited_by_count"": 45}, {""year"": 2020, ""works_count"": 13, ""oa_works_count"": 3, ""cited_by_count"": 173}, {""year"": 2021, ""works_count"": 6, ""oa_works_count"": 0, ""cited_by_count"": 21}, {""year"": 2022, ""works_count"": 8, ""oa_works_count"": 1, ""cited_by_count"": 144}, {""year"": 2023, ""works_count"": 2, ""oa_works_count"": 2, ""cited_by_count"": 25}, {""year"": 2024, ""works_count"": 5, ""oa_works_count"": 1, ""cited_by_count"": 30}, {""year"": 2025, ""works_count"": 4, ""oa_works_count"": 1, ""cited_by_count"": 1}]"
https://openalex.org/A5027569258,Ulrich Germann,2001,ACL,3,1,SS→DOI→OA,73,1900,21,32,0.0,2001,"[{""year"": 1998, ""works_count"": 2, ""oa_works_count"": 0, ""cited_by_count"": 7}, {""year"": 1999, ""works_count"": 2, ""oa_works_count"": 0, ""cited_by_count"": 5}, {""year"": 2000, ""works_count"": 2, ""oa_works_count"": 1, ""cited_by_count"": 34}, {""year"": 2001, ""works_count"": 5, ""oa_works_count"": 2, ""cited_by_count"": 374}, {""year"": 2002, ""works_count"": 1, ""oa_works_count"": 0, ""cited_by_count"": 8}, {""year"": 2003, ""works_count"": 4, ""oa_works_count"": 3, ""cited_by_count"": 190}, {""year"": 2007, ""works_count"": 1, ""oa_works_count"": 1, ""cited_by_count"": 6}, {""year"": 2008, ""works_count"": 2, ""oa_works_count"": 0, ""cited_by_count"": 53}, {""year"": 2009, ""works_count"": 4, ""oa_works_count"": 2, ""cited_by_count"": 38}, {""year"": 2010, ""works_count"": 1, ""oa_works_count"": 1, ""cited_by_count"": 20}, {""year"": 2012, ""works_count"": 1, ""oa_works_count"": 0, ""cited_by_count"": 2}, {""year"": 2013, ""works_count"": 3, ""oa_works_count"": 2, ""cited_by_count"": 17}, {""year"": 2014, ""works_count"": 8, ""oa_works_count"": 4, ""cited_by_count"": 174}, {""year"": 2015, ""works_count"": 3, ""oa_works_count"": 1, ""cited_by_count"": 20}, {""year"": 2016, ""works_count"": 4, ""oa_works_count"": 3, ""cited_by_count"": 13}, {""year"": 2017, ""works_count"": 9, ""oa_works_count"": 8, ""cited_by_count"": 291}, {""year"": 2018, ""works_count"": 8, ""oa_works_count"": 7, ""cited_by_count"": 119}, {""year"": 2019, ""works_count"": 2, ""oa_works_count"": 2, ""cited_by_count"": 2}, {""year"": 2020, ""works_count"": 5, ""oa_works_count"": 5, ""cited_by_count"": 37}, {""year"": 2021, ""works_count"": 2, ""oa_works_count"": 2, ""cited_by_count"": 33}, {""year"": 2022, ""works_count"": 2, ""oa_works_count"": 2, ""cited_by_count"": 0}]"
https://openalex.org/A5053233618,Michael Jahr,2001,ACL,1,2,SS→DOI→OA,5,322,4,3,0.0,2000,"[{""year"": 2000, ""works_count"": 1, ""oa_works_count"": 0, ""cited_by_count"": 32}, {""year"": 2001, ""works_count"": 2, ""oa_works_count"": 1, ""cited_by_count"": 234}, {""year"": 2003, ""works_count"": 1, ""oa_works_count"": 1, ""cited_by_count"": 52}, {""year"": 2011, ""works_count"": 1, ""oa_works_count"": 0, ""cited_by_count"": 4}]"
https://openalex.org/A5100462890,Jiwon Kim,2001,ICCV,-1,2,SS→DOI→OA,67,3398,16,19,1.0,2005,"[{""year"": 2002, ""works_count"": 1, ""oa_works_count"": 0, ""cited_by_count"": 146}, {""year"": 2005, ""works_count"": 1, ""oa_works_count"": 0, ""cited_by_count"": 3}, {""year"": 2009, ""works_count"": 1, ""oa_works_count"": 0, ""cited_by_count"": 68}, {""year"": 2012, ""works_count"": 1, ""oa_works_count"": 0, ""cited_by_count"": 18}, {""year"": 2013, ""works_count"": 1, ""oa_works_count"": 0, ""cited_by_count"": 16}, {""year"": 2014, ""works_count"": 4, ""oa_works_count"": 0, ""cited_by_count"": 81}, {""year"": 2015, ""works_count"": 3, ""oa_works_count"": 2, ""cited_by_count"": 139}, {""year"": 2016, ""works_count"": 2, ""oa_works_count"": 1, ""cited_by_count"": 0}, {""year"": 2017, ""works_count"": 9, ""oa_works_count"": 5, ""cited_by_count"": 969}, {""year"": 2018, ""works_count"": 3, ""oa_works_count"": 1, ""cited_by_count"": 30}, {""year"": 2019, ""works_count"": 5, ""oa_works_count"": 3, ""cited_by_count"": 1287}, {""year"": 2020, ""works_count"": 7, ""oa_works_count"": 6, ""cited_by_count"": 445}, {""year"": 2021, ""works_count"": 6, ""oa_works_count"": 3, ""cited_by_count"": 123}, {""year"": 2022, ""works_count"": 6, ""oa_works_count"": 6, ""cited_by_count"": 29}, {""year"": 2023, ""works_count"": 6, ""oa_works_count"": 3, ""cited_by_count"": 33}, {""year"": 2024, ""works_count"": 5, ""oa_works_count"": 3, ""cited_by_count"": 8}, {""year"": 2025, ""works_count"": 5, ""oa_works_count"": 1, ""cited_by_count"": 3}, {""year"": 2026, ""works_count"": 1, ""oa_works_count"": 1, ""cited_by_count"": 0}]"
https://openalex.org/A5012032862,Edwin M. Knorr,2001,KDD,5,1,SS→DOI→OA,22,3658,9,9,0.0,1996,"[{""year"": 1996, ""works_count"": 4, ""oa_works_count"": 0, ""cited_by_count"": 103}, {""year"": 1997, ""works_count"": 4, ""oa_works_count"": 0, ""cited_by_count"": 346}, {""year"": 1998, ""works_count"": 1, ""oa_works_count"": 0, ""cited_by_count"": 1529}, {""year"": 1999, ""works_count"": 1, ""oa_works_count"": 0, ""cited_by_count"": 421}, {""year"": 2000, ""works_count"": 1, ""oa_works_count"": 0, ""cited_by_count"": 1188}, {""year"": 2001, ""works_count"": 1, ""oa_works_count"": 0, ""cited_by_count"": 48}, {""year"": 2003, ""works_count"": 1, ""oa_works_count"": 0, ""cited_by_count"": 3}, {""year"": 2009, ""works_count"": 1, ""oa_works_count"": 1, ""cited_by_count"": 0}, {""year"": 2010, ""works_count"": 2, ""oa_works_count"": 0, ""cited_by_count"": 0}, {""year"": 2013, ""works_count"": 1, ""oa_works_count"": 0, ""cited_by_count"": 3}, {""year"": 2016, ""works_count"": 1, ""oa_works_count"": 0, ""cited_by_count"": 2}, {""year"": 2017, ""works_count"": 1, ""oa_works_count"": 0, ""cited_by_count"": 4}, {""year"": 2018, ""works_count"": 1, ""oa_works_count"": 0, ""cited_by_count"": 1}, {""year"": 2019, ""works_count"": 1, ""oa_works_count"": 0, ""cited_by_count"": 2}, {""year"": 2020, ""works_count"": 1, ""oa_works_count"": 0, ""cited_by_count"": 8}]"
https://openalex.org/A5015424594,Amnon Lotem,2001,PODS,3,2,SS→DOI→OA,14,2766,11,11,0.0,1999,"[{""year"": 1998, ""works_count"": 1, ""oa_works_count"": 0, ""cited_by_count"": 4}, {""year"": 1999, ""works_count"": 3, ""oa_works_count"": 1, ""cited_by_count"": 515}, {""year"": 2000, ""works_count"": 4, ""oa_works_count"": 0, ""cited_by_count"": 72}, {""year"": 2001, ""works_count"": 3, ""oa_works_count"": 0, ""cited_by_count"": 1220}, {""year"": 2002, ""works_count"": 1, ""oa_works_count"": 1, ""cited_by_count"": 0}, {""year"": 2003, ""works_count"": 1, ""oa_works_count"": 0, ""cited_by_count"": 937}, {""year"": 2006, ""works_count"": 1, ""oa_works_count"": 0, ""cited_by_count"": 18}]"
https://openalex.org/A5068395748,Vikas Khandelwal,2001,SIGIR,1,3,SS→title→OA,3,282,3,2,0.0,2001,"[{""year"": 2000, ""works_count"": 1, ""oa_works_count"": 0, ""cited_by_count"": 24}, {""year"": 2001, ""works_count"": 2, ""oa_works_count"": 1, ""cited_by_count"": 258}]"
https://openalex.org/A5078245746,Eamonn Keogh,2001,SIGMOD,4,1,SS→DOI→OA,375,42486,91,228,1.5454545454545454,1997,"[{""year"": 1997, ""works_count"": 2, ""oa_works_count"": 1, ""cited_by_count"": 277}, {""year"": 1998, ""works_count"": 1, ""oa_works_count"": 0, ""cited_by_count"": 506}, {""year"": 1999, ""works_count"": 4, ""oa_works_count"": 1, ""cited_by_count"": 525}, {""year"": 2000, ""works_count"": 3, ""oa_works_count"": 2, ""cited_by_count"": 1069}, {""year"": 2001, ""works_count"": 6, ""oa_works_count"": 0, ""cited_by_count"": 3839}, {""year"": 2002, ""works_count"": 13, ""oa_works_count"": 0, ""cited_by_count"": 3989}, {""year"": 2003, ""works_count"": 16, ""oa_works_count"": 0, ""cited_by_count"": 4896}, {""year"": 2004, ""works_count"": 17, ""oa_works_count"": 0, ""cited_by_count"": 4946}, {""year"": 2005, ""works_count"": 22, ""oa_works_count"": 4, ""cited_by_count"": 1430}, {""year"": 2006, ""works_count"": 28, ""oa_works_count"": 3, ""cited_by_count"": 2904}, {""year"": 2007, ""works_count"": 17, ""oa_works_count"": 2, ""cited_by_count"": 2398}, {""year"": 2008, ""works_count"": 13, ""oa_works_count"": 1, ""cited_by_count"": 2033}, {""year"": 2009, ""works_count"": 11, ""oa_works_count"": 1, ""cited_by_count"": 1204}, {""year"": 2010, ""works_count"": 25, ""oa_works_count"": 4, ""cited_by_count"": 1828}, {""year"": 2011, ""works_count"": 13, ""oa_works_count"": 0, ""cited_by_count"": 878}, {""year"": 2012, ""works_count"": 16, ""oa_works_count"": 1, ""cited_by_count"": 2249}, {""year"": 2013, ""works_count"": 16, ""oa_works_count"": 2, ""cited_by_count"": 1324}, {""year"": 2014, ""works_count"": 11, ""oa_works_count"": 4, ""cited_by_count"": 460}, {""year"": 2015, ""works_count"": 13, ""oa_works_count"": 6, ""cited_by_count"": 660}, {""year"": 2016, ""works_count"": 15, ""oa_works_count"": 8, ""cited_by_count"": 2898}, {""year"": 2017, ""works_count"": 13, ""oa_works_count"": 2, ""cited_by_count"": 604}, {""year"": 2018, ""works_count"": 18, ""oa_works_count"": 8, ""cited_by_count"": 637}, {""year"": 2019, ""works_count"": 21, ""oa_works_count"": 12, ""cited_by_count"": 287}, {""year"": 2020, ""works_count"": 21, ""oa_works_count"": 11, ""cited_by_count"": 383}, {""year"": 2021, ""works_count"": 5, ""oa_works_count"": 1, ""cited_by_count"": 77}, {""year"": 2022, ""works_count"": 10, ""oa_works_count"": 3, ""cited_by_count"": 107}, {""year"": 2023, ""works_count"": 14, ""oa_works_count"": 6, ""cited_by_count"": 61}, {""year"": 2024, ""works_count"": 9, ""oa_works_count"": 5, ""cited_by_count"": 15}, {""year"": 2025, ""works_count"": 2, ""oa_works_count"": 1, ""cited_by_count"": 2}]"
https://openalex.org/A5041830534,Steve Zdancewic,2001,SOSP,2,1,SS→DOI→OA,166,6896,46,92,1.5,1999,"[{""year"": 1999, ""works_count"": 4, ""oa_works_count"": 2, ""cited_by_count"": 221}, {""year"": 2000, ""works_count"": 3, ""oa_works_count"": 2, ""cited_by_count"": 70}, {""year"": 2001, ""works_count"": 4, ""oa_works_count"": 0, ""cited_by_count"": 175}, {""year"": 2002, ""works_count"": 2, ""oa_works_count"": 0, ""cited_by_count"": 232}, {""year"": 2003, ""works_count"": 4, ""oa_works_count"": 2, ""cited_by_count"": 193}, {""year"": 2004, ""works_count"": 11, ""oa_works_count"": 1, ""cited_by_count"": 767}, {""year"": 2005, ""works_count"": 6, ""oa_works_count"": 1, ""cited_by_count"": 748}, {""year"": 2006, ""works_count"": 10, ""oa_works_count"": 0, ""cited_by_count"": 343}, {""year"": 2007, ""works_count"": 8, ""oa_works_count"": 1, ""cited_by_count"": 221}, {""year"": 2008, ""works_count"": 8, ""oa_works_count"": 0, ""cited_by_count"": 470}, {""year"": 2009, ""works_count"": 9, ""oa_works_count"": 0, ""cited_by_count"": 773}, {""year"": 2010, ""works_count"": 9, ""oa_works_count"": 0, ""cited_by_count"": 521}, {""year"": 2011, ""works_count"": 4, ""oa_works_count"": 0, ""cited_by_count"": 57}, {""year"": 2012, ""works_count"": 7, ""oa_works_count"": 0, ""cited_by_count"": 464}, {""year"": 2013, ""works_count"": 7, ""oa_works_count"": 2, ""cited_by_count"": 147}, {""year"": 2014, ""works_count"": 5, ""oa_works_count"": 3, ""cited_by_count"": 198}, {""year"": 2015, ""works_count"": 7, ""oa_works_count"": 4, ""cited_by_count"": 355}, {""year"": 2016, ""works_count"": 8, ""oa_works_count"": 3, ""cited_by_count"": 230}, {""year"": 2017, ""works_count"": 5, ""oa_works_count"": 3, ""cited_by_count"": 86}, {""year"": 2018, ""works_count"": 6, ""oa_works_count"": 3, ""cited_by_count"": 94}, {""year"": 2019, ""works_count"": 9, ""oa_works_count"": 7, ""cited_by_count"": 341}, {""year"": 2020, ""works_count"": 2, ""oa_works_count"": 2, ""cited_by_count"": 6}, {""year"": 2021, ""works_count"": 5, ""oa_works_count"": 5, ""cited_by_count"": 88}, {""year"": 2022, ""works_count"": 4, ""oa_works_count"": 4, ""cited_by_count"": 37}, {""year"": 2023, ""works_count"": 5, ""oa_works_count"": 5, ""cited_by_count"": 38}, {""year"": 2024, ""works_count"": 4, ""oa_works_count"": 4, ""cited_by_count"": 14}, {""year"": 2025, ""works_count"": 10, ""oa_works_count"": 9, ""cited_by_count"": 7}]"
https://openalex.org/A5069017863,Lantian Zheng,2001,SOSP,0,2,SS→DOI→OA,20,984,11,12,2.0,2001,"[{""year"": 2001, ""works_count"": 3, ""oa_works_count"": 0, ""cited_by_count"": 104}, {""year"": 2002, ""works_count"": 1, ""oa_works_count"": 0, ""cited_by_count"": 169}, {""year"": 2004, ""works_count"": 4, ""oa_works_count"": 2, ""cited_by_count"": 205}, {""year"": 2005, ""works_count"": 2, ""oa_works_count"": 0, ""cited_by_count"": 70}, {""year"": 2006, ""works_count"": 1, ""oa_works_count"": 1, ""cited_by_count"": 2}, {""year"": 2007, ""works_count"": 4, ""oa_works_count"": 0, ""cited_by_count"": 385}, {""year"": 2008, ""works_count"": 1, ""oa_works_count"": 0, ""cited_by_count"": 6}, {""year"": 2009, ""works_count"": 1, ""oa_works_count"": 0, ""cited_by_count"": 29}, {""year"": 2014, ""works_count"": 1, ""oa_works_count"": 0, ""cited_by_count"": 10}, {""year"": 2024, ""works_count"": 1, ""oa_works_count"": 0, ""cited_by_count"": 1}, {""year"": 2025, ""works_count"": 1, ""oa_works_count"": 0, ""cited_by_count"": 3}]"
https://openalex.org/A5111998286,Nathaniel Nystrom,2001,SOSP,3,3,SS→DOI→OA,47,1400,16,21,1.0,1998,"[{""year"": 1998, ""works_count"": 3, ""oa_works_count"": 0, ""cited_by_count"": 22}, {""year"": 2001, ""works_count"": 4, ""oa_works_count"": 0, ""cited_by_count"": 112}, {""year"": 2002, ""works_count"": 2, ""oa_works_count"": 0, ""cited_by_count"": 200}, {""year"": 2003, ""works_count"": 1, ""oa_works_count"": 0, ""cited_by_count"": 373}, {""year"": 2004, ""works_count"": 3, ""oa_works_count"": 0, ""cited_by_count"": 181}, {""year"": 2006, ""works_count"": 5, ""oa_works_count"": 0, ""cited_by_count"": 133}, {""year"": 2007, ""works_count"": 3, ""oa_works_count"": 0, ""cited_by_count"": 19}, {""year"": 2008, ""works_count"": 2, ""oa_works_count"": 0, ""cited_by_count"": 55}, {""year"": 2009, ""works_count"": 4, ""oa_works_count"": 0, ""cited_by_count"": 99}, {""year"": 2011, ""works_count"": 4, ""oa_works_count"": 1, ""cited_by_count"": 56}, {""year"": 2012, ""works_count"": 4, ""oa_works_count"": 0, ""cited_by_count"": 5}, {""year"": 2015, ""works_count"": 4, ""oa_works_count"": 0, ""cited_by_count"": 85}, {""year"": 2016, ""works_count"": 3, ""oa_works_count"": 0, ""cited_by_count"": 36}, {""year"": 2017, ""works_count"": 1, ""oa_works_count"": 0, ""cited_by_count"": 4}, {""year"": 2018, ""works_count"": 1, ""oa_works_count"": 0, ""cited_by_count"": 0}, {""year"": 2019, ""works_count"": 2, ""oa_works_count"": 1, ""cited_by_count"": 19}, {""year"": 2025, ""works_count"": 1, ""oa_works_count"": 1, ""cited_by_count"": 1}]"
https://openalex.org/A5084561739,Rodrigo Rodrigues,2001,SOSP,0,1,SS→DOI→OA,117,5406,34,60,0.0,2004,"[{""year"": 2001, ""works_count"": 3, ""oa_works_count"": 1, ""cited_by_count"": 187}, {""year"": 2002, ""works_count"": 1, ""oa_works_count"": 0, ""cited_by_count"": 56}, {""year"": 2003, ""works_count"": 5, ""oa_works_count"": 2, ""cited_by_count"": 554}, {""year"": 2004, ""works_count"": 4, ""oa_works_count"": 1, ""cited_by_count"": 214}, {""year"": 2005, ""works_count"": 5, ""oa_works_count"": 0, ""cited_by_count"": 570}, {""year"": 2006, ""works_count"": 2, ""oa_works_count"": 0, ""cited_by_count"": 355}, {""year"": 2007, ""works_count"": 5, ""oa_works_count"": 2, ""cited_by_count"": 48}, {""year"": 2008, ""works_count"": 7, ""oa_works_count"": 1, ""cited_by_count"": 102}, {""year"": 2009, ""works_count"": 5, ""oa_works_count"": 0, ""cited_by_count"": 677}, {""year"": 2010, ""works_count"": 7, ""oa_works_count"": 0, ""cited_by_count"": 783}, {""year"": 2011, ""works_count"": 7, ""oa_works_count"": 1, ""cited_by_count"": 479}, {""year"": 2012, ""works_count"": 8, ""oa_works_count"": 2, ""cited_by_count"": 642}, {""year"": 2013, ""works_count"": 1, ""oa_works_count"": 0, ""cited_by_count"": 0}, {""year"": 2014, ""works_count"": 3, ""oa_works_count"": 0, ""cited_by_count"": 120}, {""year"": 2015, ""works_count"": 12, ""oa_works_count"": 5, ""cited_by_count"": 351}, {""year"": 2016, ""works_count"": 4, ""oa_works_count"": 1, ""cited_by_count"": 93}, {""year"": 2017, ""works_count"": 5, ""oa_works_count"": 4, ""cited_by_count"": 27}, {""year"": 2018, ""works_count"": 8, ""oa_works_count"": 2, ""cited_by_count"": 47}, {""year"": 2019, ""works_count"": 5, ""oa_works_count"": 1, ""cited_by_count"": 4}, {""year"": 2020, ""works_count"": 5, ""oa_works_count"": 3, ""cited_by_count"": 43}, {""year"": 2021, ""works_count"": 2, ""oa_works_count"": 2, ""cited_by_count"": 3}, {""year"": 2022, ""works_count"": 2, ""oa_works_count"": 0, ""cited_by_count"": 3}, {""year"": 2023, ""works_count"": 7, ""oa_works_count"": 4, ""cited_by_count"": 48}, {""year"": 2024, ""works_count"": 2, ""oa_works_count"": 2, ""cited_by_count"": 0}, {""year"": 2025, ""works_count"": 2, ""oa_works_count"": 1, ""cited_by_count"": 0}]"
https://openalex.org/A5059491225,Miguel Castro,2001,SOSP,5,2,SS→DOI→OA,171,18194,46,71,1.2857142857142858,1996,"[{""year"": 1996, ""works_count"": 6, ""oa_works_count"": 0, ""cited_by_count"": 168}, {""year"": 1997, ""works_count"": 1, ""oa_works_count"": 1, ""cited_by_count"": 57}, {""year"": 1999, ""works_count"": 6, ""oa_works_count"": 2, ""cited_by_count"": 3488}, {""year"": 2000, ""works_count"": 2, ""oa_works_count"": 1, ""cited_by_count"": 177}, {""year"": 2001, ""works_count"": 5, ""oa_works_count"": 2, ""cited_by_count"": 698}, {""year"": 2002, ""works_count"": 13, ""oa_works_count"": 1, ""cited_by_count"": 5586}, {""year"": 2003, ""works_count"": 13, ""oa_works_count"": 0, ""cited_by_count"": 3336}, {""year"": 2004, ""works_count"": 13, ""oa_works_count"": 0, ""cited_by_count"": 982}, {""year"": 2005, ""works_count"": 6, ""oa_works_count"": 0, ""cited_by_count"": 743}, {""year"": 2006, ""works_count"": 7, ""oa_works_count"": 0, ""cited_by_count"": 485}, {""year"": 2007, ""works_count"": 4, ""oa_works_count"": 1, ""cited_by_count"": 165}, {""year"": 2008, ""works_count"": 9, ""oa_works_count"": 1, ""cited_by_count"": 531}, {""year"": 2009, ""works_count"": 3, ""oa_works_count"": 0, ""cited_by_count"": 398}, {""year"": 2010, ""works_count"": 5, ""oa_works_count"": 0, ""cited_by_count"": 29}, {""year"": 2011, ""works_count"": 1, ""oa_works_count"": 0, ""cited_by_count"": 8}, {""year"": 2012, ""works_count"": 2, ""oa_works_count"": 0, ""cited_by_count"": 23}, {""year"": 2013, ""works_count"": 3, ""oa_works_count"": 0, ""cited_by_count"": 7}, {""year"": 2014, ""works_count"": 8, ""oa_works_count"": 1, ""cited_by_count"": 554}, {""year"": 2015, ""works_count"": 7, ""oa_works_count"": 1, ""cited_by_count"": 325}, {""year"": 2016, ""works_count"": 4, ""oa_works_count"": 1, ""cited_by_count"": 40}, {""year"": 2017, ""works_count"": 8, ""oa_works_count"": 0, ""cited_by_count"": 85}, {""year"": 2018, ""works_count"": 4, ""oa_works_count"": 1, ""cited_by_count"": 2}, {""year"": 2019, ""works_count"": 3, ""oa_works_count"": 1, ""cited_by_count"": 143}, {""year"": 2020, ""works_count"": 3, ""oa_works_count"": 2, ""cited_by_count"": 15}, {""year"": 2021, ""works_count"": 4, ""oa_works_count"": 3, ""cited_by_count"": 93}, {""year"": 2022, ""works_count"": 16, ""oa_works_count"": 13, ""cited_by_count"": 28}, {""year"": 2023, ""works_count"": 8, ""oa_works_count"": 4, ""cited_by_count"": 19}, {""year"": 2024, ""works_count"": 4, ""oa_works_count"": 3, ""cited_by_count"": 7}, {""year"": 2025, ""works_count"": 3, ""oa_works_count"": 3, ""cited_by_count"": 2}]"
https://openalex.org/A5008167536,Chester Fitchett,2001,UIST,0,2,SS→DOI→OA,3,667,3,3,0.0,2001,"[{""year"": 2001, ""works_count"": 3, ""oa_works_count"": 1, ""cited_by_count"": 667}]"
https://openalex.org/A5102195798,Jian Yin,2001,WWW,2,1,SS→DOI→OA,33,949,13,15,2.0,1999,"[{""year"": 1999, ""works_count"": 2, ""oa_works_count"": 0, ""cited_by_count"": 167}, {""year"": 2001, ""works_count"": 1, ""oa_works_count"": 0, ""cited_by_count"": 66}, {""year"": 2002, ""works_count"": 1, ""oa_works_count"": 0, ""cited_by_count"": 53}, {""year"": 2003, ""works_count"": 3, ""oa_works_count"": 0, ""cited_by_count"": 410}, {""year"": 2004, ""works_count"": 2, ""oa_works_count"": 0, ""cited_by_count"": 28}, {""year"": 2006, ""works_count"": 3, ""oa_works_count"": 0, ""cited_by_count"": 43}, {""year"": 2007, ""works_count"": 1, ""oa_works_count"": 0, ""cited_by_count"": 48}, {""year"": 2008, ""works_count"": 2, ""oa_works_count"": 0, ""cited_by_count"": 67}, {""year"": 2009, ""works_count"": 1, ""oa_works_count"": 0, ""cited_by_count"": 14}, {""year"": 2010, ""works_count"": 1, ""oa_works_count"": 0, ""cited_by_count"": 29}, {""year"": 2011, ""works_count"": 3, ""oa_works_count"": 0, ""cited_by_count"": 5}, {""year"": 2015, ""works_count"": 1, ""oa_works_count"": 1, ""cited_by_count"": 4}, {""year"": 2018, ""works_count"": 1, ""oa_works_count"": 1, ""cited_by_count"": 0}, {""year"": 2020, ""works_count"": 1, ""oa_works_count"": 1, ""cited_by_count"": 0}, {""year"": 2023, ""works_count"": 3, ""oa_works_count"": 2, ""cited_by_count"": 1}, {""year"": 2024, ""works_count"": 3, ""oa_works_count"": 1, ""cited_by_count"": 5}, {""year"": 2025, ""works_count"": 4, ""oa_works_count"": 1, ""cited_by_count"": 9}]"
https://openalex.org/A5047278339,Finnegan Southey,2000,AAAI,2,2,GS→title→OA,28,687,14,16,0.0,1999,"[{""year"": 1998, ""works_count"": 1, ""oa_works_count"": 1, ""cited_by_count"": 4}, {""year"": 1999, ""works_count"": 1, ""oa_works_count"": 0, ""cited_by_count"": 27}, {""year"": 2000, ""works_count"": 3, ""oa_works_count"": 0, ""cited_by_count"": 51}, {""year"": 2001, ""works_count"": 3, ""oa_works_count"": 0, ""cited_by_count"": 181}, {""year"": 2002, ""works_count"": 2, ""oa_works_count"": 1, ""cited_by_count"": 53}, {""year"": 2003, ""works_count"": 1, ""oa_works_count"": 0, ""cited_by_count"": 20}, {""year"": 2004, ""works_count"": 1, ""oa_works_count"": 1, ""cited_by_count"": 0}, {""year"": 2005, ""works_count"": 6, ""oa_works_count"": 1, ""cited_by_count"": 57}, {""year"": 2006, ""works_count"": 2, ""oa_works_count"": 0, ""cited_by_count"": 42}, {""year"": 2007, ""works_count"": 2, ""oa_works_count"": 0, ""cited_by_count"": 42}, {""year"": 2008, ""works_count"": 3, ""oa_works_count"": 1, ""cited_by_count"": 55}, {""year"": 2012, ""works_count"": 2, ""oa_works_count"": 2, ""cited_by_count"": 150}, {""year"": 2013, ""works_count"": 1, ""oa_works_count"": 1, ""cited_by_count"": 5}]"
https://openalex.org/A5012751147,Dorin Comaniciu,2000,CVPR,4,1,SS→DOI→OA,421,34519,64,230,1.2727272727272727,1996,"[{""year"": 1996, ""works_count"": 1, ""oa_works_count"": 0, ""cited_by_count"": 0}, {""year"": 1998, ""works_count"": 2, ""oa_works_count"": 1, ""cited_by_count"": 14}, {""year"": 1999, ""works_count"": 4, ""oa_works_count"": 0, ""cited_by_count"": 1255}, {""year"": 2000, ""works_count"": 1, ""oa_works_count"": 0, ""cited_by_count"": 84}, {""year"": 2001, ""works_count"": 2, ""oa_works_count"": 0, ""cited_by_count"": 78}, {""year"": 2002, ""works_count"": 22, ""oa_works_count"": 1, ""cited_by_count"": 15998}, {""year"": 2003, ""works_count"": 16, ""oa_works_count"": 0, ""cited_by_count"": 5340}, {""year"": 2004, ""works_count"": 13, ""oa_works_count"": 1, ""cited_by_count"": 393}, {""year"": 2005, ""works_count"": 12, ""oa_works_count"": 0, ""cited_by_count"": 567}, {""year"": 2006, ""works_count"": 19, ""oa_works_count"": 3, ""cited_by_count"": 787}, {""year"": 2007, ""works_count"": 9, ""oa_works_count"": 0, ""cited_by_count"": 446}, {""year"": 2008, ""works_count"": 18, ""oa_works_count"": 1, ""cited_by_count"": 1462}, {""year"": 2009, ""works_count"": 29, ""oa_works_count"": 0, ""cited_by_count"": 660}, {""year"": 2010, ""works_count"": 27, ""oa_works_count"": 4, ""cited_by_count"": 687}, {""year"": 2011, ""works_count"": 34, ""oa_works_count"": 2, ""cited_by_count"": 991}, {""year"": 2012, ""works_count"": 27, ""oa_works_count"": 6, ""cited_by_count"": 763}, {""year"": 2013, ""works_count"": 12, ""oa_works_count"": 1, ""cited_by_count"": 179}, {""year"": 2014, ""works_count"": 29, ""oa_works_count"": 3, ""cited_by_count"": 241}, {""year"": 2015, ""works_count"": 14, ""oa_works_count"": 4, ""cited_by_count"": 474}, {""year"": 2016, ""works_count"": 19, ""oa_works_count"": 7, ""cited_by_count"": 865}, {""year"": 2017, ""works_count"": 16, ""oa_works_count"": 8, ""cited_by_count"": 1021}, {""year"": 2018, ""works_count"": 11, ""oa_works_count"": 7, ""cited_by_count"": 259}, {""year"": 2019, ""works_count"": 12, ""oa_works_count"": 6, ""cited_by_count"": 854}, {""year"": 2020, ""works_count"": 21, ""oa_works_count"": 13, ""cited_by_count"": 691}, {""year"": 2021, ""works_count"": 12, ""oa_works_count"": 9, ""cited_by_count"": 241}, {""year"": 2022, ""works_count"": 6, ""oa_works_count"": 5, ""cited_by_count"": 107}, {""year"": 2023, ""works_count"": 11, ""oa_works_count"": 6, ""cited_by_count"": 34}, {""year"": 2024, ""works_count"": 12, ""oa_works_count"": 9, ""cited_by_count"": 23}, {""year"": 2025, ""works_count"": 9, ""oa_works_count"": 7, ""cited_by_count"": 5}, {""year"": 2026, ""works_count"": 1, ""oa_works_count"": 0, ""cited_by_count"": 0}]"
https://openalex.org/A5017036718,András Veres,2000,INFOCOM,2,1,SS→DOI→OA,47,1931,14,17,0.0,1998,"[{""year"": 1998, ""works_count"": 1, ""oa_works_count"": 1, ""cited_by_count"": 18}, {""year"": 1999, ""works_count"": 1, ""oa_works_count"": 0, ""cited_by_count"": 0}, {""year"": 2000, ""works_count"": 2, ""oa_works_count"": 1, ""cited_by_count"": 109}, {""year"": 2001, ""works_count"": 5, ""oa_works_count"": 0, ""cited_by_count"": 316}, {""year"": 2002, ""works_count"": 3, ""oa_works_count"": 0, ""cited_by_count"": 826}, {""year"": 2003, ""works_count"": 3, ""oa_works_count"": 0, ""cited_by_count"": 422}, {""year"": 2004, ""works_count"": 2, ""oa_works_count"": 0, ""cited_by_count"": 98}, {""year"": 2006, ""works_count"": 1, ""oa_works_count"": 0, ""cited_by_count"": 2}, {""year"": 2007, ""works_count"": 1, ""oa_works_count"": 0, ""cited_by_count"": 7}, {""year"": 2008, ""works_count"": 1, ""oa_works_count"": 1, ""cited_by_count"": 0}, {""year"": 2009, ""works_count"": 6, ""oa_works_count"": 2, ""cited_by_count"": 35}, {""year"": 2011, ""works_count"": 1, ""oa_works_count"": 0, ""cited_by_count"": 1}, {""year"": 2012, ""works_count"": 1, ""oa_works_count"": 0, ""cited_by_count"": 14}, {""year"": 2013, ""works_count"": 3, ""oa_works_count"": 2, ""cited_by_count"": 0}, {""year"": 2014, ""works_count"": 1, ""oa_works_count"": 1, ""cited_by_count"": 0}, {""year"": 2016, ""works_count"": 1, ""oa_works_count"": 1, ""cited_by_count"": 0}, {""year"": 2018, ""works_count"": 1, ""oa_works_count"": 0, ""cited_by_count"": 14}, {""year"": 2019, ""works_count"": 2, ""oa_works_count"": 1, ""cited_by_count"": 22}, {""year"": 2020, ""works_count"": 1, ""oa_works_count"": 1, ""cited_by_count"": 31}, {""year"": 2021, ""works_count"": 1, ""oa_works_count"": 1, ""cited_by_count"": 0}, {""year"": 2022, ""works_count"": 3, ""oa_works_count"": 1, ""cited_by_count"": 16}, {""year"": 2023, ""works_count"": 3, ""oa_works_count"": 1, ""cited_by_count"": 0}, {""year"": 2024, ""works_count"": 2, ""oa_works_count"": 2, ""cited_by_count"": 0}, {""year"": 2025, ""works_count"": 1, ""oa_works_count"": 1, ""cited_by_count"": 0}]"
https://openalex.org/A5015797494,Miklós Boda,2000,INFOCOM,4,2,SS→DOI→OA,9,317,4,1,0.0,1996,"[{""year"": 1996, ""works_count"": 2, ""oa_works_count"": 0, ""cited_by_count"": 10}, {""year"": 1997, ""works_count"": 1, ""oa_works_count"": 0, ""cited_by_count"": 9}, {""year"": 1998, ""works_count"": 1, ""oa_works_count"": 0, ""cited_by_count"": 0}, {""year"": 2002, ""works_count"": 2, ""oa_works_count"": 0, ""cited_by_count"": 295}, {""year"": 2006, ""works_count"": 1, ""oa_works_count"": 0, ""cited_by_count"": 2}, {""year"": 2017, ""works_count"": 1, ""oa_works_count"": 1, ""cited_by_count"": 1}, {""year"": 2021, ""works_count"": 1, ""oa_works_count"": 1, ""cited_by_count"": 0}]"
https://openalex.org/A5048534004,Benjamin Chelf,2000,OSDI,0,2,SS→DOI→OA,21,3024,16,17,0.0,2000,"[{""year"": 2000, ""works_count"": 8, ""oa_works_count"": 1, ""cited_by_count"": 776}, {""year"": 2001, ""works_count"": 7, ""oa_works_count"": 0, ""cited_by_count"": 1804}, {""year"": 2002, ""works_count"": 6, ""oa_works_count"": 0, ""cited_by_count"": 444}]"
https://openalex.org/A5108791099,Andy Chou,2000,OSDI,1,3,SS→DOI→OA,33,4057,20,23,0.0,1999,"[{""year"": 1999, ""works_count"": 1, ""oa_works_count"": 0, ""cited_by_count"": 20}, {""year"": 2000, ""works_count"": 9, ""oa_works_count"": 1, ""cited_by_count"": 776}, {""year"": 2001, ""works_count"": 9, ""oa_works_count"": 0, ""cited_by_count"": 1850}, {""year"": 2002, ""works_count"": 5, ""oa_works_count"": 0, ""cited_by_count"": 534}, {""year"": 2003, ""works_count"": 4, ""oa_works_count"": 0, ""cited_by_count"": 258}, {""year"": 2008, ""works_count"": 1, ""oa_works_count"": 0, ""cited_by_count"": 0}, {""year"": 2010, ""works_count"": 1, ""oa_works_count"": 0, ""cited_by_count"": 612}, {""year"": 2012, ""works_count"": 1, ""oa_works_count"": 0, ""cited_by_count"": 7}, {""year"": 2020, ""works_count"": 1, ""oa_works_count"": 1, ""cited_by_count"": 0}, {""year"": 2023, ""works_count"": 1, ""oa_works_count"": 1, ""cited_by_count"": 0}]"
https://openalex.org/A5086854307,Jaana Kekäläinen,2000,SIGIR,2,2,SS→DOI→OA,53,7893,16,20,0.0,1998,"[{""year"": 1998, ""works_count"": 2, ""oa_works_count"": 1, ""cited_by_count"": 109}, {""year"": 1999, ""works_count"": 1, ""oa_works_count"": 0, ""cited_by_count"": 46}, {""year"": 2000, ""works_count"": 2, ""oa_works_count"": 1, ""cited_by_count"": 987}, {""year"": 2001, ""works_count"": 3, ""oa_works_count"": 0, ""cited_by_count"": 61}, {""year"": 2002, ""works_count"": 3, ""oa_works_count"": 1, ""cited_by_count"": 4780}, {""year"": 2003, ""works_count"": 1, ""oa_works_count"": 0, ""cited_by_count"": 3}, {""year"": 2005, ""works_count"": 4, ""oa_works_count"": 0, ""cited_by_count"": 175}, {""year"": 2006, ""works_count"": 6, ""oa_works_count"": 0, ""cited_by_count"": 85}, {""year"": 2008, ""works_count"": 3, ""oa_works_count"": 1, ""cited_by_count"": 15}, {""year"": 2009, ""works_count"": 3, ""oa_works_count"": 0, ""cited_by_count"": 6}, {""year"": 2010, ""works_count"": 5, ""oa_works_count"": 1, ""cited_by_count"": 37}, {""year"": 2011, ""works_count"": 2, ""oa_works_count"": 0, ""cited_by_count"": 17}, {""year"": 2012, ""works_count"": 2, ""oa_works_count"": 0, ""cited_by_count"": 5}, {""year"": 2014, ""works_count"": 1, ""oa_works_count"": 0, ""cited_by_count"": 2}, {""year"": 2015, ""works_count"": 4, ""oa_works_count"": 1, ""cited_by_count"": 74}, {""year"": 2016, ""works_count"": 3, ""oa_works_count"": 1, ""cited_by_count"": 8}, {""year"": 2017, ""works_count"": 4, ""oa_works_count"": 1, ""cited_by_count"": 1473}, {""year"": 2018, ""works_count"": 2, ""oa_works_count"": 0, ""cited_by_count"": 2}, {""year"": 2020, ""works_count"": 1, ""oa_works_count"": 1, ""cited_by_count"": 8}, {""year"": 2021, ""works_count"": 1, ""oa_works_count"": 1, ""cited_by_count"": 0}]"
