author_id,group,award_year,relative_year,cd5
https://openalex.org/A5000009841,award,2014,-1,-0.5
https://openalex.org/A5000009841,award,2014,0,-0.84
https://openalex.org/A5000009841,award,2014,2,-0.6331034482758621
https://openalex.org/A5000009841,award,2014,3,0.05777777777777777
https://openalex.org/A5000009841,award,2014,4,-0.32
https://openalex.org/A5000009841,award,2014,5,-0.2727272727272727
https://openalex.org/A5000107991,award,2008,-3,0.06857142857142859
https://openalex.org/A5000107991,award,2008,-2,-0.72
https://openalex.org/A5000107991,award,2008,1,0.12
https://openalex.org/A5000107991,award,2008,2,-0.7866666666666666
https://openalex.org/A5000107991,award,2008,3,0.0
https://openalex.org/A5000107991,award,2008,4,-0.62
https://openalex.org/A5000163896,award,2016,-4,-0.5294117647058824
https://openalex.org/A5000163896,award,2016,-3,-0.68
https://openalex.org/A5000163896,award,2016,-2,-0.11333333333333337
https://openalex.org/A5000163896,award,2016,-1,-0.5680714285714286
https://openalex.org/A5000163896,award,2016,0,-0.3634842118665648
https://openalex.org/A5000163896,award,2016,1,-0.4867724867724868
https://openalex.org/A5000163896,award,2016,2,-0.4640919952210275
https://openalex.org/A5000163896,award,2016,3,-0.23918367346938776
https://openalex.org/A5000163896,award,2016,4,-0.5965800865800865
https://openalex.org/A5000163896,award,2016,5,-0.2296691096691097
https://openalex.org/A5000246567,award,2014,0,0.14562647754137115
https://openalex.org/A5000308912,award,2013,-4,0.6
https://openalex.org/A5000308912,award,2013,-2,-0.96
https://openalex.org/A5000308912,award,2013,0,-0.10666666666666669
https://openalex.org/A5000308912,award,2013,1,-0.84
https://openalex.org/A5000308912,award,2013,2,-0.2833333333333333
https://openalex.org/A5000308912,award,2013,3,-0.65
https://openalex.org/A5000308912,award,2013,4,-0.7
https://openalex.org/A5000308912,award,2013,5,-0.3
https://openalex.org/A5000582109,award,2010,-4,1.0
https://openalex.org/A5000582109,award,2010,-3,-1.0
https://openalex.org/A5000582109,award,2010,-2,-0.2979651162790698
https://openalex.org/A5000582109,award,2010,-1,-0.5900000000000001
https://openalex.org/A5000582109,award,2010,0,-0.10013513513513514
https://openalex.org/A5000582109,award,2010,1,-0.1549941245437569
https://openalex.org/A5000582109,award,2010,2,-0.4079763940482296
https://openalex.org/A5000582109,award,2010,3,-0.30863060740516746
https://openalex.org/A5000582109,award,2010,4,-0.08189431305657069
https://openalex.org/A5000582109,award,2010,5,-0.22597402597402597
https://openalex.org/A5000893188,award,2011,-2,-0.9545454545454546
https://openalex.org/A5000893188,award,2011,-1,-0.921474358974359
https://openalex.org/A5000893188,award,2011,0,-0.06052004719606402
https://openalex.org/A5000893188,award,2011,1,-0.9705882352941176
https://openalex.org/A5000893188,award,2011,2,-0.8335714285714285
https://openalex.org/A5000893188,award,2011,3,-0.38625478927203066
https://openalex.org/A5000893188,award,2011,4,-0.4227073946461702
https://openalex.org/A5000893188,award,2011,5,0.054740740740740756
https://openalex.org/A5000906180,award,2015,-5,1.0
https://openalex.org/A5000906180,award,2015,-3,-1.0
https://openalex.org/A5000906180,award,2015,-2,-0.1428571428571428
https://openalex.org/A5000906180,award,2015,-1,-0.6
https://openalex.org/A5000906180,award,2015,0,-0.44
https://openalex.org/A5000906180,award,2015,2,-0.7287933094384708
https://openalex.org/A5000906180,award,2015,4,-1.0
https://openalex.org/A5000906180,award,2015,5,-0.6609090909090909
https://openalex.org/A5001043287,award,2009,-2,-0.8888888888888888
https://openalex.org/A5001043287,award,2009,0,-1.0
https://openalex.org/A5001043287,award,2009,3,-0.8181818181818182
https://openalex.org/A5001159571,award,2005,-4,1.0
https://openalex.org/A5001159571,award,2005,-3,-0.11842105263157893
https://openalex.org/A5001159571,award,2005,-2,-0.9189189189189189
https://openalex.org/A5001159571,award,2005,-1,-0.5338935574229693
https://openalex.org/A5001159571,award,2005,0,0.01974502238370304
https://openalex.org/A5001159571,award,2005,1,-0.7575757575757575
https://openalex.org/A5001159571,award,2005,2,-0.19871794871794876
https://openalex.org/A5001159571,award,2005,3,-0.3662018140589569
https://openalex.org/A5001159571,award,2005,4,-0.7747368421052632
https://openalex.org/A5001159571,award,2005,5,-0.2688888888888889
https://openalex.org/A5001484153,control,2018,-3,-0.8461538461538461
https://openalex.org/A5001484153,control,2018,-2,-1.0
https://openalex.org/A5001484153,control,2018,-1,-0.015555555555555564
https://openalex.org/A5001484153,control,2018,0,-0.3756862745098039
https://openalex.org/A5001484153,control,2018,1,-0.1456140350877193
https://openalex.org/A5001484153,control,2018,2,-0.16666666666666666
https://openalex.org/A5001484153,control,2018,3,-0.3444444444444445
https://openalex.org/A5001529504,control,2015,-5,0.0
https://openalex.org/A5001529504,control,2015,-4,0.3333333333333333
https://openalex.org/A5001529504,control,2015,-3,0.1111111111111111
https://openalex.org/A5001529504,control,2015,-2,-0.2708464787022662
https://openalex.org/A5001529504,control,2015,-1,-0.18943067033976124
https://openalex.org/A5001529504,control,2015,0,-0.4352014652014652
https://openalex.org/A5001529504,control,2015,1,-0.13014705882352942
https://openalex.org/A5001529504,control,2015,2,-0.41354501178084707
https://openalex.org/A5001529504,control,2015,3,-0.0768030344964285
https://openalex.org/A5001529504,control,2015,4,-0.5766323215765787
https://openalex.org/A5001529504,control,2015,5,-0.2613603376685638
https://openalex.org/A5001563585,award,2015,-4,-0.3333333333333333
https://openalex.org/A5001563585,award,2015,-3,-0.3333333333333333
https://openalex.org/A5001563585,award,2015,-2,-0.1666666666666666
https://openalex.org/A5001563585,award,2015,-1,-0.5555555555555555
https://openalex.org/A5001563585,award,2015,0,-0.625
https://openalex.org/A5001563585,award,2015,1,-0.42
https://openalex.org/A5001563585,award,2015,2,-0.375
https://openalex.org/A5001563585,award,2015,3,-0.56
https://openalex.org/A5001594573,control,2016,-5,-0.43506944444444445
https://openalex.org/A5001594573,control,2016,-4,-0.588051948051948
https://openalex.org/A5001594573,control,2016,-3,-0.47087179487179487
https://openalex.org/A5001594573,control,2016,-2,-0.5165909071464627
https://openalex.org/A5001594573,control,2016,-1,-0.524873328108454
https://openalex.org/A5001594573,control,2016,0,-0.4181415863048516
https://openalex.org/A5001594573,control,2016,1,-0.20485230897360698
https://openalex.org/A5001594573,control,2016,2,-0.2927656448852101
https://openalex.org/A5001594573,control,2016,3,-0.46736883942766294
https://openalex.org/A5001594573,control,2016,4,-0.41314202954992624
https://openalex.org/A5001594573,control,2016,5,-0.08347318717829114
https://openalex.org/A5001598240,award,2009,-2,-1.0
https://openalex.org/A5001598240,award,2009,0,-0.7866666666666666
https://openalex.org/A5001598240,award,2009,1,-0.6296296296296297
https://openalex.org/A5001598240,award,2009,2,-0.7566137566137566
https://openalex.org/A5001598240,award,2009,3,-1.0
https://openalex.org/A5001598240,award,2009,4,-0.665314401622718
https://openalex.org/A5001598240,award,2009,5,-0.7909090909090909
https://openalex.org/A5001722321,award,2009,-4,-0.6923076923076923
https://openalex.org/A5001722321,award,2009,-3,-0.6666666666666666
https://openalex.org/A5001722321,award,2009,-2,-0.7777777777777778
https://openalex.org/A5001722321,award,2009,0,-0.9333333333333332
https://openalex.org/A5001722321,award,2009,1,-0.8071428571428572
https://openalex.org/A5001722321,award,2009,2,0.12
https://openalex.org/A5001722321,award,2009,3,-0.8358413132694938
https://openalex.org/A5001760915,award,2003,-3,1.0
https://openalex.org/A5001760915,award,2003,-1,-0.11424561403508773
https://openalex.org/A5001760915,award,2003,0,0.1764705882352941
https://openalex.org/A5001760915,award,2003,1,-0.44
https://openalex.org/A5001760915,award,2003,2,-0.6181818181818182
https://openalex.org/A5001760915,award,2003,3,-0.52227660059239
https://openalex.org/A5001760915,award,2003,4,-0.24845238095238095
https://openalex.org/A5001760915,award,2003,5,-0.41760683760683764
https://openalex.org/A5001875469,award,2017,-1,0.3333333333333333
https://openalex.org/A5001875469,award,2017,0,-0.369047619047619
https://openalex.org/A5001875469,award,2017,1,0.0909090909090909
https://openalex.org/A5001875469,award,2017,3,-0.4615384615384615
https://openalex.org/A5001875469,award,2017,4,1.0
https://openalex.org/A5002052018,award,2015,-1,-0.37733007733007734
https://openalex.org/A5002052018,award,2015,0,-0.9027777777777778
https://openalex.org/A5002052018,award,2015,1,-0.9285714285714286
https://openalex.org/A5002052018,award,2015,3,1.0
https://openalex.org/A5002052018,award,2015,4,-0.6
https://openalex.org/A5002052018,award,2015,5,-0.6666666666666666
https://openalex.org/A5002119636,control,2016,-5,-0.23126984126984126
https://openalex.org/A5002119636,control,2016,-4,-0.22175812175812173
https://openalex.org/A5002119636,control,2016,-3,0.0
https://openalex.org/A5002119636,control,2016,-2,-0.2439504085657932
https://openalex.org/A5002119636,control,2016,-1,-0.004037833081950742
https://openalex.org/A5002119636,control,2016,0,-0.4215501069811415
https://openalex.org/A5002119636,control,2016,1,-0.43283678891531474
https://openalex.org/A5002119636,control,2016,2,-0.2185833730741208
https://openalex.org/A5002119636,control,2016,3,-0.424107569711018
https://openalex.org/A5002119636,control,2016,4,-0.16212121212121214
https://openalex.org/A5002119636,control,2016,5,-0.29387755102040813
https://openalex.org/A5002186360,award,2011,0,-0.36
https://openalex.org/A5002186360,award,2011,1,-0.5422222222222222
https://openalex.org/A5002186360,award,2011,2,-0.28
https://openalex.org/A5002290345,award,2013,0,-0.5666666666666667
https://openalex.org/A5002290345,award,2013,1,-1.0
https://openalex.org/A5002616622,award,2014,-4,-1.0
https://openalex.org/A5002616622,award,2014,-1,-0.4586227948296913
https://openalex.org/A5002616622,award,2014,0,-0.32
https://openalex.org/A5002616622,award,2014,1,-0.5364054336468129
https://openalex.org/A5002616622,award,2014,2,-0.92
https://openalex.org/A5002696075,award,2005,-1,0.08333333333333331
https://openalex.org/A5002696075,award,2005,0,-0.2424242424242424
https://openalex.org/A5002696075,award,2005,2,-0.29411764705882354
https://openalex.org/A5002696075,award,2005,3,-0.8555555555555555
https://openalex.org/A5002696075,award,2005,4,-0.06984126984126982
https://openalex.org/A5002696075,award,2005,5,-0.75
https://openalex.org/A5002723576,award,2016,-5,-0.2727272727272727
https://openalex.org/A5002723576,award,2016,-4,0.5384615384615384
https://openalex.org/A5002723576,award,2016,-3,0.6666666666666666
https://openalex.org/A5002723576,award,2016,-2,0.7
https://openalex.org/A5002723576,award,2016,-1,-0.21606060606060606
https://openalex.org/A5002723576,award,2016,0,-0.12151515151515152
https://openalex.org/A5002723576,award,2016,1,-0.1875598086124402
https://openalex.org/A5002723576,award,2016,2,-0.047619047619047596
https://openalex.org/A5002723576,award,2016,3,-0.8
https://openalex.org/A5002723576,award,2016,4,-0.23952380952380953
https://openalex.org/A5002723576,award,2016,5,-0.7399258421317245
https://openalex.org/A5002742929,award,2016,-1,0.6
https://openalex.org/A5002742929,award,2016,0,-0.4444444444444444
https://openalex.org/A5003047938,award,2003,-5,-0.5555555555555556
https://openalex.org/A5003047938,award,2003,2,-0.04
https://openalex.org/A5003047938,award,2003,5,-0.625
https://openalex.org/A5003124561,award,2015,0,-0.92
https://openalex.org/A5003124561,award,2015,1,1.0
https://openalex.org/A5003124561,award,2015,2,-0.2413793103448276
https://openalex.org/A5003124561,award,2015,5,0.6
https://openalex.org/A5003218066,award,2013,-5,-1.0
https://openalex.org/A5003218066,award,2013,-4,-0.8197358197358198
https://openalex.org/A5003218066,award,2013,-3,-0.4745679012345679
https://openalex.org/A5003218066,award,2013,-2,-1.0
https://openalex.org/A5003218066,award,2013,-1,-0.31153846153846154
https://openalex.org/A5003218066,award,2013,0,-0.48060675883256526
https://openalex.org/A5003218066,award,2013,1,1.0
https://openalex.org/A5003218066,award,2013,2,-0.5789473684210527
https://openalex.org/A5003218066,award,2013,4,0.0
https://openalex.org/A5003378492,award,2014,0,-0.64
https://openalex.org/A5003378492,award,2014,1,0.4
https://openalex.org/A5003378492,award,2014,2,1.0
https://openalex.org/A5003378492,award,2014,3,-0.1428571428571428
https://openalex.org/A5003751225,control,2006,5,-0.88
https://openalex.org/A5004005620,award,2011,-2,-0.0666666666666666
https://openalex.org/A5004005620,award,2011,0,-0.32
https://openalex.org/A5004005620,award,2011,4,-1.0
https://openalex.org/A5004145814,control,2013,-4,0.3333333333333333
https://openalex.org/A5004145814,control,2013,-3,-1.0
https://openalex.org/A5004145814,control,2013,0,-1.0
https://openalex.org/A5004145814,control,2013,1,-0.14975845410628022
https://openalex.org/A5004145814,control,2013,2,-0.9487179487179488
https://openalex.org/A5004145814,control,2013,3,-0.9333333333333332
https://openalex.org/A5004145814,control,2013,5,-0.6569540229885058
https://openalex.org/A5004160420,control,2005,-4,1.0
https://openalex.org/A5004160420,control,2005,-3,-0.6783625730994153
https://openalex.org/A5004160420,control,2005,-2,0.17142857142857143
https://openalex.org/A5004160420,control,2005,-1,0.5
https://openalex.org/A5004160420,control,2005,0,-0.15595959595959596
https://openalex.org/A5004160420,control,2005,1,-0.2
https://openalex.org/A5004160420,control,2005,2,-0.35687675070028013
https://openalex.org/A5004160420,control,2005,3,-0.3423731943086782
https://openalex.org/A5004160420,control,2005,4,-0.6587775232358065
https://openalex.org/A5004160420,control,2005,5,-0.36057720057720055
https://openalex.org/A5004695759,control,2013,-4,0.41428571428571426
https://openalex.org/A5004695759,control,2013,0,-1.0
https://openalex.org/A5004695759,control,2013,1,-1.0
https://openalex.org/A5004695759,control,2013,2,-0.3555555555555555
https://openalex.org/A5004695759,control,2013,3,0.0
https://openalex.org/A5004695759,control,2013,4,-0.16666666666666666
https://openalex.org/A5004695759,control,2013,5,0.06818181818181818
https://openalex.org/A5004854992,award,2009,-2,-0.1428571428571428
https://openalex.org/A5004854992,award,2009,0,-0.6757049486461252
https://openalex.org/A5004854992,award,2009,1,-0.2333333333333333
https://openalex.org/A5004854992,award,2009,2,-0.2222222222222222
https://openalex.org/A5004854992,award,2009,3,-0.5
https://openalex.org/A5004854992,award,2009,5,-0.6666666666666666
https://openalex.org/A5004976322,control,2004,-5,-0.8774468085106383
https://openalex.org/A5004976322,control,2004,-3,-0.962962962962963
https://openalex.org/A5004976322,control,2004,-2,-0.420822695035461
https://openalex.org/A5004976322,control,2004,-1,-0.38244720496894413
https://openalex.org/A5004976322,control,2004,0,-0.9866666666666667
https://openalex.org/A5004976322,control,2004,1,-0.34
https://openalex.org/A5004976322,control,2004,2,-0.49
https://openalex.org/A5004976322,control,2004,3,0.009523809523809526
https://openalex.org/A5004976322,control,2004,4,-0.2648648648648649
https://openalex.org/A5004976322,control,2004,5,-0.54
https://openalex.org/A5004988074,award,2013,-4,-1.0
https://openalex.org/A5004988074,award,2013,-3,-0.54
https://openalex.org/A5004988074,award,2013,-1,-0.7403479853479853
https://openalex.org/A5004988074,award,2013,0,-0.5235467980295566
https://openalex.org/A5004988074,award,2013,1,-0.6176081007115489
https://openalex.org/A5004988074,award,2013,2,0.12727272727272723
https://openalex.org/A5004988074,award,2013,3,-0.7073170731707317
https://openalex.org/A5005247877,control,2006,-2,-0.88
https://openalex.org/A5005247877,control,2006,-1,-0.7692307692307693
https://openalex.org/A5005247877,control,2006,0,-0.1785714285714286
https://openalex.org/A5005247877,control,2006,1,-0.5519999999999999
https://openalex.org/A5005247877,control,2006,2,-0.42063492063492064
https://openalex.org/A5005247877,control,2006,3,-0.2488888888888889
https://openalex.org/A5005247877,control,2006,4,-0.7066666666666667
https://openalex.org/A5005247877,control,2006,5,-0.3133974358974359
https://openalex.org/A5005275631,control,2013,-5,-0.325
https://openalex.org/A5005275631,control,2013,-4,-0.6923076923076922
https://openalex.org/A5005275631,control,2013,-3,-0.6662189957652752
https://openalex.org/A5005275631,control,2013,-2,-0.5747368421052632
https://openalex.org/A5005275631,control,2013,-1,-0.09354722338593306
https://openalex.org/A5005275631,control,2013,0,-0.4930793650793651
https://openalex.org/A5005275631,control,2013,1,-0.21983203212439092
https://openalex.org/A5005275631,control,2013,2,-0.2
https://openalex.org/A5005275631,control,2013,3,-0.29367981212407834
https://openalex.org/A5005275631,control,2013,4,-0.3694777911164466
https://openalex.org/A5005275631,control,2013,5,-0.3876062925170068
https://openalex.org/A5005318859,award,2004,-3,-0.8860606060606061
https://openalex.org/A5005318859,award,2004,-2,-1.0
https://openalex.org/A5005318859,award,2004,-1,-0.548952380952381
https://openalex.org/A5005318859,award,2004,0,-0.3053968253968254
https://openalex.org/A5005318859,award,2004,1,-0.86
https://openalex.org/A5005318859,award,2004,2,-0.8
https://openalex.org/A5005397258,award,2014,-1,-0.90625
https://openalex.org/A5005397258,award,2014,0,-0.6153846153846153
https://openalex.org/A5005397258,award,2014,1,-0.6208333333333333
https://openalex.org/A5005397258,award,2014,2,-0.4666666666666667
https://openalex.org/A5005397258,award,2014,3,1.0
https://openalex.org/A5005397258,award,2014,4,-0.028801169590643244
https://openalex.org/A5005397258,award,2014,5,0.62
https://openalex.org/A5005472808,award,2004,0,-0.8
https://openalex.org/A5005472808,award,2004,1,0.6744186046511628
https://openalex.org/A5005472808,award,2004,3,-0.56
https://openalex.org/A5005472808,award,2004,4,-1.0
https://openalex.org/A5005472808,award,2004,5,1.0
https://openalex.org/A5005715220,award,2009,0,1.0
https://openalex.org/A5006066917,award,2005,-2,-1.0
https://openalex.org/A5006066917,award,2005,0,-0.64
https://openalex.org/A5006066917,award,2005,1,-1.0
https://openalex.org/A5006066917,award,2005,2,-1.0
https://openalex.org/A5006066917,award,2005,3,-0.9066666666666666
https://openalex.org/A5006066917,award,2005,4,-0.76
https://openalex.org/A5006066917,award,2005,5,0.5652173913043478
https://openalex.org/A5006085341,award,2004,0,0.24
https://openalex.org/A5006085341,award,2004,2,-0.9206349206349206
https://openalex.org/A5006085341,award,2004,4,-1.0
https://openalex.org/A5006126917,award,2012,-4,0.0
https://openalex.org/A5006126917,award,2012,-2,0.0888888888888889
https://openalex.org/A5006126917,award,2012,-1,0.35
https://openalex.org/A5006126917,award,2012,0,-0.44
https://openalex.org/A5006126917,award,2012,1,0.0
https://openalex.org/A5006126917,award,2012,2,-1.0
https://openalex.org/A5006126917,award,2012,3,0.36538461538461536
https://openalex.org/A5006126917,award,2012,5,1.0
https://openalex.org/A5006306262,award,2010,-1,-1.0
https://openalex.org/A5006306262,award,2010,0,-0.4047619047619047
https://openalex.org/A5006306262,award,2010,2,-0.7037037037037037
https://openalex.org/A5006306262,award,2010,4,-0.3333333333333333
https://openalex.org/A5006380227,control,2009,-5,-0.8266666666666667
https://openalex.org/A5006380227,control,2009,-4,-0.8400000000000001
https://openalex.org/A5006380227,control,2009,-3,-0.9
https://openalex.org/A5006380227,control,2009,-2,0.19714285714285715
https://openalex.org/A5006380227,control,2009,-1,-0.45428571428571424
https://openalex.org/A5006380227,control,2009,0,-0.2164102564102564
https://openalex.org/A5006380227,control,2009,1,-0.5242021905287212
https://openalex.org/A5006380227,control,2009,2,-0.5786666666666667
https://openalex.org/A5006380227,control,2009,3,-0.4563559577677225
https://openalex.org/A5006380227,control,2009,4,-0.32253968253968257
https://openalex.org/A5006380227,control,2009,5,-0.2799325528737293
https://openalex.org/A5006424908,control,2013,-5,-0.33641025641025646
https://openalex.org/A5006424908,control,2013,-4,-0.7241379310344828
https://openalex.org/A5006424908,control,2013,-3,-0.5611228070175438
https://openalex.org/A5006424908,control,2013,-2,-0.6224603722231806
https://openalex.org/A5006424908,control,2013,-1,-0.4876190476190476
https://openalex.org/A5006424908,control,2013,0,-0.46134532134532136
https://openalex.org/A5006424908,control,2013,1,0.20355555555555557
https://openalex.org/A5006424908,control,2013,2,-0.4405201465201465
https://openalex.org/A5006424908,control,2013,3,-0.7365139075483903
https://openalex.org/A5006424908,control,2013,4,-0.6550804002078622
https://openalex.org/A5006424908,control,2013,5,-0.5083529769506782
https://openalex.org/A5006688930,award,2012,-3,0.4
https://openalex.org/A5006688930,award,2012,-2,1.0
https://openalex.org/A5006688930,award,2012,0,-0.6470588235294118
https://openalex.org/A5006723758,award,2013,-1,-0.23764705882352938
https://openalex.org/A5006723758,award,2013,0,-0.688095238095238
https://openalex.org/A5006723758,award,2013,1,0.0
https://openalex.org/A5006723758,award,2013,2,-0.31496313246885327
https://openalex.org/A5006723758,award,2013,3,-0.3547147147147147
https://openalex.org/A5006723758,award,2013,4,0.274406015037594
https://openalex.org/A5006723758,award,2013,5,-0.7209302325581395
https://openalex.org/A5006799119,control,2013,-5,-0.6129032258064516
https://openalex.org/A5006799119,control,2013,-4,-0.2
https://openalex.org/A5006799119,control,2013,-3,-0.6261904761904762
https://openalex.org/A5006799119,control,2013,-2,-0.2631578947368421
https://openalex.org/A5006799119,control,2013,-1,-0.3096774193548387
https://openalex.org/A5006799119,control,2013,0,-0.7977619047619047
https://openalex.org/A5006799119,control,2013,1,-0.29719114219114223
https://openalex.org/A5006799119,control,2013,2,-0.4451388888888889
https://openalex.org/A5006799119,control,2013,3,-0.715393133997785
https://openalex.org/A5006799119,control,2013,4,-0.4106280193236715
https://openalex.org/A5006799119,control,2013,5,-0.2897959183673469
https://openalex.org/A5006980420,award,2010,-3,-0.8
https://openalex.org/A5006980420,award,2010,-2,-0.8258145363408521
https://openalex.org/A5006980420,award,2010,-1,-0.85
https://openalex.org/A5006980420,award,2010,0,-0.44147368421052635
https://openalex.org/A5006980420,award,2010,1,-0.8447959183673469
https://openalex.org/A5006980420,award,2010,2,-0.7760869565217392
https://openalex.org/A5006980420,award,2010,3,-0.725726904674273
https://openalex.org/A5006980420,award,2010,4,-0.3189446941567325
https://openalex.org/A5006980420,award,2010,5,-0.7279503105590062
https://openalex.org/A5007048525,award,2017,-3,-1.0
https://openalex.org/A5007048525,award,2017,-2,-0.0285714285714285
https://openalex.org/A5007048525,award,2017,-1,-0.36190476190476195
https://openalex.org/A5007048525,award,2017,0,-0.5800000000000001
https://openalex.org/A5007048525,award,2017,1,-0.028095238095238093
https://openalex.org/A5007048525,award,2017,2,-0.13071428571428573
https://openalex.org/A5007048525,award,2017,3,-0.55
https://openalex.org/A5007048525,award,2017,4,-0.8096304591265397
https://openalex.org/A5007048525,award,2017,5,-0.72
https://openalex.org/A5007057846,award,2005,-5,-0.625
https://openalex.org/A5007057846,award,2005,-4,-0.6363636363636364
https://openalex.org/A5007057846,award,2005,-3,0.020328092959671935
https://openalex.org/A5007057846,award,2005,-2,-0.5658163265306123
https://openalex.org/A5007057846,award,2005,-1,-0.6767399267399268
https://openalex.org/A5007057846,award,2005,0,-0.3235342289289658
https://openalex.org/A5007057846,award,2005,1,-0.7125106311313207
https://openalex.org/A5007057846,award,2005,2,-0.5649679487179488
https://openalex.org/A5007057846,award,2005,3,-0.8018939393939394
https://openalex.org/A5007057846,award,2005,4,-0.3079365079365079
https://openalex.org/A5007057846,award,2005,5,-0.5595595708639186
https://openalex.org/A5007318528,control,2016,-5,-0.36752136752136755
https://openalex.org/A5007318528,control,2016,-4,-0.7777777777777778
https://openalex.org/A5007318528,control,2016,-3,-1.0
https://openalex.org/A5007318528,control,2016,-1,-1.0
https://openalex.org/A5007318528,control,2016,2,-0.7333333333333333
https://openalex.org/A5007318528,control,2016,4,-1.0
https://openalex.org/A5007318528,control,2016,5,0.0
https://openalex.org/A5007519378,award,2005,-1,-0.3333333333333333
https://openalex.org/A5007519378,award,2005,0,-1.0
https://openalex.org/A5007519378,award,2005,1,-0.6666666666666666
https://openalex.org/A5007519378,award,2005,2,-0.8571428571428571
https://openalex.org/A5007519378,award,2005,3,-1.0
https://openalex.org/A5007556540,control,2017,-5,-0.8235294117647058
https://openalex.org/A5007556540,control,2017,-4,-0.7142857142857143
https://openalex.org/A5007556540,control,2017,-3,-0.710883190883191
https://openalex.org/A5007556540,control,2017,-2,-1.0
https://openalex.org/A5007556540,control,2017,0,-0.5
https://openalex.org/A5007556540,control,2017,1,-0.06991304347826086
https://openalex.org/A5007556540,control,2017,2,-0.3333333333333333
https://openalex.org/A5007556540,control,2017,3,-0.1829573934837093
https://openalex.org/A5007556540,control,2017,4,-0.18666666666666668
https://openalex.org/A5007903730,award,2012,0,-1.0
https://openalex.org/A5007903730,award,2012,1,-0.696969696969697
https://openalex.org/A5007903730,award,2012,2,-0.6666666666666666
https://openalex.org/A5007903730,award,2012,3,-0.0526315789473684
https://openalex.org/A5008085180,control,2007,-1,-0.8518518518518519
https://openalex.org/A5008085180,control,2007,1,-0.8181818181818182
https://openalex.org/A5008085180,control,2007,2,0.3333333333333333
https://openalex.org/A5008085180,control,2007,4,-0.09558823529411765
https://openalex.org/A5008167536,award,2001,0,0.36000000000000004
https://openalex.org/A5008206932,award,2015,-3,-1.0
https://openalex.org/A5008206932,award,2015,-2,-0.6111111111111112
https://openalex.org/A5008206932,award,2015,-1,-0.8692307692307694
https://openalex.org/A5008206932,award,2015,0,0.2361111111111111
https://openalex.org/A5008206932,award,2015,1,-0.7142857142857143
https://openalex.org/A5008206932,award,2015,2,-0.4603174603174603
https://openalex.org/A5008267619,award,2017,-3,1.0
https://openalex.org/A5008267619,award,2017,0,-0.32956521739130434
https://openalex.org/A5008267619,award,2017,1,-0.057017543859649154
https://openalex.org/A5008267619,award,2017,2,0.07
https://openalex.org/A5008267619,award,2017,3,-0.6704761904761904
https://openalex.org/A5008267619,award,2017,4,-0.56
https://openalex.org/A5008267619,award,2017,5,-0.5454545454545454
https://openalex.org/A5008326572,award,2017,-2,-1.0
https://openalex.org/A5008326572,award,2017,-1,-0.3666666666666667
https://openalex.org/A5008326572,award,2017,0,0.13157894736842107
https://openalex.org/A5008326572,award,2017,1,-1.0
https://openalex.org/A5008490992,award,2011,-3,0.2533333333333333
https://openalex.org/A5008490992,award,2011,-2,0.5
https://openalex.org/A5008490992,award,2011,-1,-0.23111111111111113
https://openalex.org/A5008490992,award,2011,0,-0.6288888888888888
https://openalex.org/A5008490992,award,2011,1,-0.7086956521739131
https://openalex.org/A5008490992,award,2011,2,-0.611204481792717
https://openalex.org/A5008490992,award,2011,3,-0.6206060606060606
https://openalex.org/A5008490992,award,2011,4,-0.18121212121212124
https://openalex.org/A5008490992,award,2011,5,-0.49206349206349204
https://openalex.org/A5008595840,award,2017,-1,0.42
https://openalex.org/A5008595840,award,2017,0,0.07545454545454544
https://openalex.org/A5008595840,award,2017,1,0.7636363636363637
https://openalex.org/A5008595840,award,2017,2,1.0
https://openalex.org/A5008595840,award,2017,3,0.15032679738562094
https://openalex.org/A5008595840,award,2017,4,-0.17407407407407408
https://openalex.org/A5008595840,award,2017,5,-0.325
https://openalex.org/A5008657833,award,2006,0,-0.64
https://openalex.org/A5008657833,award,2006,2,-0.8181818181818182
https://openalex.org/A5008674902,award,2017,-5,-0.2
https://openalex.org/A5008674902,award,2017,-4,-0.38
https://openalex.org/A5008674902,award,2017,-3,0.12502923976608188
https://openalex.org/A5008674902,award,2017,-2,-0.35965051463534775
https://openalex.org/A5008674902,award,2017,-1,-0.49333333333333335
https://openalex.org/A5008674902,award,2017,0,-0.3
https://openalex.org/A5008674902,award,2017,2,-0.6447368421052632
https://openalex.org/A5008674902,award,2017,3,-0.2457847537896799
https://openalex.org/A5008674902,award,2017,4,-0.469
https://openalex.org/A5008674902,award,2017,5,-0.8571428571428572
https://openalex.org/A5009585935,award,2013,-3,-0.8095238095238095
https://openalex.org/A5009585935,award,2013,-2,0.3333333333333333
https://openalex.org/A5009585935,award,2013,0,-0.56
https://openalex.org/A5009585935,award,2013,2,-0.5938095238095239
https://openalex.org/A5009585935,award,2013,3,0.09999999999999998
https://openalex.org/A5009585935,award,2013,4,0.29670329670329676
https://openalex.org/A5009585935,award,2013,5,0.054901960784313746
https://openalex.org/A5009630097,control,2012,-1,0.2857142857142857
https://openalex.org/A5009630097,control,2012,0,0.1111111111111111
https://openalex.org/A5009630097,control,2012,1,-0.5
https://openalex.org/A5009630097,control,2012,2,0.0912280701754386
https://openalex.org/A5009630097,control,2012,3,1.0
https://openalex.org/A5009630097,control,2012,4,-0.16678876678876678
https://openalex.org/A5009630097,control,2012,5,-0.7142857142857143
https://openalex.org/A5009660759,award,2010,-4,-0.55
https://openalex.org/A5009660759,award,2010,-3,-0.02777777777777779
https://openalex.org/A5009660759,award,2010,-1,-0.5439999999999999
https://openalex.org/A5009660759,award,2010,0,0.32
https://openalex.org/A5009660759,award,2010,1,-1.0
https://openalex.org/A5009660759,award,2010,2,-0.36000000000000004
https://openalex.org/A5009660759,award,2010,3,-0.74
https://openalex.org/A5009660759,award,2010,5,0.17719298245614035
https://openalex.org/A5009682734,award,2006,-2,-0.3793103448275862
https://openalex.org/A5009682734,award,2006,-1,-0.5118518518518519
https://openalex.org/A5009682734,award,2006,0,-0.28444444444444444
https://openalex.org/A5009682734,award,2006,1,-0.24419753086419752
https://openalex.org/A5009682734,award,2006,2,-0.7333333333333334
https://openalex.org/A5009682734,award,2006,3,-0.624
https://openalex.org/A5009682734,award,2006,4,-0.7012070282658518
https://openalex.org/A5009682734,award,2006,5,-0.09820105820105819
https://openalex.org/A5009835433,award,2018,-3,0.0
https://openalex.org/A5009835433,award,2018,-2,-0.705712557255207
https://openalex.org/A5009835433,award,2018,0,0.4
https://openalex.org/A5010359061,award,2017,-1,-0.5
https://openalex.org/A5010359061,award,2017,0,-0.8461538461538461
https://openalex.org/A5010359061,award,2017,1,-0.20634920634920637
https://openalex.org/A5010359061,award,2017,2,-0.6730769230769231
https://openalex.org/A5010359061,award,2017,3,0.13095238095238093
https://openalex.org/A5010359061,award,2017,4,-0.4285714285714285
https://openalex.org/A5010359061,award,2017,5,-0.2333333333333333
https://openalex.org/A5010436566,award,2015,-2,-0.6142857142857143
https://openalex.org/A5010436566,award,2015,0,-0.5563636363636364
https://openalex.org/A5010436566,award,2015,1,0.0
https://openalex.org/A5010436566,award,2015,2,-0.7666666666666666
https://openalex.org/A5010436566,award,2015,3,-1.0
https://openalex.org/A5010436566,award,2015,4,-0.593073593073593
https://openalex.org/A5010565905,award,2017,0,0.44
https://openalex.org/A5010565905,award,2017,1,0.1666666666666666
https://openalex.org/A5010575626,control,2014,-5,-0.4920634920634921
https://openalex.org/A5010575626,control,2014,-4,-0.8457142857142858
https://openalex.org/A5010575626,control,2014,-3,-0.6268181818181817
https://openalex.org/A5010575626,control,2014,-2,-0.39525948271046313
https://openalex.org/A5010575626,control,2014,-1,-0.42057828696126565
https://openalex.org/A5010575626,control,2014,0,-0.5840032982890125
https://openalex.org/A5010575626,control,2014,1,-0.22410364145658263
https://openalex.org/A5010575626,control,2014,2,-0.03192743764172336
https://openalex.org/A5010575626,control,2014,3,-0.11833333333333333
https://openalex.org/A5010575626,control,2014,4,0.021763904372600014
https://openalex.org/A5010575626,control,2014,5,-0.13303411731273923
https://openalex.org/A5010587031,control,2012,-5,-0.15476190476190477
https://openalex.org/A5010587031,control,2012,-4,-0.5357142857142857
https://openalex.org/A5010587031,control,2012,-3,0.0
https://openalex.org/A5010587031,control,2012,-2,-0.3333333333333333
https://openalex.org/A5010587031,control,2012,-1,0.028888888888888898
https://openalex.org/A5010587031,control,2012,0,-0.16477272727272727
https://openalex.org/A5010587031,control,2012,1,-0.21612554112554117
https://openalex.org/A5010587031,control,2012,2,-0.1623529411764706
https://openalex.org/A5010587031,control,2012,3,0.3193362193362193
https://openalex.org/A5010587031,control,2012,4,0.0375927225340818
https://openalex.org/A5010587031,control,2012,5,0.3652662721893491
https://openalex.org/A5010677076,control,2018,-5,-0.6794117647058824
https://openalex.org/A5010677076,control,2018,-4,-0.2943722943722944
https://openalex.org/A5010677076,control,2018,-3,-0.6666666666666666
https://openalex.org/A5010677076,control,2018,-2,0.2
https://openalex.org/A5010677076,control,2018,-1,-0.4791666666666667
https://openalex.org/A5010677076,control,2018,0,-0.7616993464052287
https://openalex.org/A5010677076,control,2018,1,-0.7848039215686274
https://openalex.org/A5010677076,control,2018,2,-0.5454545454545454
https://openalex.org/A5010677076,control,2018,3,-0.8333333333333334
https://openalex.org/A5010677076,control,2018,4,-0.375
https://openalex.org/A5010776606,award,2003,0,-0.32
https://openalex.org/A5010776606,award,2003,1,-0.6942070275403608
https://openalex.org/A5010776606,award,2003,2,-0.64
https://openalex.org/A5010786661,award,2005,0,0.3406896551724138
https://openalex.org/A5010786661,award,2005,1,0.2814285714285714
https://openalex.org/A5010786661,award,2005,2,0.33999999999999997
https://openalex.org/A5010786661,award,2005,3,-0.5133333333333333
https://openalex.org/A5010786661,award,2005,4,-0.12
https://openalex.org/A5010786661,award,2005,5,0.4090909090909091
https://openalex.org/A5010875819,control,2007,-5,-1.0
https://openalex.org/A5010881756,award,2014,-3,1.0
https://openalex.org/A5010881756,award,2014,-2,-0.3343589743589744
https://openalex.org/A5010881756,award,2014,0,-0.20720720720720714
https://openalex.org/A5010881756,award,2014,1,-0.4666666666666667
https://openalex.org/A5010967150,control,2004,-5,-0.8097643097643098
https://openalex.org/A5010967150,control,2004,-4,0.08833333333333335
https://openalex.org/A5010967150,control,2004,-3,-0.22991341991341993
https://openalex.org/A5010967150,control,2004,-2,-0.4449824205544287
https://openalex.org/A5010967150,control,2004,-1,-0.5026037335523501
https://openalex.org/A5010967150,control,2004,0,-0.3514285714285714
https://openalex.org/A5010967150,control,2004,1,-0.35615384615384615
https://openalex.org/A5010967150,control,2004,2,-0.3841514926297535
https://openalex.org/A5010967150,control,2004,3,-0.21179769725224273
https://openalex.org/A5010967150,control,2004,4,-0.6471231696813092
https://openalex.org/A5010967150,control,2004,5,-0.8434809634809635
https://openalex.org/A5011012964,award,2013,-4,-0.2587632850241546
https://openalex.org/A5011012964,award,2013,-3,-0.11236842105263159
https://openalex.org/A5011012964,award,2013,-2,-0.38743589743589746
https://openalex.org/A5011012964,award,2013,-1,-0.050549450549450536
https://openalex.org/A5011012964,award,2013,0,0.18000000000000002
https://openalex.org/A5011012964,award,2013,1,-0.07061794414735592
https://openalex.org/A5011012964,award,2013,2,-0.3740151515151515
https://openalex.org/A5011012964,award,2013,3,-0.0505858585858586
https://openalex.org/A5011012964,award,2013,4,0.2548148148148148
https://openalex.org/A5011012964,award,2013,5,-0.47789915966386554
https://openalex.org/A5011195666,control,2000,2,0.05925925925925927
https://openalex.org/A5011195666,control,2000,3,-0.5833333333333333
https://openalex.org/A5011195666,control,2000,4,-0.5069444444444445
https://openalex.org/A5011195666,control,2000,5,-0.5428571428571429
https://openalex.org/A5011207998,award,2018,-3,-1.0
https://openalex.org/A5011207998,award,2018,0,0.28952380952380946
https://openalex.org/A5011207998,award,2018,3,-1.0
https://openalex.org/A5011207998,award,2018,4,0.5
https://openalex.org/A5011277895,award,2015,-1,-1.0
https://openalex.org/A5011277895,award,2015,0,-0.78
https://openalex.org/A5011277895,award,2015,1,0.08888888888888886
https://openalex.org/A5011277895,award,2015,2,-0.4806896551724138
https://openalex.org/A5011277895,award,2015,3,-0.44717444717444715
https://openalex.org/A5011277895,award,2015,4,-0.962962962962963
https://openalex.org/A5011277895,award,2015,5,0.057777777777777796
https://openalex.org/A5011387239,control,2013,-5,1.0
https://openalex.org/A5011387239,control,2013,-4,-0.8947368421052632
https://openalex.org/A5011387239,control,2013,-3,-0.15370985603543738
https://openalex.org/A5011387239,control,2013,-2,-0.12471139971139975
https://openalex.org/A5011387239,control,2013,-1,0.0
https://openalex.org/A5011387239,control,2013,0,-0.6532258064516129
https://openalex.org/A5011387239,control,2013,1,-0.1282051282051282
https://openalex.org/A5011387239,control,2013,2,-0.6358974358974359
https://openalex.org/A5011387239,control,2013,4,0.1182266009852217
https://openalex.org/A5011387239,control,2013,5,-0.3846153846153846
https://openalex.org/A5011438930,award,2018,-4,-1.0
https://openalex.org/A5011438930,award,2018,-3,-0.14285714285714285
https://openalex.org/A5011438930,award,2018,-1,-0.4181818181818182
https://openalex.org/A5011438930,award,2018,0,-0.25272108843537416
https://openalex.org/A5011438930,award,2018,1,-0.564625850340136
https://openalex.org/A5011438930,award,2018,2,-0.1185057471264368
https://openalex.org/A5011438930,award,2018,3,0.08
https://openalex.org/A5011438930,award,2018,4,-0.43869463869463865
https://openalex.org/A5011438930,award,2018,5,0.0
https://openalex.org/A5011742954,award,2018,-3,1.0
https://openalex.org/A5011742954,award,2018,-1,-0.6007982261640799
https://openalex.org/A5011742954,award,2018,0,-0.45185064935064934
https://openalex.org/A5011742954,award,2018,1,-0.47252747252747257
https://openalex.org/A5011742954,award,2018,2,-0.08791208791208792
https://openalex.org/A5011742954,award,2018,3,0.13174603174603175
https://openalex.org/A5011742954,award,2018,4,-0.3035714285714286
https://openalex.org/A5011742954,award,2018,5,0.34615384615384615
https://openalex.org/A5011785079,award,2010,-5,-1.0
https://openalex.org/A5011785079,award,2010,-4,-1.0
https://openalex.org/A5011785079,award,2010,-3,-0.75
https://openalex.org/A5011785079,award,2010,-1,-1.0
https://openalex.org/A5011785079,award,2010,0,-0.34615384615384615
https://openalex.org/A5011785079,award,2010,1,0.6666666666666666
https://openalex.org/A5011785079,award,2010,3,0.0
https://openalex.org/A5011785079,award,2010,4,-0.8181818181818181
https://openalex.org/A5011785079,award,2010,5,-0.6753246753246753
https://openalex.org/A5011891560,award,2008,-1,0.4285714285714285
https://openalex.org/A5011891560,award,2008,0,0.375
https://openalex.org/A5011891560,award,2008,1,1.0
https://openalex.org/A5011891560,award,2008,3,0.62
https://openalex.org/A5011891560,award,2008,5,0.7142857142857142
https://openalex.org/A5012032862,award,2001,-5,-0.8536585365853658
https://openalex.org/A5012032862,award,2001,-4,-0.3605769230769231
https://openalex.org/A5012032862,award,2001,-3,-0.64
https://openalex.org/A5012032862,award,2001,-2,-0.9523809523809524
https://openalex.org/A5012032862,award,2001,-1,-0.68
https://openalex.org/A5012032862,award,2001,0,-0.3333333333333333
https://openalex.org/A5012032862,award,2001,2,1.0
https://openalex.org/A5012186497,award,2013,-4,-0.3277027027027027
https://openalex.org/A5012186497,award,2013,-3,1.0
https://openalex.org/A5012186497,award,2013,-1,-0.5701345755693581
https://openalex.org/A5012186497,award,2013,0,-0.8095238095238095
https://openalex.org/A5012186497,award,2013,1,-0.8888888888888888
https://openalex.org/A5012643471,award,2012,-3,-0.5555555555555556
https://openalex.org/A5012643471,award,2012,-2,-0.875
https://openalex.org/A5012643471,award,2012,-1,1.0
https://openalex.org/A5012643471,award,2012,0,-0.47000000000000003
https://openalex.org/A5012643471,award,2012,2,-0.2672727272727272
https://openalex.org/A5012643471,award,2012,3,1.0
https://openalex.org/A5012652561,control,2018,-1,-0.5555555555555556
https://openalex.org/A5012652561,control,2018,0,-0.66
https://openalex.org/A5012652561,control,2018,1,-0.31666666666666665
https://openalex.org/A5012652561,control,2018,2,0.6774193548387097
https://openalex.org/A5012652561,control,2018,3,0.5
https://openalex.org/A5012652561,control,2018,4,0.02031746031746032
https://openalex.org/A5012652561,control,2018,5,1.0
https://openalex.org/A5012667159,award,2006,0,-0.2727272727272727
https://openalex.org/A5012670041,control,2014,-5,-0.4411764705882353
https://openalex.org/A5012670041,control,2014,-3,-0.28
https://openalex.org/A5012670041,control,2014,-1,-0.4285714285714285
https://openalex.org/A5012670041,control,2014,0,0.38888888888888884
https://openalex.org/A5012670041,control,2014,2,-0.48833333333333334
https://openalex.org/A5012670041,control,2014,3,-0.3143398681156119
https://openalex.org/A5012670041,control,2014,5,-0.12698412698412698
https://openalex.org/A5012751147,award,2000,-2,-0.1428571428571428
https://openalex.org/A5012751147,award,2000,-1,-0.08850340136054421
https://openalex.org/A5012751147,award,2000,0,0.3333333333333333
https://openalex.org/A5012751147,award,2000,1,0.5882352941176471
https://openalex.org/A5012751147,award,2000,2,-0.2808288790041491
https://openalex.org/A5012751147,award,2000,3,-0.22662113941183706
https://openalex.org/A5012751147,award,2000,4,-0.6162337662337662
https://openalex.org/A5012751147,award,2000,5,-0.36539474094112756
https://openalex.org/A5012802996,award,2008,-4,1.0
https://openalex.org/A5012802996,award,2008,0,0.29
https://openalex.org/A5012802996,award,2008,1,0.7142857142857142
https://openalex.org/A5012802996,award,2008,3,-0.25
https://openalex.org/A5012802996,award,2008,4,0.3333333333333333
https://openalex.org/A5012802996,award,2008,5,-0.3717105263157895
https://openalex.org/A5012922872,control,2005,-5,-0.6173225998807395
https://openalex.org/A5012922872,control,2005,-4,-1.0
https://openalex.org/A5012922872,control,2005,-3,-1.0
https://openalex.org/A5012922872,control,2005,-2,-0.696
https://openalex.org/A5012922872,control,2005,-1,-0.6842105263157895
https://openalex.org/A5012922872,control,2005,0,-0.2
https://openalex.org/A5012922872,control,2005,2,-0.44666666666666666
https://openalex.org/A5012922872,control,2005,3,-0.3705467372134039
https://openalex.org/A5012922872,control,2005,4,-0.7446383471383472
https://openalex.org/A5012922872,control,2005,5,-0.8585714285714285
https://openalex.org/A5013022430,award,2004,0,-0.7794871794871795
https://openalex.org/A5013022430,award,2004,1,-0.75
https://openalex.org/A5013022430,award,2004,2,-0.3495652173913043
https://openalex.org/A5013022430,award,2004,3,-0.98
https://openalex.org/A5013050933,award,2015,-1,0.0
https://openalex.org/A5013050933,award,2015,0,-0.8
https://openalex.org/A5013088936,award,2012,0,-0.64
https://openalex.org/A5013240918,control,2009,0,0.25
https://openalex.org/A5013240918,control,2009,2,-0.7083333333333334
https://openalex.org/A5013240918,control,2009,3,-0.2884210526315789
https://openalex.org/A5013240918,control,2009,4,-0.5333333333333333
https://openalex.org/A5013240918,control,2009,5,-0.52
https://openalex.org/A5013339702,award,2012,0,-0.105
https://openalex.org/A5013339702,award,2012,3,-0.4354066985645933
https://openalex.org/A5013339702,award,2012,4,-0.625
https://openalex.org/A5013339702,award,2012,5,-1.0
https://openalex.org/A5013361951,control,2012,-2,-0.09523809523809523
https://openalex.org/A5013361951,control,2012,1,0.0
https://openalex.org/A5013361951,control,2012,2,-0.35714285714285715
https://openalex.org/A5013361951,control,2012,3,0.54
https://openalex.org/A5013361951,control,2012,4,-0.2826210826210826
https://openalex.org/A5013361951,control,2012,5,-0.2341125541125541
https://openalex.org/A5013378091,control,2014,-5,-0.32
https://openalex.org/A5013378091,control,2014,-4,-0.897534013605442
https://openalex.org/A5013378091,control,2014,-3,-0.64
https://openalex.org/A5013378091,control,2014,-2,-0.717512077294686
https://openalex.org/A5013378091,control,2014,-1,-0.4012145748987854
https://openalex.org/A5013378091,control,2014,0,-0.5693675889328064
https://openalex.org/A5013378091,control,2014,1,-0.21389254385964912
https://openalex.org/A5013378091,control,2014,2,-0.7960068502925646
https://openalex.org/A5013378091,control,2014,3,-0.8723809523809525
https://openalex.org/A5013378091,control,2014,4,-0.2543983268983269
https://openalex.org/A5013378091,control,2014,5,-0.09746031746031747
https://openalex.org/A5013518229,control,2004,-3,-0.5675675675675675
https://openalex.org/A5013518229,control,2004,-2,0.0809434403168786
https://openalex.org/A5013518229,control,2004,-1,-0.5728401360544217
https://openalex.org/A5013518229,control,2004,0,-0.6650326797385621
https://openalex.org/A5013518229,control,2004,1,-0.15364341085271319
https://openalex.org/A5013518229,control,2004,2,-0.19999999999999998
https://openalex.org/A5013518229,control,2004,3,-0.01666666666666668
https://openalex.org/A5013518229,control,2004,4,-0.5005102040816326
https://openalex.org/A5013518229,control,2004,5,-0.07066666666666666
https://openalex.org/A5013551063,award,2012,-2,-0.75
https://openalex.org/A5013551063,award,2012,-1,-0.5117460317460317
https://openalex.org/A5013551063,award,2012,0,-0.7133506113769272
https://openalex.org/A5013551063,award,2012,1,-0.4198717948717949
https://openalex.org/A5013551063,award,2012,2,-0.27777777777777773
https://openalex.org/A5013551063,award,2012,3,-0.7166666666666667
https://openalex.org/A5013551063,award,2012,4,-0.19658119658119658
https://openalex.org/A5013551063,award,2012,5,-0.599264705882353
https://openalex.org/A5013623251,award,2017,-2,-0.7777777777777778
https://openalex.org/A5013623251,award,2017,0,-0.8
https://openalex.org/A5013623251,award,2017,1,0.0
https://openalex.org/A5013623251,award,2017,2,-0.16723688497882044
https://openalex.org/A5013623251,award,2017,3,-0.5692156862745098
https://openalex.org/A5013623251,award,2017,4,-0.4374603174603175
https://openalex.org/A5013623251,award,2017,5,-0.41666666666666663
https://openalex.org/A5013744700,award,2016,-3,-1.0
https://openalex.org/A5013744700,award,2016,-2,-0.9310344827586208
https://openalex.org/A5013744700,award,2016,0,-0.4285714285714285
https://openalex.org/A5013744700,award,2016,3,0.3333333333333333
https://openalex.org/A5013809751,award,2016,-4,-0.8879999999999999
https://openalex.org/A5013809751,award,2016,-1,-0.8
https://openalex.org/A5013809751,award,2016,0,-0.7543371212121213
https://openalex.org/A5013809751,award,2016,3,-0.7867647058823529
https://openalex.org/A5013809751,award,2016,5,-0.72
https://openalex.org/A5013948143,control,2016,1,-0.3717948717948718
https://openalex.org/A5013948143,control,2016,2,-0.76
https://openalex.org/A5013948143,control,2016,3,-0.6469876181166504
https://openalex.org/A5013948143,control,2016,4,0.3022727272727273
https://openalex.org/A5013948143,control,2016,5,-0.3462585034013606
https://openalex.org/A5013958366,award,2015,-2,-0.2
https://openalex.org/A5013958366,award,2015,-1,0.0
https://openalex.org/A5013958366,award,2015,0,-0.8
https://openalex.org/A5014050315,award,2016,0,0.3888888888888889
https://openalex.org/A5014101817,award,2002,-2,-0.2307692307692307
https://openalex.org/A5014101817,award,2002,0,0.4705882352941176
https://openalex.org/A5014101817,award,2002,1,-0.4603174603174603
https://openalex.org/A5014101817,award,2002,2,-0.55
https://openalex.org/A5014115669,award,2012,0,-0.5034883720930232
https://openalex.org/A5014115669,award,2012,1,-0.48067226890756304
https://openalex.org/A5014115669,award,2012,2,-0.8362573099415205
https://openalex.org/A5014115669,award,2012,3,0.0
https://openalex.org/A5014115669,award,2012,4,-1.0
https://openalex.org/A5014115669,award,2012,5,-1.0
https://openalex.org/A5014222815,control,2012,-2,1.0
https://openalex.org/A5014222815,control,2012,-1,-0.6842105263157895
https://openalex.org/A5014222815,control,2012,0,0.4375
https://openalex.org/A5014222815,control,2012,1,0.04999999999999999
https://openalex.org/A5014222815,control,2012,2,-0.49019607843137253
https://openalex.org/A5014222815,control,2012,3,-0.4285714285714286
https://openalex.org/A5014222815,control,2012,4,-0.3333333333333333
https://openalex.org/A5014222815,control,2012,5,-0.5337662337662338
https://openalex.org/A5014246066,award,2010,0,0.08666666666666667
https://openalex.org/A5014246066,award,2010,2,-1.0
https://openalex.org/A5014292887,award,2014,-2,-0.6
https://openalex.org/A5014292887,award,2014,-1,-0.7142857142857142
https://openalex.org/A5014292887,award,2014,0,-0.6485714285714286
https://openalex.org/A5014292887,award,2014,3,0.56
https://openalex.org/A5014407395,award,2017,-4,-0.96
https://openalex.org/A5014407395,award,2017,-3,-0.8064864864864865
https://openalex.org/A5014407395,award,2017,-2,-0.81
https://openalex.org/A5014407395,award,2017,-1,-0.77
https://openalex.org/A5014407395,award,2017,0,0.12967003105590064
https://openalex.org/A5014407395,award,2017,1,-0.24363636363636365
https://openalex.org/A5014407395,award,2017,2,-0.6560317460317461
https://openalex.org/A5014407395,award,2017,3,-0.3108333333333333
https://openalex.org/A5014407395,award,2017,4,-1.0
https://openalex.org/A5014407395,award,2017,5,0.08823529411764708
https://openalex.org/A5014539613,award,2010,-1,-0.7368421052631579
https://openalex.org/A5014539613,award,2010,0,-0.64
https://openalex.org/A5014539613,award,2010,3,-0.2962962962962963
https://openalex.org/A5014557575,award,2018,0,0.26
https://openalex.org/A5014557575,award,2018,1,0.0
https://openalex.org/A5014557575,award,2018,2,-0.28
https://openalex.org/A5014557575,award,2018,3,0.0
https://openalex.org/A5014557575,award,2018,5,1.0
https://openalex.org/A5014639509,award,2016,-1,-0.5882352941176471
https://openalex.org/A5014639509,award,2016,0,-0.6428571428571429
https://openalex.org/A5014639509,award,2016,1,-1.0
https://openalex.org/A5014639509,award,2016,3,-0.6
https://openalex.org/A5014639509,award,2016,5,-0.7292307692307692
https://openalex.org/A5014823249,award,2018,-4,-0.8181818181818181
https://openalex.org/A5014823249,award,2018,-3,1.0
https://openalex.org/A5014823249,award,2018,-2,-0.7777777777777778
https://openalex.org/A5014823249,award,2018,-1,-0.3333333333333333
https://openalex.org/A5014823249,award,2018,0,-0.4444444444444444
https://openalex.org/A5014823249,award,2018,1,-0.5245098039215685
https://openalex.org/A5014823249,award,2018,2,0.05555555555555558
https://openalex.org/A5014823249,award,2018,3,-0.3333333333333333
https://openalex.org/A5014842691,award,2016,0,0.48
https://openalex.org/A5014892027,control,2006,-5,-0.5205050505050506
https://openalex.org/A5014892027,control,2006,-4,-0.4475499688020738
https://openalex.org/A5014892027,control,2006,-3,-0.4221386044296261
https://openalex.org/A5014892027,control,2006,-2,-0.17849058763290263
https://openalex.org/A5014892027,control,2006,-1,-0.37746752021794466
https://openalex.org/A5014892027,control,2006,0,-0.31065998329156225
https://openalex.org/A5014892027,control,2006,1,-0.21489621489621488
https://openalex.org/A5014892027,control,2006,2,-0.14053819771211076
https://openalex.org/A5014892027,control,2006,3,-0.2592673992673993
https://openalex.org/A5014892027,control,2006,4,-0.16697564423880212
https://openalex.org/A5014892027,control,2006,5,-0.26450934396747205
https://openalex.org/A5014963962,award,2017,-1,-0.4285714285714285
https://openalex.org/A5014963962,award,2017,0,0.4666666666666667
https://openalex.org/A5015113627,award,2018,-2,-0.76
https://openalex.org/A5015113627,award,2018,0,-0.92
https://openalex.org/A5015113627,award,2018,1,0.5
https://openalex.org/A5015113627,award,2018,2,-0.13026819923371646
https://openalex.org/A5015113627,award,2018,3,0.5
https://openalex.org/A5015113627,award,2018,5,-0.7058823529411764
https://openalex.org/A5015247369,control,2005,3,-0.5172413793103449
https://openalex.org/A5015247369,control,2005,4,-0.3636363636363636
https://openalex.org/A5015247369,control,2005,5,-0.76
https://openalex.org/A5015385005,award,2016,-4,-0.875
https://openalex.org/A5015385005,award,2016,-2,-0.4285714285714286
https://openalex.org/A5015385005,award,2016,-1,-0.5309677419354839
https://openalex.org/A5015385005,award,2016,0,0.13419354838709677
https://openalex.org/A5015385005,award,2016,1,-0.006211180124223577
https://openalex.org/A5015385005,award,2016,2,0.7192982456140351
https://openalex.org/A5015385005,award,2016,3,-0.06
https://openalex.org/A5015385005,award,2016,4,0.22859848484848486
https://openalex.org/A5015385005,award,2016,5,-0.43975990396158465
https://openalex.org/A5015424594,award,2001,-3,0.3333333333333333
https://openalex.org/A5015424594,award,2001,-2,-0.547843137254902
https://openalex.org/A5015424594,award,2001,-1,-0.5681818181818182
https://openalex.org/A5015424594,award,2001,0,-0.20870748299319727
https://openalex.org/A5015424594,award,2001,2,-0.08
https://openalex.org/A5015424594,award,2001,5,-0.2
https://openalex.org/A5015547365,award,2012,-2,0.2387096774193548
https://openalex.org/A5015547365,award,2012,0,-0.0956818181818182
https://openalex.org/A5015547365,award,2012,1,0.16571428571428573
https://openalex.org/A5015547365,award,2012,3,-0.24
https://openalex.org/A5015586819,award,2017,0,-0.4545454545454545
https://openalex.org/A5015729451,award,2008,0,-0.4375
https://openalex.org/A5015729451,award,2008,2,-0.4666666666666667
https://openalex.org/A5015729451,award,2008,3,-0.6111111111111112
https://openalex.org/A5015729451,award,2008,4,-0.32796536796536796
https://openalex.org/A5015729451,award,2008,5,0.3333333333333333
https://openalex.org/A5015797494,award,2000,-4,0.0
https://openalex.org/A5015797494,award,2000,-3,-0.2
https://openalex.org/A5015797494,award,2000,2,-0.66
https://openalex.org/A5015875478,award,2013,-5,-0.6785714285714286
https://openalex.org/A5015875478,award,2013,-3,0.1176470588235294
https://openalex.org/A5015875478,award,2013,-2,-0.040000000000000036
https://openalex.org/A5015875478,award,2013,-1,0.12
https://openalex.org/A5015875478,award,2013,0,0.05774591796097176
https://openalex.org/A5015875478,award,2013,1,-0.5625
https://openalex.org/A5015875478,award,2013,2,-0.4
https://openalex.org/A5015875478,award,2013,3,-0.3534382284382284
https://openalex.org/A5015875478,award,2013,4,-0.3333333333333333
https://openalex.org/A5015875478,award,2013,5,-1.0
https://openalex.org/A5015893090,award,2015,-5,-0.3333333333333333
https://openalex.org/A5015893090,award,2015,-4,-0.3333333333333333
https://openalex.org/A5015893090,award,2015,-3,-1.0
https://openalex.org/A5015893090,award,2015,-2,-0.5904761904761905
https://openalex.org/A5015893090,award,2015,-1,-1.0
https://openalex.org/A5015893090,award,2015,0,-0.6024615384615384
https://openalex.org/A5015893090,award,2015,1,-0.871764705882353
https://openalex.org/A5015893090,award,2015,2,-0.5958539377289377
https://openalex.org/A5015893090,award,2015,3,-0.6
https://openalex.org/A5015893090,award,2015,4,-0.8666666666666667
https://openalex.org/A5015893090,award,2015,5,-0.01895566502463053
https://openalex.org/A5016270907,award,2004,-1,-0.8
https://openalex.org/A5016270907,award,2004,0,-0.47724867724867726
https://openalex.org/A5016270907,award,2004,1,-0.5956363636363636
https://openalex.org/A5016270907,award,2004,3,-0.6595744680851063
https://openalex.org/A5016315666,award,2005,-4,-0.1111111111111111
https://openalex.org/A5016315666,award,2005,-3,0.47058823529411764
https://openalex.org/A5016315666,award,2005,-2,0.19657142857142856
https://openalex.org/A5016315666,award,2005,-1,-0.4285714285714285
https://openalex.org/A5016315666,award,2005,0,-0.8095238095238094
https://openalex.org/A5016315666,award,2005,1,-0.1431127012522361
https://openalex.org/A5016315666,award,2005,3,-0.43333333333333335
https://openalex.org/A5016315666,award,2005,4,-0.2222222222222222
https://openalex.org/A5016315666,award,2005,5,-0.2625396825396825
https://openalex.org/A5016327606,award,2008,-4,-1.0
https://openalex.org/A5016327606,award,2008,0,0.155
https://openalex.org/A5016327606,award,2008,1,-0.8235294117647058
https://openalex.org/A5016327606,award,2008,2,-0.8333333333333334
https://openalex.org/A5016327606,award,2008,3,-0.2
https://openalex.org/A5016327606,award,2008,4,-0.05069930069930073
https://openalex.org/A5016327606,award,2008,5,-0.4
https://openalex.org/A5016425387,control,2003,5,-0.32
https://openalex.org/A5016486642,award,2015,0,-0.68
https://openalex.org/A5016501970,award,2015,-2,-0.8888888888888888
https://openalex.org/A5016501970,award,2015,-1,-0.4
https://openalex.org/A5016501970,award,2015,0,-0.244
https://openalex.org/A5016501970,award,2015,1,-0.32
https://openalex.org/A5016501970,award,2015,2,0.14839285714285716
https://openalex.org/A5016501970,award,2015,3,-0.6040350877192983
https://openalex.org/A5016501970,award,2015,5,0.48484848484848486
https://openalex.org/A5016617747,award,2017,-3,-0.5627980922098569
https://openalex.org/A5016617747,award,2017,-2,-0.7865445665445666
https://openalex.org/A5016617747,award,2017,-1,-0.3333333333333333
https://openalex.org/A5016617747,award,2017,0,-0.7904761904761904
https://openalex.org/A5016617747,award,2017,1,-0.11843137254901961
https://openalex.org/A5016617747,award,2017,2,-0.39
https://openalex.org/A5016617747,award,2017,3,-0.8765432098765432
https://openalex.org/A5016617747,award,2017,4,-0.6200595010412683
https://openalex.org/A5016617747,award,2017,5,-0.72
https://openalex.org/A5016750744,award,2015,-3,-0.5654761904761905
https://openalex.org/A5016750744,award,2015,-2,-0.3445021645021645
https://openalex.org/A5016750744,award,2015,-1,0.23483752860411902
https://openalex.org/A5016750744,award,2015,0,-0.25958333333333333
https://openalex.org/A5016750744,award,2015,1,-0.12487190748060313
https://openalex.org/A5016750744,award,2015,2,-0.5516929904026678
https://openalex.org/A5016750744,award,2015,3,-0.26763876798076525
https://openalex.org/A5016750744,award,2015,4,-0.19259259259259265
https://openalex.org/A5016750744,award,2015,5,-0.2762976406533575
https://openalex.org/A5016957812,award,2017,0,-0.3458823529411765
https://openalex.org/A5016957812,award,2017,1,-0.25557142857142856
https://openalex.org/A5016957812,award,2017,3,-0.24841269841269842
https://openalex.org/A5016957812,award,2017,4,-1.0
https://openalex.org/A5016957812,award,2017,5,-1.0
https://openalex.org/A5017036718,award,2000,-2,-0.7142857142857143
https://openalex.org/A5017036718,award,2000,0,-0.8371428571428572
https://openalex.org/A5017036718,award,2000,1,-0.54
https://openalex.org/A5017036718,award,2000,2,-0.25333333333333335
https://openalex.org/A5017036718,award,2000,3,-0.13952380952380952
https://openalex.org/A5017036718,award,2000,4,-0.48
https://openalex.org/A5017101724,award,2011,-4,-1.0
https://openalex.org/A5017101724,award,2011,-3,-0.3333333333333333
https://openalex.org/A5017101724,award,2011,-1,-0.7297297297297297
https://openalex.org/A5017101724,award,2011,0,-0.622470238095238
https://openalex.org/A5017101724,award,2011,1,-0.5110204081632653
https://openalex.org/A5017101724,award,2011,2,-0.5462962962962963
https://openalex.org/A5017101724,award,2011,3,-0.475036075036075
https://openalex.org/A5017101724,award,2011,4,-0.3333333333333333
https://openalex.org/A5017101724,award,2011,5,0.08809523809523809
https://openalex.org/A5017344436,control,2012,-5,-0.3333333333333333
https://openalex.org/A5017344436,control,2012,-4,-0.15
https://openalex.org/A5017344436,control,2012,-3,-0.31333333333333335
https://openalex.org/A5017344436,control,2012,-2,0.0
https://openalex.org/A5017344436,control,2012,-1,0.09810916179337233
https://openalex.org/A5017344436,control,2012,0,-0.020554303577559385
https://openalex.org/A5017344436,control,2012,1,-0.14828848645893336
https://openalex.org/A5017344436,control,2012,2,-0.052505281651623124
https://openalex.org/A5017344436,control,2012,3,-0.15321329054087673
https://openalex.org/A5017344436,control,2012,4,-0.2967443667443667
https://openalex.org/A5017344436,control,2012,5,-0.18644877755988867
https://openalex.org/A5017596078,award,2018,-2,1.0
https://openalex.org/A5017596078,award,2018,0,0.0
https://openalex.org/A5017596078,award,2018,1,-0.33928571428571425
https://openalex.org/A5017596078,award,2018,2,-0.01333333333333333
https://openalex.org/A5017596078,award,2018,3,1.0
https://openalex.org/A5017596078,award,2018,4,1.0
https://openalex.org/A5017596078,award,2018,5,0.6666666666666666
https://openalex.org/A5017750168,award,2015,-3,0.52
https://openalex.org/A5017750168,award,2015,-2,-0.925
https://openalex.org/A5017750168,award,2015,-1,-0.3383838383838384
https://openalex.org/A5017750168,award,2015,0,-0.29257142857142854
https://openalex.org/A5017750168,award,2015,1,-0.4
https://openalex.org/A5017750168,award,2015,2,-0.7272727272727273
https://openalex.org/A5017775499,award,2004,0,1.0
https://openalex.org/A5017775499,award,2004,2,-0.6894444444444444
https://openalex.org/A5017792083,control,2016,-4,0.4666666666666667
https://openalex.org/A5017792083,control,2016,-2,-1.0
https://openalex.org/A5017792083,control,2016,0,-0.4305555555555556
https://openalex.org/A5017792083,control,2016,1,-0.4646464646464647
https://openalex.org/A5017792083,control,2016,2,-0.5132991452991453
https://openalex.org/A5017792083,control,2016,3,-0.849802371541502
https://openalex.org/A5017792083,control,2016,4,-0.3288045288045288
https://openalex.org/A5018151279,award,2007,-1,-0.5864661654135338
https://openalex.org/A5018151279,award,2007,0,-0.6428571428571428
https://openalex.org/A5018151279,award,2007,1,-0.5555555555555556
https://openalex.org/A5018151279,award,2007,2,0.31818181818181823
https://openalex.org/A5018151279,award,2007,3,-0.44
https://openalex.org/A5018151279,award,2007,4,-0.12173913043478261
https://openalex.org/A5018151279,award,2007,5,-0.5555555555555555
https://openalex.org/A5018284688,award,2017,-4,1.0
https://openalex.org/A5018284688,award,2017,-3,-0.8823529411764706
https://openalex.org/A5018284688,award,2017,-1,-0.72
https://openalex.org/A5018284688,award,2017,0,-0.5766666666666667
https://openalex.org/A5018284688,award,2017,1,0.5
https://openalex.org/A5018284688,award,2017,2,-0.047619047619047596
https://openalex.org/A5018284688,award,2017,3,-0.3857142857142857
https://openalex.org/A5018395131,award,2010,0,0.24
https://openalex.org/A5018416139,award,2016,-5,-0.4666666666666667
https://openalex.org/A5018416139,award,2016,-4,0.0
https://openalex.org/A5018416139,award,2016,-3,-0.39615384615384613
https://openalex.org/A5018416139,award,2016,-2,-0.35294117647058826
https://openalex.org/A5018416139,award,2016,-1,0.09508281573498965
https://openalex.org/A5018416139,award,2016,0,-0.6715517241379311
https://openalex.org/A5018752163,control,2014,-5,-0.31632850241545896
https://openalex.org/A5018752163,control,2014,-4,-0.1794871794871795
https://openalex.org/A5018752163,control,2014,-3,-0.2355555555555556
https://openalex.org/A5018752163,control,2014,-2,-0.29815295815295817
https://openalex.org/A5018752163,control,2014,-1,-0.1752960372960373
https://openalex.org/A5018752163,control,2014,0,-0.2501522904483431
https://openalex.org/A5018752163,control,2014,1,-0.05192307692307693
https://openalex.org/A5018752163,control,2014,2,0.45495495495495497
https://openalex.org/A5018752163,control,2014,3,-0.5866666666666667
https://openalex.org/A5018752163,control,2014,4,0.4315262515262515
https://openalex.org/A5018752163,control,2014,5,0.025974025974025948
https://openalex.org/A5019170764,award,2007,-4,-0.12
https://openalex.org/A5019170764,award,2007,-3,-0.7904761904761904
https://openalex.org/A5019170764,award,2007,-2,-0.6774193548387096
https://openalex.org/A5019170764,award,2007,-1,-1.0
https://openalex.org/A5019170764,award,2007,0,-0.17333333333333334
https://openalex.org/A5019170764,award,2007,1,-0.7721455356237965
https://openalex.org/A5019170764,award,2007,2,-0.4522222222222222
https://openalex.org/A5019170764,award,2007,3,-0.36
https://openalex.org/A5019170764,award,2007,4,-0.5881774193548387
https://openalex.org/A5019170764,award,2007,5,0.034954056695992185
https://openalex.org/A5019272809,award,2004,-3,0.0
https://openalex.org/A5019272809,award,2004,-1,-0.3125
https://openalex.org/A5019272809,award,2004,0,-0.2907088122605364
https://openalex.org/A5019272809,award,2004,1,-0.08974358974358974
https://openalex.org/A5019272809,award,2004,2,-1.0
https://openalex.org/A5019272809,award,2004,3,-0.22666666666666666
https://openalex.org/A5019272809,award,2004,4,-0.02586091328026812
https://openalex.org/A5019272809,award,2004,5,-0.44864516129032256
https://openalex.org/A5019276791,award,2015,-5,-0.4529503105590062
https://openalex.org/A5019276791,award,2015,-3,0.08823529411764705
https://openalex.org/A5019276791,award,2015,-1,0.0
https://openalex.org/A5019276791,award,2015,0,-0.6
https://openalex.org/A5019276791,award,2015,1,-0.7704885590599876
https://openalex.org/A5019276791,award,2015,2,-0.26666666666666666
https://openalex.org/A5019276791,award,2015,3,0.0733333333333333
https://openalex.org/A5019276791,award,2015,4,1.0
https://openalex.org/A5019404521,control,2008,-3,0.3650793650793651
https://openalex.org/A5019404521,control,2008,-2,-0.6345528455284553
https://openalex.org/A5019404521,control,2008,-1,-0.7623529411764706
https://openalex.org/A5019404521,control,2008,0,-0.3970673427164379
https://openalex.org/A5019404521,control,2008,1,-0.3681622678396872
https://openalex.org/A5019404521,control,2008,2,-0.33166666666666667
https://openalex.org/A5019404521,control,2008,3,-0.7761437908496732
https://openalex.org/A5019404521,control,2008,4,-0.63
https://openalex.org/A5019404521,control,2008,5,-0.5948399916139983
https://openalex.org/A5019848726,award,2007,-1,-1.0
https://openalex.org/A5019848726,award,2007,0,-0.76
https://openalex.org/A5019848726,award,2007,1,0.12
https://openalex.org/A5019848726,award,2007,2,-0.7000000000000001
https://openalex.org/A5019848726,award,2007,3,-0.85
https://openalex.org/A5019848726,award,2007,4,-0.7333333333333333
https://openalex.org/A5019848726,award,2007,5,-0.6999147485080988
https://openalex.org/A5019918530,award,2017,-5,1.0
https://openalex.org/A5019918530,award,2017,-3,-1.0
https://openalex.org/A5019918530,award,2017,-1,-0.3866666666666667
https://openalex.org/A5019918530,award,2017,0,-0.9
https://openalex.org/A5019918530,award,2017,2,-1.0
https://openalex.org/A5019954653,award,2018,-4,-0.24
https://openalex.org/A5019954653,award,2018,-2,-0.06288298265042457
https://openalex.org/A5019954653,award,2018,-1,-0.24782608695652178
https://openalex.org/A5019954653,award,2018,0,-0.88
https://openalex.org/A5019954653,award,2018,2,-0.4288888888888889
https://openalex.org/A5020000401,award,2016,-2,-0.6666666666666666
https://openalex.org/A5020000401,award,2016,-1,-1.0
https://openalex.org/A5020000401,award,2016,0,-1.0
https://openalex.org/A5020000401,award,2016,2,0.625
https://openalex.org/A5020160332,control,2018,-5,0.3433862433862434
https://openalex.org/A5020160332,control,2018,-4,-0.250973350973351
https://openalex.org/A5020160332,control,2018,-3,0.5155555555555555
https://openalex.org/A5020160332,control,2018,-2,0.12836438539356312
https://openalex.org/A5020160332,control,2018,-1,0.1965715599290999
https://openalex.org/A5020160332,control,2018,0,-0.03292352092352092
https://openalex.org/A5020160332,control,2018,1,-0.12777769942475822
https://openalex.org/A5020160332,control,2018,2,-0.17348593759993106
https://openalex.org/A5020160332,control,2018,3,-0.22523249299719886
https://openalex.org/A5020160332,control,2018,4,0.04065385686438319
https://openalex.org/A5020160332,control,2018,5,-0.09932980599647268
https://openalex.org/A5020274673,award,2013,0,-1.0
https://openalex.org/A5020274673,award,2013,2,-0.75
https://openalex.org/A5020404511,award,2004,-5,0.04094827586206895
https://openalex.org/A5020404511,award,2004,-3,-0.2601062586838449
https://openalex.org/A5020404511,award,2004,-2,-0.5393939393939394
https://openalex.org/A5020404511,award,2004,-1,-0.4391111111111111
https://openalex.org/A5020404511,award,2004,0,-0.3977960927960928
https://openalex.org/A5020404511,award,2004,1,-0.8703703703703703
https://openalex.org/A5020404511,award,2004,2,-0.6136514719848054
https://openalex.org/A5020404511,award,2004,3,-0.5333333333333333
https://openalex.org/A5020404511,award,2004,4,-0.8338461538461539
https://openalex.org/A5020404511,award,2004,5,-0.10843621399176956
https://openalex.org/A5020423438,control,2012,3,-0.5147058823529411
https://openalex.org/A5020423438,control,2012,4,0.07441860465116275
https://openalex.org/A5020423438,control,2012,5,-0.23017902813299232
https://openalex.org/A5020454182,award,2017,-5,-0.7272727272727273
https://openalex.org/A5020454182,award,2017,-3,-0.775
https://openalex.org/A5020454182,award,2017,-2,-1.0
https://openalex.org/A5020454182,award,2017,-1,-0.6
https://openalex.org/A5020454182,award,2017,0,-0.45
https://openalex.org/A5020454182,award,2017,1,-0.3333333333333333
https://openalex.org/A5020454182,award,2017,2,-0.1369047619047619
https://openalex.org/A5020454182,award,2017,3,-0.7037037037037037
https://openalex.org/A5020454182,award,2017,4,0.0
https://openalex.org/A5020454182,award,2017,5,-0.3333333333333333
https://openalex.org/A5020572630,award,2007,-5,-1.0
https://openalex.org/A5020572630,award,2007,-1,-0.6666666666666666
https://openalex.org/A5020572630,award,2007,0,-0.4723076923076923
https://openalex.org/A5020572630,award,2007,2,-0.6527272727272727
https://openalex.org/A5020572630,award,2007,5,-0.7142857142857143
https://openalex.org/A5020815483,control,2005,-5,0.1111111111111111
https://openalex.org/A5020815483,control,2005,-3,0.4666666666666667
https://openalex.org/A5020815483,control,2005,-2,-0.7777777777777777
https://openalex.org/A5020815483,control,2005,-1,-0.3452062643239113
https://openalex.org/A5020815483,control,2005,0,-0.5806451612903225
https://openalex.org/A5020815483,control,2005,2,1.0
https://openalex.org/A5020815483,control,2005,3,1.850371707708594e-17
https://openalex.org/A5020815483,control,2005,5,-0.25
https://openalex.org/A5020864276,award,2007,0,1.0
https://openalex.org/A5020864276,award,2007,1,0.1304347826086956
https://openalex.org/A5020864276,award,2007,3,1.0
https://openalex.org/A5020864276,award,2007,5,1.0
https://openalex.org/A5020883423,award,2006,0,-0.32
https://openalex.org/A5020883423,award,2006,1,0.0
https://openalex.org/A5020883423,award,2006,2,-0.19999999999999998
https://openalex.org/A5020883423,award,2006,3,-0.4285714285714285
https://openalex.org/A5020883423,award,2006,4,-0.35380196523053664
https://openalex.org/A5020883423,award,2006,5,-0.9333333333333332
https://openalex.org/A5021055773,award,2011,-5,-1.0
https://openalex.org/A5021055773,award,2011,-4,-0.5714285714285715
https://openalex.org/A5021055773,award,2011,-3,-1.0
https://openalex.org/A5021055773,award,2011,-2,-0.9
https://openalex.org/A5021055773,award,2011,-1,0.014545454545454549
https://openalex.org/A5021055773,award,2011,0,-0.04
https://openalex.org/A5021055773,award,2011,1,-0.8461538461538461
https://openalex.org/A5021055773,award,2011,2,-0.2932173913043478
https://openalex.org/A5021055773,award,2011,3,-0.8663636363636363
https://openalex.org/A5021055773,award,2011,4,-0.45
https://openalex.org/A5021055773,award,2011,5,-0.6799999999999999
https://openalex.org/A5021195349,control,2012,-5,0.13758106539595868
https://openalex.org/A5021195349,control,2012,-4,0.03135366697286202
https://openalex.org/A5021195349,control,2012,-3,-0.1103830142620891
https://openalex.org/A5021195349,control,2012,-2,-0.01959706959706959
https://openalex.org/A5021195349,control,2012,-1,0.19816313404830152
https://openalex.org/A5021195349,control,2012,0,0.18421440217504617
https://openalex.org/A5021195349,control,2012,1,0.08052136879723087
https://openalex.org/A5021195349,control,2012,2,0.3965899955899956
https://openalex.org/A5021195349,control,2012,3,0.20444444444444443
https://openalex.org/A5021195349,control,2012,4,0.10889183524606622
https://openalex.org/A5021195349,control,2012,5,0.1894837654396813
https://openalex.org/A5021229048,award,2016,-1,-0.5
https://openalex.org/A5021229048,award,2016,0,-0.82364395479485
https://openalex.org/A5021229048,award,2016,1,0.3333333333333333
https://openalex.org/A5021229048,award,2016,2,-0.21111111111111108
https://openalex.org/A5021229048,award,2016,3,0.14025974025974028
https://openalex.org/A5021229048,award,2016,4,-0.44148148148148153
https://openalex.org/A5021229048,award,2016,5,-0.625
https://openalex.org/A5021296068,award,2018,0,-0.246031746031746
https://openalex.org/A5021297302,award,2017,-1,-0.47
https://openalex.org/A5021297302,award,2017,0,-0.48
https://openalex.org/A5021697915,award,2006,-3,-0.72
https://openalex.org/A5021697915,award,2006,-2,0.3106060606060606
https://openalex.org/A5021697915,award,2006,-1,0.0625
https://openalex.org/A5021697915,award,2006,0,-0.24666666666666667
https://openalex.org/A5021697915,award,2006,1,-1.0
https://openalex.org/A5021697915,award,2006,3,-0.44047619047619047
https://openalex.org/A5021697915,award,2006,5,-0.04657004830917875
https://openalex.org/A5021735130,award,2018,-4,1.0
https://openalex.org/A5021735130,award,2018,-2,-1.0
https://openalex.org/A5021735130,award,2018,0,-0.4871794871794871
https://openalex.org/A5021735130,award,2018,1,-0.3647058823529412
https://openalex.org/A5021735130,award,2018,2,-0.5384615384615384
https://openalex.org/A5021735130,award,2018,3,-0.4545454545454545
https://openalex.org/A5021735130,award,2018,4,1.0
https://openalex.org/A5021735130,award,2018,5,-0.8947368421052632
https://openalex.org/A5021777354,award,2015,-2,-0.12525252525252525
https://openalex.org/A5021777354,award,2015,-1,-0.5266666666666666
https://openalex.org/A5021777354,award,2015,0,-0.21571428571428572
https://openalex.org/A5021777354,award,2015,1,-0.25849439775910366
https://openalex.org/A5021777354,award,2015,2,-0.2816868087599795
https://openalex.org/A5021777354,award,2015,3,-0.36836309523809524
https://openalex.org/A5021777354,award,2015,4,-0.30458156028368794
https://openalex.org/A5021777354,award,2015,5,-0.22095238095238093
https://openalex.org/A5021806319,award,2015,-3,-0.8333333333333334
https://openalex.org/A5021806319,award,2015,-2,-0.5
https://openalex.org/A5021806319,award,2015,-1,-0.8571428571428571
https://openalex.org/A5021806319,award,2015,0,-0.125
https://openalex.org/A5021806319,award,2015,1,-0.5862068965517241
https://openalex.org/A5021806319,award,2015,3,0.2692307692307692
https://openalex.org/A5021833322,award,2015,-3,-1.0
https://openalex.org/A5021833322,award,2015,-2,1.0
https://openalex.org/A5021833322,award,2015,-1,-0.96
https://openalex.org/A5021833322,award,2015,0,-1.0
https://openalex.org/A5021833322,award,2015,1,-1.0
https://openalex.org/A5021833322,award,2015,2,-1.0
https://openalex.org/A5021833322,award,2015,3,1.0
https://openalex.org/A5021981631,award,2017,-1,0.3793103448275862
https://openalex.org/A5021981631,award,2017,0,-0.3888888888888889
https://openalex.org/A5022020843,award,2004,0,-0.053333333333333344
https://openalex.org/A5022020843,award,2004,1,-0.75
https://openalex.org/A5022020843,award,2004,3,-0.1020408163265306
https://openalex.org/A5022020843,award,2004,4,-0.7142857142857143
https://openalex.org/A5022031348,award,2015,-1,-0.8888888888888888
https://openalex.org/A5022031348,award,2015,0,-0.5425862068965518
https://openalex.org/A5022031348,award,2015,1,0.03846153846153845
https://openalex.org/A5022031348,award,2015,2,-0.6634920634920636
https://openalex.org/A5022031348,award,2015,3,-0.2871145327540677
https://openalex.org/A5022031348,award,2015,4,-0.9166666666666667
https://openalex.org/A5022031348,award,2015,5,0.042857142857142844
https://openalex.org/A5022177364,award,2007,-5,0.21666666666666665
https://openalex.org/A5022177364,award,2007,-4,-0.09398671096345515
https://openalex.org/A5022177364,award,2007,-3,-0.26705426356589146
https://openalex.org/A5022177364,award,2007,-2,0.215
https://openalex.org/A5022177364,award,2007,-1,-0.345167451596023
https://openalex.org/A5022177364,award,2007,0,-0.019283216783216792
https://openalex.org/A5022177364,award,2007,1,-0.4375675642307739
https://openalex.org/A5022177364,award,2007,2,-0.03943407385054983
https://openalex.org/A5022177364,award,2007,3,-0.418261838170305
https://openalex.org/A5022177364,award,2007,4,-0.42147286147286145
https://openalex.org/A5022177364,award,2007,5,-0.3653289153852058
https://openalex.org/A5022201710,award,2011,-3,-0.3461638418415912
https://openalex.org/A5022201710,award,2011,-2,-0.26666666666666666
https://openalex.org/A5022201710,award,2011,-1,-0.5
https://openalex.org/A5022201710,award,2011,0,-0.7931034482758621
https://openalex.org/A5022201710,award,2011,1,-0.5384615384615384
https://openalex.org/A5022320149,award,2007,-3,-0.84
https://openalex.org/A5022320149,award,2007,-2,-0.9047619047619048
https://openalex.org/A5022320149,award,2007,-1,-1.0
https://openalex.org/A5022320149,award,2007,0,-0.1855640807047457
https://openalex.org/A5022320149,award,2007,1,-0.2222222222222222
https://openalex.org/A5022354495,award,2008,-2,-0.2307692307692307
https://openalex.org/A5022354495,award,2008,0,-0.6774193548387096
https://openalex.org/A5022354495,award,2008,1,-0.5172413793103449
https://openalex.org/A5022440000,control,2002,-5,-0.9199999999999999
https://openalex.org/A5022440000,control,2002,-2,-0.64
https://openalex.org/A5022440000,control,2002,-1,1.0
https://openalex.org/A5022440000,control,2002,0,0.3666666666666667
https://openalex.org/A5022440000,control,2002,1,-0.37460784313725487
https://openalex.org/A5022440000,control,2002,2,-0.3519047619047619
https://openalex.org/A5022440000,control,2002,3,-0.4564021164021164
https://openalex.org/A5022440000,control,2002,4,-0.0008824258448318594
https://openalex.org/A5022440000,control,2002,5,-0.1377777777777778
https://openalex.org/A5022511801,award,2013,0,-0.786628733997155
https://openalex.org/A5022905724,award,2007,-3,-0.5625
https://openalex.org/A5022905724,award,2007,-2,-0.37809065934065933
https://openalex.org/A5022905724,award,2007,-1,-0.71
https://openalex.org/A5022905724,award,2007,0,-0.41349593495934955
https://openalex.org/A5022905724,award,2007,1,-0.762962962962963
https://openalex.org/A5022905724,award,2007,2,0.1428571428571428
https://openalex.org/A5022905724,award,2007,3,-0.33636363636363636
https://openalex.org/A5022905724,award,2007,4,-0.14865036923860453
https://openalex.org/A5022905724,award,2007,5,-0.30781921496531295
https://openalex.org/A5023051798,award,2009,0,-0.6133333333333334
https://openalex.org/A5023178110,control,2017,-5,-0.49583333333333335
https://openalex.org/A5023178110,control,2017,-4,-0.06220095693779909
https://openalex.org/A5023178110,control,2017,-3,-0.37102040816326526
https://openalex.org/A5023178110,control,2017,-2,-0.752813911472448
https://openalex.org/A5023178110,control,2017,-1,-0.09993197278911564
https://openalex.org/A5023178110,control,2017,0,-0.3466666666666667
https://openalex.org/A5023178110,control,2017,1,0.01863354037267081
https://openalex.org/A5023178110,control,2017,2,-0.46436363636363637
https://openalex.org/A5023178110,control,2017,3,0.05363408521303257
https://openalex.org/A5023178110,control,2017,4,-0.14
https://openalex.org/A5023178110,control,2017,5,0.6566666666666666
https://openalex.org/A5023215207,award,2011,-5,-0.9166666666666667
https://openalex.org/A5023215207,award,2011,-4,-0.725925925925926
https://openalex.org/A5023215207,award,2011,-3,-0.403734827264239
https://openalex.org/A5023215207,award,2011,-2,-0.6825396825396826
https://openalex.org/A5023215207,award,2011,-1,-0.5591815856777493
https://openalex.org/A5023215207,award,2011,0,-0.6675552104899931
https://openalex.org/A5023215207,award,2011,1,-0.3632944832944833
https://openalex.org/A5023215207,award,2011,2,-0.07122560355761935
https://openalex.org/A5023215207,award,2011,3,-0.5437229437229437
https://openalex.org/A5023215207,award,2011,4,0.06335319583958421
https://openalex.org/A5023215207,award,2011,5,-0.1948819026043019
https://openalex.org/A5023279342,award,2008,-2,-0.6799999999999999
https://openalex.org/A5023279342,award,2008,1,-1.0
https://openalex.org/A5023279342,award,2008,2,-0.75
https://openalex.org/A5023279342,award,2008,3,0.2
https://openalex.org/A5023279342,award,2008,4,-0.8518518518518519
https://openalex.org/A5023279342,award,2008,5,-1.0
https://openalex.org/A5023571961,control,2006,-5,-0.6060054926721593
https://openalex.org/A5023571961,control,2006,-4,-0.37692862993054294
https://openalex.org/A5023571961,control,2006,-3,-0.2383727883507192
https://openalex.org/A5023571961,control,2006,-2,-0.5330036551214496
https://openalex.org/A5023571961,control,2006,-1,-0.33601089061417383
https://openalex.org/A5023571961,control,2006,0,-0.69527603173114
https://openalex.org/A5023571961,control,2006,1,-0.23961327944086566
https://openalex.org/A5023571961,control,2006,2,-0.097208642709689
https://openalex.org/A5023571961,control,2006,3,-0.505463601532567
https://openalex.org/A5023571961,control,2006,4,-0.7179121572871573
https://openalex.org/A5023571961,control,2006,5,-0.8132104454685101
https://openalex.org/A5023572731,award,2007,0,-0.4761904761904761
https://openalex.org/A5023572731,award,2007,1,-0.3333333333333333
https://openalex.org/A5023572731,award,2007,2,0.5
https://openalex.org/A5023572731,award,2007,3,-0.5909677419354838
https://openalex.org/A5023572731,award,2007,4,-0.24070246538331644
https://openalex.org/A5023572731,award,2007,5,0.20363636363636362
https://openalex.org/A5023591555,award,2010,-5,-0.5
https://openalex.org/A5023591555,award,2010,-4,-1.0
https://openalex.org/A5023591555,award,2010,-3,-0.96
https://openalex.org/A5023591555,award,2010,-2,-0.6444444444444445
https://openalex.org/A5023591555,award,2010,-1,-0.9629629629629629
https://openalex.org/A5023591555,award,2010,0,-0.915952380952381
https://openalex.org/A5023591555,award,2010,2,0.022727272727272763
https://openalex.org/A5023591555,award,2010,3,-0.27012987012987016
https://openalex.org/A5023591555,award,2010,4,-0.8866666666666667
https://openalex.org/A5023591555,award,2010,5,-0.9166666666666666
https://openalex.org/A5023658938,award,2007,-4,-1.0
https://openalex.org/A5023658938,award,2007,-3,1.0
https://openalex.org/A5023658938,award,2007,-2,0.7954022988505747
https://openalex.org/A5023658938,award,2007,-1,-0.76
https://openalex.org/A5023658938,award,2007,0,-0.51
https://openalex.org/A5023658938,award,2007,1,0.455686274509804
https://openalex.org/A5023658938,award,2007,2,0.4488888888888889
https://openalex.org/A5023658938,award,2007,3,1.0
https://openalex.org/A5023658938,award,2007,4,-0.3309090909090909
https://openalex.org/A5023658938,award,2007,5,-0.08333333333333333
https://openalex.org/A5023724495,award,2018,-4,-0.935483870967742
https://openalex.org/A5023724495,award,2018,-3,-0.5833333333333333
https://openalex.org/A5023724495,award,2018,-2,-0.9466666666666667
https://openalex.org/A5023724495,award,2018,-1,-0.21101774042950516
https://openalex.org/A5023724495,award,2018,0,-0.8484848484848485
https://openalex.org/A5023724495,award,2018,1,-0.7712609970674486
https://openalex.org/A5023724495,award,2018,2,-0.28571428571428575
https://openalex.org/A5023724495,award,2018,3,-0.9636363636363636
https://openalex.org/A5023724495,award,2018,4,-0.5257936507936508
https://openalex.org/A5023724495,award,2018,5,-0.43702651515151514
https://openalex.org/A5023724965,award,2015,0,-0.25
https://openalex.org/A5023724965,award,2015,5,-1.0
https://openalex.org/A5023732514,control,2007,-5,1.0
https://openalex.org/A5023732514,control,2007,-3,-0.08499999999999999
https://openalex.org/A5023732514,control,2007,-2,-0.237593704148326
https://openalex.org/A5023732514,control,2007,-1,-0.318850965829402
https://openalex.org/A5023732514,control,2007,0,-0.31309309309309313
https://openalex.org/A5023732514,control,2007,1,-0.1854127655290446
https://openalex.org/A5023732514,control,2007,2,-0.13447336484272188
https://openalex.org/A5023732514,control,2007,3,-0.4930060193218087
https://openalex.org/A5023732514,control,2007,4,-0.03523809523809522
https://openalex.org/A5023732514,control,2007,5,-0.5534995304519115
https://openalex.org/A5023884479,award,2010,0,-0.48
https://openalex.org/A5023884479,award,2010,4,-0.7714285714285715
https://openalex.org/A5024034818,award,2009,-3,-0.6287878787878788
https://openalex.org/A5024034818,award,2009,-2,0.5
https://openalex.org/A5024034818,award,2009,-1,-0.3425925925925926
https://openalex.org/A5024034818,award,2009,0,-0.3290909090909091
https://openalex.org/A5024034818,award,2009,1,-0.5308919151024414
https://openalex.org/A5024034818,award,2009,2,-0.09983333333333333
https://openalex.org/A5024034818,award,2009,3,-0.1754385964912281
https://openalex.org/A5024034818,award,2009,4,0.6190476190476191
https://openalex.org/A5024034818,award,2009,5,0.5866666666666667
https://openalex.org/A5024116315,control,2016,-4,-1.0
https://openalex.org/A5024116315,control,2016,-2,-0.8571428571428572
https://openalex.org/A5024116315,control,2016,-1,-0.8706896551724137
https://openalex.org/A5024116315,control,2016,0,-0.9091666666666667
https://openalex.org/A5024116315,control,2016,1,-0.788888888888889
https://openalex.org/A5024116315,control,2016,2,-0.8596491228070176
https://openalex.org/A5024116315,control,2016,3,-0.9751552795031057
https://openalex.org/A5024116315,control,2016,4,-0.5178245509279992
https://openalex.org/A5024116315,control,2016,5,0.2
https://openalex.org/A5024399465,award,2017,-4,0.5384615384615384
https://openalex.org/A5024399465,award,2017,-3,0.13333333333333333
https://openalex.org/A5024399465,award,2017,-2,-0.24
https://openalex.org/A5024399465,award,2017,-1,0.152748588797221
https://openalex.org/A5024399465,award,2017,0,0.02495740365111563
https://openalex.org/A5024399465,award,2017,1,-0.37428203713918
https://openalex.org/A5024399465,award,2017,2,-0.1758823529411765
https://openalex.org/A5024399465,award,2017,3,-0.3320071630851241
https://openalex.org/A5024399465,award,2017,4,-0.563249299719888
https://openalex.org/A5024399465,award,2017,5,-0.15873340640604067
https://openalex.org/A5024501566,award,2014,-4,-0.4705882352941176
https://openalex.org/A5024501566,award,2014,-3,-0.76
https://openalex.org/A5024501566,award,2014,-2,-0.6536585365853658
https://openalex.org/A5024501566,award,2014,-1,0.1515151515151515
https://openalex.org/A5024501566,award,2014,0,-0.5821792807300054
https://openalex.org/A5024501566,award,2014,1,-0.3190525949146639
https://openalex.org/A5024501566,award,2014,5,-0.7391304347826086
https://openalex.org/A5024737277,award,2007,-1,1.0
https://openalex.org/A5024737277,award,2007,0,1.0
https://openalex.org/A5024843495,award,2004,-1,-0.6363636363636364
https://openalex.org/A5024843495,award,2004,0,-0.5897435897435898
https://openalex.org/A5024843495,award,2004,2,-0.6428571428571428
https://openalex.org/A5024843495,award,2004,3,0.2708333333333333
https://openalex.org/A5024980585,award,2014,-1,-0.10934744268077602
https://openalex.org/A5024980585,award,2014,0,-0.5607272727272727
https://openalex.org/A5024980585,award,2014,1,-0.3647522847522847
https://openalex.org/A5024980585,award,2014,2,0.19333333333333336
https://openalex.org/A5024980585,award,2014,3,-0.37570207570207576
https://openalex.org/A5024980585,award,2014,4,-0.33600945754645944
https://openalex.org/A5024980585,award,2014,5,0.023006253006253
https://openalex.org/A5024997852,award,2017,0,-0.8
https://openalex.org/A5024997852,award,2017,3,-0.8423280423280424
https://openalex.org/A5024997852,award,2017,4,-0.5777777777777777
https://openalex.org/A5024997852,award,2017,5,-0.7142857142857143
https://openalex.org/A5025028660,control,2014,-5,-0.38888888888888884
https://openalex.org/A5025028660,control,2014,-4,1.0
https://openalex.org/A5025028660,control,2014,0,1.0
https://openalex.org/A5025028660,control,2014,1,-0.5555555555555556
https://openalex.org/A5025028660,control,2014,2,0.0
https://openalex.org/A5025028660,control,2014,3,-0.1
https://openalex.org/A5025028660,control,2014,4,0.06933333333333333
https://openalex.org/A5025028660,control,2014,5,0.5599999999999999
https://openalex.org/A5025058751,award,2018,-3,0.3333333333333333
https://openalex.org/A5025058751,award,2018,0,0.42400000000000004
https://openalex.org/A5025058751,award,2018,1,0.16666666666666666
https://openalex.org/A5025058751,award,2018,2,0.00597067745197169
https://openalex.org/A5025058751,award,2018,3,-0.04022222222222223
https://openalex.org/A5025058751,award,2018,4,1.0
https://openalex.org/A5025058751,award,2018,5,0.63
https://openalex.org/A5025202709,award,2007,-5,0.0588235294117647
https://openalex.org/A5025202709,award,2007,-3,-0.6078095238095238
https://openalex.org/A5025202709,award,2007,-2,0.7000000000000001
https://openalex.org/A5025202709,award,2007,-1,0.26666666666666666
https://openalex.org/A5025202709,award,2007,0,-0.775
https://openalex.org/A5025202709,award,2007,2,-0.02857142857142861
https://openalex.org/A5025202709,award,2007,3,-0.5
https://openalex.org/A5025202709,award,2007,4,-0.49682539682539684
https://openalex.org/A5025255782,control,2007,-3,-1.0
https://openalex.org/A5025255782,control,2007,-2,-0.49743589743589745
https://openalex.org/A5025255782,control,2007,-1,-0.78
https://openalex.org/A5025255782,control,2007,0,-0.36238383838383836
https://openalex.org/A5025255782,control,2007,1,-0.4173737373737374
https://openalex.org/A5025255782,control,2007,2,-0.525
https://openalex.org/A5025255782,control,2007,3,-0.3209711969894341
https://openalex.org/A5025255782,control,2007,4,-0.8295614035087719
https://openalex.org/A5025255782,control,2007,5,-0.41503267973856206
https://openalex.org/A5025340145,award,2010,-1,-0.85
https://openalex.org/A5025340145,award,2010,0,-0.8443396603396603
https://openalex.org/A5025340145,award,2010,1,-0.5404539007092198
https://openalex.org/A5025340145,award,2010,2,-0.8
https://openalex.org/A5025420692,award,2003,-1,-1.0
https://openalex.org/A5025420692,award,2003,1,-0.8571428571428572
https://openalex.org/A5025420692,award,2003,2,-0.8333333333333334
https://openalex.org/A5025420692,award,2003,4,-1.0
https://openalex.org/A5025420692,award,2003,5,-1.0
https://openalex.org/A5025737201,award,2014,0,-0.7948717948717948
https://openalex.org/A5025737201,award,2014,2,-0.32
https://openalex.org/A5025737201,award,2014,3,-0.9016884531590413
https://openalex.org/A5025737201,award,2014,4,-0.8860606060606061
https://openalex.org/A5025737201,award,2014,5,-0.2
https://openalex.org/A5025874799,control,2013,2,0.07407407407407407
https://openalex.org/A5025874799,control,2013,3,1.0
https://openalex.org/A5025874799,control,2013,4,-0.3575581395348837
https://openalex.org/A5025874799,control,2013,5,-0.33571428571428574
https://openalex.org/A5026069638,control,2005,-5,0.4871794871794872
https://openalex.org/A5026069638,control,2005,-3,-0.75
https://openalex.org/A5026069638,control,2005,-2,1.0
https://openalex.org/A5026069638,control,2005,-1,-0.4
https://openalex.org/A5026069638,control,2005,0,-0.68
https://openalex.org/A5026069638,control,2005,1,-1.0
https://openalex.org/A5026069638,control,2005,2,-0.8383677298311445
https://openalex.org/A5026069638,control,2005,3,-0.6787124836885602
https://openalex.org/A5026069638,control,2005,4,-0.8228104575163399
https://openalex.org/A5026069638,control,2005,5,-0.6422959357715455
https://openalex.org/A5026297326,control,2004,-4,-0.5238095238095238
https://openalex.org/A5026297326,control,2004,-3,-0.6111111111111112
https://openalex.org/A5026297326,control,2004,-2,-0.38504504504504505
https://openalex.org/A5026297326,control,2004,-1,1.0
https://openalex.org/A5026297326,control,2004,0,-0.4838352638352638
https://openalex.org/A5026297326,control,2004,1,-0.2911343161343162
https://openalex.org/A5026297326,control,2004,2,0.24
https://openalex.org/A5026297326,control,2004,3,-0.6774193548387096
https://openalex.org/A5026297326,control,2004,4,-0.6055147058823529
https://openalex.org/A5026297326,control,2004,5,-0.6
https://openalex.org/A5026521600,control,2018,-3,1.0
https://openalex.org/A5026521600,control,2018,-2,-0.8
https://openalex.org/A5026521600,control,2018,-1,0.0
https://openalex.org/A5026521600,control,2018,0,-0.4444444444444444
https://openalex.org/A5026521600,control,2018,1,-0.6413398692810457
https://openalex.org/A5026521600,control,2018,2,0.40740740740740744
https://openalex.org/A5026521600,control,2018,3,0.0
https://openalex.org/A5026521600,control,2018,4,1.0
https://openalex.org/A5026521600,control,2018,5,1.0
https://openalex.org/A5026744189,award,2014,-5,-0.1428571428571428
https://openalex.org/A5026744189,award,2014,-4,-0.36
https://openalex.org/A5026744189,award,2014,-3,-1.0
https://openalex.org/A5026744189,award,2014,-2,-0.52
https://openalex.org/A5026744189,award,2014,0,-0.78
https://openalex.org/A5026744189,award,2014,1,-0.627906976744186
https://openalex.org/A5026744189,award,2014,2,-0.5862068965517241
https://openalex.org/A5026744189,award,2014,3,1.0
https://openalex.org/A5026744189,award,2014,5,0.15931372549019607
https://openalex.org/A5026932942,award,2003,-2,-0.3333333333333333
https://openalex.org/A5026932942,award,2003,-1,-0.35652452470349844
https://openalex.org/A5026932942,award,2003,0,-0.642962962962963
https://openalex.org/A5026932942,award,2003,1,-0.6810087719298246
https://openalex.org/A5026932942,award,2003,2,-0.7833333333333333
https://openalex.org/A5026932942,award,2003,3,-0.11447811447811447
https://openalex.org/A5026932942,award,2003,4,-0.7090909090909091
https://openalex.org/A5026932942,award,2003,5,-0.5272435897435898
https://openalex.org/A5026996875,award,2003,-3,-0.26476190476190475
https://openalex.org/A5026996875,award,2003,-2,-0.9743589743589745
https://openalex.org/A5026996875,award,2003,-1,-0.5945299145299145
https://openalex.org/A5026996875,award,2003,0,-0.0926190476190476
https://openalex.org/A5026996875,award,2003,1,-0.5062962962962964
https://openalex.org/A5026996875,award,2003,2,-0.5922222222222222
https://openalex.org/A5026996875,award,2003,3,-0.8539682539682539
https://openalex.org/A5026996875,award,2003,4,-0.9090909090909092
https://openalex.org/A5026996875,award,2003,5,-0.11975757575757576
https://openalex.org/A5027119635,control,2008,-3,1.0
https://openalex.org/A5027119635,control,2008,-2,1.0
https://openalex.org/A5027119635,control,2008,-1,0.19444444444444445
https://openalex.org/A5027119635,control,2008,0,0.7037037037037037
https://openalex.org/A5027119635,control,2008,2,1.0
https://openalex.org/A5027119635,control,2008,3,-0.11899224806201551
https://openalex.org/A5027119635,control,2008,4,0.3
https://openalex.org/A5027119635,control,2008,5,-0.4
https://openalex.org/A5027328044,award,2013,-4,0.54
https://openalex.org/A5027328044,award,2013,-2,-0.76
https://openalex.org/A5027328044,award,2013,-1,-0.84
https://openalex.org/A5027328044,award,2013,0,-0.6933333333333334
https://openalex.org/A5027328044,award,2013,1,-0.5985714285714285
https://openalex.org/A5027328044,award,2013,2,-0.5867861142217246
https://openalex.org/A5027328044,award,2013,3,-0.4676190476190476
https://openalex.org/A5027328044,award,2013,4,-0.5816666666666667
https://openalex.org/A5027328044,award,2013,5,-0.37341964548861095
https://openalex.org/A5027407975,award,2013,-4,-0.2
https://openalex.org/A5027407975,award,2013,-3,-0.64
https://openalex.org/A5027407975,award,2013,-2,-0.32
https://openalex.org/A5027407975,award,2013,-1,-0.5944444444444444
https://openalex.org/A5027407975,award,2013,0,-0.32
https://openalex.org/A5027407975,award,2013,2,0.0
https://openalex.org/A5027407975,award,2013,3,-0.4106666666666666
https://openalex.org/A5027407975,award,2013,4,-0.11144927536231884
https://openalex.org/A5027407975,award,2013,5,-0.20945454545454548
https://openalex.org/A5027517542,award,2014,-3,-0.2526984126984127
https://openalex.org/A5027517542,award,2014,-2,-0.1826923076923077
https://openalex.org/A5027517542,award,2014,-1,-0.7164124909222949
https://openalex.org/A5027517542,award,2014,0,-0.24868007809184278
https://openalex.org/A5027517542,award,2014,1,-0.31111801242236026
https://openalex.org/A5027517542,award,2014,2,-0.3333333333333333
https://openalex.org/A5027517542,award,2014,3,0.15416666666666667
https://openalex.org/A5027517542,award,2014,4,-0.32142857142857145
https://openalex.org/A5027517542,award,2014,5,-0.041666666666666685
https://openalex.org/A5027563965,award,2014,-1,-1.0
https://openalex.org/A5027563965,award,2014,0,-0.8571428571428571
https://openalex.org/A5027563965,award,2014,2,0.0
https://openalex.org/A5027563965,award,2014,3,-0.5
https://openalex.org/A5027569258,award,2001,-3,-1.0
https://openalex.org/A5027569258,award,2001,-2,1.0
https://openalex.org/A5027569258,award,2001,-1,-0.8888888888888888
https://openalex.org/A5027569258,award,2001,0,0.2867692307692308
https://openalex.org/A5027569258,award,2001,1,-0.3333333333333333
https://openalex.org/A5027569258,award,2001,2,-0.4875
https://openalex.org/A5027812149,control,2016,-5,0.3833333333333333
https://openalex.org/A5027812149,control,2016,-4,0.23589435774309722
https://openalex.org/A5027812149,control,2016,-3,-0.1208152958152958
https://openalex.org/A5027812149,control,2016,-2,-0.24773592420651241
https://openalex.org/A5027812149,control,2016,-1,-0.2570006297092481
https://openalex.org/A5027812149,control,2016,0,-0.14096372412802433
https://openalex.org/A5027812149,control,2016,1,0.04390852390852391
https://openalex.org/A5027812149,control,2016,2,0.07421502474134054
https://openalex.org/A5027812149,control,2016,3,-0.13220551378446116
https://openalex.org/A5027812149,control,2016,4,0.34124380521439346
https://openalex.org/A5027812149,control,2016,5,0.32699724517906337
https://openalex.org/A5027907153,control,2001,1,0.3333333333333333
https://openalex.org/A5027915931,control,2009,-5,-0.31496881496881496
https://openalex.org/A5027915931,control,2009,-3,0.3875882352941177
https://openalex.org/A5027915931,control,2009,-2,0.08150886511038394
https://openalex.org/A5027915931,control,2009,-1,-0.10673753348889467
https://openalex.org/A5027915931,control,2009,0,-0.005555555555555573
https://openalex.org/A5027915931,control,2009,1,-0.3124061503013116
https://openalex.org/A5027915931,control,2009,2,-0.35298583933141653
https://openalex.org/A5027915931,control,2009,3,-0.3142121140124698
https://openalex.org/A5027915931,control,2009,4,-0.2996886446886447
https://openalex.org/A5027915931,control,2009,5,-0.4083415435139573
https://openalex.org/A5027925889,award,2018,0,0.35
https://openalex.org/A5027925889,award,2018,1,0.42
https://openalex.org/A5027925889,award,2018,2,0.3900709219858156
https://openalex.org/A5027983493,award,2006,-2,-0.8
https://openalex.org/A5027983493,award,2006,-1,0.5634920634920635
https://openalex.org/A5027983493,award,2006,0,-0.4866666666666667
https://openalex.org/A5027983493,award,2006,1,-0.875
https://openalex.org/A5027983493,award,2006,2,-0.2275
https://openalex.org/A5027983493,award,2006,3,0.18
https://openalex.org/A5027983493,award,2006,5,-0.08
https://openalex.org/A5028059312,award,2007,0,-0.52
https://openalex.org/A5028059312,award,2007,1,1.0
https://openalex.org/A5028059312,award,2007,2,0.1111111111111111
https://openalex.org/A5028059312,award,2007,3,0.0
https://openalex.org/A5028238692,award,2017,0,0.02702702702702703
https://openalex.org/A5028238692,award,2017,2,0.75
https://openalex.org/A5028238692,award,2017,3,-0.5
https://openalex.org/A5028238692,award,2017,4,-0.6666666666666666
https://openalex.org/A5028448553,award,2012,0,0.1351351351351351
https://openalex.org/A5028448553,award,2012,1,0.0
https://openalex.org/A5028459977,award,2015,-1,-0.9230769230769231
https://openalex.org/A5028459977,award,2015,0,-0.011111111111111117
https://openalex.org/A5028459977,award,2015,1,-0.23809523809523814
https://openalex.org/A5028459977,award,2015,2,-0.5744047619047619
https://openalex.org/A5028459977,award,2015,4,0.0
https://openalex.org/A5028459977,award,2015,5,0.0
https://openalex.org/A5028750260,award,2006,0,-0.21333333333333337
https://openalex.org/A5028750260,award,2006,2,-0.8
https://openalex.org/A5028750260,award,2006,3,-1.0
https://openalex.org/A5028750260,award,2006,4,-0.6
https://openalex.org/A5028750260,award,2006,5,-0.25
https://openalex.org/A5028755343,award,2010,-3,-0.1538461538461538
https://openalex.org/A5028755343,award,2010,-2,-0.8571428571428572
https://openalex.org/A5028755343,award,2010,-1,-0.8571428571428571
https://openalex.org/A5028755343,award,2010,0,-0.23872679045092837
https://openalex.org/A5028755343,award,2010,1,0.8333333333333333
https://openalex.org/A5028755343,award,2010,2,-0.5121951219512195
https://openalex.org/A5028755343,award,2010,3,-1.0
https://openalex.org/A5028755343,award,2010,4,0.2
https://openalex.org/A5029262768,award,2018,0,-0.248
https://openalex.org/A5029262768,award,2018,1,0.2857142857142857
https://openalex.org/A5029262768,award,2018,2,-0.1686894586894587
https://openalex.org/A5029262768,award,2018,3,-0.3333333333333333
https://openalex.org/A5029262768,award,2018,4,1.0
https://openalex.org/A5029262768,award,2018,5,1.0
https://openalex.org/A5029485566,award,2014,-5,1.0
https://openalex.org/A5029485566,award,2014,-4,1.0
https://openalex.org/A5029485566,award,2014,-3,0.5
https://openalex.org/A5029485566,award,2014,-2,0.5
https://openalex.org/A5029485566,award,2014,-1,-0.6666666666666666
https://openalex.org/A5029485566,award,2014,0,-0.48
https://openalex.org/A5029485566,award,2014,1,0.24
https://openalex.org/A5029485566,award,2014,2,0.3333333333333333
https://openalex.org/A5029485566,award,2014,4,-0.9574468085106383
https://openalex.org/A5029485566,award,2014,5,-0.6470588235294118
https://openalex.org/A5029568096,control,2015,-5,-0.5338443256090315
https://openalex.org/A5029568096,control,2015,-4,-0.486034632034632
https://openalex.org/A5029568096,control,2015,-3,-0.5523809523809524
https://openalex.org/A5029568096,control,2015,-2,-0.7562577283165519
https://openalex.org/A5029568096,control,2015,-1,-0.6349164540011222
https://openalex.org/A5029568096,control,2015,0,-0.36373833056628757
https://openalex.org/A5029568096,control,2015,1,-0.23108035386533946
https://openalex.org/A5029568096,control,2015,2,-0.7092409008954903
https://openalex.org/A5029568096,control,2015,3,-0.4804872465762657
https://openalex.org/A5029568096,control,2015,4,-0.34598031598031603
https://openalex.org/A5029568096,control,2015,5,-0.7128585064791961
https://openalex.org/A5029665272,award,2013,-3,-0.4230769230769231
https://openalex.org/A5029665272,award,2013,-2,-0.09024354024354025
https://openalex.org/A5029665272,award,2013,-1,-0.585
https://openalex.org/A5029665272,award,2013,0,-0.5531060606060606
https://openalex.org/A5029665272,award,2013,1,-0.21185185185185185
https://openalex.org/A5029665272,award,2013,2,-0.44
https://openalex.org/A5029665272,award,2013,3,-1.0
https://openalex.org/A5029665272,award,2013,4,0.44
https://openalex.org/A5029738364,control,2018,-5,-0.1772486772486772
https://openalex.org/A5029738364,control,2018,-1,-0.3333333333333333
https://openalex.org/A5029738364,control,2018,0,-0.6725490196078432
https://openalex.org/A5029738364,control,2018,2,-0.3611111111111111
https://openalex.org/A5029738364,control,2018,3,0.1764705882352941
https://openalex.org/A5029738364,control,2018,4,-0.39473684210526316
https://openalex.org/A5029738364,control,2018,5,0.0714285714285714
https://openalex.org/A5030073319,award,2016,0,-0.15000000000000002
https://openalex.org/A5030409494,control,2014,-4,1.0
https://openalex.org/A5030409494,control,2014,-3,-0.22
https://openalex.org/A5030409494,control,2014,-2,-0.23333333333333334
https://openalex.org/A5030409494,control,2014,-1,-0.1
https://openalex.org/A5030409494,control,2014,0,-0.02873517451057558
https://openalex.org/A5030409494,control,2014,1,-0.0723809523809524
https://openalex.org/A5030409494,control,2014,2,-0.13821796338672768
https://openalex.org/A5030409494,control,2014,3,0.017095825984714867
https://openalex.org/A5030409494,control,2014,4,0.025777777777777778
https://openalex.org/A5030409494,control,2014,5,0.08582043343653249
https://openalex.org/A5030456881,award,2018,-3,1.0
https://openalex.org/A5030456881,award,2018,-2,-0.8
https://openalex.org/A5030456881,award,2018,0,1.0
https://openalex.org/A5030456881,award,2018,1,-0.3148148148148148
https://openalex.org/A5030456881,award,2018,2,0.25
https://openalex.org/A5030456881,award,2018,3,-1.0
https://openalex.org/A5030456881,award,2018,5,0.6
https://openalex.org/A5030516279,award,2016,-2,-0.5095238095238095
https://openalex.org/A5030516279,award,2016,-1,-0.3325925925925926
https://openalex.org/A5030516279,award,2016,0,-0.22666666666666666
https://openalex.org/A5030516279,award,2016,1,-0.3804310344827586
https://openalex.org/A5030516279,award,2016,3,-0.84
https://openalex.org/A5030516279,award,2016,4,0.048309178743961345
https://openalex.org/A5030863830,award,2010,0,-0.06666666666666665
https://openalex.org/A5030863830,award,2010,2,-0.65
https://openalex.org/A5030863830,award,2010,3,-0.6
https://openalex.org/A5030863830,award,2010,4,-0.6666666666666666
https://openalex.org/A5030863830,award,2010,5,-0.35714285714285715
https://openalex.org/A5031168005,award,2011,-3,-0.23739837398373984
https://openalex.org/A5031168005,award,2011,-2,-0.22625
https://openalex.org/A5031168005,award,2011,-1,-0.5891067538126361
https://openalex.org/A5031168005,award,2011,0,-0.5383783783783783
https://openalex.org/A5031168005,award,2011,1,0.04190476190476189
https://openalex.org/A5031168005,award,2011,2,-0.29372773017815856
https://openalex.org/A5031168005,award,2011,3,-0.5107913728915788
https://openalex.org/A5031168005,award,2011,4,-0.8414502923976608
https://openalex.org/A5031168005,award,2011,5,-0.5083333333333333
https://openalex.org/A5031215802,award,2010,0,-0.23636363636363636
https://openalex.org/A5031323457,control,2012,-5,0.4922136422136422
https://openalex.org/A5031323457,control,2012,-4,0.5422222222222222
https://openalex.org/A5031323457,control,2012,-3,0.5209506413287925
https://openalex.org/A5031323457,control,2012,-2,0.3197278911564626
https://openalex.org/A5031323457,control,2012,-1,0.4031328038981423
https://openalex.org/A5031323457,control,2012,0,0.12093840328950049
https://openalex.org/A5031323457,control,2012,1,0.2845101315379953
https://openalex.org/A5031323457,control,2012,2,0.22485593512767427
https://openalex.org/A5031323457,control,2012,3,0.09200381907148826
https://openalex.org/A5031323457,control,2012,4,0.6733333333333333
https://openalex.org/A5031323457,control,2012,5,0.09581394947423655
https://openalex.org/A5031385754,award,2006,-3,-0.8
https://openalex.org/A5031385754,award,2006,-2,-0.6421052631578947
https://openalex.org/A5031385754,award,2006,-1,-0.5559168925022583
https://openalex.org/A5031385754,award,2006,0,-0.3919047619047619
https://openalex.org/A5031385754,award,2006,1,-1.0
https://openalex.org/A5031385754,award,2006,2,-0.6868571428571428
https://openalex.org/A5031385754,award,2006,3,-0.6028571428571429
https://openalex.org/A5031385754,award,2006,4,-0.6408888888888888
https://openalex.org/A5031385754,award,2006,5,-0.24
https://openalex.org/A5031711886,award,2007,-1,-1.0
https://openalex.org/A5031711886,award,2007,0,-0.7619047619047619
https://openalex.org/A5031711886,award,2007,1,-0.9298245614035089
https://openalex.org/A5031711886,award,2007,3,-0.44833333333333336
https://openalex.org/A5031825409,award,2017,-5,-0.6875
https://openalex.org/A5031825409,award,2017,-4,-0.8
https://openalex.org/A5031825409,award,2017,-2,0.0
https://openalex.org/A5031825409,award,2017,-1,-0.4285714285714285
https://openalex.org/A5031825409,award,2017,0,-0.12222222222222223
https://openalex.org/A5031825409,award,2017,1,-0.09090909090909088
https://openalex.org/A5032089564,award,2003,0,0.1358024691358025
https://openalex.org/A5032089564,award,2003,1,1.0
https://openalex.org/A5032089564,award,2003,2,0.2404040404040404
https://openalex.org/A5032089564,award,2003,4,-0.4545454545454545
https://openalex.org/A5032195981,award,2018,-1,-0.3333333333333333
https://openalex.org/A5032195981,award,2018,0,-0.6725490196078432
https://openalex.org/A5032195981,award,2018,2,0.25
https://openalex.org/A5032253873,award,2011,-3,-0.17142857142857143
https://openalex.org/A5032253873,award,2011,-2,-0.2727272727272727
https://openalex.org/A5032253873,award,2011,-1,-0.13043478260869565
https://openalex.org/A5032253873,award,2011,0,-0.7600000000000001
https://openalex.org/A5032253873,award,2011,1,-0.26138107416879797
https://openalex.org/A5032253873,award,2011,2,-0.7142857142857143
https://openalex.org/A5032253873,award,2011,3,-0.26875
https://openalex.org/A5032253873,award,2011,4,-0.08
https://openalex.org/A5032253873,award,2011,5,-0.62
https://openalex.org/A5032452724,control,2018,-5,-0.5666666666666667
https://openalex.org/A5032452724,control,2018,-4,1.0
https://openalex.org/A5032452724,control,2018,-3,0.13333333333333333
https://openalex.org/A5032452724,control,2018,-2,0.01010101010101011
https://openalex.org/A5032452724,control,2018,-1,0.20243818849449205
https://openalex.org/A5032452724,control,2018,0,-0.13535714285714287
https://openalex.org/A5032452724,control,2018,1,-0.2385185185185185
https://openalex.org/A5032452724,control,2018,2,-0.09269278462373091
https://openalex.org/A5032452724,control,2018,3,0.16666666666666666
https://openalex.org/A5032452724,control,2018,4,0.02887806637806638
https://openalex.org/A5032452724,control,2018,5,0.47126436781609193
https://openalex.org/A5032530421,award,2015,-4,-1.0
https://openalex.org/A5032530421,award,2015,-3,0.27878787878787875
https://openalex.org/A5032530421,award,2015,-2,0.1111111111111111
https://openalex.org/A5032530421,award,2015,-1,-0.20163100057836897
https://openalex.org/A5032530421,award,2015,0,-0.562492758813512
https://openalex.org/A5032530421,award,2015,1,-0.2651961396474854
https://openalex.org/A5032530421,award,2015,2,-0.09373215506298212
https://openalex.org/A5032530421,award,2015,3,-0.31289174391341
https://openalex.org/A5032530421,award,2015,4,-0.02736061071544942
https://openalex.org/A5032530421,award,2015,5,-0.17377028801951402
https://openalex.org/A5032569584,award,2018,-3,-1.0
https://openalex.org/A5032569584,award,2018,-1,0.16
https://openalex.org/A5032569584,award,2018,0,0.3333333333333333
https://openalex.org/A5032788742,award,2016,0,-0.32
https://openalex.org/A5032788742,award,2016,1,-1.0
https://openalex.org/A5033193597,award,2011,0,-0.48
https://openalex.org/A5033193597,award,2011,1,-0.5
https://openalex.org/A5033193597,award,2011,2,-0.6875
https://openalex.org/A5033193597,award,2011,3,0.4
https://openalex.org/A5033193597,award,2011,4,-0.3548387096774194
https://openalex.org/A5033193597,award,2011,5,0.24
https://openalex.org/A5033203092,award,2017,-2,0.15476190476190477
https://openalex.org/A5033203092,award,2017,-1,0.6666666666666666
https://openalex.org/A5033203092,award,2017,0,-0.42135756056808693
https://openalex.org/A5033203092,award,2017,1,-0.3357530003871467
https://openalex.org/A5033203092,award,2017,2,-0.52
https://openalex.org/A5033203092,award,2017,3,-0.2847222222222222
https://openalex.org/A5033203092,award,2017,4,-0.4080017825311943
https://openalex.org/A5033203092,award,2017,5,-0.6067471174516318
https://openalex.org/A5033307955,award,2006,-1,-0.5294117647058824
https://openalex.org/A5033307955,award,2006,0,-0.24
https://openalex.org/A5033307955,award,2006,4,-0.52
https://openalex.org/A5033355299,control,2014,-5,-0.2898550724637682
https://openalex.org/A5033355299,control,2014,-4,-0.04655122655122652
https://openalex.org/A5033355299,control,2014,-3,0.2939814814814815
https://openalex.org/A5033355299,control,2014,-2,0.0
https://openalex.org/A5033355299,control,2014,-1,-0.11460596625308613
https://openalex.org/A5033355299,control,2014,0,-0.3095039306044999
https://openalex.org/A5033355299,control,2014,1,-0.8105614799526047
https://openalex.org/A5033355299,control,2014,2,-0.5428571428571428
https://openalex.org/A5033355299,control,2014,3,-0.6895238095238095
https://openalex.org/A5033355299,control,2014,4,-0.8672727272727272
https://openalex.org/A5033355299,control,2014,5,-0.72
https://openalex.org/A5033363730,award,2017,0,-0.6346153846153846
https://openalex.org/A5033363730,award,2017,2,-1.0
https://openalex.org/A5033363730,award,2017,3,-1.0
https://openalex.org/A5033475627,award,2014,-4,-0.6666666666666666
https://openalex.org/A5033475627,award,2014,0,-0.4
https://openalex.org/A5033475627,award,2014,1,-0.7272727272727273
https://openalex.org/A5033475627,award,2014,2,-0.48333333333333334
https://openalex.org/A5033475627,award,2014,4,-0.43614163614163615
https://openalex.org/A5033603487,award,2011,-2,0.5
https://openalex.org/A5033603487,award,2011,0,0.36
https://openalex.org/A5033603487,award,2011,1,0.3333333333333333
https://openalex.org/A5034150823,award,2013,-4,0.0
https://openalex.org/A5034150823,award,2013,-3,-0.6842105263157895
https://openalex.org/A5034150823,award,2013,-2,0.0714285714285714
https://openalex.org/A5034150823,award,2013,-1,-0.15
https://openalex.org/A5034150823,award,2013,0,-0.11465149359886202
https://openalex.org/A5034150823,award,2013,1,-0.624113475177305
https://openalex.org/A5034150823,award,2013,2,-0.36058823529411765
https://openalex.org/A5034150823,award,2013,3,-0.41170514670514674
https://openalex.org/A5034150823,award,2013,4,-0.4247802197802198
https://openalex.org/A5034150823,award,2013,5,-0.222020202020202
https://openalex.org/A5034240273,award,2012,0,-0.3242857142857143
https://openalex.org/A5034240273,award,2012,3,0.2894736842105263
https://openalex.org/A5034240273,award,2012,4,-0.9090909090909092
https://openalex.org/A5034240273,award,2012,5,0.14814814814814814
https://openalex.org/A5034257647,control,2016,-4,-0.76
https://openalex.org/A5034257647,control,2016,-3,-1.0
https://openalex.org/A5034257647,control,2016,-2,-0.92
https://openalex.org/A5034257647,control,2016,0,-0.22666666666666668
https://openalex.org/A5034257647,control,2016,1,-0.19000000000000003
https://openalex.org/A5034257647,control,2016,2,-0.189608376120004
https://openalex.org/A5034257647,control,2016,3,0.04982456140350879
https://openalex.org/A5034257647,control,2016,4,-0.2701045810173599
https://openalex.org/A5034257647,control,2016,5,0.19113890540953005
https://openalex.org/A5034330109,award,2016,-5,-0.56
https://openalex.org/A5034330109,award,2016,-3,-0.68
https://openalex.org/A5034330109,award,2016,-2,-0.8333333333333333
https://openalex.org/A5034330109,award,2016,-1,-0.3563636363636363
https://openalex.org/A5034330109,award,2016,0,-0.6685714285714286
https://openalex.org/A5034330109,award,2016,1,-0.1111111111111111
https://openalex.org/A5034330109,award,2016,2,0.005411255411255422
https://openalex.org/A5034330109,award,2016,4,-0.03381180223285488
https://openalex.org/A5034330109,award,2016,5,-0.4
https://openalex.org/A5034538466,award,2016,-2,-0.3333333333333333
https://openalex.org/A5034538466,award,2016,-1,-0.6421052631578947
https://openalex.org/A5034538466,award,2016,0,-0.89
https://openalex.org/A5034538466,award,2016,1,-0.38583509513742065
https://openalex.org/A5034538466,award,2016,2,-0.8235016835016835
https://openalex.org/A5034538466,award,2016,3,-0.4772727272727273
https://openalex.org/A5034538466,award,2016,4,-0.2
https://openalex.org/A5034538466,award,2016,5,-0.6666666666666666
https://openalex.org/A5034603892,control,2013,-5,-0.15151404151404152
https://openalex.org/A5034603892,control,2013,-4,-0.3408521303258145
https://openalex.org/A5034603892,control,2013,-3,-0.42936507936507934
https://openalex.org/A5034603892,control,2013,-2,-0.8935508935508936
https://openalex.org/A5034603892,control,2013,-1,-0.6149086378737542
https://openalex.org/A5034603892,control,2013,0,-0.029294117647058825
https://openalex.org/A5034603892,control,2013,1,-0.7921294933137039
https://openalex.org/A5034603892,control,2013,2,-0.39999999999999997
https://openalex.org/A5034603892,control,2013,3,-0.6930339738234476
https://openalex.org/A5034603892,control,2013,4,-0.28505681818181816
https://openalex.org/A5034603892,control,2013,5,-0.6710869565217391
https://openalex.org/A5034616829,control,2004,-5,0.23809523809523808
https://openalex.org/A5034616829,control,2004,-4,0.5
https://openalex.org/A5034616829,control,2004,-3,0.0066985645933014416
https://openalex.org/A5034616829,control,2004,-2,0.09375
https://openalex.org/A5034616829,control,2004,-1,-0.40304441934876717
https://openalex.org/A5034616829,control,2004,0,-0.4541666666666667
https://openalex.org/A5034616829,control,2004,1,-0.24166199813258635
https://openalex.org/A5034616829,control,2004,2,-0.32220784681883086
https://openalex.org/A5034616829,control,2004,3,-0.8154340608886064
https://openalex.org/A5034616829,control,2004,4,-0.31271708683473387
https://openalex.org/A5034616829,control,2004,5,-0.8678290233715454
https://openalex.org/A5034634435,award,2018,-1,-0.6328571428571428
https://openalex.org/A5034634435,award,2018,0,-0.475
https://openalex.org/A5034634435,award,2018,4,-0.2
https://openalex.org/A5034738254,award,2016,-2,-0.6824324324324325
https://openalex.org/A5034738254,award,2016,-1,-0.5931547619047619
https://openalex.org/A5034738254,award,2016,0,-0.44
https://openalex.org/A5034738254,award,2016,1,-0.16761904761904758
https://openalex.org/A5034738254,award,2016,2,0.05666666666666667
https://openalex.org/A5034738254,award,2016,3,0.6470588235294117
https://openalex.org/A5034738254,award,2016,4,0.12323232323232321
https://openalex.org/A5034738254,award,2016,5,-0.01333333333333333
https://openalex.org/A5034805006,award,2016,-5,1.0
https://openalex.org/A5034805006,award,2016,-4,0.5897435897435898
https://openalex.org/A5034805006,award,2016,-3,-0.3571428571428571
https://openalex.org/A5034805006,award,2016,-2,-0.39642857142857146
https://openalex.org/A5034805006,award,2016,-1,1.0
https://openalex.org/A5034805006,award,2016,0,0.28
https://openalex.org/A5034805006,award,2016,1,-0.5714285714285714
https://openalex.org/A5034805006,award,2016,2,-0.75
https://openalex.org/A5034805006,award,2016,3,0.3333333333333333
https://openalex.org/A5034805006,award,2016,5,0.391304347826087
https://openalex.org/A5034816930,award,2014,-4,-0.5941176470588235
https://openalex.org/A5034816930,award,2014,-3,-0.7142857142857143
https://openalex.org/A5034816930,award,2014,-2,-0.5
https://openalex.org/A5034816930,award,2014,-1,0.4285714285714285
https://openalex.org/A5034816930,award,2014,0,0.21999999999999997
https://openalex.org/A5034816930,award,2014,1,1.0
https://openalex.org/A5034816930,award,2014,2,-0.73
https://openalex.org/A5034816930,award,2014,4,-0.8181818181818182
https://openalex.org/A5034897040,award,2011,-4,-0.528735632183908
https://openalex.org/A5034897040,award,2011,-3,-1.0
https://openalex.org/A5034897040,award,2011,-2,-0.8083333333333333
https://openalex.org/A5034897040,award,2011,-1,-0.9629629629629629
https://openalex.org/A5034897040,award,2011,0,-0.9165217391304348
https://openalex.org/A5034897040,award,2011,1,-0.5
https://openalex.org/A5034897040,award,2011,2,-0.6799943883277217
https://openalex.org/A5034897040,award,2011,3,-0.8859031877213696
https://openalex.org/A5034897040,award,2011,4,-0.5771308523409363
https://openalex.org/A5034897040,award,2011,5,-0.692843137254902
https://openalex.org/A5034923438,control,2003,-4,-1.0
https://openalex.org/A5034923438,control,2003,-2,0.2
https://openalex.org/A5034923438,control,2003,-1,-0.6944444444444443
https://openalex.org/A5034923438,control,2003,0,-0.48484848484848486
https://openalex.org/A5034923438,control,2003,1,-0.6944444444444444
https://openalex.org/A5034923438,control,2003,2,-0.4036363636363637
https://openalex.org/A5034923438,control,2003,3,-0.42000000000000004
https://openalex.org/A5034923438,control,2003,4,-0.5346938775510204
https://openalex.org/A5034923438,control,2003,5,-0.8333333333333334
https://openalex.org/A5034957233,control,2013,-5,-0.31288780663780663
https://openalex.org/A5034957233,control,2013,-4,-0.3938511838844065
https://openalex.org/A5034957233,control,2013,-3,-0.7767507002801121
https://openalex.org/A5034957233,control,2013,-2,-0.5566811909949165
https://openalex.org/A5034957233,control,2013,-1,-0.4666666666666667
https://openalex.org/A5034957233,control,2013,0,-0.7534941249226963
https://openalex.org/A5034957233,control,2013,1,-0.5292307692307692
https://openalex.org/A5034957233,control,2013,2,-0.9423812915479581
https://openalex.org/A5034957233,control,2013,3,-0.3
https://openalex.org/A5034957233,control,2013,4,0.5
https://openalex.org/A5034957233,control,2013,5,-0.34761904761904766
https://openalex.org/A5035195609,award,2018,-2,1.0
https://openalex.org/A5035195609,award,2018,0,-0.1724137931034483
https://openalex.org/A5035195609,award,2018,1,-1.0
https://openalex.org/A5035195609,award,2018,2,1.0
https://openalex.org/A5035195609,award,2018,3,0.15384615384615385
https://openalex.org/A5035195609,award,2018,4,-0.2009222661396574
https://openalex.org/A5035284993,award,2013,0,-0.7056277056277056
https://openalex.org/A5035284993,award,2013,1,-0.9375
https://openalex.org/A5035284993,award,2013,2,0.8333333333333333
https://openalex.org/A5035284993,award,2013,3,0.37530303030303036
https://openalex.org/A5035284993,award,2013,4,-0.3452140452140452
https://openalex.org/A5035284993,award,2013,5,-0.1622222222222222
https://openalex.org/A5035348123,award,2013,-1,-0.9
https://openalex.org/A5035348123,award,2013,0,-0.2566951566951567
https://openalex.org/A5035348123,award,2013,1,-0.935483870967742
https://openalex.org/A5035348123,award,2013,2,-0.10769230769230771
https://openalex.org/A5035348123,award,2013,3,-0.1428571428571428
https://openalex.org/A5035348123,award,2013,4,-0.039999999999999994
https://openalex.org/A5035348123,award,2013,5,-0.24
https://openalex.org/A5035414960,award,2016,-5,-0.36
https://openalex.org/A5035414960,award,2016,-4,0.4285714285714285
https://openalex.org/A5035414960,award,2016,-3,-0.051339444868856624
https://openalex.org/A5035414960,award,2016,-1,-0.2222222222222222
https://openalex.org/A5035414960,award,2016,0,-0.6153846153846154
https://openalex.org/A5035627325,award,2016,-4,-1.0
https://openalex.org/A5035627325,award,2016,-2,-0.4782608695652174
https://openalex.org/A5035627325,award,2016,-1,-0.49
https://openalex.org/A5035627325,award,2016,0,-0.0050000000000000044
https://openalex.org/A5035627325,award,2016,1,1.0
https://openalex.org/A5035627325,award,2016,2,-0.08333333333333334
https://openalex.org/A5035627325,award,2016,3,0.4117647058823529
https://openalex.org/A5036031138,award,2014,-3,0.06666666666666665
https://openalex.org/A5036031138,award,2014,-2,0.3333333333333333
https://openalex.org/A5036031138,award,2014,-1,-0.24
https://openalex.org/A5036031138,award,2014,0,-0.44
https://openalex.org/A5036031138,award,2014,1,-0.10083333333333333
https://openalex.org/A5036031138,award,2014,2,-0.5561253561253561
https://openalex.org/A5036031138,award,2014,3,-0.2
https://openalex.org/A5036031138,award,2014,5,0.0
https://openalex.org/A5036074668,award,2007,-5,0.4444444444444444
https://openalex.org/A5036074668,award,2007,-4,-0.1851851851851852
https://openalex.org/A5036074668,award,2007,-3,-0.7166666666666667
https://openalex.org/A5036074668,award,2007,-2,0.0
https://openalex.org/A5036074668,award,2007,0,-0.34920634920634924
https://openalex.org/A5036074668,award,2007,1,0.14666666666666664
https://openalex.org/A5036074668,award,2007,2,0.4285714285714285
https://openalex.org/A5036144178,award,2014,-2,-0.76
https://openalex.org/A5036144178,award,2014,-1,-0.3529411764705882
https://openalex.org/A5036144178,award,2014,0,-0.18666666666666668
https://openalex.org/A5036144178,award,2014,1,-0.4782608695652174
https://openalex.org/A5036144178,award,2014,2,-0.15333333333333335
https://openalex.org/A5036144178,award,2014,3,0.020000000000000018
https://openalex.org/A5036229988,award,2018,-4,-0.41666666666666663
https://openalex.org/A5036229988,award,2018,-3,-0.1304347826086956
https://openalex.org/A5036229988,award,2018,-2,-1.0
https://openalex.org/A5036229988,award,2018,-1,1.0
https://openalex.org/A5036229988,award,2018,0,-0.125
https://openalex.org/A5036229988,award,2018,2,0.16346153846153844
https://openalex.org/A5036229988,award,2018,3,0.4094736842105263
https://openalex.org/A5036229988,award,2018,4,0.3939393939393939
https://openalex.org/A5036229988,award,2018,5,-0.07395225547399459
https://openalex.org/A5036361185,award,2006,-2,-0.1111111111111111
https://openalex.org/A5036361185,award,2006,0,-0.40950310559006214
https://openalex.org/A5036361185,award,2006,1,-0.9583333333333333
https://openalex.org/A5036361185,award,2006,2,-0.6153846153846153
https://openalex.org/A5036361185,award,2006,3,-0.3096774193548387
https://openalex.org/A5036361185,award,2006,4,-1.0
https://openalex.org/A5036568062,award,2004,-2,-0.40909090909090906
https://openalex.org/A5036568062,award,2004,-1,-0.96
https://openalex.org/A5036568062,award,2004,0,-0.20000000000000004
https://openalex.org/A5036568062,award,2004,1,-0.4866666666666667
https://openalex.org/A5036568062,award,2004,3,-0.8666666666666667
https://openalex.org/A5036568062,award,2004,4,0.1428571428571428
https://openalex.org/A5036934218,control,2014,-5,-0.019999999999999973
https://openalex.org/A5036934218,control,2014,-4,-0.5448930930600623
https://openalex.org/A5036934218,control,2014,-3,-0.09574879227053139
https://openalex.org/A5036934218,control,2014,-2,-0.18794280710689382
https://openalex.org/A5036934218,control,2014,-1,-0.17999649122807018
https://openalex.org/A5036934218,control,2014,0,-0.5564187378167641
https://openalex.org/A5036934218,control,2014,1,-0.7969762845849803
https://openalex.org/A5036934218,control,2014,2,0.30303030303030304
https://openalex.org/A5036934218,control,2014,3,0.0
https://openalex.org/A5036934218,control,2014,4,-0.373315587104407
https://openalex.org/A5036934218,control,2014,5,-0.36462454212454204
https://openalex.org/A5037160778,award,2005,-4,-0.3333333333333333
https://openalex.org/A5037160778,award,2005,-2,0.12399355877616751
https://openalex.org/A5037160778,award,2005,-1,0.24240816326530612
https://openalex.org/A5037160778,award,2005,0,-0.39299999999999996
https://openalex.org/A5037160778,award,2005,1,-0.30794210920832615
https://openalex.org/A5037160778,award,2005,2,-0.2687179487179487
https://openalex.org/A5037160778,award,2005,3,-0.5566666666666666
https://openalex.org/A5037160778,award,2005,4,-0.1704660587639311
https://openalex.org/A5037160778,award,2005,5,-0.22398818113103824
https://openalex.org/A5037461995,award,2014,-2,-0.1111111111111111
https://openalex.org/A5037461995,award,2014,0,-0.30000000000000004
https://openalex.org/A5037461995,award,2014,1,-1.0
https://openalex.org/A5037888372,award,2014,-2,-0.72
https://openalex.org/A5037888372,award,2014,0,-0.6
https://openalex.org/A5037888372,award,2014,2,-0.6666666666666666
https://openalex.org/A5037888372,award,2014,4,-0.52
https://openalex.org/A5038365039,award,2017,0,0.0
https://openalex.org/A5038456726,control,2005,-1,-0.22574002574002572
https://openalex.org/A5038456726,control,2005,0,-0.6666666666666666
https://openalex.org/A5038456726,control,2005,1,-0.4872222222222222
https://openalex.org/A5038456726,control,2005,2,-0.8888888888888888
https://openalex.org/A5038456726,control,2005,4,-0.0869565217391304
https://openalex.org/A5038456726,control,2005,5,-0.4558116883116883
https://openalex.org/A5038532934,award,2017,-2,-0.2380952380952381
https://openalex.org/A5038532934,award,2017,-1,-0.5555555555555556
https://openalex.org/A5038532934,award,2017,0,-0.74
https://openalex.org/A5038532934,award,2017,1,-0.10000000000000002
https://openalex.org/A5038532934,award,2017,2,-0.20454545454545456
https://openalex.org/A5038532934,award,2017,3,-0.20612244897959184
https://openalex.org/A5038532934,award,2017,4,-0.17080327080327082
https://openalex.org/A5038532934,award,2017,5,-0.05
https://openalex.org/A5038565477,award,2006,-5,0.5
https://openalex.org/A5038565477,award,2006,-4,-0.6157407407407408
https://openalex.org/A5038565477,award,2006,-3,-0.6445652173913043
https://openalex.org/A5038565477,award,2006,-2,-0.051304347826087005
https://openalex.org/A5038565477,award,2006,-1,-0.7647058823529411
https://openalex.org/A5038565477,award,2006,0,-0.5042424242424243
https://openalex.org/A5038565477,award,2006,1,-0.7021276595744681
https://openalex.org/A5038565477,award,2006,2,-0.44
https://openalex.org/A5038565477,award,2006,5,-0.72
https://openalex.org/A5038687630,award,2015,-3,-0.2
https://openalex.org/A5038687630,award,2015,-1,-0.5
https://openalex.org/A5038687630,award,2015,0,-0.65
https://openalex.org/A5038687630,award,2015,1,0.0
https://openalex.org/A5038687630,award,2015,2,0.3333333333333333
https://openalex.org/A5038687630,award,2015,3,-0.3901098901098901
https://openalex.org/A5038687630,award,2015,4,-0.5555555555555556
https://openalex.org/A5038687630,award,2015,5,0.21142857142857144
https://openalex.org/A5038811034,control,2006,-4,0.7407407407407407
https://openalex.org/A5038811034,control,2006,-3,-0.6893750000000001
https://openalex.org/A5038811034,control,2006,-2,-0.18994652406417112
https://openalex.org/A5038811034,control,2006,-1,-0.4198290598290598
https://openalex.org/A5038811034,control,2006,0,-0.2424158875771779
https://openalex.org/A5038811034,control,2006,1,-0.48013237391336766
https://openalex.org/A5038811034,control,2006,2,-0.013385020776325125
https://openalex.org/A5038811034,control,2006,3,-0.5303793881832828
https://openalex.org/A5038811034,control,2006,4,-0.1970064393777503
https://openalex.org/A5038811034,control,2006,5,-0.32124433106575967
https://openalex.org/A5038820344,award,2015,-2,-0.1428571428571428
https://openalex.org/A5038820344,award,2015,-1,0.2
https://openalex.org/A5038820344,award,2015,0,0.1282051282051282
https://openalex.org/A5038820344,award,2015,1,1.0
https://openalex.org/A5038820344,award,2015,3,-0.3596491228070175
https://openalex.org/A5038820344,award,2015,4,0.7142857142857143
https://openalex.org/A5038894198,award,2016,-1,0.4
https://openalex.org/A5038894198,award,2016,0,-0.32
https://openalex.org/A5038894198,award,2016,1,0.19166666666666665
https://openalex.org/A5038894198,award,2016,2,1.0
https://openalex.org/A5038894198,award,2016,3,0.2
https://openalex.org/A5038894198,award,2016,4,0.48484848484848486
https://openalex.org/A5038894198,award,2016,5,-0.4259259259259259
https://openalex.org/A5039125132,award,2016,-4,0.0
https://openalex.org/A5039125132,award,2016,-3,0.39583333333333337
https://openalex.org/A5039125132,award,2016,-2,-0.7908730158730158
https://openalex.org/A5039125132,award,2016,-1,-0.32857142857142857
https://openalex.org/A5039125132,award,2016,0,-0.4409330277565572
https://openalex.org/A5039125132,award,2016,1,-0.23627384960718292
https://openalex.org/A5039125132,award,2016,2,-0.31499202551834127
https://openalex.org/A5039125132,award,2016,3,-0.2554450047703421
https://openalex.org/A5039125132,award,2016,4,-0.1601111111111111
https://openalex.org/A5039192820,award,2018,-1,-0.88
https://openalex.org/A5039192820,award,2018,0,0.05360544217687075
https://openalex.org/A5039192820,award,2018,1,-0.7200000000000001
https://openalex.org/A5039192820,award,2018,2,-0.31673578595317725
https://openalex.org/A5039192820,award,2018,3,0.16
https://openalex.org/A5039192820,award,2018,4,1.0
https://openalex.org/A5039192820,award,2018,5,1.0
https://openalex.org/A5039222883,award,2014,0,-0.52
https://openalex.org/A5039222883,award,2014,2,-0.68
https://openalex.org/A5039222883,award,2014,3,-0.4545454545454545
https://openalex.org/A5039222883,award,2014,4,-0.4444444444444444
https://openalex.org/A5039222883,award,2014,5,-0.3157894736842105
https://openalex.org/A5039301553,award,2015,-4,-0.6
https://openalex.org/A5039301553,award,2015,-3,-0.8888888888888888
https://openalex.org/A5039301553,award,2015,-2,-0.07472222222222225
https://openalex.org/A5039301553,award,2015,-1,-0.7777777777777777
https://openalex.org/A5039301553,award,2015,0,0.04777777777777777
https://openalex.org/A5039301553,award,2015,1,-0.2888888888888888
https://openalex.org/A5039301553,award,2015,2,-0.4077777777777778
https://openalex.org/A5039301553,award,2015,3,0.1111111111111111
https://openalex.org/A5039301553,award,2015,4,-0.292184265010352
https://openalex.org/A5039301553,award,2015,5,0.07936507936507937
https://openalex.org/A5039701716,control,2016,-5,-0.25
https://openalex.org/A5039701716,control,2016,-4,-0.9090909090909092
https://openalex.org/A5039701716,control,2016,-3,-0.04545454545454545
https://openalex.org/A5039701716,control,2016,1,-0.75
https://openalex.org/A5039701716,control,2016,2,0.296
https://openalex.org/A5039701716,control,2016,3,-0.3018903318903319
https://openalex.org/A5039701716,control,2016,4,0.0
https://openalex.org/A5039701716,control,2016,5,-0.8080993080993082
https://openalex.org/A5039776447,award,2016,-4,-1.0
https://openalex.org/A5039776447,award,2016,-3,0.32
https://openalex.org/A5039776447,award,2016,-2,-0.44722569879015434
https://openalex.org/A5039776447,award,2016,-1,0.005454545454545448
https://openalex.org/A5039776447,award,2016,0,-0.060952380952380945
https://openalex.org/A5039776447,award,2016,1,0.2061495261495261
https://openalex.org/A5039776447,award,2016,2,-0.0874725274725275
https://openalex.org/A5039776447,award,2016,3,-0.01814253393665157
https://openalex.org/A5039776447,award,2016,4,-0.7671428571428571
https://openalex.org/A5039776447,award,2016,5,-0.3932307692307692
https://openalex.org/A5039799789,control,2018,-4,-1.0
https://openalex.org/A5039799789,control,2018,-3,-0.5090909090909091
https://openalex.org/A5039799789,control,2018,-2,-0.9514893617021276
https://openalex.org/A5039799789,control,2018,-1,-0.611111111111111
https://openalex.org/A5039799789,control,2018,0,-0.8457472686044114
https://openalex.org/A5039799789,control,2018,1,-0.24611111111111109
https://openalex.org/A5039799789,control,2018,2,0.12363636363636361
https://openalex.org/A5039799789,control,2018,3,-0.5954497354497355
https://openalex.org/A5039799789,control,2018,4,-0.9090909090909092
https://openalex.org/A5039799789,control,2018,5,-0.5541666666666667
https://openalex.org/A5039915143,control,2016,-5,-0.615
https://openalex.org/A5039915143,control,2016,-4,-0.4623378582202111
https://openalex.org/A5039915143,control,2016,-3,-0.1723160173160173
https://openalex.org/A5039915143,control,2016,-2,-0.3971941619457147
https://openalex.org/A5039915143,control,2016,-1,-0.4522291472646083
https://openalex.org/A5039915143,control,2016,0,-0.06794117647058823
https://openalex.org/A5039915143,control,2016,1,-0.5074509803921569
https://openalex.org/A5039915143,control,2016,2,0.22266666666666665
https://openalex.org/A5039915143,control,2016,3,0.11005747126436782
https://openalex.org/A5039915143,control,2016,4,0.21810989010989013
https://openalex.org/A5039915143,control,2016,5,0.20982456140350875
https://openalex.org/A5040024687,award,2012,-5,0.0
https://openalex.org/A5040024687,award,2012,-4,-0.06052910052910053
https://openalex.org/A5040024687,award,2012,-3,-0.5533333333333333
https://openalex.org/A5040024687,award,2012,-2,-0.280061115355233
https://openalex.org/A5040024687,award,2012,-1,0.04249999999999998
https://openalex.org/A5040024687,award,2012,0,0.1732142857142857
https://openalex.org/A5040024687,award,2012,1,-0.2030225685832093
https://openalex.org/A5040024687,award,2012,2,-0.1492025049226136
https://openalex.org/A5040024687,award,2012,3,-0.06674274446239856
https://openalex.org/A5040024687,award,2012,4,-0.2368667364435595
https://openalex.org/A5040024687,award,2012,5,-0.1994048885571597
https://openalex.org/A5041066830,award,2014,-4,-0.8
https://openalex.org/A5041066830,award,2014,-3,1.0
https://openalex.org/A5041066830,award,2014,-2,-1.0
https://openalex.org/A5041066830,award,2014,-1,-0.8166666666666667
https://openalex.org/A5041066830,award,2014,0,-0.6363636363636364
https://openalex.org/A5041066830,award,2014,1,-0.5
https://openalex.org/A5041066830,award,2014,2,1.0
https://openalex.org/A5041066830,award,2014,3,-0.8666666666666667
https://openalex.org/A5041066830,award,2014,4,1.0
https://openalex.org/A5041066830,award,2014,5,-0.35897435897435903
https://openalex.org/A5041275294,award,2016,-4,-1.0
https://openalex.org/A5041275294,award,2016,-2,-0.7142857142857143
https://openalex.org/A5041275294,award,2016,-1,-0.7171717171717172
https://openalex.org/A5041275294,award,2016,0,0.11555555555555556
https://openalex.org/A5041275294,award,2016,1,-0.5701550387596899
https://openalex.org/A5041275294,award,2016,2,0.09302325581395349
https://openalex.org/A5041275294,award,2016,3,-0.6
https://openalex.org/A5041415709,control,2000,0,-0.4285714285714285
https://openalex.org/A5041415709,control,2000,3,-0.25
https://openalex.org/A5041415709,control,2000,5,-0.7528344671201813
https://openalex.org/A5041503751,award,2010,0,-0.7058823529411764
https://openalex.org/A5041503751,award,2010,2,-0.6
https://openalex.org/A5041608081,award,2012,-3,1.0
https://openalex.org/A5041608081,award,2012,-1,-1.0
https://openalex.org/A5041608081,award,2012,0,0.8
https://openalex.org/A5041608081,award,2012,2,-0.5
https://openalex.org/A5041608081,award,2012,3,-1.0
https://openalex.org/A5041608081,award,2012,4,-1.0
https://openalex.org/A5041608911,award,2012,-4,1.0
https://openalex.org/A5041608911,award,2012,-3,1.0
https://openalex.org/A5041608911,award,2012,-2,1.0
https://openalex.org/A5041608911,award,2012,0,0.04
https://openalex.org/A5041608911,award,2012,1,-0.44
https://openalex.org/A5041608911,award,2012,2,-0.9090909090909092
https://openalex.org/A5041608911,award,2012,4,0.5555555555555556
https://openalex.org/A5041608911,award,2012,5,0.02491582491582493
https://openalex.org/A5041613932,award,2011,0,-0.06000000000000002
https://openalex.org/A5041613932,award,2011,1,-0.35714285714285715
https://openalex.org/A5041654458,award,2018,-3,0.0
https://openalex.org/A5041654458,award,2018,-1,-0.7142857142857143
https://openalex.org/A5041654458,award,2018,0,0.6923076923076923
https://openalex.org/A5041654458,award,2018,1,0.33333333333333337
https://openalex.org/A5041703865,award,2010,0,-0.25
https://openalex.org/A5041703865,award,2010,1,-0.2222222222222222
https://openalex.org/A5041703865,award,2010,2,-1.0
https://openalex.org/A5041703865,award,2010,4,-0.7142857142857142
https://openalex.org/A5041703865,award,2010,5,-1.0
https://openalex.org/A5041808447,award,2013,-5,0.0
https://openalex.org/A5041808447,award,2013,-4,-0.2878787878787879
https://openalex.org/A5041808447,award,2013,-3,-1.0
https://openalex.org/A5041808447,award,2013,-2,0.36363636363636365
https://openalex.org/A5041808447,award,2013,-1,0.2
https://openalex.org/A5041808447,award,2013,0,-0.1514527568062228
https://openalex.org/A5041808447,award,2013,1,-0.2074441337607129
https://openalex.org/A5041808447,award,2013,2,-0.1685185185185185
https://openalex.org/A5041808447,award,2013,3,0.05443322109988778
https://openalex.org/A5041808447,award,2013,4,0.1719059982777788
https://openalex.org/A5041808447,award,2013,5,0.16107142857142856
https://openalex.org/A5041830534,award,2001,-2,-0.7714285714285714
https://openalex.org/A5041830534,award,2001,-1,-0.8620689655172413
https://openalex.org/A5041830534,award,2001,0,-0.8861788617886179
https://openalex.org/A5041830534,award,2001,1,-0.8089430894308943
https://openalex.org/A5041830534,award,2001,2,-0.47
https://openalex.org/A5041830534,award,2001,3,-0.8405080466022937
https://openalex.org/A5041830534,award,2001,4,-0.8308333333333334
https://openalex.org/A5041830534,award,2001,5,-0.7472932330827067
https://openalex.org/A5041837927,control,2012,0,-0.3637426900584795
https://openalex.org/A5041837927,control,2012,1,0.16512820512820514
https://openalex.org/A5041837927,control,2012,2,-0.26561646928124377
https://openalex.org/A5041837927,control,2012,3,0.2651044277360067
https://openalex.org/A5041837927,control,2012,4,-0.301940290646173
https://openalex.org/A5041837927,control,2012,5,-0.636778574844572
https://openalex.org/A5041869459,award,2016,-2,-0.4646511627906976
https://openalex.org/A5041869459,award,2016,-1,-0.1416969696969697
https://openalex.org/A5041869459,award,2016,0,-0.17022927689594355
https://openalex.org/A5041869459,award,2016,1,-0.2543599033816425
https://openalex.org/A5041869459,award,2016,2,-0.021904761904761903
https://openalex.org/A5041869459,award,2016,3,0.17167499167499167
https://openalex.org/A5041869459,award,2016,4,-0.05432067932067931
https://openalex.org/A5041869459,award,2016,5,0.5065441381230855
https://openalex.org/A5041937385,award,2009,-5,-0.8015584415584416
https://openalex.org/A5041937385,award,2009,-4,-0.6308888074958423
https://openalex.org/A5041937385,award,2009,-3,-0.48955908289241623
https://openalex.org/A5041937385,award,2009,-2,-0.16434389140271494
https://openalex.org/A5041937385,award,2009,-1,-0.5385645933014355
https://openalex.org/A5041937385,award,2009,0,-0.3522773701034571
https://openalex.org/A5041937385,award,2009,1,-0.46889419758984974
https://openalex.org/A5041937385,award,2009,2,-0.3322307692307692
https://openalex.org/A5041937385,award,2009,3,-0.22431022408963586
https://openalex.org/A5041937385,award,2009,4,-0.36045751633986933
https://openalex.org/A5041937385,award,2009,5,-0.7428205128205128
https://openalex.org/A5042649150,award,2015,-1,-0.8823529411764706
https://openalex.org/A5042649150,award,2015,0,-0.44
https://openalex.org/A5042649150,award,2015,2,0.048888888888888905
https://openalex.org/A5042649150,award,2015,4,0.42424242424242425
https://openalex.org/A5042649150,award,2015,5,-0.006666666666666672
https://openalex.org/A5043344696,control,2000,0,-1.0
https://openalex.org/A5043344696,control,2000,1,0.5
https://openalex.org/A5043344696,control,2000,3,-0.6666666666666666
https://openalex.org/A5043344696,control,2000,4,-0.8157575757575758
https://openalex.org/A5043344696,control,2000,5,-0.4918787878787879
https://openalex.org/A5043431516,award,2008,0,-0.8333333333333334
https://openalex.org/A5043431516,award,2008,1,-0.4666666666666667
https://openalex.org/A5043431516,award,2008,2,-0.6588319088319089
https://openalex.org/A5043431516,award,2008,3,-0.8058608058608058
https://openalex.org/A5043431516,award,2008,4,-0.3333333333333333
https://openalex.org/A5043431516,award,2008,5,-0.9272727272727274
https://openalex.org/A5043552468,award,2005,-4,-0.3333333333333333
https://openalex.org/A5043552468,award,2005,-2,0.0
https://openalex.org/A5043552468,award,2005,-1,-1.0
https://openalex.org/A5043552468,award,2005,0,-0.5222222222222223
https://openalex.org/A5043552468,award,2005,1,-0.8843567251461989
https://openalex.org/A5043552468,award,2005,2,-0.35714285714285715
https://openalex.org/A5043552468,award,2005,3,0.24
https://openalex.org/A5043552468,award,2005,4,-0.6272401433691756
https://openalex.org/A5043552468,award,2005,5,0.14285714285714285
https://openalex.org/A5043706888,award,2007,-5,-0.9444444444444444
https://openalex.org/A5043706888,award,2007,-4,-0.2798840579710145
https://openalex.org/A5043706888,award,2007,-3,-0.21333333333333337
https://openalex.org/A5043706888,award,2007,-1,-0.7698198704265438
https://openalex.org/A5043706888,award,2007,0,0.24
https://openalex.org/A5043706888,award,2007,1,-0.4305050505050505
https://openalex.org/A5043706888,award,2007,2,0.0
https://openalex.org/A5043706888,award,2007,4,0.4222222222222222
https://openalex.org/A5043706888,award,2007,5,-0.3333333333333333
https://openalex.org/A5043922248,award,2016,-2,-0.7142857142857143
https://openalex.org/A5043922248,award,2016,-1,0.3
https://openalex.org/A5043922248,award,2016,0,-0.2653061224489796
https://openalex.org/A5043922248,award,2016,1,-0.6
https://openalex.org/A5043922248,award,2016,2,-0.3333333333333333
https://openalex.org/A5043922248,award,2016,3,0.5172413793103449
https://openalex.org/A5043922248,award,2016,4,0.3333333333333333
https://openalex.org/A5044253018,award,2013,-2,-1.0
https://openalex.org/A5044253018,award,2013,-1,-0.8
https://openalex.org/A5044253018,award,2013,0,-0.72
https://openalex.org/A5044253018,award,2013,1,-1.0
https://openalex.org/A5044253018,award,2013,3,-0.034324942791762014
https://openalex.org/A5044512769,control,2005,-3,-1.0
https://openalex.org/A5044512769,control,2005,-2,0.0
https://openalex.org/A5044512769,control,2005,-1,-0.72
https://openalex.org/A5044512769,control,2005,0,-0.9199999999999999
https://openalex.org/A5044512769,control,2005,1,0.4336734693877551
https://openalex.org/A5044512769,control,2005,2,0.34625
https://openalex.org/A5044512769,control,2005,3,0.23555555555555555
https://openalex.org/A5044512769,control,2005,4,0.0
https://openalex.org/A5044512769,control,2005,5,-0.27272727272727276
https://openalex.org/A5044904792,award,2017,-2,1.0
https://openalex.org/A5044904792,award,2017,-1,-1.0
https://openalex.org/A5044904792,award,2017,0,0.45714285714285713
https://openalex.org/A5044904792,award,2017,1,-0.2857142857142857
https://openalex.org/A5044904792,award,2017,2,-0.1388888888888889
https://openalex.org/A5044904792,award,2017,3,-0.7128571428571429
https://openalex.org/A5044904792,award,2017,4,0.4375
https://openalex.org/A5044904792,award,2017,5,-0.4396135265700483
https://openalex.org/A5045073799,award,2016,-4,0.0
https://openalex.org/A5045073799,award,2016,-2,-0.19999999999999998
https://openalex.org/A5045073799,award,2016,-1,1.0
https://openalex.org/A5045073799,award,2016,0,-0.23076923076923075
https://openalex.org/A5045073799,award,2016,1,1.0
https://openalex.org/A5045073799,award,2016,2,0.6
https://openalex.org/A5045073799,award,2016,3,-0.17460317460317462
https://openalex.org/A5045073799,award,2016,4,-0.5909090909090909
https://openalex.org/A5045073799,award,2016,5,1.0
https://openalex.org/A5045162159,award,2016,-2,-1.0
https://openalex.org/A5045162159,award,2016,0,-0.4565217391304348
https://openalex.org/A5045162159,award,2016,1,-0.9545454545454546
https://openalex.org/A5045162159,award,2016,2,1.0
https://openalex.org/A5045165255,award,2008,-2,-0.7088888888888889
https://openalex.org/A5045165255,award,2008,0,-0.020000000000000018
https://openalex.org/A5045165255,award,2008,1,-0.48
https://openalex.org/A5045165255,award,2008,2,-1.0
https://openalex.org/A5045165255,award,2008,3,0.0
https://openalex.org/A5045165255,award,2008,4,-0.6483333333333333
https://openalex.org/A5045165255,award,2008,5,-0.2330144806460596
https://openalex.org/A5045181694,award,2015,-5,-1.0
https://openalex.org/A5045181694,award,2015,-3,-1.0
https://openalex.org/A5045181694,award,2015,-2,-0.20000000000000004
https://openalex.org/A5045181694,award,2015,-1,-0.2
https://openalex.org/A5045181694,award,2015,0,-0.7847619047619047
https://openalex.org/A5045181694,award,2015,2,-0.56
https://openalex.org/A5045181694,award,2015,4,-0.26555555555555554
https://openalex.org/A5045181694,award,2015,5,0.22727272727272724
https://openalex.org/A5045962151,control,2013,-5,0.02135265700483091
https://openalex.org/A5045962151,control,2013,-4,-0.06363636363636364
https://openalex.org/A5045962151,control,2013,-3,-0.4337037037037037
https://openalex.org/A5045962151,control,2013,-2,-0.0041847041847041955
https://openalex.org/A5045962151,control,2013,-1,-0.23304447988658517
https://openalex.org/A5045962151,control,2013,0,-0.3817460317460317
https://openalex.org/A5045962151,control,2013,1,-0.2678375787595646
https://openalex.org/A5045962151,control,2013,2,-0.33877551020408164
https://openalex.org/A5045962151,control,2013,3,-0.2246954096954097
https://openalex.org/A5045962151,control,2013,4,-0.2738047138047138
https://openalex.org/A5045962151,control,2013,5,0.1950769230769231
https://openalex.org/A5045967404,control,2004,0,-0.5833333333333334
https://openalex.org/A5045967404,control,2004,1,0.06666666666666665
https://openalex.org/A5045967404,control,2004,2,-0.3821428571428571
https://openalex.org/A5045967404,control,2004,3,-0.5610119047619048
https://openalex.org/A5045967404,control,2004,4,-0.3971487690209369
https://openalex.org/A5045967404,control,2004,5,-0.3972876548738617
https://openalex.org/A5046120615,award,2017,-5,-0.7777777777777778
https://openalex.org/A5046120615,award,2017,-4,-0.5774358974358974
https://openalex.org/A5046120615,award,2017,-3,-0.5657142857142857
https://openalex.org/A5046120615,award,2017,-2,-0.7692307692307692
https://openalex.org/A5046120615,award,2017,-1,-0.4342857142857143
https://openalex.org/A5046120615,award,2017,0,-0.26037037037037036
https://openalex.org/A5046120615,award,2017,1,0.06141414141414144
https://openalex.org/A5046120615,award,2017,2,-0.27014463065846467
https://openalex.org/A5046120615,award,2017,3,-0.39466666666666667
https://openalex.org/A5046120615,award,2017,4,0.35333333333333333
https://openalex.org/A5046120615,award,2017,5,-0.6666666666666666
https://openalex.org/A5046213289,control,2013,-1,-0.75
https://openalex.org/A5046213289,control,2013,0,-0.27454545454545454
https://openalex.org/A5046213289,control,2013,1,-0.781875
https://openalex.org/A5046213289,control,2013,2,-0.6369230769230769
https://openalex.org/A5046213289,control,2013,3,-0.6422764227642277
https://openalex.org/A5046213289,control,2013,4,-0.398
https://openalex.org/A5046213289,control,2013,5,-0.760010833453705
https://openalex.org/A5046383149,award,2007,-4,-0.7
https://openalex.org/A5046383149,award,2007,-3,-0.8573110954506303
https://openalex.org/A5046383149,award,2007,-2,-0.9230769230769232
https://openalex.org/A5046383149,award,2007,-1,-0.9036796536796536
https://openalex.org/A5046383149,award,2007,0,-0.4453846153846154
https://openalex.org/A5046383149,award,2007,1,-0.92
https://openalex.org/A5046383149,award,2007,2,-0.21475757575757576
https://openalex.org/A5046383149,award,2007,3,-0.4090909090909091
https://openalex.org/A5046383149,award,2007,4,-0.3333333333333333
https://openalex.org/A5046383149,award,2007,5,-0.4461538461538462
https://openalex.org/A5046457818,award,2002,-4,-1.0
https://openalex.org/A5046457818,award,2002,-3,-0.6261538461538462
https://openalex.org/A5046457818,award,2002,-2,-0.2511904761904762
https://openalex.org/A5046457818,award,2002,-1,-0.5805598493578034
https://openalex.org/A5046457818,award,2002,0,-0.6585185185185185
https://openalex.org/A5046457818,award,2002,1,-0.3300698866079403
https://openalex.org/A5046457818,award,2002,2,-0.8320000000000001
https://openalex.org/A5046457818,award,2002,3,-0.3333333333333333
https://openalex.org/A5046457818,award,2002,4,1.0
https://openalex.org/A5046457818,award,2002,5,-0.5796153846153846
https://openalex.org/A5046598816,award,2005,-3,0.21686274509803924
https://openalex.org/A5046598816,award,2005,-2,-0.3453193403298351
https://openalex.org/A5046598816,award,2005,-1,-0.1452991452991453
https://openalex.org/A5046598816,award,2005,0,-0.4936858813700919
https://openalex.org/A5046598816,award,2005,1,-0.72
https://openalex.org/A5046598816,award,2005,2,-0.56
https://openalex.org/A5046611715,award,2008,-3,-0.5555555555555556
https://openalex.org/A5046611715,award,2008,-2,-0.1282051282051282
https://openalex.org/A5046611715,award,2008,-1,0.375
https://openalex.org/A5046611715,award,2008,0,-0.06153846153846152
https://openalex.org/A5046611715,award,2008,1,-0.2866666666666667
https://openalex.org/A5046611715,award,2008,2,-0.4285714285714286
https://openalex.org/A5046611715,award,2008,3,-0.491388044579534
https://openalex.org/A5046611715,award,2008,4,-0.6222222222222222
https://openalex.org/A5046611715,award,2008,5,-0.5263157894736842
https://openalex.org/A5046685409,award,2007,-5,-1.0
https://openalex.org/A5046685409,award,2007,-4,-0.4285714285714285
https://openalex.org/A5046685409,award,2007,-3,-0.06666666666666665
https://openalex.org/A5046685409,award,2007,-2,-0.6571428571428571
https://openalex.org/A5046685409,award,2007,-1,0.2698412698412698
https://openalex.org/A5046685409,award,2007,0,-0.7753267973856209
https://openalex.org/A5046685409,award,2007,1,-0.12
https://openalex.org/A5046685409,award,2007,2,-0.4666666666666667
https://openalex.org/A5046685409,award,2007,3,-0.19214285714285714
https://openalex.org/A5046685409,award,2007,4,-0.4697959183673469
https://openalex.org/A5046685409,award,2007,5,-0.42962962962962964
https://openalex.org/A5047278339,award,2000,-2,1.0
https://openalex.org/A5047278339,award,2000,-1,-0.6
https://openalex.org/A5047278339,award,2000,0,0.0
https://openalex.org/A5047278339,award,2000,1,-0.20555555555555557
https://openalex.org/A5047278339,award,2000,2,0.3157894736842105
https://openalex.org/A5047278339,award,2000,3,0.3333333333333333
https://openalex.org/A5047278339,award,2000,5,-0.19444444444444445
https://openalex.org/A5047536715,award,2016,-2,-0.9
https://openalex.org/A5047536715,award,2016,-1,-0.8461538461538461
https://openalex.org/A5047536715,award,2016,0,-0.8518518518518517
https://openalex.org/A5047536715,award,2016,1,-1.0
https://openalex.org/A5047536715,award,2016,2,-0.2692307692307692
https://openalex.org/A5047536715,award,2016,3,-0.3333333333333333
https://openalex.org/A5047536715,award,2016,4,-0.2325
https://openalex.org/A5047536715,award,2016,5,-0.3333333333333333
https://openalex.org/A5047620436,award,2014,0,-0.8441558441558441
https://openalex.org/A5048404082,award,2016,0,-0.15000000000000002
https://openalex.org/A5048431501,control,2015,-5,-0.4089285714285714
https://openalex.org/A5048431501,control,2015,-4,-0.1428571428571428
https://openalex.org/A5048431501,control,2015,-3,0.4311111111111111
https://openalex.org/A5048431501,control,2015,-2,0.062033462033461995
https://openalex.org/A5048431501,control,2015,-1,0.05534188034188034
https://openalex.org/A5048431501,control,2015,0,0.16810782283928066
https://openalex.org/A5048431501,control,2015,1,-0.16592617908407384
https://openalex.org/A5048431501,control,2015,2,0.4981507381507382
https://openalex.org/A5048431501,control,2015,3,0.1552579365079365
https://openalex.org/A5048431501,control,2015,4,0.3374338624338624
https://openalex.org/A5048431501,control,2015,5,0.25106111563912076
https://openalex.org/A5048484850,award,2016,0,-0.46
https://openalex.org/A5048484850,award,2016,4,-0.5675675675675675
https://openalex.org/A5048534004,award,2000,0,0.19333333333333333
https://openalex.org/A5048534004,award,2000,1,0.09142857142857144
https://openalex.org/A5048534004,award,2000,2,0.33866666666666667
https://openalex.org/A5048609852,control,2013,-5,-0.6156254448533309
https://openalex.org/A5048609852,control,2013,-4,-0.6697898760068394
https://openalex.org/A5048609852,control,2013,-3,-0.8756944444444444
https://openalex.org/A5048609852,control,2013,-2,-0.17540792540792538
https://openalex.org/A5048609852,control,2013,-1,-0.33228057014253565
https://openalex.org/A5048609852,control,2013,0,-0.025083175865345766
https://openalex.org/A5048609852,control,2013,1,-0.463749535488666
https://openalex.org/A5048609852,control,2013,2,-0.7829032258064516
https://openalex.org/A5048609852,control,2013,3,-0.5833333333333333
https://openalex.org/A5048609852,control,2013,4,0.09572027972027967
https://openalex.org/A5048609852,control,2013,5,0.0034335839598997665
https://openalex.org/A5048622877,control,2011,-5,0.22597448847448845
https://openalex.org/A5048622877,control,2011,-4,-0.020113965318568905
https://openalex.org/A5048622877,control,2011,-3,0.026093374601249133
https://openalex.org/A5048622877,control,2011,-2,-0.07618412698412698
https://openalex.org/A5048622877,control,2011,-1,-0.37046345811051695
https://openalex.org/A5048622877,control,2011,0,-0.30911909092687123
https://openalex.org/A5048622877,control,2011,1,0.04394593095855369
https://openalex.org/A5048622877,control,2011,2,-0.3668374163962399
https://openalex.org/A5048622877,control,2011,3,-0.48177493669425214
https://openalex.org/A5048622877,control,2011,4,-0.02516636015322825
https://openalex.org/A5048622877,control,2011,5,-0.046073688061992156
https://openalex.org/A5048641532,award,2008,-1,-0.4444444444444444
https://openalex.org/A5048641532,award,2008,0,-0.10000000000000002
https://openalex.org/A5048641532,award,2008,2,-0.56
https://openalex.org/A5048641532,award,2008,5,-0.7164912280701755
https://openalex.org/A5048777417,control,2014,-5,-0.48
https://openalex.org/A5048777417,control,2014,-4,-0.5740740740740741
https://openalex.org/A5048777417,control,2014,-3,-0.11111111111111109
https://openalex.org/A5048777417,control,2014,-2,-0.3
https://openalex.org/A5048777417,control,2014,-1,0.8
https://openalex.org/A5048777417,control,2014,0,-0.26666666666666666
https://openalex.org/A5048777417,control,2014,4,-0.6225071225071226
https://openalex.org/A5048777417,control,2014,5,-0.1547619047619048
https://openalex.org/A5049011416,award,2011,-3,-0.5714285714285714
https://openalex.org/A5049011416,award,2011,-2,-1.0
https://openalex.org/A5049011416,award,2011,-1,0.0
https://openalex.org/A5049011416,award,2011,0,0.029411764705882415
https://openalex.org/A5049011416,award,2011,2,-0.05306122448979593
https://openalex.org/A5049011416,award,2011,3,-1.0
https://openalex.org/A5049011416,award,2011,4,-0.41666666666666663
https://openalex.org/A5049011416,award,2011,5,-1.0
https://openalex.org/A5049134079,award,2007,-4,0.33333333333333337
https://openalex.org/A5049134079,award,2007,-3,-0.36
https://openalex.org/A5049134079,award,2007,-2,-0.64
https://openalex.org/A5049134079,award,2007,-1,0.2
https://openalex.org/A5049134079,award,2007,0,-0.7228571428571429
https://openalex.org/A5049134079,award,2007,1,-0.7333333333333334
https://openalex.org/A5049134079,award,2007,2,-0.6927777777777777
https://openalex.org/A5049134079,award,2007,3,-0.6031424287856073
https://openalex.org/A5049134079,award,2007,4,-0.74
https://openalex.org/A5049134079,award,2007,5,-0.6985714285714286
https://openalex.org/A5049191217,award,2011,-5,0.2222222222222222
https://openalex.org/A5049191217,award,2011,-3,-0.4825810904071773
https://openalex.org/A5049191217,award,2011,-2,-0.8230122818358112
https://openalex.org/A5049191217,award,2011,-1,0.3066666666666667
https://openalex.org/A5049191217,award,2011,0,-0.8953086419753088
https://openalex.org/A5049191217,award,2011,1,-0.5263157894736842
https://openalex.org/A5049191217,award,2011,2,0.2
https://openalex.org/A5049201950,award,2010,-5,-0.3949549549549549
https://openalex.org/A5049201950,award,2010,-4,-0.5410714285714285
https://openalex.org/A5049201950,award,2010,-3,-0.9259259259259259
https://openalex.org/A5049201950,award,2010,-2,-0.6263756613756614
https://openalex.org/A5049201950,award,2010,-1,-1.0
https://openalex.org/A5049201950,award,2010,0,-0.2108579797582355
https://openalex.org/A5049201950,award,2010,1,-0.6333333333333333
https://openalex.org/A5049201950,award,2010,2,-0.7275837742504409
https://openalex.org/A5049201950,award,2010,3,-0.5479633148806081
https://openalex.org/A5049201950,award,2010,4,-0.5333333333333333
https://openalex.org/A5049201950,award,2010,5,-0.7
https://openalex.org/A5049246408,control,2007,-3,-1.0
https://openalex.org/A5049246408,control,2007,2,0.008888888888888872
https://openalex.org/A5049246408,control,2007,3,-0.24
https://openalex.org/A5049246408,control,2007,4,-0.8
https://openalex.org/A5049246408,control,2007,5,0.026666666666666655
https://openalex.org/A5049280707,award,2009,-1,-1.0
https://openalex.org/A5049280707,award,2009,0,-0.30000000000000004
https://openalex.org/A5049280707,award,2009,1,0.03999999999999998
https://openalex.org/A5049280707,award,2009,2,-0.76
https://openalex.org/A5049280707,award,2009,3,-0.84
https://openalex.org/A5049280707,award,2009,4,-0.8666666666666667
https://openalex.org/A5049333271,award,2007,-4,-0.06
https://openalex.org/A5049333271,award,2007,-3,-0.4871794871794871
https://openalex.org/A5049333271,award,2007,-2,-0.5700000000000001
https://openalex.org/A5049333271,award,2007,-1,-0.8
https://openalex.org/A5049333271,award,2007,0,-0.2571059907834101
https://openalex.org/A5049333271,award,2007,1,-0.36
https://openalex.org/A5049333271,award,2007,2,-0.16571428571428573
https://openalex.org/A5049333271,award,2007,3,-0.1761860465116279
https://openalex.org/A5049333271,award,2007,4,-0.5800000000000001
https://openalex.org/A5049333271,award,2007,5,-0.575
https://openalex.org/A5049519805,award,2017,-1,-0.6666666666666666
https://openalex.org/A5049519805,award,2017,0,-0.3888888888888889
https://openalex.org/A5049567786,award,2017,-1,0.3793103448275862
https://openalex.org/A5049567786,award,2017,0,-0.09444444444444444
https://openalex.org/A5049567786,award,2017,3,1.0
https://openalex.org/A5049567786,award,2017,4,-0.34153846153846157
https://openalex.org/A5049567786,award,2017,5,-0.2619047619047619
https://openalex.org/A5049757296,award,2005,0,0.7
https://openalex.org/A5049757296,award,2005,5,0.0
https://openalex.org/A5049839987,award,2014,-5,-0.9166666666666667
https://openalex.org/A5049839987,award,2014,-4,-0.8
https://openalex.org/A5049839987,award,2014,-3,-0.2
https://openalex.org/A5049839987,award,2014,-2,-0.72
https://openalex.org/A5049839987,award,2014,0,-0.6
https://openalex.org/A5049839987,award,2014,2,-0.6666666666666666
https://openalex.org/A5049839987,award,2014,4,-0.36
https://openalex.org/A5049980911,award,2008,0,0.5
https://openalex.org/A5049980911,award,2008,3,1.0
https://openalex.org/A5050138372,award,2012,-4,0.6
https://openalex.org/A5050138372,award,2012,-3,-0.26666666666666666
https://openalex.org/A5050138372,award,2012,-2,-0.2
https://openalex.org/A5050138372,award,2012,-1,-1.0
https://openalex.org/A5050138372,award,2012,0,-1.0
https://openalex.org/A5050138372,award,2012,1,-1.0
https://openalex.org/A5050157577,award,2008,-3,-0.8518518518518519
https://openalex.org/A5050157577,award,2008,-2,-0.8
https://openalex.org/A5050157577,award,2008,-1,-0.4028571428571429
https://openalex.org/A5050157577,award,2008,0,-0.07999999999999999
https://openalex.org/A5050157577,award,2008,1,-0.48225108225108226
https://openalex.org/A5050157577,award,2008,2,-0.8436111111111111
https://openalex.org/A5050157577,award,2008,3,0.03779289493575206
https://openalex.org/A5050157577,award,2008,4,-0.7692307692307692
https://openalex.org/A5050157577,award,2008,5,-0.26292735042735044
https://openalex.org/A5050218314,control,2013,-4,-0.64
https://openalex.org/A5050218314,control,2013,-3,-0.9
https://openalex.org/A5050218314,control,2013,-2,-0.6076190476190476
https://openalex.org/A5050218314,control,2013,-1,0.75
https://openalex.org/A5050218314,control,2013,0,-0.8200000000000001
https://openalex.org/A5050218314,control,2013,1,-0.63
https://openalex.org/A5050218314,control,2013,2,-0.43076461769115443
https://openalex.org/A5050218314,control,2013,3,-0.2011278195488722
https://openalex.org/A5050218314,control,2013,4,-0.92
https://openalex.org/A5050218314,control,2013,5,-0.6846666666666666
https://openalex.org/A5050433159,award,2015,-1,-0.671957671957672
https://openalex.org/A5050433159,award,2015,0,-0.3672727272727273
https://openalex.org/A5050433159,award,2015,1,0.18571937321937323
https://openalex.org/A5050433159,award,2015,2,0.04475524475524473
https://openalex.org/A5050433159,award,2015,3,-0.08988870644043057
https://openalex.org/A5050433159,award,2015,4,0.309896065993627
https://openalex.org/A5050433159,award,2015,5,0.03666666666666666
https://openalex.org/A5050585539,control,2005,-4,-1.0
https://openalex.org/A5050585539,control,2005,-2,-0.88
https://openalex.org/A5050585539,control,2005,-1,-1.0
https://openalex.org/A5050585539,control,2005,0,-0.96
https://openalex.org/A5050585539,control,2005,1,-1.0
https://openalex.org/A5050585539,control,2005,2,-0.5900621118012422
https://openalex.org/A5050585539,control,2005,3,-0.7873303167420814
https://openalex.org/A5050585539,control,2005,4,-0.9875
https://openalex.org/A5050585539,control,2005,5,-0.8617142857142858
https://openalex.org/A5050639579,control,2012,-5,-0.3846153846153846
https://openalex.org/A5050639579,control,2012,-4,0.17500000000000002
https://openalex.org/A5050639579,control,2012,-3,-0.10463980463980464
https://openalex.org/A5050639579,control,2012,-2,-0.41304347826086957
https://openalex.org/A5050639579,control,2012,-1,-0.1844375431331953
https://openalex.org/A5050639579,control,2012,0,0.275
https://openalex.org/A5050639579,control,2012,1,-0.6125
https://openalex.org/A5050639579,control,2012,2,-0.16666666666666666
https://openalex.org/A5050639579,control,2012,3,-0.1898936170212766
https://openalex.org/A5050639579,control,2012,4,0.3133944812105731
https://openalex.org/A5050639579,control,2012,5,-0.5488888888888889
https://openalex.org/A5050656871,control,2006,-2,-0.5
https://openalex.org/A5050656871,control,2006,0,-1.0
https://openalex.org/A5050656871,control,2006,1,-0.3536170212765958
https://openalex.org/A5050656871,control,2006,2,0.18285714285714286
https://openalex.org/A5050656871,control,2006,3,-0.24068292682926828
https://openalex.org/A5050656871,control,2006,4,0.2887074829931973
https://openalex.org/A5050656871,control,2006,5,-0.1700837257980115
https://openalex.org/A5050906094,award,2014,0,-0.6558441558441558
https://openalex.org/A5050906094,award,2014,1,-1.0
https://openalex.org/A5050906094,award,2014,2,-0.6
https://openalex.org/A5050906094,award,2014,3,0.33333333333333337
https://openalex.org/A5050906094,award,2014,4,-1.0
https://openalex.org/A5050906094,award,2014,5,-0.42105263157894735
https://openalex.org/A5050964144,control,2014,-2,-0.98
https://openalex.org/A5050964144,control,2014,-1,-0.8859259259259259
https://openalex.org/A5050964144,control,2014,0,-0.8181818181818182
https://openalex.org/A5050964144,control,2014,1,-0.31360544217687075
https://openalex.org/A5050964144,control,2014,3,-0.9130434782608696
https://openalex.org/A5050964144,control,2014,4,-0.27438095238095234
https://openalex.org/A5050964144,control,2014,5,-0.7120028180354266
https://openalex.org/A5051133116,award,2010,0,-0.6955555555555556
https://openalex.org/A5051133116,award,2010,1,-0.6590909090909092
https://openalex.org/A5051133116,award,2010,2,-0.746875
https://openalex.org/A5051133116,award,2010,3,-0.19318181818181818
https://openalex.org/A5051155440,award,2010,-2,-0.125
https://openalex.org/A5051155440,award,2010,-1,-1.0
https://openalex.org/A5051155440,award,2010,0,-0.8171428571428572
https://openalex.org/A5051155440,award,2010,1,-0.41269841269841273
https://openalex.org/A5051155440,award,2010,2,0.0
https://openalex.org/A5051155440,award,2010,3,-0.45
https://openalex.org/A5051155440,award,2010,4,-1.0
https://openalex.org/A5051155440,award,2010,5,-0.2631013431013431
https://openalex.org/A5051203366,award,2015,0,-0.7222222222222222
https://openalex.org/A5051203366,award,2015,1,-0.7857142857142857
https://openalex.org/A5051203366,award,2015,2,0.05221946169772255
https://openalex.org/A5051203366,award,2015,3,0.33269841269841266
https://openalex.org/A5051203366,award,2015,4,0.26666666666666666
https://openalex.org/A5051203366,award,2015,5,-0.019999999999999962
https://openalex.org/A5051217958,award,2016,-1,-1.0
https://openalex.org/A5051217958,award,2016,0,-0.6933333333333334
https://openalex.org/A5051441682,award,2003,0,0.24
https://openalex.org/A5051803370,award,2014,-2,-1.0
https://openalex.org/A5051803370,award,2014,-1,-1.0
https://openalex.org/A5051803370,award,2014,0,-0.8
https://openalex.org/A5051803370,award,2014,1,-0.8772727272727273
https://openalex.org/A5051803370,award,2014,2,-0.0666666666666666
https://openalex.org/A5051803370,award,2014,5,-0.2857142857142857
https://openalex.org/A5051921091,award,2010,0,-0.2222222222222222
https://openalex.org/A5051921091,award,2010,1,-0.5609756097560976
https://openalex.org/A5052467896,control,2012,-5,-0.7773399014778326
https://openalex.org/A5052467896,control,2012,-4,-0.29556556556556557
https://openalex.org/A5052467896,control,2012,-3,-0.7083684821810624
https://openalex.org/A5052467896,control,2012,-2,-0.823076923076923
https://openalex.org/A5052467896,control,2012,-1,-0.6919783197831979
https://openalex.org/A5052467896,control,2012,0,-0.23321199872924014
https://openalex.org/A5052467896,control,2012,1,-0.8732943469785575
https://openalex.org/A5052467896,control,2012,2,-0.14487179487179486
https://openalex.org/A5052467896,control,2012,3,-0.2774509803921568
https://openalex.org/A5052467896,control,2012,4,-0.38150241914947797
https://openalex.org/A5052467896,control,2012,5,-0.24363636363636365
https://openalex.org/A5052639125,control,2013,-4,-0.8461538461538461
https://openalex.org/A5052639125,control,2013,-3,-0.35521885521885527
https://openalex.org/A5052639125,control,2013,-2,0.7575757575757575
https://openalex.org/A5052639125,control,2013,-1,-0.17419259535086135
https://openalex.org/A5052639125,control,2013,0,-0.98
https://openalex.org/A5052639125,control,2013,1,0.16466666666666666
https://openalex.org/A5052639125,control,2013,2,-0.225
https://openalex.org/A5052639125,control,2013,3,-0.31898178626289225
https://openalex.org/A5052639125,control,2013,4,0.0030017419435112713
https://openalex.org/A5052639125,control,2013,5,-0.967741935483871
https://openalex.org/A5052671825,award,2018,-5,-0.3333333333333333
https://openalex.org/A5052671825,award,2018,-3,-1.0
https://openalex.org/A5052671825,award,2018,-2,0.03999999999999998
https://openalex.org/A5052671825,award,2018,0,-0.5052903225806451
https://openalex.org/A5052671825,award,2018,1,-0.9066666666666666
https://openalex.org/A5052671825,award,2018,2,0.05128205128205129
https://openalex.org/A5052671825,award,2018,3,-0.6184004884004884
https://openalex.org/A5052671825,award,2018,4,0.625
https://openalex.org/A5052671825,award,2018,5,-0.4583333333333333
https://openalex.org/A5052836807,award,2008,-4,-0.6
https://openalex.org/A5052836807,award,2008,-3,-0.13333333333333333
https://openalex.org/A5052836807,award,2008,-2,-0.18140545237319428
https://openalex.org/A5052836807,award,2008,-1,-0.62
https://openalex.org/A5052836807,award,2008,0,-0.68
https://openalex.org/A5052836807,award,2008,1,0.6666666666666666
https://openalex.org/A5052836807,award,2008,2,-0.44
https://openalex.org/A5052836807,award,2008,3,-0.5483870967741935
https://openalex.org/A5052885090,control,2013,-5,-0.3793103448275862
https://openalex.org/A5052885090,control,2013,-4,-0.36071254948260295
https://openalex.org/A5052885090,control,2013,-3,-0.6450867553499133
https://openalex.org/A5052885090,control,2013,-2,-0.3153458807222248
https://openalex.org/A5052885090,control,2013,-1,-0.5741935483870968
https://openalex.org/A5052885090,control,2013,0,-0.39070329670329673
https://openalex.org/A5052885090,control,2013,1,-0.5113837209302325
https://openalex.org/A5052885090,control,2013,2,-0.6532484977023684
https://openalex.org/A5052885090,control,2013,3,-0.6635016111707842
https://openalex.org/A5052885090,control,2013,4,-0.5745238095238095
https://openalex.org/A5052885090,control,2013,5,-0.41190862290862296
https://openalex.org/A5052940596,control,2013,-5,0.0082329480835601
https://openalex.org/A5052940596,control,2013,-4,-0.4543859649122807
https://openalex.org/A5052940596,control,2013,-3,-0.33856619570905283
https://openalex.org/A5052940596,control,2013,-2,-0.4583087730619604
https://openalex.org/A5052940596,control,2013,-1,-0.8143334141406534
https://openalex.org/A5052940596,control,2013,0,0.3670902574128381
https://openalex.org/A5052940596,control,2013,1,-0.37690476190476185
https://openalex.org/A5052940596,control,2013,2,-0.84
https://openalex.org/A5052940596,control,2013,4,-0.8415384615384616
https://openalex.org/A5052940596,control,2013,5,-0.01952254641909815
https://openalex.org/A5053098822,control,2005,-4,-0.5
https://openalex.org/A5053098822,control,2005,-3,-0.17844377844377846
https://openalex.org/A5053098822,control,2005,-2,-0.1644888444888445
https://openalex.org/A5053098822,control,2005,-1,-0.40131578947368424
https://openalex.org/A5053098822,control,2005,1,0.033333333333333326
https://openalex.org/A5053098822,control,2005,2,0.0
https://openalex.org/A5053098822,control,2005,3,-0.7142857142857142
https://openalex.org/A5053098822,control,2005,4,-0.425
https://openalex.org/A5053182948,award,2014,0,-0.32
https://openalex.org/A5053182948,award,2014,1,0.0
https://openalex.org/A5053233618,award,2001,-1,1.0
https://openalex.org/A5053233618,award,2001,0,-0.72
https://openalex.org/A5053233618,award,2001,2,-0.3333333333333333
https://openalex.org/A5053342250,award,2006,-4,-0.3333333333333333
https://openalex.org/A5053342250,award,2006,-3,-0.8908730158730158
https://openalex.org/A5053342250,award,2006,-2,-0.8680701754385964
https://openalex.org/A5053342250,award,2006,-1,-1.0
https://openalex.org/A5053342250,award,2006,0,-0.7013888888888888
https://openalex.org/A5053342250,award,2006,1,-1.0
https://openalex.org/A5053342250,award,2006,2,-0.5937777777777777
https://openalex.org/A5053342250,award,2006,3,-0.42549019607843136
https://openalex.org/A5053342250,award,2006,4,-0.5028846153846154
https://openalex.org/A5053342250,award,2006,5,-0.4234093976199239
https://openalex.org/A5053355200,award,2008,-5,-1.0
https://openalex.org/A5053355200,award,2008,-4,-0.44
https://openalex.org/A5053355200,award,2008,-3,-0.6933333333333334
https://openalex.org/A5053355200,award,2008,-2,-0.6494444444444444
https://openalex.org/A5053355200,award,2008,0,-0.77
https://openalex.org/A5053355200,award,2008,1,1.0
https://openalex.org/A5053355200,award,2008,2,0.1578947368421052
https://openalex.org/A5053355200,award,2008,3,-0.7519954648526077
https://openalex.org/A5053355200,award,2008,4,-0.6947115384615384
https://openalex.org/A5053355200,award,2008,5,-0.636883604505632
https://openalex.org/A5053694765,award,2009,-5,0.0
https://openalex.org/A5053694765,award,2009,-3,-0.68
https://openalex.org/A5053694765,award,2009,0,0.06675070028011204
https://openalex.org/A5053694765,award,2009,1,-0.49
https://openalex.org/A5053694765,award,2009,2,-0.5643939393939394
https://openalex.org/A5053694765,award,2009,3,-1.0
https://openalex.org/A5053694765,award,2009,5,-0.6666666666666666
https://openalex.org/A5054069870,award,2016,-5,-0.9047619047619048
https://openalex.org/A5054069870,award,2016,-3,-0.9130434782608696
https://openalex.org/A5054069870,award,2016,-2,0.0
https://openalex.org/A5054069870,award,2016,-1,-0.9133333333333334
https://openalex.org/A5054069870,award,2016,0,-0.9743589743589745
https://openalex.org/A5054069870,award,2016,1,-0.889064039408867
https://openalex.org/A5054069870,award,2016,2,-0.32
https://openalex.org/A5054069870,award,2016,3,-1.0
https://openalex.org/A5054069870,award,2016,4,-0.6752136752136751
https://openalex.org/A5054163834,award,2009,-5,1.0
https://openalex.org/A5054163834,award,2009,-2,-0.3571428571428571
https://openalex.org/A5054163834,award,2009,0,-0.76
https://openalex.org/A5054163834,award,2009,2,-0.6216216216216216
https://openalex.org/A5054163834,award,2009,3,0.5238095238095238
https://openalex.org/A5054163834,award,2009,4,0.24
https://openalex.org/A5054212955,award,2004,0,0.1724137931034483
https://openalex.org/A5054382677,control,2005,-3,-1.0
https://openalex.org/A5054382677,control,2005,-2,-0.9310344827586207
https://openalex.org/A5054382677,control,2005,1,0.0
https://openalex.org/A5054382677,control,2005,2,0.0
https://openalex.org/A5054382677,control,2005,3,-0.7471091000502765
https://openalex.org/A5054382677,control,2005,4,-1.0
https://openalex.org/A5054382677,control,2005,5,-0.8095238095238096
https://openalex.org/A5054753279,control,2007,-5,-0.48148148148148145
https://openalex.org/A5054753279,control,2007,-4,-0.7555555555555555
https://openalex.org/A5054753279,control,2007,-3,-0.5833333333333334
https://openalex.org/A5054753279,control,2007,-2,-0.9578947368421054
https://openalex.org/A5054753279,control,2007,-1,-0.486152162014231
https://openalex.org/A5054753279,control,2007,0,0.030783773564522242
https://openalex.org/A5054753279,control,2007,1,-0.06785714285714288
https://openalex.org/A5054753279,control,2007,2,-0.1685457516339869
https://openalex.org/A5054753279,control,2007,3,-0.5844410491469315
https://openalex.org/A5054753279,control,2007,4,-0.43666666666666665
https://openalex.org/A5054753279,control,2007,5,-0.0051781400966183595
https://openalex.org/A5055201741,award,2014,0,-0.081081081081081
https://openalex.org/A5055321934,award,2017,0,-0.4
https://openalex.org/A5055445718,award,2013,-4,-1.0
https://openalex.org/A5055445718,award,2013,-3,-0.6
https://openalex.org/A5055445718,award,2013,-2,-0.41666666666666663
https://openalex.org/A5055445718,award,2013,-1,-0.24444444444444444
https://openalex.org/A5055445718,award,2013,0,-0.4431818181818182
https://openalex.org/A5055445718,award,2013,1,-0.9494736842105264
https://openalex.org/A5055445718,award,2013,2,-0.3454676849798801
https://openalex.org/A5055445718,award,2013,3,0.04166666666666667
https://openalex.org/A5055445718,award,2013,4,0.07460106523229447
https://openalex.org/A5055445718,award,2013,5,-0.2060699157473351
https://openalex.org/A5055793906,award,2011,-5,1.0
https://openalex.org/A5055793906,award,2011,-4,-1.0
https://openalex.org/A5055793906,award,2011,-3,0.4366666666666667
https://openalex.org/A5055793906,award,2011,-2,-0.8235294117647058
https://openalex.org/A5055793906,award,2011,0,-0.4
https://openalex.org/A5055793906,award,2011,1,-0.21663356251591548
https://openalex.org/A5055793906,award,2011,3,-0.5324675324675324
https://openalex.org/A5055811185,award,2004,2,-0.48796536796536794
https://openalex.org/A5055811185,award,2004,3,-0.6462280701754386
https://openalex.org/A5055811185,award,2004,4,-0.2571428571428571
https://openalex.org/A5055811185,award,2004,5,-1.0
https://openalex.org/A5055823052,control,2013,-5,-0.5897435897435898
https://openalex.org/A5055823052,control,2013,-4,-0.8194444444444444
https://openalex.org/A5055823052,control,2013,-3,-0.8194444444444445
https://openalex.org/A5055823052,control,2013,-2,-0.48148148148148145
https://openalex.org/A5055823052,control,2013,-1,-0.37354497354497357
https://openalex.org/A5055823052,control,2013,0,-0.49951923076923077
https://openalex.org/A5055823052,control,2013,1,-0.41448135198135194
https://openalex.org/A5055823052,control,2013,2,-0.5277777777777778
https://openalex.org/A5055823052,control,2013,3,-0.1088709677419355
https://openalex.org/A5055823052,control,2013,4,-0.4776998050682261
https://openalex.org/A5055823052,control,2013,5,-0.6110122484121998
https://openalex.org/A5055844978,award,2016,-2,0.7142857142857143
https://openalex.org/A5055844978,award,2016,-1,0.5555555555555556
https://openalex.org/A5055844978,award,2016,0,-0.24666666666666667
https://openalex.org/A5055844978,award,2016,1,0.12333333333333334
https://openalex.org/A5055844978,award,2016,2,-0.75
https://openalex.org/A5055844978,award,2016,3,0.7466666666666667
https://openalex.org/A5055844978,award,2016,4,-0.11607579248708279
https://openalex.org/A5055844978,award,2016,5,0.12596825396825398
https://openalex.org/A5055964348,award,2016,-4,0.3684210526315789
https://openalex.org/A5055964348,award,2016,-3,-1.0
https://openalex.org/A5055964348,award,2016,-2,0.0
https://openalex.org/A5055964348,award,2016,-1,-0.4696969696969697
https://openalex.org/A5055964348,award,2016,0,-0.7885106946309359
https://openalex.org/A5055964348,award,2016,1,-0.3958767840346788
https://openalex.org/A5055964348,award,2016,2,0.33333333333333337
https://openalex.org/A5055964348,award,2016,3,-0.88
https://openalex.org/A5055964348,award,2016,4,-0.46376306620209057
https://openalex.org/A5055964348,award,2016,5,-0.44
https://openalex.org/A5056288677,award,2004,-3,0.0
https://openalex.org/A5056288677,award,2004,-1,-0.5652173913043478
https://openalex.org/A5056288677,award,2004,0,1.0
https://openalex.org/A5056288677,award,2004,2,-0.8666666666666667
https://openalex.org/A5056288677,award,2004,4,-0.6311111111111111
https://openalex.org/A5056288677,award,2004,5,-0.56
https://openalex.org/A5056334354,award,2018,-4,0.0
https://openalex.org/A5056334354,award,2018,-2,-0.0909090909090909
https://openalex.org/A5056334354,award,2018,0,-0.7020588235294117
https://openalex.org/A5056334354,award,2018,1,-0.16408045977011493
https://openalex.org/A5056334354,award,2018,2,-0.3333333333333333
https://openalex.org/A5056334354,award,2018,4,-0.5
https://openalex.org/A5056378414,award,2013,-4,-0.4193548387096774
https://openalex.org/A5056378414,award,2013,-3,-0.7943223443223444
https://openalex.org/A5056378414,award,2013,-2,-0.49521531100478466
https://openalex.org/A5056378414,award,2013,-1,-0.1964285714285714
https://openalex.org/A5056378414,award,2013,0,-0.4423529411764706
https://openalex.org/A5056378414,award,2013,1,-0.65
https://openalex.org/A5056378414,award,2013,2,-0.41208634489449436
https://openalex.org/A5056378414,award,2013,3,-0.6356128664774355
https://openalex.org/A5056378414,award,2013,4,-0.609912724567897
https://openalex.org/A5056378414,award,2013,5,-0.4511863554505695
https://openalex.org/A5056394286,award,2016,0,-0.24
https://openalex.org/A5056394286,award,2016,3,1.0
https://openalex.org/A5056526226,award,2015,-5,-0.9015584415584416
https://openalex.org/A5056526226,award,2015,-4,-0.4763636363636364
https://openalex.org/A5056526226,award,2015,-3,-0.714487212134271
https://openalex.org/A5056526226,award,2015,-2,-0.4361657884026305
https://openalex.org/A5056526226,award,2015,-1,-0.5692013961121513
https://openalex.org/A5056526226,award,2015,0,-0.5952314323542738
https://openalex.org/A5056526226,award,2015,1,-0.44045791245791244
https://openalex.org/A5056526226,award,2015,2,-0.4747854327459234
https://openalex.org/A5056526226,award,2015,3,-0.4461398918541776
https://openalex.org/A5056526226,award,2015,4,-0.41322812051649926
https://openalex.org/A5056526226,award,2015,5,-0.4346692239648896
https://openalex.org/A5056738154,award,2017,-5,-0.2566666666666667
https://openalex.org/A5056738154,award,2017,-4,0.3225396825396825
https://openalex.org/A5056738154,award,2017,-3,-0.23139784946236563
https://openalex.org/A5056738154,award,2017,-2,-0.1111111111111111
https://openalex.org/A5056738154,award,2017,-1,-0.3333333333333333
https://openalex.org/A5056738154,award,2017,0,-0.4074074074074074
https://openalex.org/A5056738154,award,2017,1,0.5
https://openalex.org/A5056738154,award,2017,2,-0.24300699300699302
https://openalex.org/A5056738154,award,2017,5,0.5
https://openalex.org/A5056747950,award,2018,-4,-1.0
https://openalex.org/A5056747950,award,2018,-3,-0.5
https://openalex.org/A5056747950,award,2018,-2,0.15789473684210525
https://openalex.org/A5056747950,award,2018,-1,-0.75
https://openalex.org/A5056747950,award,2018,0,-0.095
https://openalex.org/A5056747950,award,2018,1,0.23809523809523805
https://openalex.org/A5056747950,award,2018,2,-0.12222222222222223
https://openalex.org/A5056747950,award,2018,3,-0.45
https://openalex.org/A5056747950,award,2018,4,1.0
https://openalex.org/A5056747950,award,2018,5,1.0
https://openalex.org/A5056964458,award,2011,0,0.2
https://openalex.org/A5056964458,award,2011,1,0.08000000000000002
https://openalex.org/A5056964458,award,2011,2,-0.15999999999999998
https://openalex.org/A5056988727,award,2013,-1,1.0
https://openalex.org/A5056988727,award,2013,0,0.09999999999999998
https://openalex.org/A5056988727,award,2013,1,-0.6177777777777778
https://openalex.org/A5056988727,award,2013,2,0.25125
https://openalex.org/A5056988727,award,2013,3,-0.14420408163265305
https://openalex.org/A5056988727,award,2013,4,0.16
https://openalex.org/A5056988727,award,2013,5,-0.2
https://openalex.org/A5057072967,award,2016,-5,-1.0
https://openalex.org/A5057072967,award,2016,-3,-1.0
https://openalex.org/A5057072967,award,2016,-2,-0.42000000000000004
https://openalex.org/A5057072967,award,2016,-1,-0.5882352941176471
https://openalex.org/A5057072967,award,2016,0,-0.44
https://openalex.org/A5057072967,award,2016,3,-0.6
https://openalex.org/A5057086547,award,2007,-5,-1.0
https://openalex.org/A5057086547,award,2007,-3,-0.22377708978328173
https://openalex.org/A5057086547,award,2007,-2,0.2
https://openalex.org/A5057086547,award,2007,-1,-0.9649122807017544
https://openalex.org/A5057086547,award,2007,0,-0.8888888888888888
https://openalex.org/A5057086547,award,2007,1,-0.7515151515151515
https://openalex.org/A5057086547,award,2007,2,-1.0
https://openalex.org/A5057086547,award,2007,3,-0.5
https://openalex.org/A5057086547,award,2007,5,-0.8461538461538461
https://openalex.org/A5057210065,award,2007,-1,-0.858421052631579
https://openalex.org/A5057210065,award,2007,0,-0.08399999999999999
https://openalex.org/A5057210065,award,2007,2,1.0
https://openalex.org/A5057210065,award,2007,3,-0.7807017543859649
https://openalex.org/A5057575769,award,2015,0,-0.72
https://openalex.org/A5057866698,control,2007,-1,-0.6000000000000001
https://openalex.org/A5057866698,control,2007,0,-0.4824285714285715
https://openalex.org/A5057866698,control,2007,1,-0.5
https://openalex.org/A5057866698,control,2007,2,-0.68
https://openalex.org/A5057866698,control,2007,3,-0.7433333333333333
https://openalex.org/A5057866698,control,2007,4,-0.6
https://openalex.org/A5057866698,control,2007,5,-0.76
https://openalex.org/A5057889288,award,2000,-2,1.0
https://openalex.org/A5057889288,award,2000,-1,1.0
https://openalex.org/A5057889288,award,2000,0,-0.245
https://openalex.org/A5057889288,award,2000,3,0.75
https://openalex.org/A5058485609,control,2000,1,-0.44
https://openalex.org/A5058485609,control,2000,2,0.16666666666666669
https://openalex.org/A5058485609,control,2000,3,0.16666666666666669
https://openalex.org/A5058485609,control,2000,4,-0.2781818181818182
https://openalex.org/A5058485609,control,2000,5,-0.07478260869565216
https://openalex.org/A5058504215,award,2015,-5,0.19999999999999998
https://openalex.org/A5058504215,award,2015,-4,-0.5
https://openalex.org/A5058504215,award,2015,-3,-0.11174603174603175
https://openalex.org/A5058504215,award,2015,-2,-0.5882352941176471
https://openalex.org/A5058504215,award,2015,-1,0.17754838709677417
https://openalex.org/A5058504215,award,2015,0,-0.06
https://openalex.org/A5058510425,award,2018,0,-0.6599999999999999
https://openalex.org/A5058510425,award,2018,1,-1.0
https://openalex.org/A5058510425,award,2018,2,0.5
https://openalex.org/A5058555162,award,2010,-3,-1.0
https://openalex.org/A5058555162,award,2010,-1,-1.0
https://openalex.org/A5058555162,award,2010,0,-0.775
https://openalex.org/A5058555162,award,2010,1,-1.0
https://openalex.org/A5058555162,award,2010,2,-0.4581818181818182
https://openalex.org/A5058555162,award,2010,3,-1.0
https://openalex.org/A5058555162,award,2010,4,-0.63
https://openalex.org/A5058555162,award,2010,5,-0.4375
https://openalex.org/A5058661031,award,2008,-2,-0.9090909090909092
https://openalex.org/A5058661031,award,2008,-1,0.0909090909090909
https://openalex.org/A5058661031,award,2008,0,-0.17333333333333334
https://openalex.org/A5058661031,award,2008,1,-0.84
https://openalex.org/A5058733178,award,2006,0,-0.5788888888888889
https://openalex.org/A5058733178,award,2006,1,-0.6470588235294118
https://openalex.org/A5059100610,control,2004,3,1.0
https://openalex.org/A5059100610,control,2004,5,0.01027667984189724
https://openalex.org/A5059491225,award,2001,-5,-0.07894736842105265
https://openalex.org/A5059491225,award,2001,-4,-0.4166666666666667
https://openalex.org/A5059491225,award,2001,-2,-0.7871283783783783
https://openalex.org/A5059491225,award,2001,-1,-0.6
https://openalex.org/A5059491225,award,2001,0,-0.8133333333333334
https://openalex.org/A5059491225,award,2001,1,-0.422
https://openalex.org/A5059491225,award,2001,2,-0.47140889348707254
https://openalex.org/A5059491225,award,2001,3,-0.08637037037037036
https://openalex.org/A5059491225,award,2001,4,-0.7999999999999999
https://openalex.org/A5059491225,award,2001,5,-0.7333333333333334
https://openalex.org/A5059880425,award,2016,-4,-0.4444444444444444
https://openalex.org/A5059880425,award,2016,-3,1.0
https://openalex.org/A5059880425,award,2016,-2,-0.14285714285714288
https://openalex.org/A5059880425,award,2016,-1,0.0222222222222222
https://openalex.org/A5059880425,award,2016,0,-0.1106575963718821
https://openalex.org/A5059880425,award,2016,1,-0.362962962962963
https://openalex.org/A5059880425,award,2016,2,-0.44319953694427744
https://openalex.org/A5059880425,award,2016,3,-0.24367816091954023
https://openalex.org/A5059880425,award,2016,4,-0.25
https://openalex.org/A5060350556,control,2006,-5,0.22300925925925927
https://openalex.org/A5060350556,control,2006,-4,0.09849279484042293
https://openalex.org/A5060350556,control,2006,-3,0.27096733505221565
https://openalex.org/A5060350556,control,2006,-2,0.003201798201798199
https://openalex.org/A5060350556,control,2006,-1,-0.305821279843019
https://openalex.org/A5060350556,control,2006,0,-0.2387099040243056
https://openalex.org/A5060350556,control,2006,1,-0.2848579065885744
https://openalex.org/A5060350556,control,2006,2,-0.2726193528693529
https://openalex.org/A5060350556,control,2006,3,-0.32476614488242395
https://openalex.org/A5060350556,control,2006,4,-0.04082258321388755
https://openalex.org/A5060350556,control,2006,5,-0.32625541125541124
https://openalex.org/A5060437791,control,2013,3,1.0
https://openalex.org/A5060437791,control,2013,4,1.0
https://openalex.org/A5060437791,control,2013,5,-0.4
https://openalex.org/A5060695800,control,2012,-5,-0.36
https://openalex.org/A5060695800,control,2012,-4,-0.0303030303030303
https://openalex.org/A5060695800,control,2012,-3,-0.40395031055900626
https://openalex.org/A5060695800,control,2012,-2,-0.3
https://openalex.org/A5060695800,control,2012,-1,0.024417966353450216
https://openalex.org/A5060695800,control,2012,0,-0.38245471014492755
https://openalex.org/A5060695800,control,2012,1,0.6
https://openalex.org/A5060695800,control,2012,2,0.2972727272727273
https://openalex.org/A5060695800,control,2012,3,-0.3367387418555037
https://openalex.org/A5060695800,control,2012,4,-0.3892307692307692
https://openalex.org/A5060695800,control,2012,5,-0.47192973692973694
https://openalex.org/A5060703788,award,2018,-1,-0.96
https://openalex.org/A5060703788,award,2018,0,-0.56
https://openalex.org/A5060703788,award,2018,1,-0.3191489361702128
https://openalex.org/A5060703788,award,2018,2,-0.7837837837837838
https://openalex.org/A5060703788,award,2018,3,1.0
https://openalex.org/A5060703788,award,2018,4,-0.34
https://openalex.org/A5060703788,award,2018,5,-0.3589743589743589
https://openalex.org/A5060738906,award,2012,0,0.2340425531914893
https://openalex.org/A5060738906,award,2012,1,-0.2
https://openalex.org/A5060738906,award,2012,2,0.12121212121212122
https://openalex.org/A5060738906,award,2012,3,-0.8
https://openalex.org/A5060738906,award,2012,4,0.11621621621621622
https://openalex.org/A5060738906,award,2012,5,-0.2527173913043478
https://openalex.org/A5060832606,award,2008,-5,0.18
https://openalex.org/A5060832606,award,2008,-4,-0.3511111111111111
https://openalex.org/A5060832606,award,2008,-3,-0.52
https://openalex.org/A5060832606,award,2008,-2,-0.74
https://openalex.org/A5060832606,award,2008,-1,-0.14
https://openalex.org/A5060832606,award,2008,0,-0.35
https://openalex.org/A5060832606,award,2008,1,-0.2556818181818182
https://openalex.org/A5060832606,award,2008,2,-0.8
https://openalex.org/A5060832606,award,2008,3,-0.4606259968102073
https://openalex.org/A5060832606,award,2008,4,-0.75
https://openalex.org/A5060832606,award,2008,5,-0.6340740740740741
https://openalex.org/A5061038699,award,2000,0,-0.4254545454545455
https://openalex.org/A5061038699,award,2000,4,0.08333333333333331
https://openalex.org/A5061038699,award,2000,5,0.2444444444444444
https://openalex.org/A5061077761,award,2005,0,-0.771304347826087
https://openalex.org/A5061077761,award,2005,1,-0.56
https://openalex.org/A5061077761,award,2005,2,-0.7522222222222222
https://openalex.org/A5061077761,award,2005,3,-0.8638095238095238
https://openalex.org/A5061077761,award,2005,4,-0.89
https://openalex.org/A5061077761,award,2005,5,0.09999999999999998
https://openalex.org/A5061114394,award,2016,-5,0.0
https://openalex.org/A5061114394,award,2016,-4,-1.0
https://openalex.org/A5061114394,award,2016,-3,-1.0
https://openalex.org/A5061114394,award,2016,-2,-0.8676190476190476
https://openalex.org/A5061114394,award,2016,-1,-0.9696969696969697
https://openalex.org/A5061114394,award,2016,0,-0.6532258064516129
https://openalex.org/A5061114394,award,2016,1,-0.952
https://openalex.org/A5061114394,award,2016,2,-0.7432275784881397
https://openalex.org/A5061114394,award,2016,3,-0.625
https://openalex.org/A5061114394,award,2016,4,-0.09401709401709403
https://openalex.org/A5061114394,award,2016,5,-0.375
https://openalex.org/A5061115418,award,2018,-4,-0.2403628117913832
https://openalex.org/A5061115418,award,2018,-3,-0.6111111111111112
https://openalex.org/A5061115418,award,2018,-2,-0.10694949494949495
https://openalex.org/A5061115418,award,2018,-1,-0.3558441558441558
https://openalex.org/A5061115418,award,2018,0,-0.27536508907408824
https://openalex.org/A5061115418,award,2018,1,-0.3954545454545454
https://openalex.org/A5061115418,award,2018,2,0.09083333333333332
https://openalex.org/A5061115418,award,2018,3,-0.2874396135265701
https://openalex.org/A5061115418,award,2018,4,-0.6444444444444444
https://openalex.org/A5061115418,award,2018,5,-0.4281639928698752
https://openalex.org/A5061394912,award,2007,0,-0.71
https://openalex.org/A5061394912,award,2007,2,1.0
https://openalex.org/A5061394912,award,2007,3,-0.6666666666666666
https://openalex.org/A5061394912,award,2007,4,-0.56
https://openalex.org/A5061555046,award,2011,0,-1.0
https://openalex.org/A5061584053,award,2015,-1,-1.0
https://openalex.org/A5061584053,award,2015,0,-0.75
https://openalex.org/A5061584053,award,2015,1,-0.7142857142857143
https://openalex.org/A5061584053,award,2015,2,-0.6904761904761905
https://openalex.org/A5061584053,award,2015,4,-0.5
https://openalex.org/A5061727878,award,2004,0,-0.09230769230769229
https://openalex.org/A5061951606,award,2017,-4,-0.6666666666666666
https://openalex.org/A5061951606,award,2017,-3,-0.21871794871794872
https://openalex.org/A5061951606,award,2017,-2,-0.6163398692810458
https://openalex.org/A5061951606,award,2017,-1,-0.4581660763478945
https://openalex.org/A5061951606,award,2017,0,-0.154298805769394
https://openalex.org/A5061951606,award,2017,1,-0.43517024393973114
https://openalex.org/A5061951606,award,2017,2,-0.3983574009932244
https://openalex.org/A5061951606,award,2017,3,-0.5966657818831732
https://openalex.org/A5061951606,award,2017,4,-0.5348348181096719
https://openalex.org/A5061951606,award,2017,5,0.17196674205490337
https://openalex.org/A5062174672,control,2016,-5,-0.2746520146520146
https://openalex.org/A5062174672,control,2016,-4,-0.288777189888301
https://openalex.org/A5062174672,control,2016,-3,-0.1661111111111111
https://openalex.org/A5062174672,control,2016,-2,-0.6240688782761954
https://openalex.org/A5062174672,control,2016,-1,-0.5267305236270753
https://openalex.org/A5062174672,control,2016,0,-0.2508615216201423
https://openalex.org/A5062174672,control,2016,1,-0.23030471648118708
https://openalex.org/A5062174672,control,2016,2,-0.20080923780923782
https://openalex.org/A5062174672,control,2016,3,0.2696078431372549
https://openalex.org/A5062174672,control,2016,4,-0.09760069781510713
https://openalex.org/A5062174672,control,2016,5,-0.1003352744424173
https://openalex.org/A5062258537,award,2017,-3,-0.64
https://openalex.org/A5062258537,award,2017,-2,-0.6
https://openalex.org/A5062258537,award,2017,-1,0.41496598639455784
https://openalex.org/A5062258537,award,2017,0,0.15999999999999998
https://openalex.org/A5062258537,award,2017,1,0.8666666666666667
https://openalex.org/A5062258537,award,2017,2,0.0
https://openalex.org/A5062258537,award,2017,3,-0.22166946778711485
https://openalex.org/A5062258537,award,2017,4,-0.3082086167800453
https://openalex.org/A5062258537,award,2017,5,-0.42063492063492064
https://openalex.org/A5062650159,award,2016,-2,0.6363636363636364
https://openalex.org/A5062650159,award,2016,-1,-0.04166666666666667
https://openalex.org/A5062650159,award,2016,0,-0.6153846153846154
https://openalex.org/A5062650159,award,2016,1,0.0
https://openalex.org/A5062650159,award,2016,2,-0.13055555555555556
https://openalex.org/A5062650159,award,2016,3,-0.135
https://openalex.org/A5062650159,award,2016,4,0.0
https://openalex.org/A5062650159,award,2016,5,0.625
https://openalex.org/A5062838041,award,2011,-1,-0.6955555555555556
https://openalex.org/A5062838041,award,2011,0,-0.5690909090909091
https://openalex.org/A5062838041,award,2011,5,-0.9090909090909092
https://openalex.org/A5063059225,award,2011,-3,-1.0
https://openalex.org/A5063059225,award,2011,-2,-0.88
https://openalex.org/A5063059225,award,2011,-1,-0.4857142857142857
https://openalex.org/A5063059225,award,2011,0,-0.818249791144528
https://openalex.org/A5063059225,award,2011,1,-0.7357407407407407
https://openalex.org/A5063059225,award,2011,2,-0.018640091718846463
https://openalex.org/A5063059225,award,2011,3,-0.5263973063973064
https://openalex.org/A5063059225,award,2011,4,-0.672077922077922
https://openalex.org/A5063059225,award,2011,5,-0.7348610529255691
https://openalex.org/A5063317383,award,2014,-1,-0.4259259259259259
https://openalex.org/A5063317383,award,2014,0,-0.26666666666666666
https://openalex.org/A5063317383,award,2014,1,-0.2083333333333333
https://openalex.org/A5063317383,award,2014,2,-0.8
https://openalex.org/A5063317383,award,2014,3,1.0
https://openalex.org/A5063317383,award,2014,5,-0.68
https://openalex.org/A5063441997,award,2012,-1,0.08
https://openalex.org/A5063441997,award,2012,0,-0.5342222222222223
https://openalex.org/A5063441997,award,2012,1,0.1875
https://openalex.org/A5063441997,award,2012,2,-0.5266666666666667
https://openalex.org/A5063441997,award,2012,3,-0.5208333333333333
https://openalex.org/A5063441997,award,2012,4,-0.4285714285714285
https://openalex.org/A5063520549,award,2018,-3,-1.0
https://openalex.org/A5063520549,award,2018,0,-0.7333333333333333
https://openalex.org/A5063520549,award,2018,1,0.0
https://openalex.org/A5063520549,award,2018,2,-1.0
https://openalex.org/A5063520549,award,2018,3,0.35000000000000003
https://openalex.org/A5063520549,award,2018,4,-0.07441077441077444
https://openalex.org/A5063520549,award,2018,5,0.0
https://openalex.org/A5063521318,award,2013,-2,-0.0256410256410256
https://openalex.org/A5063521318,award,2013,-1,1.0
https://openalex.org/A5063521318,award,2013,0,0.68
https://openalex.org/A5063521318,award,2013,1,-0.5294117647058824
https://openalex.org/A5063696466,control,2005,1,-1.0
https://openalex.org/A5063696466,control,2005,2,-1.0
https://openalex.org/A5063696466,control,2005,3,-0.5555555555555556
https://openalex.org/A5063696466,control,2005,4,-0.8666666666666667
https://openalex.org/A5063696466,control,2005,5,-1.0
https://openalex.org/A5063997221,award,2014,-5,0.022058823529411742
https://openalex.org/A5063997221,award,2014,-4,0.12962962962962962
https://openalex.org/A5063997221,award,2014,-2,0.16666666666666666
https://openalex.org/A5063997221,award,2014,0,-0.010000000000000009
https://openalex.org/A5063997221,award,2014,1,-0.6521739130434783
https://openalex.org/A5064190255,control,2011,-4,-1.0
https://openalex.org/A5064190255,control,2011,-3,0.8
https://openalex.org/A5064190255,control,2011,-2,-0.5490196078431373
https://openalex.org/A5064190255,control,2011,-1,0.2222222222222222
https://openalex.org/A5064190255,control,2011,0,-0.18095238095238095
https://openalex.org/A5064190255,control,2011,1,0.08493589743589745
https://openalex.org/A5064190255,control,2011,2,-0.42857142857142855
https://openalex.org/A5064190255,control,2011,3,0.05940524122342305
https://openalex.org/A5064190255,control,2011,4,-0.23268025078369906
https://openalex.org/A5064190255,control,2011,5,-0.0651469098277609
https://openalex.org/A5064241063,award,2005,-3,-0.8697478991596639
https://openalex.org/A5064241063,award,2005,-2,-0.37183006535947716
https://openalex.org/A5064241063,award,2005,-1,-0.0942857142857143
https://openalex.org/A5064241063,award,2005,0,-0.5009456264775414
https://openalex.org/A5064241063,award,2005,2,-0.8288888888888889
https://openalex.org/A5064241063,award,2005,3,1.0
https://openalex.org/A5064274071,award,2003,-3,-0.2
https://openalex.org/A5064274071,award,2003,-2,-0.4
https://openalex.org/A5064274071,award,2003,-1,0.18142857142857144
https://openalex.org/A5064274071,award,2003,0,0.2277777777777778
https://openalex.org/A5064274071,award,2003,1,-0.7029239766081872
https://openalex.org/A5064274071,award,2003,2,-0.5297827138985676
https://openalex.org/A5064274071,award,2003,3,-0.08952380952380952
https://openalex.org/A5064274071,award,2003,4,-0.33333333333333337
https://openalex.org/A5064274071,award,2003,5,-0.750515683147262
https://openalex.org/A5064335088,award,2015,0,-0.25
https://openalex.org/A5064335088,award,2015,1,-0.2631578947368421
https://openalex.org/A5064335088,award,2015,2,-0.5172413793103449
https://openalex.org/A5064335088,award,2015,4,-0.48
https://openalex.org/A5064398083,award,2015,0,-0.488
https://openalex.org/A5064398083,award,2015,1,-0.5918803418803419
https://openalex.org/A5064398083,award,2015,2,1.0
https://openalex.org/A5064398083,award,2015,3,-0.515798319327731
https://openalex.org/A5064398083,award,2015,4,-0.8620689655172413
https://openalex.org/A5064398083,award,2015,5,0.08
https://openalex.org/A5064520344,award,2018,-3,1.0
https://openalex.org/A5064520344,award,2018,-1,-0.561284447260057
https://openalex.org/A5064520344,award,2018,0,-0.4461904761904762
https://openalex.org/A5064520344,award,2018,1,-0.8461538461538461
https://openalex.org/A5064520344,award,2018,3,-0.1428571428571428
https://openalex.org/A5064541855,control,2008,3,-0.68
https://openalex.org/A5064541855,control,2008,4,-0.6190476190476191
https://openalex.org/A5064541855,control,2008,5,-0.5484057971014492
https://openalex.org/A5064547400,award,2015,-2,0.1111111111111111
https://openalex.org/A5064547400,award,2015,-1,-0.3333333333333333
https://openalex.org/A5064547400,award,2015,0,-0.3275
https://openalex.org/A5064547400,award,2015,1,-0.4541176470588235
https://openalex.org/A5064547400,award,2015,2,-0.75
https://openalex.org/A5064547400,award,2015,3,0.15666666666666665
https://openalex.org/A5064547400,award,2015,4,-0.5599999999999999
https://openalex.org/A5064547400,award,2015,5,-0.4285714285714285
https://openalex.org/A5064699160,award,2015,-3,-1.0
https://openalex.org/A5064699160,award,2015,-2,0.0
https://openalex.org/A5064699160,award,2015,-1,-0.23
https://openalex.org/A5064699160,award,2015,0,-0.7418289563969809
https://openalex.org/A5064699160,award,2015,1,-0.501904761904762
https://openalex.org/A5064699160,award,2015,2,-0.6710526315789473
https://openalex.org/A5064699160,award,2015,3,-0.36831908831908833
https://openalex.org/A5064699160,award,2015,4,0.0035416666666666582
https://openalex.org/A5064699160,award,2015,5,-0.02013888888888889
https://openalex.org/A5064825146,award,2013,-4,-1.0
https://openalex.org/A5064825146,award,2013,-3,-0.45454545454545453
https://openalex.org/A5064825146,award,2013,-1,-0.7777777777777778
https://openalex.org/A5064825146,award,2013,0,-0.86
https://openalex.org/A5064825146,award,2013,2,0.19999999999999998
https://openalex.org/A5064825146,award,2013,3,0.2333333333333333
https://openalex.org/A5064825146,award,2013,4,1.0
https://openalex.org/A5064825146,award,2013,5,1.0
https://openalex.org/A5064883489,award,2003,0,0.1929824561403509
https://openalex.org/A5064883489,award,2003,3,-0.9090909090909092
https://openalex.org/A5064883489,award,2003,5,-1.0
https://openalex.org/A5064927835,award,2017,0,-0.76
https://openalex.org/A5064927835,award,2017,2,0.6666666666666666
https://openalex.org/A5065073074,award,2015,0,-0.41666666666666663
https://openalex.org/A5065073074,award,2015,1,-0.5
https://openalex.org/A5065240151,award,2011,-1,0.3333333333333333
https://openalex.org/A5065240151,award,2011,0,-0.3605072463768116
https://openalex.org/A5065240151,award,2011,1,0.0
https://openalex.org/A5065240151,award,2011,2,-1.0
https://openalex.org/A5065240151,award,2011,3,-0.36
https://openalex.org/A5065305058,control,2013,-5,1.0
https://openalex.org/A5065305058,control,2013,-4,0.0
https://openalex.org/A5065305058,control,2013,-3,0.2222222222222222
https://openalex.org/A5065305058,control,2013,0,1.0
https://openalex.org/A5065305058,control,2013,4,-0.6
https://openalex.org/A5065305058,control,2013,5,-0.3723076923076923
https://openalex.org/A5065310265,control,2016,-5,-0.21555555555555556
https://openalex.org/A5065310265,control,2016,-4,-0.5650793650793651
https://openalex.org/A5065310265,control,2016,-3,-0.011623931623931641
https://openalex.org/A5065310265,control,2016,-1,-0.764367816091954
https://openalex.org/A5065310265,control,2016,0,-0.874022274022274
https://openalex.org/A5065310265,control,2016,1,-0.12740384615384615
https://openalex.org/A5065310265,control,2016,2,-0.4549907235621521
https://openalex.org/A5065310265,control,2016,3,-0.5747653958944281
https://openalex.org/A5065310265,control,2016,4,0.33333333333333337
https://openalex.org/A5065310265,control,2016,5,-0.9215686274509803
https://openalex.org/A5065368881,control,2016,-5,-0.4710531050879231
https://openalex.org/A5065368881,control,2016,-4,-0.10722879684418146
https://openalex.org/A5065368881,control,2016,-3,-0.48674277528789134
https://openalex.org/A5065368881,control,2016,-2,-0.5409307377950036
https://openalex.org/A5065368881,control,2016,-1,-0.2794025359982807
https://openalex.org/A5065368881,control,2016,0,-0.3295892014259361
https://openalex.org/A5065368881,control,2016,1,-0.41913221946504065
https://openalex.org/A5065368881,control,2016,2,-0.35347271390591833
https://openalex.org/A5065368881,control,2016,3,-0.6590637030308037
https://openalex.org/A5065368881,control,2016,4,-0.5447821720719412
https://openalex.org/A5065368881,control,2016,5,-0.16509638509638508
https://openalex.org/A5065675832,award,2016,-1,-0.56
https://openalex.org/A5065675832,award,2016,0,-0.416017316017316
https://openalex.org/A5065675832,award,2016,1,-0.35580042655360017
https://openalex.org/A5065675832,award,2016,2,-0.2780307274424922
https://openalex.org/A5065675832,award,2016,3,-0.11950617283950618
https://openalex.org/A5065675832,award,2016,4,-0.15397357028935976
https://openalex.org/A5065675832,award,2016,5,-0.019853696364144982
https://openalex.org/A5065703902,award,2015,-1,-0.1818181818181818
https://openalex.org/A5065703902,award,2015,0,-0.5577777777777778
https://openalex.org/A5065703902,award,2015,1,-0.5833333333333333
https://openalex.org/A5065703902,award,2015,3,-0.6
https://openalex.org/A5065703902,award,2015,4,0.0
https://openalex.org/A5065703902,award,2015,5,0.8
https://openalex.org/A5065988924,control,2012,1,1.0
https://openalex.org/A5065988924,control,2012,2,0.2857142857142857
https://openalex.org/A5065988924,control,2012,3,-0.46
https://openalex.org/A5065988924,control,2012,4,0.0
https://openalex.org/A5065988924,control,2012,5,0.33333333333333337
https://openalex.org/A5066531106,award,2010,-4,-0.6666666666666666
https://openalex.org/A5066531106,award,2010,-2,-0.19308661926308987
https://openalex.org/A5066531106,award,2010,-1,0.3678947368421053
https://openalex.org/A5066531106,award,2010,0,-0.5204296244296244
https://openalex.org/A5066531106,award,2010,1,-0.48672375933245493
https://openalex.org/A5066531106,award,2010,2,-0.5686666666666667
https://openalex.org/A5066531106,award,2010,3,-0.45696145124716553
https://openalex.org/A5066531106,award,2010,4,-0.4666666666666667
https://openalex.org/A5066531106,award,2010,5,-0.3514285714285714
https://openalex.org/A5066623526,award,2007,-4,-1.0
https://openalex.org/A5066623526,award,2007,-3,-1.0
https://openalex.org/A5066623526,award,2007,-2,-0.32916666666666666
https://openalex.org/A5066623526,award,2007,0,-0.5733333333333334
https://openalex.org/A5066623526,award,2007,1,-0.8333333333333333
https://openalex.org/A5066623526,award,2007,2,-0.3485714285714286
https://openalex.org/A5066623526,award,2007,5,-0.8571428571428572
https://openalex.org/A5067066896,award,2012,-1,-0.4285714285714285
https://openalex.org/A5067066896,award,2012,0,-0.84
https://openalex.org/A5067066896,award,2012,1,-0.8
https://openalex.org/A5067066896,award,2012,2,-1.0
https://openalex.org/A5067066896,award,2012,3,-0.7601626016260162
https://openalex.org/A5067066896,award,2012,4,0.09999999999999998
https://openalex.org/A5067066896,award,2012,5,-0.8
https://openalex.org/A5067384837,award,2010,-4,-1.0
https://openalex.org/A5067384837,award,2010,-2,-0.3684210526315789
https://openalex.org/A5067384837,award,2010,0,0.04242424242424244
https://openalex.org/A5067384837,award,2010,1,-0.3333333333333333
https://openalex.org/A5067384837,award,2010,2,-0.76
https://openalex.org/A5067442653,award,2006,-3,-0.4
https://openalex.org/A5067442653,award,2006,-1,-0.1707317073170731
https://openalex.org/A5067442653,award,2006,0,-0.515904761904762
https://openalex.org/A5067442653,award,2006,1,-0.35294117647058826
https://openalex.org/A5067442653,award,2006,5,-0.36
https://openalex.org/A5067917669,award,2004,-4,-1.0
https://openalex.org/A5067917669,award,2004,-3,-0.8766666666666667
https://openalex.org/A5067917669,award,2004,-2,0.19999999999999998
https://openalex.org/A5067917669,award,2004,-1,-0.4584615384615384
https://openalex.org/A5067917669,award,2004,0,-0.7521428571428571
https://openalex.org/A5067917669,award,2004,1,-0.8658537187418213
https://openalex.org/A5067917669,award,2004,2,-0.8571428571428571
https://openalex.org/A5067917669,award,2004,3,-0.46692810457516337
https://openalex.org/A5067917669,award,2004,4,-0.7925775401069519
https://openalex.org/A5067917669,award,2004,5,-0.8978526398739165
https://openalex.org/A5068014041,award,2005,0,-0.45555555555555555
https://openalex.org/A5068014041,award,2005,1,-0.6178446115288221
https://openalex.org/A5068014041,award,2005,2,-0.3181818181818182
https://openalex.org/A5068014041,award,2005,3,0.22666666666666668
https://openalex.org/A5068014041,award,2005,5,1.0
https://openalex.org/A5068145628,award,2018,0,0.0733333333333333
https://openalex.org/A5068145628,award,2018,1,-0.040909090909090895
https://openalex.org/A5068150550,award,2011,-3,-0.7333333333333333
https://openalex.org/A5068150550,award,2011,-1,-0.44666666666666666
https://openalex.org/A5068150550,award,2011,0,-0.11111111111111112
https://openalex.org/A5068150550,award,2011,1,-0.2598179271708683
https://openalex.org/A5068150550,award,2011,2,-0.652987012987013
https://openalex.org/A5068150550,award,2011,3,-0.5893333333333334
https://openalex.org/A5068150550,award,2011,4,-0.6083333333333334
https://openalex.org/A5068150550,award,2011,5,-0.22
https://openalex.org/A5068345805,award,2017,-2,0.9361702127659575
https://openalex.org/A5068345805,award,2017,-1,0.3793103448275862
https://openalex.org/A5068345805,award,2017,0,-0.16111111111111115
https://openalex.org/A5068345805,award,2017,1,-0.55
https://openalex.org/A5068395748,award,2001,-1,0.75
https://openalex.org/A5068395748,award,2001,0,-0.24000000000000002
https://openalex.org/A5068471095,award,2015,-3,-0.92
https://openalex.org/A5068471095,award,2015,0,-0.52
https://openalex.org/A5068471095,award,2015,1,0.3333333333333333
https://openalex.org/A5068471095,award,2015,2,-0.30615384615384617
https://openalex.org/A5068471095,award,2015,3,0.0
https://openalex.org/A5068471095,award,2015,4,0.0
https://openalex.org/A5068471095,award,2015,5,0.5
https://openalex.org/A5068587315,award,2008,-3,0.0
https://openalex.org/A5068587315,award,2008,-2,-0.7894736842105263
https://openalex.org/A5068587315,award,2008,-1,-0.11309523809523814
https://openalex.org/A5068587315,award,2008,0,-0.8
https://openalex.org/A5068587315,award,2008,1,-0.52
https://openalex.org/A5068587315,award,2008,3,-0.35750000000000004
https://openalex.org/A5068587315,award,2008,4,-0.8425925925925926
https://openalex.org/A5068587315,award,2008,5,-0.2941176470588235
https://openalex.org/A5068799512,award,2013,-4,-0.8571428571428572
https://openalex.org/A5068799512,award,2013,-3,-0.3213690476190476
https://openalex.org/A5068799512,award,2013,-2,-0.3742283950617284
https://openalex.org/A5068799512,award,2013,-1,-0.2717373905164603
https://openalex.org/A5068799512,award,2013,0,-0.670625
https://openalex.org/A5068799512,award,2013,1,-0.707936507936508
https://openalex.org/A5068799512,award,2013,2,-0.49083333333333334
https://openalex.org/A5068799512,award,2013,3,-0.10765432098765432
https://openalex.org/A5068799512,award,2013,4,-0.4114285714285714
https://openalex.org/A5068799512,award,2013,5,-0.0006984792787809724
https://openalex.org/A5069017863,award,2001,0,-0.8292682926829269
https://openalex.org/A5069017863,award,2001,1,-0.6666666666666666
https://openalex.org/A5069017863,award,2001,3,-0.8407828907581505
https://openalex.org/A5069017863,award,2001,4,-1.0
https://openalex.org/A5069246862,award,2009,0,-0.42705882352941177
https://openalex.org/A5069421748,award,2003,-5,-0.7037037037037037
https://openalex.org/A5069421748,award,2003,-4,-0.9090909090909092
https://openalex.org/A5069421748,award,2003,-3,1.0
https://openalex.org/A5069421748,award,2003,-2,-0.8333333333333334
https://openalex.org/A5069421748,award,2003,-1,-0.68
https://openalex.org/A5069421748,award,2003,0,0.3
https://openalex.org/A5069421748,award,2003,1,0.0
https://openalex.org/A5069421748,award,2003,3,0.003142857142857114
https://openalex.org/A5069439324,award,2015,-4,-0.7931034482758621
https://openalex.org/A5069439324,award,2015,-3,-0.5701587301587302
https://openalex.org/A5069439324,award,2015,-2,-0.4645075757575758
https://openalex.org/A5069439324,award,2015,-1,-0.6265981740150538
https://openalex.org/A5069439324,award,2015,0,-0.6615482648257258
https://openalex.org/A5069439324,award,2015,1,-0.6838967336690297
https://openalex.org/A5069439324,award,2015,2,-0.5641666666666666
https://openalex.org/A5069439324,award,2015,3,-0.5478174603174603
https://openalex.org/A5069439324,award,2015,4,-0.4291544715447154
https://openalex.org/A5069439324,award,2015,5,-0.5599816207184628
https://openalex.org/A5069459444,award,2007,-3,1.0
https://openalex.org/A5069459444,award,2007,-2,-0.375
https://openalex.org/A5069459444,award,2007,0,-0.24
https://openalex.org/A5069459444,award,2007,2,-0.4666666666666667
https://openalex.org/A5069646529,award,2018,-2,-0.36
https://openalex.org/A5069646529,award,2018,-1,-0.7095238095238094
https://openalex.org/A5069646529,award,2018,0,-0.5196296296296296
https://openalex.org/A5069646529,award,2018,1,-0.776
https://openalex.org/A5069646529,award,2018,2,-0.8200000000000001
https://openalex.org/A5069646529,award,2018,3,0.22614906832298137
https://openalex.org/A5069646529,award,2018,4,0.15972222222222224
https://openalex.org/A5069646529,award,2018,5,0.3333333333333333
https://openalex.org/A5069747496,award,2014,-4,-0.5
https://openalex.org/A5069747496,award,2014,-3,-0.5789473684210527
https://openalex.org/A5069747496,award,2014,-2,-0.6818181818181818
https://openalex.org/A5069747496,award,2014,-1,-0.36
https://openalex.org/A5069747496,award,2014,0,-0.5483870967741935
https://openalex.org/A5069747496,award,2014,1,-1.0
https://openalex.org/A5069747496,award,2014,2,-1.0
https://openalex.org/A5069747496,award,2014,3,0.5858823529411765
https://openalex.org/A5069747496,award,2014,5,-0.6666666666666666
https://openalex.org/A5069763558,award,2008,-2,-0.10999999999999999
https://openalex.org/A5069763558,award,2008,-1,0.2777777777777778
https://openalex.org/A5069763558,award,2008,0,-0.42967836257309944
https://openalex.org/A5069763558,award,2008,1,-0.68
https://openalex.org/A5069763558,award,2008,2,-0.5769918699186992
https://openalex.org/A5069763558,award,2008,3,0.12
https://openalex.org/A5069763558,award,2008,4,0.023809523809523836
https://openalex.org/A5069763558,award,2008,5,0.1428571428571428
https://openalex.org/A5069830330,award,2003,-1,0.12991452991452992
https://openalex.org/A5069830330,award,2003,0,0.24
https://openalex.org/A5069830330,award,2003,1,-0.45161290322580644
https://openalex.org/A5070223708,award,2017,-2,-1.0
https://openalex.org/A5070223708,award,2017,-1,-0.3666666666666667
https://openalex.org/A5070223708,award,2017,0,0.0052631578947368585
https://openalex.org/A5070223708,award,2017,1,-0.5263157894736842
https://openalex.org/A5070223708,award,2017,2,-1.0
https://openalex.org/A5070223708,award,2017,3,-0.5
https://openalex.org/A5070565287,control,2004,-5,-0.935483870967742
https://openalex.org/A5070565287,control,2004,-4,-0.6536263736263735
https://openalex.org/A5070565287,control,2004,-3,-0.8240000000000001
https://openalex.org/A5070565287,control,2004,-2,-0.46318681318681315
https://openalex.org/A5070565287,control,2004,-1,-0.12555555555555556
https://openalex.org/A5070565287,control,2004,0,-0.32388577653283535
https://openalex.org/A5070565287,control,2004,1,-0.7955047204066812
https://openalex.org/A5070565287,control,2004,2,-0.35385599415204677
https://openalex.org/A5070565287,control,2004,3,-0.5987824592202472
https://openalex.org/A5070565287,control,2004,4,-0.7013606048400814
https://openalex.org/A5070565287,control,2004,5,-0.82375
https://openalex.org/A5070661194,award,2017,0,-0.4418604651162791
https://openalex.org/A5071093153,control,2003,-3,1.0
https://openalex.org/A5071093153,control,2003,-1,-0.2857142857142857
https://openalex.org/A5071093153,control,2003,0,0.2777777777777778
https://openalex.org/A5071093153,control,2003,1,-0.5
https://openalex.org/A5071093153,control,2003,5,-0.8095238095238095
https://openalex.org/A5071446856,control,2007,3,0.4
https://openalex.org/A5071446856,control,2007,5,-0.4148148148148148
https://openalex.org/A5071479045,award,2014,0,-0.8441558441558441
https://openalex.org/A5071489089,control,2000,5,0.2173913043478261
https://openalex.org/A5071597932,award,2010,-3,-1.0
https://openalex.org/A5071597932,award,2010,-2,-0.8018018018018017
https://openalex.org/A5071597932,award,2010,-1,-0.9090909090909092
https://openalex.org/A5071597932,award,2010,0,-0.38095238095238093
https://openalex.org/A5071597932,award,2010,1,-0.84
https://openalex.org/A5071661999,award,2018,-1,-1.0
https://openalex.org/A5071661999,award,2018,0,0.21999999999999997
https://openalex.org/A5071661999,award,2018,1,-0.13333333333333333
https://openalex.org/A5071661999,award,2018,4,-0.68
https://openalex.org/A5071723330,award,2018,-2,-0.7066666666666667
https://openalex.org/A5071723330,award,2018,-1,0.19279279279279282
https://openalex.org/A5071723330,award,2018,0,-0.7777777777777778
https://openalex.org/A5071723330,award,2018,2,0.0
https://openalex.org/A5071723330,award,2018,3,1.0
https://openalex.org/A5071723330,award,2018,4,-0.2
https://openalex.org/A5071920857,award,2010,0,-0.25
https://openalex.org/A5071920857,award,2010,1,-0.2222222222222222
https://openalex.org/A5071920857,award,2010,3,-0.88
https://openalex.org/A5071920857,award,2010,4,-0.6666666666666666
https://openalex.org/A5072031454,award,2009,-1,-0.8
https://openalex.org/A5072031454,award,2009,0,-0.6366817496229261
https://openalex.org/A5072031454,award,2009,1,-0.6984126984126983
https://openalex.org/A5072031454,award,2009,2,-0.7912695434646654
https://openalex.org/A5072031454,award,2009,3,-0.25925925925925924
https://openalex.org/A5072031454,award,2009,4,-0.7894736842105263
https://openalex.org/A5072109649,award,2016,-5,-0.7
https://openalex.org/A5072109649,award,2016,-3,-0.3746031746031746
https://openalex.org/A5072109649,award,2016,-2,0.125
https://openalex.org/A5072109649,award,2016,-1,-0.7
https://openalex.org/A5072109649,award,2016,0,-0.6353383458646616
https://openalex.org/A5072109649,award,2016,1,-1.0
https://openalex.org/A5072109649,award,2016,2,0.008333333333333349
https://openalex.org/A5072109649,award,2016,3,-0.70625
https://openalex.org/A5072109649,award,2016,4,-0.825
https://openalex.org/A5072109649,award,2016,5,-0.14239444765760556
https://openalex.org/A5072417908,award,2017,-2,-0.6
https://openalex.org/A5072417908,award,2017,-1,-0.2785105908584169
https://openalex.org/A5072417908,award,2017,0,-0.47673202614379084
https://openalex.org/A5072417908,award,2017,1,-0.152
https://openalex.org/A5072417908,award,2017,2,-0.7261538461538461
https://openalex.org/A5072417908,award,2017,3,-0.5072072072072072
https://openalex.org/A5072417908,award,2017,4,-0.5406384778012685
https://openalex.org/A5072417908,award,2017,5,-0.0909090909090909
https://openalex.org/A5072515084,award,2010,-1,1.0
https://openalex.org/A5072515084,award,2010,0,-1.0
https://openalex.org/A5072515084,award,2010,2,-0.062222222222222234
https://openalex.org/A5072515084,award,2010,3,-0.3
https://openalex.org/A5072515084,award,2010,4,-0.5172413793103449
https://openalex.org/A5072515084,award,2010,5,-0.30619047619047624
https://openalex.org/A5072756568,award,2013,-4,-0.3333333333333333
https://openalex.org/A5072756568,award,2013,-3,1.0
https://openalex.org/A5072756568,award,2013,-2,1.0
https://openalex.org/A5072756568,award,2013,0,-0.1111111111111111
https://openalex.org/A5072756568,award,2013,5,-1.0
https://openalex.org/A5072922547,award,2015,-5,0.6666666666666666
https://openalex.org/A5072922547,award,2015,-3,0.05882352941176472
https://openalex.org/A5072922547,award,2015,-2,-0.6875
https://openalex.org/A5072922547,award,2015,-1,-0.8181818181818181
https://openalex.org/A5072922547,award,2015,0,-0.19257142857142856
https://openalex.org/A5072922547,award,2015,1,-0.9444444444444444
https://openalex.org/A5072922547,award,2015,2,-0.0909090909090909
https://openalex.org/A5072922547,award,2015,3,-0.6128324388789504
https://openalex.org/A5072922547,award,2015,4,-0.11118806496957759
https://openalex.org/A5072922547,award,2015,5,-0.3
https://openalex.org/A5073533400,award,2018,-4,0.030229905229905263
https://openalex.org/A5073533400,award,2018,-3,0.1192857142857143
https://openalex.org/A5073533400,award,2018,0,-0.4871794871794871
https://openalex.org/A5073533400,award,2018,1,0.09019607843137252
https://openalex.org/A5073533400,award,2018,2,-0.5384615384615384
https://openalex.org/A5073533400,award,2018,3,-0.22727272727272724
https://openalex.org/A5073533400,award,2018,5,-0.8421052631578947
https://openalex.org/A5073935967,award,2009,-1,1.0
https://openalex.org/A5073935967,award,2009,0,-0.88
https://openalex.org/A5073935967,award,2009,1,-0.005555555555555554
https://openalex.org/A5073935967,award,2009,2,-0.7777777777777778
https://openalex.org/A5073935967,award,2009,3,1.0
https://openalex.org/A5074224778,award,2017,-5,-0.6
https://openalex.org/A5074224778,award,2017,-3,-0.7872340425531915
https://openalex.org/A5074224778,award,2017,-1,-0.4285714285714285
https://openalex.org/A5074224778,award,2017,0,0.28888888888888886
https://openalex.org/A5074224778,award,2017,3,-0.172008547008547
https://openalex.org/A5074224778,award,2017,4,-0.3534905094905095
https://openalex.org/A5074393622,award,2012,-3,1.0
https://openalex.org/A5074393622,award,2012,-2,0.1471861471861472
https://openalex.org/A5074393622,award,2012,-1,-0.8
https://openalex.org/A5074393622,award,2012,0,-0.3136200716845878
https://openalex.org/A5074393622,award,2012,1,-0.75
https://openalex.org/A5074393622,award,2012,2,-0.4069230769230769
https://openalex.org/A5074393622,award,2012,3,-0.17307692307692307
https://openalex.org/A5074393622,award,2012,4,0.2
https://openalex.org/A5074504351,control,2014,-5,-0.08944099378881988
https://openalex.org/A5074504351,control,2014,-4,-0.4446258223569148
https://openalex.org/A5074504351,control,2014,-3,-0.6209266409266408
https://openalex.org/A5074504351,control,2014,-2,-0.384519402166461
https://openalex.org/A5074504351,control,2014,-1,-0.6397497832280441
https://openalex.org/A5074504351,control,2014,0,-0.16973132131026863
https://openalex.org/A5074504351,control,2014,1,-0.3
https://openalex.org/A5074504351,control,2014,2,-0.82
https://openalex.org/A5074504351,control,2014,3,0.22658180275201553
https://openalex.org/A5074504351,control,2014,4,0.2941666666666667
https://openalex.org/A5074504351,control,2014,5,0.17032046519460706
https://openalex.org/A5074751039,award,2014,-4,0.48
https://openalex.org/A5074751039,award,2014,-2,0.75
https://openalex.org/A5074751039,award,2014,-1,0.0
https://openalex.org/A5074751039,award,2014,0,-0.3546666666666667
https://openalex.org/A5074751039,award,2014,1,-0.2786206896551724
https://openalex.org/A5074751039,award,2014,2,-0.5789473684210527
https://openalex.org/A5074751039,award,2014,3,-0.556390977443609
https://openalex.org/A5074751039,award,2014,5,-0.1051851851851852
https://openalex.org/A5074887814,award,2015,0,-0.75
https://openalex.org/A5074887814,award,2015,1,-1.0
https://openalex.org/A5074887814,award,2015,5,0.5
https://openalex.org/A5075026385,award,2018,0,0.1
https://openalex.org/A5075026385,award,2018,1,0.7419354838709677
https://openalex.org/A5075026385,award,2018,2,0.5
https://openalex.org/A5075026385,award,2018,3,0.5
https://openalex.org/A5075130969,award,2004,-1,-0.8461538461538461
https://openalex.org/A5075130969,award,2004,0,-0.37222222222222223
https://openalex.org/A5075130969,award,2004,1,-0.3090909090909091
https://openalex.org/A5075130969,award,2004,2,-0.6188405797101448
https://openalex.org/A5075130969,award,2004,3,-0.08345864661654136
https://openalex.org/A5075130969,award,2004,4,-0.12444444444444443
https://openalex.org/A5075318331,award,2014,-1,-0.5
https://openalex.org/A5075318331,award,2014,0,0.0
https://openalex.org/A5075359884,award,2018,0,-0.16
https://openalex.org/A5075359884,award,2018,1,0.4482758620689655
https://openalex.org/A5075701279,award,2007,-5,0.03361344537815127
https://openalex.org/A5075701279,award,2007,-4,-0.6585365853658537
https://openalex.org/A5075701279,award,2007,-3,1.0
https://openalex.org/A5075701279,award,2007,-2,0.011764705882352955
https://openalex.org/A5075701279,award,2007,-1,0.125
https://openalex.org/A5075701279,award,2007,0,-0.22
https://openalex.org/A5075701279,award,2007,1,0.552790346907994
https://openalex.org/A5075701279,award,2007,2,0.34076190476190477
https://openalex.org/A5075701279,award,2007,3,-0.3142857142857143
https://openalex.org/A5075701279,award,2007,4,-0.12484848484848486
https://openalex.org/A5075701279,award,2007,5,0.1276106934001671
https://openalex.org/A5075969007,award,2010,-4,-0.7647058823529411
https://openalex.org/A5075969007,award,2010,-3,-1.0
https://openalex.org/A5075969007,award,2010,-2,-1.0
https://openalex.org/A5075969007,award,2010,-1,-0.7142857142857142
https://openalex.org/A5075969007,award,2010,0,-0.8003875968992249
https://openalex.org/A5075969007,award,2010,1,0.0
https://openalex.org/A5075969007,award,2010,3,-0.6666666666666666
https://openalex.org/A5076116389,award,2012,0,-0.6956521739130435
https://openalex.org/A5076258904,award,2013,-4,-0.7142857142857142
https://openalex.org/A5076258904,award,2013,-3,1.0
https://openalex.org/A5076258904,award,2013,-2,-0.6888888888888889
https://openalex.org/A5076258904,award,2013,-1,-0.39519140989729223
https://openalex.org/A5076258904,award,2013,0,-0.5555555555555556
https://openalex.org/A5076258904,award,2013,1,-0.96
https://openalex.org/A5076258904,award,2013,2,-0.3333333333333333
https://openalex.org/A5076258904,award,2013,3,0.1964285714285714
https://openalex.org/A5076258904,award,2013,4,0.0
https://openalex.org/A5076258904,award,2013,5,-0.9166666666666666
https://openalex.org/A5076364930,award,2017,0,-0.5238095238095238
https://openalex.org/A5076364930,award,2017,1,-0.2
https://openalex.org/A5076364930,award,2017,3,-0.5376344086021505
https://openalex.org/A5076364930,award,2017,4,-0.64
https://openalex.org/A5076364930,award,2017,5,-0.1368421052631579
https://openalex.org/A5076388753,award,2017,-2,-0.2
https://openalex.org/A5076388753,award,2017,-1,-1.0
https://openalex.org/A5076388753,award,2017,0,-0.3376623376623376
https://openalex.org/A5076388753,award,2017,1,-0.6363636363636364
https://openalex.org/A5076388753,award,2017,2,-1.0
https://openalex.org/A5076388753,award,2017,3,-0.5789473684210527
https://openalex.org/A5076388753,award,2017,5,0.0
https://openalex.org/A5076413226,award,2013,-5,-0.6842105263157895
https://openalex.org/A5076413226,award,2013,-2,0.5
https://openalex.org/A5076413226,award,2013,0,-0.38187969924812026
https://openalex.org/A5076413226,award,2013,1,-0.12
https://openalex.org/A5076413226,award,2013,4,1.0
https://openalex.org/A5076861145,award,2007,-1,0.32
https://openalex.org/A5076861145,award,2007,0,-0.6587096774193548
https://openalex.org/A5076861145,award,2007,1,-0.49615384615384617
https://openalex.org/A5076861145,award,2007,2,-0.17
https://openalex.org/A5076861145,award,2007,4,-0.2142857142857142
https://openalex.org/A5076861145,award,2007,5,0.04303030303030301
https://openalex.org/A5077061436,award,2011,0,1.0
https://openalex.org/A5077061436,award,2011,3,0.935483870967742
https://openalex.org/A5077149145,control,2012,-5,-0.6256355173648407
https://openalex.org/A5077149145,control,2012,-4,-0.4133333333333333
https://openalex.org/A5077149145,control,2012,-3,-0.6666666666666667
https://openalex.org/A5077149145,control,2012,-2,-0.4478114478114478
https://openalex.org/A5077149145,control,2012,-1,-0.58003848003848
https://openalex.org/A5077149145,control,2012,0,-0.11111111111111109
https://openalex.org/A5077149145,control,2012,1,-0.9090909090909092
https://openalex.org/A5077149145,control,2012,2,-0.8649999999999999
https://openalex.org/A5077149145,control,2012,3,-0.5333333333333333
https://openalex.org/A5077149145,control,2012,4,-0.573170731707317
https://openalex.org/A5077149145,control,2012,5,-0.7657603686635944
https://openalex.org/A5077191191,award,2015,-5,-0.8400000000000001
https://openalex.org/A5077191191,award,2015,-4,-0.8
https://openalex.org/A5077191191,award,2015,-3,-0.8666666666666667
https://openalex.org/A5077191191,award,2015,0,-1.0
https://openalex.org/A5077191191,award,2015,1,-0.15999999999999998
https://openalex.org/A5077191191,award,2015,2,-0.24444444444444444
https://openalex.org/A5077191191,award,2015,3,0.5
https://openalex.org/A5077191191,award,2015,4,-0.75
https://openalex.org/A5077191191,award,2015,5,-0.2
https://openalex.org/A5077257816,control,2004,-5,0.0
https://openalex.org/A5077257816,control,2004,-4,1.0
https://openalex.org/A5077257816,control,2004,-3,0.6989247311827956
https://openalex.org/A5077257816,control,2004,-2,-0.40625
https://openalex.org/A5077257816,control,2004,-1,-0.141859410430839
https://openalex.org/A5077257816,control,2004,0,-0.6615384615384615
https://openalex.org/A5077257816,control,2004,1,-0.0102662821811758
https://openalex.org/A5077257816,control,2004,2,0.5
https://openalex.org/A5077257816,control,2004,3,-0.2036734693877551
https://openalex.org/A5077257816,control,2004,4,-0.5680223818896587
https://openalex.org/A5077257816,control,2004,5,0.0044290461354656455
https://openalex.org/A5077463393,award,2014,-4,0.5111111111111111
https://openalex.org/A5077463393,award,2014,-3,-0.27777777777777773
https://openalex.org/A5077463393,award,2014,-2,-0.7692307692307693
https://openalex.org/A5077463393,award,2014,-1,-0.2568115942028985
https://openalex.org/A5077463393,award,2014,0,-0.4191391941391941
https://openalex.org/A5077463393,award,2014,1,-0.20512820512820512
https://openalex.org/A5077463393,award,2014,2,0.0954659375712007
https://openalex.org/A5077585432,control,2014,-2,-0.4
https://openalex.org/A5077585432,control,2014,-1,0.8333333333333333
https://openalex.org/A5077585432,control,2014,0,0.25
https://openalex.org/A5077585432,control,2014,1,-0.5
https://openalex.org/A5077585432,control,2014,2,0.36538461538461536
https://openalex.org/A5077585432,control,2014,3,1.0
https://openalex.org/A5077585432,control,2014,4,-0.36507936507936506
https://openalex.org/A5077585432,control,2014,5,0.11911027568922307
https://openalex.org/A5077636035,control,2007,-5,-0.009017530088958654
https://openalex.org/A5077636035,control,2007,-4,-0.11290109890109892
https://openalex.org/A5077636035,control,2007,-3,-0.24863568215892054
https://openalex.org/A5077636035,control,2007,-2,-0.03536224409162939
https://openalex.org/A5077636035,control,2007,-1,-0.6296514161220044
https://openalex.org/A5077636035,control,2007,0,-0.5198788189110769
https://openalex.org/A5077636035,control,2007,1,0.025672590319229673
https://openalex.org/A5077636035,control,2007,2,-0.19924203273040483
https://openalex.org/A5077636035,control,2007,3,-0.5158514492753623
https://openalex.org/A5077636035,control,2007,4,-0.8393939393939394
https://openalex.org/A5077636035,control,2007,5,-0.3853219373219373
https://openalex.org/A5077783676,award,2013,-1,-0.8
https://openalex.org/A5077783676,award,2013,0,0.33999999999999997
https://openalex.org/A5077783676,award,2013,1,-0.8227777777777777
https://openalex.org/A5077783676,award,2013,2,-0.68
https://openalex.org/A5077783676,award,2013,3,-0.5125
https://openalex.org/A5077783676,award,2013,5,-0.29000000000000004
https://openalex.org/A5077783791,award,2008,-4,0.0
https://openalex.org/A5077783791,award,2008,-3,-0.5294117647058824
https://openalex.org/A5077783791,award,2008,-2,-0.5833333333333333
https://openalex.org/A5077783791,award,2008,0,-0.14028070175438598
https://openalex.org/A5077783791,award,2008,1,-0.6336507936507936
https://openalex.org/A5077783791,award,2008,2,0.04999999999999999
https://openalex.org/A5077783791,award,2008,3,-0.5961904761904762
https://openalex.org/A5077783791,award,2008,4,-0.19999999999999998
https://openalex.org/A5077783791,award,2008,5,-0.6668476977567886
https://openalex.org/A5077791792,award,2007,-4,-0.2222222222222222
https://openalex.org/A5077791792,award,2007,-3,-0.6
https://openalex.org/A5077791792,award,2007,-2,-0.6
https://openalex.org/A5077791792,award,2007,-1,-0.63
https://openalex.org/A5077791792,award,2007,0,-0.8836781609195402
https://openalex.org/A5077791792,award,2007,2,-0.5
https://openalex.org/A5077791792,award,2007,3,1.0
https://openalex.org/A5078041729,award,2003,-1,1.0
https://openalex.org/A5078041729,award,2003,0,0.6078431372549019
https://openalex.org/A5078041729,award,2003,1,-0.05
https://openalex.org/A5078041729,award,2003,2,-1.0
https://openalex.org/A5078041729,award,2003,3,-0.6959958034621436
https://openalex.org/A5078041729,award,2003,4,-0.6273684210526316
https://openalex.org/A5078041729,award,2003,5,-0.48
https://openalex.org/A5078245746,award,2001,-4,0.35416666666666663
https://openalex.org/A5078245746,award,2001,-3,-0.56
https://openalex.org/A5078245746,award,2001,-2,-0.4907936507936508
https://openalex.org/A5078245746,award,2001,-1,-0.7516025641025641
https://openalex.org/A5078245746,award,2001,0,-0.6644444444444445
https://openalex.org/A5078245746,award,2001,1,-0.21171847542215708
https://openalex.org/A5078245746,award,2001,2,-0.13054670865197182
https://openalex.org/A5078245746,award,2001,3,-0.19179487179487179
https://openalex.org/A5078245746,award,2001,4,-0.09928872339262539
https://openalex.org/A5078245746,award,2001,5,-0.24795972251201764
https://openalex.org/A5078512511,award,2018,0,-0.9361702127659575
https://openalex.org/A5078512511,award,2018,1,-1.0
https://openalex.org/A5078512511,award,2018,2,0.3333333333333333
https://openalex.org/A5078512511,award,2018,3,0.0
https://openalex.org/A5078512511,award,2018,4,-0.625
https://openalex.org/A5078512511,award,2018,5,-1.0
https://openalex.org/A5078763719,award,2017,-3,-1.0
https://openalex.org/A5078763719,award,2017,-2,-0.5333333333333333
https://openalex.org/A5078763719,award,2017,-1,-0.9333333333333332
https://openalex.org/A5078763719,award,2017,0,-0.7856084656084655
https://openalex.org/A5078763719,award,2017,1,-0.875
https://openalex.org/A5078763719,award,2017,2,-0.25731382978723405
https://openalex.org/A5078763719,award,2017,3,-1.0
https://openalex.org/A5078763719,award,2017,4,0.0
https://openalex.org/A5078763719,award,2017,5,-0.16666666666666669
https://openalex.org/A5078903072,award,2018,-4,-0.055555555555555546
https://openalex.org/A5078903072,award,2018,-3,-0.1489361702127659
https://openalex.org/A5078903072,award,2018,-2,-0.1621212121212121
https://openalex.org/A5078903072,award,2018,-1,0.17708333333333334
https://openalex.org/A5078903072,award,2018,0,-0.7692307692307692
https://openalex.org/A5078903072,award,2018,1,0.0
https://openalex.org/A5078932168,award,2011,-1,-0.2
https://openalex.org/A5078932168,award,2011,0,-0.1363636363636363
https://openalex.org/A5079075574,award,2008,-2,-0.35642857142857143
https://openalex.org/A5079075574,award,2008,-1,-0.4
https://openalex.org/A5079075574,award,2008,0,0.4318318318318319
https://openalex.org/A5079075574,award,2008,2,-0.2
https://openalex.org/A5079075574,award,2008,3,-1.0
https://openalex.org/A5079075574,award,2008,4,1.0
https://openalex.org/A5079075574,award,2008,5,0.3333333333333333
https://openalex.org/A5079186295,control,2012,-5,0.33495614035087723
https://openalex.org/A5079186295,control,2012,-4,-0.45495495495495497
https://openalex.org/A5079186295,control,2012,-3,-0.40346320346320347
https://openalex.org/A5079186295,control,2012,-2,-0.2467907092907093
https://openalex.org/A5079186295,control,2012,-1,0.48148148148148157
https://openalex.org/A5079186295,control,2012,0,-0.3531024531024531
https://openalex.org/A5079186295,control,2012,1,0.375
https://openalex.org/A5079186295,control,2012,2,0.26153846153846155
https://openalex.org/A5079186295,control,2012,3,-0.016233766233766257
https://openalex.org/A5079186295,control,2012,4,0.5478787878787879
https://openalex.org/A5079186295,control,2012,5,-0.6136507936507937
https://openalex.org/A5079261847,control,2007,-4,0.3333333333333333
https://openalex.org/A5079261847,control,2007,-3,-0.04761904761904759
https://openalex.org/A5079261847,control,2007,-2,-0.25
https://openalex.org/A5079261847,control,2007,-1,0.007936507936507945
https://openalex.org/A5079261847,control,2007,0,-0.4104918890633176
https://openalex.org/A5079261847,control,2007,1,-0.25520833333333337
https://openalex.org/A5079261847,control,2007,2,-0.45608766233766235
https://openalex.org/A5079261847,control,2007,3,-0.18666666666666668
https://openalex.org/A5079261847,control,2007,4,-0.698779024435492
https://openalex.org/A5079261847,control,2007,5,-0.25384495846034305
https://openalex.org/A5079503799,award,2009,-1,-0.813953488372093
https://openalex.org/A5079503799,award,2009,0,-0.8666666666666667
https://openalex.org/A5079503799,award,2009,1,-0.7590610183467326
https://openalex.org/A5079503799,award,2009,2,-0.7277261781905744
https://openalex.org/A5079503799,award,2009,3,-0.32616866337796574
https://openalex.org/A5079503799,award,2009,4,-0.4973744619799139
https://openalex.org/A5079503799,award,2009,5,-0.3466666666666667
https://openalex.org/A5079753562,control,2008,2,-0.3888888888888889
https://openalex.org/A5079753562,control,2008,4,-1.0
https://openalex.org/A5079753562,control,2008,5,-0.18148148148148147
https://openalex.org/A5079904764,control,2016,-5,-0.6093023255813953
https://openalex.org/A5079904764,control,2016,-2,-0.28
https://openalex.org/A5079904764,control,2016,0,-0.12027777777777782
https://openalex.org/A5079904764,control,2016,1,-0.5653333333333334
https://openalex.org/A5079904764,control,2016,2,0.16666666666666669
https://openalex.org/A5079904764,control,2016,3,0.18242857142857144
https://openalex.org/A5079904764,control,2016,4,-0.13262626262626262
https://openalex.org/A5079904764,control,2016,5,0.0920164609053498
https://openalex.org/A5080198395,award,2014,0,-0.68
https://openalex.org/A5080198395,award,2014,1,-0.5646551724137931
https://openalex.org/A5080198395,award,2014,2,-0.16666666666666666
https://openalex.org/A5080198395,award,2014,3,-0.0657142857142857
https://openalex.org/A5080198395,award,2014,4,-0.29411764705882354
https://openalex.org/A5080198395,award,2014,5,0.368421052631579
https://openalex.org/A5080221214,award,2014,-2,-0.4
https://openalex.org/A5080221214,award,2014,-1,-0.41333333333333333
https://openalex.org/A5080221214,award,2014,0,-0.78
https://openalex.org/A5080221214,award,2014,1,-0.7066666666666667
https://openalex.org/A5080221214,award,2014,2,-0.4643274853801169
https://openalex.org/A5080221214,award,2014,3,0.2363636363636364
https://openalex.org/A5080221214,award,2014,4,0.14676532769556025
https://openalex.org/A5080221214,award,2014,5,-0.01705307038640373
https://openalex.org/A5080290452,award,2008,0,-0.68
https://openalex.org/A5080290452,award,2008,1,-0.7272727272727273
https://openalex.org/A5080290452,award,2008,3,-1.0
https://openalex.org/A5080366682,control,2007,-5,-0.12680167852581645
https://openalex.org/A5080366682,control,2007,-4,0.21373200442967888
https://openalex.org/A5080366682,control,2007,-3,0.7485714285714286
https://openalex.org/A5080366682,control,2007,-2,0.4311111111111111
https://openalex.org/A5080366682,control,2007,-1,1.0
https://openalex.org/A5080366682,control,2007,0,0.22400000000000003
https://openalex.org/A5080366682,control,2007,1,-0.27999999999999997
https://openalex.org/A5080366682,control,2007,2,0.08565656565656564
https://openalex.org/A5080366682,control,2007,3,-0.2653443526170799
https://openalex.org/A5080366682,control,2007,4,-0.33345454545454545
https://openalex.org/A5080366682,control,2007,5,0.1837037037037037
https://openalex.org/A5080542443,award,2006,0,-0.5788888888888889
https://openalex.org/A5080702284,award,2012,-5,-1.0
https://openalex.org/A5080702284,award,2012,-4,-0.2463768115942029
https://openalex.org/A5080702284,award,2012,-3,-0.6
https://openalex.org/A5080702284,award,2012,-2,-1.0
https://openalex.org/A5080702284,award,2012,-1,-0.3095238095238095
https://openalex.org/A5080702284,award,2012,0,-0.6439116439116439
https://openalex.org/A5080702284,award,2012,1,-0.5
https://openalex.org/A5080702284,award,2012,2,0.2
https://openalex.org/A5080702284,award,2012,3,-0.3839285714285714
https://openalex.org/A5080702284,award,2012,4,0.5
https://openalex.org/A5080702284,award,2012,5,-0.07626619940780283
https://openalex.org/A5080877905,award,2010,-4,-0.6590909090909092
https://openalex.org/A5080877905,award,2010,-2,-0.5155555555555555
https://openalex.org/A5080877905,award,2010,-1,-0.2252173913043478
https://openalex.org/A5080877905,award,2010,0,0.013968253968253963
https://openalex.org/A5080877905,award,2010,1,0.09499999999999997
https://openalex.org/A5080877905,award,2010,2,-0.36089232243382435
https://openalex.org/A5080877905,award,2010,3,-0.64
https://openalex.org/A5080877905,award,2010,4,-0.88
https://openalex.org/A5080877905,award,2010,5,1.0
https://openalex.org/A5080942754,award,2003,0,-0.27428571428571424
https://openalex.org/A5080942754,award,2003,1,-0.6006552706552706
https://openalex.org/A5080942754,award,2003,2,0.19603864734299517
https://openalex.org/A5080942754,award,2003,3,-0.3395238095238095
https://openalex.org/A5080942754,award,2003,4,0.3188931788931789
https://openalex.org/A5080942754,award,2003,5,-0.42857142857142855
https://openalex.org/A5081042997,award,2010,-3,-0.8095238095238095
https://openalex.org/A5081042997,award,2010,-2,-0.9655172413793104
https://openalex.org/A5081042997,award,2010,-1,-0.8571428571428572
https://openalex.org/A5081042997,award,2010,0,-0.7133497133497133
https://openalex.org/A5081042997,award,2010,2,-0.925925925925926
https://openalex.org/A5081042997,award,2010,4,1.0
https://openalex.org/A5081042997,award,2010,5,-0.5483870967741935
https://openalex.org/A5081289583,control,2008,-5,-0.3333333333333333
https://openalex.org/A5081289583,control,2008,-4,-0.735111111111111
https://openalex.org/A5081289583,control,2008,-3,-0.472962962962963
https://openalex.org/A5081289583,control,2008,-2,-0.4757142857142857
https://openalex.org/A5081289583,control,2008,-1,-0.45086691086691083
https://openalex.org/A5081289583,control,2008,0,-0.5531400966183575
https://openalex.org/A5081289583,control,2008,1,-0.8038961038961039
https://openalex.org/A5081289583,control,2008,2,-0.8077019277019277
https://openalex.org/A5081289583,control,2008,3,-0.6201154483986407
https://openalex.org/A5081289583,control,2008,4,-0.7121442619050274
https://openalex.org/A5081289583,control,2008,5,-0.6863889504325076
https://openalex.org/A5081440491,award,2016,0,-0.6933333333333334
https://openalex.org/A5081476292,award,2018,-4,-1.0
https://openalex.org/A5081476292,award,2018,-1,-0.9230769230769232
https://openalex.org/A5081476292,award,2018,0,-0.09333333333333335
https://openalex.org/A5081476292,award,2018,1,0.0
https://openalex.org/A5081476292,award,2018,2,-0.6956862745098039
https://openalex.org/A5081476292,award,2018,3,0.1282051282051282
https://openalex.org/A5081483504,award,2017,-3,-0.72
https://openalex.org/A5081483504,award,2017,-2,-0.6763265306122449
https://openalex.org/A5081483504,award,2017,-1,-0.8685469824293353
https://openalex.org/A5081483504,award,2017,0,-0.8959276018099548
https://openalex.org/A5081483504,award,2017,1,-0.6669730392156863
https://openalex.org/A5081483504,award,2017,2,-0.5682854362180598
https://openalex.org/A5081483504,award,2017,3,-0.8586689757545769
https://openalex.org/A5081483504,award,2017,4,-0.9036559139784947
https://openalex.org/A5081483504,award,2017,5,-0.9534632034632035
https://openalex.org/A5081652219,award,2014,0,-0.44
https://openalex.org/A5081964141,award,2014,0,0.3
https://openalex.org/A5081964141,award,2014,2,-0.2
https://openalex.org/A5082002320,award,2016,-5,-0.42857142857142855
https://openalex.org/A5082002320,award,2016,-4,-0.3333333333333333
https://openalex.org/A5082002320,award,2016,-3,-0.08333333333333334
https://openalex.org/A5082002320,award,2016,-2,-0.053333333333333344
https://openalex.org/A5082002320,award,2016,-1,-0.6509219858156028
https://openalex.org/A5082002320,award,2016,0,-0.7988888888888889
https://openalex.org/A5082002320,award,2016,1,-0.773955773955774
https://openalex.org/A5082002320,award,2016,3,-0.33666666666666667
https://openalex.org/A5082002320,award,2016,4,-0.2774426184037168
https://openalex.org/A5082002320,award,2016,5,0.047619047619047596
https://openalex.org/A5082120000,award,2014,0,-0.4533333333333333
https://openalex.org/A5082120000,award,2014,5,0.0666666666666666
https://openalex.org/A5082188602,award,2004,-1,-0.8666666666666667
https://openalex.org/A5082188602,award,2004,0,-0.2702991452991453
https://openalex.org/A5082188602,award,2004,1,-0.0468253968253968
https://openalex.org/A5082188602,award,2004,2,-0.5
https://openalex.org/A5082188602,award,2004,3,-0.36052754435107376
https://openalex.org/A5082188602,award,2004,4,-0.2739766081871345
https://openalex.org/A5082188602,award,2004,5,0.041335978835978865
https://openalex.org/A5082318381,award,2018,-2,0.0
https://openalex.org/A5082318381,award,2018,0,-0.25
https://openalex.org/A5082318381,award,2018,1,0.1758241758241758
https://openalex.org/A5082318381,award,2018,2,-0.1871794871794872
https://openalex.org/A5082318381,award,2018,3,-0.11087719298245614
https://openalex.org/A5082318381,award,2018,4,0.14285714285714285
https://openalex.org/A5082318381,award,2018,5,0.32307692307692315
https://openalex.org/A5082514679,award,2011,-1,0.5
https://openalex.org/A5082514679,award,2011,0,0.02415770609318993
https://openalex.org/A5082514679,award,2011,1,-0.34634502923976607
https://openalex.org/A5082514679,award,2011,2,-0.5166666666666667
https://openalex.org/A5082514679,award,2011,3,0.0344827586206896
https://openalex.org/A5082514679,award,2011,4,-0.20833333333333334
https://openalex.org/A5082520066,award,2010,0,0.12
https://openalex.org/A5082540454,award,2010,0,0.026666666666666655
https://openalex.org/A5082540454,award,2010,1,-0.570952380952381
https://openalex.org/A5082540454,award,2010,2,-0.48083333333333333
https://openalex.org/A5082540454,award,2010,4,-0.94
https://openalex.org/A5082540454,award,2010,5,-1.0
https://openalex.org/A5082629071,award,2018,-1,-0.7142857142857142
https://openalex.org/A5082629071,award,2018,0,0.04999999999999999
https://openalex.org/A5082629071,award,2018,1,-0.3333333333333333
https://openalex.org/A5082629071,award,2018,2,0.009523809523809545
https://openalex.org/A5082667645,award,2014,0,-0.3472222222222222
https://openalex.org/A5082667645,award,2014,1,-1.0
https://openalex.org/A5082667645,award,2014,2,0.3333333333333333
https://openalex.org/A5082856719,award,2011,-3,-0.5
https://openalex.org/A5082856719,award,2011,-1,-0.6
https://openalex.org/A5082856719,award,2011,0,-0.8888888888888888
https://openalex.org/A5082856719,award,2011,2,-0.3714285714285714
https://openalex.org/A5082856719,award,2011,3,-0.8736054421768708
https://openalex.org/A5082856719,award,2011,4,-0.5399390919158361
https://openalex.org/A5082856719,award,2011,5,-0.3685141612200436
https://openalex.org/A5083211235,award,2009,-2,0.0
https://openalex.org/A5083211235,award,2009,0,-0.0526315789473684
https://openalex.org/A5083211235,award,2009,2,1.0
https://openalex.org/A5083211235,award,2009,3,1.0
https://openalex.org/A5083211235,award,2009,4,1.0
https://openalex.org/A5083211235,award,2009,5,1.0
https://openalex.org/A5083432344,control,2000,-5,-0.6950000000000001
https://openalex.org/A5083432344,control,2000,-4,-0.7777777777777778
https://openalex.org/A5083432344,control,2000,-3,-0.3114906832298136
https://openalex.org/A5083432344,control,2000,-2,-0.7647058823529411
https://openalex.org/A5083432344,control,2000,-1,-0.05692307692307692
https://openalex.org/A5083432344,control,2000,0,0.2432432432432432
https://openalex.org/A5083432344,control,2000,1,-0.07714285714285715
https://openalex.org/A5083432344,control,2000,2,-0.042424242424242385
https://openalex.org/A5083432344,control,2000,3,0.37662337662337664
https://openalex.org/A5083432344,control,2000,4,-0.8378378378378378
https://openalex.org/A5083432344,control,2000,5,-0.2297493606138107
https://openalex.org/A5083631720,award,2010,-4,-0.3333333333333333
https://openalex.org/A5083631720,award,2010,-3,-0.8222222222222223
https://openalex.org/A5083631720,award,2010,-2,-0.33112056737588647
https://openalex.org/A5083631720,award,2010,-1,-0.6282051282051282
https://openalex.org/A5083631720,award,2010,0,-0.1
https://openalex.org/A5083631720,award,2010,1,-0.5533333333333333
https://openalex.org/A5083631720,award,2010,2,-0.6071183378500451
https://openalex.org/A5083631720,award,2010,4,-0.6730769230769231
https://openalex.org/A5083692181,award,2012,-1,0.0
https://openalex.org/A5083692181,award,2012,0,-0.5555555555555556
https://openalex.org/A5083692181,award,2012,1,-0.7368421052631579
https://openalex.org/A5083732107,control,2012,-5,0.3333333333333333
https://openalex.org/A5083732107,control,2012,-4,-1.0
https://openalex.org/A5083732107,control,2012,-3,-0.2
https://openalex.org/A5083732107,control,2012,-2,-0.3334204413472706
https://openalex.org/A5083732107,control,2012,-1,-0.20000000000000004
https://openalex.org/A5083732107,control,2012,0,-0.2537878787878788
https://openalex.org/A5083732107,control,2012,1,0.28571428571428575
https://openalex.org/A5083732107,control,2012,2,-0.4947089947089947
https://openalex.org/A5083732107,control,2012,3,0.0625
https://openalex.org/A5083732107,control,2012,4,0.2122376968028591
https://openalex.org/A5083732107,control,2012,5,0.04022317328713131
https://openalex.org/A5083735800,award,2004,-2,0.7551020408163266
https://openalex.org/A5083735800,award,2004,-1,-0.56
https://openalex.org/A5083735800,award,2004,0,-0.3129411764705883
https://openalex.org/A5083735800,award,2004,1,0.6
https://openalex.org/A5083735800,award,2004,2,-0.150792036814957
https://openalex.org/A5083735800,award,2004,3,-0.6309353471118176
https://openalex.org/A5083735800,award,2004,4,0.12547619047619046
https://openalex.org/A5083735800,award,2004,5,-0.32988344988344986
https://openalex.org/A5083739081,award,2011,-1,-0.1392081736909323
https://openalex.org/A5083739081,award,2011,0,-0.776952380952381
https://openalex.org/A5083739081,award,2011,1,-0.4276923076923077
https://openalex.org/A5083739081,award,2011,2,-0.2028751054642396
https://openalex.org/A5083739081,award,2011,3,-0.3941299019607843
https://openalex.org/A5083739081,award,2011,4,-0.5657892279718905
https://openalex.org/A5083740230,award,2011,0,-0.08785714285714286
https://openalex.org/A5083740230,award,2011,1,-0.7761904761904761
https://openalex.org/A5083740230,award,2011,2,-0.5446031746031746
https://openalex.org/A5083740230,award,2011,3,-0.7266666666666667
https://openalex.org/A5083740230,award,2011,4,-0.7894736842105263
https://openalex.org/A5083740230,award,2011,5,-0.4775
https://openalex.org/A5083854355,award,2005,0,0.6
https://openalex.org/A5084185098,award,2003,-1,-0.5555555555555556
https://openalex.org/A5084185098,award,2003,0,-0.19365079365079366
https://openalex.org/A5084185098,award,2003,1,-1.0
https://openalex.org/A5084185098,award,2003,2,-0.44973544973544977
https://openalex.org/A5084185098,award,2003,3,-0.8
https://openalex.org/A5084185098,award,2003,4,-0.6488095238095237
https://openalex.org/A5084185098,award,2003,5,-0.6
https://openalex.org/A5084269195,award,2010,-3,-0.7777777777777778
https://openalex.org/A5084269195,award,2010,-1,0.12
https://openalex.org/A5084269195,award,2010,0,-0.013616268788682606
https://openalex.org/A5084269195,award,2010,1,0.2195121951219512
https://openalex.org/A5084307262,award,2011,-2,-0.6363636363636364
https://openalex.org/A5084307262,award,2011,-1,-0.47063122923588036
https://openalex.org/A5084307262,award,2011,0,-0.08088483620398516
https://openalex.org/A5084307262,award,2011,1,-0.046666666666666703
https://openalex.org/A5084307262,award,2011,2,-0.1666666666666666
https://openalex.org/A5084307262,award,2011,3,1.0
https://openalex.org/A5084538652,award,2018,-1,-0.4166666666666667
https://openalex.org/A5084538652,award,2018,0,-0.14
https://openalex.org/A5084538652,award,2018,1,-0.4
https://openalex.org/A5084538652,award,2018,2,-0.1865217391304348
https://openalex.org/A5084538652,award,2018,3,-0.345720818815331
https://openalex.org/A5084538652,award,2018,4,-0.43333333333333335
https://openalex.org/A5084538652,award,2018,5,0.1217948717948718
https://openalex.org/A5084552503,award,2008,-5,0.2682926829268293
https://openalex.org/A5084552503,award,2008,-4,-0.8011675824175825
https://openalex.org/A5084552503,award,2008,-3,-0.29811447811447805
https://openalex.org/A5084552503,award,2008,-2,-0.5238095238095237
https://openalex.org/A5084552503,award,2008,0,-0.75
https://openalex.org/A5084552503,award,2008,1,0.0
https://openalex.org/A5084552503,award,2008,3,0.04999999999999999
https://openalex.org/A5084552503,award,2008,5,-1.0
https://openalex.org/A5084561739,award,2001,0,-0.8666666666666667
https://openalex.org/A5084561739,award,2001,1,-0.6129032258064516
https://openalex.org/A5084561739,award,2001,2,-0.9075387596899225
https://openalex.org/A5084561739,award,2001,3,-0.2952380952380953
https://openalex.org/A5084561739,award,2001,4,-0.5106086956521739
https://openalex.org/A5084561739,award,2001,5,-0.8928571428571428
https://openalex.org/A5084776885,award,2012,-5,0.0
https://openalex.org/A5084776885,award,2012,-4,0.0
https://openalex.org/A5084776885,award,2012,-3,0.32539682539682535
https://openalex.org/A5084776885,award,2012,-2,0.0
https://openalex.org/A5084776885,award,2012,-1,-0.8333333333333334
https://openalex.org/A5084776885,award,2012,0,-0.6081204171204171
https://openalex.org/A5084776885,award,2012,1,-0.525
https://openalex.org/A5084776885,award,2012,2,0.10776942355889725
https://openalex.org/A5084776885,award,2012,3,-0.4989836250705816
https://openalex.org/A5084776885,award,2012,4,-0.634645788993615
https://openalex.org/A5084776885,award,2012,5,-0.1831681362116145
https://openalex.org/A5084822815,control,2012,-5,0.16216216216216217
https://openalex.org/A5084822815,control,2012,-4,0.15999999999999998
https://openalex.org/A5084822815,control,2012,-3,-0.7644444444444445
https://openalex.org/A5084822815,control,2012,-2,-0.7562141577060931
https://openalex.org/A5084822815,control,2012,-1,-0.37954506590773823
https://openalex.org/A5084822815,control,2012,0,0.06593406593406592
https://openalex.org/A5084822815,control,2012,1,-0.3229086229086229
https://openalex.org/A5084822815,control,2012,2,-0.6188669015993494
https://openalex.org/A5084822815,control,2012,3,-0.577014352186766
https://openalex.org/A5084822815,control,2012,4,-0.7019047619047619
https://openalex.org/A5084822815,control,2012,5,-0.41515151515151516
https://openalex.org/A5084868951,award,2014,-2,-0.9
https://openalex.org/A5084868951,award,2014,-1,-0.31757575757575757
https://openalex.org/A5084868951,award,2014,0,-0.7163636363636363
https://openalex.org/A5084868951,award,2014,1,0.37272727272727274
https://openalex.org/A5084868951,award,2014,2,-0.5405514705882353
https://openalex.org/A5084868951,award,2014,3,-0.2727272727272727
https://openalex.org/A5084868951,award,2014,4,-0.8238095238095239
https://openalex.org/A5084868951,award,2014,5,-0.5696474814156994
https://openalex.org/A5084986707,control,2013,-2,-0.09333333333333334
https://openalex.org/A5084986707,control,2013,-1,-0.7339534883720931
https://openalex.org/A5084986707,control,2013,0,-0.5555555555555556
https://openalex.org/A5084986707,control,2013,1,0.5
https://openalex.org/A5084986707,control,2013,2,-0.5700000000000001
https://openalex.org/A5084986707,control,2013,3,-0.05933282403870641
https://openalex.org/A5084986707,control,2013,4,0.0909090909090909
https://openalex.org/A5084986707,control,2013,5,-0.45
https://openalex.org/A5085088065,control,2015,-5,-0.25721153846153844
https://openalex.org/A5085088065,control,2015,-3,0.0625
https://openalex.org/A5085088065,control,2015,-2,-0.3980952380952381
https://openalex.org/A5085088065,control,2015,-1,-0.16582608695652173
https://openalex.org/A5085088065,control,2015,0,-0.46666666666666673
https://openalex.org/A5085088065,control,2015,1,-0.4230769230769231
https://openalex.org/A5085088065,control,2015,3,-0.6018518518518519
https://openalex.org/A5085088065,control,2015,4,-1.0
https://openalex.org/A5085088065,control,2015,5,0.0
https://openalex.org/A5085103227,control,2003,-5,-0.5833333333333334
https://openalex.org/A5085103227,control,2003,-4,-0.4219269102990033
https://openalex.org/A5085103227,control,2003,-3,-0.9071428571428571
https://openalex.org/A5085103227,control,2003,-2,-0.7037037037037037
https://openalex.org/A5085103227,control,2003,-1,-0.8181818181818182
https://openalex.org/A5085103227,control,2003,0,-0.8
https://openalex.org/A5085103227,control,2003,1,-0.4807692307692308
https://openalex.org/A5085103227,control,2003,2,-0.7881944444444443
https://openalex.org/A5085103227,control,2003,3,-0.84
https://openalex.org/A5085103227,control,2003,4,-0.8199404761904762
https://openalex.org/A5085103227,control,2003,5,-0.8861904761904761
https://openalex.org/A5085243096,award,2012,-1,-0.368421052631579
https://openalex.org/A5085243096,award,2012,0,-0.260995485995486
https://openalex.org/A5085243096,award,2012,1,-0.771632712864223
https://openalex.org/A5085243096,award,2012,2,0.35714285714285715
https://openalex.org/A5085243096,award,2012,3,-0.4591319811465002
https://openalex.org/A5085243096,award,2012,4,-0.542914979757085
https://openalex.org/A5085243096,award,2012,5,-0.42871063576945934
https://openalex.org/A5085429060,award,2013,0,0.2
https://openalex.org/A5085479490,control,2013,-5,-0.3808503115291533
https://openalex.org/A5085479490,control,2013,-4,-0.30334024518898467
https://openalex.org/A5085479490,control,2013,-3,-0.6210487563119143
https://openalex.org/A5085479490,control,2013,-2,-0.12268312332828463
https://openalex.org/A5085479490,control,2013,-1,-0.7753882915173237
https://openalex.org/A5085479490,control,2013,0,-0.330940170940171
https://openalex.org/A5085479490,control,2013,1,-0.5233837209302326
https://openalex.org/A5085479490,control,2013,2,-0.6532484977023684
https://openalex.org/A5085479490,control,2013,3,-0.41383458646616544
https://openalex.org/A5085479490,control,2013,4,-0.33841269841269844
https://openalex.org/A5085479490,control,2013,5,-0.2175059421500252
https://openalex.org/A5085678555,control,2014,-4,-1.0
https://openalex.org/A5085678555,control,2014,-3,-1.0
https://openalex.org/A5085678555,control,2014,-2,-0.6666666666666666
https://openalex.org/A5085678555,control,2014,-1,-0.6666666666666666
https://openalex.org/A5085678555,control,2014,0,-0.8947368421052632
https://openalex.org/A5085678555,control,2014,1,-0.2777777777777778
https://openalex.org/A5085678555,control,2014,2,-0.3469387755102041
https://openalex.org/A5085678555,control,2014,3,-0.2656410256410256
https://openalex.org/A5085678555,control,2014,4,0.1472893772893773
https://openalex.org/A5085678555,control,2014,5,-0.3685714285714286
https://openalex.org/A5085711958,award,2013,-4,-0.25
https://openalex.org/A5085711958,award,2013,-3,-0.7787356321839081
https://openalex.org/A5085711958,award,2013,-2,-1.0
https://openalex.org/A5085711958,award,2013,-1,-0.4117647058823529
https://openalex.org/A5085711958,award,2013,0,-0.9090909090909092
https://openalex.org/A5085711958,award,2013,1,-0.5555555555555556
https://openalex.org/A5085711958,award,2013,2,-0.9230769230769231
https://openalex.org/A5085711958,award,2013,3,-0.125
https://openalex.org/A5085711958,award,2013,4,-0.7333333333333334
https://openalex.org/A5085711958,award,2013,5,-0.7656140350877193
https://openalex.org/A5085762342,award,2017,-3,-0.4838709677419355
https://openalex.org/A5085762342,award,2017,-2,-0.9130434782608696
https://openalex.org/A5085762342,award,2017,-1,-0.45538140020898643
https://openalex.org/A5085762342,award,2017,0,-0.7862439024390244
https://openalex.org/A5085762342,award,2017,1,-0.3044444444444444
https://openalex.org/A5085762342,award,2017,2,-0.8133333333333334
https://openalex.org/A5085762342,award,2017,3,-0.5167464114832536
https://openalex.org/A5085818578,award,2010,-3,-0.13333333333333333
https://openalex.org/A5085818578,award,2010,-2,-0.5
https://openalex.org/A5085818578,award,2010,-1,-0.5155555555555555
https://openalex.org/A5085818578,award,2010,0,-0.5340909090909091
https://openalex.org/A5085818578,award,2010,1,-0.26588235294117646
https://openalex.org/A5085818578,award,2010,2,-0.01322192019866437
https://openalex.org/A5085818578,award,2010,3,-0.36039819004524887
https://openalex.org/A5085818578,award,2010,4,-0.4592173356887041
https://openalex.org/A5085818578,award,2010,5,-0.3424132088360812
https://openalex.org/A5085945429,award,2018,-4,-0.5971428571428572
https://openalex.org/A5085945429,award,2018,-3,1.0
https://openalex.org/A5085945429,award,2018,-2,-0.7533333333333333
https://openalex.org/A5085945429,award,2018,-1,-0.7513464072159725
https://openalex.org/A5085945429,award,2018,0,-0.38095238095238093
https://openalex.org/A5085945429,award,2018,1,0.7777777777777778
https://openalex.org/A5085945429,award,2018,2,-0.6666666666666666
https://openalex.org/A5085945429,award,2018,3,-0.7777777777777778
https://openalex.org/A5085945429,award,2018,4,0.03174603174603178
https://openalex.org/A5085945429,award,2018,5,-0.6
https://openalex.org/A5086057750,award,2017,-1,-0.6
https://openalex.org/A5086057750,award,2017,0,-0.36
https://openalex.org/A5086057750,award,2017,2,-0.72
https://openalex.org/A5086240513,award,2018,-3,0.3333333333333333
https://openalex.org/A5086240513,award,2018,-2,-0.6
https://openalex.org/A5086240513,award,2018,0,-0.1015800865800866
https://openalex.org/A5086240513,award,2018,1,0.06178160919540229
https://openalex.org/A5086240513,award,2018,2,-0.13612523371921867
https://openalex.org/A5086240513,award,2018,3,-0.5265079365079365
https://openalex.org/A5086240513,award,2018,4,-0.08135321468654803
https://openalex.org/A5086240513,award,2018,5,0.1927437641723356
https://openalex.org/A5086684679,award,2004,0,-0.6363636363636364
https://openalex.org/A5086684679,award,2004,1,-1.0
https://openalex.org/A5086684679,award,2004,2,-1.0
https://openalex.org/A5086684679,award,2004,3,-1.0
https://openalex.org/A5086684679,award,2004,4,-0.8405172413793104
https://openalex.org/A5086684679,award,2004,5,-0.8133333333333334
https://openalex.org/A5086690493,control,2014,-5,-0.6842105263157895
https://openalex.org/A5086690493,control,2014,-4,-0.16904761904761906
https://openalex.org/A5086690493,control,2014,-3,-0.8782608695652174
https://openalex.org/A5086690493,control,2014,-2,-0.309785575048733
https://openalex.org/A5086690493,control,2014,-1,-0.8421052631578947
https://openalex.org/A5086690493,control,2014,0,-0.755
https://openalex.org/A5086690493,control,2014,1,-0.6295652173913043
https://openalex.org/A5086690493,control,2014,2,-0.3939393939393939
https://openalex.org/A5086690493,control,2014,3,0.0
https://openalex.org/A5086690493,control,2014,4,-0.21565217391304348
https://openalex.org/A5086690493,control,2014,5,0.0
https://openalex.org/A5086854307,award,2000,-2,-0.4761904761904762
https://openalex.org/A5086854307,award,2000,-1,-0.92
https://openalex.org/A5086854307,award,2000,0,-0.33333333333333337
https://openalex.org/A5086854307,award,2000,1,0.46153846153846156
https://openalex.org/A5086854307,award,2000,2,-0.26
https://openalex.org/A5086854307,award,2000,3,-1.0
https://openalex.org/A5086854307,award,2000,5,-0.22570077817755838
https://openalex.org/A5087342649,award,2016,-4,-1.0
https://openalex.org/A5087342649,award,2016,-3,1.0
https://openalex.org/A5087342649,award,2016,-1,-0.4433333333333333
https://openalex.org/A5087342649,award,2016,0,-1.0
https://openalex.org/A5087342649,award,2016,1,-0.26190476190476186
https://openalex.org/A5087342649,award,2016,2,0.16176470588235295
https://openalex.org/A5087418634,award,2003,-1,0.28
https://openalex.org/A5087418634,award,2003,0,-0.1690780141843972
https://openalex.org/A5087418634,award,2003,1,-0.5
https://openalex.org/A5087418634,award,2003,3,0.6470588235294118
https://openalex.org/A5087672786,award,2015,-4,0.3333333333333333
https://openalex.org/A5087672786,award,2015,-3,0.7
https://openalex.org/A5087672786,award,2015,-2,-0.09777777777777778
https://openalex.org/A5087672786,award,2015,-1,-0.053782894736842085
https://openalex.org/A5087672786,award,2015,0,-0.3586513486513487
https://openalex.org/A5087672786,award,2015,1,-0.49122331553704096
https://openalex.org/A5087672786,award,2015,2,-0.4136170212765957
https://openalex.org/A5087672786,award,2015,3,-0.5671797246740038
https://openalex.org/A5087672786,award,2015,4,0.2877191366553069
https://openalex.org/A5087672786,award,2015,5,-0.15384956124560586
https://openalex.org/A5087729117,award,2014,-3,-1.0
https://openalex.org/A5087729117,award,2014,-2,-1.0
https://openalex.org/A5087729117,award,2014,0,-0.6992941176470588
https://openalex.org/A5087729117,award,2014,1,0.16666666666666669
https://openalex.org/A5087729117,award,2014,2,0.6666666666666666
https://openalex.org/A5087729117,award,2014,3,0.391304347826087
https://openalex.org/A5087880833,award,2011,0,-0.48
https://openalex.org/A5087880833,award,2011,1,-0.6388888888888888
https://openalex.org/A5087880833,award,2011,2,-0.5
https://openalex.org/A5087880833,award,2011,3,-0.5392156862745098
https://openalex.org/A5087880833,award,2011,4,-1.0
https://openalex.org/A5087880833,award,2011,5,-1.0
https://openalex.org/A5087981305,award,2015,-1,0.0344827586206896
https://openalex.org/A5087981305,award,2015,0,-0.6928746928746929
https://openalex.org/A5087981305,award,2015,1,0.24
https://openalex.org/A5087981305,award,2015,2,-0.331219806763285
https://openalex.org/A5088017068,award,2016,-5,-1.0
https://openalex.org/A5088017068,award,2016,-4,-0.6666666666666666
https://openalex.org/A5088017068,award,2016,-3,-1.0
https://openalex.org/A5088017068,award,2016,-2,-0.31185897435897436
https://openalex.org/A5088017068,award,2016,-1,-0.4375
https://openalex.org/A5088017068,award,2016,0,0.1285365853658537
https://openalex.org/A5088017068,award,2016,1,-0.31667459389991526
https://openalex.org/A5088017068,award,2016,2,-0.39166666666666666
https://openalex.org/A5088017068,award,2016,3,-0.40277777777777773
https://openalex.org/A5088017068,award,2016,4,-0.8333333333333334
https://openalex.org/A5088017068,award,2016,5,-0.5910552486868276
https://openalex.org/A5088135366,control,2012,-5,-0.4074567413976281
https://openalex.org/A5088135366,control,2012,-4,-0.0830178584990615
https://openalex.org/A5088135366,control,2012,-3,-0.19816136984372754
https://openalex.org/A5088135366,control,2012,-2,-0.3283034341618568
https://openalex.org/A5088135366,control,2012,-1,-0.23104353823308071
https://openalex.org/A5088135366,control,2012,0,-0.24121702155805055
https://openalex.org/A5088135366,control,2012,1,-0.5032051263612726
https://openalex.org/A5088135366,control,2012,2,-0.2514723032820496
https://openalex.org/A5088135366,control,2012,3,-0.2668398268398268
https://openalex.org/A5088135366,control,2012,4,-0.31492592669652747
https://openalex.org/A5088135366,control,2012,5,-0.36000566462778016
https://openalex.org/A5088203996,award,2007,-2,1.0
https://openalex.org/A5088203996,award,2007,-1,0.19444444444444445
https://openalex.org/A5088203996,award,2007,0,-0.3031707317073171
https://openalex.org/A5088203996,award,2007,1,-0.8888888888888888
https://openalex.org/A5088203996,award,2007,2,-0.5476190476190476
https://openalex.org/A5088203996,award,2007,5,-0.68
https://openalex.org/A5088242464,award,2005,-2,-0.8765217391304347
https://openalex.org/A5088242464,award,2005,0,-0.7008695652173913
https://openalex.org/A5088242464,award,2005,1,0.4285714285714286
https://openalex.org/A5088242464,award,2005,3,-0.8
https://openalex.org/A5088296218,award,2013,0,1.0
https://openalex.org/A5088296218,award,2013,5,-1.0
https://openalex.org/A5088410123,award,2012,-5,0.0
https://openalex.org/A5088410123,award,2012,-4,-0.27777777777777773
https://openalex.org/A5088410123,award,2012,-1,-0.656996336996337
https://openalex.org/A5088410123,award,2012,0,-0.6174948240165631
https://openalex.org/A5088410123,award,2012,1,-0.186532722179781
https://openalex.org/A5088410123,award,2012,2,-0.1776666666666667
https://openalex.org/A5088410123,award,2012,3,0.3537768994290733
https://openalex.org/A5088410123,award,2012,4,0.22857142857142856
https://openalex.org/A5088410123,award,2012,5,0.20711603054557218
https://openalex.org/A5088457102,award,2015,0,-0.65
https://openalex.org/A5088457102,award,2015,2,-0.5555555555555556
https://openalex.org/A5088457102,award,2015,3,-0.35241502683363146
https://openalex.org/A5088457102,award,2015,5,-0.6
https://openalex.org/A5088473222,award,2012,0,-0.12
https://openalex.org/A5088473222,award,2012,3,-0.5300689655172415
https://openalex.org/A5088559756,award,2015,0,0.017500000000000016
https://openalex.org/A5088559756,award,2015,2,0.35
https://openalex.org/A5088559756,award,2015,3,-0.06666666666666667
https://openalex.org/A5088559756,award,2015,4,0.4714285714285714
https://openalex.org/A5088559756,award,2015,5,-0.575091575091575
https://openalex.org/A5088621320,award,2011,-3,-0.76
https://openalex.org/A5088621320,award,2011,-2,-0.14337662337662338
https://openalex.org/A5088621320,award,2011,-1,-0.5838291380625475
https://openalex.org/A5088621320,award,2011,0,-0.6239324618736384
https://openalex.org/A5088621320,award,2011,1,-0.29697263520792927
https://openalex.org/A5088621320,award,2011,2,-0.526041366041366
https://openalex.org/A5088621320,award,2011,3,-0.33909632034632037
https://openalex.org/A5088621320,award,2011,4,-0.48635192784101644
https://openalex.org/A5088621320,award,2011,5,-0.5476168937532574
https://openalex.org/A5088912016,award,2013,0,-0.2857142857142857
https://openalex.org/A5088912016,award,2013,1,0.3333333333333333
https://openalex.org/A5088912016,award,2013,3,0.2142857142857143
https://openalex.org/A5088912016,award,2013,4,1.0
https://openalex.org/A5089076722,control,2014,-4,-0.6
https://openalex.org/A5089076722,control,2014,-3,-0.6
https://openalex.org/A5089076722,control,2014,-2,-1.0
https://openalex.org/A5089076722,control,2014,-1,-0.4603174603174603
https://openalex.org/A5089076722,control,2014,0,-0.625
https://openalex.org/A5089076722,control,2014,1,-0.8555555555555555
https://openalex.org/A5089076722,control,2014,2,-0.75
https://openalex.org/A5089076722,control,2014,3,0.25099778270509976
https://openalex.org/A5089076722,control,2014,4,-0.071
https://openalex.org/A5089076722,control,2014,5,-0.14285714285714285
https://openalex.org/A5089242807,award,2013,-3,-0.21441056910569106
https://openalex.org/A5089242807,award,2013,-2,0.42
https://openalex.org/A5089242807,award,2013,-1,0.46
https://openalex.org/A5089242807,award,2013,0,0.2103030303030303
https://openalex.org/A5089242807,award,2013,1,-0.06970588235294117
https://openalex.org/A5089242807,award,2013,2,-0.125
https://openalex.org/A5089242807,award,2013,3,0.029629629629629617
https://openalex.org/A5089242807,award,2013,4,-0.2
https://openalex.org/A5089242807,award,2013,5,0.5
https://openalex.org/A5089708930,award,2015,0,-0.64
https://openalex.org/A5089708930,award,2015,1,0.3333333333333333
https://openalex.org/A5089731854,award,2017,-4,1.0
https://openalex.org/A5089731854,award,2017,-3,-0.15555555555555556
https://openalex.org/A5089731854,award,2017,-2,-0.15000000000000002
https://openalex.org/A5089731854,award,2017,-1,-0.5463736263736264
https://openalex.org/A5089731854,award,2017,0,-0.01379310344827589
https://openalex.org/A5089731854,award,2017,2,-0.2
https://openalex.org/A5089731854,award,2017,3,0.6555555555555556
https://openalex.org/A5089731854,award,2017,4,-0.4202678300564841
https://openalex.org/A5089731854,award,2017,5,-0.017055611729019215
https://openalex.org/A5089763199,control,2013,-4,-1.0
https://openalex.org/A5089763199,control,2013,-3,-1.0
https://openalex.org/A5089763199,control,2013,-2,-0.7435897435897436
https://openalex.org/A5089763199,control,2013,-1,-0.6
https://openalex.org/A5089763199,control,2013,0,-0.40831168831168824
https://openalex.org/A5089763199,control,2013,2,-1.0
https://openalex.org/A5089763199,control,2013,3,-0.2
https://openalex.org/A5089763199,control,2013,4,0.03333333333333335
https://openalex.org/A5089763199,control,2013,5,-0.43487179487179484
https://openalex.org/A5089788947,control,2004,-5,-0.05197063805759457
https://openalex.org/A5089788947,control,2004,-4,-0.06057235175934362
https://openalex.org/A5089788947,control,2004,-3,-0.66
https://openalex.org/A5089788947,control,2004,-2,0.409375
https://openalex.org/A5089788947,control,2004,-1,0.06
https://openalex.org/A5089788947,control,2004,0,-0.042439024390243905
https://openalex.org/A5089788947,control,2004,1,-0.36533333333333334
https://openalex.org/A5089788947,control,2004,2,-0.0044621357314855855
https://openalex.org/A5089788947,control,2004,3,-0.4287179487179487
https://openalex.org/A5089788947,control,2004,4,-0.28259657366040347
https://openalex.org/A5089788947,control,2004,5,-0.05221850613154961
https://openalex.org/A5089862531,award,2013,-4,-1.0
https://openalex.org/A5089862531,award,2013,-1,-1.0
https://openalex.org/A5089862531,award,2013,0,-0.6043956043956044
https://openalex.org/A5089862531,award,2013,1,0.2475
https://openalex.org/A5089862531,award,2013,2,-0.3333333333333333
https://openalex.org/A5089862531,award,2013,3,-0.6
https://openalex.org/A5089862531,award,2013,4,0.7142857142857143
https://openalex.org/A5089862531,award,2013,5,1.0
https://openalex.org/A5089960673,award,2003,0,-0.56
https://openalex.org/A5089960673,award,2003,2,-0.26666666666666666
https://openalex.org/A5089960673,award,2003,3,-0.04277777777777775
https://openalex.org/A5089960673,award,2003,4,-0.10400000000000001
https://openalex.org/A5089960673,award,2003,5,-0.49333333333333335
https://openalex.org/A5090101869,award,2018,-4,-1.0
https://openalex.org/A5090101869,award,2018,-2,-0.8
https://openalex.org/A5090101869,award,2018,-1,-0.2
https://openalex.org/A5090101869,award,2018,0,-0.7933333333333333
https://openalex.org/A5090101869,award,2018,1,-0.6782479296066253
https://openalex.org/A5090101869,award,2018,2,-0.16242424242424244
https://openalex.org/A5090101869,award,2018,3,-0.14442934782608696
https://openalex.org/A5090101869,award,2018,4,-0.9473684210526316
https://openalex.org/A5090101869,award,2018,5,-0.1428571428571428
https://openalex.org/A5090128483,award,2005,0,-0.847536231884058
https://openalex.org/A5090128483,award,2005,1,-0.9333333333333333
https://openalex.org/A5090128483,award,2005,2,-0.8783068783068783
https://openalex.org/A5090128483,award,2005,3,-0.8888888888888888
https://openalex.org/A5090215557,control,2000,0,1.0
https://openalex.org/A5090215557,control,2000,2,-0.6363636363636364
https://openalex.org/A5090215557,control,2000,3,-0.8449612403100776
https://openalex.org/A5090215557,control,2000,4,-0.6357142857142857
https://openalex.org/A5090215557,control,2000,5,-1.0
https://openalex.org/A5090255963,award,2007,0,-0.8888888888888888
https://openalex.org/A5090255963,award,2007,1,-0.44
https://openalex.org/A5090255963,award,2007,3,-1.0
https://openalex.org/A5090520110,award,2015,-4,-1.0
https://openalex.org/A5090520110,award,2015,-2,-0.39655172413793105
https://openalex.org/A5090520110,award,2015,-1,-0.6666666666666666
https://openalex.org/A5090520110,award,2015,0,-0.7142857142857143
https://openalex.org/A5090520110,award,2015,1,-0.8064516129032258
https://openalex.org/A5090520110,award,2015,3,0.08366755793226384
https://openalex.org/A5090520110,award,2015,4,-0.6799999999999999
https://openalex.org/A5090520110,award,2015,5,-0.75
https://openalex.org/A5090891852,award,2014,0,-0.6421052631578947
https://openalex.org/A5090891852,award,2014,2,-1.0
https://openalex.org/A5090891852,award,2014,3,-0.9166666666666666
https://openalex.org/A5090891852,award,2014,4,-0.8
https://openalex.org/A5090891852,award,2014,5,-0.3901098901098901
https://openalex.org/A5091130856,award,2013,0,-0.72
https://openalex.org/A5091174431,award,2018,-2,-0.8333333333333334
https://openalex.org/A5091174431,award,2018,0,0.24137931034482757
https://openalex.org/A5091174431,award,2018,4,-1.0
https://openalex.org/A5091273829,award,2011,-2,-1.0
https://openalex.org/A5091273829,award,2011,0,-0.7466666666666667
https://openalex.org/A5091273829,award,2011,1,0.5116279069767441
https://openalex.org/A5091273829,award,2011,2,-0.7422222222222222
https://openalex.org/A5091273829,award,2011,3,-0.3
https://openalex.org/A5091273829,award,2011,4,-0.4167441860465116
https://openalex.org/A5091273829,award,2011,5,-0.3516483516483516
https://openalex.org/A5091346638,award,2016,-4,1.0
https://openalex.org/A5091346638,award,2016,0,-0.6519949727691663
https://openalex.org/A5091346638,award,2016,1,-0.6875
https://openalex.org/A5091346638,award,2016,4,1.0
https://openalex.org/A5091720485,award,2018,-1,0.04999999999999999
https://openalex.org/A5091720485,award,2018,0,-0.3
https://openalex.org/A5091720485,award,2018,1,-0.6447058823529412
https://openalex.org/A5091720485,award,2018,2,1.0
https://openalex.org/A5091720485,award,2018,3,-0.16
https://openalex.org/A5091725659,award,2012,-3,-0.7692307692307692
https://openalex.org/A5091725659,award,2012,0,-0.5555555555555556
https://openalex.org/A5091819924,award,2014,-2,-1.0
https://openalex.org/A5091819924,award,2014,-1,-0.4259259259259259
https://openalex.org/A5091819924,award,2014,0,-0.23151515151515153
https://openalex.org/A5091819924,award,2014,1,-0.1957070707070707
https://openalex.org/A5091819924,award,2014,2,-0.682962962962963
https://openalex.org/A5091819924,award,2014,3,-0.24000000000000002
https://openalex.org/A5091819924,award,2014,4,-0.21818181818181817
https://openalex.org/A5091819924,award,2014,5,-0.56
https://openalex.org/A5091847639,award,2018,-2,-0.026249999999999996
https://openalex.org/A5091847639,award,2018,-1,-0.5
https://openalex.org/A5091847639,award,2018,0,-0.8
https://openalex.org/A5096865738,award,2003,0,-0.64
https://openalex.org/A5096892146,award,2003,0,-0.64
https://openalex.org/A5097550878,award,2012,0,-0.5135135135135135
https://openalex.org/A5100318444,control,2003,-5,0.45
https://openalex.org/A5100318444,control,2003,-4,0.11904761904761907
https://openalex.org/A5100318444,control,2003,-3,-0.6842105263157894
https://openalex.org/A5100318444,control,2003,-2,0.24330484330484334
https://openalex.org/A5100318444,control,2003,-1,0.0
https://openalex.org/A5100318444,control,2003,0,0.047321428571428556
https://openalex.org/A5100318444,control,2003,1,0.4582417582417583
https://openalex.org/A5100318444,control,2003,2,-0.07016274823292368
https://openalex.org/A5100318444,control,2003,3,-0.17400575614861327
https://openalex.org/A5100318444,control,2003,4,-0.0978478892421921
https://openalex.org/A5100318444,control,2003,5,0.2511337868480726
https://openalex.org/A5100342798,award,2018,-1,-0.053333333333333344
https://openalex.org/A5100342798,award,2018,0,-0.25
https://openalex.org/A5100342798,award,2018,1,-0.6733333333333333
https://openalex.org/A5100342798,award,2018,2,0.09333333333333334
https://openalex.org/A5100342798,award,2018,3,-0.55
https://openalex.org/A5100342798,award,2018,4,-0.14585858585858588
https://openalex.org/A5100342798,award,2018,5,-0.20853858784893267
https://openalex.org/A5100352782,control,2016,-5,0.25
https://openalex.org/A5100352782,control,2016,-2,-0.5187165775401069
https://openalex.org/A5100352782,control,2016,-1,-0.7985347985347985
https://openalex.org/A5100352782,control,2016,0,-0.6201195037401934
https://openalex.org/A5100352782,control,2016,1,-0.20803782505910165
https://openalex.org/A5100352782,control,2016,2,-0.600151171579743
https://openalex.org/A5100352782,control,2016,3,-0.4066666666666666
https://openalex.org/A5100352782,control,2016,4,-0.30515074013795246
https://openalex.org/A5100352782,control,2016,5,-0.6859420289855073
https://openalex.org/A5100355692,control,2016,-5,-0.10793981485155832
https://openalex.org/A5100355692,control,2016,-4,-0.2041203747714463
https://openalex.org/A5100355692,control,2016,-3,-0.34642212590915483
https://openalex.org/A5100355692,control,2016,-2,-0.4465455436656417
https://openalex.org/A5100355692,control,2016,-1,-0.33107760412721227
https://openalex.org/A5100355692,control,2016,0,-0.07185723745176195
https://openalex.org/A5100355692,control,2016,1,-0.2827443693394046
https://openalex.org/A5100355692,control,2016,2,-0.19495300642363858
https://openalex.org/A5100355692,control,2016,3,-0.1547257267707128
https://openalex.org/A5100355692,control,2016,4,-0.1559535865284804
https://openalex.org/A5100355692,control,2016,5,-0.12280460409732688
https://openalex.org/A5100368855,award,2008,-2,-0.8461538461538461
https://openalex.org/A5100368855,award,2008,0,-0.4
https://openalex.org/A5100368855,award,2008,1,-1.0
https://openalex.org/A5100368855,award,2008,2,-0.7999999999999999
https://openalex.org/A5100368855,award,2008,3,-0.6666666666666666
https://openalex.org/A5100368855,award,2008,4,-0.6666666666666666
https://openalex.org/A5100388094,award,2002,-1,-0.875
https://openalex.org/A5100388094,award,2002,0,0.04
https://openalex.org/A5100388094,award,2002,2,0.16666666666666669
https://openalex.org/A5100388094,award,2002,4,-0.2784090909090909
https://openalex.org/A5100388094,award,2002,5,0.0
https://openalex.org/A5100388576,award,2004,-3,0.3333333333333333
https://openalex.org/A5100388576,award,2004,-2,0.6666666666666666
https://openalex.org/A5100388576,award,2004,0,-0.3591941391941392
https://openalex.org/A5100388576,award,2004,1,-0.8333333333333334
https://openalex.org/A5100388576,award,2004,2,-0.7775
https://openalex.org/A5100388576,award,2004,3,-0.8
https://openalex.org/A5100388576,award,2004,4,-0.361875
https://openalex.org/A5100388576,award,2004,5,-0.5133449883449883
https://openalex.org/A5100391567,control,2016,-5,0.7619047619047619
https://openalex.org/A5100391567,control,2016,-4,1.0
https://openalex.org/A5100391567,control,2016,-3,-0.5216706067769897
https://openalex.org/A5100391567,control,2016,-1,-0.0909090909090909
https://openalex.org/A5100391567,control,2016,0,-0.125
https://openalex.org/A5100391567,control,2016,2,-0.696969696969697
https://openalex.org/A5100391567,control,2016,3,0.17460317460317462
https://openalex.org/A5100391567,control,2016,4,0.17559523809523808
https://openalex.org/A5100391567,control,2016,5,-0.312
https://openalex.org/A5100401500,award,2004,0,-0.41151515151515144
https://openalex.org/A5100401500,award,2004,1,-0.4375
https://openalex.org/A5100401500,award,2004,2,-0.7999999999999999
https://openalex.org/A5100401500,award,2004,3,-0.21222222222222223
https://openalex.org/A5100411657,award,2004,0,-0.8333333333333334
https://openalex.org/A5100411657,award,2004,2,-0.88
https://openalex.org/A5100423728,award,2011,-3,-1.0
https://openalex.org/A5100423728,award,2011,-2,-0.6
https://openalex.org/A5100423728,award,2011,-1,0.3333333333333333
https://openalex.org/A5100423728,award,2011,0,-0.1103703703703704
https://openalex.org/A5100423728,award,2011,1,-0.76
https://openalex.org/A5100423728,award,2011,3,-0.32
https://openalex.org/A5100423728,award,2011,4,0.07222222222222223
https://openalex.org/A5100423728,award,2011,5,0.19354545454545455
https://openalex.org/A5100425893,award,2018,-1,-0.12
https://openalex.org/A5100425893,award,2018,0,0.3333333333333333
https://openalex.org/A5100425893,award,2018,2,-0.3066666666666667
https://openalex.org/A5100425893,award,2018,3,-0.11574074074074077
https://openalex.org/A5100425893,award,2018,4,0.38461538461538464
https://openalex.org/A5100425893,award,2018,5,0.17142857142857143
https://openalex.org/A5100432792,award,2012,0,-0.12
https://openalex.org/A5100432792,award,2012,1,-0.3333333333333333
https://openalex.org/A5100432792,award,2012,2,0.0
https://openalex.org/A5100432792,award,2012,3,-0.3103448275862069
https://openalex.org/A5100432792,award,2012,5,-1.0
https://openalex.org/A5100443178,control,2015,-5,-0.7589285714285714
https://openalex.org/A5100443178,control,2015,-4,0.4177777777777778
https://openalex.org/A5100443178,control,2015,-3,-0.7962962962962963
https://openalex.org/A5100443178,control,2015,-2,0.0
https://openalex.org/A5100443178,control,2015,-1,-0.8333333333333333
https://openalex.org/A5100443178,control,2015,0,-0.5625
https://openalex.org/A5100443178,control,2015,1,0.6666666666666666
https://openalex.org/A5100443178,control,2015,2,-0.4079318853075752
https://openalex.org/A5100443178,control,2015,3,-0.24104401682739174
https://openalex.org/A5100443178,control,2015,4,-0.3487572387167938
https://openalex.org/A5100443178,control,2015,5,-0.18197001066566285
https://openalex.org/A5100450015,control,2014,-5,-0.8333333333333334
https://openalex.org/A5100450015,control,2014,-4,-0.5833333333333334
https://openalex.org/A5100450015,control,2014,-2,0.0
https://openalex.org/A5100450015,control,2014,-1,0.6666666666666666
https://openalex.org/A5100450015,control,2014,0,-0.2966666666666667
https://openalex.org/A5100450015,control,2014,2,0.6
https://openalex.org/A5100450015,control,2014,3,0.04301587301587301
https://openalex.org/A5100450015,control,2014,4,-0.87
https://openalex.org/A5100450015,control,2014,5,-0.1342857142857143
https://openalex.org/A5100451576,control,2009,-4,-0.8
https://openalex.org/A5100451576,control,2009,-3,0.08333333333333334
https://openalex.org/A5100451576,control,2009,-2,-0.6645962732919255
https://openalex.org/A5100451576,control,2009,-1,-0.6205555555555556
https://openalex.org/A5100451576,control,2009,0,-0.47948015199288546
https://openalex.org/A5100451576,control,2009,1,-0.46999569058392593
https://openalex.org/A5100451576,control,2009,2,-0.5477116090036429
https://openalex.org/A5100451576,control,2009,3,-0.518735445840709
https://openalex.org/A5100451576,control,2009,4,-0.4502525728074988
https://openalex.org/A5100451576,control,2009,5,-0.49638482773037407
https://openalex.org/A5100452089,control,2009,5,1.0
https://openalex.org/A5100462890,award,2001,1,-0.72
https://openalex.org/A5100462890,award,2001,4,-1.0
https://openalex.org/A5100621292,award,2014,0,-0.8333333333333334
https://openalex.org/A5100621292,award,2014,2,0.2
https://openalex.org/A5100621292,award,2014,3,-0.8461538461538461
https://openalex.org/A5100621292,award,2014,4,-0.4
https://openalex.org/A5100621292,award,2014,5,-0.4545454545454545
https://openalex.org/A5100631553,award,2014,-4,1.0
https://openalex.org/A5100631553,award,2014,-2,-0.3333333333333333
https://openalex.org/A5100631553,award,2014,0,0.52
https://openalex.org/A5100631553,award,2014,1,-0.4782608695652174
https://openalex.org/A5100631553,award,2014,4,-0.24941915227629516
https://openalex.org/A5100631553,award,2014,5,0.37272727272727274
https://openalex.org/A5100634702,control,2015,-3,-0.1
https://openalex.org/A5100634702,control,2015,-2,0.6363636363636364
https://openalex.org/A5100634702,control,2015,-1,-0.1
https://openalex.org/A5100634702,control,2015,0,-0.21551724137931033
https://openalex.org/A5100634702,control,2015,1,-0.6
https://openalex.org/A5100634702,control,2015,2,-0.3159391124871001
https://openalex.org/A5100634702,control,2015,3,-0.008000000000000023
https://openalex.org/A5100634702,control,2015,4,0.37777777777777777
https://openalex.org/A5100634702,control,2015,5,-0.17537811042898924
https://openalex.org/A5100641353,control,2014,-3,-0.6923076923076923
https://openalex.org/A5100641353,control,2014,-2,1.0
https://openalex.org/A5100641353,control,2014,-1,-0.15604938271604937
https://openalex.org/A5100641353,control,2014,0,-0.76
https://openalex.org/A5100641353,control,2014,1,-0.1111111111111111
https://openalex.org/A5100641353,control,2014,2,-0.26487179487179485
https://openalex.org/A5100641353,control,2014,3,-0.4004615384615384
https://openalex.org/A5100641353,control,2014,4,-0.04469987228607919
https://openalex.org/A5100641353,control,2014,5,-0.7854685494223362
https://openalex.org/A5100648252,control,2017,-3,0.5555555555555556
https://openalex.org/A5100648252,control,2017,-2,0.75
https://openalex.org/A5100648252,control,2017,0,0.1428571428571428
https://openalex.org/A5100648252,control,2017,1,0.5
https://openalex.org/A5100648252,control,2017,2,-0.08333333333333333
https://openalex.org/A5100648252,control,2017,4,0.0
https://openalex.org/A5100648252,control,2017,5,-0.16666666666666666
https://openalex.org/A5100668121,control,2017,-5,0.06582010582010585
https://openalex.org/A5100668121,control,2017,-4,-0.3991359668204967
https://openalex.org/A5100668121,control,2017,-3,-0.21341096326328568
https://openalex.org/A5100668121,control,2017,-2,-0.41223387297071507
https://openalex.org/A5100668121,control,2017,-1,-0.15777777777777777
https://openalex.org/A5100668121,control,2017,0,-0.0431901779041367
https://openalex.org/A5100668121,control,2017,1,-0.3049344981189059
https://openalex.org/A5100668121,control,2017,2,-0.2824764202844024
https://openalex.org/A5100668121,control,2017,3,-0.2353896965997312
https://openalex.org/A5100668121,control,2017,4,-0.26199715349275465
https://openalex.org/A5100668121,control,2017,5,-0.1653320942184966
https://openalex.org/A5100673750,control,2015,-5,-1.0
https://openalex.org/A5100673750,control,2015,-4,-0.8571428571428571
https://openalex.org/A5100673750,control,2015,-3,0.0
https://openalex.org/A5100673750,control,2015,-2,-0.592156862745098
https://openalex.org/A5100673750,control,2015,-1,-0.2631578947368421
https://openalex.org/A5100673750,control,2015,0,-0.26417233560090697
https://openalex.org/A5100673750,control,2015,1,-1.0
https://openalex.org/A5100673750,control,2015,2,-0.6911764705882353
https://openalex.org/A5100673750,control,2015,3,-0.7200000000000001
https://openalex.org/A5100673750,control,2015,4,0.6666666666666666
https://openalex.org/A5100673750,control,2015,5,-0.08
https://openalex.org/A5100687673,award,2010,-4,0.16666666666666669
https://openalex.org/A5100687673,award,2010,-3,-0.4541062801932367
https://openalex.org/A5100687673,award,2010,-2,-0.6
https://openalex.org/A5100687673,award,2010,-1,0.25166666666666665
https://openalex.org/A5100687673,award,2010,0,-0.41000000000000003
https://openalex.org/A5100687673,award,2010,1,-0.24305555555555558
https://openalex.org/A5100687673,award,2010,2,-0.7948717948717949
https://openalex.org/A5100687673,award,2010,3,-0.116395881006865
https://openalex.org/A5100687673,award,2010,4,-0.3034013605442177
https://openalex.org/A5100687673,award,2010,5,0.16735294117647057
https://openalex.org/A5100693396,control,2014,-5,-0.7397504456327986
https://openalex.org/A5100693396,control,2014,-4,-0.04533333333333334
https://openalex.org/A5100693396,control,2014,-3,0.0
https://openalex.org/A5100693396,control,2014,-2,-0.8
https://openalex.org/A5100693396,control,2014,-1,-0.8181818181818181
https://openalex.org/A5100693396,control,2014,0,-0.27666666666666667
https://openalex.org/A5100693396,control,2014,1,0.0
https://openalex.org/A5100693396,control,2014,2,0.020000000000000018
https://openalex.org/A5100693396,control,2014,3,0.6719999999999999
https://openalex.org/A5100693396,control,2014,4,-0.2887205387205387
https://openalex.org/A5100693396,control,2014,5,-0.1
https://openalex.org/A5100695695,award,2007,-3,0.5
https://openalex.org/A5100695695,award,2007,-2,-0.04312354312354313
https://openalex.org/A5100695695,award,2007,-1,-0.6548148148148148
https://openalex.org/A5100695695,award,2007,0,-0.8133333333333334
https://openalex.org/A5100695695,award,2007,1,0.6666666666666666
https://openalex.org/A5100695695,award,2007,2,-0.6666666666666666
https://openalex.org/A5100695695,award,2007,3,-0.7560975609756098
https://openalex.org/A5100695695,award,2007,4,-0.7573514211886305
https://openalex.org/A5100695695,award,2007,5,0.24
https://openalex.org/A5100730687,control,2015,-5,-0.2
https://openalex.org/A5100730687,control,2015,-1,1.0
https://openalex.org/A5100730687,control,2015,3,-0.9625
https://openalex.org/A5100730687,control,2015,5,-0.15555555555555556
https://openalex.org/A5100735704,award,2009,-5,-1.0
https://openalex.org/A5100735704,award,2009,-4,-0.9791666666666666
https://openalex.org/A5100735704,award,2009,-3,-0.8225454545454545
https://openalex.org/A5100735704,award,2009,-2,-0.608495066699401
https://openalex.org/A5100735704,award,2009,-1,-0.7707231040564374
https://openalex.org/A5100735704,award,2009,0,-0.09002020202020203
https://openalex.org/A5100735704,award,2009,1,-0.1091866028708134
https://openalex.org/A5100735704,award,2009,2,0.12430555555555556
https://openalex.org/A5100735704,award,2009,3,-0.6833333333333333
https://openalex.org/A5100735704,award,2009,4,-0.23064327485380115
https://openalex.org/A5100735704,award,2009,5,-0.21285714285714286
https://openalex.org/A5100735881,control,2009,-5,-0.8333333333333333
https://openalex.org/A5100735881,control,2009,-3,1.0
https://openalex.org/A5100735881,control,2009,-2,0.0
https://openalex.org/A5100735881,control,2009,-1,0.75
https://openalex.org/A5100735881,control,2009,0,0.15000000000000002
https://openalex.org/A5100741029,control,2014,-5,-0.3333333333333333
https://openalex.org/A5100741029,control,2014,-4,0.04999999999999999
https://openalex.org/A5100741029,control,2014,-3,0.5111111111111111
https://openalex.org/A5100741029,control,2014,-2,0.27822578728461084
https://openalex.org/A5100741029,control,2014,-1,-0.1838095238095238
https://openalex.org/A5100741029,control,2014,0,0.9
https://openalex.org/A5100741029,control,2014,1,-0.6222222222222222
https://openalex.org/A5100741029,control,2014,2,0.6458333333333333
https://openalex.org/A5100741029,control,2014,3,-0.06886002886002886
https://openalex.org/A5100741029,control,2014,4,0.4344444444444444
https://openalex.org/A5100741029,control,2014,5,-0.00024196912807677016
https://openalex.org/A5100760812,control,2017,-5,0.06582010582010585
https://openalex.org/A5100760812,control,2017,-4,-0.35749561673474717
https://openalex.org/A5100760812,control,2017,-3,-0.2629469813340781
https://openalex.org/A5100760812,control,2017,-2,-0.47596486389719467
https://openalex.org/A5100760812,control,2017,-1,-0.04081996434937611
https://openalex.org/A5100760812,control,2017,0,-0.1736168207078962
https://openalex.org/A5100760812,control,2017,1,-0.483354661927784
https://openalex.org/A5100760812,control,2017,2,-0.3025343217628528
https://openalex.org/A5100760812,control,2017,3,-0.35247323816057374
https://openalex.org/A5100760812,control,2017,4,-0.2535405116050277
https://openalex.org/A5100760812,control,2017,5,-0.1426710869107986
https://openalex.org/A5100951661,control,2009,-5,0.2
https://openalex.org/A5100951661,control,2009,-4,-0.8666666666666667
https://openalex.org/A5100951661,control,2009,-3,-0.6875
https://openalex.org/A5100951661,control,2009,-2,-0.9550000000000001
https://openalex.org/A5100951661,control,2009,-1,-0.7779487179487179
https://openalex.org/A5100951661,control,2009,0,-0.5523190413309258
https://openalex.org/A5100951661,control,2009,1,-0.5858770858770859
https://openalex.org/A5100951661,control,2009,2,-0.759263186942831
https://openalex.org/A5100951661,control,2009,3,-0.7632096626084895
https://openalex.org/A5100951661,control,2009,4,-0.4914975845410628
https://openalex.org/A5100951661,control,2009,5,-0.19897255811627249
https://openalex.org/A5101415638,award,2017,0,-0.5327272727272727
https://openalex.org/A5101415638,award,2017,1,0.32
https://openalex.org/A5101415638,award,2017,2,0.25
https://openalex.org/A5101415638,award,2017,3,-0.09027777777777775
https://openalex.org/A5101415638,award,2017,4,0.025449229133439666
https://openalex.org/A5101415638,award,2017,5,-0.2857142857142857
https://openalex.org/A5101415694,award,2017,0,-0.32
https://openalex.org/A5101415694,award,2017,5,-0.5878787878787879
https://openalex.org/A5101445828,control,2015,-5,1.0
https://openalex.org/A5101445828,control,2015,-4,0.03518518518518521
https://openalex.org/A5101445828,control,2015,0,-0.3862433862433862
https://openalex.org/A5101445828,control,2015,2,-0.19047619047619047
https://openalex.org/A5101445828,control,2015,3,-0.20800000000000002
https://openalex.org/A5101445828,control,2015,4,-0.578367284889024
https://openalex.org/A5101445828,control,2015,5,-0.2693333333333333
https://openalex.org/A5101558101,award,2018,-4,0.32407407407407407
https://openalex.org/A5101558101,award,2018,-3,0.13636363636363635
https://openalex.org/A5101558101,award,2018,0,0.06343589743589743
https://openalex.org/A5101558101,award,2018,1,0.1428571428571428
https://openalex.org/A5101558101,award,2018,2,0.75
https://openalex.org/A5101571936,control,2002,3,0.6031746031746031
https://openalex.org/A5101571936,control,2002,4,-0.56
https://openalex.org/A5101571936,control,2002,5,-0.7397530864197531
https://openalex.org/A5101627589,control,2012,-5,-0.95
https://openalex.org/A5101627589,control,2012,-4,-1.0
https://openalex.org/A5101627589,control,2012,-3,-0.7142857142857143
https://openalex.org/A5101627589,control,2012,-2,-0.75
https://openalex.org/A5101627589,control,2012,-1,-0.7777777777777778
https://openalex.org/A5101627589,control,2012,0,-0.7333333333333333
https://openalex.org/A5101627589,control,2012,1,-1.0
https://openalex.org/A5101627589,control,2012,2,-0.7142857142857143
https://openalex.org/A5101627589,control,2012,3,0.5
https://openalex.org/A5101627589,control,2012,4,-0.1575757575757576
https://openalex.org/A5101627589,control,2012,5,-0.4303333333333333
https://openalex.org/A5101633144,award,2007,-1,-1.0
https://openalex.org/A5101633144,award,2007,0,-0.6695833333333333
https://openalex.org/A5101633144,award,2007,1,-0.04888888888888887
https://openalex.org/A5101633144,award,2007,2,-0.09866666666666668
https://openalex.org/A5101633144,award,2007,3,-0.7030172413793103
https://openalex.org/A5101633144,award,2007,4,-0.10696465696465696
https://openalex.org/A5101633144,award,2007,5,-0.5482261727012567
https://openalex.org/A5101716412,award,2004,-1,-0.6
https://openalex.org/A5101716412,award,2004,0,0.14568627450980393
https://openalex.org/A5101716412,award,2004,1,-0.3533783783783784
https://openalex.org/A5101716412,award,2004,2,-0.5562499999999999
https://openalex.org/A5101716412,award,2004,3,-0.46933977455716586
https://openalex.org/A5101716412,award,2004,4,-0.42357142857142854
https://openalex.org/A5101716412,award,2004,5,-0.26666666666666666
https://openalex.org/A5101744869,award,2006,-2,1.0
https://openalex.org/A5101744869,award,2006,0,-0.36
https://openalex.org/A5101744869,award,2006,1,0.0
https://openalex.org/A5101744869,award,2006,2,0.1612903225806451
https://openalex.org/A5101744869,award,2006,4,1.0
https://openalex.org/A5101772780,award,2000,0,-0.64
https://openalex.org/A5101772780,award,2000,1,-0.7727272727272727
https://openalex.org/A5101772780,award,2000,2,-0.08124999999999999
https://openalex.org/A5101772780,award,2000,3,-0.56
https://openalex.org/A5101772780,award,2000,5,-1.0
https://openalex.org/A5101776191,award,2016,-2,0.6666666666666666
https://openalex.org/A5101776191,award,2016,-1,-0.6085106382978723
https://openalex.org/A5101776191,award,2016,0,-0.4988888888888889
https://openalex.org/A5101776191,award,2016,2,0.75
https://openalex.org/A5101776191,award,2016,3,-0.44224390243902445
https://openalex.org/A5101776191,award,2016,4,-0.25
https://openalex.org/A5101783316,control,2003,-2,-1.0
https://openalex.org/A5101783316,control,2003,1,-0.8055555555555556
https://openalex.org/A5101783316,control,2003,3,-0.6341666666666668
https://openalex.org/A5101783316,control,2003,5,-1.0
https://openalex.org/A5101796605,award,2016,-3,0.6369230769230769
https://openalex.org/A5101796605,award,2016,-2,-0.48
https://openalex.org/A5101796605,award,2016,-1,-0.16686868686868686
https://openalex.org/A5101796605,award,2016,0,-0.03737373737373736
https://openalex.org/A5101796605,award,2016,1,-0.2152995520716685
https://openalex.org/A5101796605,award,2016,2,0.0833333333333333
https://openalex.org/A5101796605,award,2016,3,0.13333333333333336
https://openalex.org/A5101796605,award,2016,4,-0.1542028985507247
https://openalex.org/A5101796605,award,2016,5,-0.5125
https://openalex.org/A5101822967,award,2016,-2,-0.9130434782608696
https://openalex.org/A5101822967,award,2016,-1,-0.6666666666666666
https://openalex.org/A5101822967,award,2016,0,-0.76
https://openalex.org/A5101822967,award,2016,1,-0.15333333333333335
https://openalex.org/A5101822967,award,2016,2,-0.6363636363636364
https://openalex.org/A5101822967,award,2016,4,-0.84
https://openalex.org/A5101967307,award,2008,-4,0.0
https://openalex.org/A5101967307,award,2008,-3,-0.3333333333333333
https://openalex.org/A5101967307,award,2008,-2,-1.0
https://openalex.org/A5101967307,award,2008,-1,-0.4958937198067632
https://openalex.org/A5101967307,award,2008,0,-0.9299999999999999
https://openalex.org/A5101967307,award,2008,1,-0.933142857142857
https://openalex.org/A5101967307,award,2008,2,-0.7805714285714286
https://openalex.org/A5101967307,award,2008,3,-0.8517273576097105
https://openalex.org/A5101967307,award,2008,4,-0.6319727891156462
https://openalex.org/A5101967307,award,2008,5,-0.6955439653936535
https://openalex.org/A5101995804,control,2013,-3,-0.78328173374613
https://openalex.org/A5101995804,control,2013,-2,-0.7285714285714285
https://openalex.org/A5101995804,control,2013,-1,-0.8017241379310344
https://openalex.org/A5101995804,control,2013,0,-0.8888888888888888
https://openalex.org/A5101995804,control,2013,1,-0.45333333333333337
https://openalex.org/A5101995804,control,2013,2,-0.3720745920745921
https://openalex.org/A5101995804,control,2013,3,-0.9013252279635259
https://openalex.org/A5101995804,control,2013,4,-0.31622222222222224
https://openalex.org/A5101995804,control,2013,5,-0.5726673326673326
https://openalex.org/A5102012317,award,2018,-2,0.05555555555555558
https://openalex.org/A5102012317,award,2018,-1,0.15555555555555556
https://openalex.org/A5102012317,award,2018,0,-0.32125
https://openalex.org/A5102012317,award,2018,1,-0.3280026751275351
https://openalex.org/A5102012317,award,2018,2,-0.5541371158392435
https://openalex.org/A5102012317,award,2018,3,-0.516451874366768
https://openalex.org/A5102012317,award,2018,4,-0.10847702871094683
https://openalex.org/A5102012317,award,2018,5,-0.2625615763546798
https://openalex.org/A5102141585,award,2009,-2,-1.0
https://openalex.org/A5102141585,award,2009,-1,-1.0
https://openalex.org/A5102141585,award,2009,0,-0.7258129683936135
https://openalex.org/A5102141585,award,2009,1,-0.5833333333333333
https://openalex.org/A5102141585,award,2009,2,-0.68
https://openalex.org/A5102141585,award,2009,3,-0.52
https://openalex.org/A5102141585,award,2009,5,-0.3333333333333333
https://openalex.org/A5102195798,award,2001,-2,-0.7374581939799332
https://openalex.org/A5102195798,award,2001,0,-0.8
https://openalex.org/A5102195798,award,2001,1,-0.5151515151515151
https://openalex.org/A5102195798,award,2001,2,-0.30769230769230776
https://openalex.org/A5102195798,award,2001,3,-0.23333333333333334
https://openalex.org/A5102195798,award,2001,5,-0.7333333333333334
https://openalex.org/A5102725147,award,2003,-4,0.08
https://openalex.org/A5102725147,award,2003,-2,1.0
https://openalex.org/A5102725147,award,2003,-1,-0.7097953462293244
https://openalex.org/A5102725147,award,2003,0,-0.4513244047619048
https://openalex.org/A5102725147,award,2003,1,-0.4166666666666667
https://openalex.org/A5102725147,award,2003,2,-0.16384615384615384
https://openalex.org/A5102725147,award,2003,3,-0.5862015233443805
https://openalex.org/A5102725147,award,2003,4,-0.49836257309941523
https://openalex.org/A5102725147,award,2003,5,-0.8451417004048583
https://openalex.org/A5102759092,award,2017,-5,-0.3333333333333333
https://openalex.org/A5102759092,award,2017,-3,-0.75
https://openalex.org/A5102759092,award,2017,-2,-0.3647058823529412
https://openalex.org/A5102759092,award,2017,-1,-0.4375
https://openalex.org/A5102759092,award,2017,0,-0.39814814814814814
https://openalex.org/A5102759092,award,2017,1,0.2857142857142857
https://openalex.org/A5102759092,award,2017,2,1.0
https://openalex.org/A5102759092,award,2017,3,0.6666666666666666
https://openalex.org/A5102759092,award,2017,4,-0.3333333333333333
https://openalex.org/A5102785744,award,2007,-4,1.0
https://openalex.org/A5102785744,award,2007,-1,1.0
https://openalex.org/A5102785744,award,2007,0,0.6190476190476191
https://openalex.org/A5102785744,award,2007,5,-0.5625
https://openalex.org/A5102861619,control,2015,-5,-0.4583333333333333
https://openalex.org/A5102861619,control,2015,-4,-0.4074074074074074
https://openalex.org/A5102861619,control,2015,2,0.5483333333333333
https://openalex.org/A5102861619,control,2015,3,-0.21273504273504273
https://openalex.org/A5102861619,control,2015,4,-0.4114080420689968
https://openalex.org/A5102861619,control,2015,5,-0.8744588744588745
https://openalex.org/A5103008611,award,2005,-2,-0.375
https://openalex.org/A5103008611,award,2005,-1,0.2
https://openalex.org/A5103008611,award,2005,0,-0.17390522875816994
https://openalex.org/A5103008611,award,2005,1,-0.52
https://openalex.org/A5103008611,award,2005,3,-0.5510204081632653
https://openalex.org/A5103014803,control,2012,4,-0.32666666666666666
https://openalex.org/A5103014803,control,2012,5,-0.3542357222844345
https://openalex.org/A5103026409,award,2018,0,-0.2
https://openalex.org/A5103026409,award,2018,1,-0.6474509803921569
https://openalex.org/A5103026409,award,2018,2,-0.16032608695652173
https://openalex.org/A5103026409,award,2018,3,-0.3847027027027027
https://openalex.org/A5103026409,award,2018,4,-0.2111107094659726
https://openalex.org/A5103026409,award,2018,5,-0.5083333333333333
https://openalex.org/A5103031701,award,2009,-4,-0.7
https://openalex.org/A5103031701,award,2009,-3,-0.5066666666666667
https://openalex.org/A5103031701,award,2009,-2,-0.3650793650793651
https://openalex.org/A5103031701,award,2009,-1,-0.07974358974358975
https://openalex.org/A5103031701,award,2009,0,-0.32
https://openalex.org/A5103031701,award,2009,2,-0.6861427280939476
https://openalex.org/A5103031701,award,2009,3,-0.4285714285714285
https://openalex.org/A5103031701,award,2009,5,-0.5
https://openalex.org/A5103226106,award,2018,-2,-0.34038709677419354
https://openalex.org/A5103226106,award,2018,-1,-0.5692623716153128
https://openalex.org/A5103226106,award,2018,0,-0.08439201451905626
https://openalex.org/A5103226106,award,2018,1,-1.0
https://openalex.org/A5103226106,award,2018,2,-0.7365099268547545
https://openalex.org/A5103226106,award,2018,3,-1.0
https://openalex.org/A5103226106,award,2018,4,-1.0
https://openalex.org/A5103226106,award,2018,5,-0.5
https://openalex.org/A5103266587,control,2016,-5,-1.0
https://openalex.org/A5103266587,control,2016,-4,0.3333333333333333
https://openalex.org/A5103266587,control,2016,-1,-0.8888888888888888
https://openalex.org/A5103266587,control,2016,0,0.0
https://openalex.org/A5103266587,control,2016,1,-0.868421052631579
https://openalex.org/A5103266587,control,2016,2,-1.0
https://openalex.org/A5103266587,control,2016,3,0.0
https://openalex.org/A5103266587,control,2016,4,-0.6
https://openalex.org/A5103266587,control,2016,5,-1.0
https://openalex.org/A5103356207,award,2013,-3,-0.4262144702842377
https://openalex.org/A5103356207,award,2013,-2,-0.1192528735632184
https://openalex.org/A5103356207,award,2013,-1,0.18888888888888886
https://openalex.org/A5103356207,award,2013,0,-0.18236516424751717
https://openalex.org/A5103356207,award,2013,1,-0.5
https://openalex.org/A5103356207,award,2013,2,-0.20442490842490843
https://openalex.org/A5103356207,award,2013,4,1.0
https://openalex.org/A5103356207,award,2013,5,-0.15625
https://openalex.org/A5103412814,award,2005,-5,-0.3333333333333333
https://openalex.org/A5103412814,award,2005,-3,1.0
https://openalex.org/A5103412814,award,2005,-2,0.0
https://openalex.org/A5103412814,award,2005,0,0.7777777777777777
https://openalex.org/A5103412814,award,2005,1,-0.76
https://openalex.org/A5103412814,award,2005,2,1.0
https://openalex.org/A5103412814,award,2005,3,0.0
https://openalex.org/A5103412814,award,2005,4,1.0
https://openalex.org/A5103414046,award,2015,-2,-0.5962962962962963
https://openalex.org/A5103414046,award,2015,-1,-0.72
https://openalex.org/A5103414046,award,2015,0,-0.5609090909090909
https://openalex.org/A5103414046,award,2015,1,-1.0
https://openalex.org/A5103414046,award,2015,2,-0.19260504201680673
https://openalex.org/A5103414046,award,2015,3,0.14
https://openalex.org/A5103417248,award,2013,-5,-0.5555555555555555
https://openalex.org/A5103417248,award,2013,-4,-0.2577777777777778
https://openalex.org/A5103417248,award,2013,-3,-0.09166666666666667
https://openalex.org/A5103417248,award,2013,-1,-0.5066666666666667
https://openalex.org/A5103417248,award,2013,0,-0.09333333333333335
https://openalex.org/A5103417248,award,2013,1,0.32999999999999996
https://openalex.org/A5103417248,award,2013,2,0.5866666666666667
https://openalex.org/A5103417248,award,2013,3,-0.18285714285714283
https://openalex.org/A5103417248,award,2013,5,-0.48
https://openalex.org/A5103467344,award,2007,-5,0.1428571428571428
https://openalex.org/A5103467344,award,2007,-3,-0.84
https://openalex.org/A5103467344,award,2007,-2,-1.0
https://openalex.org/A5103467344,award,2007,-1,-1.0
https://openalex.org/A5103467344,award,2007,0,-0.07246376811594205
https://openalex.org/A5103467344,award,2007,1,-0.2222222222222222
https://openalex.org/A5103467344,award,2007,3,-1.0
https://openalex.org/A5103503444,control,2014,-5,-0.4489304871373837
https://openalex.org/A5103503444,control,2014,-4,-0.11420441627338179
https://openalex.org/A5103503444,control,2014,-3,-0.25127899791156394
https://openalex.org/A5103503444,control,2014,-2,-0.1336936936936937
https://openalex.org/A5103503444,control,2014,-1,0.1436062604062604
https://openalex.org/A5103503444,control,2014,0,-0.22122502450312387
https://openalex.org/A5103503444,control,2014,1,-0.09433925049309666
https://openalex.org/A5103503444,control,2014,2,-0.002145203742948097
https://openalex.org/A5103503444,control,2014,3,-0.24174136974136973
https://openalex.org/A5103503444,control,2014,4,0.1472893772893773
https://openalex.org/A5103503444,control,2014,5,0.025974025974025948
https://openalex.org/A5103555848,award,2011,0,-0.6
https://openalex.org/A5103555848,award,2011,1,0.0588235294117647
https://openalex.org/A5103555848,award,2011,5,0.12
https://openalex.org/A5103890688,award,2015,-5,-0.29914529914529914
https://openalex.org/A5103890688,award,2015,-3,-0.5
https://openalex.org/A5103890688,award,2015,-2,-0.7833333333333333
https://openalex.org/A5103890688,award,2015,-1,-0.7083333333333333
https://openalex.org/A5103890688,award,2015,0,-0.4867037724180581
https://openalex.org/A5103890688,award,2015,1,0.05777777777777777
https://openalex.org/A5103890688,award,2015,2,0.4404761904761905
https://openalex.org/A5103890688,award,2015,3,0.30666666666666664
https://openalex.org/A5103890688,award,2015,4,-0.04414814814814815
https://openalex.org/A5103890688,award,2015,5,-0.17047619047619048
https://openalex.org/A5104070883,award,2007,0,0.25333333333333335
https://openalex.org/A5104070883,award,2007,2,0.33333333333333337
https://openalex.org/A5105307360,award,2007,-3,0.16666666666666669
https://openalex.org/A5105307360,award,2007,-2,-0.23333333333333334
https://openalex.org/A5105307360,award,2007,-1,0.21286549707602337
https://openalex.org/A5105307360,award,2007,0,0.10999999999999999
https://openalex.org/A5105307360,award,2007,1,-0.36
https://openalex.org/A5105307360,award,2007,2,-0.36
https://openalex.org/A5105307360,award,2007,3,-0.7894736842105263
https://openalex.org/A5105307360,award,2007,4,-0.3333333333333333
https://openalex.org/A5105307360,award,2007,5,-0.6495238095238096
https://openalex.org/A5108288895,award,2011,-3,-0.395
https://openalex.org/A5108288895,award,2011,-2,-0.3869047619047619
https://openalex.org/A5108288895,award,2011,0,-0.10441025641025643
https://openalex.org/A5108288895,award,2011,1,-0.001904761904761909
https://openalex.org/A5108288895,award,2011,2,-0.5660714285714286
https://openalex.org/A5108288895,award,2011,3,-0.9
https://openalex.org/A5108288895,award,2011,4,-0.3362962962962963
https://openalex.org/A5108791099,award,2000,-1,1.0
https://openalex.org/A5108791099,award,2000,0,0.19333333333333333
https://openalex.org/A5108791099,award,2000,1,-0.1288888888888889
https://openalex.org/A5108791099,award,2000,2,-0.07636363636363638
https://openalex.org/A5108791099,award,2000,3,0.01999999999999999
https://openalex.org/A5109065097,control,2009,-4,-0.3333333333333333
https://openalex.org/A5109065097,control,2009,-2,-1.0
https://openalex.org/A5109065097,control,2009,-1,-0.16
https://openalex.org/A5109065097,control,2009,0,-0.040727272727272744
https://openalex.org/A5109065097,control,2009,1,-0.6363636363636364
https://openalex.org/A5109065097,control,2009,2,-0.7207459207459208
https://openalex.org/A5109065097,control,2009,3,-0.7469245763982606
https://openalex.org/A5109065097,control,2009,4,-0.33370985603543746
https://openalex.org/A5109065097,control,2009,5,-0.7208067858067858
https://openalex.org/A5109135732,award,2010,-4,-0.33333333333333337
https://openalex.org/A5109135732,award,2010,-3,-0.3333333333333333
https://openalex.org/A5109135732,award,2010,-2,-0.7863636363636364
https://openalex.org/A5109135732,award,2010,-1,-0.7222222222222222
https://openalex.org/A5109135732,award,2010,0,-0.9326604554865424
https://openalex.org/A5109135732,award,2010,1,-0.8308978982713593
https://openalex.org/A5109135732,award,2010,2,-0.862280701754386
https://openalex.org/A5109135732,award,2010,3,-0.6566233766233766
https://openalex.org/A5109135732,award,2010,4,-0.44
https://openalex.org/A5109135732,award,2010,5,-0.91830866807611
https://openalex.org/A5109353454,award,2010,-2,-0.6
https://openalex.org/A5109353454,award,2010,0,-0.22055555555555553
https://openalex.org/A5109353454,award,2010,1,-0.6191372549019608
https://openalex.org/A5109353454,award,2010,2,0.2222222222222222
https://openalex.org/A5109353454,award,2010,3,0.28571428571428575
https://openalex.org/A5109353454,award,2010,4,0.01904761904761909
https://openalex.org/A5109353454,award,2010,5,-0.3888888888888889
https://openalex.org/A5109428307,award,2018,-1,0.2
https://openalex.org/A5109428307,award,2018,0,-0.86
https://openalex.org/A5109428307,award,2018,1,-0.7
https://openalex.org/A5109428307,award,2018,3,0.25641025641025644
https://openalex.org/A5109428307,award,2018,4,-0.46428571428571425
https://openalex.org/A5109428307,award,2018,5,-0.3333333333333333
https://openalex.org/A5109802420,award,2011,0,-0.782608695652174
https://openalex.org/A5109808768,control,2003,-5,-0.8449404761904762
https://openalex.org/A5109808768,control,2003,-4,0.12937062937062938
https://openalex.org/A5109808768,control,2003,-3,-1.0
https://openalex.org/A5109808768,control,2003,-2,0.01923076923076919
https://openalex.org/A5109808768,control,2003,-1,-1.0
https://openalex.org/A5109808768,control,2003,0,-0.9333333333333332
https://openalex.org/A5109808768,control,2003,1,-1.0
https://openalex.org/A5109808768,control,2003,2,-0.9583333333333333
https://openalex.org/A5109808768,control,2003,3,-1.0
https://openalex.org/A5109808768,control,2003,4,-1.0
https://openalex.org/A5109808768,control,2003,5,-0.41798941798941797
https://openalex.org/A5109928774,award,2014,0,-0.3472222222222222
https://openalex.org/A5109995935,control,2018,-5,0.0
https://openalex.org/A5109995935,control,2018,0,1.0
https://openalex.org/A5110176750,award,2006,-1,-1.0
https://openalex.org/A5110176750,award,2006,0,-0.5533596837944663
https://openalex.org/A5110176750,award,2006,1,-0.22222222222222224
https://openalex.org/A5110176750,award,2006,2,-0.09555555555555557
https://openalex.org/A5110176750,award,2006,3,-0.8181818181818182
https://openalex.org/A5110418524,award,2016,-5,-0.6309523809523809
https://openalex.org/A5110418524,award,2016,-4,-0.6363636363636364
https://openalex.org/A5110418524,award,2016,-3,-0.92
https://openalex.org/A5110418524,award,2016,-1,-0.672063492063492
https://openalex.org/A5110418524,award,2016,0,-0.5866666666666667
https://openalex.org/A5110418524,award,2016,2,-0.8
https://openalex.org/A5110611660,award,2009,-3,-0.625
https://openalex.org/A5110611660,award,2009,-2,1.0
https://openalex.org/A5110611660,award,2009,0,-0.8688888888888888
https://openalex.org/A5110611660,award,2009,1,-0.5454545454545454
https://openalex.org/A5110611660,award,2009,2,-0.3674717619545206
https://openalex.org/A5110611660,award,2009,3,-0.6755555555555556
https://openalex.org/A5110611660,award,2009,4,-0.5482993197278911
https://openalex.org/A5110611660,award,2009,5,-0.3482142857142857
https://openalex.org/A5110832647,award,2018,0,-0.1111111111111111
https://openalex.org/A5110832647,award,2018,1,-0.7142857142857143
https://openalex.org/A5110904945,award,2004,-4,-0.075
https://openalex.org/A5110904945,award,2004,-2,-0.4444444444444444
https://openalex.org/A5110904945,award,2004,-1,-1.0
https://openalex.org/A5110904945,award,2004,0,-0.36083333333333334
https://openalex.org/A5110904945,award,2004,1,0.625
https://openalex.org/A5110904945,award,2004,2,-0.7037037037037037
https://openalex.org/A5110904945,award,2004,5,1.0
https://openalex.org/A5111222692,control,2018,-5,-0.47004724261246
https://openalex.org/A5111222692,control,2018,-4,-0.4640954918266836
https://openalex.org/A5111222692,control,2018,-3,-0.5781248633558501
https://openalex.org/A5111222692,control,2018,-2,-0.4430330220869695
https://openalex.org/A5111222692,control,2018,-1,-0.3093587548141324
https://openalex.org/A5111222692,control,2018,0,-0.48276300760171725
https://openalex.org/A5111222692,control,2018,1,-0.5660513602847699
https://openalex.org/A5111222692,control,2018,2,-0.6465079365079366
https://openalex.org/A5111222692,control,2018,3,0.08015873015873015
https://openalex.org/A5111222692,control,2018,4,0.6666666666666667
https://openalex.org/A5111222692,control,2018,5,-0.7
https://openalex.org/A5111504451,control,2017,-5,-0.2695348157214742
https://openalex.org/A5111504451,control,2017,-4,-0.702820561854564
https://openalex.org/A5111504451,control,2017,-3,-0.597115387795566
https://openalex.org/A5111504451,control,2017,-2,-0.46738923033335633
https://openalex.org/A5111504451,control,2017,-1,-0.4776477522569334
https://openalex.org/A5111504451,control,2017,0,-0.5728654101538025
https://openalex.org/A5111504451,control,2017,1,-0.46077940940686035
https://openalex.org/A5111504451,control,2017,2,-0.5449607605598072
https://openalex.org/A5111504451,control,2017,3,-0.5151559336799666
https://openalex.org/A5111504451,control,2017,4,-0.5646849621441273
https://openalex.org/A5111504451,control,2017,5,0.04763674400679428
https://openalex.org/A5111539294,control,2005,5,-1.0
https://openalex.org/A5111985072,award,2010,-5,0.48
https://openalex.org/A5111985072,award,2010,-3,-0.3280141843971631
https://openalex.org/A5111985072,award,2010,-2,0.06373626373626373
https://openalex.org/A5111985072,award,2010,-1,-0.46166666666666667
https://openalex.org/A5111985072,award,2010,0,-0.024
https://openalex.org/A5111985072,award,2010,1,-0.37000000000000005
https://openalex.org/A5111985072,award,2010,2,-0.26691884360849877
https://openalex.org/A5111985072,award,2010,3,-0.465
https://openalex.org/A5111985072,award,2010,4,-0.30575757575757573
https://openalex.org/A5111985072,award,2010,5,-0.12805073040367157
https://openalex.org/A5111998286,award,2001,-3,-0.3703703703703704
https://openalex.org/A5111998286,award,2001,0,-0.8861788617886179
https://openalex.org/A5111998286,award,2001,1,-0.6333333333333333
https://openalex.org/A5111998286,award,2001,2,-0.56
https://openalex.org/A5111998286,award,2001,3,-0.851986531986532
https://openalex.org/A5111998286,award,2001,5,-0.5447619047619048
https://openalex.org/A5112001300,control,2004,-5,0.21333333333333332
https://openalex.org/A5112001300,control,2004,-4,-0.14288617886178862
https://openalex.org/A5112001300,control,2004,-1,0.5466666666666667
https://openalex.org/A5112001300,control,2004,0,-0.6266666666666667
https://openalex.org/A5112001300,control,2004,1,0.09552783552783554
https://openalex.org/A5112001300,control,2004,2,-0.5374545454545455
https://openalex.org/A5112001300,control,2004,3,-0.13333333333333333
https://openalex.org/A5112001300,control,2004,4,-0.48886363636363633
https://openalex.org/A5112001300,control,2004,5,-0.6513595583160801
https://openalex.org/A5112039412,award,2003,-3,-1.0
https://openalex.org/A5112039412,award,2003,-1,0.33999999999999997
https://openalex.org/A5112039412,award,2003,0,-0.04744186046511628
https://openalex.org/A5112039412,award,2003,2,-0.3868217054263566
https://openalex.org/A5112039412,award,2003,3,-0.37333333333333335
https://openalex.org/A5112039412,award,2003,5,0.144
https://openalex.org/A5112073231,control,2013,-5,0.8888888888888888
https://openalex.org/A5112073231,control,2013,-4,1.0
https://openalex.org/A5112073231,control,2013,-3,0.1868421052631579
https://openalex.org/A5112073231,control,2013,-2,0.599047619047619
https://openalex.org/A5112073231,control,2013,-1,1.0
https://openalex.org/A5112073231,control,2013,0,0.42002551020408163
https://openalex.org/A5112073231,control,2013,1,0.20705775705775706
https://openalex.org/A5112073231,control,2013,2,0.5591269841269841
https://openalex.org/A5112073231,control,2013,3,0.6080964685615848
https://openalex.org/A5112073231,control,2013,4,1.0
https://openalex.org/A5112073231,control,2013,5,0.012307692307692308
https://openalex.org/A5112277360,award,2009,-4,-0.92
https://openalex.org/A5112277360,award,2009,-3,-0.1851851851851852
https://openalex.org/A5112277360,award,2009,-2,-0.18095238095238098
https://openalex.org/A5112277360,award,2009,-1,-0.7137777777777778
https://openalex.org/A5112277360,award,2009,0,0.286
https://openalex.org/A5112277360,award,2009,1,0.08363636363636362
https://openalex.org/A5112277360,award,2009,2,-0.4878048780487805
https://openalex.org/A5112277360,award,2009,3,-0.07279693486590036
https://openalex.org/A5112345861,award,2018,0,-1.0
https://openalex.org/A5112572279,award,2004,-3,-0.5789473684210527
https://openalex.org/A5112572279,award,2004,-2,1.0
https://openalex.org/A5112572279,award,2004,-1,-0.8260869565217391
https://openalex.org/A5112572279,award,2004,0,-0.7866666666666666
https://openalex.org/A5112572279,award,2004,1,-0.6427891156462585
https://openalex.org/A5112572279,award,2004,2,-0.5991470258136925
https://openalex.org/A5112572279,award,2004,3,-0.2617967332123412
https://openalex.org/A5112572279,award,2004,4,0.168
https://openalex.org/A5112572279,award,2004,5,-0.10514285714285716
https://openalex.org/A5112905724,control,2017,-1,1.0
https://openalex.org/A5112905724,control,2017,0,-0.7793877551020408
https://openalex.org/A5112905724,control,2017,1,-0.6
https://openalex.org/A5112905724,control,2017,2,-0.7884795321637427
https://openalex.org/A5112905724,control,2017,3,-0.7894736842105263
https://openalex.org/A5112905724,control,2017,4,-0.638095238095238
https://openalex.org/A5112905724,control,2017,5,-1.0
https://openalex.org/A5113577071,award,2008,-4,-0.6666666666666666
https://openalex.org/A5113577071,award,2008,-3,-1.0
https://openalex.org/A5113577071,award,2008,-1,-1.0
https://openalex.org/A5113577071,award,2008,0,-0.46111111111111114
https://openalex.org/A5113577071,award,2008,1,-0.7348484848484849
https://openalex.org/A5113577071,award,2008,2,-0.43727272727272726
https://openalex.org/A5113577071,award,2008,3,-0.6598412698412698
https://openalex.org/A5113577071,award,2008,4,-0.8019758672699849
https://openalex.org/A5113577071,award,2008,5,-0.41224660677668196
https://openalex.org/A5113684638,award,2008,-1,-0.4444444444444444
https://openalex.org/A5113684638,award,2008,0,-0.6533333333333333
https://openalex.org/A5113684638,award,2008,1,-0.5446224256292906
https://openalex.org/A5113684638,award,2008,2,-0.3958143427042079
https://openalex.org/A5113684638,award,2008,3,-0.7888888888888889
https://openalex.org/A5113684638,award,2008,4,-0.32
https://openalex.org/A5113684638,award,2008,5,-0.08699633699633698
https://openalex.org/A5113712973,control,2008,-4,1.0
https://openalex.org/A5113712973,control,2008,-3,-0.875
https://openalex.org/A5113712973,control,2008,-2,-0.88
https://openalex.org/A5113712973,control,2008,-1,-0.253968253968254
https://openalex.org/A5113712973,control,2008,0,-0.7333333333333334
https://openalex.org/A5113712973,control,2008,1,-0.3333333333333333
https://openalex.org/A5113712973,control,2008,2,-0.23148148148148148
https://openalex.org/A5113712973,control,2008,3,-1.0
https://openalex.org/A5113712973,control,2008,4,-0.7142857142857143
https://openalex.org/A5113712973,control,2008,5,-0.6814814814814815
