paper_id,paper_year,cd5,ni,nj
W2965050397,2019,-0.8823529411764706,1,16
W2407964224,2014,-0.6363636363636364,4,18
W3168901912,2021,1.0,4,0
W2970634945,2019,-0.16666666666666666,5,7
W3098410977,2020,1.0,13,0
W2759170062,2017,-0.3333333333333333,5,10
W2462672764,2016,-0.7777777777777778,1,8
W3034426742,2020,1.0,50,0
W2788603415,2018,-0.4444444444444444,5,13
W1487822924,2015,1.0,1,0
W3160101512,2021,-1.0,0,7
W3146267786,2021,-1.0,0,2
W3024652448,2020,-0.7777777777777778,3,24
W2996283994,2020,-1.0,0,2
W2963118426,2014,-1.0,0,1
W2798727047,2018,-0.92,2,48
W2554915555,2017,-0.96,1,49
W3153266325,2021,-0.52,12,38
W2932637973,2019,-0.88,3,47
W2289899728,2016,-0.64,9,41
W3024404575,2020,-0.64,9,41
W2786167576,2018,0.25,30,18
W4385567227,2022,-0.1875,13,19
W4310854123,2022,-0.3333333333333333,9,18
W2526170246,2016,1.0,18,0
W2798397965,2018,-0.8888888888888888,1,17
W2949629417,2019,-0.8,2,18
W2889088930,2017,-0.6666666666666666,1,5
W3031177401,2020,-1.0,0,5
W2970713124,2019,-1.0,0,5
W4385570061,2023,1.0,1,0
W4385570118,2023,-1.0,0,1
W4287332702,2021,1.0,50,0
W4388716388,2023,1.0,7,0
W2950191064,2016,-0.8,1,9
W3209540659,2021,0.043478260869565216,12,11
W3126553126,2021,-0.7142857142857143,4,24
W2801021082,2017,-0.5714285714285714,3,11
W2577255746,2017,-0.64,9,41
W4226146865,2021,1.0,50,0
W2952203969,2019,-0.2,2,3
W4221166194,2022,1.0,4,0
W2345157264,2016,-1.0,0,2
W4290741646,2021,1.0,4,0
W2952349142,2019,-1.0,0,3
W3209547093,2021,-1.0,0,1
W4297795891,2021,1.0,1,0
W4255717503,2018,-0.8666666666666667,2,28
W2759657490,2017,-0.3333333333333333,4,8
W4234006191,2018,-0.17647058823529413,7,10
W2796382388,2018,-0.6470588235294118,3,14
W2765904353,2017,-0.3333333333333333,1,2
W2795714070,2018,-1.0,0,9
W3091331558,2020,0.25,10,6
W4300416100,2017,,0,0
W2796063124,2018,-0.16,21,29
W2940975637,2019,0.4482758620689655,21,8
W2796122895,2018,-0.1724137931034483,12,17
W4297984000,2022,-0.5652173913043478,5,18
W3137614387,2021,-0.6923076923076923,2,11
W4283391789,2022,-0.16666666666666666,5,7
W4309618431,2022,-0.2727272727272727,4,7
W3199344366,2021,1.0,3,0
W2963046431,2019,-1.0,0,4
W4310118366,2022,1.0,1,0
W2580175021,2016,1.0,3,0
W4291656979,2022,-1.0,0,2
W3107685711,2020,1.0,1,0
W2347085857,2016,-0.12,22,28
W2141212887,2014,-0.3877551020408163,15,34
W3030654960,2020,-0.04,24,26
W2944033411,2019,-0.3939393939393939,10,23
W2986625059,2019,-0.6666666666666666,5,25
W2796359634,2018,0.4146341463414634,29,12
W3031885338,2020,-0.6875,5,27
W3157061151,2021,-0.8260869565217391,2,21
W4383683112,2023,-0.4117647058823529,5,12
W2394957087,2016,-0.44,14,36
W2029624068,2015,-0.7777777777777778,4,32
W2610599553,2017,-0.2571428571428571,13,22
W2796249492,2018,-0.7073170731707317,6,35
W2345910351,2016,-0.030303030303030304,16,17
W2795849376,2018,-0.6363636363636364,6,27
W2941380206,2019,-0.6666666666666666,3,15
W4383652543,2023,-0.2727272727272727,4,7
W3130997394,2021,-1.0,0,14
W4366547368,2023,-0.6,2,8
W2039924064,2015,-0.3333333333333333,4,8
W2097890196,2014,-0.3333333333333333,4,8
W2057398686,2015,-0.3333333333333333,2,4
W3173830558,2021,-0.1111111111111111,4,5
W2563059792,2016,-0.5,1,3
W4224979100,2022,-0.3333333333333333,2,4
W3162099679,2021,-0.5,1,3
W2129725375,2014,0.0,5,5
W2625439892,2017,-0.45454545454545453,3,8
W2288434511,2016,0.5555555555555556,7,2
W2940884656,2019,-0.5,2,6
W2916179104,2019,0.25,5,3
W4285017816,2022,-0.6,1,4
W1965029319,2015,-1.0,0,3
W2795679468,2018,-0.1111111111111111,4,5
W2795736453,2018,-0.38095238095238093,13,29
W2795908329,2018,0.24,31,19
W3029264758,2020,-0.48,13,37
W2989168403,2019,-0.4,15,35
W2898852014,2018,-0.52,12,38
W3162205072,2021,-0.64,9,41
W3134822068,2021,0.0,25,25
W3191136298,2021,-0.12,22,28
W4205667414,2021,-0.28,18,32
W3196190653,2021,0.24,31,19
W3162683674,2021,-0.5121951219512195,10,31
W4382469269,2023,-0.25,9,15
W2766927845,2017,-0.8333333333333334,3,33
W4225114761,2022,0.1,11,9
W3118703828,2021,-0.8285714285714286,3,32
W4309618088,2022,-0.4,6,14
W2610598874,2017,0.0,7,7
W3163358739,2021,-0.625,3,13
W4365999247,2023,-0.38461538461538464,4,9
W3031556870,2020,-0.8260869565217391,2,21
W4308426523,2022,-1.0,0,1
W4368754749,2023,1.0,3,0
W3043315258,2020,-0.44,14,36
W3130767973,2020,1.0,48,0
W2898745467,2018,-0.75,2,14
W2795389852,2018,-0.2,20,30
W2611092176,2017,-0.7857142857142857,3,25
W4225566891,2022,-0.2,4,6
W2780954509,2017,,0,0
W2610364475,2017,-0.48,13,37
W2617444771,2017,-0.625,9,39
W2735956829,2017,1.0,24,0
W2319960759,2014,-0.16666666666666666,5,7
W2807472134,2018,-1.0,0,13
W2319649846,2016,-0.6363636363636364,2,9
W2266964046,2015,-0.14893617021276595,20,27
W2800101026,2018,-0.5384615384615384,3,10
W1963627945,2014,-1.0,0,6
W2991207333,2019,0.0,5,5
W2741878722,2017,-0.6666666666666666,1,5
W2730071467,2016,-0.6,1,4
W4235274512,2017,1.0,1,0
W4243824835,2017,,0,0
W4241412856,2014,1.0,4,0
W2735739273,2016,0.75,35,5
W3207098447,2021,0.08,27,23
W3029662682,2020,-0.64,9,41
W2941513909,2019,-0.7959183673469388,5,44
W2588173118,2017,-0.2,18,27
W2795429875,2018,-0.8,5,45
W2899446783,2018,-0.30612244897959184,17,32
W2070721236,2015,-0.2857142857142857,10,18
W4291961169,2022,-0.46153846153846156,7,19
W3115135580,2020,0.034482758620689655,15,14
W2610426090,2017,-0.6363636363636364,2,9
W2796448055,2018,-0.3333333333333333,1,2
W4225117358,2022,-0.45454545454545453,3,8
W2792792253,2018,0.42857142857142855,5,2
W2012785260,2014,-1.0,0,4
W3032129786,2020,0.25,5,3
W2942665346,2019,-0.3333333333333333,1,2
W4387344883,2023,0.0,2,2
W2598818515,2015,0.0,1,1
W2610215278,2017,-0.56,11,39
W2414704464,2016,-0.24,19,31
W2611824095,2017,-0.44,14,36
W2292030542,2016,0.1875,19,13
W2795442664,2018,-0.24444444444444444,17,28
W2980669002,2019,0.7419354838709677,27,4
W2798517209,2018,0.4444444444444444,13,5
W3028701087,2020,1.0,3,0
W3081626970,2020,0.0,1,1
W3205880672,2021,0.0,1,1
W4205868649,2021,1.0,1,0
W2795552328,2018,-0.56,11,39
W3163469193,2021,-0.24,19,31
W3158839228,2021,-0.2,16,24
W3004491547,2020,-0.92,2,48
W4225088767,2022,-0.7575757575757576,4,29
W4362609983,2023,-0.02857142857142857,17,18
W3030399695,2020,-0.08,23,27
W4308450971,2022,0.7777777777777778,8,1
W3119940315,2021,-0.56,11,39
W2995482541,2020,-0.48,13,37
W3028953052,2020,-0.3877551020408163,15,34
W2898456233,2018,-0.3939393939393939,10,23
W2952910435,2019,-0.5862068965517241,6,23
W3163492354,2021,-0.4,12,28
W2809761957,2018,0.047619047619047616,11,10
W3031065629,2020,-0.1111111111111111,12,15
W3138919596,2021,-0.7222222222222222,5,31
W4280492076,2022,-0.6190476190476191,4,17
W4312646439,2022,-0.8,2,18
W3004994102,2020,-0.47368421052631576,5,14
W4385970069,2023,-0.5555555555555556,4,14
W4362452224,2023,-0.4,3,7
W4362564160,2023,1.0,3,0
W4388297913,2023,-0.6666666666666666,1,5
W3004476266,2020,-0.7142857142857143,3,18
W2531591332,2016,-0.2,4,6
W2415315904,2016,-1.0,0,3
W3029899401,2020,-0.6666666666666666,2,10
W3162770778,2021,-1.0,0,9
W3013672613,2020,1.0,7,0
W3032463948,2020,1.0,4,0
W4387868928,2023,1.0,1,0
W3162177365,2021,-0.14285714285714285,3,4
W2943074057,2019,0.16666666666666666,7,5
W2796192482,2018,0.5,6,2
W2071124076,2015,0.3333333333333333,4,2
W3163921267,2021,-1.0,0,8
W3207580283,2021,0.0,2,2
W4225100126,2022,1.0,4,0
W4360978726,2023,1.0,3,0
W3163623707,2021,-1.0,0,2
W3178084552,2020,0.0,1,1
W2972547812,2019,-0.3333333333333333,1,2
W4225116129,2022,-0.3333333333333333,1,2
W4312960779,2022,-1.0,0,1
W3029689488,2020,0.2,3,2
W4226133264,2022,1.0,1,0
W4362682557,2022,0.0,1,1
W2982688518,2019,1.0,3,0
W2795651511,2018,-0.72,7,43
W3000319055,2019,,0,0
W2952618410,2019,-0.7,6,34
W4379374844,2023,-0.3333333333333333,1,2
W3205497516,2021,-0.48717948717948717,10,29
W4225125037,2022,-0.42857142857142855,2,5
W2807754575,2018,-1.0,0,7
W3133938580,2021,1.0,10,0
W4225136138,2022,-0.5,1,3
W2603245662,2017,0.2,3,2
W2796034586,2018,-0.2,20,30
W2941111231,2019,-0.56,11,39
W3163763835,2021,-0.56,11,39
W4225154064,2022,-0.6190476190476191,8,34
W3028989981,2020,-0.375,10,22
W3207800640,2021,-0.5135135135135135,9,28
W3031360622,2020,-0.391304347826087,7,16
W3120070483,2021,-0.2,10,15
W2984015578,2019,-0.8823529411764706,1,16
W4224982662,2022,-0.47368421052631576,5,14
W4387606040,2023,-0.125,7,9
W4386831237,2023,-0.4,3,7
W4366548790,2023,-1.0,0,4
W4309618927,2022,0.5,6,2
W3161501076,2021,-0.4,6,14
W3038411287,2020,0.375,11,5
W3203920965,2021,-0.25,6,10
W4283453847,2022,-0.8461538461538461,1,12
W3115489492,2020,-0.25,3,5
W4309618886,2022,-0.25,3,5
W4372215942,2022,0.0,3,3
W4287854781,2022,0.0,2,2
W2909601774,2019,-0.5,3,9
W4372215914,2022,0.0,3,3
W2795953912,2018,-0.5172413793103449,7,22
W2406761573,2016,-0.8333333333333334,1,11
W2998230689,2018,1.0,1,0
W4224984058,2022,-1.0,0,7
W2888580382,2018,-0.64,9,41
W2963124215,2018,-1.0,0,50
W1634345967,2015,-1.0,0,6
W2796036215,2022,0.0,8,8
W2745079264,2018,-0.3333333333333333,2,4
W2795984943,2018,1.0,5,0
W2952132726,2021,-1.0,0,3
W4224925655,2022,1.0,4,0
W2894938627,2018,1.0,1,0
W4299920306,2018,1.0,2,0
W4297624481,2018,1.0,1,0
W2787022562,2018,-1.0,0,50
W2212352090,2015,-1.0,0,38
W3207594656,2022,-0.9259259259259259,1,26
W4378449969,2023,1.0,11,0
W2805609980,2018,-1.0,0,23
W4281885517,2022,-0.8181818181818182,2,20
W2971546537,2019,-1.0,0,16
W3000532033,2022,-1.0,0,3
W4221151500,2022,1.0,11,0
W4376651385,2023,-1.0,0,8
W4376639703,2023,-1.0,0,7
W2950932629,2023,-1.0,0,9
W3134778603,2023,-1.0,0,6
W2730015764,2018,-0.6,1,4
W4313203167,2022,-1.0,0,4
W2585506700,2018,-0.3333333333333333,1,2
W2963360139,2019,0.0,1,1
W4316652258,2023,1.0,2,0
W3171182529,2022,-1.0,0,2
W2579583840,2017,,0,0
W4390100649,2023,-1.0,0,2
W2399996194,2018,,0,0
W3185879744,2021,1.0,1,0
W3184722367,2022,0.0,1,1
W2987833399,2020,-1.0,0,1
W2991167089,2021,1.0,1,0
W3021173367,2020,-1.0,0,1
W3104489128,2020,-1.0,0,1
W3118792892,2021,-1.0,0,1
W3013762603,2021,1.0,1,0
W3134214471,2021,-0.9,1,19
W4385662236,2021,1.0,13,0
W4362177327,2019,1.0,5,0
W4281771739,2022,1.0,2,0
W4385848695,2023,1.0,2,0
W4309394031,2022,1.0,1,0
W4310279740,2022,1.0,1,0
W4385473958,2023,1.0,1,0
W4386044165,2023,1.0,1,0
W2899462170,2018,-0.52,12,38
W2921534454,2019,0.6,4,1
W2968339949,2019,-0.6818181818181818,7,37
W2889674026,2018,0.6666666666666666,5,1
W4285490445,2022,-0.6111111111111112,7,29
W2767894675,2017,-0.5294117647058824,8,26
W2899510293,2018,-0.3939393939393939,10,23
W2006499508,2014,-0.9354838709677419,1,30
W2998839218,2019,-0.6774193548387096,5,26
W2464636023,2016,-0.84,2,23
W2955453180,2019,-0.6363636363636364,4,18
W3121301634,2020,-0.5833333333333334,5,19
W4384305072,2023,-1.0,0,23
W4284698653,2022,-0.5238095238095238,5,16
W4313563670,2022,-0.9047619047619048,1,20
W4384345799,2023,-0.5,5,15
W4284690649,2022,0.0,9,9
W4372259572,2023,-0.6666666666666666,3,15
W4319874037,2023,-0.875,1,15
W4285586713,2022,-0.16666666666666666,5,7
W4384026648,2023,-1.0,0,12
W4384302765,2023,-0.45454545454545453,3,8
W3042755891,2020,-0.7142857142857143,1,6
W2888184422,2018,-1.0,0,15
W2548596251,2016,-1.0,0,18
W2408009809,2016,-1.0,0,18
W2915975968,2019,-1.0,0,17
W3201477816,2021,-1.0,0,11
W3157210774,2021,-1.0,0,11
W3162426305,2021,-0.8181818181818182,1,10
W2610500547,2017,-0.7777777777777778,1,8
W2796264185,2018,-1.0,0,11
W2241684952,2015,-0.3333333333333333,3,6
W2242607923,2015,-1.0,0,9
W3189632290,2020,-0.75,1,7
W2597276661,2017,0.14285714285714285,4,3
W2630360502,2017,0.14285714285714285,4,3
W4206770711,2021,-1.0,0,6
W3043159448,2020,-1.0,0,8
W2753999589,2017,-1.0,0,5
W2779927761,2017,-1.0,0,4
W2807463475,2018,-1.0,0,4
W4232906084,2021,-1.0,0,4
W4287882631,2022,0.0,2,2
W4387544206,2023,0.0,2,2
W2174588258,2015,-1.0,0,3
W4312680031,2022,-1.0,0,2
W3131396227,2020,0.3333333333333333,2,1
W4318153987,2023,1.0,1,0
W2527970488,2015,0.0,1,1
W2755242969,2017,0.3333333333333333,2,1
W4282833109,2022,-1.0,0,1
W2953000857,2017,1.0,1,0
W3043276378,2020,1.0,1,0
W2776514146,2017,1.0,22,0
W2981791963,2019,-0.5294117647058824,4,13
W3013340393,2020,1.0,3,0
W2963557656,2018,1.0,50,0
W2797455600,2018,-0.96,1,49
W2884821828,2018,-1.0,0,50
W3146670357,2021,-0.16,21,29
W2797359501,2017,-1.0,0,23
W2798801120,2018,-0.92,2,48
W2736899637,2017,-0.8,5,45
W2913848079,2019,-0.76,6,44
W2781899503,2017,1.0,2,0
W4321749684,2023,0.6666666666666666,20,4
W2790697880,2019,-0.25,6,10
W2944804155,2016,1.0,8,0
W2963143631,2018,1.0,50,0
W2794854061,2018,1.0,5,0
W2980293941,2020,-1.0,0,4
W2964234832,2020,0.3333333333333333,2,1
W2787708942,2018,-0.92,2,48
W2554773066,2018,-1.0,0,3
W3205337276,2021,1.0,1,0
W2913878278,2018,1.0,32,0
W2891057995,2018,1.0,21,0
W3110807238,2020,-0.4,6,14
W2949191696,2019,-0.42857142857142855,2,5
W2888852584,2018,-1.0,0,2
W3034422833,2020,1.0,7,0
W3012385420,2020,0.0,1,1
W3018822997,2018,-1.0,0,1
W4295124790,2022,1.0,1,0
W2963461515,2017,-0.2,20,30
W2784669118,2018,-0.24,19,31
W2962992787,2019,-0.48,13,37
W3161799213,2021,-0.52,12,38
W3133963303,2021,-0.4,15,35
W3197536693,2021,-0.84,4,46
W4306771920,2022,-0.56,11,39
W3090910431,2020,-0.4,15,35
W3200506265,2021,-0.48,13,37
W3122252170,2020,-0.4,15,35
W3168587836,2021,-0.23404255319148937,18,29
W3046919285,2020,-0.7446808510638298,6,41
W2964240723,2019,-0.2,16,24
W4312458120,2022,-0.6842105263157895,6,32
W4389159189,2023,-0.2413793103448276,11,18
W4313563521,2022,-0.6666666666666666,5,25
W2899424311,2018,0.08,27,23
W2989724224,2019,-0.40425531914893614,14,33
W3014394502,2020,-0.44680851063829785,13,34
W2933448476,2019,-0.5555555555555556,8,28
W4225594804,2022,-0.4074074074074074,8,19
W4281951480,2022,1.0,23,0
W4313563659,2022,-0.18181818181818182,9,13
W2532345058,2016,-0.8888888888888888,1,17
W4224437660,2022,-0.3333333333333333,6,12
W4389158375,2023,-0.5,4,12
W4388483029,2023,-0.5714285714285714,3,11
W2932089240,2019,-0.6842105263157895,3,16
W4283169945,2022,-0.14285714285714285,3,4
W4206542480,2021,-0.5,1,3
W4211026630,2021,-0.3333333333333333,1,2
W4384026689,2023,-1.0,0,3
W4212855174,2021,-1.0,0,3
W4290652245,2022,1.0,3,0
W2598353968,2016,1.0,2,0
W2799665171,2018,-0.875,1,15
W3187496290,2021,-0.7142857142857143,2,12
W3005003168,2018,-0.25,3,5
W2762072470,2017,-0.3333333333333333,2,4
W3019109115,2020,-1.0,0,8
W2913329778,2019,-1.0,0,7
W3130237582,2021,-0.14285714285714285,3,4
W3017321024,2020,-0.3333333333333333,2,4
W2911482613,2019,0.5,3,1
W2626738193,2017,1.0,2,0
W2995229924,2019,0.2,3,2
W4386081214,2023,1.0,1,0
W2509033610,2016,-0.76,6,44
W3120547716,2020,0.0,3,3
W2586838877,2017,-0.6216216216216216,7,30
W2904836609,2018,-0.7777777777777778,1,8
W2499439150,2016,-0.6,2,8
W4312287124,2022,-0.2,4,6
W2772272758,2017,0.2,3,2
W2739503917,2017,1.0,1,0
W3140733874,2021,1.0,1,0
W2740981432,2017,-0.76,6,44
W2357064193,2016,-0.92,2,48
W3027212681,2020,-0.6,10,40
W2794694213,2018,-0.5789473684210527,8,30
W2517910349,2016,-0.7419354838709677,4,27
W2347059126,2016,-0.04,12,13
W2792918773,2018,0.2413793103448276,18,11
W2896744621,2018,-1.0,0,28
W3006458758,2019,-1.0,0,27
W3089663604,2020,-0.9310344827586207,1,28
W2620798004,2017,0.5,9,3
W2726007014,2017,-0.6470588235294118,3,14
W2955384256,2019,-1.0,0,19
W3085581200,2020,-0.5555555555555556,4,14
W3114280329,2020,-0.7777777777777778,2,16
W2726134631,2017,-1.0,0,10
W3115607952,2020,-0.8181818181818182,1,10
W2755137195,2017,-0.8,1,9
W2604394867,2017,-0.5,2,6
W2752460260,2017,-0.7777777777777778,1,8
W2398790319,2016,-1.0,0,3
W2972498997,2019,-1.0,0,6
W4384009783,2023,-0.5,1,3
W2946418671,2019,-1.0,0,4
W4297857312,2022,-1.0,0,3
W2908992016,2018,1.0,1,0
W3209840356,2013,,0,0
W3204782874,2021,-1.0,0,1
W2950831530,2016,1.0,1,0
W2888230423,2018,-0.5882352941176471,7,27
W2795338679,2018,-0.72,7,43
W2953828322,2019,0.0,14,14
W2884017574,2018,-0.5,5,15
W2954990002,2019,0.3103448275862069,19,10
W2464743189,2016,-0.09090909090909091,5,6
W4220845069,2022,-1.0,0,13
W2955802906,2019,-0.4666666666666667,4,11
W2200312682,2014,0.0,3,3
W3090756599,2020,-0.6666666666666666,1,5
W3090097128,2020,0.0,3,3
W4283078203,2022,-0.5,1,3
W2953562964,2019,-0.5,2,6
W2805697672,2018,-1.0,0,1
W4312404044,2022,0.0,2,2
W2417132441,2016,-0.5862068965517241,6,23
W2794901250,2018,-0.2,10,15
W2337779325,2015,-1.0,0,3
W2537680118,2016,-0.8947368421052632,1,18
W4244168173,2016,-0.3333333333333333,1,2
W2243056059,2015,1.0,2,0
W2493296585,2016,-0.7142857142857143,2,12
W2940950649,2018,1.0,2,0
W3024847434,2016,-1.0,0,4
W2964064835,2018,-1.0,0,50
W2884826257,2018,-1.0,0,34
W2795266985,2018,1.0,23,0
W3014361383,2020,-0.42857142857142855,2,5
W2760307268,2017,-1.0,0,16
W2946354830,2019,-1.0,0,17
W2962477312,2019,-0.3333333333333333,3,6
W3092218659,2020,-0.2,4,6
W3014215454,2020,-0.3333333333333333,2,4
W2594719925,2017,-0.42857142857142855,2,5
W2921692956,2019,-1.0,0,3
W2808817941,2018,-0.6,1,4
W2897817177,2018,-1.0,0,4
W2889237471,2018,1.0,1,0
W4398472015,2018,1.0,1,0
W3134008646,2020,1.0,1,0
W4398657618,2019,1.0,1,0
W4398302477,2018,1.0,1,0
W2588627057,2017,0.16,29,21
W1974088888,2015,-1.0,0,3
W2340897893,2016,-0.76,6,44
W7133238715,2023,1.0,5,0
W4300596326,2018,1.0,14,0
W2800007566,2018,1.0,18,0
W2904170485,2019,-0.8888888888888888,1,17
W2173346248,2016,-0.8,1,9
W4382239758,2023,1.0,1,0
W4390355923,2023,-1.0,0,1
W4283801895,2022,,0,0
W3126149020,2021,-1.0,0,2
W2582911330,2015,1.0,1,0
W2947170863,2019,-1.0,0,10
W2971333304,2019,1.0,5,0
W2951072361,2019,-1.0,0,3
W4288346340,2019,1.0,3,0
W3008006987,2020,-0.5,1,3
W4321855099,2023,1.0,3,0
W2981822405,2019,-1.0,0,2
W3099355638,2020,1.0,2,0
W4379958483,2023,1.0,1,0
W2604795503,2017,-0.2,20,30
W1748749724,2021,-0.14285714285714285,9,12
W4367395273,2023,-0.07692307692307693,18,21
W2756654724,2017,-0.6585365853658537,7,34
W2808551187,2018,-0.96,1,49
W2981274387,2019,-0.7142857142857143,4,24
W2790903485,2018,-0.7857142857142857,3,25
W2942315111,2021,-0.6,10,40
W2741373390,2017,-0.5454545454545454,5,17
W3037646323,2020,1.0,17,0
W2745165948,2017,-0.6,3,12
W4362472738,2023,-0.5384615384615384,3,10
W4294831693,2022,0.42857142857142855,5,2
W3159964116,2021,1.0,3,0
W2787080188,2019,-0.8461538461538461,1,12
W3105289605,2021,-0.3333333333333333,5,10
W2767055464,2018,-1.0,0,13
W3095892537,2020,0.38461538461538464,9,4
W2895892112,2018,0.09090909090909091,6,5
W2535023119,2017,-1.0,0,7
W3204433194,2022,-0.75,1,7
W2945369501,2019,0.14285714285714285,4,3
W3119238880,2021,0.6666666666666666,5,1
W4206280395,2022,0.0,2,2
W3119219073,2021,0.2,3,2
W2573073543,2015,1.0,2,0
W2968913877,2020,0.0,1,1
W2897225817,2018,-0.6,1,4
W2902579350,2018,0.0,1,1
W3085221198,2020,1.0,2,0
W2960216239,2020,-1.0,0,2
W2805455759,2018,-0.36,8,17
W2998729773,2020,-1.0,0,5
W3006736514,2020,-1.0,0,4
W4303650098,2022,-0.5,1,3
W4385681602,2023,1.0,3,0
W4380362583,2023,1.0,4,0
W2887443145,2018,0.0,1,1
W4306639115,2022,-1.0,0,1
W4285388796,2022,0.0,1,1
W2962704246,2018,-0.36,16,34
W2740431674,2017,-0.125,7,9
W1929396203,2015,1.0,7,0
W2760577196,2017,-0.8,3,27
W2798763787,2018,-0.5714285714285714,3,11
W2896825822,2018,1.0,7,0
W2946022203,2019,-1.0,0,6
W3034062213,2020,0.0,1,1
W2792261072,2018,-0.32,17,33
W3017072639,2020,0.04,26,24
W2987160260,2019,-0.6,10,40
W2963220038,2017,-0.56,11,39
W2808452017,2018,-0.68,8,42
W3009278394,2020,-0.76,6,44
W4293330723,2022,-0.5151515151515151,8,25
W4388857350,2023,-0.4482758620689655,8,21
W4385805185,2023,-0.2222222222222222,7,11
W2982359148,2019,-0.5,12,36
W3160746813,2021,-0.5,8,24
W2981088827,2019,-0.92,1,24
W4285288662,2022,0.44,18,7
W4389165109,2023,-0.7777777777777778,2,16
W4386339092,2022,-1.0,0,2
W4365794555,2023,-0.5714285714285714,3,11
W4290996372,2022,0.2,3,2
W4321608007,2023,0.14285714285714285,4,3
W3134774040,2020,1.0,4,0
W4386360558,2023,-1.0,0,3
W4250949540,2021,-0.6,1,4
W2904845790,2018,-1.0,0,1
W4225399254,2022,1.0,1,0
W2896432579,2018,1.0,4,0
W2792478646,2017,1.0,1,0
W4313525607,2022,-1.0,0,1
W4387074830,2023,1.0,3,0
W2771910532,2017,-0.6,3,12
W4387929063,2023,1.0,2,0
W4362513220,2023,-1.0,0,1
W3207330630,2021,-0.28,18,32
W3021695453,2019,-0.07692307692307693,18,21
W3144122738,2021,0.0,20,20
W4360604301,2023,-0.15384615384615385,11,15
W3047053781,2020,-0.4,15,35
W3125048251,2020,0.02564102564102564,20,19
W3134817292,2021,-0.05263157894736842,9,10
W4365421095,2023,0.8,9,1
W4226301176,2022,-0.7142857142857143,2,12
W2998343333,2019,0.42857142857142855,10,4
W2789643397,2018,-0.25,3,5
W2547011744,2016,0.0,2,2
W4376142240,2023,-0.15555555555555556,19,26
W4226242820,2022,1.0,2,0
W4383740951,2023,-0.30434782608695654,8,15
W2292446757,2015,-0.13043478260869565,10,13
W4226442923,2022,0.45454545454545453,16,6
W4387870381,2023,-0.125,7,9
W3003811274,2020,0.07692307692307693,7,6
W4386066994,2023,-0.42857142857142855,4,10
W4390188670,2023,0.2,6,4
W4391021421,2023,-0.3333333333333333,3,6
W3155357283,2021,-0.5,1,3
W3082159561,2020,0.25,10,6
W4289261348,2022,0.3333333333333333,8,4
W2007689358,2014,-0.5,1,3
W3197488415,2021,0.6,4,1
W4317438324,2023,0.3333333333333333,6,3
W221220721,2014,-0.3333333333333333,1,2
W2547807832,2016,-1.0,0,1
W3183281974,2021,1.0,3,0
W4393242468,2023,1.0,3,0
W2815913921,2018,0.0,2,2
W4310447060,2021,1.0,1,0
W2568680725,2017,1.0,2,0
W4386915041,2023,1.0,1,0
W4384157887,2023,-1.0,0,1
W4388405354,2023,-1.0,0,1
W2588468001,2016,-0.92,2,48
W2791487310,2018,-0.8,5,45
W2949681263,2019,-0.96,1,49
W2963270598,2018,-0.92,2,48
W2945729351,2019,-0.8,5,45
W2995358840,2019,-0.96,1,49
W4292156518,2020,1.0,27,0
W3153624705,2021,-0.7142857142857143,7,42
W3134238321,2021,-0.28,9,16
W3187197515,2021,-0.6923076923076923,4,22
W4376480839,2023,0.0,7,7
W4297882573,2022,0.5,9,3
W4386260607,2023,-0.3333333333333333,3,6
W4385222079,2023,-0.5,2,6
W3196837389,2021,-0.8095238095238095,2,19
W3088572544,2020,-0.6923076923076923,2,11
W3199642849,2021,-0.5,3,9
W4311080294,2022,0.0,4,4
W3202992414,2021,-0.7142857142857143,1,6
W1972045712,2013,-0.3333333333333333,1,2
W2804680330,2018,-1.0,0,12
W2556464778,2015,-1.0,0,7
W4386396159,2023,-1.0,0,2
W4285717150,2020,1.0,1,0
W4297785877,2020,1.0,10,0
W2782340910,2018,-0.8064516129032258,3,28
W2603937752,2016,1.0,2,0
W3115256353,2020,-1.0,0,6
W2804997982,2018,1.0,2,0
W3113084858,2020,-1.0,0,1
W4281252190,2022,1.0,1,0
W4310921818,2022,1.0,1,0
W4386568614,2023,-0.48,13,37
W3104278118,2020,1.0,12,0
W2212967341,2015,0.3333333333333333,6,3
W3081325717,2020,-0.7209302325581395,6,37
W2964271403,2018,1.0,49,0
W3038342492,2020,-0.28,18,32
W3099103344,2020,1.0,11,0
W2966149470,2019,-1.0,0,50
W2804285737,2018,1.0,12,0
W2803831897,2018,-0.48,13,37
W2989953367,2019,1.0,4,0
W2982501339,2019,-1.0,0,2
W2786552636,2018,1.0,1,0
W2792402990,2018,-0.4,15,35
W4389471480,2023,1.0,50,0
W3125488228,2021,-0.68,8,42
W3097407536,2020,-0.391304347826087,7,16
W3035478617,2020,-0.56,11,39
W2914953695,2019,1.0,50,0
W4286893067,2021,1.0,24,0
W3170433571,2020,1.0,10,0
W2952132303,2019,1.0,18,0
W3163155043,2021,-0.6666666666666666,2,10
W4382491779,2023,1.0,10,0
W3208462402,2021,-0.5555555555555556,2,7
W3200529270,2021,-1.0,0,4
W3097528668,2020,-1.0,0,5
W3209699812,2021,-0.5,1,3
W4283324004,2022,1.0,4,0
W4287262333,2021,1.0,4,0
W4313484456,2023,1.0,4,0
W4226064854,2021,1.0,3,0
W4287183307,2021,1.0,3,0
W2996462066,2019,0.0,1,1
W4285070005,2022,1.0,2,0
W3186734958,2021,-1.0,0,2
W3164879340,2021,-1.0,0,3
W4225538038,2021,1.0,2,0
W4385644035,2023,1.0,2,0
W2896992572,2018,0.28,32,18
W2017606936,2014,-0.7777777777777778,5,40
W2791136298,2018,-0.2,16,24
W2893608272,2018,0.08333333333333333,13,11
W2022768928,2015,0.2727272727272727,7,4
W1997691221,2014,0.75,14,2
W2792975008,2018,-0.8461538461538461,1,12
W4252580868,2015,0.0,5,5
W3111915897,2020,0.75,7,1
W2963620539,2019,0.14285714285714285,4,3
W2904935864,2018,1.0,2,0
W2998549853,2014,1.0,2,0
W2962847566,2018,1.0,50,0
W2989361410,2019,-0.6190476190476191,8,34
W2274083067,2017,-0.5,5,15
W2511518709,2016,-0.6842105263157895,3,16
W2995969420,2020,-0.6,1,4
W3103900341,2020,0.1111111111111111,5,4
W2248777421,2015,-0.5,2,6
W3105312662,2020,1.0,3,0
W2187494667,2014,-1.0,0,1
W2883612379,2018,-0.5,1,3
W3172637609,2021,0.25,5,3
W2964214281,2016,1.0,9,0
W2807548807,2018,-0.6,10,40
W3134922363,2021,-0.6,1,4
W2804900738,2018,-0.28,18,32
W2970989202,2019,1.0,5,0
W4309805139,2022,1.0,4,0
W2755138616,2017,-1.0,0,4
W2979364645,2019,0.3333333333333333,2,1
W1748409498,2014,-1.0,0,2
W4317671430,2023,1.0,2,0
W4379540215,2023,1.0,2,0
W3131204648,2021,-1.0,0,1
W2102456179,2014,-1.0,0,1
W2963540976,2019,1.0,50,0
W3037971676,2020,1.0,36,0
W2970641149,2019,1.0,50,0
W3214173770,2021,0.0,10,10
W2971278153,2019,-0.52,12,38
W3037213631,2019,1.0,10,0
W2898631838,2018,-0.8,5,45
W2958796454,2019,-0.64,9,41
W2787273002,2018,-0.84,4,46
W2963641970,2018,1.0,50,0
W2895434480,2018,-0.36,16,34
W2996897098,2020,-0.52,12,38
W3132510842,2020,-0.6153846153846154,5,21
W2948700496,2019,-0.84,4,46
W3102864525,2020,-0.3333333333333333,8,16
W2808746463,2018,-0.24,19,31
W3132413728,2021,-0.2,6,9
W2971290077,2019,1.0,12,0
W3087242105,2021,-0.8,1,9
W4302306950,2022,1.0,10,0
W2994998355,2020,-0.5555555555555556,2,7
W3014636579,2020,-1.0,0,7
W3112657725,2020,-1.0,0,8
W3103076060,2020,-0.6,1,4
W3110636601,2020,0.6,4,1
W4285077907,2022,1.0,5,0
W4319653963,2023,1.0,3,0
W4389600503,2023,1.0,2,0
W3161970516,2020,1.0,2,0
W4287601736,2020,1.0,1,0
W3103971307,2020,-1.0,0,1
W4388963811,2023,1.0,1,0
W2801312275,2018,-0.76,6,44
W2991196083,2019,-1.0,0,11
W3090054376,2020,-0.5384615384615384,3,10
W2886821453,2018,1.0,8,0
W3092768157,2018,1.0,2,0
W2994748066,2020,-0.8260869565217391,4,42
W2810633885,2018,,0,0
W3142571537,2021,-0.36,16,34
W4318003721,2023,1.0,5,0
W3005327280,2020,-0.7391304347826086,6,40
W2908509829,2018,1.0,1,0
W2734620438,2017,-0.88,3,47
W3170944957,2021,-1.0,0,11
W3034264324,2018,-0.72,7,43
W4226526229,2021,1.0,10,0
W2800193636,2018,-0.9047619047619048,2,40
W3124990536,2020,1.0,10,0
W4287118466,2021,1.0,8,0
W3004647847,2020,-0.48,13,37
W4310923700,2022,1.0,7,0
W4296957682,2022,1.0,7,0
W2980973551,2019,1.0,14,0
W4389649950,2023,1.0,1,0
W3102042883,2020,1.0,11,0
W2922559501,2018,1.0,2,0
W3108736554,2020,1.0,1,0
W2913467712,2019,-0.16,21,29
W3040996572,2020,-0.8297872340425532,4,43
W2798641544,2018,-1.0,0,50
W4389523777,2023,-0.92,2,48
W2599379624,2017,-0.12,22,28
W3033348698,2020,-0.92,2,48
W4318980730,2023,0.12,28,22
W4304080724,2022,-0.07692307692307693,12,14
W3175551809,2021,-0.6296296296296297,5,22
W3123442708,2021,-0.5,2,6
W4388118105,2023,-1.0,0,4
W4248348060,2018,1.0,4,0
W4297336936,2022,-1.0,0,4
W2898799722,2018,1.0,3,0
W4223893829,2022,1.0,2,0
W4390188386,2023,0.0,1,1
W4300267856,2020,1.0,9,0
W4372279492,2023,1.0,5,0
W4226138691,2021,1.0,4,0
W3201315194,2021,-0.3333333333333333,1,2
W3038143571,2020,-1.0,0,2
W4291238583,2022,1.0,4,0
W4225786552,2022,1.0,2,0
W4385749950,2023,1.0,2,0
W4387293238,2023,1.0,1,0
W2368550879,2016,-0.84,4,46
W2584029330,2017,-0.88,3,47
W2897044322,2018,-0.42857142857142855,10,25
W4225736880,2022,-0.47619047619047616,11,31
W2761662547,2017,-0.9130434782608695,1,22
W4308644386,2022,-0.42857142857142855,4,10
W4230613728,2017,-0.6923076923076923,2,11
W2199318523,2014,-0.7142857142857143,2,12
W2528343342,2016,-0.6666666666666666,2,10
W2953801276,2019,0.7777777777777778,8,1
W4387708155,2023,-0.6,1,4
W2139550682,2014,,0,0
W2886703882,2018,-0.3333333333333333,3,6
W2584744348,2017,-0.2727272727272727,4,7
W3196498968,2021,-0.5555555555555556,2,7
W3033546304,2020,-0.6666666666666666,1,5
W4251377746,2017,-0.75,1,7
W4250392047,2017,-1.0,0,5
W2295153157,2015,1.0,1,0
W4312624135,2022,1.0,1,0
W3139037935,2021,-1.0,0,3
W2273027740,2014,-0.48,13,37
W2899396876,2018,-0.56,11,39
W2913333837,2019,-0.9574468085106383,1,46
W2758102451,2017,-0.92,2,48
W3040704110,2020,-0.7837837837837838,4,33
W4293715712,2022,0.0,9,9
W3190496320,2022,-0.68,8,42
W4360831822,2023,-0.38461538461538464,4,9
W2943656585,2019,1.0,3,0
W2760590905,2017,-1.0,0,1
W4381612268,2023,-0.3333333333333333,1,2
W4289782803,2021,1.0,4,0
W2951756411,2019,-1.0,0,1
W4285546112,2021,1.0,1,0
W2966814691,2019,-0.4,3,7
W2939027568,2019,-1.0,0,6
W2897368478,2018,1.0,1,0
W2909449777,2019,-0.7142857142857143,3,18
W2898817152,2018,-0.1111111111111111,4,5
W3013443015,2021,-1.0,0,19
W3096621201,2020,-1.0,0,8
W2787222284,2018,-0.8723404255319149,3,44
W4308361275,2022,-0.25,3,5
W2797615593,2018,-1.0,0,10
W4386211297,2023,-1.0,0,7
W2969951915,2019,-1.0,0,1
W2969686425,2019,-1.0,0,9
W3011259804,2020,1.0,1,0
W4281400459,2022,-1.0,0,1
W3170269594,2021,1.0,1,0
W3198065353,2020,1.0,1,0
W2799048248,2018,-0.52,12,38
W2739587313,2017,-0.9230769230769231,1,25
W3011685549,2020,-0.64,9,41
W2972862932,2019,0.0,11,11
W2295912067,2014,-1.0,0,3
W3034718811,2020,-0.6470588235294118,3,14
W3089147479,2020,-0.8,5,45
W3164231466,2021,-0.7435897435897436,5,34
W2799253957,2018,0.3333333333333333,2,1
W4225911901,2021,1.0,14,0
W2798891709,2018,-0.92,2,48
W2429518132,2016,-0.76,6,44
W4389539860,2023,-0.4117647058823529,10,24
W2798418112,2018,-0.92,2,48
W4385270179,2023,-1.0,0,18
W3031206277,2020,-0.7241379310344828,4,25
W3035954614,2020,-0.6666666666666666,3,15
W3160296193,2021,1.0,8,0
W2986205078,2019,0.0,2,2
W3146319493,2021,0.0,1,1
W2911447088,2019,1.0,1,0
W3009612018,2020,1.0,2,0
W2793481095,2018,-0.68,8,42
W2801811247,2018,-0.7,6,34
W3028358848,2020,-0.76,6,44
W3160929390,2021,-0.5652173913043478,10,36
W4280533749,2022,-0.8947368421052632,1,18
W2949483630,2019,-0.8260869565217391,2,21
W3142147771,2021,-0.5625,7,25
W1999447752,2014,-1.0,0,7
W3047556925,2020,-0.7272727272727273,3,19
W2911356692,2019,-0.625,3,13
W4280569916,2022,-1.0,0,11
W2559762227,2016,-0.8,1,9
W2973460266,2019,-0.8333333333333334,1,11
W3185789490,2021,0.75,7,1
W3155291452,2021,-0.2,2,3
W4389331260,2023,-0.14285714285714285,3,4
W2680931481,2017,-0.2,2,3
W2945071411,2019,-0.42857142857142855,2,5
W4247606844,2018,-1.0,0,4
W3182894113,2020,1.0,1,0
W2980931192,2019,-0.5294117647058824,8,26
W4319653440,2023,-0.6842105263157895,3,16
W2896381102,2018,-0.48717948717948717,10,29
W3161050098,2021,-0.45454545454545453,3,8
W2555863222,2016,-1.0,0,11
W2934935265,2019,-0.2,2,3
W3029258967,2020,-0.5384615384615384,3,10
W4388623395,2023,-1.0,0,2
W4312578027,2022,1.0,1,0
W2166361783,2015,,0,0
W4323637268,2023,-1.0,0,1
W1488031086,2014,1.0,1,0
W2169549255,2015,0.08,27,23
W2036765125,2014,-0.7297297297297297,5,32
W2000818954,2014,-0.36363636363636365,7,15
W2063991286,2014,,0,0
W1496918241,2015,0.04,26,24
W2128865462,2014,0.7142857142857143,12,2
W3199438654,2021,0.0,5,5
W973577941,2015,-0.14285714285714285,3,4
W2294178268,2014,0.5,3,1
W2916343973,2019,1.0,1,0
W2765429991,2017,-0.7142857142857143,2,12
W3142111591,2019,1.0,2,0
W2896806675,2018,0.6923076923076923,11,2
W1996740752,2015,0.5,3,1
W2248999523,2015,0.0,1,1
W2994713733,2019,-0.3333333333333333,5,10
W2766835435,2017,-0.8,5,45
W3028892895,2020,-0.08,23,27
W2897456565,2018,-0.88,3,47
W2010399991,2014,-0.24,19,31
W2611140757,2017,0.30434782608695654,30,16
W2345907455,2016,0.37142857142857144,24,11
W2395423607,2016,-0.5833333333333334,5,19
W3004599563,2020,-0.7777777777777778,4,32
W2539017927,2016,0.023255813953488372,22,21
W2508815538,2016,-0.6,10,40
W2950866572,2019,-0.52,12,38
W2926555354,2019,-0.84,4,46
W2251386579,2015,-0.4,15,35
W2971015127,2019,-0.76,6,44
W2970408399,2019,-0.68,8,42
W1908676432,2015,-0.7647058823529411,4,30
W2803214681,2018,-0.4,15,35
W2896509746,2018,-0.08,23,27
W2884554299,2018,-0.88,3,47
W3153224075,2021,-0.72,7,43
W2470595162,2016,-0.8,5,45
W2507731975,2016,-0.8,5,45
W2951117913,2019,-0.8,5,45
W3103119982,2020,-0.88,3,47
W2950825792,2019,-0.84,4,46
W2889368791,2018,-0.8723404255319149,3,44
W4303648884,2022,-0.9024390243902439,2,39
W3029286378,2020,-0.4,15,35
W4206281850,2021,-0.7368421052631579,5,33
W3102812725,2020,-0.8974358974358975,2,37
W4309994492,2022,-0.9473684210526315,1,37
W3214933191,2021,-0.7297297297297297,5,32
W2963971961,2018,-0.8709677419354839,2,29
W4385573907,2022,-0.26666666666666666,11,19
W4285127912,2022,-0.8571428571428571,2,26
W4287890491,2022,-0.6428571428571429,5,23
W3026538704,2020,-0.9259259259259259,1,26
W3091784310,2020,-0.46153846153846156,7,19
W4287258879,2022,-0.6153846153846154,5,21
W4287888444,2022,-0.9230769230769231,1,25
W4385572775,2022,-0.8333333333333334,2,22
W2250278916,2014,-0.56,11,39
W2461808544,2016,-0.696969696969697,5,28
W3115021520,2020,0.24,31,19
W2251565024,2015,-0.5333333333333333,7,23
W2561296568,2016,-0.6190476190476191,4,17
W2570821393,2018,-0.7777777777777778,3,24
W2983032163,2019,-0.8125,3,29
W2888775310,2018,-1.0,0,30
W4296713955,2022,-0.3548387096774194,10,21
W2251752871,2014,-0.8461538461538461,2,24
W2970016216,2019,-0.4666666666666667,8,22
W2585253991,2017,-0.9166666666666666,1,23
W2924135799,2019,-0.7037037037037037,4,23
W2740540575,2017,-0.8,2,18
W4287855085,2022,-0.9230769230769231,1,25
W3015449890,2020,-0.8095238095238095,2,19
W3170826848,2021,-0.7142857142857143,3,18
W3174428931,2021,-0.7777777777777778,2,16
W2739709371,2017,-0.7647058823529411,2,15
W4226204153,2022,1.0,17,0
W4287887656,2022,-0.5294117647058824,4,13
W2970350231,2019,-0.75,2,14
W4287889593,2022,-1.0,0,16
W4297459110,2022,-0.75,2,14
W4285263440,2022,-0.5,3,9
W2621262511,2017,0.7142857142857143,6,1
W3204165160,2014,0.75,7,1
W2970712718,2019,-0.3684210526315789,6,13
W3101226838,2020,-0.5,4,12
W2181677738,2013,-0.6666666666666666,2,10
W2963625579,2019,-0.5714285714285714,3,11
W3046034404,2020,-0.8666666666666667,1,14
W2964065120,2018,-0.14285714285714285,6,8
W2741021341,2017,-0.07692307692307693,6,7
W2950997402,2019,-0.5384615384615384,3,10
W3167335398,2021,-0.42857142857142855,4,10
W2590654071,2017,-0.09090909090909091,5,6
W2805861540,2018,-0.2727272727272727,4,7
W2611715906,2017,0.0,4,4
W4285209661,2022,-0.6,2,8
W4385573320,2022,-0.6,2,8
W2804750658,2018,-0.42857142857142855,2,5
W2252037542,2015,-1.0,0,8
W4285244630,2022,0.5,6,2
W4287888092,2022,-1.0,0,5
W4285118702,2022,-1.0,0,6
W3022822895,2020,-0.5555555555555556,2,7
W4229014478,2022,1.0,1,0
W3034508791,2020,-0.5,3,9
W2562053465,2016,-0.3333333333333333,2,4
W2753398138,2017,-0.25,3,5
W3178064270,2021,-1.0,0,5
W2604703149,2017,-0.6666666666666666,1,5
W3171654275,2021,-1.0,0,7
W4307478024,2022,1.0,6,0
W3090805418,2020,-1.0,0,6
W3093392176,2020,-0.5,1,3
W4302403701,2022,1.0,4,0
W3003689215,2021,-1.0,0,3
W3168975918,2021,-0.3333333333333333,1,2
W2803936041,2018,-0.3333333333333333,2,4
W2564287196,2016,-0.42857142857142855,2,5
W2725686455,2017,1.0,6,0
W2952868992,2019,0.2,3,2
W2293346268,2015,-1.0,0,5
W2927851123,2019,0.0,2,2
W2971802893,2019,0.0,2,2
W3021708827,2020,0.0,2,2
W3204890648,2021,-1.0,0,4
W4307320043,2022,1.0,4,0
W2295625793,2015,0.0,1,1
W2962970245,2019,-1.0,0,3
W3175923223,2021,0.3333333333333333,2,1
W4312091828,2022,1.0,2,0
W4385574053,2022,-1.0,0,2
W3101355502,2020,-1.0,0,4
W3092154909,2020,0.3333333333333333,2,1
W3158913126,2021,-0.3333333333333333,1,2
W2928436029,2019,-1.0,0,1
W3126184680,2021,-1.0,0,1
W4283019930,2022,1.0,1,0
W3166522443,2021,-1.0,0,2
W2751509111,2017,1.0,2,0
W3087077382,2020,-1.0,0,2
W3196649867,2021,-1.0,0,2
W3204669235,2021,-1.0,0,2
W4225690441,2022,1.0,2,0
W4228999250,2022,1.0,2,0
W4385574255,2022,0.0,1,1
W2826525850,2019,-1.0,0,1
W2902742944,2019,1.0,1,0
W3021034694,2020,-1.0,0,1
W3091143131,2020,-1.0,0,1
W3154048851,2021,1.0,1,0
W3158760029,2021,-1.0,0,1
W3092473124,2020,1.0,1,0
W3203324590,2021,1.0,1,0
W4306892733,2022,1.0,1,0
W4385573283,2022,-1.0,0,1
W4385574143,2022,-1.0,0,1
W3022130152,2020,-1.0,0,1
W3082325607,2020,-1.0,0,1
W3192167413,2021,-1.0,0,1
W2807188009,2018,0.08,27,23
W2952332047,2018,-0.56,11,39
W4225595179,2022,1.0,23,0
W2890605385,2018,-1.0,0,19
W2949505205,2019,-0.6756756756756757,6,31
W3110570034,2020,-1.0,0,18
W2807995432,2018,-1.0,0,16
W2949682057,2019,0.1111111111111111,5,4
W4295237228,2016,1.0,3,0
W2971904186,2019,-1.0,0,6
W2944528576,2016,-0.42857142857142855,2,5
W2799146821,2018,-0.6,1,4
W2925723586,2019,1.0,5,0
W4310998926,2022,1.0,5,0
W4388584760,2021,1.0,5,0
W2510713142,2016,-0.3333333333333333,1,2
W2944862027,2019,-1.0,0,4
W4285128742,2022,0.0,3,3
W2952962875,2018,0.0,2,2
W2971886545,2019,0.0,2,2
W4297889348,2022,1.0,4,0
W4310286415,2022,1.0,4,0
W2951442135,2019,-0.3333333333333333,1,2
W2952382105,2019,-1.0,0,3
W2952936685,2018,-1.0,0,3
W4226120401,2022,1.0,3,0
W4289754003,2018,1.0,3,0
W4288120920,2019,1.0,1,0
W2949418473,2018,-1.0,0,2
W4226197693,2022,1.0,2,0
W4226332779,2022,1.0,2,0
W4281642786,2022,1.0,2,0
W4300828021,2022,1.0,2,0
W2949589283,2018,1.0,1,0
W2949875992,2019,-1.0,0,1
W2951132099,2017,-1.0,0,1
W2951821156,2016,-1.0,0,1
W2951890879,2019,1.0,1,0
W3128531951,2021,1.0,1,0
W3171594500,2021,-1.0,0,1
W3199039080,2021,-1.0,0,1
W3207167006,2021,-1.0,0,1
W3212830866,2021,-1.0,0,1
W4226241819,2022,1.0,1,0
W4296972654,2022,1.0,1,0
W4306309364,2022,1.0,1,0
W4307478014,2022,1.0,1,0
W4309957088,2022,1.0,1,0
W2416330873,2016,-0.68,8,42
W2405094254,2016,-0.7435897435897436,5,34
W2610214088,2017,-0.8,5,45
W2611692589,2017,-0.2413793103448276,11,18
W4225098831,2022,-0.36,16,34
W4283755527,2022,-0.7209302325581395,6,37
W2468925839,2015,-0.6,5,20
W3039218294,2020,-0.37777777777777777,14,31
W3122979956,2021,-0.8064516129032258,3,28
W3128600078,2021,-0.5172413793103449,7,22
W3107441281,2020,1.0,26,0
W4225162736,2022,0.3,13,7
W3136594998,2020,1.0,3,0
W4225286352,2022,-0.30434782608695654,8,15
W2033647449,2014,-0.1111111111111111,4,5
W4285333168,2021,-0.4,6,14
W2471390164,2015,-1.0,0,14
W2059180079,2014,-0.2,4,6
W3151930217,2020,1.0,12,0
W3201576484,2021,-0.8181818181818182,1,10
W3203077930,2021,0.4,7,3
W4285333430,2021,-0.6,1,4
W2565896781,2016,-0.42857142857142855,2,5
W2083205205,2013,1.0,6,0
W2919440351,2019,-0.2,4,6
W4361748621,2022,1.0,3,0
W2295081630,2015,0.5,3,1
W2346339322,2016,-0.3333333333333333,1,2
W2735463206,2014,,0,0
W2470944363,2015,0.5,3,1
W3209740536,2021,-0.2,2,3
W2289451308,2016,,0,0
W2779832415,2017,1.0,3,0
W2015189799,2013,1.0,1,0
W2887461774,2018,-0.84,4,46
W2903474771,2018,-0.8,5,45
W1995623980,2014,-0.8823529411764706,1,16
W1970158574,2015,-0.7692307692307693,3,23
W2951256062,2019,-0.72,7,43
W2896716072,2018,-0.64,9,41
W1601772810,2015,-0.7777777777777778,2,16
W4225727405,2022,-0.72,7,43
W3165224198,2021,0.7391304347826086,40,6
W2082985976,2014,-0.24324324324324326,14,23
W2033989022,2015,-0.7857142857142857,3,25
W3112976274,2020,-0.6296296296296297,5,22
W2947005408,2019,-0.84,4,46
W3042521552,2020,-1.0,0,26
W2751725317,2017,-0.5714285714285714,3,11
W3205559154,2021,-0.92,1,24
W4241303000,2018,1.0,11,0
W3179731056,2021,-0.8333333333333334,3,33
W2852293942,2018,-0.8823529411764706,1,16
W3127675867,2021,-1.0,0,19
W2978075000,2019,-1.0,0,15
W4254907584,2018,1.0,3,0
W3170865733,2021,-1.0,0,12
W3136511105,2021,-1.0,0,8
W2173563791,2015,-1.0,0,3
W3192551254,2021,1.0,8,0
W2777083756,2017,-1.0,0,6
W3049166835,2020,-1.0,0,3
W2905822318,2018,0.3333333333333333,2,1
W4413546750,2019,1.0,1,0
W4206308719,2021,-1.0,0,3
W3216953451,2021,-1.0,0,2
W4232620058,2021,-1.0,0,1
W2017395654,2015,0.8723404255319149,44,3
W4300093098,2017,-0.3888888888888889,11,25
W2752695596,2017,0.06666666666666667,16,14
W2888545162,2018,-0.5,2,6
W2010166572,2015,1.0,25,0
W2891629177,2018,-0.6,1,4
W2591936458,2016,-0.2413793103448276,11,18
W2345533436,2016,1.0,2,0
W3207751643,2021,-0.64,9,41
W4281397084,2022,-0.6666666666666666,1,5
W2757227709,2017,0.2,3,2
W3195901577,2021,-1.0,0,3
W3183330390,2021,0.6153846153846154,21,5
W4282928830,2022,0.14285714285714285,20,15
W3097615858,2020,1.0,1,0
W2988946950,2019,-0.08,23,27
W2810869501,2018,-0.68,8,42
W2912834942,2019,-0.6,10,40
W3023101591,2020,-0.68,8,42
W3014300016,2020,-0.56,11,39
W3191040404,2021,-0.56,11,39
W3101556949,2020,-0.72,7,43
W2767327746,2017,0.08,27,23
W3025096376,2020,-0.72,7,43
W2905101614,2018,-0.92,2,48
W3084419772,2020,-0.68,8,42
W2899860820,2018,1.0,25,0
W2121875923,2014,1.0,17,0
W2762288925,2017,-0.7391304347826086,3,20
W2897157007,2018,-0.9,1,19
W2800956693,2018,0.15789473684210525,11,8
W4303648897,2022,-0.5454545454545454,5,17
W3111809764,2020,-0.3333333333333333,4,8
W3015665339,2020,-1.0,0,5
W2989314329,2019,1.0,2,0
W2899821217,2018,1.0,12,0
W2079796873,2014,-0.7872340425531915,5,42
W3174126115,2021,-0.72,7,43
W2604332898,2017,0.1111111111111111,15,12
W3173709536,2021,-0.8461538461538461,1,12
W2778244123,2017,0.4666666666666667,22,8
W3186528450,2021,-0.7727272727272727,5,39
W2969625533,2019,-0.04,24,26
W3162902757,2021,-0.42857142857142855,6,15
W3032580919,2020,-0.07692307692307693,6,7
W2407848854,2016,-0.42857142857142855,2,5
W3081426165,2020,-0.7777777777777778,1,8
W3081558368,2020,1.0,3,0
W1963514287,2012,-0.6,1,4
W3115784317,2020,-0.8333333333333334,1,11
W3180951714,2021,1.0,4,0
W1969350878,2012,-0.6875,5,27
W2624839785,2017,0.16666666666666666,21,15
W2883899357,2018,0.8181818181818182,10,1
W1983068768,2013,-0.6,1,4
W2218739658,2015,0.0,1,1
W1992346157,2013,-1.0,0,1
W2761518917,2017,-1.0,0,1
W2809105086,2018,-1.0,0,1
W2611579020,2017,-0.28,18,32
W3028909176,2020,-0.56,11,39
W2610505880,2017,-0.08,23,27
W2795888186,2018,-0.8,5,45
W4221029209,2022,-0.28,18,32
W2532372538,2016,-0.44,14,36
W2796436645,2018,-0.76,6,44
W4319837288,2022,-0.2,20,30
W3029469337,2020,-0.76,6,44
W2943052618,2019,-0.24,19,31
W4220727669,2022,-0.36,16,34
W2942474547,2019,-0.64,9,41
W2536605168,2016,-0.30612244897959184,17,32
W2908716997,2018,-0.7837837837837838,4,33
W3032430574,2020,-0.08,23,27
W4225082678,2022,-0.28,18,32
W3162840786,2021,-0.68,8,42
W2588775374,2017,-0.10344827586206896,13,16
W4224989434,2022,-0.52,12,38
W1992291215,2014,0.2,12,8
W4225120364,2022,-0.3333333333333333,12,24
W2399477691,2016,0.23404255319148937,29,18
W3093727106,2020,-0.65,7,33
W2076463985,2015,-0.3333333333333333,9,18
W4200027765,2021,-0.8333333333333334,4,44
W2973459083,2019,-0.8235294117647058,3,31
W2798334115,2018,-0.6666666666666666,3,15
W3163045446,2021,-0.4,9,21
W3096125881,2020,-0.5862068965517241,6,23
W2102311709,2013,0.5384615384615384,10,3
W2807987222,2018,-0.8095238095238095,2,19
W3095318646,2020,0.2,15,10
W3031523658,2020,-0.28,9,16
W3085806351,2020,-0.8260869565217391,2,21
W2888864702,2018,,0,0
W3213650064,2021,-0.5294117647058824,4,13
W4223938412,2022,-0.7391304347826086,3,20
W4225114665,2022,-0.17647058823529413,7,10
W4224991146,2022,-1.0,0,14
W2027859936,2015,-0.8666666666666667,1,14
W2611245725,2017,-0.4117647058823529,5,12
W2534086317,2016,-0.5714285714285714,3,11
W3163901762,2021,0.1,11,9
W1973361946,2014,0.2,6,4
W3089493843,2020,-0.1111111111111111,4,5
W3120336770,2021,-1.0,0,18
W4211070109,2022,-1.0,0,10
W3162208930,2021,-0.6,1,4
W2345734818,2016,1.0,11,0
W1719697449,2015,-1.0,0,4
W2897265995,2018,0.2,3,2
W1816478136,2015,0.0,3,3
W2889427794,2018,1.0,5,0
W4212819826,2022,-0.3333333333333333,2,4
W2057936014,2014,0.0,1,1
W3091051789,2020,0.3333333333333333,2,1
W4224224634,2022,1.0,2,0
W2519148850,2016,1.0,1,0
W2775516049,2017,1.0,1,0
W4393789742,2022,1.0,7,0
W4393695050,2022,1.0,6,0
W2915310514,2015,1.0,1,0
W3006619312,2019,1.0,1,0
W2894959258,2018,-0.375,5,11
W2904543079,2018,-0.14285714285714285,6,8
W3039819685,2020,-0.42857142857142855,4,10
W2896375589,2018,-1.0,0,4
W3033039916,2020,0.3333333333333333,4,2
W3204998854,2021,-1.0,0,4
W2751217204,2017,-0.56,11,39
W3085087735,2020,-0.6,10,40
W3163823280,2021,-0.24,19,31
W4285172020,2022,-0.875,2,30
W3163789048,2021,-0.25,9,15
W4307887189,2022,-0.8604651162790697,3,40
W2610421916,2017,-0.041666666666666664,23,25
W2796420159,2018,-0.6097560975609756,8,33
W2898522410,2018,-0.6666666666666666,6,30
W2940960057,2019,-0.56,11,39
W2761916590,2017,-0.7777777777777778,2,16
W1970291658,2015,-0.21428571428571427,11,17
W2898353388,2018,-0.42857142857142855,6,15
W2592325070,2017,-0.5789473684210527,4,15
W3163093040,2021,-0.5757575757575758,7,26
W3202266009,2021,-0.35714285714285715,9,19
W3030361007,2020,0.1111111111111111,15,12
W3208709157,2021,-0.8095238095238095,2,19
W3203530699,2021,-0.5294117647058824,4,13
W4200557082,2021,-0.36363636363636365,7,15
W4229025341,2022,-0.5,4,12
W4307884787,2022,-0.4117647058823529,5,12
W4308426110,2022,-1.0,0,16
W4307887881,2022,-0.6,3,12
W3204449655,2021,0.0,7,7
W2293390034,2015,1.0,8,0
W1899920521,2015,-0.5,1,3
W2796413895,2018,-0.5,3,9
W1487516410,2015,0.3333333333333333,8,4
W2741655250,2017,-0.6,2,8
W4200604335,2021,-0.45454545454545453,3,8
W4225085225,2022,0.0,5,5
W2531674346,2016,0.3333333333333333,6,3
W2766525684,2017,-0.1111111111111111,4,5
W4205398686,2021,-0.5,1,3
W2943258483,2019,0.0,1,1
W3046018217,2020,0.0,1,1
W2510588584,2016,1.0,2,0
W2982198452,2019,-1.0,0,1
W4210612721,2014,0.08,27,23
W2030640891,2014,-1.0,0,50
W1480140759,2013,-0.08,23,27
W1957305559,2015,-1.0,0,50
W2757538077,2015,1.0,50,0
W2888028527,2018,0.0,19,19
W2940502452,2019,-0.4090909090909091,13,31
W1592235590,2012,-0.68,4,21
W4310784477,2022,0.0,21,21
W2611667142,2017,-0.5,10,30
W2987657081,2019,-0.07692307692307693,12,14
W2617362254,2017,-0.5555555555555556,4,14
W2612267394,2017,-0.16666666666666666,5,7
W4251416166,2013,0.7142857142857143,6,1
W2267400326,2016,-0.3333333333333333,3,6
W2169427357,2012,0.16666666666666666,7,5
W4241620579,2018,1.0,3,0
W1508711140,2013,0.3333333333333333,2,1
W4311339068,2022,1.0,1,0
W1914162042,2015,-0.3333333333333333,4,8
W4242980132,2014,0.22580645161290322,19,12
W2610874624,2017,0.0,8,8
W2922029444,2018,1.0,30,0
W2028953510,2014,-0.64,9,41
W3029464893,2020,-0.72,7,43
W2396078445,2016,-0.7551020408163265,6,43
W2524723332,2016,1.0,20,0
W2610281177,2017,-0.68,8,42
W3028938806,2020,-0.52,12,38
W2896931129,2018,0.6,4,1
W3162020024,2021,-0.7222222222222222,5,31
W4225105851,2022,-0.5,4,12
W3038850065,2020,-0.14285714285714285,6,8
W3175266118,2021,0.7142857142857143,6,1
W4225088411,2022,-0.42857142857142855,4,10
W3209075996,2021,-0.14285714285714285,3,4
W2955649157,2021,-0.2,2,3
W2904239776,2018,1.0,11,0
W3031318101,2020,-0.058823529411764705,8,9
W3197906057,2021,-0.6666666666666666,2,10
W2271450789,2015,-0.6,2,8
W4307715643,2022,-0.3333333333333333,3,6
W3181930719,2020,0.3333333333333333,4,2
W2530829023,2016,1.0,1,0
W3210305890,2021,-0.5,1,3
W2739150324,2017,1.0,1,0
W2943062215,2019,0.0,1,1
W3002302528,2020,-0.64,9,41
W2558581619,2017,-0.08571428571428572,16,19
W3111649804,2020,-0.7857142857142857,3,25
W4226512930,2022,-0.6521739130434783,4,19
W4312964131,2022,-0.3333333333333333,1,2
W2903668528,2018,-0.2857142857142857,5,9
W2955512950,2019,-0.7777777777777778,1,8
W3206644801,2021,-0.25,3,5
W4307902969,2022,-0.3333333333333333,2,4
W3206642320,2021,0.0,3,3
W2932220649,2019,0.5,3,1
W2528504506,2015,1.0,1,0
W2770822752,2017,1.0,1,0
W4320085542,2021,1.0,5,0
W4200630266,2021,1.0,15,0
W2950747944,2016,-1.0,0,1
W2610414453,2017,-0.76,6,44
W2962787471,2019,0.6666666666666666,5,1
W3123744018,2021,-0.64,9,41
W2610850748,2017,-0.5238095238095238,10,32
W4309617394,2022,-0.6842105263157895,6,32
W3030406212,2020,-0.42857142857142855,4,10
W2899222308,2018,-0.2,8,12
W3004394942,2020,-0.5714285714285714,9,33
W3004321486,2020,-0.6129032258064516,6,25
W4225141819,2022,0.42857142857142855,5,2
W4309617558,2022,-0.42857142857142855,2,5
W4309618435,2022,-1.0,0,2
W4308426202,2022,1.0,1,0
W2768102481,2017,0.08,27,23
W2888358588,2018,-0.76,6,44
W2955557154,2019,-0.72,7,43
W3014183028,2020,-0.28,18,32
W3047767152,2020,-0.44,14,36
W2902449250,2018,-0.52,12,38
W2603410158,2017,-0.64,9,41
W2725648806,2017,-0.4,15,35
W3016675517,2020,-0.56,11,39
W2911835554,2019,-0.92,2,48
W2136808454,2015,-0.6,10,40
W2593976807,2017,-0.52,12,38
W2564800627,2016,-0.28205128205128205,14,25
W3161898781,2021,-0.32,17,33
W2402977158,2016,-0.96,1,49
W2806244483,2018,-0.48,13,37
W2414489838,2016,-0.8461538461538461,2,24
W2734468112,2017,-0.6470588235294118,6,28
W3014055873,2020,-0.52,12,38
W3203880537,2021,-0.8604651162790697,3,40
W2332266798,2016,-0.30434782608695654,8,15
W2995113284,2019,-0.5384615384615384,9,30
W3184920199,2021,-0.2727272727272727,8,14
W4239163809,2020,-0.24324324324324326,14,23
W3212571060,2021,-1.0,0,16
W2613573901,2017,-0.7333333333333333,2,13
W4303185967,2022,-0.2727272727272727,4,7
W3206155312,2021,-0.25,3,5
W3006432855,2020,-1.0,0,6
W2899231643,2018,0.0,5,5
W4220693494,2022,1.0,3,0
W4308751639,2022,-1.0,0,7
W2968775589,2018,1.0,1,0
W2473742589,2016,1.0,2,0
W2767692092,2017,-0.3888888888888889,11,25
W2460305953,2016,-0.6666666666666666,1,5
W2567101557,2017,-0.32,17,33
W4226064839,2022,-0.5757575757575758,7,26
W4352981362,2022,-0.6,1,4
W2741400146,2017,-0.7692307692307693,3,23
W2744460230,2017,-0.5,3,9
W3003240365,2019,-1.0,0,2
W3037635564,2020,-1.0,0,2
W2741643261,2017,-0.45454545454545453,9,24
W2883915502,2018,-0.6363636363636364,4,18
W3103499786,2020,-0.5789473684210527,4,15
W2771584655,2017,-0.2857142857142857,5,9
W2010417329,2015,-0.2,4,6
W2751195728,2017,-0.2727272727272727,4,7
W4308643037,2022,0.0,1,1
W2961101560,2019,-1.0,0,3
W4399550678,2016,-1.0,0,3
W2347053969,2016,-0.44,14,36
W2534445724,2016,-0.5,1,3
W2740295334,2017,-0.48,13,37
W2612735401,2017,-0.96,1,49
W1953381612,2015,-0.8095238095238095,2,19
W2730550703,2017,-0.52,12,38
W4291719230,2016,-1.0,0,50
W4282574503,2022,-0.3333333333333333,9,18
W2799106927,2018,-1.0,0,22
W2999876407,2019,0.18181818181818182,13,9
W4282588521,2022,0.5,15,5
W3208057978,2021,-0.6,3,12
W4289546290,2022,0.6,8,2
W3094328550,2020,0.2,9,6
W4312471576,2022,0.6666666666666666,5,1
W2011061822,2015,0.3333333333333333,6,3
W3169442836,2021,0.7142857142857143,12,2
W3137381225,2021,-0.8181818181818182,1,10
W4282050285,2022,-1.0,0,13
W4309505014,2022,-0.8333333333333334,1,11
W2810714263,2018,-0.6,2,8
W3196452755,2021,-0.3333333333333333,3,6
W3174250941,2021,-0.5,2,6
W2754525922,2018,0.5,3,1
W4294950479,2016,0.3333333333333333,2,1
W2796901439,2018,-0.5,1,3
W2995280893,2020,0.5,3,1
W4281897885,2022,-1.0,0,4
W2912314617,2018,0.0,1,1
W3127705005,2021,-1.0,0,2
W3161100413,2021,-1.0,0,1
W2272988256,2016,-1.0,0,50
W3033506081,2018,1.0,13,0
W2954166523,2019,-1.0,0,4
W3113112245,2020,-0.14285714285714285,3,4
W3035088225,2020,-1.0,0,4
W2933208588,2019,1.0,2,0
W3144798898,2020,-1.0,0,4
W3024834760,2020,-1.0,0,2
W4221151137,2022,1.0,2,0
W2919683912,2019,-1.0,0,1
W4287258603,2021,1.0,1,0
W4287759409,2020,1.0,1,0
W4297941700,2021,1.0,1,0
W2741221537,2017,-0.4,3,7
W2741422284,2017,-0.5454545454545454,10,34
W3134976270,2021,0.6666666666666666,10,2
W3162689995,2021,-0.76,6,44
W3207661109,2021,-0.631578947368421,7,31
W3217562629,2021,-0.6363636363636364,6,27
W3144874349,2021,-1.0,0,18
W4213184571,2022,-0.2857142857142857,5,9
W4242900168,2021,1.0,6,0
W2964433888,2019,-0.5,1,3
W3085206059,2018,1.0,4,0
W3123844227,2021,-0.3333333333333333,1,2
W2946734788,2019,1.0,4,0
W3099581494,2020,-0.3333333333333333,1,2
W3183499274,2021,0.0,1,1
W2963327228,2018,-0.36,16,34
W3186289002,2021,1.0,1,0
W3185958147,2021,1.0,2,0
W3192893853,2021,1.0,1,0
W3213173564,2021,-1.0,0,1
W2753704268,2017,-0.52,12,38
W3091827826,2020,1.0,1,0
W3014797428,2020,-0.9375,1,31
W2963785012,2018,-0.6,10,40
W2963097937,2018,-1.0,0,50
W1923332106,2015,-0.84,4,46
W2990578762,2019,-0.88,3,47
W874179280,2015,-0.88,3,47
W2774005037,2018,-0.84,4,46
W2950697717,2018,-0.84,4,46
W2375583958,2016,-0.96,1,49
W2031004336,2014,-0.68,8,42
W326271615,2015,-0.92,2,48
W2930283066,2019,-0.92,2,48
W2964185410,2018,-0.92,2,48
W2983335573,2019,-0.84,4,46
W1975961009,2013,-0.96,1,49
W2599765304,2017,-0.52,12,38
W2964487155,2019,-0.96,1,49
W2520300725,2016,-0.12,11,14
W2963088756,2018,1.0,41,0
W2772447065,2017,0.375,11,5
W3206049077,2022,-0.7647058823529411,2,15
W2996686178,2020,-0.7333333333333333,2,13
W4312931092,2022,-0.8823529411764706,1,16
W3098210661,2020,1.0,7,0
W2604800731,2016,-1.0,0,3
W2806070179,2018,-0.6,10,40
W4394669457,2017,1.0,50,0
W259216465,2014,-0.6,10,40
W2950209802,2015,-0.6,10,40
W3042719542,2020,-0.76,6,44
W2948124424,2019,-0.84,4,46
W2608915011,2017,-0.43478260869565216,13,33
W2783375473,2018,1.0,50,0
W2772804149,2017,-0.5428571428571428,8,27
W2951015399,2014,-0.9459459459459459,1,36
W2781188777,2017,1.0,21,0
W3041764167,2020,-0.75,3,21
W2898542997,2018,1.0,17,0
W2954691335,2019,-0.7142857142857143,2,12
W2893250549,2018,-0.6363636363636364,2,9
W2950918464,2014,-1.0,0,11
W2937670850,2019,-0.75,1,7
W4298171219,2019,1.0,4,0
W2973041989,2019,-1.0,0,6
W3216123195,2021,-1.0,0,4
W4286750532,2022,1.0,4,0
W4311638743,2022,1.0,3,0
W2949823182,2016,-1.0,0,2
W4298212519,2017,1.0,2,0
W2952903800,2019,-0.84,4,46
W1995799268,2014,-0.4838709677419355,8,23
W2795027827,2018,-0.72,7,43
W2066455950,2015,-0.9130434782608695,2,44
W2764146461,2017,-0.48,13,37
W2620436109,2017,-0.9512195121951219,1,40
W2400579873,2016,-0.034482758620689655,14,15
W3093605317,2020,-0.5789473684210527,4,15
W3092453472,2020,-0.45454545454545453,6,16
W2408619423,2016,-0.3333333333333333,6,12
W2923744774,2019,-0.6,4,16
W2572410958,2016,0.09090909090909091,6,5
W2888214946,2018,0.1111111111111111,10,8
W2518214351,2016,-1.0,0,11
W2949905013,2019,-1.0,0,3
W2620742065,2017,-0.5,1,3
W2546822423,2016,-1.0,0,1
W2621065906,2017,-1.0,0,1
W2769992062,2017,-1.0,0,2
W2719701983,2017,0.5675675675675675,29,8
W2955686175,2019,0.75,7,1
W2616911398,2017,-0.5135135135135135,9,28
W3133741462,2021,-0.6666666666666666,1,5
W3106754397,2020,-0.5,1,3
W2616911396,2017,-0.8,5,45
W2980160815,2020,-1.0,0,50
W3196355744,2020,-0.9259259259259259,1,26
W3033381030,2020,-0.3333333333333333,6,12
W3215715277,2021,-1.0,0,50
W3120554000,2021,-1.0,0,34
W3014144253,2020,-0.9523809523809523,1,41
W3085299096,2021,-1.0,0,38
W3007115506,2020,-1.0,0,50
W4292573076,2022,-1.0,0,19
W3214217376,2022,-1.0,0,18
W3198902625,2021,-0.8888888888888888,1,17
W4289755436,2022,-1.0,0,14
W4311440786,2022,-1.0,0,7
W4214889796,2022,-1.0,0,12
W3217599660,2022,-1.0,0,4
W4288826758,2022,1.0,1,0
W3212010341,2021,1.0,1,0
W3038831287,2020,-0.64,9,41
W3039474101,2020,-0.88,3,47
W3129128060,2021,-0.84,4,46
W3115184198,2020,-0.76,6,44
W4200347130,2021,-0.8571428571428571,3,39
W3134721108,2021,-0.88,3,47
W3107805093,2020,-0.75,5,35
W2955730880,2019,-0.8709677419354839,2,29
W3091248061,2020,-0.6666666666666666,6,30
W3098502934,2020,-0.7647058823529411,4,30
W3120152666,2021,-0.047619047619047616,10,11
W3129997895,2020,0.2,3,2
W4302307460,2022,-0.5,1,3
W2019250649,2015,-0.7777777777777778,1,8
W2937993745,2019,0.09090909090909091,6,5
W3170049151,2021,1.0,3,0
W4282925827,2022,-0.3333333333333333,1,2
W2896670287,2018,0.0,1,1
W2965782297,2019,1.0,1,0
W3186564369,2021,-1.0,0,16
W2991950837,2019,-0.8888888888888888,1,17
W3040299465,2020,-1.0,0,8
W3032349738,2020,-1.0,0,2
W3004620472,2020,-1.0,0,7
W3106155364,2020,1.0,1,0
W2951170114,2019,-0.92,2,48
W2547954490,2016,-0.96,1,49
W2968086426,2019,-0.88,3,47
W1976954202,2015,-0.6326530612244898,9,40
W2129761255,2014,-0.72,7,43
W2053873374,2015,-0.72,7,43
W3043238989,2020,-0.88,3,47
W2477215876,2016,-0.9411764705882353,1,33
W3149889935,2021,-1.0,0,43
W2767555494,2017,-0.7647058823529411,4,30
W2960013457,2019,-0.9591836734693877,1,48
W3042750271,2020,-0.7872340425531915,5,42
W2809288627,2018,-0.1875,13,19
W3042770293,2020,-0.7674418604651163,5,38
W2955362501,2019,-0.9393939393939394,1,32
W3006447419,2019,-0.7419354838709677,4,27
W2590575400,2017,-0.9230769230769231,1,25
W2951702001,2019,-0.21428571428571427,11,17
W2548334485,2016,-0.7142857142857143,1,6
W2910162200,2019,-0.7931034482758621,3,26
W2878316859,2018,-0.8333333333333334,2,22
W3194175074,2021,-0.8709677419354839,2,29
W2949400639,2019,-0.6666666666666666,4,20
W2511027470,2016,-0.7272727272727273,3,19
W4284705801,2022,-0.9090909090909091,1,21
W3162204369,2021,-0.84,2,23
W4295698929,2022,-0.9047619047619048,1,20
W2888624596,2018,-0.6470588235294118,3,14
W2560438921,2016,-1.0,0,13
W4286303810,2022,-1.0,0,14
W2806676720,2018,-1.0,0,13
W4285490395,2022,-1.0,0,12
W2732328043,2017,-1.0,0,7
W3186938241,2020,-1.0,0,1
W4394331319,2019,1.0,1,0
W2039090559,2014,-0.64,9,41
W3126231714,2021,0.08,27,23
W2913871603,2019,-0.48,13,37
W2321936408,2016,-0.52,12,38
W3009116850,2020,-0.24,19,31
W2478542382,2016,-1.0,0,50
W2042077652,2014,-1.0,0,50
W2415910379,2016,-0.64,9,41
W2088223436,2013,-0.04,24,26
W2761021290,2017,-0.56,11,39
W2036861524,2014,-0.32,17,33
W2790421859,2018,-0.28,18,32
W2322725250,2016,-0.44,14,36
W2896858752,2018,-0.45454545454545453,12,32
W2294354713,2016,-0.44,14,36
W2000108799,2013,-0.6923076923076923,4,22
W2896766739,2018,-0.030303030303030304,16,17
W2810054667,2018,-0.26666666666666666,11,19
W1535072007,2015,-0.5384615384615384,6,20
W2739496986,2017,0.6296296296296297,22,5
W3045398511,2020,-0.4,9,21
W2982605438,2019,-0.6363636363636364,4,18
W2913740636,2019,0.0,11,11
W2967531314,2019,-0.9230769230769231,1,25
W3132382447,2020,0.16666666666666666,14,10
W2162508850,2012,-0.7777777777777778,2,16
W3092377875,2020,-0.5,5,15
W2965754764,2019,-0.4444444444444444,5,13
W2956517125,2019,-0.037037037037037035,13,14
W2909519685,2019,-0.7391304347826086,3,20
W2059517616,2014,0.5,12,4
W4200324951,2021,-0.6666666666666666,2,10
W1965654476,2014,-0.5,2,6
W2947959688,2019,0.5384615384615384,10,3
W1988404654,2014,-1.0,0,7
W2963512959,2017,-0.1111111111111111,4,5
W2471310776,2016,-1.0,0,8
W2341581966,2016,1.0,4,0
W2783593555,2018,1.0,5,0
W4293138260,2021,1.0,4,0
W4318148331,2022,-0.3333333333333333,1,2
W2009965566,2014,-1.0,0,2
W3204949142,2021,1.0,2,0
W2080530736,2013,-1.0,0,2
W1525896482,2015,-1.0,0,1
W3139043417,2020,-1.0,0,1
W2963244068,2018,0.4,35,15
W2632083257,2017,-1.0,0,2
W2974799622,2019,-1.0,0,1
W4288622506,2019,1.0,1,0
W4313610822,2022,-1.0,0,1
W2949619543,2019,-0.25,3,5
W2962935454,2018,1.0,50,0
W2564590721,2016,-0.16,21,29
W3198675127,2022,-0.8,5,45
W2944407464,2017,1.0,50,0
W2963818033,2018,1.0,50,0
W2531499355,2021,-0.8333333333333334,3,33
W2963150697,2017,-0.84,4,46
W2948206881,2022,-1.0,0,24
W2896534181,2021,-0.6888888888888889,7,38
W3046022822,2022,-0.5,5,15
W2741107118,2017,-0.8181818181818182,2,20
W2888873865,2018,1.0,6,0
W3039430547,2020,-1.0,0,4
W2971436795,2019,1.0,3,0
W3104638933,2020,1.0,1,0
W4299356147,2017,1.0,50,0
W2806187986,2018,-0.4,15,35
W2767075075,2017,-0.88,3,47
W2891468099,2018,0.2727272727272727,21,12
W2531031089,2016,1.0,6,0
W4289375491,2018,1.0,17,0
W2804815760,2018,1.0,50,0
W4221155125,2022,1.0,50,0
W3011515502,2020,-0.7647058823529411,2,15
W4287704108,2020,1.0,6,0
W4286986508,2021,1.0,5,0
W3109323883,2020,-0.3333333333333333,1,2
W4289667048,2018,1.0,3,0
W4287727513,2020,1.0,2,0
W2902814034,2018,1.0,1,0
W2323164027,2016,-0.3333333333333333,5,10
W2731280337,2017,-0.47368421052631576,5,14
W2325071780,2016,-0.4,3,7
W2599805048,2017,-1.0,0,8
W3015598440,2017,1.0,1,0
W2795942948,2018,-1.0,0,2
W4235663184,2017,1.0,1,0
W2265133871,2015,-1.0,0,2
W2618243423,2017,-0.5,1,3
W3010316864,2020,0.0,2,2
W2950963990,2019,-1.0,0,2
W3005721354,2020,-1.0,0,2
W2883309756,2018,-0.05263157894736842,18,20
W2626631502,2017,-0.96,1,49
W2564852534,2016,-0.8,5,45
W2994990491,2019,-1.0,0,23
W2947631473,2019,-0.625,6,26
W2996725384,2019,-0.40425531914893614,14,33
W4206600087,2022,-1.0,0,27
W2295752850,2016,-1.0,0,33
W3032912255,2020,-1.0,0,23
W1998263113,2015,-0.7333333333333333,4,26
W3024303244,2017,-0.6190476190476191,4,17
W3173474899,2021,-1.0,0,23
W4281945852,2022,-1.0,0,19
W2798573268,2018,-0.75,2,14
W2049311281,2014,-1.0,0,16
W3011851329,2017,-0.7777777777777778,2,16
W4220888185,2022,0.3333333333333333,6,3
W3000582877,2015,-0.3333333333333333,1,2
W4308048102,2022,1.0,1,0
W3004681883,2016,-1.0,0,7
W4233269833,2018,-1.0,0,2
W3175937964,2021,1.0,1,0
W3206696058,2019,1.0,1,0
W2562114628,2017,-0.8,2,18
W2509085585,2016,-0.8,1,9
W1969009115,2014,-1.0,0,4
W4251283501,2017,-1.0,0,2
W2268018644,2016,-0.36,16,34
W2072725482,2012,1.0,2,0
W4244946062,2016,0.0,1,1
W2987866126,2019,-1.0,0,1
W1983018816,2014,-1.0,0,1
W2793582322,2018,-1.0,0,7
W2921453367,2020,-0.1111111111111111,4,5
W103061485,2012,-0.45454545454545453,3,8
W2889508399,2018,1.0,5,0
W40564209,2014,-0.6,2,8
W1971461250,2015,-1.0,0,6
W2995413974,2019,-0.3333333333333333,1,2
W2966447513,2020,-1.0,0,5
W2931799723,2019,-0.7142857142857143,1,6
W2131561185,2014,-0.5,1,3
W2965108653,2019,-0.5,1,3
W4293812515,2022,-0.3333333333333333,1,2
W2982173149,2019,1.0,2,0
W3183424479,2021,1.0,2,0
W1865679690,2012,-1.0,0,3
W3115799748,2020,-1.0,0,1
W2420769642,2016,-1.0,0,1
W2890836896,2018,-1.0,0,1
W2591203006,2017,-1.0,0,1
W2761363670,2017,1.0,2,0
W3137354723,2021,-1.0,0,1
W2901284989,2018,0.16666666666666666,14,10
W4232865065,2017,0.36,34,16
W2618267215,2017,-1.0,0,50
W1449595027,2014,-0.8823529411764706,1,16
W3138169485,2020,-0.07142857142857142,13,15
W2652625053,2017,-0.48,13,37
W2949034369,2019,-0.14285714285714285,9,12
W2625141509,2017,0.52,38,12
W3094700539,2020,-0.7,3,17
W2538848838,2016,-0.72,7,43
W2717128466,2017,-0.25,3,5
W3005095411,2018,-1.0,0,1
W2892439125,2019,-1.0,0,3
W2907298162,2018,1.0,6,0
W2266592029,2013,1.0,4,0
W2912141399,2018,1.0,3,0
W2979026777,2019,1.0,2,0
W4289125742,2018,1.0,1,0
W2283556750,2016,-0.88,3,47
W2465793152,2016,-0.84,4,46
W2487583538,2016,-0.64,9,41
W1694165248,2013,0.04,26,24
W2743093301,2017,-0.72,7,43
W2065831914,2014,-0.28,18,32
W1772688858,2015,0.12,28,22
W4236658661,2014,1.0,14,0
W2743987472,2017,-0.96,1,49
W2604805566,2017,0.48,37,13
W2105514976,2014,-0.76,6,44
W2161191386,2013,-0.8,5,45
W2065955361,2015,-0.9534883720930233,1,42
W3163599366,2014,-0.47368421052631576,5,14
W3009902735,2020,-0.40540540540540543,11,26
W3046486172,2020,-0.8367346938775511,4,45
W2113765187,2014,1.0,25,0
W2043317651,2014,0.05555555555555555,19,17
W2235443073,2015,-0.4782608695652174,6,17
W3104436288,2020,-0.7241379310344828,4,25
W3188815792,2021,-0.44,7,18
W2950380940,2019,-0.5789473684210527,4,15
W2986235081,2019,-1.0,0,15
W1930464860,2015,0.0,4,4
W3043548417,2020,1.0,14,0
W4321448309,2022,-0.7142857142857143,1,6
W3013245059,2020,0.0,7,7
W3171597154,2021,0.3333333333333333,8,4
W2989378952,2019,0.0,4,4
W2547333022,2016,-0.6,2,8
W3155596517,2021,-0.75,1,7
W2063333837,2012,-0.2,2,3
W3211826875,2021,-1.0,0,5
W2748963574,2017,0.0,1,1
W2300505499,2016,-0.3333333333333333,1,2
W2967293926,2019,-1.0,0,4
W2089661047,2014,0.3333333333333333,2,1
W3097336359,2020,1.0,1,0
W3128576194,2021,-1.0,0,1
W3023771004,2020,-1.0,0,1
W2953132452,2015,-0.8461538461538461,1,12
W2296390567,2015,0.0,3,3
W3160872819,2021,-0.8333333333333334,1,11
W2277430156,2016,0.3333333333333333,2,1
W3032442097,2020,-1.0,0,7
W4281857271,2022,-1.0,0,3
W3128308497,2021,-1.0,0,2
W3174309132,2021,0.0,1,1
W3135854108,2021,-1.0,0,1
W4225650812,2021,1.0,1,0
W2968935228,2019,-0.72,7,43
W2094871797,2015,-0.5294117647058824,4,13
W2529580269,2016,0.125,9,7
W2800738571,2018,0.2857142857142857,9,5
W2154050268,2012,-0.3333333333333333,3,6
W2604661085,2017,0.5555555555555556,7,2
W2760356198,2017,-1.0,0,17
W3176837538,2021,-0.3333333333333333,3,6
W2226367367,2015,-0.2,4,6
W2612158981,2017,-0.75,1,7
W3114252281,2020,0.6666666666666666,5,1
W1894781685,2014,-0.5,1,3
W3114972758,2020,1.0,2,0
W3024687117,2020,0.3333333333333333,2,1
W2567547937,2016,-1.0,0,3
W2981776265,2019,1.0,1,0
W2157684298,2014,-1.0,0,2
W2963674831,2019,-0.8,5,45
W2963735478,2018,1.0,50,0
W2982138961,2019,-0.08,23,27
W2560810941,2016,-0.2,20,30
W4308632257,2022,-0.72,7,43
W3194813479,2021,-0.8297872340425532,4,43
W2548165777,2016,-0.5238095238095238,10,32
W2672575173,2017,-0.48,13,37
W1585799956,2015,-0.02857142857142857,17,18
W3137108338,2021,-0.7894736842105263,4,34
W2883065350,2018,-0.9166666666666666,1,23
W2616028256,2017,-0.68,8,42
W2909865272,2019,0.8571428571428571,13,1
W2069957180,2014,-1.0,0,10
W2890660842,2018,1.0,50,0
W2898895607,2018,-1.0,0,5
W2775273147,2017,-0.64,9,41
W2798356176,2018,-0.92,2,48
W3090949727,2020,-0.5,1,3
W2549468845,2016,0.3333333333333333,12,6
W3112894679,2020,-0.6,7,28
W3009774766,2020,-0.46153846153846156,7,19
W2765887622,2017,-0.5714285714285714,3,11
W2765855860,2017,-0.16666666666666666,5,7
W3205689258,2021,1.0,2,0
W2897003174,2018,0.09090909090909091,6,5
W2583856578,2017,-0.8461538461538461,2,24
W2739069594,2017,-0.4418604651162791,12,31
W4221144063,2022,-0.3333333333333333,10,20
W3210543059,2021,-0.42857142857142855,4,10
W2891978035,2018,,0,0
W2547919816,2016,-0.5,2,6
W2889190943,2018,-0.7142857142857143,1,6
W4306317266,2022,-1.0,0,4
W4282581822,2022,-0.6,2,8
W2949241635,2019,-0.8461538461538461,1,12
W2790130692,2018,0.42857142857142855,5,2
W2949265696,2019,-0.5,1,3
W2897795158,2018,-0.3333333333333333,1,2
W3012073198,2020,-1.0,0,3
W3007474027,2020,-0.5,5,15
W3033452709,2020,-0.7142857142857143,2,12
W4226174092,2022,1.0,14,0
W3013753857,2020,1.0,5,0
W3093626732,2020,1.0,2,0
W4287636952,2020,1.0,1,0
W1973396716,2012,-0.6666666666666666,8,40
W1989407213,2014,-0.6,10,40
W2730530972,2021,-0.96,1,49
W2294562513,2014,-0.8974358974358975,2,37
W2541273873,2016,-0.72,7,43
W1488757178,2021,-0.6,10,40
W964554611,2021,-0.76,6,44
W2769601620,2017,-0.4,15,35
W4312258073,2021,-1.0,0,49
W2398043204,2021,-0.7297297297297297,5,32
W2995295684,2020,-0.8333333333333334,2,22
W3359552,2021,-0.21052631578947367,15,23
W2293119400,2021,-0.5714285714285714,6,22
W2403254675,2015,-1.0,0,12
W2751816856,2017,-0.3684210526315789,12,26
W2747118187,2017,-0.6774193548387096,5,26
W2566652907,2016,-0.36585365853658536,13,28
W2407888013,2015,-0.75,2,14
W2408675864,2011,-1.0,0,13
W2788793375,2018,-0.1,9,11
W2754923067,2017,-0.7272727272727273,3,19
W7124277633,2017,,0,0
W2887917831,2018,0.0,2,2
W3183506506,2021,-0.47368421052631576,5,14
W2408443083,2021,-0.8181818181818182,1,10
W2928506096,2019,0.125,9,7
W2904835122,2018,-0.4666666666666667,4,11
W1621981701,2021,-1.0,0,3
W2623414753,2017,-0.15789473684210525,8,11
W2620583571,2017,0.7142857142857143,12,2
W2293813249,2015,,0,0
W3187966791,2021,0.0,6,6
W3196266904,2021,-0.3333333333333333,5,10
W4200091066,2021,0.0,4,4
W1563117539,2021,0.0,1,1
W2159047109,2021,-1.0,0,6
W2295054693,2014,-0.75,1,7
W2578195970,2021,-1.0,0,2
W2593967034,2016,1.0,7,0
W2758136605,2018,-1.0,0,3
W2946320135,2019,-0.3333333333333333,2,4
W2282636749,2013,-1.0,0,2
W2577009840,2016,0.6,4,1
W1898188773,2021,,0,0
W2904749939,2019,-1.0,0,5
W2265356329,2014,1.0,1,0
W4298794405,2017,,0,0
W2340891177,2015,1.0,1,0
W2555956881,2015,-1.0,0,1
W2593887132,2017,-0.6,10,40
W2517666421,2016,-0.88,3,47
W2515845560,2016,-0.7142857142857143,7,42
W2560778841,2016,-0.5151515151515151,8,25
W2759000768,2017,-0.6875,5,27
W2940303355,2019,,0,0
W2329121264,2016,-0.4838709677419355,8,23
W1978786909,2012,1.0,1,0
W2515120005,2016,-0.6666666666666666,3,15
W3030237687,2020,0.0,25,25
W3027816441,2020,1.0,1,0
W2225313775,2016,-0.6153846153846154,5,21
W2892096542,2018,-0.2916666666666667,17,31
W2774074926,2018,,0,0
W2090698287,2015,0.13333333333333333,17,13
W2981464394,2019,-0.04,24,26
W2064559467,2015,-0.5,2,6
W2975226990,2019,-0.5,9,27
W3133556480,2021,0.625,13,3
W1601328250,2015,0.0,9,9
W2883977178,2018,-0.1,9,11
W1967163817,2014,0.6363636363636364,9,2
W2942430028,2019,-0.3333333333333333,2,4
W3096689876,2020,0.0,3,3
W2898289042,2018,0.0,5,5
W2908656608,2019,0.3333333333333333,4,2
W2762048494,2017,0.0,1,1
W2069232892,2015,0.2,3,2
W2108290602,2011,-0.36,16,34
W2011586519,2013,0.21212121212121213,20,13
W2076842709,2013,0.28,16,9
W2154469833,2015,-0.3333333333333333,4,8
W2026791957,2012,0.42857142857142855,5,2
W1970924458,2013,-0.2857142857142857,10,18
W2041287348,2013,-0.4117647058823529,5,12
W173422219,2015,-0.3333333333333333,1,2
W2396647730,2016,-0.84,4,46
W2402642969,2016,-0.4,15,35
W3161258441,2021,-0.64,9,41
W3087527158,2020,-0.36363636363636365,14,30
W2050307574,2015,0.1111111111111111,5,4
W3040978873,2020,-0.75,5,35
W2610320177,2017,0.12,28,22
W3038419260,2020,-0.2727272727272727,4,7
W3040236637,2020,-0.16129032258064516,13,18
W2098083133,2014,0.7142857142857143,6,1
W2795565809,2018,-0.5,2,6
W2993453717,2019,0.06666666666666667,8,7
W3133120879,2020,-0.6666666666666666,1,5
W3160918650,2021,0.3333333333333333,2,1
W4213210208,2021,-0.7777777777777778,1,8
W2610401774,2017,-0.75,1,7
W3194568376,2021,0.7142857142857143,6,1
W2953577227,2019,0.6666666666666666,5,1
W2947720255,2019,1.0,3,0
W3132943382,2020,-0.7142857142857143,1,6
W3004094488,2020,1.0,5,0
W2346314136,2016,0.5,3,1
W2977987091,2019,1.0,3,0
W4238580565,2015,1.0,3,0
W2779249246,2017,1.0,2,0
W2922101990,2018,-1.0,0,1
W3161102721,2020,1.0,2,0
W3171297488,2021,1.0,1,0
W2972780168,2019,1.0,3,0
W2582468434,2016,,0,0
W2347171008,2016,-0.52,12,38
W2405564622,2016,-0.4,15,35
W3094517668,2020,-0.5675675675675675,8,29
W1988677395,2013,-0.6,10,40
W2898544055,2018,-0.36,16,34
W2034527451,2014,-0.56,11,39
W2396335213,2016,-0.56,11,39
W1410719325,2015,-0.76,6,44
W2351491323,2016,-0.56,11,39
W2132576251,2013,-0.44,14,36
W2889504924,2018,-0.92,2,48
W2941713580,2019,-0.48,13,37
W3031421239,2020,-0.8,5,45
W2941568917,2019,-0.16,21,29
W2969648869,2019,-0.6,10,40
W2529961651,2016,-0.47058823529411764,9,25
W2795733309,2018,-0.76,6,44
W2795515998,2018,-0.6666666666666666,2,10
W3156088523,2021,-0.4,15,35
W2898253719,2018,-0.8,5,45
W2941310613,2019,-0.32,17,33
W3036410797,2020,-0.28,18,32
W2092822459,2012,-0.058823529411764705,16,18
W2531921480,2016,0.1875,19,13
W2601518371,2017,-0.7714285714285715,4,31
W1989075377,2015,-0.4375,9,23
W2900658965,2018,-0.48148148148148145,7,20
W3096271399,2020,-0.42857142857142855,14,35
W2884501147,2018,-0.22580645161290322,12,19
W2611813118,2017,-0.8,2,18
W3161025727,2021,-0.8378378378378378,3,34
W3162114483,2021,-0.6363636363636364,6,27
W2896479580,2018,-0.4,6,14
W3162023759,2021,-0.68,4,21
W2004546907,2015,-0.7142857142857143,1,6
W3097950501,2020,-1.0,0,4
W3111069535,2020,-0.45454545454545453,6,16
W3204323528,2021,-0.8461538461538461,1,12
W2031711939,2015,-0.5,2,6
W2530528755,2016,-0.42857142857142855,4,10
W2811484491,2018,-0.3333333333333333,3,6
W4255496564,2018,-1.0,0,7
W2473941020,2016,0.0,1,1
W4223467579,2021,-0.14285714285714285,3,4
W4253009667,2020,-0.14285714285714285,3,4
W2610574144,2017,0.1111111111111111,5,4
W2791316233,2018,1.0,11,0
W2531517106,2016,-0.5,2,6
W2347166814,2016,-1.0,0,1
W4243959952,2018,-0.75,1,7
W2051165935,2015,-0.42857142857142855,2,5
W2138184413,2014,0.3333333333333333,2,1
W4243875504,2020,-1.0,0,8
W2527199307,2016,1.0,1,0
W2969576556,2019,0.0,2,2
W2530988758,2016,-1.0,0,3
W4200030128,2021,0.14285714285714285,4,3
W2530033879,2016,-0.6666666666666666,1,5
W2941349959,2019,-0.7142857142857143,1,6
W2943667308,2019,0.6,4,1
W2798857692,2018,-1.0,0,4
W4252171725,2018,0.2,3,2
W3163294150,2021,1.0,2,0
W3122379391,2016,,0,0
W2084187012,2012,-1.0,0,2
W2049773457,2013,-1.0,0,1
W3123308623,2021,0.3333333333333333,2,1
W2408438722,2016,-0.44,14,36
W1870486881,2014,-0.9,1,19
W1486944029,2013,-0.42857142857142855,8,20
W2939605197,2019,-1.0,0,50
W2558219748,2013,1.0,10,0
W4031748,2014,-0.875,1,15
W198748528,2014,-0.5555555555555556,4,14
W3198898679,2021,0.391304347826087,16,7
W2635676304,2017,-0.5714285714285714,3,11
W2170615731,2012,-0.23076923076923078,5,8
W2117628284,2013,-1.0,0,13
W2807189505,2018,-0.75,1,7
W2762668866,2012,1.0,10,0
W2083387303,2014,-0.5555555555555556,2,7
W2163204361,2014,-0.3333333333333333,2,4
W1724216389,2013,-1.0,0,6
W2077211070,2014,-0.5555555555555556,2,7
W2954760154,2019,1.0,9,0
W2745282162,2015,1.0,3,0
W2762884284,2011,1.0,2,0
W2122504115,2013,,0,0
W2947030140,2011,1.0,2,0
W1519521385,2011,1.0,4,0
W1495934386,2014,1.0,2,0
W2602328247,2012,1.0,1,0
W2531846261,2016,1.0,2,0
W2140914075,2015,1.0,1,0
W2947738072,2015,1.0,1,0
W2972330277,2019,1.0,1,0
W2913165898,2019,1.0,6,0
W2402939184,2016,-0.24,19,31
W2396533648,2016,-0.2653061224489796,18,31
W2782668511,2018,-0.44,14,36
W2795718602,2018,-0.8695652173913043,3,43
W2610695274,2017,-0.5555555555555556,8,28
W2806887026,2018,-0.8,4,36
W2523950919,2016,-0.6666666666666666,5,25
W2806037442,2018,-0.5483870967741935,7,24
W2004128235,2014,-0.7142857142857143,2,12
W2032585260,2012,0.1111111111111111,5,4
W2981833446,2019,-0.1724137931034483,12,17
W3032336428,2020,0.0,5,5
W2342934904,2015,-0.5555555555555556,2,7
W3096526734,2020,-0.5,4,12
W2045222019,2015,0.6,8,2
W2791351711,2018,-0.3333333333333333,1,2
W2091030628,2014,-0.7142857142857143,1,6
W2413951200,2016,0.6,4,1
W2942568796,2019,0.0,4,4
W2787711588,2017,-0.2,2,3
W2896270848,2018,-0.1111111111111111,4,5
W2938390961,2019,-0.3333333333333333,2,4
W2096169795,2012,-1.0,0,3
W2920947504,2019,-0.2,2,3
W2989640230,2019,-1.0,0,3
W2770895430,2017,-0.3333333333333333,1,2
W2794257028,2018,0.0,1,1
W2965204563,2014,1.0,2,0
W4242645757,2019,1.0,2,0
W2403005061,2013,1.0,2,0
W2951224054,2019,-1.0,0,1
W2940512891,2019,-0.4482758620689655,8,21
W3039957461,2020,0.3333333333333333,2,1
W2755745016,2017,-0.6,1,4
W2929727745,2019,1.0,1,0
W2304752646,2015,0.0,2,2
W3112444347,2019,1.0,1,0
W2394670422,2016,0.48,37,13
W2401762417,2016,0.0,25,25
W2073909960,2015,-0.5,11,33
W2093584232,2015,-0.48,13,37
W2035472171,2014,-0.4782608695652174,6,17
W2946709386,2019,-0.17647058823529413,7,10
W2307139807,2016,0.16666666666666666,7,5
W2790263622,2018,0.3333333333333333,2,1
W2890030544,2018,-0.5,1,3
W2027753150,2012,-1.0,0,4
W2588084680,2017,1.0,1,0
W2621268733,2016,-0.6666666666666666,1,5
W3154724140,2019,1.0,1,0
W2125083169,2015,-0.5882352941176471,7,27
W2400341429,2016,-0.6428571428571429,5,23
W2611886336,2017,-1.0,0,11
W3111758815,2021,-0.5384615384615384,6,20
W2889578338,2019,-0.6,1,4
W3161416151,2021,-0.2,16,24
W2973476546,2019,-0.8125,3,29
W2524605839,2016,-0.2631578947368421,7,12
W2198813811,2015,-0.7,3,17
W3166421076,2021,0.15789473684210525,11,8
W3043660278,2020,-0.75,3,21
W2808821318,2018,-0.3333333333333333,1,2
W1982542870,2014,-0.75,2,14
W2088325320,2013,-0.8571428571428571,1,13
W1993226113,2011,-0.4,3,7
W2898274107,2018,-0.125,7,9
W3043118841,2020,-0.75,2,14
W3111869873,2021,-0.92,2,48
W2613934362,2017,-1.0,0,11
W3209814662,2021,-0.38461538461538464,4,9
W2940570006,2019,-0.6,2,8
W2085494825,2013,-0.6,2,8
W3101820358,2020,-0.8,1,9
W3183812335,2021,-0.14285714285714285,3,4
W2162242941,2011,-1.0,0,6
W2550425945,2016,-1.0,0,2
W2054850402,2013,0.3333333333333333,2,1
W49193678,2014,1.0,2,0
W2898348508,2018,0.5,3,1
W2899370355,2018,-1.0,0,1
W3038027272,2020,-1.0,0,2
W4289362028,2018,1.0,1,0
W2346884567,2016,0.08,27,23
W4200309501,2021,-0.48,13,37
W2083568981,2015,0.36,34,16
W2943081863,2019,-0.4,15,35
W2916583179,2019,0.28,32,18
W2129390500,2015,-0.4838709677419355,8,23
W3163572503,2021,-0.8571428571428571,2,26
W3207038795,2021,0.058823529411764705,18,16
W2611368871,2017,-0.30434782608695654,16,30
W3160351639,2021,-0.8,5,45
W1541355032,2012,-0.875,1,15
W2396662988,2016,-0.6774193548387096,5,26
W3085587227,2020,0.0625,17,15
W2609492056,2017,-0.42857142857142855,2,5
W2794507143,2018,0.15789473684210525,11,8
W3109433775,2020,-0.09090909090909091,5,6
W2065746542,2015,-1.0,0,3
W3161555609,2021,-1.0,0,8
W54337713,2014,0.14285714285714285,4,3
W3005866935,2020,0.0,2,2
W2800473727,2017,0.7142857142857143,6,1
W3133732958,2021,1.0,4,0
W3087530018,2020,0.2,3,2
W2022244589,2014,-1.0,0,1
W3165553092,2021,-1.0,0,1
W985030370,2015,-1.0,0,1
W3048267052,2020,0.2,3,2
W3080751596,2020,1.0,40,0
W2905242934,2018,1.0,3,0
W2531380306,2016,1.0,1,0
W2904312629,2018,1.0,1,0
W2095414363,2014,-0.16,21,29
W2014383590,2015,-0.72,7,43
W2022971806,2015,-0.6170212765957447,9,38
W2398012670,2016,-0.64,9,41
W2940831219,2019,-0.88,3,47
W2925797295,2019,-0.8,5,45
W2755178802,2017,-0.7297297297297297,5,32
W2155320255,2011,-0.2571428571428571,13,22
W3026310688,2020,-0.4782608695652174,6,17
W3183727091,2021,0.14285714285714285,12,9
W2263812505,2016,-0.5555555555555556,2,7
W2346680952,2016,-1.0,0,7
W2055019067,2015,-0.6,1,4
W2943533796,2019,0.3333333333333333,4,2
W2193184108,2016,-1.0,0,12
W3035084145,2020,-0.2631578947368421,7,12
W1975916499,2015,-0.6666666666666666,2,10
W2753409064,2017,-0.8181818181818182,1,10
W2794275709,2014,-1.0,0,9
W3034777700,2020,-0.09090909090909091,5,6
W2943072426,2019,0.0,2,2
W2088435121,2011,-0.6,1,4
W2205854710,2021,-1.0,0,1
W3124652000,2015,,0,0
W2085351402,2012,-0.3333333333333333,1,2
W3028527637,2013,0.3333333333333333,2,1
W2065111722,2013,-0.5,1,3
W2296404235,2014,1.0,1,0
W3159437359,2021,1.0,1,0
W2973226577,2019,-0.56,11,39
W3095199334,2020,-0.75,6,42
W2084397975,2014,0.3333333333333333,2,1
W2894478062,2018,0.75,7,1
W2585485261,2016,0.2,3,2
W2990590472,2019,-0.2,2,3
W2984639673,2019,0.5,3,1
W3020736065,2020,1.0,4,0
W2930364467,2019,-0.9512195121951219,1,40
W3025671734,2020,-1.0,0,8
W2928044548,2019,-1.0,0,4
W2537475616,2016,-0.32,17,33
W2584097675,2017,-0.4,3,7
W1978523792,2015,-0.2,8,12
W3093972645,2020,-0.5454545454545454,10,34
W2914417081,2019,-0.6,3,12
W3214795360,2021,-0.5555555555555556,2,7
W2754170254,2017,0.5,3,1
W3120702573,2021,-1.0,0,2
W2808517894,2018,1.0,1,0
W3216452038,2021,-1.0,0,2
W2966838903,2015,1.0,1,0
W3012579371,2019,1.0,1,0
W4393797984,2020,1.0,15,0
W2779393660,2017,-0.3333333333333333,1,2
W3177448846,2021,0.0,1,1
W2775838100,2017,1.0,1,0
W4393728687,2020,1.0,3,0
W3179152908,2021,-1.0,0,1
W4393569046,2021,1.0,1,0
W2548627465,2016,-0.44,14,36
W1969426260,2014,,0,0
W623714281,2013,-1.0,0,5
W2062973095,2014,-0.56,11,39
W1995935241,2014,-0.28,18,32
W2117390800,2011,-1.0,0,2
W4243240013,2013,-0.38461538461538464,12,27
W2546949415,2016,-0.55,9,31
W2528259852,2016,-0.7931034482758621,3,26
W114400863,2014,-0.058823529411764705,8,9
W2193995370,2015,-0.043478260869565216,11,12
W631805866,2015,-0.1,9,11
W1999827279,2014,-0.5,3,9
W1964375424,2011,-0.3333333333333333,3,6
W2031962963,2015,-0.14285714285714285,3,4
W2001979442,2014,-0.5,2,6
W2144058011,2013,0.0,3,3
W2105407546,2013,-1.0,0,5
W4232360537,2015,0.6666666666666666,5,1
W2092228871,2011,-0.6,1,4
W2070514624,2012,0.0,3,3
W2064284987,2012,,0,0
W3102955580,2013,-0.2,2,3
W3012094108,2020,-0.68,8,42
W2130063609,2014,-0.8,2,18
W2167110174,2015,-0.8461538461538461,2,24
W2546851909,2016,-1.0,0,22
W3042730548,2020,-0.25,6,10
W2770018684,2017,-1.0,0,3
W2796311201,2018,-0.5384615384615384,3,10
W2555958998,2016,-0.5555555555555556,2,7
W2611089043,2017,-1.0,0,7
W2009666713,2014,-1.0,0,5
W2574171065,2016,-1.0,0,3
W3215599712,2021,-0.3333333333333333,1,2
W2974820489,2019,-0.3333333333333333,1,2
W2898112453,2018,0.0,1,1
W3106102311,2020,1.0,5,0
W3048259495,2020,-1.0,0,1
W2294773067,2015,0.6,4,1
W2552196466,2016,-0.3333333333333333,2,4
W2401181117,2016,0.0,1,1
W2476494490,2016,-0.76,6,44
W3001664244,2020,-0.84,4,46
W2605547445,2017,-0.64,9,41
W2583313104,2017,0.3333333333333333,4,2
W2794716673,2018,-0.6363636363636364,4,18
W2007504957,2014,-0.9130434782608695,2,44
W1027187390,2015,-1.0,0,1
W2275949219,2015,-0.3333333333333333,2,4
W2963160877,2017,1.0,50,0
W2769810959,2017,-0.68,8,42
W2137028279,2013,-0.36,16,34
W2963894448,2018,1.0,50,0
W2892300106,2018,-0.56,11,39
W2148464528,2014,-0.10638297872340426,21,26
W3102342027,2020,-0.88,3,47
W2962942158,2018,1.0,50,0
W2935711438,2019,-0.92,2,48
W2751273146,2017,1.0,50,0
W2970364795,2019,1.0,49,0
W2963912924,2018,-0.8571428571428571,3,39
W2293255527,2014,-0.9411764705882353,1,33
W3161438416,2021,-0.84,4,46
W633646897,2016,-0.42857142857142855,8,20
W115742922,2014,-0.29411764705882354,6,11
W2038291260,2012,-1.0,0,10
W3135958856,2021,-1.0,0,33
W3095727342,2020,-0.42857142857142855,4,10
W3151935374,2021,-1.0,0,13
W2952583441,2019,1.0,14,0
W2990244669,2018,1.0,8,0
W2998649947,2019,1.0,7,0
W3120888828,2021,-1.0,0,8
W2911721416,2018,1.0,2,0
W1977316355,2013,1.0,1,0
W2418784495,2015,0.09090909090909091,6,5
W2752796333,2017,1.0,50,0
W2963636093,2016,-0.6,10,40
W2423557781,2016,-0.32,17,33
W2944828972,2019,-0.8,5,45
W2963799213,2017,1.0,50,0
W2953318193,2016,-0.36,16,34
W2267126114,2016,-0.6,10,40
W2519091744,2016,1.0,50,0
W2099057450,2015,-0.08,23,27
W4294619240,2017,1.0,50,0
W2540404261,2016,-0.44,14,36
W2596982695,2017,-0.84,4,46
W2786104118,2018,-0.88,3,47
W2946006146,2019,1.0,50,0
W2947590261,2019,-0.6,10,40
W2949382160,2016,0.2,30,20
W2811079561,2018,-0.48,13,37
W2788851830,2018,-0.8,5,45
W2892620417,2018,-1.0,0,50
W3034363135,2020,-0.76,6,44
W2594961016,2017,-0.42857142857142855,12,30
W4297808394,2018,1.0,50,0
W2766669584,2017,-0.7837837837837838,4,33
W4225598930,2021,1.0,30,0
W2842511635,2018,-0.56,11,39
W3134486096,2021,-0.8,3,27
W3133405188,2021,-0.6923076923076923,4,22
W2529769424,2016,1.0,22,0
W2925140953,2019,-0.29411764705882354,6,11
W3157916917,2021,-0.6,4,16
W2795370625,2018,-1.0,0,14
W2951815267,2019,-0.875,1,15
W4300799480,2017,1.0,11,0
W2907938015,2019,-0.6923076923076923,2,11
W3215198274,2021,0.0,1,1
W3003382064,2020,-1.0,0,12
W3202077460,2021,1.0,1,0
W4232749221,2017,-1.0,0,1
W1934084512,2015,-0.36,16,34
W2962915384,2016,0.6,40,10
W2902269261,2018,-0.36,16,34
W2647836899,2017,-0.56,11,39
W2963448675,2018,0.12,28,22
W2964264300,2019,1.0,50,0
W2466758040,2016,-0.52,12,38
W2963459876,2019,0.5,36,12
W2970604398,2019,1.0,50,0
W2289151794,2016,-0.8,4,36
W4313371817,2016,-0.1111111111111111,20,25
W2608353553,2017,-0.24444444444444444,17,28
W2951345965,2016,0.022222222222222223,23,22
W2263852834,2016,-0.42857142857142855,14,35
W3176714321,2019,-0.13636363636363635,19,25
W2979838629,2019,-0.8666666666666667,3,42
W2963587506,2015,-0.5757575757575758,7,26
W2972442919,2019,-1.0,0,30
W2963408258,2018,-0.7333333333333333,4,26
W3090986099,2018,1.0,29,0
W3035248241,2020,1.0,25,0
W4251946001,2017,-0.13043478260869565,10,13
W2962752375,2019,1.0,22,0
W2963764299,2017,-0.3,7,13
W3202032592,2021,0.3684210526315789,13,6
W2970553064,2019,-0.8666666666666667,1,14
W2614062172,2017,-0.2,8,12
W4293432176,2016,0.2,3,2
W3166004119,2021,1.0,9,0
W2964156591,2018,0.0,8,8
W2785137542,2018,-0.3333333333333333,3,6
W2278756455,2016,-1.0,0,8
W2946943679,2019,1.0,7,0
W2739934489,2017,-0.6,2,8
W2562251714,2016,1.0,7,0
W3172043607,2021,1.0,7,0
W2966322779,2019,-0.6666666666666666,1,5
W3104380914,2020,1.0,3,0
W2952545399,2016,-0.6666666666666666,1,5
W2923673691,2019,0.6666666666666666,5,1
W4299426995,2016,-1.0,0,3
W3200835933,2021,0.3333333333333333,2,1
W2914853744,2018,1.0,1,0
W2923944649,2019,-1.0,0,1
W2797520557,2018,1.0,50,0
W2915478146,2019,-0.64,9,41
W2404161646,2016,-0.08,23,27
W2460815216,2016,0.12,28,22
W2806990599,2018,-0.8,5,45
W2963979747,2014,-0.72,7,43
W809736386,2015,-0.2727272727272727,16,28
W2791110811,2018,-0.56,11,39
W2789942385,2018,0.36,34,16
W1574269637,2014,-0.20930232558139536,17,26
W2980268386,2019,-0.68,4,21
W3036362011,2020,-0.6923076923076923,4,22
W2940542208,2019,1.0,23,0
W2735441098,2017,0.3333333333333333,10,5
W2926101387,2019,1.0,21,0
W2760375580,2016,0.0,10,10
W2949816416,2016,-0.6,4,16
W2963558938,2016,0.0,6,6
W2916967211,2019,1.0,17,0
W2185970506,2015,-0.5,3,9
W2751999724,2017,-0.3333333333333333,2,4
W4291184798,2015,1.0,12,0
W2979915190,2019,-0.5384615384615384,3,10
W3010375337,2020,-0.8181818181818182,1,10
W2411546853,2016,0.2,3,2
W3037165871,2020,1.0,8,0
W3093151041,2020,-0.75,1,7
W2803889752,2018,1.0,6,0
W3170435130,2021,-0.14285714285714285,3,4
W2970389665,2019,1.0,6,0
W3000203168,2020,-1.0,0,5
W3007406900,2020,-1.0,0,6
W3166998119,2021,1.0,5,0
W2980321109,2019,0.5,3,1
W2901745090,2018,-1.0,0,5
W3024548251,2020,-1.0,0,4
W3035908209,2020,0.5,3,1
W4306809382,2021,1.0,4,0
W3165412284,2019,0.3333333333333333,2,1
W3172988439,2021,1.0,3,0
W2606195044,2016,0.0,1,1
W2789516847,2018,-1.0,0,2
W3034333693,2020,1.0,2,0
W3126879498,2020,0.0,1,1
W3170460529,2021,-1.0,0,2
W3006786343,2020,-1.0,0,1
W3038248912,2020,1.0,1,0
W2344496621,2016,-0.8,5,45
W2373401370,2016,0.5,3,1
W1965995882,2011,-0.56,11,39
W2024818492,2013,-0.68,8,42
W2417567569,2016,-0.92,2,48
W3108199096,2020,-0.8181818181818182,1,10
W1989147905,2015,-0.44,14,36
W2761442781,2017,-0.1111111111111111,12,15
W146848279,2014,-0.8888888888888888,1,17
W3003638206,2015,-0.2727272727272727,4,7
W3205634919,2021,-0.4,3,7
W3005050519,2016,-0.8,1,9
W2898093955,2018,-0.5238095238095238,5,16
W280881733,2014,-0.7777777777777778,1,8
W3101609070,2020,-0.6842105263157895,3,16
W2867457158,2018,-0.45454545454545453,3,8
W2393286498,2016,-0.2857142857142857,5,9
W2788037175,2018,0.0,1,1
W3107097716,2020,1.0,9,0
W3106651416,2020,0.3333333333333333,2,1
W3107571154,2020,0.0,1,1
W2886593172,2018,1.0,1,0
W2367183013,2016,-1.0,0,12
W2068973905,2014,-0.6666666666666666,1,5
W1151913765,2015,-1.0,0,2
W2795235421,2018,0.625,13,3
W2515768547,2016,-1.0,0,19
W2381207137,2016,-1.0,0,7
W2003164052,2015,-0.72,7,43
W2627018084,2017,-0.8571428571428571,1,13
W2784629571,2018,-0.17647058823529413,7,10
W4231865403,2015,-0.16666666666666666,5,7
W2883621125,2018,0.5,3,1
W4234084457,2017,0.3333333333333333,2,1
W2078916339,2012,-1.0,0,3
W2407191159,2013,1.0,1,0
W2556611629,2016,-1.0,0,1
W2463330366,2016,-0.68,8,42
W2059320470,2015,-0.76,6,44
W2128349062,2013,-0.92,2,48
W2183112630,2015,-0.1111111111111111,8,10
W2787984105,2018,-0.8,5,45
W2069938855,2012,-0.6363636363636364,2,9
W2135874509,2015,-0.8571428571428571,1,13
W2552810632,2016,-0.76,6,44
W1418557530,2015,-0.96,1,49
W2032635052,2011,-0.9285714285714286,1,27
W2572318809,2011,-0.3333333333333333,1,2
W2444466369,2016,-0.32,17,33
W2348679751,2016,-0.6,10,40
W2965433388,2019,0.12,28,22
W3186377753,2021,-0.16,21,29
W2997619488,2020,0.12,28,22
W3080644389,2020,0.44,36,14
W2248736178,2015,-0.56,11,39
W2783466287,2018,-0.48,13,37
W2951086007,2019,-0.44,14,36
W2513234781,2016,-0.6,10,40
W2613993493,2017,-0.4,15,35
W3093580248,2021,-0.72,7,43
W3176307736,2021,-0.8,5,45
W3184489105,2021,-0.5813953488372093,9,34
W3209520664,2021,-0.28,18,32
W2625814963,2017,-0.8095238095238095,4,38
W2730363704,2017,-0.32,17,33
W2586047314,2017,-0.8723404255319149,3,44
W3169450514,2021,-0.44,14,36
W3035630868,2020,0.0,24,24
W2337240321,2016,-0.8787878787878788,2,31
W2807835232,2018,0.42857142857142855,25,10
W2896916493,2018,-0.09090909090909091,10,12
W3085549277,2021,-0.02702702702702703,18,19
W2778212428,2017,-0.42857142857142855,8,20
W3006060129,2020,-0.7142857142857143,5,30
W3115362554,2021,0.11764705882352941,19,15
W2783836469,2017,-0.5238095238095238,5,16
W3169235859,2021,-0.8333333333333334,2,22
W2604906612,2017,-0.5,3,9
W2782579981,2017,-0.29411764705882354,6,11
W2474366333,2016,1.0,1,0
W2912136370,2019,-1.0,0,10
W3127356132,2020,-0.8333333333333334,1,11
W2784511520,2018,-0.5454545454545454,5,17
W2777788452,2017,0.058823529411764705,9,8
W2801637960,2018,-0.6470588235294118,3,14
W2174402890,2016,-0.5,4,12
W2944789593,2019,-0.2,4,6
W3214495341,2021,1.0,15,0
W2998475654,2020,0.0,7,7
W3100263785,2020,-0.45454545454545453,3,8
W2909328396,2019,0.5,6,2
W3118187515,2021,-0.7777777777777778,1,8
W2414782537,2016,-0.3333333333333333,2,4
W2985666906,2020,0.2,6,4
W2944492048,2019,0.1111111111111111,5,4
W2776832302,2017,-0.6,1,4
W3082247314,2020,0.2,3,2
W3131615270,2021,0.5,3,1
W3159973214,2021,0.0,2,2
W4206518314,2021,-1.0,0,3
W2914600983,2019,0.5,6,2
W2134679251,2016,-1.0,0,3
W2896525927,2018,-0.3333333333333333,1,2
W2746669130,2017,0.5,3,1
W2935528157,2019,0.3333333333333333,2,1
W3110188780,2020,0.3333333333333333,2,1
W3213203008,2021,1.0,2,0
W3195096053,2021,1.0,1,0
W3206816884,2021,-0.64,9,41
W3186180121,2021,-1.0,0,36
W4302008538,2021,1.0,50,0
W3132796517,2021,-0.5172413793103449,7,22
W3114500711,2020,-0.75,3,21
W3035633522,2020,0.3333333333333333,14,7
W3088751026,2020,-0.8,2,18
W3175503219,2021,1.0,12,0
W2604413317,2017,-0.625,3,13
W2949131605,2017,-0.5,2,6
W4200633514,2021,1.0,8,0
W2951300212,2017,0.3333333333333333,4,2
W4308245893,2021,1.0,8,0
W3084600997,2020,-1.0,0,6
W3194075177,2021,-0.14285714285714285,3,4
W3112936348,2020,0.0,2,2
W2976351901,2019,-1.0,0,2
W3176326424,2021,-0.3333333333333333,1,2
W3171825175,2021,1.0,2,0
W3172405068,2021,-1.0,0,2
W3183009720,2020,-1.0,0,2
W3173595908,2020,1.0,2,0
W3216243139,2021,0.0,1,1
W4226323163,2021,-1.0,0,2
W3157497865,2020,-1.0,0,1
W3149245566,2021,-1.0,0,1
W4287122716,2021,1.0,1,0
W4287124028,2021,1.0,1,0
W4287588528,2020,1.0,1,0
W2196145477,2014,-0.68,8,42
W2109520672,2014,-0.64,9,41
W1563362697,2015,-0.32,17,33
W4252631361,2014,-0.48,13,37
W2732113146,2017,-0.36,16,34
W2615463707,2017,-0.44,14,36
W2581002780,2017,-0.84,4,46
W2495264776,2016,-0.76,6,44
W2300484078,2016,-0.48,13,37
W2941419412,2019,-0.84,4,46
W2583834843,2017,-0.6,10,40
W3016124385,2020,-0.5217391304347826,11,35
W1929612950,2015,-0.9,1,19
W3003507023,2020,-0.3333333333333333,7,14
W3115537352,2020,1.0,1,0
W2593893244,2017,-0.10344827586206896,13,16
W2769337729,2017,-0.6,1,4
W2585488071,2017,-0.8,1,9
W73008636,2014,-0.23809523809523808,16,26
W2949105459,2017,0.7,17,3
W4294657470,2016,1.0,13,0
W2950280161,2016,-0.6666666666666666,1,5
W2951440838,2015,0.2222222222222222,11,7
W2761236351,2017,-0.9545454545454546,1,43
W2576393274,2016,-0.9130434782608695,2,44
W2272776954,2016,0.0,1,1
W2898893133,2018,1.0,21,0
W1430692601,2014,-1.0,0,1
W2333320475,2016,-0.72,7,43
W2141955346,2014,-0.6,10,40
W2294286398,2016,-0.88,3,47
W2625597035,2017,-0.75,5,35
W2974073952,2019,-0.88,3,47
W4234461109,2016,-0.84,4,46
W3204018925,2021,-0.08,23,27
W3153044352,2021,-0.8,5,45
W4240126904,2016,-0.26666666666666666,11,19
W4231505808,2016,-0.6842105263157895,3,16
W2625764229,2017,-0.8461538461538461,3,36
W2332661323,2016,-1.0,0,30
W3008102594,2020,-0.5121951219512195,10,31
W2548574249,2012,0.3684210526315789,13,6
W2762967556,2017,-0.15789473684210525,16,22
W2521191038,2016,-0.6363636363636364,4,18
W2898543817,2018,-0.3333333333333333,8,16
W2111548085,2015,0.09090909090909091,6,5
W4246974801,2016,-1.0,0,4
W4238194115,2016,-0.7333333333333333,2,13
W2240679135,2015,-0.5,2,6
W4245618235,2017,-0.6666666666666666,1,5
W2625796901,2017,1.0,7,0
W4245208088,2016,,0,0
W4243529065,2014,,0,0
W3081530771,2020,-0.6,1,4
W3030475914,2020,-0.14285714285714285,3,4
W4250759488,2014,0.6,4,1
W3000547835,2020,-0.6,1,4
W2460655203,2015,-1.0,0,3
W2182180290,2013,-1.0,0,2
W4240984609,2016,-1.0,0,1
W2163490397,2012,-0.72,7,43
W867008410,2015,-0.8,5,45
W2117502039,2012,-0.88,3,47
W4256041698,2012,-0.96,1,49
W2132117132,2012,-0.88,3,47
W2414762192,2016,-0.72,7,43
W3174107386,2021,-0.72,7,43
W2899856510,2019,-0.8235294117647058,3,31
W2533070090,2016,-0.8125,3,29
W3005302725,2016,-0.8181818181818182,1,10
W4235122555,2016,-0.6666666666666666,1,5
W2959059456,2019,-0.75,1,7
W3005498883,2012,-1.0,0,5
W2053194822,2015,-1.0,0,14
W2963873436,2019,-1.0,0,50
W3106855293,2020,-0.64,9,41
W2563081209,2016,-0.52,12,38
W2413028252,2016,-0.9487179487179487,1,38
W2920504514,2019,-0.8571428571428571,2,26
W2769218926,2016,-0.8260869565217391,2,21
W2948641353,2019,-0.6,5,20
W2962698771,2017,1.0,14,0
W3046502842,2020,-1.0,0,10
W2899377472,2018,-0.7333333333333333,2,13
W3186495631,2021,-1.0,0,2
W2973068416,2021,-1.0,0,18
W2288985505,2016,-1.0,0,14
W2990137878,2019,-1.0,0,9
W2767588208,2017,1.0,8,0
W3005175905,2016,-1.0,0,5
W3093251184,2020,1.0,7,0
W2240734922,2017,-1.0,0,6
W2963163162,2019,-1.0,0,5
W3006457353,2020,-1.0,0,7
W2617735599,2017,-1.0,0,4
W2999807788,2020,-1.0,0,4
W2767524154,2017,1.0,3,0
W2803565035,2018,-0.3333333333333333,1,2
W3007923088,2020,-0.3333333333333333,1,2
W2974633576,2019,1.0,2,0
W3192320111,2020,1.0,3,0
W3129028350,2019,1.0,2,0
W2612025054,2017,1.0,3,0
W3203905371,2021,1.0,3,0
W2983105458,2019,1.0,1,0
W2998264366,2020,-1.0,0,1
W3133314293,2021,-1.0,0,1
W2516886136,2016,-0.6470588235294118,6,28
W2804529604,2018,-0.7777777777777778,1,8
W3005846522,2020,-1.0,0,9
W3164835913,2021,-0.75,1,7
W2978519968,2019,1.0,7,0
W4299940356,2019,1.0,7,0
W3001156165,2019,1.0,5,0
W2197666703,2015,-1.0,0,3
W2950965572,2015,-1.0,0,2
W2952182116,2015,-1.0,0,2
W3133572969,2021,-1.0,0,2
W4297693906,2015,1.0,1,0
W4394644313,2018,1.0,1,0
W2152589529,2015,-0.88,3,47
W2795991314,2018,-0.96,1,49
W2582648489,2017,-0.9310344827586207,1,28
W2037976904,2011,-0.8095238095238095,2,19
W2129555383,2013,-0.8260869565217391,2,21
W2068617930,2015,-1.0,0,16
W2156717922,2015,-0.6,2,8
W2777624116,2017,-0.8,1,9
W3036341023,2020,-0.6923076923076923,2,11
W2612543731,2017,-0.7142857142857143,1,6
W2912336518,2019,-1.0,0,6
W2237920773,2015,-1.0,0,5
W3149541067,2013,-1.0,0,6
W3145159751,2011,-1.0,0,2
W2807804804,2018,-1.0,0,3
W3139576051,2015,-1.0,0,3
W4238725787,2015,-1.0,0,3
W49252608,2014,-1.0,0,2
W4248060426,2017,-1.0,0,1
W2602922344,2017,-1.0,0,1
W2145953454,2014,0.0,1,1
W4235018158,2014,1.0,1,0
W4299141979,2018,1.0,1,0
W2998639640,2016,1.0,2,0
W2386500332,2016,-0.2222222222222222,7,11
W2398247141,2013,-1.0,0,8
W2910047701,2019,0.3333333333333333,4,2
W2954690729,2019,0.3333333333333333,4,2
W2408975894,2016,-0.42857142857142855,2,5
W1835716857,2014,-0.9310344827586207,1,28
W2963560792,2016,-0.56,11,39
W2585424461,2017,-0.9069767441860465,2,41
W2552956925,2016,-1.0,0,20
W2962991166,2018,-0.7727272727272727,5,39
W2948085204,2019,-0.9090909090909091,2,42
W2604519798,2018,-0.92,2,48
W2962730682,2016,-1.0,0,15
W2055633823,2015,-0.6842105263157895,3,16
W2906408488,2019,-1.0,0,20
W2962896117,2019,1.0,15,0
W2604533660,2017,-0.6363636363636364,2,9
W3016710723,2020,-1.0,0,12
W3030422499,2020,-1.0,0,10
W3202852140,2021,-0.3333333333333333,3,6
W2777866073,2017,-1.0,0,5
W2953041957,2017,1.0,5,0
W3013804781,2021,-1.0,0,2
W2901963602,2020,-1.0,0,1
W3037654588,2020,1.0,2,0
W2966200622,2014,1.0,1,0
W3143576945,2020,1.0,1,0
W2166552916,2015,-0.6,1,4
W2794239667,2018,-0.7777777777777778,1,8
W2952250203,2014,-1.0,0,2
W2316761091,2016,-1.0,0,4
W2952695843,2019,-1.0,0,3
W340942240,2014,-1.0,0,1
W3021789920,2020,-0.2,20,30
W2102159398,2014,-0.56,11,39
W2605165679,2017,0.64,41,9
W4252725832,2014,-0.44,14,36
W2488265751,2016,-0.08,23,27
W2307851164,2016,-0.8,5,45
W2833339309,2018,-0.08,23,27
W3188396886,2021,0.2,30,20
W2902468342,2018,-0.36,16,34
W3210411944,2021,-0.6,7,28
W2135733005,2014,-0.7297297297297297,5,32
W1594998705,2015,-0.7916666666666666,5,43
W2094124335,2015,-0.38095238095238093,13,29
W2842286043,2018,-0.3333333333333333,10,20
W2770531428,2017,-1.0,0,4
W3094874636,2020,-0.030303030303030304,16,17
W4240252282,2015,-0.2,4,6
W2954771128,2019,0.29411764705882354,11,6
W2031581726,2015,-1.0,0,17
W2120369087,2014,-1.0,0,7
W2888888232,2018,,0,0
W2949527257,2015,,0,0
W3183162857,2021,0.3333333333333333,2,1
W2743698685,2017,-0.14285714285714285,3,4
W2809947394,2018,1.0,1,0
W3191633546,2021,1.0,1,0
W2974099794,2019,1.0,1,0
W3095844390,2020,0.6,8,2
W3199213103,2021,-1.0,0,3
W2591190829,2017,-0.76,6,44
W2112446888,2014,-0.92,2,48
W2802514696,2018,-0.9148936170212766,2,45
W2963024133,2016,-0.8064516129032258,3,28
W2169069877,2014,-1.0,0,45
W2781719001,2018,-0.9444444444444444,1,35
W2566803863,2015,-0.9090909090909091,1,21
W2087599392,2014,-0.7857142857142857,3,25
W2893525661,2018,-0.9166666666666666,1,23
W2908088598,2020,-0.8461538461538461,1,12
W3034848862,2020,1.0,13,0
W2977557067,2019,-1.0,0,22
W2949424774,2014,-1.0,0,10
W2099175407,2013,-1.0,0,11
W1973442561,2014,-0.5,2,6
W2139052410,2012,-1.0,0,7
W2750338112,2018,-1.0,0,9
W2962796306,2019,0.16666666666666666,7,5
W2964321813,2017,-1.0,0,11
W2767806680,2017,-1.0,0,9
W3047952687,2021,-1.0,0,6
W1466575854,2014,-1.0,0,4
W2029115267,2011,0.0,1,1
W1661479849,2015,-1.0,0,4
W2562923698,2017,-1.0,0,4
W2810665697,2018,-1.0,0,2
W2847585743,2018,-1.0,0,2
W3080438364,2020,-1.0,0,2
W3005812632,2019,-1.0,0,4
W3115468775,2021,-1.0,0,2
W2266370294,2016,-0.5,1,3
W2042601887,2013,,0,0
W2614912491,2017,-1.0,0,2
W2783204590,2018,-1.0,0,2
W2949517484,2020,-1.0,0,1
W3215983878,2021,0.0,1,1
W2972671693,2020,1.0,1,0
W3109578553,2021,-1.0,0,1
W2788305524,2018,-0.9130434782608695,1,22
W3171954732,2021,-1.0,0,13
W301773371,2015,-1.0,0,10
W4200630681,2021,1.0,11,0
W2996525351,2019,-0.6666666666666666,1,5
W2950891024,2013,-1.0,0,3
W3006973045,2020,-1.0,0,3
W4293309143,2020,1.0,3,0
W4298857857,2018,1.0,2,0
W3131177706,2021,1.0,2,0
W3198522623,2021,-1.0,0,1
W3116397704,2020,-1.0,0,1
W4287645135,2020,1.0,1,0
W789266596,2016,-1.0,0,50
W2397754814,2016,-0.6923076923076923,2,11
W2071829521,2014,-1.0,0,50
W3037248839,2019,-0.5238095238095238,5,16
W3128566015,2020,-1.0,0,18
W3013329636,2020,-1.0,0,9
W2774308749,2018,-1.0,0,4
W3036688731,2020,-0.5,1,3
W2953120548,2020,-1.0,0,1
W2892917696,2019,1.0,4,0
W2949723301,2019,-1.0,0,3
W3023920428,2020,1.0,3,0
W3185873505,2021,1.0,3,0
W2397208260,2014,1.0,2,0
W3115426455,2020,-1.0,0,5
W3047654420,2020,-1.0,0,2
W100082232,2012,-1.0,0,3
W2605290634,2017,1.0,3,0
W2398259779,2012,1.0,1,0
W2797225720,2018,1.0,1,0
W3003979555,2020,-1.0,0,1
W3042234121,2020,1.0,1,0
W3196895303,2018,1.0,1,0
W3006492812,2020,-1.0,0,1
W3197588836,2018,1.0,1,0
W2409048085,2015,1.0,2,0
W1899977706,2014,-0.6,1,4
W2568329559,2016,1.0,2,0
W2951599398,2018,1.0,2,0
W3098423094,2020,-1.0,0,1
W2008834805,2014,-0.48,13,37
W2072877413,2015,-0.44,14,36
W2234795416,2015,-0.3333333333333333,15,30
W2536738366,2016,-0.5454545454545454,10,34
W1970049226,2013,0.84,46,4
W2601878381,2017,-0.06382978723404255,22,25
W3162966660,2021,-0.75,2,14
W2537074996,2016,0.1,22,18
W2622788983,2017,0.05263157894736842,20,18
W1987809737,2013,0.3076923076923077,17,9
W2140975872,2013,0.4,14,6
W3093594711,2020,-0.68,4,21
W3206589013,2021,-0.5,5,15
W3094411288,2020,0.21739130434782608,14,9
W2980887891,2019,-0.7333333333333333,2,13
W2765795864,2017,-0.25,3,5
W2766856738,2017,-0.6,2,8
W2891756585,2018,0.16666666666666666,7,5
W1918749672,2015,0.2727272727272727,7,4
W3030926226,2020,0.0,4,4
W2295792464,2016,0.3333333333333333,2,1
W2910607422,2018,0.0,3,3
W3163794746,2021,-1.0,0,1
W3150264824,2021,0.2,3,2
W4297671586,2013,1.0,1,0
W3191693152,2019,1.0,3,0
W3175360679,2021,-0.7435897435897436,5,34
W2514097384,2016,-0.48,13,37
W3038181769,2020,-0.72,7,43
W2346414591,2016,0.16666666666666666,21,15
W2053042108,2012,0.5384615384615384,10,3
W2894917046,2018,-0.6,6,24
W2892236808,2018,-0.5428571428571428,8,27
W2611283158,2017,-0.7272727272727273,3,19
W3174525392,2021,-0.7647058823529411,4,30
W2593271120,2017,-0.2631578947368421,7,12
W3083098520,2020,-0.5238095238095238,5,16
W4200051645,2021,-0.7777777777777778,3,24
W3161938098,2021,-0.5,4,12
W3201045663,2021,-1.0,0,7
W2151992851,2015,0.0,9,9
W2346182088,2016,-0.2727272727272727,4,7
W1965254054,2011,-0.2727272727272727,4,7
W2067319370,2015,-0.09090909090909091,5,6
W2971437298,2019,-0.8,2,18
W2112897541,2014,0.4,7,3
W3199362966,2021,-0.8,1,9
W3192354141,2021,-0.3333333333333333,3,6
W3118249539,2021,-1.0,0,6
W2077538543,2013,1.0,6,0
W2117917027,2014,,0,0
W3083085594,2020,-0.7142857142857143,1,6
W2026321319,2014,,0,0
W99175279,2013,0.0,1,1
W2621881406,2017,-1.0,0,4
W2120039678,2013,1.0,2,0
W2977079846,2018,1.0,3,0
W1978764960,2014,1.0,2,0
W3037882688,2017,1.0,1,0
W3040079254,2020,1.0,1,0
W2533619018,2016,-0.32,17,33
W2075548592,2014,-0.7142857142857143,4,24
W2762517015,2017,-0.813953488372093,4,39
W2888001458,2018,-0.813953488372093,4,39
W4245752889,2012,-1.0,0,14
W2766133859,2017,-0.6666666666666666,1,5
W2261511230,2015,-0.8181818181818182,1,10
W2700993810,2017,0.2,3,2
W2975124493,2019,-0.6,1,4
W2406660271,2016,-0.3333333333333333,2,4
W2602081887,2015,-0.3333333333333333,1,2
W1137400460,2015,-1.0,0,3
W4289373838,2018,1.0,2,0
W4235509874,2017,-1.0,0,1
W2587396971,2016,1.0,1,0
W2538172027,2016,-0.48,13,37
W2170237747,2014,-0.72,7,43
W2610623618,2017,0.16,29,21
W2611427051,2017,-0.48,13,37
W2941266383,2019,0.4,35,15
W2897647475,2018,0.0,25,25
W2400840826,2016,-0.88,3,47
W1978180095,2014,-0.88,3,47
W2031535007,2015,-0.72,7,43
W2144299314,2015,-0.32,17,33
W2940900318,2019,-0.4,15,35
W2073408573,2015,0.04,26,24
W4238155858,2013,0.375,11,5
W3031942796,2020,-0.12,22,28
W2267998376,2015,-0.5,8,24
W2141311545,2013,0.4166666666666667,17,7
W2535066354,2016,-0.5757575757575758,7,26
W2896198943,2018,-0.6842105263157895,6,32
W2602506628,2017,-0.7272727272727273,3,19
W3031554797,2020,-0.125,21,27
W2161968588,2014,-0.7857142857142857,3,25
W2611140034,2017,0.1111111111111111,15,12
W2980350689,2019,-0.3793103448275862,9,20
W2610935612,2017,-0.48148148148148145,7,20
W2891579592,2018,0.09090909090909091,12,10
W2941735245,2019,-0.8260869565217391,2,21
W3009479165,2020,-0.2222222222222222,7,11
W1974397071,2012,-1.0,0,13
W2290599351,2016,-0.4117647058823529,5,12
W2942222154,2019,-0.6,4,16
W2533106976,2016,0.14285714285714285,8,6
W1970122500,2012,1.0,1,0
W3035416226,2020,-0.3333333333333333,5,10
W2896717169,2018,-0.6666666666666666,2,10
W2138482010,2014,-0.7777777777777778,1,8
W2193303691,2015,-0.14285714285714285,3,4
W3010495343,2020,0.0,2,2
W2953922918,2019,0.2727272727272727,7,4
W2607680666,2017,0.0,1,1
W2755202310,2017,-0.56,11,39
W2999645992,2020,-0.6,10,40
W2948223045,2019,0.6,40,10
W2798638375,2018,-0.48,13,37
W2740462959,2017,-0.8333333333333334,3,33
W2788914818,2018,0.3333333333333333,20,10
W2587373263,2017,-0.9130434782608695,1,22
W3037032032,2020,0.56,39,11
W2946477369,2019,-0.8,1,9
W2788842424,2018,0.0,7,7
W2137231986,2015,-0.5,2,6
W2611944691,2017,,0,0
W2174833404,2016,-0.8571428571428571,1,13
W2580325755,2017,0.42857142857142855,5,2
W2805241394,2015,-0.6666666666666666,1,5
W2805996706,2016,-0.7142857142857143,1,6
W2900064420,2018,0.14285714285714285,4,3
W2770778462,2017,-0.6,4,16
W2907572245,2018,1.0,9,0
W4298201779,2017,1.0,18,0
W2765242061,2017,1.0,8,0
W4288351418,2019,1.0,2,0
W4297798283,2017,1.0,3,0
W2950189471,2015,-1.0,0,1
W4394310804,2017,1.0,1,0
W2955844292,2018,1.0,1,0
W2962796133,2015,1.0,50,0
W2798442412,2018,-0.88,3,47
W2964172232,2017,1.0,50,0
W2210838531,2016,-0.32,17,33
W3098005930,2020,1.0,9,0
W2786152061,2018,-0.6842105263157895,6,32
W2906685663,2018,-0.56,11,39
W2763948453,2017,-0.75,1,7
W3035035809,2020,1.0,9,0
W2169455193,2013,-0.8888888888888888,1,17
W3029976717,2017,1.0,8,0
W2798621714,2018,0.0,5,5
W3031432235,2017,1.0,6,0
W2894088664,2018,-1.0,0,2
W3091814605,2020,-0.5454545454545454,5,17
W2741694756,2017,-0.5714285714285714,3,11
W2127265454,2014,-0.4,15,35
W2770431247,2017,-0.5714285714285714,3,11
W1481355931,2015,0.0,2,2
W2263490141,2015,-0.72,7,43
W2952494277,2017,1.0,5,0
W2769099080,2017,-0.92,2,48
W2950373745,2018,-0.5,1,3
W4253123432,2016,-1.0,0,2
W3093664085,2020,0.5,3,1
W1974329625,2015,-0.48,13,37
W2294539961,2015,-0.2,20,30
W4288079519,2020,0.23809523809523808,13,8
W3133612890,2020,-0.5384615384615384,3,10
W3211022607,2020,-1.0,0,10
W4251231682,2015,-0.25,3,5
W2969174246,2019,0.6,8,2
W2806335304,2018,-0.3333333333333333,3,6
W2998234942,2019,-0.7142857142857143,1,6
W2745924074,2017,1.0,5,0
W2805735764,2018,-0.2,2,3
W2746600639,2017,-0.6,1,4
W2214111164,2015,1.0,1,0
W2944837884,2019,1.0,2,0
W2806912439,2018,0.3333333333333333,2,1
W3015389338,2019,1.0,1,0
W2753735207,2017,0.0,2,2
W4293563128,2017,1.0,2,0
W3088853657,2020,-1.0,0,1
W2077940530,2015,-0.8,5,45
W2012960583,2013,-0.2,2,3
W2145998377,2014,0.0,1,1
W2049212207,2015,-0.6,6,24
W2114469472,2015,-0.72,7,43
W2144312050,2013,0.25,15,9
W2808840625,2018,-0.6744186046511628,7,36
W2610697282,2017,-0.2727272727272727,12,21
W2942219401,2019,-0.28205128205128205,14,25
W2796141464,2018,-0.4666666666666667,8,22
W2795540029,2018,-0.5384615384615384,6,20
W2011178879,2014,-0.6363636363636364,2,9
W2403455684,2016,-0.8888888888888888,1,17
W3031923439,2020,0.0,13,13
W2559926251,2016,-1.0,0,1
W3036116078,2020,-0.6,5,20
W2963064592,2019,0.2,12,8
W128824297,2012,-0.8823529411764706,1,16
W2623414097,2017,-1.0,0,17
W2795634953,2018,-1.0,0,12
W2035921126,2013,-1.0,0,7
W2942475617,2019,-0.6470588235294118,3,14
W2795704860,2018,-0.38461538461538464,4,9
W2963483292,2019,0.5,12,4
W2011847491,2012,1.0,4,0
W2142501318,2015,-0.14285714285714285,3,4
W2942940281,2019,-0.7777777777777778,1,8
W2443762472,2015,1.0,9,0
W2115947090,2010,1.0,6,0
W2073495460,2010,1.0,4,0
W2162291413,2010,0.0,3,3
W2981997050,2019,0.42857142857142855,5,2
W2910630065,2019,-0.2,2,3
W1978595934,2014,-1.0,0,3
W2131281419,2013,-1.0,0,2
W2187977631,2013,-1.0,0,1
W1804981660,2015,-0.5,1,3
W2741833210,2017,1.0,1,0
W2171206549,2015,-0.52,12,38
W2943686508,2019,-0.36,16,34
W2052581769,2015,-0.44,14,36
W2186101238,2014,-0.3333333333333333,13,26
W2403952997,2016,-0.32,17,33
W1998841208,2015,-0.35,13,27
W2796430594,2018,-0.28,18,32
W2984485371,2019,-0.72,7,43
W2292699664,2016,-0.5882352941176471,7,27
W2588526411,2017,-0.75,3,21
W2011747501,2013,0.1111111111111111,5,4
W2795985357,2018,-0.25,6,10
W2994515281,2019,-0.6,1,4
W3000072761,2020,-0.42857142857142855,4,10
W2232221504,2015,0.0,2,2
W4413729173,2018,1.0,1,0
W2288912970,2016,-0.48,13,37
W2775336929,2017,-0.28,18,32
W1847724337,2015,0.04,26,24
W1985921832,2015,-0.64,9,41
W2066019489,2013,0.2,30,20
W2026972586,2014,-0.72,7,43
W2292881036,2016,-0.36,16,34
W2576928147,2016,-0.16,21,29
W3097374622,2020,0.04,26,24
W3017863658,2019,-0.12,22,28
W3013733707,2020,-0.56,11,39
W2611224016,2017,-0.024390243902439025,20,21
W2941499283,2019,-0.44,14,36
W2768911463,2017,-0.5,8,24
W2810997908,2018,-0.4166666666666667,14,34
W2405999521,2016,-0.32,17,33
W2994794878,2019,-0.6595744680851063,8,39
W2610749380,2017,0.02702702702702703,19,18
W2075998350,2013,-0.5757575757575758,7,26
W2288440420,2016,-0.8125,3,29
W2795997755,2018,-0.0625,15,17
W2985265450,2019,0.4166666666666667,17,7
W2809236225,2018,-0.7142857142857143,3,18
W2404851688,2016,-0.2857142857142857,5,9
W2611892784,2017,-0.1111111111111111,4,5
W2610961970,2017,-0.3333333333333333,2,4
W3094076378,2020,-0.14285714285714285,6,8
W2294395864,2016,1.0,2,0
W1177561367,2013,0.0,1,1
W1985554605,2015,-0.6,1,4
W2616963992,2015,1.0,1,0
W2280417946,2016,-0.5,2,6
W2286982342,2015,-0.3333333333333333,1,2
W2071865879,2015,-0.5,7,21
W2588759517,2017,-0.52,12,38
W2796419887,2018,-0.68,8,42
W2057602069,2012,-0.8,5,45
W2520213061,2016,-0.72,7,43
W2042631091,2015,-0.3488372093023256,14,29
W1972988737,2015,-0.48936170212765956,12,35
W2398063731,2016,-0.1836734693877551,20,29
W2082189344,2015,-0.4117647058823529,10,24
W2888697619,2018,0.043478260869565216,24,22
W2588634505,2017,-0.5510204081632653,11,38
W3031631137,2020,-0.52,12,38
W2697044057,2017,-0.5789473684210527,8,30
W3029837607,2020,-0.76,6,44
W2794852036,2018,-0.2972972972972973,13,24
W2796337976,2018,-0.7446808510638298,6,41
W2986813766,2019,-0.5,8,24
W2948934792,2019,-0.14285714285714285,21,28
W2161361013,2015,-0.5555555555555556,8,28
W2897364649,2018,-0.631578947368421,7,31
W2291529943,2016,-0.2608695652173913,17,29
W2033141621,2015,-0.7714285714285715,4,31
W2140429292,2014,-0.07692307692307693,12,14
W2948771028,2019,0.1111111111111111,25,20
W2888914045,2018,-0.7837837837837838,4,33
W1547646394,2015,-0.7241379310344828,4,25
W2940765346,2019,-0.8285714285714286,3,32
W2272659875,2016,-0.6666666666666666,5,25
W3031484172,2020,-0.2857142857142857,15,27
W2983837209,2019,-0.4838709677419355,8,23
W2638777560,2017,-0.5555555555555556,4,14
W3044800912,2020,-0.2,16,24
W2994725888,2019,-0.15384615384615385,11,15
W3029033563,2020,0.0625,17,15
W2888276937,2018,-0.047619047619047616,10,11
W2787954200,2018,-0.7142857142857143,3,18
W2886794978,2018,0.09090909090909091,12,10
W2988893342,2019,0.6363636363636364,18,4
W2547108976,2016,0.4444444444444444,13,5
W2903013255,2018,-0.7391304347826086,3,20
W2907104651,2018,0.047619047619047616,11,10
W2316197701,2014,-0.7894736842105263,2,17
W1986675337,2014,0.1,11,9
W2798889267,2018,-0.2,8,12
W2589063683,2017,0.8181818181818182,10,1
W2772380783,2017,-0.8333333333333334,1,11
W3029964021,2020,-0.8095238095238095,2,19
W3096202803,2020,-0.1111111111111111,8,10
W2958208712,2019,-0.6363636363636364,2,9
W2588594499,2017,-0.1111111111111111,4,5
W2736018574,2017,-0.3333333333333333,3,6
W3097257929,2020,0.3333333333333333,8,4
W2974893740,2019,-0.6666666666666666,2,10
W2810083210,2018,0.8461538461538461,12,1
W3029259828,2020,0.2727272727272727,7,4
W3024024052,2020,-0.3333333333333333,2,4
W2989379212,2019,-0.6,1,4
W2762972654,2017,-0.6666666666666666,3,15
W2066737814,2012,0.6363636363636364,9,2
W2345982645,2016,-0.6666666666666666,2,10
W2346489315,2016,-1.0,0,13
W2096341670,2014,-0.38461538461538464,4,9
W3030862510,2020,-0.5555555555555556,4,14
W3030111162,2020,0.17647058823529413,10,7
W2958069553,2019,-0.6363636363636364,2,9
W2132823635,2013,-0.7777777777777778,1,8
W2995057204,2019,0.2727272727272727,7,4
W2931981789,2019,-0.4,3,7
W3088209102,2020,0.0,5,5
W2996672413,2019,1.0,8,0
W2611027411,2017,-1.0,0,2
W2893044249,2018,-1.0,0,1
W2758168715,2017,0.6,8,2
W1972812864,2015,-0.6363636363636364,2,9
W2898983864,2018,0.0,5,5
W2780420505,2017,-0.75,1,7
W2990541759,2019,-0.14285714285714285,6,8
W2984760292,2019,-0.8461538461538461,1,12
W2482576788,2016,1.0,4,0
W2548944357,2016,-0.3333333333333333,1,2
W2588068557,2017,-0.14285714285714285,3,4
W2751449035,2017,-1.0,0,7
W2780254155,2017,0.25,5,3
W3160238285,2019,1.0,6,0
W401521713,2014,0.14285714285714285,4,3
W2995050447,2019,0.3333333333333333,2,1
W2462749340,2012,1.0,6,0
W2775897475,2017,-0.5,1,3
W2898238972,2018,-0.3333333333333333,2,4
W3009647070,2020,-0.42857142857142855,2,5
W2612985397,2017,1.0,3,0
W2961465574,2019,0.0,2,2
W2986080216,2019,0.0,1,1
W2884374258,2018,-1.0,0,1
W3207990423,2013,1.0,2,0
W2995039927,2019,1.0,5,0
W3217260726,2019,-1.0,0,4
W2925347401,2019,1.0,3,0
W3081254780,2020,-1.0,0,4
W3183726059,2017,,0,0
W2751693600,2017,1.0,1,0
W3119453242,2020,1.0,2,0
W3181429293,2019,1.0,2,0
W2779554589,2017,1.0,1,0
W3136161580,2016,,0,0
W2780452368,2018,0.6,4,1
W3012960328,2019,0.0,2,2
W2748916233,2018,0.0,1,1
W3177942840,2017,1.0,1,0
W3089134872,2020,-0.14285714285714285,6,8
W3091478182,2018,-0.7142857142857143,1,6
W3154810200,2020,-1.0,0,3
W2145889995,2011,-1.0,0,1
W4287828362,2020,1.0,1,0
W2163444123,2015,-0.44,14,36
W2610979204,2017,-1.0,0,50
W2119593195,2014,-0.6,10,40
W3117221147,2020,-0.5,9,27
W2761661199,2017,-0.4444444444444444,5,13
W3003369003,2020,-0.28,18,32
W3096084184,2020,-0.8636363636363636,3,41
W2732902709,2017,-0.7419354838709677,4,27
W2063310007,2010,1.0,1,0
W2140574023,2013,-0.14285714285714285,3,4
W3037729437,2020,-1.0,0,1
W2946355314,2019,-1.0,0,1
W2184095692,2012,-1.0,0,4
W2056191762,2013,-0.4,15,35
W1980884944,2014,-0.72,7,43
W2627026659,2017,-0.84,4,46
W1990308659,2013,-0.3888888888888889,11,25
W2794866379,2018,0.28,32,18
W2576349437,2017,0.08571428571428572,19,16
W2431401605,2015,-0.6818181818181818,7,37
W2067442267,2013,-1.0,0,11
W2741513085,2017,0.17647058823529413,10,7
W2890972029,2018,0.0,3,3
W2593631764,2016,-1.0,0,1
W2774300120,2017,-0.13043478260869565,10,13
W2762398287,2017,-0.5833333333333334,10,38
W2040372247,2015,-0.5675675675675675,8,29
W1988183984,2014,0.034482758620689655,15,14
W2686296389,2017,-0.5,5,15
W2140189893,2015,-0.8181818181818182,2,20
W2765986258,2017,-0.1111111111111111,4,5
W2795656481,2016,1.0,2,0
W2404128142,2016,-0.52,12,38
W2147326417,2012,0.52,38,12
W2079316448,2015,-0.6,10,40
W2346308358,2016,-0.4,15,35
W1998695414,2015,0.0,8,8
W2099908542,2013,-0.85,3,37
W2073246506,2014,-1.0,0,2
W1984929297,2014,0.3181818181818182,29,15
W2242188596,2015,0.0,2,2
W857201916,2014,-0.3333333333333333,1,2
W2052618793,2014,,0,0
W2050150159,2013,-1.0,0,1
W2071620178,2015,-0.44,14,36
W2423134261,2016,-0.3333333333333333,9,18
W2948729606,2020,0.08,27,23
W2798437997,2018,-0.5,9,27
W2483149093,2016,-0.75,2,14
W2784989819,2018,-0.35294117647058826,11,23
W2798885959,2018,-0.4117647058823529,5,12
W2896078687,2018,-0.6,6,24
W2512823838,2016,-0.6923076923076923,2,11
W2937541351,2019,-0.8620689655172413,2,27
W2998554155,2018,,0,0
W1984167821,2015,-0.3333333333333333,2,4
W2859295141,2018,-0.7142857142857143,1,6
W2037372819,2015,-0.3333333333333333,2,4
W2012989259,2015,-0.3333333333333333,1,2
W2765364947,2017,1.0,3,0
W3093423897,2015,-1.0,0,1
W1964639420,2015,-0.25,6,10
W2768086057,2017,-0.5172413793103449,7,22
W2921591511,2019,-0.48,13,37
W2999684905,2017,,0,0
W2578827697,2016,-0.2631578947368421,7,12
W3090042218,2020,-1.0,0,21
W2068176125,2015,-0.6,10,40
W2464096189,2016,-0.92,2,48
W189596627,2010,-0.75,2,14
W2471915251,2016,-0.7551020408163265,6,43
W2891743895,2018,-0.52,6,19
W37860569,2010,-0.7391304347826086,3,20
W2196161835,2012,-0.6470588235294118,3,14
W2134804405,2010,0.2,9,6
W1982374341,2012,-1.0,0,9
W2251346998,2014,-1.0,0,15
W2534455750,2016,-0.6363636363636364,2,9
W2585289979,2017,1.0,11,0
W3002184548,2019,1.0,4,0
W2760230252,2017,-0.8,1,9
W1732746501,2010,-0.42857142857142855,2,5
W2901681178,2018,0.6666666666666666,5,1
W2252151042,2010,0.0,1,1
W2740933644,2017,-1.0,0,2
W1484064345,2010,-1.0,0,3
W2295648580,2012,1.0,3,0
W2250190830,2014,1.0,1,0
W2198851392,2015,-0.6,1,4
W167508108,2012,1.0,1,0
W2229094708,2016,-0.24,19,31
W2788220863,2018,-0.56,11,39
W2160934460,2012,-0.3333333333333333,5,10
W2063881908,2014,-0.16666666666666666,15,21
W2053553342,2015,-0.625,3,13
W2724266064,2017,-0.375,5,11
W2124803650,2013,-0.16666666666666666,5,7
W2172099059,2011,-0.3333333333333333,5,10
W1973763043,2014,-0.5,3,9
W2253023381,2016,-0.6,2,8
W2105723217,2014,-1.0,0,3
W2172232422,2011,-0.6,10,40
W2084085041,2013,-0.8,5,45
W4235786516,2013,-0.36,16,34
W2136601052,2015,-0.76,6,44
W2758513221,2017,-0.64,9,41
W2322002791,2016,-0.28888888888888886,16,29
W2100148636,2015,-0.72,7,43
W2036639103,2015,-0.8333333333333334,4,44
W2919051414,2019,-0.4782608695652174,12,34
W1981537308,2012,-1.0,0,15
W3020462010,2020,-0.7619047619047619,5,37
W2106285349,2012,-0.7777777777777778,2,16
W2969631155,2019,0.14285714285714285,12,9
W1971659834,2014,-1.0,0,17
W2045444183,2014,-0.16666666666666666,5,7
W1895828300,2015,0.6,8,2
W2050197112,2013,0.1111111111111111,5,4
W2127159889,2014,-0.5,2,6
W2031802876,2013,0.75,7,1
W2583033108,2017,-0.25,3,5
W2980056145,2019,-0.3333333333333333,2,4
W2995229981,2019,-0.5,1,3
W2761302457,2017,-0.3333333333333333,1,2
W2982533832,2019,,0,0
W1999128203,2014,-1.0,0,4
W2544261442,2015,1.0,2,0
W3038527766,2020,1.0,1,0
W2294387613,2015,1.0,3,0
W2797614176,2018,-1.0,0,2
W2110601716,2014,-1.0,0,1
W3092564367,2020,0.0,1,1
W3178639114,2018,1.0,1,0
W1873426740,2014,-1.0,0,1
W2898029226,2018,0.3333333333333333,4,2
W2154221125,2013,0.32,33,17
W2126399635,2014,-0.36,16,34
W4245415816,2015,-0.28,18,32
W2018654787,2014,-0.64,9,41
W2123873494,2015,-0.72,7,43
W2955439455,2019,-0.32,17,33
W1975296856,2014,-0.84,4,46
W2963139460,2017,-0.64,9,41
W2963011053,2017,-0.56,11,39
W2019246026,2014,-0.64,9,41
W2770563577,2017,-0.72,7,43
W3089515198,2020,-0.44,14,36
W2021460457,2012,-0.72,7,43
W2463537704,2016,-0.72,7,43
W2767563557,2017,-0.6,10,40
W2889391561,2018,-0.8,5,45
W2749460454,2017,-0.44,14,36
W2035030692,2015,-0.72,7,43
W2111389122,2013,-0.6363636363636364,6,27
W2143860600,2015,-0.64,9,41
W2739751633,2017,-1.0,0,50
W2063535228,2015,-0.68,8,42
W2915605461,2019,-0.36,16,34
W2620672884,2017,-0.48,13,37
W2991942623,2019,-0.24,19,31
W2065540202,2014,-0.56,11,39
W2044428238,2012,-0.6571428571428571,6,29
W2048668881,2013,-0.7083333333333334,7,41
W4233322385,2015,-0.5813953488372093,9,34
W2605404816,2017,-0.08,23,27
W2953970279,2015,-0.5121951219512195,10,31
W1965260616,2011,-0.7931034482758621,3,26
W2053667299,2014,-0.5882352941176471,7,27
W2504197999,2016,-0.7419354838709677,4,27
W2954492316,2019,-0.8048780487804879,4,37
W2470924201,2016,-0.85,3,37
W4229614710,2015,-0.5,4,12
W2417033663,2016,-0.2727272727272727,8,14
W4254692035,2015,-1.0,0,14
W2099154878,2015,-0.9130434782608695,1,22
W2095632607,2015,-0.9333333333333333,1,29
W3011873029,2020,-0.3888888888888889,11,25
W2894365172,2018,-0.5714285714285714,6,22
W2619669510,2017,-0.6666666666666666,3,15
W2247935162,2015,-0.8666666666666667,1,14
W1963858591,2014,-0.6521739130434783,4,19
W2241859478,2015,0.07692307692307693,7,6
W2097737237,2015,-0.2631578947368421,7,12
W2795251638,2018,-0.4,3,7
W3009282582,2020,-0.5238095238095238,5,16
W2608882116,2017,-0.5,4,12
W2621205833,2017,-0.75,2,14
W3089213640,2020,-0.4666666666666667,4,11
W3121105970,2020,-0.3333333333333333,4,8
W2057276196,2015,-1.0,0,14
W4245365421,2015,-0.375,5,11
W2462523725,2016,-0.5555555555555556,4,14
W2918098492,2019,-1.0,0,21
W2906905633,2019,-0.06666666666666667,7,8
W3092153088,2020,-0.8947368421052632,1,18
W2402294257,2016,-0.6470588235294118,3,14
W1997784518,2014,-0.6666666666666666,2,10
W2879754515,2018,-1.0,0,14
W1974021515,2014,-0.6923076923076923,2,11
W3015029269,2020,-0.2857142857142857,5,9
W2028639762,2013,-0.8333333333333334,1,11
W4233387812,2015,-1.0,0,11
W3097148955,2020,-0.6666666666666666,2,10
W2548286129,2012,-0.3333333333333333,2,4
W2884246111,2018,-0.7777777777777778,1,8
W2998756467,2019,-0.5,3,9
W2965651852,2019,-1.0,0,8
W2901813316,2018,-0.3333333333333333,2,4
W4243958688,2015,-1.0,0,3
W3099094173,2020,-0.6,1,4
W2994486388,2019,-0.3333333333333333,1,2
W2994228101,2019,0.3333333333333333,2,1
W4289752243,2018,-0.5,1,3
W2574530310,2016,-1.0,0,2
W3089522426,2020,-1.0,0,2
W2950083157,2018,0.0,2,2
W2949850718,2017,-0.3333333333333333,2,4
W2071983648,2014,-0.84,4,46
W2140504739,2014,-0.8,5,45
W2389246322,2016,-0.68,8,42
W2014755981,2014,-0.6,10,40
W2139074146,2013,-0.88,3,47
W2742512005,2017,-0.96,1,49
W2576115447,2017,-0.92,2,48
W1524601730,2015,-0.92,2,48
W4241437391,2015,-0.84,4,46
W3090643686,2020,-0.28,18,32
W2954823997,2019,-0.36,16,34
W2056952837,2014,-1.0,0,48
W2000679946,2012,-0.8,5,45
W2794607770,2018,-0.4,15,35
W2004247102,2015,-0.28,18,32
W2003148182,2012,-1.0,0,32
W2145700761,2014,-1.0,0,50
W2395122565,2016,-0.92,2,48
W2508117657,2016,-0.76,6,44
W2741600166,2017,-0.6,10,40
W2883359218,2018,-0.72,7,43
W4246531378,2013,-0.64,9,41
W1989385531,2014,-0.6,10,40
W2888328667,2018,-0.48,13,37
W2021680759,2010,-1.0,0,50
W2580969380,2017,-0.6,10,40
W1975790660,2014,-0.8,5,45
W2046263206,2013,-0.84,4,46
W2789476037,2018,-1.0,0,50
W2466866282,2016,-0.64,9,41
W2068382122,2013,-0.64,9,41
W1995650922,2015,-0.52,12,38
W2954876572,2019,-0.72,7,43
W2465318792,2016,-0.4,15,35
W2561301563,2016,-0.32,17,33
W2754176165,2017,-0.32,17,33
W2761329858,2017,-0.8367346938775511,4,45
W2376637698,2016,-1.0,0,50
W1973328636,2012,-0.8222222222222222,4,41
W4241089335,2015,-0.625,6,26
W2993007949,2019,-0.72,7,43
W2886644922,2018,-0.42857142857142855,6,15
W2955199733,2019,-0.84,4,46
W2067846816,2010,-0.8571428571428571,2,26
W1997322537,2014,-0.6,10,40
W2165855014,2015,-0.5625,7,25
W4230684117,2013,-0.631578947368421,7,31
W2078410218,2013,-0.48717948717948717,10,29
W1548703962,2012,-0.9411764705882353,1,33
W2029348203,2014,-0.7,3,17
W2049055220,2010,-0.9090909090909091,1,21
W4243311255,2015,-0.5294117647058824,4,13
W2042124591,2013,-0.7037037037037037,4,23
W2127499986,2014,-0.5454545454545454,5,17
W2901226836,2018,-0.76,6,44
W2774526117,2017,-0.5294117647058824,8,26
W36290627,2013,-1.0,0,17
W1984664004,2010,-0.84,2,23
W2005522109,2011,-1.0,0,21
W2922265848,2019,-1.0,0,44
W2077919660,2015,-0.6551724137931034,5,24
W2047573930,2012,-0.76,3,22
W2017974706,2015,-0.6,5,20
W2517541169,2015,-0.8571428571428571,1,13
W2901159202,2018,-0.5555555555555556,8,28
W2162573776,2011,-0.7272727272727273,3,19
W2395669155,2016,-0.2777777777777778,13,23
W2617733587,2017,-0.6363636363636364,6,27
W2406398805,2016,-0.4,9,21
W2619825482,2017,-0.8709677419354839,2,29
W2099360843,2014,-0.4782608695652174,6,17
W2462019631,2016,-0.6363636363636364,4,18
W1989735066,2013,-1.0,0,15
W2576508955,2016,-1.0,0,29
W2111741432,2015,0.18181818181818182,13,9
W3043557153,2020,-0.6875,5,27
W2728259634,2017,0.5,15,5
W2143569040,2016,-0.5,3,9
W3099112256,2020,-0.6190476190476191,4,17
W2905463374,2019,-0.2857142857142857,5,9
W3085452918,2020,-0.3684210526315789,6,13
W3086681761,2020,-0.17647058823529413,7,10
W2005316082,2013,-1.0,0,15
W4288080278,2020,-0.375,5,11
W2030623303,2013,-1.0,0,9
W4248703722,2012,-0.4,6,14
W121890015,2014,-0.7777777777777778,2,16
W2749337727,2017,-0.7647058823529411,2,15
W2051742379,2012,-0.16666666666666666,5,7
W2097465469,2012,-0.8181818181818182,1,10
W2145292631,2014,-0.16666666666666666,5,7
W2731814183,2017,-0.4666666666666667,4,11
W170380824,2013,1.0,7,0
W4235686196,2012,-0.42857142857142855,4,10
W2037573045,2014,-0.06666666666666667,7,8
W1984608780,2016,0.2,3,2
W4234375718,2012,-0.3333333333333333,3,6
W2994690397,2019,-1.0,0,12
W2921974495,2019,-0.5,3,9
W2147120745,2015,-0.5555555555555556,2,7
W2292654058,2016,1.0,7,0
W2693980793,2017,-1.0,0,9
W1539919260,2012,-0.8181818181818182,1,10
W2398539019,2011,-0.45454545454545453,3,8
W2901157366,2018,-0.6923076923076923,2,11
W2883507283,2018,-0.5714285714285714,3,11
W4253688784,2013,-0.14285714285714285,3,4
W2732547419,2017,0.2,3,2
W2982277431,2019,-0.7142857142857143,1,6
W2159909295,2011,0.0,1,1
W4238853945,2011,-0.2,2,3
W2061280698,2013,-0.3333333333333333,1,2
W3149178893,2012,-1.0,0,2
W2900734124,2018,-1.0,0,8
W2152510446,2012,-1.0,0,3
W4252950009,2015,-1.0,0,3
W2009130747,2014,-1.0,0,4
W2994821893,2019,,0,0
W4234010800,2013,,0,0
W2763836646,2017,0.0,1,1
W2795746234,2018,0.3333333333333333,2,1
W2018581207,2013,1.0,1,0
W2995052309,2019,1.0,2,0
W3087934985,2020,-1.0,0,1
W3089223609,2020,-1.0,0,1
W4394489876,2014,,0,0
W4288622608,2019,1.0,3,0
W2234318829,2014,1.0,1,0
W4393711676,2020,1.0,1,0
W4393774131,2017,1.0,1,0
W4289105807,2018,1.0,3,0
W2050680750,2014,-0.8,5,45
W2533284009,2016,-0.7142857142857143,2,12
W2079877139,2015,-0.7083333333333334,7,41
W3119781287,2020,-0.6666666666666666,1,5
W1989969759,2014,-0.8095238095238095,2,19
W4251521700,2014,-0.38461538461538464,4,9
W2998963962,2014,-0.7142857142857143,1,6
W2912816250,2019,-0.6,1,4
W2284951589,2015,-1.0,0,6
W111121138,2014,-0.5555555555555556,2,7
W2514527293,2016,-1.0,0,7
W2272616495,2016,-1.0,0,3
W2515929223,2015,-1.0,0,1
W2520089364,2014,1.0,1,0
W4250026037,2016,-1.0,0,2
W2953451642,2018,1.0,1,0
W3000438717,2019,-0.76,6,44
W2883419767,2018,-0.29411764705882354,12,22
W1799141850,2013,-0.7931034482758621,3,26
W2841109230,2018,-0.45454545454545453,6,16
W2058045936,2013,0.0,5,5
W2473842208,2016,-0.8064516129032258,3,28
W2027701108,2015,-0.7142857142857143,2,12
W3122425961,2020,-1.0,0,11
W2964956021,2019,-0.6,1,4
W2809346471,2018,0.75,14,2
W2102958717,2014,-0.6666666666666666,1,5
W2888814571,2018,0.3333333333333333,2,1
W3089363934,2020,-0.5,1,3
W2339540665,2011,-1.0,0,1
W1991079201,2013,-0.3939393939393939,10,23
W2014232144,2014,-0.24,19,31
W4239863959,2015,0.16,29,21
W2406879113,2016,-0.45454545454545453,12,32
W2741371834,2017,-0.8,5,45
W3008773848,2017,-0.6888888888888889,7,38
W2092388562,2015,0.2,30,20
W54234307,2013,-0.42857142857142855,2,5
W2724855087,2017,-0.03225806451612903,15,16
W2527060415,2016,-1.0,0,22
W188179498,2014,-0.21739130434782608,18,28
W2051538742,2015,-0.9583333333333334,1,47
W2597465230,2018,-0.5813953488372093,9,34
W2108072832,2014,-0.3684210526315789,6,13
W2755680275,2017,-0.8,3,27
W2895073034,2018,-0.696969696969697,5,28
W4254741915,2015,-0.44,7,18
W2508181318,2016,-0.5555555555555556,6,21
W3099627437,2020,-0.5263157894736842,9,29
W2296348247,2016,-0.7391304347826086,3,20
W2954810823,2019,-0.8,3,27
W3085058284,2020,-0.6551724137931034,5,24
W2047805786,2012,-0.42857142857142855,2,5
W2048363027,2012,-0.75,1,7
W2154809872,2013,-0.9,1,19
W2767491836,2017,-0.8461538461538461,1,12
W2806398338,2018,-0.5294117647058824,4,13
W3035312859,2020,-0.6,3,12
W2810705494,2017,-0.14285714285714285,3,4
W2892976287,2018,-1.0,0,12
W2955606179,2019,-0.7777777777777778,1,8
W2809686396,2018,0.3333333333333333,4,2
W3160745730,2013,-1.0,0,4
W2807389028,2018,-1.0,0,6
W2323247636,2014,,0,0
W3117894873,2020,-0.6,1,4
W189456181,2012,-0.3333333333333333,1,2
W2406310744,2013,1.0,2,0
W1799636096,2018,0.3333333333333333,2,1
W2798498098,2018,1.0,2,0
W2242159207,2014,1.0,1,0
W2408595142,2014,1.0,1,0
W2987154842,2019,1.0,1,0
W2575608730,2016,1.0,1,0
W3134402730,2020,1.0,50,0
W4238398178,2015,-0.125,7,9
W2896615772,2012,-0.75,1,7
W2073489128,2016,-0.5862068965517241,6,23
W2028959422,2012,-0.8333333333333334,1,11
W2794216712,2018,0.5384615384615384,10,3
W2236049272,2013,-0.5,2,6
W2802655675,2018,0.0,5,5
W1538999099,2014,-0.8571428571428571,1,13
W2017194553,2010,-0.68,8,42
W2137794468,2012,-0.8666666666666667,1,14
W2173708377,2015,-1.0,0,5
W2573582133,2011,-0.6,1,4
W2890135103,2018,0.5,3,1
W1987540542,2010,-1.0,0,1
W2963479222,2017,1.0,2,0
W2097223681,2011,-1.0,0,1
W2752144649,2017,-1.0,0,1
W2200566820,2016,0.28,16,9
W2765185632,2017,-0.7333333333333333,2,13
W2784685254,2017,,0,0
W2429412974,2016,-0.6,1,4
W3102317072,2020,-0.2,6,9
W2972335934,2019,-0.75,1,7
W3100632886,2020,-0.08,23,27
W2799181865,2018,-0.64,9,41
W2555886487,2016,1.0,50,0
W2962750597,2018,1.0,50,0
W2188155116,2015,-0.72,7,43
W1673728053,2014,-0.9047619047619048,1,20
W2497473102,2015,-0.6363636363636364,4,18
W2372373432,2016,-0.7916666666666666,5,43
W3037589106,2019,1.0,31,0
W2803774846,2018,-0.2413793103448276,11,18
W2558622672,2016,-0.5384615384615384,3,10
W4285776583,2019,1.0,18,0
W2946160725,2019,0.0,6,6
W3001411363,2019,0.8571428571428571,13,1
W2807421852,2018,1.0,11,0
W2963417485,2016,-0.5555555555555556,2,7
W2970409664,2019,1.0,11,0
W2896107853,2019,1.0,8,0
W2090386939,2012,,0,0
W1640330717,2014,-1.0,0,1
W2311870199,2019,-1.0,0,3
W2047849674,2015,-1.0,0,3
W2399457998,2015,1.0,1,0
W2990042081,2019,1.0,1,0
W2139805416,2015,-0.48,13,37
W2613868844,2017,-0.8,5,45
W4300686955,2019,1.0,50,0
W2921605821,2019,-0.4634146341463415,11,30
W2964931459,2019,-0.6666666666666666,6,30
W2896993302,2018,-0.7142857142857143,4,24
W2788853733,2018,-0.88,3,47
W4295118950,2018,1.0,20,0
W2950411981,2017,0.36363636363636365,15,7
W2272464891,2016,1.0,17,0
W2618347144,2017,-0.38461538461538464,4,9
W1493902473,2014,-0.1111111111111111,4,5
W2548661006,2016,1.0,9,0
W2954301664,2019,-0.5555555555555556,2,7
W2589049937,2017,1.0,6,0
W2914196460,2019,-0.14285714285714285,3,4
W3016819384,2020,-1.0,0,6
W3000743293,2020,-0.2,2,3
W3110977295,2020,-0.5,1,3
W2803349620,2018,-0.3333333333333333,1,2
W2949983747,2018,-1.0,0,2
W4285688132,2020,1.0,2,0
W3095001106,2020,1.0,1,0
W2589907274,2017,-0.56,11,39
W1990140606,2013,-0.6,5,20
W1591399774,2015,-0.64,9,41
W2972184044,2019,-0.76,3,22
W3038958977,2020,0.45454545454545453,8,3
W4256142090,2019,-0.3333333333333333,2,4
W2053102907,2014,-0.2,2,3
W2079048301,2015,-0.7142857142857143,1,6
W2030003548,2013,-1.0,0,5
W2920930064,2019,-1.0,0,2
W2986975611,2019,-1.0,0,2
W2080764383,2012,-1.0,0,1
W4242369988,2019,1.0,2,0
W2078792120,2015,-1.0,0,1
W2950260266,2019,0.5,3,1
W1492044166,2013,1.0,2,0
W2951715477,2010,-1.0,0,2
W3001064097,2020,0.0,1,1
W2101827809,2015,0.3333333333333333,22,11
W1964782602,2015,-0.07692307692307693,6,7
W2898091853,2018,-0.05263157894736842,9,10
W4251853244,2013,-0.14285714285714285,6,8
W2223030845,2014,0.2,3,2
W2974689158,2019,0.7142857142857143,12,2
W2538862502,2016,1.0,2,0
W2897770889,2018,-0.6666666666666666,1,5
W2981206218,2019,1.0,50,0
W2962688627,2019,1.0,50,0
W3035046187,2020,1.0,50,0
W2963189173,2018,-0.92,2,48
W2554091414,2016,-0.68,8,42
W2985986882,2019,-0.56,11,39
W2753634799,2017,-0.5,10,30
W840677367,2015,-0.10204081632653061,22,27
W2030035398,2010,-0.8974358974358975,2,37
W2187207766,2015,-0.8181818181818182,3,30
W2741294026,2017,1.0,33,0
W2950286539,2014,1.0,19,0
W2963660642,2017,-0.7142857142857143,5,30
W2159062998,2014,-1.0,0,12
W2517132505,2016,-1.0,0,18
W2964200874,2017,1.0,22,0
W1971161599,2013,-1.0,0,8
W2182991033,2012,-1.0,0,14
W2047471939,2014,-0.6666666666666666,2,10
W2096133806,2013,-0.8,1,9
W2508966560,2016,-0.5555555555555556,2,7
W2910103617,2018,1.0,11,0
W3104992254,2020,1.0,8,0
W2015579414,2014,-1.0,0,9
W1968989388,2010,-1.0,0,7
W2123868024,2013,-1.0,0,9
W2963466678,2017,1.0,10,0
W2963326983,2017,1.0,7,0
W2980470892,2019,-0.6666666666666666,1,5
W3108778310,2020,-1.0,0,6
W1982323247,2014,-1.0,0,4
W2901362701,2019,0.3333333333333333,2,1
W2017824712,2014,-1.0,0,4
W2205170224,2016,-1.0,0,4
W3081225609,2020,1.0,3,0
W2034363616,2010,1.0,1,0
W2068187163,2012,0.0,1,1
W2060968519,2013,-0.3333333333333333,1,2
W1632608169,2015,-1.0,0,1
W2416807580,2016,1.0,1,0
W2976802728,2019,-1.0,0,1
W2804268522,2018,0.84,46,4
W2547352193,2016,-0.24,19,31
W2544176167,2016,1.0,50,0
W3007548213,2020,-0.88,3,47
W2990595670,2019,-0.68,8,42
W3047989515,2020,-0.84,4,46
W2912592113,2019,-0.24,19,31
W2969261410,2019,-0.96,1,49
W2949977662,2014,-1.0,0,18
W2752736181,2017,1.0,17,0
W2614730337,2017,0.3333333333333333,10,5
W2951753179,2016,0.1111111111111111,5,4
W2980154417,2019,-0.8888888888888888,1,17
W3049517689,2020,-1.0,0,11
W3044755947,2020,-1.0,0,9
W2970934247,2019,1.0,7,0
W2594002408,2017,-0.7142857142857143,1,6
W4287688436,2020,1.0,7,0
W3043508528,2020,-0.6666666666666666,1,5
W2535838896,2016,0.0,25,25
W3129611452,2020,-0.6666666666666666,1,5
W2890291628,2019,1.0,5,0
W2413581414,2016,1.0,4,0
W4288402483,2019,1.0,5,0
W1841867820,2015,-1.0,0,2
W1894098103,2015,1.0,3,0
W3097851170,2020,-0.3333333333333333,1,2
W1864029117,2014,-1.0,0,2
W2962998615,2019,0.0,1,1
W3038054228,2020,-1.0,0,2
W2290397065,2015,-1.0,0,1
W2566184850,2016,1.0,1,0
W2769475041,2017,1.0,1,0
W2964870467,2019,-1.0,0,1
W3080655457,2020,1.0,1,0
W2061091230,2015,-0.8,5,45
W2107399212,2014,-1.0,0,50
W2167814583,2015,-0.56,11,39
W4242955624,2015,-0.5,6,18
W2588591308,2017,-0.7714285714285715,4,31
W4241316177,2015,-0.3103448275862069,10,19
W2798954527,2018,-0.627906976744186,8,35
W2886686348,2018,0.125,18,14
W2538528660,2016,0.07692307692307693,14,12
W2798604085,2018,-0.2857142857142857,10,18
W3129647355,2020,-0.8285714285714286,3,32
W2803067192,2018,-1.0,0,9
W4246535868,2014,-0.7777777777777778,3,24
W3011856193,2018,-0.07692307692307693,6,7
W2979404187,2019,-0.8333333333333334,1,11
W4254308815,2018,0.14285714285714285,4,3
W2999387579,2019,-1.0,0,3
W3015956419,2020,1.0,2,0
W3119764682,2016,0.0,1,1
W3117648232,2020,-1.0,0,2
W2617264258,2017,-0.5555555555555556,2,7
W3041586722,2020,1.0,1,0
W3001272669,2020,-0.2,4,6
W2957710066,2020,-1.0,0,2
W2658699200,2015,-0.5555555555555556,2,7
W2159664196,2015,1.0,4,0
W2091090133,2013,-0.8333333333333334,2,22
W1987652023,2013,0.0,1,1
W2077542434,2014,-0.8461538461538461,1,12
W2118612179,2012,-1.0,0,14
W2053299919,2014,-1.0,0,7
W2750884547,2017,-0.7142857142857143,1,6
W2070021346,2015,-0.5,2,6
W2016629107,2011,,0,0
W2794754369,2013,-1.0,0,3
W2593492066,2017,0.0,2,2
W2502960032,2016,-0.7142857142857143,1,6
W2151397980,2015,1.0,7,0
W2594789930,2017,-0.6666666666666666,1,5
W167785927,2012,-1.0,0,4
W2293486499,2014,-1.0,0,7
W2051261251,2014,-0.5,1,3
W2950374797,2014,-1.0,0,1
W2255433971,2019,0.0,1,1
W2963857277,2019,-1.0,0,1
W2950064944,2015,-1.0,0,1
W2613113339,2017,-0.9166666666666666,1,23
W3030157523,2020,-1.0,0,11
W2994312472,2019,0.0,2,2
W2158083363,2015,1.0,3,0
W3013473214,2020,1.0,3,0
W2552728315,2016,-1.0,0,1
W2791071040,2016,1.0,1,0
W2580339477,2017,-0.3333333333333333,3,6
W2964540713,2020,-0.52,12,38
W2767162229,2017,-0.52,12,38
W2926494289,2019,-0.7272727272727273,3,19
W1495444061,2015,-0.44,14,36
W3029108158,2020,-0.5,4,12
W2949491614,2017,1.0,3,0
W3015689716,2019,1.0,4,0
W3108973987,2020,1.0,2,0
W2998970855,2019,1.0,1,0
W2094739364,2015,-0.56,11,39
W3009845707,2015,-0.5555555555555556,8,28
W2009508457,2014,-0.18181818181818182,9,13
W2795730141,2018,-0.6,5,20
W3043866230,2020,0.8,9,1
W2478605366,2016,-0.5,3,9
W2547862579,2016,-0.6666666666666666,1,5
W2911675299,2019,0.0,1,1
W2967880504,2019,-0.88,3,47
W2964074929,2016,-0.88,3,47
W1966072539,2015,-0.84,4,46
W3212975581,2015,-0.391304347826087,7,16
W2009122315,2015,-0.8536585365853658,3,38
W2185132608,2015,-0.8823529411764706,1,16
W2409726236,2016,-1.0,0,15
W2919177835,2019,-1.0,0,30
W1880309113,2017,-0.6842105263157895,3,16
W2782695171,2017,-1.0,0,17
W2920470092,2018,-0.4666666666666667,4,11
W2976424269,2019,-0.3333333333333333,5,10
W2885368716,2018,-1.0,0,11
W2951325054,2018,-1.0,0,10
W3012949032,2019,-0.25,6,10
W2886164198,2018,-1.0,0,9
W2907148970,2018,1.0,5,0
W4240632209,2016,-0.3333333333333333,1,2
W3035056645,2020,1.0,6,0
W2149532911,2017,,0,0
W2344617522,2016,-0.5,1,3
W2741510187,2017,0.0,3,3
W2606737846,2016,1.0,2,0
W3034447155,2019,1.0,2,0
W2407280925,2014,0.0,1,1
W3111515218,2020,1.0,3,0
W2799021417,2019,1.0,1,0
W2081092361,2013,-1.0,0,1
W2430393194,2016,-1.0,0,1
W2541307436,2012,-1.0,0,1
W2770780282,2017,-1.0,0,1
W2948641749,2019,1.0,1,0
W2147435839,2014,-0.92,2,48
W2287140434,2016,-0.8,5,45
W2905148628,2018,-0.72,7,43
W4289117554,2018,1.0,43,0
W2986692543,2019,-0.8,4,36
W2884827599,2018,-0.1282051282051282,17,22
W3044482596,2020,-0.875,2,30
W3114350787,2020,-0.16666666666666666,10,14
W2917708172,2019,-1.0,0,12
W3049617192,2020,-1.0,0,10
W2978481653,2019,1.0,9,0
W3128316891,2020,-1.0,0,9
W759230635,2014,-1.0,0,7
W2953246195,2018,-1.0,0,6
W2988065028,2019,-1.0,0,5
W1492456004,2013,,0,0
W3043672964,2020,1.0,2,0
W4287689355,2020,1.0,3,0
W4288335971,2019,1.0,2,0
W2951852672,2014,1.0,1,0
W2985140299,2019,1.0,1,0
W2983302111,2019,-1.0,0,1
W3001979860,2020,-1.0,0,1
W4288102157,2019,1.0,1,0
W4293360269,2013,1.0,1,0
W2144265691,2012,-0.92,2,48
W2092799168,2015,-0.52,12,38
W2740025111,2017,0.08,27,23
W2613529642,2017,-0.6923076923076923,4,22
W3082501155,2020,1.0,5,0
W2798771577,2018,-1.0,0,10
W2995022099,2020,-0.2,20,30
W2428543019,2016,0.3333333333333333,2,1
W3080587350,2020,-0.5,1,3
W3047528023,2020,1.0,3,0
W2883948692,2018,1.0,1,0
W4246762394,2019,1.0,1,0
W2980655286,2019,-1.0,0,1
W2049314312,2015,-0.92,2,48
W1742682033,2015,-0.64,9,41
W2762664377,2017,-0.72,7,43
W3097904259,2020,1.0,47,0
W2902547091,2017,-0.2413793103448276,11,18
W2798290321,2018,-0.6216216216216216,7,30
W2521815480,2016,-0.3333333333333333,8,16
W2988883278,2019,-0.9259259259259259,1,26
W2893595788,2018,-0.2727272727272727,8,14
W2490675794,2016,-0.4,6,14
W3124777119,2020,-0.1111111111111111,12,15
W3007282366,2020,0.6,4,1
W2354443077,2016,1.0,17,0
W2196948882,2014,-1.0,0,2
W2460326230,2014,-1.0,0,2
W2914203077,2019,-1.0,0,2
W3033527233,2020,-0.2,12,18
W3094318810,2020,-1.0,0,1
W2073742357,2015,-0.84,4,46
W2087639786,2013,-0.8,5,45
W2226406704,2015,-0.2727272727272727,4,7
W2561528914,2013,-0.42857142857142855,4,10
W2761718075,2017,-0.8,4,36
W2982041059,2019,-0.6363636363636364,8,36
W2899000846,2018,-1.0,0,13
W2898707257,2018,-1.0,0,8
W2599650177,2017,-0.5,2,6
W2584348355,2016,-1.0,0,5
W2954603400,2019,-1.0,0,6
W2411173678,2016,1.0,4,0
W2615682701,2017,-1.0,0,1
W2408362371,2016,-1.0,0,4
W2082224527,2015,-1.0,0,27
W1994916325,2014,-0.88,3,47
W2240695625,2014,-1.0,0,4
W2889245268,2018,1.0,5,0
W2148409751,2014,-1.0,0,4
W2399187774,2013,1.0,3,0
W2407924029,2016,-1.0,0,1
W2406847186,2012,-1.0,0,2
W2606327478,2017,-1.0,0,1
W2786876861,2018,1.0,1,0
W2362096638,2017,-1.0,0,8
W2033498419,2015,-0.65,7,33
W3136350169,2020,-0.9428571428571428,1,34
W2791574816,2018,-0.8461538461538461,1,12
W2770274520,2018,-0.7142857142857143,2,12
W3034899638,2020,1.0,9,0
W2951356926,2019,-1.0,0,9
W2766426326,2017,1.0,8,0
W2964047785,2017,1.0,16,0
W2811380916,2018,-1.0,0,3
W3046684513,2020,1.0,6,0
W2911845931,2018,1.0,4,0
W1562692307,2014,-0.5,1,3
W3132630448,2019,-1.0,0,4
W2142687653,2012,-0.2,4,6
W4297696463,2016,1.0,3,0
W2913322957,2019,0.3333333333333333,2,1
W2579367135,2017,1.0,2,0
W2522552430,2016,-1.0,0,1
W2286352523,2017,-1.0,0,1
W3007851486,2020,-1.0,0,7
W4394669402,2017,1.0,2,0
W3142726301,2020,1.0,1,0
W2144575742,2014,-0.52,12,38
W2197150605,2015,-0.72,7,43
W2123139789,2014,-0.56,11,39
W2071812850,2014,-0.03225806451612903,15,16
W2125551333,2013,-0.5882352941176471,7,27
W2183959557,2010,-0.4,3,7
W2030533114,2012,-1.0,0,10
W2050058783,2012,-0.4,3,7
W2095845655,2012,0.5555555555555556,7,2
W2030712756,2012,-0.7142857142857143,1,6
W1991847591,2015,0.6,4,1
W1508412331,2014,1.0,2,0
W2097644839,2011,-0.5,1,3
W2462847126,2014,1.0,3,0
W2944852367,2010,1.0,2,0
W2140499502,2012,1.0,1,0
W2133307830,2010,0.0,1,1
W2176017127,2015,-0.72,7,43
W2412889296,2016,-0.92,2,48
W3008093564,2020,-0.68,8,42
W2171491198,2015,-1.0,0,6
W1997904924,2015,-0.6,9,36
W2608298913,2017,-0.64,9,41
W2765986156,2017,-0.6923076923076923,6,33
W2516359176,2016,-0.8235294117647058,3,31
W3030681249,2020,0.3142857142857143,23,12
W2148254567,2013,-0.4666666666666667,4,11
W3020645542,2020,-0.14285714285714285,9,12
W2069383311,2012,-1.0,0,1
W2095199223,2015,-0.6923076923076923,2,11
W2611831707,2017,-0.625,3,13
W2755890641,2017,-1.0,0,13
W2122295972,2013,-0.7142857142857143,1,6
W2761160427,2017,-0.14285714285714285,3,4
W2896793527,2018,-0.6,1,4
W2067672647,2010,-0.3333333333333333,1,2
W2735276006,2017,-1.0,0,6
W2921414659,2019,-1.0,0,6
W2921476603,2019,-0.6,1,4
W2043469189,2014,-1.0,0,4
W2767475530,2017,0.3333333333333333,2,1
W2013904544,2011,-0.3333333333333333,1,2
W4413614903,2017,,0,0
W2176297706,2015,0.0,1,1
W2808638683,2017,-1.0,0,2
W2982010008,2019,-1.0,0,2
W3116676626,2020,1.0,1,0
W2168881048,2015,-0.28,18,32
W2933627812,2019,-0.16,21,29
W2201675152,2012,0.4,35,15
W2755506150,2017,-0.44,14,36
W2079454931,2015,-0.56,11,39
W2010590614,2013,-0.28,18,32
W1991808891,2013,0.32,33,17
W3091007149,2020,-0.84,4,46
W2394898941,2016,-0.7619047619047619,5,37
W2979599046,2019,-0.36,16,34
W3097161626,2020,0.08333333333333333,13,11
W3032662532,2020,-0.3333333333333333,7,14
W2531284820,2016,-0.72,7,43
W2762292792,2017,-0.574468085106383,10,37
W3014274848,2020,0.12,28,22
W1967459748,2014,-0.3125,11,21
W2972672476,2019,-0.23404255319148937,18,29
W2929751249,2019,-0.2727272727272727,12,21
W1772769228,2015,-0.6,3,12
W2795420656,2018,-0.875,2,30
W1793219740,2015,-0.8095238095238095,2,19
W2057113147,2014,-0.05263157894736842,9,10
W2571184881,2016,-0.4444444444444444,5,13
W2858729524,2018,-0.6521739130434783,4,19
W3004586828,2020,-0.1724137931034483,12,17
W2950828168,2019,0.12,14,11
W2941171376,2019,-0.3333333333333333,6,12
W3087191978,2020,-0.6428571428571429,5,23
W2011499356,2015,-0.3333333333333333,5,10
W2531072128,2016,-0.058823529411764705,8,9
W3112877194,2020,0.1111111111111111,5,4
W2942738233,2019,-0.2,2,3
W2908123493,2018,-0.6,4,16
W2296467065,2015,-0.25,6,10
W2806275724,2018,-0.8947368421052632,1,18
W1983420128,2013,-0.3333333333333333,4,8
W2808485300,2018,-0.3684210526315789,6,13
W2170885539,2014,-0.6,1,4
W2085927095,2015,-0.5,3,9
W4230967253,2020,-0.75,2,14
W3027378508,2020,-0.7647058823529411,2,15
W2025528530,2014,0.75,7,1
W2973084982,2019,1.0,2,0
W2571081175,2016,-0.6923076923076923,2,11
W3011454165,2020,-0.2727272727272727,4,7
W2057627744,2011,0.6666666666666666,5,1
W2234074683,2015,-0.2,2,3
W2922056418,2019,1.0,4,0
W2969463515,2019,-0.7142857142857143,1,6
W3085410529,2020,0.0,3,3
W2904671425,2018,-0.3333333333333333,1,2
W2080948111,2012,1.0,7,0
W2898208396,2018,-0.7142857142857143,1,6
W3100692372,2020,0.0,4,4
W2940567726,2019,1.0,7,0
W2552826947,2016,-1.0,0,5
W2781192928,2017,0.0,2,2
W2898993854,2018,0.3333333333333333,2,1
W3095367321,2020,1.0,4,0
W3024164567,2020,-1.0,0,4
W2968413407,2019,1.0,2,0
W2972682944,2019,0.0,3,3
W2972653772,2019,0.3333333333333333,2,1
W2972915848,2019,1.0,1,0
W3026865349,2020,1.0,1,0
W986325933,2011,0.0,1,1
W2933321149,2019,0.0,1,1
W2560604088,2015,1.0,1,0
W3000048401,2019,1.0,2,0
W3045507152,2019,1.0,1,0
W4413733468,2016,1.0,1,0
W2909558410,2018,-1.0,0,1
W3110744889,2020,0.0,1,1
W1124016543,2015,-1.0,0,1
W2271345687,2015,-0.28,18,32
W2296242655,2016,0.3333333333333333,4,2
W2137864660,2014,0.0,25,25
W2054988687,2013,-0.13043478260869565,10,13
W2023570449,2014,-0.625,6,26
W2080702463,2012,-0.7692307692307693,3,23
W2058723972,2013,0.36,17,8
W2529396430,2016,0.05263157894736842,20,18
W2101418845,2014,-0.6666666666666666,2,10
W2015721660,2011,0.5,3,1
W2293291827,2016,0.14285714285714285,4,3
W2016695943,2015,-0.07692307692307693,6,7
W2144624026,2011,-1.0,0,7
W2076502460,2014,-0.6923076923076923,2,11
W2560297594,2016,0.09090909090909091,6,5
W1961099530,2015,-0.3333333333333333,4,8
W2118662262,2014,-0.2,4,6
W2109648960,2014,0.25,5,3
W1977603460,2010,0.2,3,2
W2010692845,2011,-0.3333333333333333,1,2
W2295540158,2010,1.0,1,0
W108797482,2013,-1.0,0,2
W2037227866,2010,0.3333333333333333,2,1
W2548165369,2014,-1.0,0,1
W1975229202,2013,-0.5,4,12
W2005511465,2014,-0.5833333333333334,5,19
W1969904136,2014,-0.1111111111111111,4,5
W2294535122,2015,-1.0,0,5
W2564955212,2016,0.3333333333333333,2,1
W2094690640,2014,-0.32,17,33
W2271558316,2015,-0.8620689655172413,2,27
W2142304282,2015,-0.92,2,48
W2073953353,2013,-0.3103448275862069,10,19
W2028187927,2015,-0.8,5,45
W2137022750,2013,-0.42857142857142855,10,25
W1980465937,2013,-0.8461538461538461,2,24
W2055070571,2013,0.8333333333333334,11,1
W1964278234,2015,-0.6363636363636364,6,27
W2040290465,2015,-1.0,0,2
W2107043098,2013,-1.0,0,2
W132933404,2010,-1.0,0,1
W2087106427,2015,1.0,1,0
W2744084197,2013,-1.0,0,1
W1999016308,2015,-1.0,0,4
W2003868145,2012,-1.0,0,6
W2092753731,2013,-1.0,0,11
W2951423025,2015,-1.0,0,17
W2147018140,2015,-0.6,2,8
W2155058526,2014,-0.8,5,45
W2956776439,2019,-0.2857142857142857,5,9
W2519921427,2016,-0.06666666666666667,7,8
W2767258247,2012,-1.0,0,1
W2179457479,2015,-0.9090909090909091,2,42
W2183979650,2013,-1.0,0,3
W2949734817,2013,-1.0,0,1
W1977380908,2015,,0,0
W2125898659,2014,-0.48,13,37
W2296967327,2015,-0.52,12,38
W2123846708,2012,0.0,24,24
W2795709006,2018,-0.9574468085106383,1,46
W2095824371,2013,-0.6666666666666666,2,10
W2951947220,2019,-0.6470588235294118,3,14
W2281131082,2016,0.3333333333333333,2,1
W2785137753,2011,0.5,3,1
W221706282,2009,1.0,1,0
W2319382394,2012,1.0,2,0
W2293785037,2015,1.0,2,0
W2090273376,2010,1.0,3,0
W2342026445,2010,1.0,1,0
W1966835354,2010,1.0,1,0
W2124994029,2011,-0.76,6,44
W2985464601,2019,-0.7391304347826086,6,40
W2002982773,2015,-0.7272727272727273,6,38
W2167913131,2012,-0.7073170731707317,6,35
W2016540045,2014,-0.7391304347826086,6,40
W1532679338,2013,0.45454545454545453,16,6
W2011617689,2010,-0.47058823529411764,9,25
W2140006089,2014,-0.4074074074074074,8,19
W2062742763,2015,0.10344827586206896,16,13
W2118157326,2012,-0.6,2,8
W4299619674,2014,-0.6,1,4
W2076930269,2013,0.0,3,3
W4233036874,2013,0.0,1,1
W2114141766,2015,-0.3333333333333333,4,8
W2020212555,2014,0.44680851063829785,34,13
W2047781873,2014,-0.15555555555555556,19,26
W2133270667,2013,-0.24,19,31
W2106612861,2014,-0.44,14,36
W2067673181,2015,-0.52,12,38
W2412436369,2016,-0.8222222222222222,4,41
W2064907108,2011,0.3333333333333333,12,6
W2092839790,2012,0.3333333333333333,18,9
W2041603268,2011,-0.2,8,12
W2053594016,2015,0.0,13,13
W2510585480,2016,-0.8461538461538461,1,12
W2289645666,2015,-0.08333333333333333,11,13
W2775168722,2017,-0.2,4,6
W2002878039,2015,0.2,6,4
W2941211570,2019,0.0,4,4
W2581042727,2016,0.0,1,1
W2995049953,2019,0.28205128205128205,25,14
W2061985103,2014,-0.6363636363636364,6,27
W2334656268,2013,-0.6,2,8
W2211514669,2015,0.0,10,10
W2334759041,2013,-0.6666666666666666,1,5
W2131872128,2010,-0.8,1,9
W2903891271,2018,1.0,12,0
W2785020525,2017,-0.6,2,8
W1964406070,2013,-1.0,0,2
W2735806339,2017,-1.0,0,1
W2959333529,2019,-1.0,0,3
W1972290030,2012,-1.0,0,1
W1989154107,2013,-1.0,0,1
W2342938123,2016,1.0,1,0
W2786673575,2011,1.0,1,0
W2527498653,2017,-1.0,0,1
W2249436771,2015,-1.0,0,1
W2158356994,2014,-0.8571428571428571,1,13
W2055225579,2013,-1.0,0,8
W2753906844,2017,-0.5,1,3
W2489438206,2016,-1.0,0,1
W2430669355,2016,1.0,1,0
W2140609933,2014,-0.72,7,43
W2899384793,2018,-0.6,10,40
W2010608861,2015,-0.88,3,47
W2168970028,2013,0.12,28,22
W2148190602,2013,-0.36,16,34
W2116272605,2014,-0.84,4,46
W1860267373,2015,-0.64,9,41
W2026016807,2012,-0.4,15,35
W3000168638,2019,-0.72,7,43
W2963121966,2018,1.0,50,0
W2754629507,2018,-0.4,15,35
W1875990341,2017,-0.6,7,28
W2963015915,2018,1.0,50,0
W2971291256,2019,1.0,30,0
W2963965612,2018,1.0,35,0
W2802401630,2018,-0.45454545454545453,6,16
W2899469232,2018,-0.2,8,12
W2892589118,2018,-0.6,4,16
W2401967267,2016,-0.8666666666666667,1,14
W2903709763,2019,-0.5555555555555556,4,14
W151392125,2013,-1.0,0,4
W2805248761,2018,1.0,3,0
W2966387645,2019,0.0,1,1
W2559207621,2016,0.0,1,1
W2905305346,2018,1.0,1,0
W2803526748,2018,-0.8,5,45
W2962995178,2016,-0.6,10,40
W2973529529,2019,-0.8,5,45
W4394638297,2019,1.0,50,0
W2257123346,2016,-0.6,10,40
W2898734514,2018,-0.96,1,49
W2804660315,2018,-0.8,5,45
W2765574772,2017,1.0,39,0
W2898951026,2018,0.16279069767441862,25,18
W2555308822,2016,-0.05263157894736842,18,20
W2955270045,2019,-0.36363636363636365,14,30
W2616956063,2017,-0.45454545454545453,3,8
W2946715523,2018,1.0,7,0
W2973871154,2019,-0.7142857142857143,1,6
W2556642474,2016,-0.6666666666666666,1,5
W2589745922,2017,1.0,2,0
W2202571160,2015,-0.6,1,4
W4289108643,2018,1.0,1,0
W4288104284,2019,1.0,1,0
W2969684095,2019,-0.45454545454545453,9,24
W4255867337,2017,-0.8461538461538461,1,12
W2041235686,2014,-0.8333333333333334,1,11
W2537830260,2016,,0,0
W2344916214,2016,0.2,3,2
W2906394493,2018,0.2,6,4
W2889956396,2018,-1.0,0,5
W2107500604,2014,-0.48,13,37
W2937576333,2019,0.06666666666666667,8,7
W2156723666,2014,-0.08,23,27
W2135937266,2014,-0.8,5,45
W2741220297,2017,0.12,28,22
W148802711,2013,-0.42857142857142855,2,5
W2115130131,2014,-0.76,6,44
W2112331665,2013,-1.0,0,8
W2111134789,2014,-0.7142857142857143,1,6
W4245349988,2015,,0,0
W2106072155,2014,-0.32,17,33
W1158844662,2012,-0.6,1,4
W2611765824,2017,1.0,1,0
W2008512073,2012,-0.08,23,27
W2287454111,2014,-0.3333333333333333,2,4
W2243423430,2015,-0.4666666666666667,12,33
W2339718530,2011,1.0,5,0
W2260238747,2012,0.07692307692307693,7,6
W2056659466,2014,-0.08108108108108109,17,20
W2255316234,2012,-1.0,0,4
W2095839586,2014,-0.44,14,36
W2513201734,2016,-0.44,14,36
W2085050347,2014,-0.84,4,46
W1963976346,2013,-0.68,8,42
W2548846043,2016,-0.68,8,42
W2967204716,2019,-0.813953488372093,4,39
W2888471092,2018,-0.9,2,38
W2896963929,2018,-0.5714285714285714,9,33
W2954118115,2019,-0.7073170731707317,6,35
W2463123136,2016,-0.5294117647058824,4,13
W2362126069,2016,-0.875,2,30
W2955839057,2019,-0.7222222222222222,5,31
W2945432765,2019,-0.6153846153846154,5,21
W2106072518,2014,-0.7,3,17
W2740664094,2017,-0.2727272727272727,8,14
W2888390988,2018,-1.0,0,19
W2003057159,2015,0.09090909090909091,12,10
W1983963690,2012,-0.9,1,19
W2079512073,2014,-0.8181818181818182,2,20
W2922039621,2019,-0.6842105263157895,3,16
W2144493580,2013,-0.2727272727272727,4,7
W2532927773,2016,-0.8,1,9
W263975643,2015,-0.6,2,8
W2998795119,2019,0.5555555555555556,7,2
W2551894272,2016,-1.0,0,9
W2136936025,2013,0.0,4,4
W2331003787,2015,1.0,5,0
W2187286436,2014,-1.0,0,3
W1973494035,2014,-0.5,1,3
W2913500083,2016,1.0,2,0
W2971971587,2019,-1.0,0,4
W2557674136,2016,-1.0,0,3
W2587566170,2015,1.0,3,0
W2113864883,2012,-0.72,7,43
W17195072,2011,-0.2,20,30
W2051990174,2014,-0.32,17,33
W1496222301,2018,-0.68,8,42
W1970005004,2014,-0.88,3,47
W2138788987,2010,-0.8,5,45
W2123436168,2018,-0.88,3,47
W191489030,2018,-0.4,15,35
W614438062,2018,-0.52,12,38
W2795212651,2018,0.68,21,4
W2401312886,2016,-0.6666666666666666,2,10
W2153339030,2009,-1.0,0,6
W2049801349,2009,-0.8333333333333334,1,11
W2113610359,2014,-0.68,8,42
W2619636279,2017,-0.14285714285714285,21,28
W1989184611,2015,-0.3793103448275862,9,20
W2901561332,2018,-0.8823529411764706,1,16
W2953554506,2019,-0.2631578947368421,7,12
W1901145490,2015,-0.75,2,14
W2738662416,2017,-0.2857142857142857,5,9
W2971492802,2019,1.0,3,0
W2808065897,2018,0.0,2,2
W2407912084,2016,0.0,2,2
W2366880720,2016,-0.3333333333333333,2,4
W2807833207,2018,0.0,2,2
W4252487974,2017,0.6,4,1
W2726353680,2017,0.5,3,1
W2767775279,2017,-1.0,0,1
W2086186328,2014,-0.8787878787878788,2,31
W1965716942,2014,-0.8095238095238095,2,19
W2090907135,2014,-0.4,15,35
W2373401668,2016,-0.25,12,20
W2277373197,2015,-0.7272727272727273,3,19
W2795181345,2018,-0.4,6,14
W2395760792,2016,-0.2,2,3
W1979442950,2010,-0.3333333333333333,1,2
W2899410695,2018,-0.38461538461538464,4,9
W2005424318,2010,-1.0,0,2
W2548758358,2016,-1.0,0,2
W2295255214,2014,1.0,1,0
W2018377390,2014,-0.32,17,33
W2069247425,2014,-0.17647058823529413,7,10
W2063430510,2012,-1.0,0,6
W2074615973,2011,-1.0,0,6
W2576893233,2017,0.391304347826087,16,7
W2421692426,2015,-0.6666666666666666,1,5
W2516842754,2016,0.6666666666666666,5,1
W1528042060,2015,1.0,3,0
W2136985426,2014,-1.0,0,3
W3009313088,2014,-1.0,0,1
W1718402036,2014,-1.0,0,1
W1806724680,2015,0.0,1,1
W2052261215,2014,-0.32,17,33
W2802380446,2018,-0.52,12,38
W2790416282,2018,-0.76,6,44
W2980452814,2019,-0.6363636363636364,6,27
W1950884754,2015,-0.4782608695652174,6,17
W2810021131,2018,-0.5428571428571428,8,27
W2069973845,2014,-0.44,14,36
W2793451807,2018,0.0,15,15
W2898024006,2018,-0.9230769230769231,1,25
W2030804882,2010,1.0,1,0
W2897069984,2018,0.6,4,1
W2026009729,2012,-0.3333333333333333,1,2
W2974489114,2019,0.0,1,1
W2902519338,2018,0.4,14,6
W2949792749,2019,0.5,3,1
W2315549015,2016,,0,0
W2936520540,2019,1.0,2,0
W2952140843,2014,,0,0
W3003857712,2019,1.0,1,0
W2170892587,2014,0.52,38,12
W2293825325,2014,-0.72,7,43
W183305829,2012,-0.52,12,38
W2917975220,2019,1.0,50,0
W2136545991,2010,-0.36,16,34
W1963703110,2015,-0.627906976744186,8,35
W2560047851,2016,-0.5862068965517241,6,23
W2169414316,2014,-0.84,4,46
W2916341975,2019,-0.8333333333333334,3,33
W2168024542,2009,-0.14285714285714285,9,12
W2948685985,2019,1.0,9,0
W2149480335,2011,-1.0,0,5
W1509024931,2011,-1.0,0,1
W2778763463,2017,1.0,4,0
W1525508801,2011,-1.0,0,2
W2335806889,2016,-0.68,8,42
W2899160556,2018,-0.2,20,30
W2604759068,2017,-0.52,12,38
W2887761271,2018,-0.56,11,39
W2885143938,2018,-0.2,20,30
W4252917185,2017,0.2,3,2
W2613684425,2017,-1.0,0,14
W2955630786,2019,-0.2727272727272727,4,7
W4229957475,2017,1.0,1,0
W1994287190,2013,-0.5,1,3
W4235637750,2017,-0.3333333333333333,1,2
W2170737051,2014,-0.28,18,32
W2145303987,2012,-0.1111111111111111,4,5
W2997653900,2014,-0.32,17,33
W2050788553,2015,-1.0,0,3
W2625555681,2017,-1.0,0,50
W4238933398,2017,-1.0,0,2
W2057510141,2014,-0.6842105263157895,6,32
W2954830752,2019,-0.8461538461538461,3,36
W3015760907,2014,-0.6,2,8
W2889233234,2018,-0.6,2,8
W2953561315,2019,-0.7142857142857143,1,6
W2625141094,2017,-0.75,1,7
W2931303156,2019,-1.0,0,8
W2896242475,2018,-1.0,0,4
W2306797834,2016,-1.0,0,1
W2928396798,2019,1.0,1,0
W2143783692,2014,-0.68,8,42
W2766614170,2018,-0.84,4,46
W2031015560,2014,-0.72,7,43
W2963024489,2018,1.0,50,0
W2963094133,2017,1.0,50,0
W2302922559,2016,-0.6,10,40
W2261914718,2015,-0.20833333333333334,19,29
W1169198579,2015,-0.875,2,30
W2756826236,2018,-0.72,7,43
W4993390,2014,0.0,9,9
W2766108544,2018,-0.9090909090909091,1,21
W2496749353,2016,-1.0,0,14
W316831625,2015,-1.0,0,3
W2396295274,2015,0.0,1,1
W2427497464,2016,-0.28,18,32
W2623491082,2017,-0.56,11,39
W2601322194,2017,-0.72,7,43
W2789008106,2018,-0.84,4,46
W2733961795,2017,-0.68,8,42
W2264259902,2016,-0.8518518518518519,2,25
W4293872189,2018,1.0,50,0
W1599549092,2013,0.2222222222222222,11,7
W2949204748,2013,-1.0,0,20
W2981030070,2019,-0.56,11,39
W2182442992,2014,-0.09090909090909091,5,6
W2172700936,2015,-0.09090909090909091,5,6
W2949892286,2014,0.3333333333333333,2,1
W2950380124,2013,-0.5,1,3
W1779071807,2012,-1.0,0,1
W2243506102,2015,1.0,2,0
W2769295117,2017,1.0,1,0
W2519202739,2016,-1.0,0,50
W2896372906,2019,-0.68,8,42
W2739579064,2017,1.0,32,0
W3203407046,2017,1.0,5,0
W2530249205,2015,-0.8,5,45
W2170565853,2010,0.48,37,13
W2038684271,2015,-0.28,18,32
W2980438643,2019,-0.76,6,44
W2013243305,2014,-0.5,9,27
W2988102136,2019,-0.5555555555555556,8,28
W4243729216,2015,-0.034482758620689655,14,15
W2099619158,2014,-0.44,7,18
W2768491979,2017,-0.6842105263157895,3,16
W2548721987,2016,-0.5789473684210527,4,15
W2066617583,2013,0.0,6,6
W2132960587,2014,-0.5,1,3
W4240983449,2014,-0.3333333333333333,3,6
W2619707440,2017,-0.42857142857142855,2,5
W2973385685,2019,1.0,6,0
W2017110782,2012,0.5,3,1
W4242654470,2014,0.0,1,1
W1517968759,2015,0.0,1,1
W4244719416,2012,1.0,1,0
W2605280586,2017,1.0,50,0
W4254522945,2014,-0.8,5,45
W2034673442,2013,-0.35294117647058826,11,23
W1995058299,2014,1.0,2,0
W2157990152,2014,-0.76,6,44
W14875769,2012,-0.76,6,44
W2084990336,2014,-0.44,14,36
W2278710066,2013,-1.0,0,50
W2962921664,2019,-0.16,21,29
W2410099853,2016,0.16,29,21
W1766210857,2015,-0.4,15,35
W2295766446,2016,-1.0,0,50
W2009281933,2013,-0.9285714285714286,1,27
W2594480752,2017,-0.96,1,49
W2562438252,2017,-0.92,2,48
W2004879152,2013,-0.7777777777777778,4,32
W2058851495,2014,-1.0,0,37
W1839162718,2015,-0.6,7,28
W2265968420,2015,-0.6666666666666666,2,10
W2208409594,2014,-0.36363636363636365,7,15
W2963388608,2018,-0.4838709677419355,8,23
W1800323139,2015,-0.9259259259259259,1,26
W2964057371,2019,-1.0,0,25
W2547846601,2017,-0.9,1,19
W2966524351,2019,1.0,27,0
W2965963244,2019,1.0,25,0
W2964137844,2017,-0.8888888888888888,1,17
W2998060555,2019,1.0,16,0
W2964511245,2019,1.0,19,0
W3003875186,2019,1.0,1,0
W2904221310,2018,-0.8823529411764706,1,16
W2473549844,2017,-1.0,0,18
W796181159,2015,-0.5555555555555556,2,7
W2061228897,2013,-0.7777777777777778,1,8
W2797316125,2018,-0.8823529411764706,1,16
W2151748243,2015,-0.5555555555555556,2,7
W2949558446,2019,1.0,10,0
W2972052550,2019,-0.3333333333333333,4,8
W2850540918,2019,-0.7777777777777778,1,8
W2970072581,2019,1.0,10,0
W2825825416,2017,-0.7142857142857143,1,6
W2963087179,2017,1.0,8,0
W2613249685,2017,-1.0,0,4
W2898721932,2019,-0.2,2,3
W2766700121,2018,-1.0,0,1
W2763062829,2018,-1.0,0,3
W2403254326,2013,1.0,2,0
W3005196415,2019,0.0,1,1
W2773726230,2018,1.0,1,0
W2591577911,2017,-0.72,7,43
W2153749284,2015,-0.08,23,27
W2980475696,2019,-0.7037037037037037,4,23
W2970531258,2019,1.0,24,0
W808988294,2015,-0.42857142857142855,4,10
W2944079414,2019,-0.7,3,17
W2712473397,2017,0.6,16,4
W2896658168,2018,-0.1,9,11
W2903736774,2018,-0.8888888888888888,1,17
W2900946294,2018,-0.6666666666666666,3,15
W2950405280,2013,0.0,5,5
W2904213021,2018,-1.0,0,13
W1940743563,2013,1.0,4,0
W2954258052,2019,-1.0,0,12
W2950630347,2016,1.0,10,0
W2949795768,2015,0.2,3,2
W2768974525,2017,-0.7142857142857143,1,6
W2556595593,2016,1.0,6,0
W1557485143,2013,1.0,7,0
W2950353719,2013,-0.5,1,3
W2891971595,2018,-0.2,2,3
W2950803227,2014,-1.0,0,4
W2912153643,2016,-1.0,0,2
W2953034602,2017,0.3333333333333333,2,1
W2947013276,2019,-1.0,0,3
W236890628,2014,0.0,1,1
W2949386859,2015,-1.0,0,2
W4297812647,2018,1.0,3,0
W4288420042,2019,1.0,2,0
W2920559657,2019,-1.0,0,1
W2950512243,2015,1.0,1,0
W4296289881,2017,,0,0
W4301426194,2015,,0,0
W2950980640,2016,1.0,1,0
W2952508447,2017,1.0,1,0
W2989841603,2019,-1.0,0,1
W4297348251,2018,1.0,1,0
W2762780876,2016,1.0,13,0
W2062912734,2015,0.2,3,2
W2599017171,2017,-0.14285714285714285,3,4
W2083588107,2012,,0,0
W3004537159,2015,0.6,8,2
W2535425534,2016,-0.68,8,42
W2980627842,2019,-0.3157894736842105,13,25
W2892217749,2018,-0.6666666666666666,3,15
W2896609407,2018,-1.0,0,3
W2803621194,2018,0.3333333333333333,2,1
W2734409130,2017,-0.45454545454545453,3,8
W2948269220,2019,0.28,32,18
W2243512312,2013,-0.8125,3,29
W2479391614,2016,-0.4666666666666667,4,11
W2031551931,2014,-1.0,0,27
W2754332001,2018,-0.6666666666666666,3,15
W1432073258,2015,-0.375,5,11
W2294108820,2015,-0.8666666666666667,1,14
W2795350225,2018,-0.3333333333333333,4,8
W2889250693,2018,0.6,4,1
W2990900974,2019,1.0,6,0
W2296315927,2013,-1.0,0,5
W2592650832,2017,1.0,1,0
W2888338553,2018,-0.3333333333333333,1,2
W2805289161,2018,-1.0,0,3
W2888731917,2018,1.0,1,0
W4255059526,2019,1.0,1,0
W2949975857,2014,-0.23076923076923078,5,8
W2898826023,2018,0.5555555555555556,7,2
W2783484890,2018,-0.05263157894736842,18,20
W2995180690,2019,0.2,3,2
W2164651350,2012,0.3333333333333333,20,10
W2294510862,2014,0.48,37,13
W1561089498,2010,0.5555555555555556,14,4
W1182426426,2015,-0.6521739130434783,4,19
W4251149747,2011,,0,0
W2165438843,2014,-0.5,2,6
W2008456097,2009,0.29411764705882354,11,6
W1525131985,2009,-0.25,3,5
W1482385915,2010,0.3333333333333333,2,1
W1578651036,2010,-0.5,1,3
W2182246517,2012,0.0,1,1
W2952451116,2014,-0.38461538461538464,8,18
W2340838390,2016,-0.96,1,49
W2797202077,2018,-0.8181818181818182,3,30
W2119871735,2014,-1.0,0,30
W2769962266,2017,-0.8823529411764706,1,16
W2962773216,2018,-0.84,2,23
W2612369081,2017,-0.7777777777777778,2,16
W2751836142,2017,-1.0,0,10
W2764337128,2017,-0.75,1,7
W4233720472,2017,-1.0,0,10
W2754883653,2017,-1.0,0,7
W2971477052,2019,1.0,3,0
W2806441765,2019,-1.0,0,3
W3212191489,2014,-1.0,0,2
W2169032781,2013,,0,0
W2965969309,2019,1.0,2,0
W2980214502,2019,-1.0,0,2
W2979589157,2019,-1.0,0,1
W2540970000,2016,1.0,1,0
W2290562659,2016,-1.0,0,3
W2883081781,2018,-1.0,0,1
W2156000708,2014,-0.56,11,39
W2113319082,2010,-0.5882352941176471,7,27
W2081192312,2013,0.42857142857142855,10,4
W2395168213,2014,1.0,9,0
W2285827435,2015,1.0,22,0
W2159233742,2011,-0.7142857142857143,1,6
W2123021129,2010,-0.6,1,4
W2062730552,2012,-0.5,1,3
W2294274069,2016,-0.5,2,6
W2229053133,2014,-0.45454545454545453,9,24
W2248285432,2015,-1.0,0,19
W84518029,2014,-0.8571428571428571,1,13
W2578403560,2016,-0.6,1,4
W2988806372,2019,-0.6842105263157895,3,16
W3009330983,2015,-1.0,0,4
W2907168943,2019,1.0,17,0
W2949439292,2019,-1.0,0,6
W2798144559,2018,-1.0,0,3
W2968360547,2019,-1.0,0,6
W2604842494,2017,-0.3333333333333333,1,2
W2571381460,2017,1.0,3,0
W90342575,2011,-0.32,17,33
W2038692104,2012,-0.23076923076923078,15,24
W2404199818,2012,-0.5,4,12
W2290289666,2015,0.21739130434782608,14,9
W2262197264,2013,-0.8333333333333334,2,22
W2295096861,2011,-0.23809523809523808,8,13
W2106738457,2014,0.4666666666666667,11,4
W2181447759,2013,-0.058823529411764705,8,9
W2165909247,2013,-1.0,0,16
W2996279500,2019,0.6666666666666666,5,1
W1985418124,2014,-0.6470588235294118,3,14
W1037713679,2013,-0.7777777777777778,1,8
W2114678449,2013,-1.0,0,10
W2598477690,2017,0.2,3,2
W2293861670,2015,-0.8333333333333334,1,11
W2398885825,2015,-0.42857142857142855,2,5
W2563269705,2016,-1.0,0,9
W2904727985,2019,-1.0,0,12
W2404554259,2015,-1.0,0,5
W2788990673,2018,-0.25,3,5
W348375795,2015,0.6,4,1
W1780575089,2012,-1.0,0,6
W2293276898,2013,-0.7777777777777778,1,8
W2603995049,2017,0.2,3,2
W2752656571,2017,1.0,8,0
W2294927176,2015,0.3333333333333333,4,2
W2012192767,2011,-0.2,2,3
W2530278705,2016,0.6,4,1
W2906899199,2019,-1.0,0,5
W2188422592,2013,-1.0,0,2
W2901075438,2018,-1.0,0,2
W2571463659,2017,-0.3333333333333333,1,2
W2776376439,2017,0.5,3,1
W1978636942,2014,1.0,4,0
W2809787250,2018,0.0,2,2
W2801910255,2018,0.0,1,1
W2811506746,2018,-1.0,0,2
W2907129567,2019,-1.0,0,3
W1989005470,2013,0.0,1,1
W2761005373,2018,-1.0,0,1
W2788882844,2015,1.0,1,0
W99870709,2014,-1.0,0,2
W2901852504,2018,,0,0
W2292991298,2015,-1.0,0,1
W2373399959,2013,-1.0,0,1
W2776019588,2017,-1.0,0,1
W2904055118,2018,1.0,1,0
W2946486106,2019,1.0,1,0
W2958210729,2019,1.0,1,0
W2981899518,2019,1.0,1,0
W1562192966,2012,1.0,7,0
W2146897752,2013,-0.36,16,34
W1978843608,2010,-0.8,1,9
W2060170830,2014,-0.5483870967741935,7,24
W1578920089,2011,-0.5789473684210527,4,15
W2041559880,2012,-0.6818181818181818,7,37
W2760082173,2017,0.5294117647058824,13,4
W1554996779,2010,-0.2,2,3
W2604829000,2015,-1.0,0,11
W2910185946,2019,-0.6666666666666666,1,5
W1901393228,2017,-0.6,1,4
W2809336144,2017,1.0,2,0
W2272255885,2016,-1.0,0,5
W4412254836,2017,1.0,1,0
W2481597842,2016,-1.0,0,2
W2963671040,2017,1.0,2,0
W2951947916,2015,-1.0,0,1
W2705677880,2017,-0.12,22,28
W2896012203,2018,-0.96,1,49
W2529373853,2017,-0.6,10,40
W2523742139,2017,-0.8,5,45
W2501418591,2016,-0.88,3,47
W609741286,2014,-0.875,2,30
W2581406803,2017,-0.9545454545454546,1,43
W4241524007,2016,1.0,18,0
W2624957476,2017,-1.0,0,50
W2487264755,2017,-0.68,8,42
W2050243593,2013,-0.3939393939393939,10,23
W2972264811,2016,0.875,15,1
W2902489976,2018,-0.8888888888888888,1,17
W2318981786,2015,0.6666666666666666,5,1
W3125968027,2017,-0.9523809523809523,1,41
W2162407112,2013,-0.42857142857142855,2,5
W4233605013,2016,1.0,13,0
W2345576569,2016,-1.0,0,13
W2520758021,2016,-0.6666666666666666,2,10
W2155392939,2014,-1.0,0,5
W2804264706,2018,0.2,3,2
W2576575121,2016,-0.2,2,3
W4248349655,2016,1.0,4,0
W2575857387,2016,1.0,3,0
W3042756009,2016,1.0,3,0
W2189483767,2013,-1.0,0,1
W2186424956,2013,-1.0,0,3
W2622863990,2016,1.0,2,0
W3044055614,2017,1.0,2,0
W2900538744,2018,1.0,1,0
W3025735632,2017,1.0,1,0
W3086000683,2015,1.0,1,0
W2755946900,2017,0.16279069767441862,25,18
W2897519942,2018,-0.4,15,35
W2619632555,2017,-0.5348837209302325,10,33
W2104805229,2014,-0.9473684210526315,1,37
W2074995863,2015,-0.12195121951219512,18,23
W2900387938,2018,0.030303030303030304,17,16
W2531751603,2016,-0.3333333333333333,10,20
W2888269620,2018,-0.2903225806451613,11,20
W4244675783,2015,0.09090909090909091,12,10
W2084493610,2015,0.037037037037037035,14,13
W2895298874,2018,-0.3548387096774194,10,21
W2768609274,2017,-0.52,6,19
W2115663220,2014,-1.0,0,21
W2186953502,2014,-1.0,0,16
W2096006868,2014,-0.8,3,27
W1876253797,2010,-0.6,2,8
W2189384308,2014,-1.0,0,17
W2513524819,2016,-0.3333333333333333,4,8
W1919288401,2015,-0.7333333333333333,2,13
W2393210423,2016,0.3333333333333333,6,3
W2215753997,2013,-0.6363636363636364,2,9
W2112096827,2013,-0.25,3,5
W2790704572,2017,1.0,6,0
W2806438289,2018,0.5,3,1
W2901290674,2018,-0.5,1,3
W2756437767,2017,-0.7142857142857143,2,12
W2107372159,2011,-0.5,3,9
W2539143739,2016,0.5,6,2
W2165730036,2012,0.1111111111111111,5,4
W2766248341,2017,,0,0
W2739635896,2017,0.42857142857142855,5,2
W4238294798,2018,-0.14285714285714285,3,4
W2613841645,2017,-0.6666666666666666,1,5
W2899764733,2018,-0.6,2,8
W2759766439,2017,-0.7777777777777778,1,8
W132721450,2009,-1.0,0,5
W2809464985,2018,0.0,3,3
W150227128,2015,-1.0,0,6
W2134713446,2011,-0.3333333333333333,1,2
W2166002282,2010,-0.6,1,4
W2755041438,2017,1.0,5,0
W2750802292,2017,-0.3333333333333333,1,2
W2792325348,2017,1.0,2,0
W2807697884,2017,1.0,4,0
W2898556717,2018,-0.3333333333333333,1,2
W2773804515,2018,1.0,2,0
W2769772503,2017,1.0,1,0
W2902393163,2017,-1.0,0,1
W2891380070,2018,-1.0,0,10
W2117224769,2012,-0.6,2,8
W2894846849,2018,-1.0,0,1
W3042255502,2018,-1.0,0,1
W2964148805,2018,1.0,4,0
W2118527252,2013,-0.92,2,48
W2136985729,2013,-0.2,20,30
W2074351619,2011,0.3333333333333333,8,4
W411141150,2015,-0.6428571428571429,5,23
W2622044949,2017,-0.38461538461538464,4,9
W2213342961,2015,-1.0,0,4
W2622246302,2017,-0.42857142857142855,2,5
W2114727884,2010,-0.8095238095238095,2,19
W2963576560,2016,-0.8,5,45
W2963427693,2018,1.0,5,0
W2964267256,2018,-1.0,0,3
W2178348998,2016,1.0,2,0
W2962891854,2018,1.0,38,0
W2785955089,2018,-0.4,9,21
W4301260059,2018,1.0,24,0
W4294334963,2017,1.0,5,0
W4394658199,2017,1.0,6,0
W2803325309,2018,-0.8823529411764706,1,16
W1957740064,2015,-0.92,2,48
W2249213204,2013,,0,0
W2210986138,2015,1.0,2,0
W2222764656,2015,-1.0,0,3
W2950678082,2015,-1.0,0,1
W2799176896,2018,-0.3333333333333333,1,2
W1980209219,2013,-0.84,4,46
W1633631835,2015,-0.8,5,45
W2412593044,2016,-0.36,16,34
W2037205988,2012,-0.56,11,39
W2143677795,2011,0.0,25,25
W2529597677,2016,-0.48,13,37
W2610904967,2017,-0.72,7,43
W4248146732,2018,1.0,50,0
W2052209137,2013,-0.4,15,35
W2117616434,2012,-0.32,17,33
W2130247386,2010,-0.64,9,41
W2579759411,2018,1.0,50,0
W2610687266,2017,-0.48,13,37
W2117006370,2010,-1.0,0,50
W2143880496,2015,-0.76,6,44
W2085995966,2013,-0.88,3,47
W2789066399,2018,-0.68,8,42
W2518599754,2016,-1.0,0,50
W2607828140,2017,-0.04,24,26
W2112363800,2012,-0.6,10,40
W2897276711,2018,-0.16,21,29
W2888433281,2018,-0.64,9,41
W2728218263,2017,-0.64,9,41
W2236479588,2016,-0.72,7,43
W2408736664,2016,-0.6888888888888889,7,38
W4236803254,2018,-0.7959183673469388,5,44
W2145578330,2011,-0.4444444444444444,5,13
W2806823510,2018,-0.6666666666666666,7,35
W2135482287,2011,-0.5555555555555556,8,28
W2145817751,2012,-0.6744186046511628,7,36
W2804687444,2018,-0.6666666666666666,7,35
W2507878054,2016,-0.72,7,43
W2138222606,2011,0.18518518518518517,16,11
W1966218348,2013,-0.5625,7,25
W2462731173,2016,1.0,27,0
W1709805170,2015,-0.7857142857142857,3,25
W2914985787,2018,-0.6521739130434783,4,19
W2166753226,2011,-0.875,1,15
W2130393742,2015,-0.7142857142857143,3,18
W2796162634,2018,-0.8787878787878788,2,31
W2610878237,2017,-0.7142857142857143,3,18
W2109137639,2010,0.25,10,6
W2100768746,2010,-0.6666666666666666,3,15
W757369056,2015,-1.0,0,21
W2795821046,2018,0.13043478260869565,13,10
W2147699512,2012,-0.09090909090909091,5,6
W2123189599,2011,-0.5555555555555556,2,7
W2904975207,2018,1.0,11,0
W2014598316,2012,-0.42857142857142855,6,15
W2050753795,2014,-0.5238095238095238,5,16
W2546112086,2017,0.14285714285714285,4,3
W2344886369,2015,-0.2,2,3
W1715589462,2012,-0.5,1,3
W2121192277,2014,-0.6,1,4
W2750871462,2017,-0.42857142857142855,2,5
W2109078378,2010,0.2,3,2
W2892213818,2018,1.0,6,0
W2181953109,2009,-0.7142857142857143,1,6
W2034001296,2010,-0.7142857142857143,1,6
W2079562632,2014,-1.0,0,3
W1552587079,2010,-1.0,0,2
W2149708121,2015,0.0,1,1
W2149730070,2012,1.0,1,0
W2581752225,2010,1.0,4,0
W2562435355,2016,1.0,11,0
W2577091203,2015,0.3333333333333333,2,1
W2999006474,2016,1.0,8,0
W2578528094,2009,-1.0,0,1
W2797264577,2018,1.0,1,0
W2080160723,2012,-0.14285714285714285,9,12
W2160361089,2012,-0.30434782608695654,8,15
W2129896776,2009,-0.40540540540540543,11,26
W2128640376,2013,-0.6190476190476191,4,17
W2057987241,2009,-0.25,3,5
W2087479732,2014,-0.7777777777777778,1,8
W2133051341,2012,-0.8333333333333334,1,11
W4206088479,2012,-1.0,0,3
W2015117092,2014,-1.0,0,9
W30362721,2010,1.0,2,0
W2274571395,2013,-1.0,0,1
W2166261011,2013,-0.56,11,39
W1877168120,2008,-0.6842105263157895,3,16
W1972703107,2014,-0.12,22,28
W2168214746,2013,-0.5789473684210527,4,15
W2009603815,2013,0.04,26,24
W2012483939,2011,1.0,1,0
W4241693488,2013,-0.42857142857142855,4,10
W3126705619,2017,1.0,2,0
W2125689850,2011,0.0,1,1
W1986345088,2013,-0.28,18,32
W2149709850,2010,-0.16,21,29
W2137759360,2012,-0.52,12,38
W2251171258,2014,-0.9047619047619048,2,40
W2143221616,2014,-0.7857142857142857,3,25
W2163238067,2012,-0.7619047619047619,5,37
W2250659129,2014,-0.16,21,29
W2153147280,2012,-0.8461538461538461,3,36
W2511277317,2016,-0.7073170731707317,6,35
W2112544287,2014,-0.6551724137931034,5,24
W2125595887,2013,-0.8620689655172413,2,27
W2131367528,2010,-0.92,1,24
W2042296808,2015,0.2,6,4
W2167146316,2012,-0.8333333333333334,1,11
W2251798853,2015,-0.8181818181818182,1,10
W2250612599,2014,-1.0,0,16
W2135573497,2013,-0.42857142857142855,2,5
W3212558929,2009,-1.0,0,12
W3214577779,2016,,0,0
W2178456880,2014,-0.2,2,3
W2591728348,2009,-1.0,0,6
W3137086296,2015,1.0,2,0
W2095709171,2011,-0.16,21,29
W2399394062,2016,-0.8,5,45
W2004984028,2014,0.0,25,25
W2147603330,2013,0.04,26,24
W2042882066,2010,-0.16666666666666666,20,28
W2788969155,2018,0.48,37,13
W2114269021,2010,0.12,28,22
W2031430683,2013,-0.4090909090909091,13,31
W2102085246,2012,-0.08,23,27
W2894726823,2018,1.0,50,0
W2890290876,2018,1.0,50,0
W2804811628,2018,-0.48,13,37
W1974760327,2014,0.28,16,9
W2012964103,2010,-0.5609756097560976,9,32
W2262691836,2016,1.0,30,0
W1971100160,2010,-0.25,6,10
W2013697665,2011,1.0,18,0
W2117985423,2015,-0.375,5,11
W2036609624,2014,-0.058823529411764705,8,9
W2051371472,2014,-0.5,4,12
W3122291294,2012,,0,0
W4242007229,2013,1.0,5,0
W2335848443,2015,-1.0,0,9
W2546652020,2016,-0.1111111111111111,4,5
W2056159922,2012,1.0,7,0
W2776987885,2017,-0.2,2,3
W2163624942,2015,1.0,8,0
W2154583606,2010,-0.64,9,41
W2795117763,2018,-0.84,4,46
W2765874585,2017,-0.28,18,32
W2075779758,2011,-0.32,17,33
W2897966957,2018,-0.64,9,41
W2533771361,2016,0.28,32,18
W2040939335,2012,-0.5833333333333334,10,38
W2007644286,2013,-0.32,17,33
W2767109660,2017,-0.30434782608695654,8,15
W2537896390,2016,-0.3333333333333333,14,28
W2796202193,2018,0.2727272727272727,14,8
W2087607164,2015,0.0,2,2
W2092872721,2009,-0.2,2,3
W2771976012,2017,0.25,5,3
W2185706522,2012,-0.2,2,3
W2345537453,2016,-1.0,0,1
W2074266667,2012,-1.0,0,2
W1974476996,2015,0.0,1,1
W2403622147,2016,0.0,1,1
W3002707732,2018,1.0,1,0
W2434331562,2016,-1.0,0,1
W2951555918,2018,-0.84,2,23
W1896226795,2015,-0.68,8,42
W2903675476,2018,0.12,28,22
W1591017069,2014,-0.88,3,47
W1530372876,2014,-0.88,3,47
W2068779004,2014,-0.7083333333333334,7,41
W4244888246,2018,-0.16,21,29
W2516678343,2016,-0.4,15,35
W2796075754,2018,-0.44,14,36
W2469097875,2016,-0.625,3,13
W2296214561,2015,,0,0
W2792641098,2018,-0.68,8,42
W2156660327,2012,-0.6,1,4
W2095371587,2012,-1.0,0,1
W2026302949,2013,1.0,5,0
W4243991703,2013,-0.14285714285714285,18,24
W2057073649,2013,-1.0,0,50
W1967725643,2013,-1.0,0,1
W2914994301,2016,-0.5714285714285714,3,11
W2122323509,2014,0.3333333333333333,4,2
W2308961128,2016,1.0,3,0
W2617889889,2017,1.0,2,0
W2059482709,2013,1.0,1,0
W2056225838,2013,0.68,42,8
W2132262263,2011,-0.02564102564102564,19,20
W2046682591,2014,-0.5294117647058824,4,13
W2790507544,2012,1.0,3,0
W1997652918,2013,1.0,2,0
W2886172792,2018,-1.0,0,1
W167809298,2011,-0.48,13,37
W1971105953,2012,-0.76,6,44
W2101911890,2010,-0.6470588235294118,6,28
W2117848926,2008,-0.5,6,18
W11298561,2011,-0.64,9,41
W2003513631,2013,-0.41935483870967744,9,22
W1982048483,2013,-0.4074074074074074,8,19
W3098656161,2018,-1.0,0,4
W2185153609,2016,-0.3076923076923077,9,17
W2118577797,2008,-0.8571428571428571,1,13
W4299547197,2011,1.0,16,0
W2576150573,2016,-0.2727272727272727,4,7
W2013446357,2014,-0.25,3,5
W2002176416,2014,0.0,2,2
W2062296170,2015,0.2,6,4
W2062864295,2012,1.0,1,0
W2584045664,2016,-0.5,1,3
W2462349980,2016,-0.3333333333333333,1,2
W2739413978,2017,-0.3333333333333333,1,2
W2158661894,2010,0.0,1,1
W101653124,2015,,0,0
W2562186272,2016,,0,0
W165592279,2013,1.0,3,0
W2042108429,2014,-1.0,0,2
W2158329741,2014,-1.0,0,2
W2075117627,2010,1.0,1,0
W2951330291,2015,-1.0,0,1
W2964263306,2018,0.04,26,24
W2001488574,2015,-0.24,19,31
W1974289028,2015,-0.16,21,29
W2545564314,2017,-0.2,20,30
W2069494837,2013,-0.48936170212765956,12,35
W2613004929,2017,0.23404255319148937,29,18
W2147934231,2014,-0.22580645161290322,12,19
W2736566371,2017,-0.25,12,20
W2347120956,2016,-0.45454545454545453,6,16
W2607129303,2017,0.16666666666666666,14,10
W2611831414,2017,-0.7037037037037037,4,23
W2794520057,2018,0.1875,19,13
W2219146029,2015,-0.3333333333333333,5,10
W2765112180,2017,0.8181818181818182,10,1
W2809656830,2018,0.0,8,8
W2122018990,2012,0.2,3,2
W2733139979,2017,-0.3333333333333333,6,12
W2276595025,2016,-0.2222222222222222,7,11
W2621329742,2017,0.0,4,4
W2096488498,2011,-0.2727272727272727,4,7
W2735719157,2017,0.2222222222222222,11,7
W2029253040,2014,0.09090909090909091,6,5
W327003818,2009,0.6363636363636364,9,2
W2159763863,2009,-1.0,0,5
W1766132867,2015,0.3333333333333333,4,2
W2295060662,2015,-0.5,1,3
W2001783330,2010,-1.0,0,1
W1585359511,2009,-0.5,1,3
W2898926658,2018,1.0,5,0
W2399618403,2011,1.0,3,0
W4249540716,2017,0.3333333333333333,2,1
W2107161282,2010,-1.0,0,1
W2463336104,2016,1.0,3,0
W2137994873,2008,0.0,1,1
W2548830164,2016,,0,0
W2335708152,2013,1.0,2,0
W2182093908,2013,-1.0,0,1
W2735413662,2017,1.0,1,0
W2795639212,2018,-1.0,0,1
W4230374703,2016,1.0,1,0
W1410854835,2014,-0.06976744186046512,20,23
W2950288447,2017,-0.05263157894736842,9,10
W2952898061,2014,-0.04,12,13
W2889749814,2018,-0.1,9,11
W4300819263,2018,1.0,17,0
W2953193088,2015,-0.1111111111111111,4,5
W2949651313,2016,-0.25,3,5
W1580565288,2013,-1.0,0,9
W2953329276,2016,-0.25,3,5
W2962690543,2016,1.0,7,0
W4302937696,2017,1.0,4,0
W2950876578,2016,-1.0,0,4
W2337673916,2013,-1.0,0,1
W2122146326,2013,-0.44,14,36
W2251512949,2014,-0.04,24,26
W2109586012,2011,-0.72,7,43
W2080754665,2011,-0.8,5,45
W2149172860,2012,-0.84,4,46
W1969616664,2013,-1.0,0,50
W2296385829,2014,-0.88,3,47
W2962787423,2017,-0.6,10,40
W2963526187,2018,-0.68,8,42
W265421414,2014,-0.76,6,44
W2135166986,2013,-0.76,6,44
W2963565375,2017,-0.76,6,44
W825973156,2015,-0.48936170212765956,12,35
W2144715671,2013,-0.32,17,33
W1983768097,2009,0.08,27,23
W2462848072,2016,-0.4857142857142857,9,26
W2963263706,2018,-0.5833333333333334,10,38
W2560747010,2017,-1.0,0,29
W2807149475,2018,-0.9285714285714286,1,27
W2897078023,2018,-0.7241379310344828,4,25
W2891802882,2018,-0.8888888888888888,1,17
W2051188476,2015,-0.6842105263157895,3,16
W2901716912,2018,1.0,14,0
W2762638910,2017,-0.7333333333333333,2,13
W2963175631,2018,-1.0,0,10
W2296133868,2016,-1.0,0,7
W2762439944,2017,0.6,4,1
W2021595052,2014,-0.7142857142857143,1,6
W4250739671,2018,1.0,3,0
W2804259036,2018,-1.0,0,1
W2803189498,2018,1.0,2,0
W2741179140,2017,-0.16,21,29
W2951978180,2016,-0.72,7,43
W4302345030,2016,1.0,4,0
W2796868841,2018,-0.44,14,36
W2961158440,2018,-0.8095238095238095,2,19
W2907434202,2018,-0.8,1,9
W2189492145,2009,1.0,5,0
W2949592891,2016,-1.0,0,5
W2737072614,2017,-1.0,0,11
W2300242332,2016,-0.6,10,40
W2622090382,2017,-1.0,0,2
W2963759574,2014,0.12,28,22
W108223363,2013,-0.3333333333333333,5,10
W2395092015,2013,-0.8461538461538461,1,12
W2740930446,2017,1.0,8,0
W27926580,2013,-1.0,0,12
W2107288260,2012,-1.0,0,6
W2552647273,2016,-1.0,0,10
W2964016574,2017,1.0,7,0
W2770264755,2017,1.0,5,0
W2312014298,2016,-1.0,0,7
W52920979,2009,-1.0,0,2
W2785220241,2018,1.0,3,0
W2424072982,2016,1.0,2,0
W2143859313,2014,0.375,22,10
W1526092162,2013,-0.23809523809523808,8,13
W2751805223,2017,1.0,7,0
W2139800297,2015,-0.3333333333333333,4,8
W2741317041,2016,-1.0,0,3
W2592629053,2017,1.0,2,0
W2307103531,2016,-1.0,0,1
W2769792400,2017,1.0,1,0
W2775838353,2017,-1.0,0,1
W2511447228,2016,-0.64,9,41
W2885048964,2018,0.04,26,24
W2038340833,2015,-0.52,12,38
W2469012091,2016,-0.4,15,35
W2768033051,2017,-0.16,21,29
W1531418056,2012,-0.75,6,42
W2144849164,2014,-0.8297872340425532,4,43
W1579695396,2015,-0.6,8,32
W1515921409,2010,-0.6842105263157895,3,16
W2129386590,2013,-0.7837837837837838,4,33
W2553937184,2016,-0.8518518518518519,2,25
W2603696004,2017,-0.5897435897435898,8,31
W2725645875,2017,-0.6666666666666666,4,20
W2728043297,2017,-0.37142857142857144,11,24
W40493055,2013,1.0,27,0
W4213086105,2013,-0.7894736842105263,2,17
W2404721232,2016,-0.875,1,15
W2615187394,2017,,0,0
W2151867683,2014,-1.0,0,20
W2154523049,2015,-0.7647058823529411,2,15
W2765987855,2017,-0.8095238095238095,2,19
W2739751023,2017,0.6,8,2
W2898089993,2018,-0.7272727272727273,3,19
W194998427,2013,-1.0,0,15
W2895634692,2018,-0.3333333333333333,3,6
W2188659106,2015,1.0,3,0
W2200894932,2015,-1.0,0,6
W2601734385,2017,-0.6,3,12
W2309140860,2016,-0.5,2,6
W2395136778,2016,-0.42857142857142855,2,5
W2810203732,2017,1.0,6,0
W2151458388,2015,-1.0,0,7
W2884833178,2018,-0.2,4,6
W2898431302,2018,0.1111111111111111,5,4
W2553070747,2016,-0.5,1,3
W2277934767,2015,-1.0,0,4
W2101778378,2012,-1.0,0,6
W1497777582,2012,-1.0,0,5
W2037401630,2009,,0,0
W1501884980,2009,0.0,1,1
W2774136356,2017,-1.0,0,2
W2995055431,2014,-0.3333333333333333,1,2
W2614056791,2017,-1.0,0,2
W2901549551,2018,0.0,1,1
W2897752057,2018,0.3333333333333333,2,1
W2734094570,2017,-1.0,0,2
W2751057302,2017,-0.5,1,3
W1494112706,2011,0.0,1,1
W2406406602,2016,-0.3333333333333333,1,2
W2558398940,2016,0.0,1,1
W2557618784,2016,-1.0,0,1
W2811338776,2017,,0,0
W2964435793,2014,,0,0
W2887370932,2018,-1.0,0,1
W3021513890,2014,-0.3333333333333333,1,2
W4240229511,2015,1.0,1,0
W1643333174,2011,0.14285714285714285,4,3
W1986951253,2013,1.0,1,0
W2952211910,2012,1.0,14,0
W4394258353,2012,1.0,1,0
W4239177305,2013,-0.1111111111111111,8,10
W2808325673,2018,-1.0,0,1
W1740185147,2009,-0.3333333333333333,1,2
W2647810193,2010,1.0,1,0
W4240228991,2011,1.0,1,0
W2009440192,2014,-0.92,1,24
W2046482086,2011,-0.6888888888888889,7,38
W1996218505,2012,-0.8823529411764706,1,16
W1989777607,2009,-1.0,0,12
W2047795470,2012,-0.6666666666666666,2,10
W2048518943,2014,-1.0,0,11
W1545731027,2009,-0.42857142857142855,2,5
W2617672680,2017,-1.0,0,9
W2789364649,2018,-1.0,0,8
W2395232051,2015,-1.0,0,10
W2898748654,2018,-0.75,1,7
W2131035698,2012,0.1111111111111111,5,4
W3146737656,2012,-0.14285714285714285,3,4
W2076540363,2013,-1.0,0,7
W2546674645,2016,-0.5,1,3
W2516322917,2016,-0.7142857142857143,1,6
W2042236423,2015,1.0,2,0
W2475236213,2016,1.0,3,0
W3162067122,2017,1.0,1,0
W1517194221,2015,-1.0,0,2
W2150143649,2010,1.0,2,0
W2501787911,2016,1.0,1,0
W2062666593,2014,-0.2,20,30
W2530824252,2016,-0.88,3,47
W4237335675,2013,-0.08,23,27
W2531425405,2016,-0.84,4,46
W2626180518,2017,-0.8,5,45
W2786424616,2018,-0.92,2,48
W1981075560,2013,-0.6470588235294118,6,28
W2400577739,2016,-0.68,8,42
W2790537587,2018,-0.88,3,47
W2340417905,2016,-0.5675675675675675,8,29
W2534933448,2016,-0.92,2,48
W2171868993,2010,-0.6571428571428571,6,29
W2027241772,2014,-0.75,3,21
W1886625064,2013,-0.6,5,20
W1984135560,2015,-0.6842105263157895,6,32
W2397260386,2016,-0.2222222222222222,14,22
W2546913659,2016,-0.2558139534883721,16,27
W2767269462,2017,-1.0,0,33
W2344561138,2015,-0.7419354838709677,4,27
W2067377566,2010,-0.9047619047619048,1,20
W2472751774,2016,-0.5833333333333334,5,19
W2101341488,2009,-0.41935483870967744,9,22
W2229870396,2015,-0.92,1,24
W2398995299,2016,-0.9285714285714286,1,27
W2731252178,2017,-0.7241379310344828,4,25
W2579246879,2016,-0.7272727272727273,3,19
W2766358679,2017,-0.45454545454545453,6,16
W2117508687,2010,-0.6153846153846154,5,21
W2796132572,2018,-0.75,3,21
W2134066998,2011,-0.2631578947368421,7,12
W2119531903,2011,-0.7272727272727273,3,19
W2325662965,2016,-0.5555555555555556,4,14
W2356036115,2016,-0.6,4,16
W2884885238,2018,-0.8260869565217391,2,21
W2896714436,2018,0.375,11,5
W3150912106,2012,-0.14285714285714285,3,4
W4231026759,2015,0.14285714285714285,4,3
W2397554829,2016,-0.5294117647058824,4,13
W2404555615,2016,-0.4666666666666667,4,11
W2316630042,2016,-0.7777777777777778,1,8
W2884048294,2018,-1.0,0,17
W2889590244,2018,-0.8461538461538461,1,12
W2763776913,2017,-0.375,5,11
W2606075822,2017,-0.5384615384615384,3,10
W2734506987,2017,-0.5714285714285714,3,11
W2963777779,2017,-0.6923076923076923,2,11
W2145491441,2012,-0.25,3,5
W1972786057,2015,0.14285714285714285,4,3
W2796164377,2018,-0.8181818181818182,1,10
W2807952920,2018,-1.0,0,1
W2184774934,2010,-1.0,0,2
W2795723669,2018,0.0,1,1
W2795698999,2018,1.0,1,0
W2903736548,2018,-1.0,0,14
W2888357021,2018,0.8,9,1
W2741517345,2017,-0.3333333333333333,1,2
W2185839075,2014,-1.0,0,1
W2142958724,2014,0.28,32,18
W1980567103,2015,-0.44,14,36
W2074218040,2012,-0.84,4,46
W2043662475,2011,-0.3076923076923077,9,17
W2107692981,2011,-0.5675675675675675,8,29
W2122702470,2013,-0.72,7,43
W2030857403,2011,-0.2,20,30
W4246552097,2013,-0.4090909090909091,13,31
W2759963882,2017,0.44,36,14
W1965717490,2014,-0.7037037037037037,4,23
W1899727747,2013,-0.08333333333333333,11,13
W2010527148,2012,-0.5,4,12
W2091863058,2010,-0.8461538461538461,1,12
W2068524309,2013,-1.0,0,9
W2112146477,2011,0.7142857142857143,6,1
W2473092375,2012,-0.5,1,3
W2016027898,2012,-0.5,2,6
W1981416882,2010,0.0,2,2
W2494044041,2016,-1.0,0,1
W4238859253,2013,-1.0,0,50
W4255632703,2013,-0.76,6,44
W2898435572,2018,-0.6,10,40
W2242800359,2015,-0.92,2,48
W2316930373,2016,-0.65,7,33
W2072858195,2011,-0.92,2,48
W2041496338,2015,-0.88,3,47
W2740565296,2017,-0.52,12,38
W2040900804,2014,-0.84,4,46
W2731935965,2017,-0.88,3,47
W1635817880,2009,0.6,4,1
W2088558968,2015,-0.3333333333333333,6,12
W2159249596,2011,-1.0,0,1
W2809484719,2018,0.0,1,1
W1768710175,2013,0.3333333333333333,2,1
W1518272131,2013,1.0,1,0
W2622979586,2015,1.0,1,0
W2068309140,2010,-1.0,0,50
W2137555563,2009,-1.0,0,50
W1974066983,2013,-0.72,7,43
W2011962607,2013,-1.0,0,15
W2073192253,2010,0.09090909090909091,6,5
W2466084743,2016,0.13333333333333333,17,13
W2116376540,2012,-0.5555555555555556,2,7
W2081743471,2015,0.6,4,1
W1970798862,2012,-1.0,0,7
W2238842431,2015,-1.0,0,4
W2902619527,2017,1.0,4,0
W3028659745,2015,1.0,2,0
W2809022008,2018,1.0,1,0
W2541257156,2016,0.3333333333333333,2,1
W1969299781,2015,-0.2,20,30
W2591324491,2017,0.04,26,24
W3000407226,2015,-0.2,20,30
W2091196730,2013,-0.5555555555555556,6,21
W2051623619,2013,-0.48,13,37
W1990436926,2012,-0.8,5,45
W3017873643,2013,-0.38461538461538464,8,18
W2141336889,2013,-0.12,22,28
W2306123015,2016,-0.14285714285714285,18,24
W2026690506,2014,-0.9354838709677419,1,30
W1971726464,2015,0.07692307692307693,7,6
W2031873051,2012,-1.0,0,2
W2003371734,2013,-0.2,6,9
W3080340834,2013,0.2,3,2
W2951220536,2017,-0.12,22,28
W2896903681,2018,-0.24,19,31
W2161708246,2010,-0.72,7,43
W2153200718,2012,0.6,40,10
W2101743194,2010,-0.44,14,36
W1599059629,2015,0.52,38,12
W1967843818,2012,0.06666666666666667,24,21
W2054084216,2013,-0.047619047619047616,20,22
W2131425694,2013,-0.6363636363636364,8,36
W2862767104,2018,-0.1875,13,19
W1528209574,2010,-0.813953488372093,4,39
W2028870095,2011,-0.3103448275862069,10,19
W2076566073,2011,-0.047619047619047616,10,11
W2159923775,2010,-0.3333333333333333,11,22
W1980592899,2015,0.0,14,14
W2294599967,2013,0.058823529411764705,9,8
W2611311172,2017,1.0,13,0
W1947877101,2015,-0.6190476190476191,4,17
W2891441611,2018,-0.125,7,9
W2165291125,2013,-0.16666666666666666,5,7
W2133432166,2011,0.16666666666666666,7,5
W2159241535,2012,-0.1,9,11
W2122261804,2010,0.25,5,3
W1995049014,2011,-0.2857142857142857,5,9
W2094515435,2015,-1.0,0,8
W1579675215,2010,-0.5,2,6
W2161915676,2014,-0.5,1,3
W2613820780,2017,1.0,2,0
W1969529818,2012,-0.48,13,37
W2157216158,2013,-0.5,7,21
W2035924020,2015,-0.6666666666666666,7,35
W2626953429,2017,-0.44,14,36
W2897997157,2018,-0.7209302325581395,6,37
W2334795732,2016,-0.35135135135135137,12,25
W2105311743,2012,-0.47058823529411764,9,25
W2213297816,2015,-0.5652173913043478,5,18
W2998570630,2017,-0.47368421052631576,5,14
W4243997082,2013,-0.2,2,3
W4300465218,2014,1.0,4,0
W1969816685,2015,-0.15789473684210525,8,11
W2624998622,2017,0.2857142857142857,9,5
W2622825427,2017,1.0,14,0
W2319625707,2016,-0.5555555555555556,2,7
W2205217824,2015,-1.0,0,11
W2012548389,2013,-1.0,0,17
W2315410490,2016,-0.8666666666666667,1,14
W2161963794,2013,-0.42857142857142855,2,5
W3003829827,2015,-0.5,1,3
W1990850541,2014,-1.0,0,1
W2209972578,2015,,0,0
W3138659970,2013,-1.0,0,4
W2899062835,2015,1.0,2,0
W2059613753,2013,-1.0,0,3
W2420674287,2016,,0,0
W2625751777,2017,1.0,2,0
W2474593540,2012,-1.0,0,1
W2901648395,2012,1.0,1,0
W2409983186,2016,1.0,4,0
W3213192547,2016,-1.0,0,1
W72346910,2013,-0.8,5,45
W2184410169,2014,-1.0,0,25
W2048025009,2013,-0.6,10,40
W2474495061,2016,-0.7894736842105263,2,17
W3089425725,2013,-0.6,3,12
W2471883032,2016,-1.0,0,16
W95346533,2012,-0.6,1,4
W1983565887,2009,,0,0
W2026149561,2013,-0.6,1,4
W2591192832,2016,1.0,2,0
W2057392423,2011,,0,0
W4239883684,2013,-1.0,0,2
W2031089489,2012,-1.0,0,2
W1998831420,2011,-1.0,0,1
W2310148953,2016,0.6521739130434783,19,4
W1652965943,2011,-1.0,0,1
W2063553958,2013,-1.0,0,7
W2089138219,2015,-0.5,1,3
W4245299262,2013,-1.0,0,1
W4253502578,2015,-1.0,0,1
W1829319030,2010,-0.7241379310344828,4,25
W2045982128,2013,-0.8181818181818182,2,20
W2046261894,2013,-1.0,0,6
W3040059890,2018,-0.8947368421052632,1,18
W1802161077,2016,-0.3333333333333333,2,4
W2798339057,2018,-1.0,0,18
W2247050992,2012,-0.6470588235294118,3,14
W1520239064,2015,-0.8461538461538461,1,12
W2565239551,2016,-1.0,0,10
W2220644212,2012,-1.0,0,13
W2037844275,2012,1.0,1,0
W2963272841,2016,-0.6666666666666666,2,10
W1622981938,2010,-0.8333333333333334,1,11
W2552818849,2016,-1.0,0,7
W1598784998,2011,-1.0,0,13
W1488092465,2009,-0.25,3,5
W2073997125,2014,-0.5555555555555556,2,7
W2799268901,2018,-1.0,0,11
W2246495333,2012,-1.0,0,7
W2576698691,2016,-1.0,0,5
W2901691491,2018,-0.6,1,4
W2295054807,2016,1.0,5,0
W3029697665,2017,-1.0,0,4
W2963994000,2017,-0.2,2,3
W2798653279,2018,-0.3333333333333333,1,2
W2541676246,2016,1.0,1,0
W2963334760,2016,1.0,1,0
W2292787163,2015,-1.0,0,3
W2980368238,2017,-1.0,0,2
W4238411931,2013,1.0,29,0
W2395489635,2013,-0.6,10,40
W1964375680,2010,-0.52,12,38
W2131166445,2012,0.24,31,19
W2798434712,2018,-0.48,13,37
W2103110737,2012,-0.92,2,48
W2141684031,2014,-0.28,18,32
W1976821017,2013,-0.52,12,38
W4237445262,2012,-0.68,8,42
W2256629785,2015,-0.24,19,31
W1559062019,2010,-0.68,8,42
W2155227261,2009,0.04,26,24
W2492613899,2016,-0.8,5,45
W2419660933,2016,-0.42857142857142855,8,20
W2147081775,2008,-1.0,0,48
W1829128469,2010,-0.16666666666666666,5,7
W1984899043,2013,0.3333333333333333,16,8
W2079673611,2014,1.0,7,0
W2542459869,2016,0.68,42,8
W2539963392,2015,1.0,4,0
W2029224958,2009,-0.5555555555555556,2,7
W2091769360,2014,0.6,4,1
W2052528454,2015,1.0,2,0
W1497939468,2008,-0.6666666666666666,1,5
W2028266890,2008,0.0,1,1
W19011831,2010,1.0,4,0
W2042080681,2014,0.0,1,1
W303513970,2012,-0.28,18,32
W2131975293,2012,-0.4,15,35
W1483699966,2012,-1.0,0,2
W2150549828,2013,-0.8,5,45
W2018196886,2015,-0.12,22,28
W2008156858,2014,-0.52,12,38
W2533696851,2016,-0.52,12,38
W2610863702,2017,-0.6,10,40
W2616537300,2017,0.08,27,23
W2887981936,2018,-0.4,15,35
W2030624269,2015,,0,0
W2347065873,2016,0.6,4,1
W2346103878,2016,0.0,25,25
W2286155849,2016,-0.25,3,5
W2346996780,2016,-0.5510204081632653,11,38
W2083280447,2014,-1.0,0,2
W2224992182,2015,0.125,9,7
W1975980970,2014,-0.3333333333333333,1,2
W2281765850,2015,1.0,2,0
W2089691896,2012,1.0,1,0
W2296496443,2015,0.0,1,1
W2040890312,2013,1.0,1,0
W2914379639,2017,1.0,1,0
W2099799055,2010,-0.72,7,43
W2666919929,2017,0.0,25,25
W2033201131,2012,-0.8,5,45
W2114432784,2009,-0.6410256410256411,7,32
W2132867658,2010,-0.7037037037037037,4,23
W2002315713,2013,-0.41935483870967744,9,22
W1510395949,2009,-1.0,0,20
W2061555293,2009,-0.8181818181818182,2,20
W1977586752,2012,-0.8461538461538461,2,24
W2013749500,2013,-0.7142857142857143,2,12
W2009630144,2015,-0.5789473684210527,4,15
W2111950427,2011,-1.0,0,11
W2039552739,2013,0.25,5,3
W2118168529,2013,-1.0,0,6
W2139211695,2013,-0.6666666666666666,1,5
W154417970,2008,-1.0,0,4
W2109461196,2013,-0.3333333333333333,1,2
W2101224833,2010,0.0,1,1
W2403755008,2014,1.0,2,0
W4293864519,2012,1.0,3,0
W2952214334,2012,-0.6,1,4
W2127411301,2013,-0.36,16,34
W2145451908,2013,-0.08,23,27
W2134353060,2009,-0.76,6,44
W2147154374,2012,-0.6,10,40
W2963955897,2018,-0.64,9,41
W2588334501,2017,0.12,28,22
W4300032027,2011,-0.2,12,18
W4300827275,2016,0.08,27,23
W1972703786,2014,-0.4,15,35
W2166771689,2013,-0.28,18,32
W2962764888,2014,0.2,24,16
W2604777976,2017,-0.12,22,28
W2952129646,2014,0.0,25,25
W2166273866,2015,-0.8333333333333334,3,33
W2963492501,2017,0.6,40,10
W2964277170,2016,-0.6818181818181818,7,37
W2042748373,2010,-0.7894736842105263,2,17
W2898970439,2018,-0.7058823529411765,5,29
W2156884493,2014,-0.2727272727272727,4,7
W4229643337,2017,1.0,28,0
W2889741447,2018,-0.2857142857142857,10,18
W2964267254,2017,-0.4444444444444444,5,13
W2606383676,2017,1.0,21,0
W2962815454,2017,0.0,10,10
W2894859044,2013,0.0,6,6
W2123317898,2009,-0.5555555555555556,4,14
W2143976867,2015,-0.2727272727272727,4,7
W2343796309,2016,-0.1111111111111111,4,5
W2593217811,2017,0.2,3,2
W2604261858,2017,-0.5,1,3
W3121357937,2009,1.0,1,0
W2125320996,2011,-0.5897435897435898,8,31
W2160176417,2011,-0.56,11,39
W2138969065,2015,0.36,34,16
W1638924786,2010,-0.16,21,29
W2157163421,2013,0.8,45,5
W2126263492,2012,0.2,30,20
W3100063718,2017,1.0,50,0
W2952377244,2011,-0.2,14,21
W2271245358,2016,-0.24,19,31
W2155929351,2014,0.16666666666666666,28,20
W2798471701,2018,-0.28,18,32
W2950622308,2009,-0.4782608695652174,6,17
W1568554595,2014,-0.11764705882352941,15,19
W2491733261,2016,0.7,17,3
W1833001568,2012,-0.23076923076923078,5,8
W2952602227,2015,-0.75,1,7
W2951617294,2013,1.0,21,0
W2962745876,2017,-0.2,4,6
W2950720829,2012,0.42857142857142855,5,2
W4299157380,2013,,0,0
W2142252754,2012,,0,0
W2951056827,2011,,0,0
W2619228097,2017,-0.3333333333333333,3,6
W2952991031,2009,-0.5,1,3
W2744942019,2017,-0.5,1,3
W2952445923,2010,-0.5,1,3
W2342255891,2016,,0,0
W2964029750,2017,1.0,3,0
W1638928977,2010,1.0,2,0
W4300781097,2017,1.0,1,0
W2065984169,2012,-0.5483870967741935,7,24
W2156445619,2014,-1.0,0,17
W2404281525,2011,-0.6,10,40
W1951815422,2015,0.5,24,8
W1977769832,2012,-0.6666666666666666,4,20
W2170255772,2014,-0.6,4,16
W2003924941,2010,-0.2857142857142857,5,9
W2070138931,2015,-0.8461538461538461,1,12
W2028153086,2012,0.3333333333333333,4,2
W2055833104,2014,-0.38461538461538464,4,9
W2298783607,2016,0.2,9,6
W1992255375,2010,1.0,7,0
W2070052058,2013,-0.75,2,14
W2017446628,2014,-0.25,3,5
W2013405441,2010,-0.2727272727272727,4,7
W2078687025,2012,-1.0,0,5
W1974164390,2011,-1.0,0,5
W1966191275,2012,-1.0,0,3
W1990952549,2014,0.2,3,2
W1560176011,2009,1.0,4,0
W2074754778,2012,1.0,2,0
W2075421061,2013,-0.696969696969697,5,28
W221337630,2015,-0.05263157894736842,9,10
W2085235855,2012,-1.0,0,7
W2036720322,2014,-1.0,0,6
W2125156825,2014,-0.3333333333333333,1,2
W1998431265,2014,-0.44,14,36
W2611455491,2017,-0.28,18,32
W2134917076,2008,0.48,37,13
W1999945931,2008,-0.12,22,28
W2003849625,2011,-0.16,21,29
W2611085340,2017,0.0,25,25
W2136345490,2012,-0.2,20,30
W2106931201,2015,-0.84,4,46
W2762735689,2017,-0.72,7,43
W2513527602,2016,-0.7674418604651163,5,38
W2519231257,2016,0.7333333333333333,13,2
W2610687789,2017,0.72,43,7
W2515389026,2016,-0.23076923076923078,5,8
W2025986061,2010,0.29411764705882354,11,6
W2022657818,2011,0.16666666666666666,28,20
W2044146786,2015,0.6551724137931034,24,5
W2752490344,2017,-0.08333333333333333,22,26
W2766328169,2017,-0.5384615384615384,9,30
W2763866851,2017,-0.9473684210526315,1,37
W2775125816,2017,-0.6923076923076923,6,33
W1964212626,2010,-0.6,5,20
W2109481294,2014,-0.6363636363636364,8,36
W2468256935,2016,0.25,10,6
W1992057865,2013,-0.21739130434782608,9,14
W1993765711,2009,-0.44,7,18
W2119592468,2015,-0.6,5,20
W2346501156,2016,-0.3333333333333333,9,18
W2401872729,2016,-0.6774193548387096,5,26
W2512727595,2016,-0.5,5,15
W2536219382,2016,-0.5333333333333333,7,23
W2123046022,2014,-0.391304347826087,7,16
W1987052189,2013,-0.4166666666666667,7,17
W2466983165,2016,-0.6,5,20
W1966588001,2011,0.16666666666666666,7,5
W2072750814,2015,-0.4444444444444444,5,13
W2071964111,2015,-0.36,8,17
W2752360436,2017,-0.15151515151515152,14,19
W2077650879,2013,0.75,21,3
W2077945790,2010,0.6,12,3
W2080327955,2013,-0.3684210526315789,6,13
W1988101335,2015,-0.5294117647058824,4,13
W2731697107,2017,-0.21739130434782608,9,14
W2024866485,2015,-0.5384615384615384,3,10
W2763035995,2017,-1.0,0,17
W2417137110,2016,-0.7142857142857143,2,12
W2094768093,2015,0.1111111111111111,5,4
W2753201713,2017,-0.7777777777777778,2,16
W2150176114,2013,-0.23076923076923078,5,8
W3410150,2012,0.14285714285714285,4,3
W4241456397,2009,,0,0
W2159491375,2014,0.4,7,3
W2286906244,2015,0.0,1,1
W2775677125,2017,-0.5,1,3
W2091209246,2014,-0.125,7,9
W1964436071,2010,-0.8181818181818182,1,10
W2026283576,2007,0.0,4,4
W1601336172,2008,-0.8571428571428571,1,13
W2122861011,2014,-0.09090909090909091,5,6
W2753660894,2017,-0.07692307692307693,6,7
W1969194492,2014,0.5,9,3
W2751394841,2017,-0.6470588235294118,3,14
W2520614277,2016,-0.6842105263157895,3,16
W2515303599,2016,0.058823529411764705,9,8
W1972984125,2013,1.0,14,0
W2516129961,2016,-1.0,0,10
W1973748427,2010,-0.6363636363636364,2,9
W1969608405,2013,-0.75,1,7
W1999570639,2014,-0.23076923076923078,5,8
W2023623412,2015,-0.2857142857142857,5,9
W2486136634,2015,1.0,9,0
W2080274739,2014,-0.3333333333333333,5,10
W44898837,2011,-1.0,0,5
W2165066165,2014,0.07692307692307693,7,6
W2753850868,2017,-0.6,2,8
W2138441287,2007,0.0,1,1
W2071112597,2014,-0.23076923076923078,5,8
W104773397,2009,-0.6666666666666666,2,10
W2611062897,2017,-0.5384615384615384,3,10
W1702758778,2011,-0.5,2,6
W2517780812,2016,-0.6923076923076923,2,11
W1988186271,2012,-0.25,3,5
W1751138515,2015,0.6363636363636364,9,2
W2774183574,2017,0.0,4,4
W1964673106,2008,-0.3333333333333333,7,14
W2015441292,2010,0.2,6,4
W90172696,2011,1.0,11,0
W1817172274,2015,-0.2727272727272727,4,7
W2345631430,2016,-0.14285714285714285,3,4
W2012862805,2011,0.6666666666666666,5,1
W2049827830,2013,0.0,3,3
W2087802256,2015,-1.0,0,9
W2147197430,2013,-1.0,0,6
W19388551,2008,-0.7142857142857143,1,6
W194962367,2008,1.0,2,0
W2150183827,2014,0.7142857142857143,6,1
W2139307474,2012,1.0,6,0
W2588045601,2017,0.6666666666666666,5,1
W1766258497,2015,0.2,3,2
W2124241355,2014,-0.6,1,4
W2520772466,2016,0.0,3,3
W2015266050,2014,1.0,2,0
W2610342862,2017,-1.0,0,3
W2599601177,2017,0.0,2,2
W9066240,2007,,0,0
W2396549738,2016,0.3333333333333333,2,1
W2778399028,2017,,0,0
W2613908791,2017,1.0,4,0
W4231899164,2015,,0,0
W2066676592,2014,,0,0
W4252376724,2008,0.0,2,2
W2512099442,2016,0.0,1,1
W2409578015,2016,1.0,1,0
W2105261530,2015,1.0,1,0
W2139733095,2014,-1.0,0,3
W2058097375,2010,-1.0,0,3
W2332534065,2011,0.0,2,2
W2751797837,2017,1.0,3,0
W2024805346,2008,1.0,2,0
W2057014910,2015,-1.0,0,1
W2087800309,2015,1.0,1,0
W2773211075,2017,1.0,2,0
W1045304815,2013,0.0,1,1
W2067412316,2014,-1.0,0,2
W4301781989,2016,,0,0
W2223511894,2015,0.0,1,1
W2751205913,2017,-1.0,0,1
W2771136810,2017,-1.0,0,1
W4254586168,2013,-1.0,0,1
W1489945222,2007,0.0,1,1
W2036627891,2008,-1.0,0,1
W2750727230,2017,1.0,1,0
W2665254792,2017,-0.16,21,29
W2613843898,2017,0.68,42,8
W2340348342,2016,-0.13513513513513514,16,21
W2509763952,2016,0.2,30,20
W2761680260,2017,-0.72,7,43
W2602934762,2017,-0.5217391304347826,11,35
W2166132393,2012,0.23404255319148937,29,18
W1558881891,2015,-0.8,3,27
W2757921939,2017,-0.3333333333333333,9,18
W2767758013,2017,-0.13333333333333333,13,17
W2568660802,2016,-0.6,4,16
W2765861025,2017,-0.3333333333333333,2,4
W2760774909,2017,-0.5,1,3
W2295643294,2013,-1.0,0,6
W2078287774,2014,-0.09090909090909091,5,6
W2099436019,2013,0.6,4,1
W1989717902,2014,0.3333333333333333,2,1
W2296880972,2016,1.0,2,0
W2047883041,2012,-0.44,14,36
W2084820850,2010,0.7777777777777778,8,1
W1997914719,2012,,0,0
W1939092595,2015,0.23076923076923078,8,5
W2048383463,2010,-0.6,2,8
W1984918251,2011,0.2,3,2
W1523976805,2011,0.5,3,1
W2072371842,2013,1.0,1,0
W1993759246,2014,-1.0,0,1
W2016756444,2015,0.5,3,1
W2128452708,2013,-1.0,0,1
W2038353523,2008,0.0,1,1
W4236092342,2014,-1.0,0,1
W2747474315,2017,1.0,1,0
W2271119194,2014,,0,0
W2249281484,2011,0.0,1,1
W1974454383,2013,-0.7368421052631579,5,33
W1974923332,2012,-0.5555555555555556,4,14
W53015899,2009,-1.0,0,2
W2042409883,2009,-0.5384615384615384,3,10
W2148787816,2012,-0.6956521739130435,7,39
W2101893470,2015,-0.5609756097560976,9,32
W2788771128,2014,-1.0,0,6
W2113783689,2011,-0.42857142857142855,2,5
W2582207682,2016,1.0,2,0
W2177950380,2015,-1.0,0,1
W2206370378,2015,-0.68,8,42
W2115067168,2013,-0.8,5,45
W2953390309,2016,-0.8,5,45
W1592410721,2015,-0.8,5,45
W2161340280,2012,-0.84,4,46
W2515239084,2016,,0,0
W2950379384,2015,-1.0,0,10
W1993344876,2013,-0.32,17,33
W2951654389,2015,-0.52,12,38
W2116907335,2011,-0.32,17,33
W2296164881,2015,-0.4090909090909091,13,31
W3146113246,2012,-0.5714285714285714,9,33
W2157960915,2012,-0.5652173913043478,10,36
W2040515813,2013,0.030303030303030304,17,16
W2649501556,2017,0.2903225806451613,20,11
W1983419770,2014,-0.68,4,21
W4246247878,2015,0.391304347826087,16,7
W2071604149,2011,-0.92,1,24
W2611190712,2017,-0.3333333333333333,4,8
W4244412585,2015,-0.7777777777777778,1,8
W1993186225,2013,-0.6470588235294118,3,14
W2114178974,2013,1.0,17,0
W1994603746,2012,-1.0,0,16
W2335853696,2016,0.0,1,1
W2615284185,2017,-0.05263157894736842,9,10
W1997091008,2014,-0.375,5,11
W2160608820,2011,-0.3333333333333333,7,14
W2557728737,2017,-0.8,5,45
W151476557,2011,-0.6923076923076923,2,11
W2057540752,2013,-0.42857142857142855,2,5
W2141255635,2007,0.3333333333333333,6,3
W1980251751,2011,-1.0,0,8
W1972368519,2008,0.5,3,1
W2085996072,2012,-0.3333333333333333,3,6
W2617730062,2017,-0.45454545454545453,3,8
W1968899842,2008,-1.0,0,8
W2089871592,2014,-0.5,2,6
W2013700847,2013,-1.0,0,9
W2341131237,2016,0.14285714285714285,4,3
W2163099472,2011,-0.3333333333333333,2,4
W2553688218,2016,-0.5,1,3
W4230725199,2015,1.0,3,0
W1989074328,2015,1.0,3,0
W2047480079,2011,-1.0,0,9
W11453436,2013,-0.5,1,3
W2405323046,2011,,0,0
W2039165049,2015,0.3333333333333333,2,1
W2117741987,2007,-0.3333333333333333,1,2
W2062213563,2014,-0.3333333333333333,1,2
W4236454588,2015,-1.0,0,2
W2571343521,2017,0.0,1,1
W2492718535,2016,0.5,3,1
W2133590642,2013,1.0,1,0
W2047621563,2008,,0,0
W2023595141,2015,1.0,1,0
W2117763996,2008,-0.3333333333333333,2,4
W2565516451,2016,1.0,2,0
W2726600984,2017,1.0,2,0
W2621711945,2014,1.0,1,0
W4246695634,2013,0.0,1,1
W4229579201,2015,1.0,1,0
W2152022744,2013,-1.0,0,1
W4242381139,2015,,0,0
W2007368762,2015,,0,0
W2914496206,2017,1.0,1,0
W4250253028,2015,1.0,1,0
W2090348364,2015,-1.0,0,6
W119710065,2011,-1.0,0,16
W3161167621,2014,-0.5,2,6
W2131008594,2012,0.6,4,1
W3144112734,2012,1.0,2,0
W2473452789,2016,-1.0,0,2
W2162808088,2009,1.0,1,0
W2057743816,2015,-0.84,4,46
W3142903977,2012,-0.12,22,28
W2621026180,2015,-0.3103448275862069,10,19
W4240658150,2015,-0.5,1,3
W4236718005,2015,-0.5,2,6
W2017177613,2012,,0,0
W1667689718,2015,-0.5,1,3
W2148802826,2014,0.0,6,6
W2755416378,2017,-1.0,0,2
W1968495452,2013,-0.3333333333333333,3,6
W2144651866,2014,-0.08,23,27
W2112351052,2012,-0.56,11,39
W2076611991,2014,-0.5,1,3
W2158593726,2012,0.0,2,2
W2151492375,2011,0.08,27,23
W2040489479,2013,-0.625,3,13
W2294228504,2015,-0.75,1,7
W2431071320,2016,-0.42857142857142855,2,5
W3145492084,2012,-0.3333333333333333,1,2
W2128176227,2012,-0.7777777777777778,1,8
W3152200956,2012,-1.0,0,5
W2183685785,2013,,0,0
W2401870263,2012,,0,0
W4253598870,2015,-0.3333333333333333,2,4
W2395467634,2014,,0,0
W2038202857,2015,0.0,2,2
W2080719376,2013,1.0,2,0
W2074885502,2014,-1.0,0,1
W2103952395,2015,-1.0,0,2
W1995986391,2010,-0.875,1,15
W2396407843,2015,1.0,7,0
W2400211291,2011,1.0,11,0
W2094662297,2014,-0.45454545454545453,3,8
W2119538795,2009,-0.5555555555555556,6,21
W2067393742,2012,-0.25,3,5
W2042849148,2012,-0.6,2,8
W3149109633,2012,-0.5135135135135135,9,28
W2599156210,2014,1.0,50,0
W2121061989,2012,-0.16,21,29
W2164938362,2014,-1.0,0,50
W2117890177,2013,-0.625,9,39
W1536631555,2012,-0.7297297297297297,5,32
W2122185633,2014,-0.5789473684210527,8,30
W1526254732,2009,0.5,21,7
W1853034543,2013,-1.0,0,31
W1977888290,2012,-0.7692307692307693,3,23
W2578157505,2015,-0.21739130434782608,9,14
W2525856322,2016,-0.30434782608695654,8,15
W2767633773,2017,-0.9130434782608695,1,22
W2887375731,2015,-0.6666666666666666,3,15
W2747381231,2017,-0.38461538461538464,4,9
W1989528416,2011,-0.8333333333333334,1,11
W3144346332,2012,-0.7142857142857143,2,12
W2058547748,2012,-1.0,0,13
W1995544616,2007,0.0,7,7
W2105655479,2009,0.14285714285714285,8,6
W844332498,2015,-0.7142857142857143,2,12
W2013165762,2014,-0.6666666666666666,2,10
W2488540871,2016,-0.8461538461538461,1,12
W968713204,2015,-0.8666666666666667,1,14
W137370745,2013,-0.6666666666666666,2,10
W2175585306,2015,-0.8571428571428571,1,13
W2767407390,2017,-0.8181818181818182,1,10
W2406850350,2015,0.3333333333333333,6,3
W4248155741,2015,-1.0,0,7
W2408046200,2016,-0.2727272727272727,4,7
W3152219479,2012,-0.7777777777777778,1,8
W2575086338,2016,-0.75,1,7
W2057679337,2014,0.0,3,3
W2160454743,2008,0.0,5,5
W2002662905,2012,-0.75,1,7
W2062013241,2012,-1.0,0,5
W2406004873,2013,-0.3333333333333333,2,4
W2498483912,2016,-1.0,0,7
W2015731819,2012,0.3333333333333333,2,1
W2407910433,2013,0.0,2,2
W2403204396,2015,-1.0,0,4
W1490074535,2010,0.0,1,1
W4214886323,2010,0.0,1,1
W2029709930,2015,-0.5,1,3
W1674968,2007,,0,0
W2196521680,2015,0.3333333333333333,2,1
W1784346908,2009,0.3333333333333333,2,1
W4231108390,2015,-0.3333333333333333,1,2
W1934855910,2014,1.0,1,0
W2782715894,2017,1.0,1,0
W1817255618,2014,1.0,1,0
W2753092418,2017,0.2,30,20
W2010653253,2013,-0.68,8,42
W2097281067,2012,-1.0,0,50
W2141692617,2012,-0.2,20,30
W1969844906,2012,-1.0,0,50
W2082819362,2015,-0.2,20,30
W2611285220,2017,-0.04,24,26
W2003859203,2013,-0.8,5,45
W1969713587,2012,-0.2,20,30
W4230508317,2012,0.5416666666666666,37,11
W3148179782,2015,-0.16,21,29
W1603585558,2015,-1.0,0,50
W2167967285,2011,-1.0,0,44
W2180742472,2015,0.0,18,18
W1505175849,2015,-0.15789473684210525,16,22
W2086587845,2013,-0.631578947368421,7,31
W2417036297,2016,-0.07692307692307693,18,21
W2016124574,2013,-0.5294117647058824,8,26
W2465547397,2013,-0.7037037037037037,4,23
W2031771125,2015,-0.3103448275862069,10,19
W2065812415,2013,-1.0,0,29
W2327152018,2015,-0.4166666666666667,7,17
W2592801882,2012,0.23076923076923078,8,5
W2049141419,2011,0.2631578947368421,12,7
W2763968020,2017,-0.25,9,15
W2724302669,2017,-0.4444444444444444,5,13
W2509511072,2016,-0.8947368421052632,1,18
W2100499101,2014,-0.2857142857142857,5,9
W2594817811,2017,-0.7647058823529411,2,15
W2290740177,2015,-1.0,0,13
W4244390351,2016,-0.2,6,9
W2604609042,2017,-0.25,6,10
W1597809850,2015,-1.0,0,7
W2098908098,2015,-0.6,3,12
W2735712282,2017,-1.0,0,5
W2762609810,2017,-1.0,0,11
W4233463272,2013,-1.0,0,6
W2762714487,2017,-0.5,2,6
W2171855554,2013,-1.0,0,5
W2736004479,2017,0.2,3,2
W2608209893,2017,0.3333333333333333,4,2
W1922750485,2015,-0.6666666666666666,1,5
W2027036201,2013,-0.6,1,4
W1924510022,2015,0.14285714285714285,4,3
W2513759950,2016,-1.0,0,7
W2021225827,2015,-0.6,1,4
W1969883740,2012,1.0,1,0
W2605941124,2013,,0,0
W2408014054,2012,-1.0,0,1
W2235812852,2015,,0,0
W83889586,2012,0.18518518518518517,16,11
W2950902070,2012,-1.0,0,10
W2771065585,2017,-1.0,0,4
W1575264699,2012,-0.42857142857142855,2,5
W2342270822,2016,-1.0,0,50
W1491486610,2014,1.0,1,0
W2168243557,2008,0.17391304347826086,27,19
W2134408282,2010,-1.0,0,47
W2756467951,2017,0.06666666666666667,24,21
W2770323975,2017,0.04,13,12
W2765706790,2017,-0.058823529411764705,16,18
W2736108290,2017,0.2903225806451613,20,11
W4241855287,2017,1.0,30,0
W2777481556,2017,-0.15384615384615385,11,15
W2765779161,2017,-0.23076923076923078,5,8
W2616838226,2017,-0.75,2,14
W2129861573,2011,-0.2857142857142857,5,9
W2765877491,2017,-1.0,0,16
W2036006888,2015,0.7142857142857143,6,1
W2040881768,2012,-1.0,0,2
W1419345829,2012,-0.6923076923076923,2,11
W2018967322,2014,0.0,4,4
W2059770958,2011,-0.14285714285714285,3,4
W2085440169,2012,-1.0,0,5
W2339213117,2015,-0.25,3,5
W2778919841,2017,-0.5,2,6
W2165679931,2009,-0.6,1,4
W1998838659,2012,-0.2727272727272727,4,7
W2565403796,2016,0.5,6,2
W2615203090,2017,0.14285714285714285,4,3
W2071756573,2013,0.0,5,5
W239094220,2014,0.0,1,1
W2180277224,2015,-1.0,0,1
W2594287241,2017,-0.2,2,3
W2128352953,2011,-0.5,1,3
W2155579069,2008,-0.6666666666666666,1,5
W1551435686,2012,-0.3333333333333333,2,4
W2768661259,2017,-0.2,2,3
W1966710277,2012,0.2,3,2
W2338204141,2015,-1.0,0,4
W2338538753,2012,-1.0,0,4
W2965875581,2017,-1.0,0,1
W2573658140,2016,-1.0,0,4
W2771956798,2007,-1.0,0,2
W2414022505,2016,1.0,3,0
W2492736983,2016,1.0,2,0
W2320814027,2014,1.0,1,0
W2963983258,2014,-1.0,0,1
W2153964225,2013,-1.0,0,1
W2318800903,2014,1.0,2,0
W2613929343,2017,0.3333333333333333,2,1
W2419257651,2016,1.0,2,0
W1976247095,2012,-1.0,0,1
W2613774224,2017,1.0,1,0
W2461267642,2016,1.0,1,0
W2463660140,2016,1.0,1,0
W4249287786,2016,1.0,1,0
W2950188387,2012,-1.0,0,2
W2002608093,2015,-0.24,19,31
W2012609801,2013,0.12,28,22
W2040053053,2012,-0.2727272727272727,4,7
W2099302229,2012,-0.36,16,34
W2091251669,2013,-0.6,1,4
W1743744362,2013,0.14285714285714285,4,3
W2396647503,2010,1.0,16,0
W4255556848,2013,1.0,33,0
W2117061938,2010,-0.4838709677419355,8,23
W2141425876,2010,0.2,3,2
W2399940955,2012,-0.75,1,7
W2404426880,2012,1.0,4,0
W2089621879,2013,0.0,2,2
W2154346544,2012,0.13513513513513514,21,16
W2101221989,2012,0.04,26,24
W1998221613,2013,-0.44,14,36
W2056966287,2014,-1.0,0,13
W2318549902,2016,0.1111111111111111,5,4
W2735418241,2017,-0.28888888888888886,16,29
W2767400638,2017,-0.6363636363636364,2,9
W2129579220,2010,1.0,7,0
W1977792483,2014,-0.8181818181818182,1,10
W2060276770,2009,1.0,3,0
W2168393372,2008,1.0,1,0
W2765163519,2017,1.0,1,0
W2587436103,2016,1.0,1,0
W3003432522,2012,-0.5,3,9
W2120591095,2012,-0.48,13,37
W2143917381,2015,-0.42105263157894735,11,27
W2740127658,2017,1.0,49,0
W3006036681,2012,-0.35714285714285715,9,19
W2177073488,2015,1.0,5,0
W2616838521,2017,-0.5555555555555556,4,14
W2296025542,2016,-0.9090909090909091,1,21
W2588368217,2017,0.0,1,1
W2000440777,2015,-0.05263157894736842,9,10
W1998799629,2012,-0.25,3,5
W1454188553,2015,-0.8181818181818182,2,20
W2418462895,2016,-0.5,2,6
W2381524109,2016,-0.75,1,7
W2765924002,2017,-1.0,0,6
W2087071350,2014,-0.7777777777777778,2,16
W1837204361,2017,-1.0,0,5
W2081855231,2012,-0.7674418604651163,5,38
W1995509853,2014,-0.8947368421052632,1,18
W2053842335,2013,-0.7647058823529411,2,15
W2060812930,2013,-0.6,3,12
W2952693876,2013,-1.0,0,7
W2952858753,2012,-1.0,0,10
W2952120893,2012,-0.75,1,7
W2495014080,2016,-1.0,0,4
W2058175730,2015,-1.0,0,6
W2408522610,2013,-1.0,0,5
W3005831124,2013,1.0,2,0
W2100161155,2013,0.0,1,1
W1895954743,2016,-1.0,0,1
W2230733683,2017,-1.0,0,1
W2478145507,2015,1.0,1,0
W2950408786,2012,-1.0,0,23
W2950509283,2013,-1.0,0,11
W1541515259,2015,1.0,3,0
W2949699615,2015,-1.0,0,3
W4300680540,2012,1.0,2,0
W1988508518,2012,-0.8125,3,29
W2080995342,2012,-1.0,0,23
W2135639194,2011,-0.48,13,37
W2090208705,2011,-0.8333333333333334,3,33
W1975859913,2013,-1.0,0,24
W2547063853,2017,-1.0,0,24
W2501280492,2016,-0.8461538461538461,2,24
W2110175519,2011,-0.9,1,19
W2129120879,2011,-0.8571428571428571,1,13
W2127125853,2014,-0.6666666666666666,3,15
W2339253107,2016,-0.8333333333333334,1,11
W2047790048,2012,-0.7894736842105263,2,17
W2345605959,2017,-0.8823529411764706,1,16
W1526420097,2013,-0.6666666666666666,2,10
W4238759872,2011,1.0,18,0
W2198278046,2015,-1.0,0,17
W2408707715,2013,-0.6923076923076923,2,11
W1783065992,2012,-0.8181818181818182,1,10
W4235253945,2013,1.0,7,0
W1983225054,2015,-1.0,0,9
W1500866162,2015,-1.0,0,12
W2951657806,2014,1.0,4,0
W1764163631,2015,-0.5,1,3
W2546455469,2017,-1.0,0,9
W1994075559,2010,-0.75,1,7
W2139639963,2013,-1.0,0,9
W1973664142,2012,-0.5,2,6
W1982358125,2015,0.2,3,2
W2149633807,2014,-1.0,0,4
W2963121409,2016,0.0,4,4
W2176225957,2014,-1.0,0,8
W2399641205,2013,1.0,2,0
W2134373920,2013,-1.0,0,5
W2951420633,2012,-0.5,1,3
W2509251441,2017,-1.0,0,5
W2963321552,2016,-1.0,0,3
W1991834433,2012,0.0,1,1
W2051810819,2012,-1.0,0,3
W2951068686,2012,,0,0
W1594278747,2012,-1.0,0,1
W2949853036,2016,0.5,3,1
W2582351091,2017,-0.3125,11,21
W2951424774,2015,-1.0,0,11
W1882355728,2014,1.0,23,0
W2949338226,2014,-1.0,0,2
W2767275150,2017,-1.0,0,1
W2950693084,2013,-1.0,0,1
W2951125480,2011,-1.0,0,1
W2985729576,2017,1.0,1,0
W4301014034,2016,1.0,1,0
W1984218341,2010,1.0,2,0
W2170023374,2009,0.4,7,3
W2010127311,2012,-0.6470588235294118,6,28
W2005499394,2012,-1.0,0,50
W1995913408,2011,-1.0,0,50
W2953102514,2013,-1.0,0,50
W2163881524,2009,-1.0,0,15
W2114731047,2009,0.4666666666666667,11,4
W2069318033,2010,-0.2,2,3
W2100198863,2008,0.6,4,1
W1982139456,2012,-0.64,9,41
W37002918,2014,-0.68,8,42
W2155348816,2013,-0.8518518518518519,2,25
W57159709,2011,-0.782608695652174,5,41
W1863489072,2007,-0.5862068965517241,6,23
W2052020474,2014,-1.0,0,21
W2216731131,2013,-0.696969696969697,5,28
W1582851306,2008,-1.0,0,23
W2149951629,2015,-0.8095238095238095,2,19
W2253971087,2015,-0.6470588235294118,3,14
W2558952101,2016,-0.7647058823529411,2,15
W2119001561,2011,-1.0,0,17
W2405578672,2014,-0.5714285714285714,3,11
W745324422,2013,-1.0,0,10
W1641347941,2010,-1.0,0,13
W2122061707,2011,-1.0,0,14
W1916774567,2014,-0.6363636363636364,2,9
W2128622634,2010,-0.7777777777777778,1,8
W4236295603,2007,-0.6666666666666666,1,5
W2516749794,2016,-0.8333333333333334,1,11
W2505969429,2016,-0.3333333333333333,3,6
W190576718,2007,-0.3333333333333333,5,10
W1715626001,2009,-1.0,0,11
W2963517750,2014,-1.0,0,10
W2402827424,2015,-0.4,3,7
W2098897626,2009,-1.0,0,10
W2143580965,2010,-1.0,0,7
W1626677565,2010,-1.0,0,8
W87085926,2013,-1.0,0,9
W2158663284,2009,-0.6,1,4
W148231196,2015,-0.3333333333333333,2,4
W2042436180,2012,-1.0,0,5
W1606997299,2013,-1.0,0,3
W1884409305,2012,0.0,2,2
W2126182348,2014,-1.0,0,3
W2950696159,2015,-0.6,1,4
W1490262345,2011,,0,0
W92357456,2013,-0.3333333333333333,2,4
W2172353311,2014,-1.0,0,2
W171483270,2012,-0.2,2,3
W1944941406,2013,-1.0,0,5
W2217652387,2014,-1.0,0,4
W2130565704,2013,-0.5,1,3
W1637078148,2015,-1.0,0,3
W1490786456,2012,-1.0,0,1
W2295879328,2014,-1.0,0,1
W49063298,2013,-1.0,0,1
W1858694994,2009,0.0,17,17
W2950749880,2011,-0.8,2,18
W1895987698,2009,-0.8666666666666667,1,14
W2561498661,2016,-0.84,4,46
W2949900368,2009,-1.0,0,11
W2952919679,2013,-0.7777777777777778,1,8
W1670515927,2009,-1.0,0,9
W1701446512,2015,-0.25,3,5
W2952727321,2014,-0.8571428571428571,1,13
W2949359053,2013,-1.0,0,4
W1566341302,2013,,0,0
W2949815161,2012,0.2,3,2
W2952340783,2011,,0,0
W2953045269,2011,-1.0,0,5
W2952540373,2009,-1.0,0,3
W1813186611,2014,-1.0,0,2
W2953000245,2010,-1.0,0,2
W2951923371,2013,1.0,2,0
W2952711387,2012,-1.0,0,1
W2949059408,2009,,0,0
W2952797743,2009,,0,0
W157198660,2008,-1.0,0,1
W2951209107,2010,-1.0,0,1
W2137211426,2011,-0.96,1,49
W2031271929,2011,-1.0,0,50
W2565806513,2016,-0.88,3,47
W1822284092,2010,-1.0,0,50
W2012666809,2014,-0.44,14,36
W2009985766,2010,-0.76,6,44
W2012024433,2012,-0.8,5,45
W2475752340,2013,1.0,43,0
W2157902608,2012,-0.92,2,48
W2018309693,2010,-0.88,3,47
W2086252641,2013,-0.84,4,46
W2017062126,2012,-0.9166666666666666,2,46
W1748192004,2010,-0.08,23,27
W2149851338,2013,-0.56,11,39
W1912849972,2011,-0.75,5,35
W2161035014,2009,-0.88,3,47
W2157283921,2012,-0.1111111111111111,16,20
W1996518389,2012,-0.6666666666666666,2,10
W2512779272,2016,-0.8064516129032258,3,28
W1985206022,2011,-0.8947368421052632,2,36
W2045551282,2013,-0.8695652173913043,3,43
W2062109802,2014,-1.0,0,30
W2022947270,2010,-0.68,4,21
W2046754626,2014,-0.8181818181818182,2,20
W2075664252,2011,-0.9047619047619048,1,20
W2211543382,2015,-0.8571428571428571,2,26
W2138642215,2015,-1.0,0,24
W2126944072,2013,-0.034482758620689655,14,15
W2593937136,2014,-0.9090909090909091,1,21
W2100897971,2013,-0.8823529411764706,1,16
W3021084925,2013,,0,0
W1502018773,2014,0.12,14,11
W2406259836,2016,-0.09090909090909091,5,6
W2350975860,2016,-1.0,0,7
W1887779357,2015,-0.75,1,7
W2140342850,2015,-0.45454545454545453,6,16
W1768003445,2011,-0.4,6,14
W2004392458,2015,-0.14285714285714285,6,8
W2563276364,2016,-0.5,3,9
W2112221496,2010,-1.0,0,1
W2518110234,2016,-0.8666666666666667,1,14
W2129787957,2013,-1.0,0,8
W118663382,2013,,0,0
W2513662042,2016,-1.0,0,7
W2074483959,2008,-1.0,0,15
W2004667974,2014,-0.1111111111111111,4,5
W2129403648,2015,-0.5,2,6
W246830144,2013,,0,0
W2139497634,2012,-1.0,0,4
W2491361852,2013,,0,0
W2152228551,2015,-1.0,0,5
W110241372,2013,,0,0
W2077769529,2013,1.0,1,0
W4242048026,2010,1.0,1,0
W2503353556,2013,1.0,2,0
W3022118570,2013,1.0,1,0
W4255908957,2013,,0,0
W2116512345,2013,-0.52,12,38
W2142523187,2011,-0.72,7,43
W2099884836,2009,-0.8,5,45
W2161044106,2013,-0.6,10,40
W2733628661,2011,1.0,50,0
W2302963717,2016,-0.68,8,42
W2250726251,2015,-0.92,2,48
W331019419,2013,-0.52,12,38
W2168963845,2014,-0.92,2,48
W2626207225,2010,,0,0
W2114590102,2015,-0.88,3,47
W1902922832,2012,-0.6923076923076923,6,33
W2136646623,2008,-1.0,0,50
W2137607685,2014,-0.8787878787878788,2,31
W2137051416,2007,-0.7142857142857143,1,6
W2188082944,2010,-0.09090909090909091,5,6
W2413794162,2016,-0.84,4,46
W1419521840,2013,-0.8260869565217391,2,21
W2101505651,2014,-1.0,0,8
W2054718232,2007,-1.0,0,1
W1123037764,2015,-1.0,0,6
W2101000385,2009,-1.0,0,6
W2159924367,2007,0.0,2,2
W2110182048,2012,-1.0,0,6
W2251372568,2014,-0.6666666666666666,1,5
W2403055407,2008,-1.0,0,2
W2005395827,2006,-1.0,0,1
W839697025,2013,1.0,1,0
W2143995218,2011,-0.4,15,35
W2949682506,2015,1.0,1,0
W4233787372,2010,0.12,28,22
W2556691798,2016,-0.72,7,43
W2127406376,2013,-0.84,4,46
W2022815033,2011,-0.24,19,31
W2011350558,2015,-0.24,19,31
W2243124917,2015,-0.52,12,38
W2118280170,2012,0.023255813953488372,22,21
W2950738719,2016,-0.48,13,37
W2085011130,2013,-0.6444444444444445,8,37
W2079467012,2015,-0.9069767441860465,2,41
W2247014325,2008,,0,0
W2406037073,2016,-0.7142857142857143,3,18
W2535015958,2016,-0.6923076923076923,2,11
W2053406820,2014,-0.3,7,13
W2004070166,2009,-1.0,0,1
W2048535022,2015,0.0,8,8
W1973460642,2011,-1.0,0,21
W634268180,2011,-1.0,0,7
W4299614541,2013,,0,0
W15876545,2012,1.0,3,0
W2733968671,2009,-1.0,0,1
W2557435368,2016,1.0,2,0
W3029937717,2016,-1.0,0,1
W2153391061,2011,-0.13636363636363635,19,25
W1970070732,2010,-0.2,6,9
W2100147865,2012,-0.16,21,29
W2105697580,2011,-0.3617021276595745,15,32
W1965825375,2010,-0.2,12,18
W2125566286,2010,-0.42857142857142855,4,10
W2613681728,2014,1.0,1,0
W2164787019,2009,-0.6363636363636364,2,9
W1989525375,2014,,0,0
W2282670999,2013,,0,0
W2166678989,2012,-0.7142857142857143,2,12
W2152521636,2012,0.0,4,4
W2018321015,2011,0.0,3,3
W2081964782,2011,-0.68,8,42
W2144150546,2011,0.5,3,1
W2126776599,2008,-0.72,7,43
W2161152375,2008,-0.6,10,40
W2171265848,2008,-0.4,12,28
W2066191229,2008,0.15384615384615385,15,11
W2159133636,2009,-0.8,5,45
W2006150671,2009,-0.6666666666666666,5,25
W2009296544,2008,-0.4117647058823529,5,12
W2097331574,2011,-0.7931034482758621,3,26
W2050914789,2008,-0.2222222222222222,7,11
W2130937896,2008,-0.4782608695652174,6,17
W1998201371,2012,-0.5384615384615384,3,10
W2145794653,2008,-0.09090909090909091,5,6
W2039129639,2009,0.6666666666666666,5,1
W2148774118,2010,0.0,1,1
W2014843449,2012,0.0,5,5
W2128759659,2010,-1.0,0,5
W2137064765,2011,-0.125,21,27
W2004717738,2014,-0.36,16,34
W1986692274,2011,0.043478260869565216,12,11
W2101445173,2010,0.3333333333333333,4,2
W2007569337,2013,-1.0,0,2
W1826982338,2009,,0,0
W2622266701,2008,,0,0
W2600497543,2011,-1.0,0,1
W2098700435,2009,-0.44,14,36
W2265289447,2016,-0.72,7,43
W1714665356,2013,-0.64,9,41
W2048195127,2014,-0.64,9,41
W2538374209,2016,-0.76,6,44
W2286300105,2016,-0.8,5,45
W1985854669,2015,-0.96,1,49
W2033507223,2009,-1.0,0,50
W2536015822,2016,-0.64,9,41
W2096961418,2008,-0.76,6,44
W2405765071,2013,-0.8,5,45
W232057064,2015,-0.96,1,49
W2268305941,2016,-0.4,15,35
W2047804176,2014,-0.96,1,49
W2414781555,2016,-0.56,11,39
W2516925101,2016,-0.76,6,44
W2534136119,2016,-0.48,13,37
W2047952076,2015,-0.9459459459459459,1,36
W2086310719,2011,-0.9,2,38
W2072112759,2012,-0.7647058823529411,4,30
W2337233909,2016,-0.7837837837837838,4,33
W1989813731,2011,-0.6111111111111112,7,29
W2058846446,2012,0.25,15,9
W2250372124,2015,-0.7073170731707317,6,35
W2181951910,2014,0.375,22,10
W1972799849,2013,-0.14285714285714285,12,16
W2086550423,2011,-0.5294117647058824,8,26
W2038950446,2011,-0.28,9,16
W1993799507,2010,-0.21739130434782608,9,14
W2472952455,2016,-0.8787878787878788,2,31
W2076971320,2014,-0.42857142857142855,6,15
W2576410866,2016,-0.84,2,23
W2294913637,2015,-0.1111111111111111,8,10
W2557321750,2016,-1.0,0,28
W316736541,2015,0.5789473684210527,15,4
W4240276947,2014,-0.14285714285714285,6,8
W2148959027,2012,-0.5,4,12
W2462809752,2016,-0.125,7,9
W2472187219,2016,0.0,6,6
W1985625024,2010,-0.3684210526315789,6,13
W2069391489,2009,-0.2,2,3
W2053552153,2012,-0.23076923076923078,5,8
W2042757136,2014,-0.2727272727272727,4,7
W2051865822,2014,-1.0,0,8
W1559348755,2013,-0.6,1,4
W2404429280,2014,-1.0,0,4
W2083222330,2011,-1.0,0,7
W2022846145,2013,-1.0,0,12
W2044696584,2014,-1.0,0,9
W2067738520,2013,0.2,6,4
W2109320546,2011,-0.5,1,3
W2011039951,2015,-0.1111111111111111,4,5
W1977347765,2015,0.0,3,3
W119176369,2012,0.5,3,1
W2119214045,2009,0.6363636363636364,9,2
W2045260043,2015,-0.3333333333333333,2,4
W2101257829,2009,0.0,2,2
W2005240732,2013,-0.3333333333333333,2,4
W2160457243,2013,-0.6,1,4
W1998412072,2011,-0.6666666666666666,1,5
W2519084221,2016,1.0,4,0
W2522697557,2016,-1.0,0,3
W2535440397,2016,0.5,3,1
W2739708817,2010,-0.3333333333333333,2,4
W2051645445,2012,-0.3333333333333333,1,2
W1981343269,2011,-1.0,0,3
W1537766174,2011,-1.0,0,3
W1983379686,2012,-1.0,0,3
W2327175847,2014,1.0,2,0
W1983369495,2015,-1.0,0,1
W134263152,2006,,0,0
W2317301099,2011,1.0,2,0
W296522903,2010,-1.0,0,2
W2400124070,2011,-1.0,0,2
W81790336,2014,-1.0,0,1
W1592347764,2011,-1.0,0,1
W2558556270,2016,-1.0,0,1
W337820460,2014,1.0,1,0
W2963053846,2015,-0.8,5,45
W2949989304,2016,-0.52,12,38
W2338325072,2016,-0.52,12,38
W1481017241,2013,-0.8181818181818182,1,10
W2429667833,2016,-0.76,6,44
W1525104212,2009,0.0,1,1
W2305815027,2016,-1.0,0,6
W2397957685,2010,-1.0,0,1
W197120630,2009,0.0,1,1
W2036196300,2012,-0.12,22,28
W4255820964,2013,-1.0,0,50
W2571343094,2012,-0.9591836734693877,1,48
W2039592987,2014,-0.6,10,40
W4252172911,2012,1.0,16,0
W2038652993,2011,-1.0,0,50
W2165755074,2012,-0.64,9,41
W4233450617,2012,0.28,32,18
W2949112927,2011,-0.9047619047619048,1,20
W1976151323,2011,-0.6,4,16
W1480355964,2010,-0.7297297297297297,5,32
W2567949245,2013,-1.0,0,17
W1999877046,2012,-1.0,0,25
W1585256533,2015,-1.0,0,20
W2346393863,2016,-0.8095238095238095,2,19
W2951400471,2011,-0.875,1,15
W2012193618,2014,-0.7,3,17
W2951794910,2011,-0.6,2,8
W1858787623,2011,-1.0,0,10
W2950930877,2013,0.5,6,2
W1510455279,2015,-1.0,0,4
W2060280062,2013,0.68,42,8
W126431888,2014,1.0,4,0
W2129322254,2012,-1.0,0,4
W2808390993,2013,-1.0,0,4
W2101942522,2008,-0.3333333333333333,2,4
W2307437521,2014,-0.8888888888888888,1,17
W2172156083,2011,0.2,30,20
W2161564564,2014,-0.6363636363636364,2,9
W2953232954,2014,-0.5,3,9
W2280000992,2016,-0.75,1,7
W2527398973,2016,0.0,4,4
W2950415939,2011,1.0,4,0
W4294590201,2016,1.0,8,0
W2117220605,2007,-1.0,0,5
W1668045384,2011,-1.0,0,2
W4302184630,2010,,0,0
W1818659651,2013,-1.0,0,3
W2949895329,2012,-1.0,0,1
W1832592836,2012,1.0,1,0
W2951216714,2012,-1.0,0,3
W2951656074,2016,1.0,1,0
W2952757999,2014,-1.0,0,1
W4298218777,2015,1.0,1,0
W2953247147,2012,-1.0,0,1
W2136400551,2011,-1.0,0,50
W2107220315,2011,-0.76,6,44
W2122059483,2008,-0.44,14,36
W2131275552,2010,0.12,28,22
W2110699536,2008,-0.21739130434782608,9,14
W2019411264,2012,-0.5263157894736842,9,29
W2117519317,2008,-0.8571428571428571,1,13
W2294461118,2011,-0.9259259259259259,1,26
W2048145195,2009,-0.5294117647058824,8,26
W2159513694,2008,-0.3333333333333333,5,10
W4252252519,2009,-0.8823529411764706,1,16
W2165760905,2006,1.0,5,0
W3107963428,2010,1.0,9,0
W2095759221,2009,-0.8571428571428571,1,13
W3009865963,2009,-1.0,0,12
W2169364172,2009,-0.8461538461538461,1,12
W2166061994,2006,-0.5555555555555556,2,7
W2161799970,2013,-0.6,2,8
W4234097778,2011,-1.0,0,5
W2138474453,2008,-0.7142857142857143,1,6
W3152397865,2008,-0.3333333333333333,2,4
W2139770854,2010,-0.2,4,6
W3014790484,2013,1.0,1,0
W2111765806,2011,-0.6,10,40
W2028622255,2011,-0.88,3,47
W2054636385,2011,-0.5,12,36
W1971139410,2015,-0.8,5,45
W2155691344,2014,-0.68,8,42
W2067432065,2015,-0.8,5,45
W2003444207,2015,-0.76,6,44
W4243718993,2013,-0.4838709677419355,8,23
W2148918736,2010,-0.8620689655172413,2,27
W2109892325,2014,-0.8823529411764706,2,32
W1989703131,2014,-0.9333333333333333,1,29
W2116769849,2013,-0.47368421052631576,5,14
W2075465263,2015,-0.7857142857142857,3,25
W4230388127,2015,-0.8947368421052632,1,18
W2025704776,2015,-1.0,0,18
W104259430,2011,-0.9047619047619048,1,20
W4243710896,2012,-0.5384615384615384,3,10
W2012477604,2014,-0.8823529411764706,1,16
W1971674111,2015,-0.8666666666666667,1,14
W4252889632,2014,-0.875,1,15
W2197338197,2015,-0.8823529411764706,1,16
W2146298624,2013,-0.5384615384615384,3,10
W2023738112,2013,-0.5714285714285714,3,11
W2244080217,2015,-1.0,0,9
W2063019338,2012,-1.0,0,11
W3149068867,2012,-1.0,0,10
W2403674054,2015,1.0,5,0
W1975496224,2011,,0,0
W1990181683,2010,-0.5555555555555556,2,7
W2099119556,2013,-0.5555555555555556,2,7
W2105220928,2012,-0.6,1,4
W194224636,2014,-0.4,3,7
W2397021971,2014,0.5,3,1
W2083968452,2011,-1.0,0,9
W4233715190,2015,-1.0,0,3
W2799155702,2010,1.0,2,0
W2090963588,2013,1.0,2,0
W2401617777,2016,,0,0
W2407772006,2015,1.0,2,0
W1581498016,2014,1.0,1,0
W2047964251,2012,1.0,1,0
W3108494467,2013,1.0,1,0
W1912605153,2013,-1.0,0,5
W2146044140,2010,-0.8,5,45
W2133859873,2009,-0.08,23,27
W1987650503,2013,0.04,26,24
W2043253283,2014,-0.4,15,35
W2064352477,2014,-0.52,12,38
W2075965177,2014,-0.48936170212765956,12,35
W2136319207,2011,-0.13513513513513514,16,21
W4233784018,2013,-0.3953488372093023,13,30
W1557855756,2008,-0.5121951219512195,10,31
W1925666667,2014,-0.7419354838709677,4,27
W2291637985,2015,-0.7894736842105263,4,34
W2243696877,2015,-0.84,2,23
W2138969934,2009,-0.2,10,15
W2231146748,2014,-0.09090909090909091,5,6
W2390023337,2016,-0.4166666666666667,7,17
W1939897735,2009,-0.625,3,13
W1561278403,2010,-0.4117647058823529,5,12
W2077882012,2008,-0.2,4,6
W1598051818,2009,0.0,6,6
W2042456368,2010,-0.5555555555555556,2,7
W2128927344,2014,-0.3333333333333333,3,6
W2464211874,2016,-0.6,2,8
W2017682652,2014,-1.0,0,9
W4235459228,2015,-1.0,0,9
W2012321556,2013,-0.3333333333333333,2,4
W1957748203,2012,0.14285714285714285,4,3
W2160505286,2012,-0.3333333333333333,3,6
W2029992173,2015,-0.7777777777777778,1,8
W4302791882,2012,1.0,5,0
W119977593,2013,0.0,1,1
W2068771848,2012,0.0,1,1
W1769365178,2013,-0.6,1,4
W1504493287,2008,0.0,1,1
W2169063148,2010,-0.96,1,49
W2056514427,2015,-0.7272727272727273,6,38
W2083222184,2015,-0.56,11,39
W2106860490,2011,-0.48,13,37
W1600639883,2012,-0.6086956521739131,9,37
W3148345308,2012,-0.7,6,34
W2058554556,2013,-0.7142857142857143,7,42
W2417128866,2016,-0.5555555555555556,6,21
W2092221178,2012,-0.8260869565217391,2,21
W2159181605,2008,0.6,40,10
W2082700856,2012,-0.7,3,17
W4233529774,2013,-0.29411764705882354,6,11
W2159901505,2011,-0.7777777777777778,2,16
W2093264672,2008,-0.3333333333333333,2,4
W1968730996,2014,-0.8,1,9
W2566623417,2016,-0.42857142857142855,6,15
W2084901307,2014,-0.75,2,14
W1964014481,2015,-1.0,0,12
W2169441005,2013,-0.7142857142857143,2,12
W1571371050,2014,-0.6363636363636364,2,9
W1992325245,2014,-0.6666666666666666,2,10
W2036783278,2014,-0.25,3,5
W2144350709,2008,-1.0,0,9
W1516913161,2010,0.6,4,1
W2400542543,2009,0.5,3,1
W1971129844,2015,0.2,3,2
W2089632474,2010,-0.3333333333333333,1,2
W4241641046,2015,0.0,2,2
W4245418861,2013,-1.0,0,1
W3139777227,2008,1.0,1,0
W2094390735,2013,-0.3333333333333333,1,2
W2142575625,2008,1.0,1,0
W1152313072,2015,1.0,1,0
W2090471195,2009,-0.06666666666666667,14,16
W851319609,2015,-1.0,0,1
W1970264769,2010,-0.9111111111111111,2,43
W2122987719,2010,-0.48,13,37
W2553146174,2016,-0.9090909090909091,1,21
W2090855231,2011,-0.8181818181818182,1,10
W1978609982,2012,-0.4,15,35
W1979100395,2013,-0.68,8,42
W1996552124,2013,-0.6,5,20
W2156103833,2011,0.22580645161290322,19,12
W2017107296,2015,-0.4166666666666667,7,17
W2150775529,2012,-0.3888888888888889,11,25
W2045450443,2014,0.034482758620689655,15,14
W3140799696,2012,-0.2631578947368421,7,12
W2099114625,2011,0.16666666666666666,7,5
W2394764681,2015,0.0,12,12
W1104720650,2013,-0.4666666666666667,4,11
W2010422928,2012,-0.3333333333333333,2,4
W2107083639,2010,0.0,1,1
W144477540,2010,1.0,1,0
W2725090270,2011,1.0,6,0
W2618277067,2011,1.0,21,0
W2792443233,2011,1.0,50,0
W2790863888,2014,0.9354838709677419,30,1
W2294131806,2015,-0.24,19,31
W2193530801,2014,-0.52,12,38
W2479998739,2016,-0.36,16,34
W1007029184,2014,-0.9285714285714286,1,27
W2187690660,2015,-0.8604651162790697,3,40
W2106251409,2015,-0.8857142857142857,2,33
W2309621853,2016,-0.6296296296296297,5,22
W2522602446,2016,-0.5,6,18
W1709921721,2014,-1.0,0,16
W1911710854,2013,-0.6,4,16
W2523288326,2016,0.6470588235294118,14,3
W1667254790,2014,-0.6666666666666666,3,15
W263998227,2015,-1.0,0,11
W1544585409,2010,-0.6,1,4
W2055865360,2013,-0.14285714285714285,3,4
W2612548293,2015,1.0,5,0
W2148552911,2011,-0.7777777777777778,1,8
W62367005,2008,-0.5,1,3
W2394918446,2015,-1.0,0,4
W2405421165,2014,-1.0,0,2
W2512254913,2016,-1.0,0,4
W2399501190,2014,-1.0,0,3
W2296217597,2015,-1.0,0,1
W2951721119,2015,-0.3333333333333333,2,4
W2949504124,2011,-1.0,0,3
W2467059325,2014,-1.0,0,2
W2058346864,2012,-0.4444444444444444,5,13
W2059147177,2013,-0.28,18,32
W2126541908,2011,-0.36,16,34
W2114254062,2012,-0.64,9,41
W2341844252,2016,0.64,41,9
W2042716381,2013,-0.04,24,26
W2232084723,2015,-0.3469387755102041,16,33
W2154682196,2011,-0.3548387096774194,10,21
W2090236154,2014,-0.5172413793103449,7,22
W2339264483,2016,-0.25925925925925924,10,17
W2406246486,2012,-0.8823529411764706,2,32
W2168852940,2013,-0.92,1,24
W1967893237,2014,0.75,14,2
W2122816361,2010,-0.9166666666666666,1,23
W2226975844,2015,-0.2727272727272727,8,14
W2146067979,2010,-0.9230769230769231,1,25
W2154541546,2015,1.0,26,0
W2532649759,2016,1.0,26,0
W2095609152,2011,-0.9130434782608695,1,22
W2193856031,2013,-1.0,0,10
W2026077136,2013,-1.0,0,14
W2163668347,2009,-0.9090909090909091,1,21
W2101571534,2013,-0.875,1,15
W2165864074,2009,-1.0,0,14
W2146329061,2010,-0.8461538461538461,1,12
W2261572927,2015,-0.625,3,13
W1929891781,2015,-0.7142857142857143,1,6
W1959430542,2015,-1.0,0,11
W2160486718,2012,-1.0,0,2
W2573807817,2016,0.5,3,1
W2130678865,2013,-1.0,0,13
W2301030643,2016,-0.3333333333333333,2,4
W2577433652,2016,-0.6666666666666666,1,5
W2130905469,2011,-0.42857142857142855,2,5
W2136446161,2014,-1.0,0,4
W2395910292,2011,-0.6666666666666666,1,5
W2573069365,2016,0.0,2,2
W2578751343,2016,-0.3333333333333333,1,2
W2060427995,2012,-1.0,0,3
W2125622661,2012,-1.0,0,5
W2169907154,2011,1.0,2,0
W2248652201,2011,1.0,2,0
W2394764734,2015,,0,0
W1497771634,2010,-1.0,0,1
W2576985646,2016,1.0,1,0
W2587528913,2015,-1.0,0,1
W1653674893,2013,-1.0,0,11
W2295884441,2014,-0.7777777777777778,2,16
W2952774624,2016,-1.0,0,1
W1982170863,2011,-0.52,12,38
W2107625832,2012,-1.0,0,50
W2105144556,2012,-0.12,22,28
W1494749725,2012,0.08,27,23
W3163671086,2011,-0.48,13,37
W2152342555,2010,-0.56,11,39
W2051929895,2014,-0.84,4,46
W2047932983,2014,-0.44,14,36
W2546700599,2016,-0.64,9,41
W2123591640,2012,-0.24,19,31
W3004350858,2012,-0.26666666666666666,11,19
W2112094394,2013,-1.0,0,50
W1996597901,2011,0.6666666666666666,35,7
W2173652028,2015,-0.35,13,27
W2525282885,2016,0.2,18,12
W4238782378,2010,-0.3333333333333333,3,6
W787935690,2015,-0.8666666666666667,1,14
W2103638655,2008,-0.7333333333333333,2,13
W2030201370,2014,-0.2,6,9
W1982227954,2012,0.375,11,5
W2046420845,2014,-0.4666666666666667,4,11
W1566832690,2013,-0.6363636363636364,2,9
W2145939969,2009,,0,0
W2136364591,2013,-0.2,2,3
W2093766460,2014,-1.0,0,1
W2280744451,2013,-1.0,0,4
W2952603327,2013,-0.42857142857142855,2,5
W2115721786,2015,-0.72,7,43
W2143472559,2008,-0.04,24,26
W2164298032,2011,-0.24,19,31
W2950942037,2012,-0.6470588235294118,3,14
W1598995842,2015,0.48,37,13
W2109673240,2012,-0.16,21,29
W2124631616,2013,0.0,25,25
W3004993287,2015,-0.68,8,42
W110155494,2013,-0.55,9,31
W4237364255,2011,0.38461538461538464,9,4
W2122912905,2014,-0.9,2,38
W2134487882,2012,-0.13333333333333333,13,17
W2101524538,2009,0.08333333333333333,13,11
W2169147512,2008,-0.75,2,14
W4256601485,2012,1.0,9,0
W3148353690,2013,-1.0,0,5
W109283877,2009,-0.8571428571428571,1,13
W4256743852,2011,0.3333333333333333,4,2
W174771529,2013,-0.7142857142857143,1,6
W204388872,2012,-0.7142857142857143,1,6
W2261702200,2015,-1.0,0,2
W1971583858,2011,-0.1,9,11
W1973602439,2014,-0.68,8,42
W2008251177,2011,-0.68,8,42
W2270249641,2016,-0.08,23,27
W2043382629,2013,-0.64,9,41
W1976187638,2012,-0.9,1,19
W2153082595,2014,-1.0,0,30
W2165833384,2011,-0.5714285714285714,6,22
W2104083296,2015,-0.7894736842105263,2,17
W2535228553,2016,-0.875,1,15
W2160368229,2013,-0.2222222222222222,7,11
W2036823777,2013,-0.7,3,17
W2075874021,2013,-0.25,3,5
W2069077938,2014,-0.5,2,6
W2034654712,2013,-1.0,0,11
W2158649712,2013,0.0,3,3
W2141281266,2012,-0.42857142857142855,2,5
W2086742730,2012,-1.0,0,1
W2251291395,2013,-1.0,0,3
W2106785574,2011,1.0,2,0
W2120015434,2010,-0.68,8,42
W2049250173,2012,-0.96,1,49
W2963300816,2014,-0.64,9,41
W2167026441,2013,-0.84,4,46
W2109999391,2016,-0.9047619047619048,2,40
W2963687412,2016,1.0,49,0
W2143238292,2014,-0.72,7,43
W2124988974,2011,-0.9130434782608695,1,22
W2105724942,2014,-0.64,9,41
W2012575779,2010,-0.8260869565217391,2,21
W2112694609,2009,-1.0,0,27
W1505105018,2012,-0.5384615384615384,6,20
W2963396025,2015,0.48148148148148145,20,7
W2004891662,2012,-0.5,5,15
W1856913691,2015,-0.6551724137931034,5,24
W2136110891,2011,-1.0,0,21
W2963440164,2016,-0.7931034482758621,3,26
W2036656549,2011,-0.8095238095238095,2,19
W2407000478,2013,1.0,24,0
W1994400630,2013,-0.7777777777777778,1,8
W2963494673,2016,-0.29411764705882354,6,11
W2963309201,2015,0.07692307692307693,7,6
W2141002933,2007,-0.7777777777777778,4,32
W2139144361,2008,-0.17647058823529413,7,10
W2141353180,2008,-0.6,4,16
W2952892048,2011,-0.75,2,14
W2762632680,2014,-1.0,0,6
W1552178784,2012,1.0,13,0
W2134568522,2009,-0.5714285714285714,3,11
W2553563233,2014,-0.8,1,9
W1527865336,2013,1.0,10,0
W1581946835,2011,-1.0,0,11
W2001622826,2013,-1.0,0,2
W2097182131,2010,-1.0,0,4
W2962984997,2016,-0.8333333333333334,1,11
W1812168191,2014,0.0,2,2
W2165799160,2009,0.1111111111111111,5,4
W2568950526,2012,0.0,1,1
W2118911613,2011,-0.3333333333333333,1,2
W2079148610,2010,-1.0,0,14
W2132216713,2011,-1.0,0,3
W2157194148,2011,-0.5,1,3
W1500753124,2011,1.0,6,0
W2259318968,2010,-0.3333333333333333,2,4
W2061248288,2009,-1.0,0,17
W2152999057,2010,-1.0,0,2
W2114514119,2008,-0.42857142857142855,4,10
W2119379703,2006,-0.8333333333333334,1,11
W2066894657,2008,-0.42857142857142855,2,5
W2130233156,2006,-1.0,0,6
W2159230189,2008,-1.0,0,4
W2014617279,2009,0.0,3,3
W2131645751,2007,-1.0,0,4
W3003687308,2008,0.0,1,1
W2550836686,2010,-1.0,0,1
W1637368055,2014,1.0,1,0
W1971342563,2009,-1.0,0,1
W2963354189,2016,1.0,1,0
W2953337630,2012,-0.72,7,43
W2106037979,2014,-0.92,2,48
W1955967056,2014,-0.68,8,42
W2121044254,2011,-0.8,2,18
W2149655761,2012,-0.2777777777777778,13,23
W2096575354,2015,-0.15789473684210525,8,11
W1908400401,2013,-0.15384615384615385,11,15
W2161260504,2011,-0.9047619047619048,1,20
W122168659,2014,-0.7142857142857143,2,12
W1766159063,2013,-0.7391304347826086,3,20
W1493795868,2010,1.0,13,0
W4300824154,2013,1.0,23,0
W4252450363,2010,-0.6666666666666666,1,5
W2162636131,2014,-0.8666666666666667,1,14
W2116059156,2013,-0.2727272727272727,4,7
W1768680127,2015,0.5714285714285714,11,3
W2472385082,2016,1.0,12,0
W2693489730,2016,-0.6363636363636364,2,9
W1647170118,2010,-1.0,0,8
W1908434835,2013,0.0,3,3
W2023174325,2007,-0.4,3,7
W1595362759,2012,-1.0,0,6
W2273762088,2016,-0.6,1,4
W2949319534,2013,0.0,3,3
W1503133374,2010,1.0,2,0
W2416462230,2016,0.0,2,2
W1579740965,2012,-1.0,0,5
W2475033241,2016,-1.0,0,3
W2116731696,2009,-1.0,0,1
W2096028687,2008,-1.0,0,5
W2950455095,2010,-1.0,0,3
W317628462,2013,,0,0
W2524173746,2016,0.3333333333333333,2,1
W2544187956,2010,1.0,1,0
W4244927025,2010,-1.0,0,2
W2951964703,2011,,0,0
W2543626770,2010,-1.0,0,2
W2157985804,2012,0.0,1,1
W2338303746,2016,0.0,1,1
W2951247058,2011,-1.0,0,1
W2963224859,2012,0.0,1,1
W2150746258,2008,-1.0,0,1
W2313223001,2010,-1.0,0,1
W2409661879,2016,-1.0,0,1
W4234137286,2008,1.0,2,0
W2138454691,2009,-1.0,0,1
W2950771882,2010,-1.0,0,1
W2033784322,2012,0.3333333333333333,10,5
W2119228369,2009,0.5,6,2
W2417800902,2016,0.64,41,9
W1825603816,2014,-0.2,20,30
W2294747777,2016,-0.16,21,29
W1995790197,2011,-0.48,13,37
W2051452441,2015,-0.3548387096774194,10,21
W2097379719,2011,0.36,34,16
W2080332495,2012,-0.5,5,15
W2001897379,2013,-0.375,5,11
W2126764985,2013,-1.0,0,9
W2517692780,2014,1.0,1,0
W1919886559,2014,-0.4117647058823529,10,24
W2585899607,2013,-1.0,0,9
W2214510500,2012,-0.7777777777777778,1,8
W2314336249,2016,-1.0,0,3
W122161529,2013,0.0,6,6
W1580799589,2015,-1.0,0,6
W2141076336,2013,-0.2653061224489796,18,31
W2178011018,2016,-1.0,0,50
W2098360054,2014,-0.6666666666666666,2,10
W2109237987,2011,-0.9411764705882353,1,33
W2080654168,2015,-0.6666666666666666,2,10
W1769087895,2008,-0.14285714285714285,3,4
W2562376154,2016,-1.0,0,12
W2404448755,2014,-1.0,0,10
W1641860851,2013,-1.0,0,10
W1522772123,2010,-1.0,0,8
W2136023657,2010,-1.0,0,6
W1563327370,2008,-1.0,0,4
W4235914513,2011,1.0,3,0
W1854960439,2009,-1.0,0,1
W4412303316,2012,,0,0
W2128520215,2008,,0,0
W4300885461,2015,1.0,4,0
W1583877363,2013,-1.0,0,2
W2212750940,2014,-1.0,0,1
W4239254359,2013,1.0,3,0
W2527712682,2016,-1.0,0,3
W4237864686,2013,1.0,1,0
W3037094428,2015,-1.0,0,1
W2403449405,2010,1.0,9,0
W2952271120,2008,,0,0
W2951104067,2013,,0,0
W1503225686,2014,-1.0,0,5
W1782827297,2009,-1.0,0,4
W2145159812,2014,-1.0,0,2
W2953075213,2015,-1.0,0,1
W4301242114,2010,1.0,1,0
W2190012392,2015,-0.08,23,27
W2536574992,2016,-0.64,9,41
W2100975384,2010,-0.6521739130434783,4,19
W2106625078,2014,-0.2,20,30
W2130846554,2011,-0.6,9,36
W1983224729,2008,-0.2,20,30
W187271159,2009,-0.2727272727272727,16,28
W1967155922,2008,-0.2857142857142857,10,18
W2098095723,2014,-0.875,2,30
W4230948688,2012,0.058823529411764705,18,16
W2018425507,2010,0.391304347826087,16,7
W2141005708,2008,-0.2,10,15
W2135447503,2011,-0.68,4,21
W1975747310,2012,0.2,3,2
W2584041701,2016,-0.6,2,8
W2122225167,2012,-0.30434782608695654,8,15
W2135247072,2014,-1.0,0,3
W4233915845,2014,1.0,2,0
W2076378825,2011,-1.0,0,1
W2396205713,2012,-1.0,0,1
W2159484375,2013,-0.7142857142857143,1,6
W78147947,2008,0.0,1,1
W2400282174,2016,0.12,28,22
W2146532238,2008,-0.52,12,38
W1989492148,2012,-0.5238095238095238,10,32
W2005776078,2009,-0.6470588235294118,3,14
W1887230574,2014,-0.6363636363636364,4,18
W1572904055,2008,-0.36,16,34
W2295492139,2012,-0.8181818181818182,1,10
W1440600817,2014,-0.42857142857142855,4,10
W48887007,2008,1.0,7,0
W4234512893,2012,0.2,6,4
W4245247914,2008,0.5,6,2
W2914704971,2008,1.0,2,0
W2089275169,2011,-0.2,2,3
W2159000301,2008,1.0,1,0
W4236702796,2012,0.0,1,1
W2188031625,2009,-1.0,0,2
W165384900,2006,1.0,7,0
W2067698033,2007,-1.0,0,2
W2474199760,2016,-0.36,16,34
W2164173709,2011,0.25925925925925924,17,10
W2136522867,2014,0.04,13,12
W2338895451,2016,-0.45454545454545453,3,8
W2135484285,2012,-1.0,0,5
W2109359427,2009,-0.6,1,4
W2133250057,2010,0.3333333333333333,2,1
W3122125470,2012,-0.52,12,38
W2140552474,2008,-1.0,0,4
W2214279407,2015,0.5,3,1
W18143179,2014,,0,0
W2110376103,2011,,0,0
W2182620469,2009,,0,0
W2204766615,2015,0.3333333333333333,4,2
W160458139,2014,0.0,1,1
W2560773083,2016,1.0,5,0
W2202849354,2015,0.6,4,1
W2561468556,2016,1.0,4,0
W3013554697,2015,1.0,2,0
W2562084149,2015,-1.0,0,2
W2559773466,2016,1.0,1,0
W2610291238,2016,1.0,17,0
W2364071307,2016,-0.25,3,5
W2585656250,2016,1.0,1,0
W2958395200,2016,-1.0,0,3
W1942772871,2015,-1.0,0,1
W2145864226,2011,-0.48,13,37
W3121736548,2014,-1.0,0,4
W3122751082,2016,-1.0,0,3
W2129606165,2012,-0.5121951219512195,10,31
W2329692937,2010,0.38461538461538464,18,8
W1538864647,2010,-0.8620689655172413,2,27
W319070645,2009,-0.8571428571428571,1,13
W2145838234,2007,-0.15384615384615385,11,15
W1990967965,2011,0.6666666666666666,5,1
W2053990123,2008,-1.0,0,14
W2029580091,2013,-1.0,0,6
W2120742335,2008,-0.7142857142857143,1,6
W2018700200,2014,0.2,3,2
W1857382942,2013,-1.0,0,4
W1529582863,2011,1.0,7,0
W2100684772,2005,-0.44,14,36
W2168120333,2014,-0.6,10,40
W2053284854,2006,-0.9166666666666666,2,46
W1604475812,2005,-0.44,14,36
W108171241,2005,-0.76,6,44
W2167289276,2007,-1.0,0,50
W2168169810,2012,-0.72,7,43
W2050143279,2015,-1.0,0,39
W2022988079,2010,-0.72,7,43
W2162366707,2008,-0.76,6,44
W2121608560,2013,-0.7368421052631579,5,33
W1717366613,2010,0.391304347826087,16,7
W3100976664,2012,-0.4074074074074074,8,19
W2092106837,2012,-1.0,0,15
W637360881,2012,-0.9047619047619048,1,20
W1600735852,2011,-0.6,2,8
W2401569657,2013,1.0,11,0
W2097828858,2010,-0.1111111111111111,4,5
W2171453670,2015,0.2,3,2
W2164524572,2007,-0.7037037037037037,4,23
W2074435445,2008,-0.6190476190476191,4,17
W1631206385,2010,-0.15384615384615385,11,15
W2127270603,2010,-0.8823529411764706,1,16
W1497293816,2008,-0.2,6,9
W65187359,2008,-0.6,2,8
W112535059,2008,-0.3333333333333333,6,12
W2547973057,2011,-1.0,0,7
W2108990592,2013,-0.38461538461538464,4,9
W93518536,2013,-0.7142857142857143,1,6
W151145963,2006,-0.6190476190476191,4,17
W3147622907,2006,-0.42857142857142855,2,5
W2157699810,2007,-1.0,0,10
W43943494,2008,-1.0,0,6
W2142466933,2008,-1.0,0,9
W73995978,2009,-1.0,0,5
W263632225,2014,-1.0,0,5
W145760956,2005,-0.7297297297297297,5,32
W2139966165,2008,-0.125,7,9
W1509079692,2007,-1.0,0,11
W2020248732,2006,-0.2,2,3
W1439709477,2011,-0.6,1,4
W2396601345,2014,-0.6,1,4
W2475457858,2014,1.0,1,0
W2156350347,2011,-0.3333333333333333,1,2
W2161310590,2013,-1.0,0,3
W77819569,2014,-1.0,0,2
W8633071,2012,-1.0,0,2
W177772396,2008,-1.0,0,9
W2125283203,2005,-1.0,0,5
W2100864493,2010,0.0,3,3
W2572425474,2010,,0,0
W2468755302,2010,0.0,2,2
W2398503925,2015,-1.0,0,2
W2405593771,2013,-1.0,0,2
W2406144279,2014,-1.0,0,1
W1857926731,2013,-1.0,0,15
W3163321721,2012,-0.3333333333333333,1,2
W3156009147,2015,-1.0,0,2
W1965631443,2005,1.0,1,0
W2124318441,2010,-0.2,20,30
W2147252560,2010,-0.2727272727272727,8,14
W2054897445,2012,-1.0,0,7
W2142869276,2010,-0.12,22,28
W2042182155,2010,-0.5,1,3
W1966055895,2010,1.0,2,0
W2104029268,2010,0.36,34,16
W2140420369,2010,-0.12,22,28
W2129146498,2010,-0.24,19,31
W1989396656,2011,-0.8823529411764706,1,16
W1998235390,2011,-0.3333333333333333,1,2
W2000143187,2011,-0.88,3,47
W2032137897,2010,-0.875,1,15
W2066315437,2014,0.4666666666666667,11,4
W2025258788,2012,0.1111111111111111,5,4
W2015666476,2011,0.0,3,3
W2059852164,2012,0.3333333333333333,6,3
W1985317407,2008,-0.6,2,8
W2392542003,2015,-0.7777777777777778,1,8
W2073319875,2010,0.3333333333333333,2,1
W2080458205,2013,-0.42857142857142855,2,5
W1998645544,2010,,0,0
W2014903462,2014,-0.42857142857142855,2,5
W2463472215,2015,,0,0
W2414742568,2015,0.0,1,1
W1978350127,2011,-1.0,0,3
W2111919883,2013,1.0,2,0
W2119698661,2010,0.24,31,19
W1990702075,2012,,0,0
W1972544475,2011,-0.3333333333333333,4,8
W1567686558,2010,1.0,1,0
W2034166078,2010,-0.2727272727272727,4,7
W2611179066,2008,-0.3684210526315789,12,26
W1642723078,2006,-1.0,0,2
W2104113460,2010,-0.6,10,40
W2119332773,2011,-0.12,22,28
W2109688080,2012,-0.76,6,44
W2083897630,2014,-0.64,9,41
W1965442176,2010,-0.8,5,45
W2072889429,2009,-0.28,18,32
W2250851590,2015,-0.6,10,40
W1509849758,2015,-0.6170212765957447,9,38
W2096742765,2012,-0.627906976744186,8,35
W1862719289,2014,-0.5172413793103449,7,22
W77849806,2012,-0.3333333333333333,13,26
W2100132811,2014,-0.875,2,30
W2191246356,2015,-0.0625,15,17
W2015290450,2015,-0.5757575757575758,7,26
W2135280188,2010,-0.5151515151515151,8,25
W2127701157,2008,-1.0,0,29
W1539773714,2007,-0.6,2,8
W1494776307,2011,-0.4117647058823529,5,12
W2114661200,2013,-0.5294117647058824,4,13
W2250959792,2014,0.29411764705882354,11,6
W2295250485,2013,-0.44,7,18
W2044190113,2013,-0.5384615384615384,3,10
W4293651041,2013,-0.29411764705882354,6,11
W285554160,2015,-0.7142857142857143,2,12
W820536147,2010,-0.2727272727272727,4,7
W1525875379,2010,-0.6666666666666666,2,10
W3196701288,2015,-0.7333333333333333,2,13
W2138398416,2012,0.09090909090909091,6,5
W2251081996,2014,-0.2727272727272727,4,7
W1975388913,2012,0.0,2,2
W1656690710,2015,-0.8,1,9
W2250249525,2014,-0.6923076923076923,2,11
W2283260092,2015,-0.2727272727272727,4,7
W1507631005,2007,0.3333333333333333,4,2
W2251117008,2015,-0.4,3,7
W2021638225,2012,0.1111111111111111,5,4
W1586051859,2009,-0.6666666666666666,1,5
W2252085576,2015,-1.0,0,9
W1586229033,2008,-1.0,0,2
W2797259127,2013,0.0,3,3
W1540345917,2012,-0.3333333333333333,3,6
W1555836633,2009,-0.6,2,8
W1494820159,2010,-0.75,1,7
W1949454573,2015,0.6666666666666666,5,1
W1480330719,2010,-0.2,2,3
W2250300234,2014,-0.6,1,4
W2092309527,2014,-0.3333333333333333,2,4
W104303627,2008,-1.0,0,3
W2187049220,2014,-1.0,0,5
W2072392061,2014,,0,0
W1564948166,2008,1.0,3,0
W2142168523,2014,-0.3333333333333333,1,2
W2251207152,2014,-1.0,0,4
W2397435775,2015,1.0,2,0
W2106983980,2012,1.0,1,0
W2991635530,2014,1.0,1,0
W4250088061,2014,-1.0,0,1
W2145343070,2009,-1.0,0,11
W2091149290,2014,-0.3333333333333333,2,4
W1982304915,2010,-0.6666666666666666,6,30
W2134249758,2010,-0.14285714285714285,3,4
W1970495273,2012,-0.7777777777777778,1,8
W2016131321,2012,-0.3333333333333333,1,2
W2399548505,2012,-1.0,0,2
W2103188316,2008,-0.84,4,46
W2123945507,2010,-0.28,18,32
W2011458734,2008,-0.14893617021276595,20,27
W2122060876,2012,-0.36,16,34
W2166271660,2010,0.08,27,23
W2133363731,2011,-0.44,7,18
W3147133761,2012,-0.8536585365853658,3,38
W2110617721,2009,-0.5,4,12
W2120755390,2014,-0.5,8,24
W2151181659,2012,-0.48148148148148145,7,20
W1968278615,2011,-0.6666666666666666,3,15
W3014903559,2008,1.0,1,0
W2018433144,2014,-0.8461538461538461,1,12
W2083582553,2008,-0.6666666666666666,2,10
W3152068601,2012,-0.7333333333333333,2,13
W2106133082,2009,-1.0,0,3
W2040027946,2009,-0.38461538461538464,4,9
W2129621441,2007,-0.8666666666666667,1,14
W2099901245,2008,-1.0,0,7
W2042113112,2006,-0.3333333333333333,2,4
W2095732128,2007,-1.0,0,4
W2162041741,2007,-0.6,1,4
W63798431,2009,,0,0
W1831843218,2015,-0.7142857142857143,5,30
W1988662062,2010,1.0,1,0
W2030790940,2010,-0.2,2,3
W10765648,2013,-0.6,4,16
W1986917591,2012,-0.6,2,8
W2149684715,2012,0.0,25,25
W1874624425,2014,-0.3333333333333333,2,4
W2146453284,2012,-1.0,0,1
W1674879387,2012,-1.0,0,8
W2952278336,2015,0.0,1,1
W2132046078,2014,-1.0,0,2
W1515884010,2010,-1.0,0,1
W2123476762,2009,-0.68,8,42
W2060017308,2012,-0.28,18,32
W2030239032,2012,-0.68,8,42
W2091381870,2010,-0.52,12,38
W2146356176,2010,-0.56,11,39
W2109966714,2012,0.12,28,22
W2073178357,2011,-0.28,18,32
W2169970157,2010,-0.2,20,30
W2119462974,2014,-0.56,11,39
W2090987777,2013,0.48,37,13
W1967868690,2011,-0.16,21,29
W2104185402,2012,-0.64,9,41
W2524052287,2015,-0.4,15,35
W2034405392,2011,-0.72,7,43
W1973166106,2011,-0.16,21,29
W1969396734,2014,0.12,28,22
W2127021547,2013,-0.52,12,38
W2132526688,2010,-0.44,14,36
W66295247,2013,-0.92,2,48
W2162983389,2012,-0.5813953488372093,9,34
W2110618516,2011,0.0,25,25
W2014318101,2014,-0.88,3,47
W1965310012,2013,-0.64,9,41
W2075422010,2010,0.0,25,25
W2295458067,2015,-0.64,9,41
W2162597991,2011,-0.04,24,26
W2166549471,2008,-0.5813953488372093,9,34
W1529703297,2015,-0.76,6,44
W2021836911,2013,-0.34782608695652173,15,31
W2054705465,2013,-0.36,16,34
W2089419957,2013,-0.68,8,42
W2332151664,2014,-0.14893617021276595,20,27
W1983693257,2009,-0.5,9,27
W2152798363,2011,0.4375,23,9
W2130551617,2008,0.1875,19,13
W63252850,2011,-0.5111111111111111,11,34
W2113737616,2010,-0.08108108108108109,17,20
W2028656035,2013,-0.75,3,21
W1992636486,2013,-0.4166666666666667,7,17
W2087090541,2013,0.10344827586206896,16,13
W2015333905,2012,0.18181818181818182,13,9
W2122588792,2011,0.14285714285714285,16,12
W1594545887,2014,-0.5454545454545454,5,17
W2057034415,2012,-0.52,6,19
W1996923958,2012,0.3793103448275862,20,9
W2478052562,2013,-0.3,7,13
W1980959677,2014,-0.05263157894736842,9,10
W2103399765,2011,-0.7142857142857143,3,18
W2121436309,2014,-0.8260869565217391,2,21
W1512092107,2015,0.7142857142857143,18,3
W2147997661,2012,-0.8947368421052632,1,18
W1983936084,2008,-0.5,4,12
W2009841349,2010,0.0,10,10
W2123973640,2011,-0.5294117647058824,4,13
W1996436391,2014,0.6470588235294118,14,3
W2064824009,2013,-0.07692307692307693,6,7
W2050477936,2014,0.8,9,1
W2005245397,2014,-1.0,0,3
W2401895448,2013,-0.75,2,14
W2104756876,2014,0.5789473684210527,15,4
W2003349953,2012,-0.2,4,6
W2069667861,2013,-0.5,2,6
W2110455629,2011,-1.0,0,12
W2108118489,2013,-0.2,6,9
W1979251287,2013,-0.07692307692307693,6,7
W267945564,2015,-0.4,3,7
W2105234520,2011,0.6,12,3
W2169538138,2011,0.45454545454545453,8,3
W2164972021,2012,-0.6666666666666666,2,10
W2157062565,2013,0.09090909090909091,6,5
W2036666297,2014,-0.5555555555555556,2,7
W1984358082,2012,-0.42857142857142855,2,5
W16281918,2013,1.0,4,0
W1980609459,2014,0.2,3,2
W2092068060,2012,0.2,3,2
W2125410625,2011,0.3333333333333333,2,1
W2039506936,2010,1.0,4,0
W2522153364,2015,0.3333333333333333,2,1
W1889380734,2012,-1.0,0,3
W2545176281,2015,0.0,2,2
W179281025,2012,-1.0,0,3
W2147542973,2014,1.0,3,0
W2089461653,2014,1.0,2,0
W2034135835,2014,-0.3333333333333333,1,2
W2082231961,2007,-1.0,0,2
W2051778101,2011,-0.3333333333333333,1,2
W2074381702,2013,-1.0,0,2
W2240508447,2015,1.0,4,0
W2185999702,2012,-0.3333333333333333,1,2
W2222600081,2012,0.0,1,1
W2293573259,2015,,0,0
W1999255099,2014,-1.0,0,2
W2204606884,2015,-1.0,0,1
W2088568689,2011,,0,0
W2089902647,2011,,0,0
W1999341978,2014,1.0,1,0
W2017698824,2014,-1.0,0,1
W99720847,2012,-1.0,0,1
W2288963397,2015,-1.0,0,1
W1541787294,2006,1.0,1,0
W1556761127,2015,-0.3333333333333333,1,2
W1975318342,2014,-0.7714285714285715,4,31
W2127190390,2010,-0.48,13,37
W2106857811,2011,-0.5,9,27
W3141552077,2012,-0.1875,13,19
W144048093,2013,-0.2727272727272727,8,14
W2166086478,2012,-0.8,1,9
W3141278600,2012,-1.0,0,6
W2047062280,2013,1.0,2,0
W2165906863,2012,-1.0,0,3
W1998390751,2014,-0.6363636363636364,2,9
W2109039735,2010,-0.6923076923076923,2,11
W2346418387,2015,-0.6363636363636364,2,9
W2023372037,2014,-1.0,0,5
W1534784658,2009,-1.0,0,9
W1971685153,2011,0.3333333333333333,2,1
W2004248176,2013,0.0,2,2
W1531067067,2007,-0.75,1,7
W1598681154,2005,-1.0,0,4
W1783021258,2009,-1.0,0,2
W1890936099,2009,,0,0
W2314361328,2010,0.0,1,1
W2333409536,2011,1.0,1,0
W1520666562,2006,-1.0,0,2
W2118155805,2010,-0.92,2,48
W2097041275,2010,-0.7142857142857143,5,30
W2157976942,2013,-0.6,10,40
W1549970146,2011,-0.5714285714285714,6,22
W2070473038,2015,-0.6,10,40
W1978896583,2015,-0.14285714285714285,9,12
W2103663553,2011,-0.3333333333333333,2,4
W4231326803,2015,0.5384615384615384,10,3
W2166439419,2009,-1.0,0,9
W3007870462,2013,0.25,5,3
W3007395661,2015,-0.1111111111111111,4,5
W2149189527,2008,-0.25,3,5
W2158103950,2011,-0.3333333333333333,2,4
W78620825,2014,-1.0,0,2
W1535443236,2008,0.0,1,1
W2141000020,2012,0.0,1,1
W811696972,2013,-1.0,0,1
W1763184445,2015,-1.0,0,1
W2158082837,2009,-1.0,0,35
W2149433427,2011,-0.14893617021276595,20,27
W1986762820,2011,-0.7,3,17
W2112474443,2010,-0.7692307692307693,3,23
W2106029456,2011,-0.92,1,24
W2103072691,2009,-0.7,3,17
W2112007285,2010,-0.8181818181818182,1,10
W1592885168,2012,-1.0,0,6
W2142679626,2010,-1.0,0,9
W2021681704,2010,-0.7142857142857143,1,6
W2117327977,2011,-0.6,1,4
W1965258075,2012,-0.6,1,4
W1999465177,2011,-0.84,2,23
W2061349678,2009,-0.7272727272727273,3,19
W2155444758,2010,-1.0,0,26
W2156547850,2010,-0.14285714285714285,3,4
W2134180302,2008,-0.40540540540540543,11,26
W2138317583,2009,-1.0,0,7
W2132672198,2008,-1.0,0,5
W2118561805,2007,-1.0,0,8
W1966805436,2008,-1.0,0,2
W1629700427,2009,-1.0,0,1
W1983968599,2010,0.0,1,1
W1968532429,2010,0.08,27,23
W2169343523,2013,-0.48,13,37
W1965920543,2012,-0.3333333333333333,13,26
W2013580886,2015,-0.1,18,22
W1580717584,2010,0.56,39,11
W2069207503,2012,-0.08,23,27
W1996894838,2012,-0.6666666666666666,3,15
W2055421030,2009,-0.72,7,43
W2136316075,2009,-1.0,0,21
W2294273765,2015,-0.3684210526315789,6,13
W24410990,2007,0.4444444444444444,13,5
W103679982,2006,-0.5,4,12
W1565243720,2006,-0.6,1,4
W4206396584,2009,,0,0
W169464374,2011,-1.0,0,3
W2788073204,2015,1.0,6,0
W1942531821,2007,-0.5,1,3
W75161650,2009,-1.0,0,1
W2048298381,2013,-1.0,0,2
W175399452,2009,1.0,1,0
W66466902,2009,-1.0,0,1
W2997947960,2012,-0.12,22,28
W2062805799,2015,-0.2,20,30
W2107276343,2013,-0.16,21,29
W2003162666,2015,-0.56,11,39
W2030438500,2015,-0.88,3,47
W4233865259,2015,0.4166666666666667,34,14
W2136806431,2010,-1.0,0,30
W2142972529,2012,-0.4,15,35
W141024351,2014,-0.5172413793103449,7,22
W4238493245,2015,-0.52,6,19
W4234693819,2015,-0.3333333333333333,9,18
W2186482227,2013,-1.0,0,15
W2149803803,2013,0.2,3,2
W2099464953,2012,0.3333333333333333,12,6
W2184954724,2010,-1.0,0,2
W3031387235,2015,-0.06666666666666667,7,8
W2950991829,2013,-0.24,19,31
W78150938,2009,1.0,1,0
W2095770127,2014,-0.64,9,41
W2060440895,2012,-0.28,18,32
W2067055328,2014,-0.25,6,10
W2145467766,2010,-0.8,5,45
W2032072432,2015,0.0,6,6
W3139619551,2015,-0.875,1,15
W2053259395,2009,-1.0,0,1
W2046868646,2014,-1.0,0,11
W2159929259,2012,-0.6363636363636364,4,18
W1560953315,2007,-1.0,0,9
W2066077784,2011,-1.0,0,1
W2095697673,2013,-1.0,0,3
W2952761006,2010,-0.75,2,14
W1893312510,2010,-0.48,13,37
W1987659801,2013,-0.16,21,29
W200304987,2008,-0.32,17,33
W2133119226,2012,-0.76,6,44
W2147300694,2011,-0.36,16,34
W2123039860,2014,-0.4,15,35
W2134522095,2009,0.64,41,9
W1979680181,2014,0.06666666666666667,24,21
W2101305567,2013,-0.8775510204081632,3,46
W2070787258,2010,-0.2727272727272727,8,14
W1965872426,2011,-0.5,9,27
W47135029,2011,-0.7391304347826086,6,40
W1735165166,2011,-0.7333333333333333,4,26
W2112177563,2011,-0.13333333333333333,13,17
W2131660501,2014,-1.0,0,17
W41776504,2010,-0.13513513513513514,16,21
W2134479933,2012,-1.0,0,27
W2107210325,2008,0.7857142857142857,25,3
W2099480851,2015,-0.35714285714285715,9,19
W2285908190,2012,-1.0,0,20
W4240053329,2012,0.6666666666666666,5,1
W2216672588,2015,0.0,9,9
W4251741637,2014,-1.0,0,2
W2194048068,2015,-0.4,3,7
W4241823081,2015,0.0,1,1
W2095059212,2008,-0.7692307692307693,3,23
W2091638681,2008,0.058823529411764705,9,8
W2250533989,2011,-0.45454545454545453,3,8
W1978427119,2009,-0.3684210526315789,6,13
W4245884216,2012,-0.75,2,14
W2035296308,2008,0.5,3,1
W4240102967,2014,0.0,4,4
W4254268637,2015,-1.0,0,3
W19840462,2008,-0.8,1,9
W2156000710,2006,-0.6666666666666666,2,10
W1972062817,2009,0.2,3,2
W2023141823,2010,-0.7142857142857143,1,6
W2014572481,2013,-0.3333333333333333,2,4
W2096428265,2010,-1.0,0,2
W3003919254,2008,0.0,1,1
W4242572704,2008,-1.0,0,1
W2047631193,2009,1.0,1,0
W2121689290,2013,-0.96,1,49
W2103126020,2010,-0.6,10,40
W1945899805,2014,-0.92,2,48
W2117098610,2007,-0.3333333333333333,7,14
W2570762126,2012,-0.9166666666666666,1,23
W1500518989,2015,-0.92,2,48
W2129978406,2008,-0.7727272727272727,5,39
W2023962162,2013,,0,0
W2113623631,2011,-0.7674418604651163,5,38
W2138092283,2010,-0.9565217391304348,1,45
W1746783006,2011,-0.6470588235294118,3,14
W2135132414,2013,-1.0,0,21
W2169917686,2010,-1.0,0,21
W2342402489,2009,-0.6666666666666666,2,10
W2124155943,2014,-0.84,2,23
W4254355229,2010,-0.9047619047619048,1,20
W9061855,2007,,0,0
W1969668982,2011,-0.9090909090909091,1,21
W2111367393,2015,-0.6363636363636364,2,9
W2138473013,2013,-1.0,0,20
W2062139226,2015,-1.0,0,15
W2097796125,2013,-0.6363636363636364,2,9
W2166877271,2012,-0.5,1,3
W2951454089,2012,-1.0,0,10
W2187089429,2014,,0,0
W2102891664,2005,,0,0
W2963740383,2010,-1.0,0,2
W1583968613,2006,0.3333333333333333,4,2
W2116541203,2008,-0.8,1,9
W1593074761,2010,-1.0,0,1
W2282338793,2015,-1.0,0,1
W2114773674,2010,-1.0,0,32
W2949809202,2012,-0.8947368421052632,1,18
W826455576,2015,-0.9534883720930233,1,42
W2952019664,2013,-1.0,0,5
W1552334874,2011,-1.0,0,2
W2952038943,2009,-0.5,1,3
W2952473930,2010,-1.0,0,4
W2102413591,2009,-1.0,0,2
W2952748925,2012,-1.0,0,3
W4299168148,2013,1.0,3,0
W2951219878,2013,-1.0,0,2
W2166544232,2006,-1.0,0,1
W1985225657,2010,-0.64,9,41
W1895164037,2009,-0.7368421052631579,5,33
W2029543841,2013,-1.0,0,2
W2050669628,2013,0.1111111111111111,5,4
W1981565300,2013,0.0,1,1
W2136904248,2010,-0.64,9,41
W2140660468,2009,-0.12,22,28
W2059404315,2012,-0.8461538461538461,2,24
W2169179237,2013,-0.88,3,47
W2083990701,2014,-0.6666666666666666,7,35
W2101020563,2007,-0.13043478260869565,10,13
W2051014541,2014,-0.7142857142857143,5,30
W2249823353,2015,0.625,26,6
W2250171293,2015,0.4117647058823529,12,5
W2147606629,2010,-0.5,2,6
W2097460929,2010,-0.5,9,27
W2153997455,2013,0.3,13,7
W156972631,2014,0.4,14,6
W2144571624,2013,-0.043478260869565216,11,12
W2141468181,2009,-0.125,7,9
W1972241647,2013,0.15789473684210525,11,8
W2053376180,2011,-0.2222222222222222,7,11
W2016979835,2008,-0.6,3,12
W3138585045,2010,0.0,5,5
W2111609692,2011,-0.75,1,7
W2015556242,2011,-1.0,0,4
W2083717950,2014,-0.7142857142857143,1,6
W2121041710,2014,-0.42857142857142855,2,5
W2156008742,2007,-0.7777777777777778,1,8
W1488290585,2012,-0.3333333333333333,2,4
W2119995413,2006,-0.6666666666666666,1,5
W2111197188,2012,,0,0
W2036320039,2013,,0,0
W2157678988,2010,,0,0
W1981035066,2012,,0,0
W2121852763,2015,-0.2,2,3
W1980355801,2014,1.0,4,0
W1523748140,2006,1.0,8,0
W1410194834,2015,-1.0,0,2
W1992232420,2011,1.0,1,0
W2004898416,2014,-1.0,0,1
W2016735238,2013,,0,0
W2026673222,2012,-1.0,0,1
W2057927164,2015,1.0,1,0
W2096940219,2012,-1.0,0,1
W2132065228,2009,1.0,1,0
W2152475116,2010,-0.4117647058823529,5,12
W3161774223,2010,-1.0,0,6
W2077117009,2012,-0.6,1,4
W2151224499,2010,-0.04,24,26
W1783256592,2015,-0.52,12,38
W2039378765,2010,-0.48,13,37
W2118558147,2009,-0.6,10,40
W2125529470,2009,-0.48,13,37
W1967907012,2009,-0.64,9,41
W3000120212,2010,0.36,34,16
W2159481344,2010,0.36,34,16
W2082695854,2010,-0.32,17,33
W2062140606,2014,-0.44,14,36
W2234355962,2015,-0.52,12,38
W2091459966,2011,-0.56,11,39
W2125671345,2013,-0.68,8,42
W2185655604,2011,-0.55,9,31
W2097572763,2012,-0.36,16,34
W1966005293,2007,-0.23404255319148937,18,29
W2127063935,2012,-0.6,10,40
W784772322,2015,-0.5675675675675675,8,29
W1982398463,2015,-0.4,9,21
W2240933082,2015,-0.058823529411764705,8,9
W2006007301,2012,-0.7241379310344828,4,25
W2333081718,2008,-0.2571428571428571,13,22
W2054905474,2014,0.25,20,12
W2134813265,2014,-0.7272727272727273,3,19
W4231394584,2012,-0.4444444444444444,5,13
W3145971282,2012,-0.16666666666666666,10,14
W1972584917,2015,-0.5454545454545454,5,17
W2154614053,2012,-0.6666666666666666,4,20
W2131167145,2005,0.48,37,13
W2144327181,2007,-0.75,1,7
W2165125067,2008,0.38461538461538464,9,4
W3144161048,2007,0.0,2,2
W2076027962,2015,0.5714285714285714,11,3
W2160108531,2012,0.5,9,3
W2299016189,2013,-0.25,3,5
W2054816578,2011,0.0,5,5
W2309619976,2009,0.2,6,4
W2603663752,2012,0.2727272727272727,7,4
W2111102229,2009,-0.25,3,5
W3093050951,2015,,0,0
W1721894229,2012,0.0,3,3
W1631478098,2009,-1.0,0,3
W2952209987,2011,,0,0
W2808548166,2015,1.0,2,0
W2949282068,2015,-0.09090909090909091,5,6
W2175585630,2015,-0.5333333333333333,7,23
W2962819663,2015,1.0,39,0
W2950277768,2015,-0.6,10,40
W1798702550,2015,-0.4,15,35
W1500676409,2008,-1.0,0,17
W2001927417,2012,-0.9259259259259259,1,26
W2044380699,2007,-0.8095238095238095,4,38
W2593364751,2015,-0.5483870967741935,7,24
W2095794917,2010,-0.696969696969697,5,28
W1578813712,2008,-0.9310344827586207,1,28
W1499377038,2009,-0.7142857142857143,3,18
W342600618,2014,1.0,2,0
W2950297714,2009,-1.0,0,3
W2177980858,2008,-1.0,0,46
W2295995314,2011,-1.0,0,27
W2912359042,2010,-0.7674418604651163,5,38
W2161327939,2009,-1.0,0,33
W2339668911,2010,-0.8333333333333334,1,11
W2195836695,2007,-1.0,0,22
W1639499559,2013,-0.6666666666666666,2,10
W2949365889,2006,-0.7647058823529411,2,15
W2950354708,2009,-0.42857142857142855,4,10
W2950148416,2011,1.0,1,0
W1991055327,2010,-0.8,5,45
W2109549136,2007,-0.88,3,47
W1976584101,2013,-0.8,5,45
W2072656810,2009,-1.0,0,18
W2125056648,2007,-1.0,0,40
W2123192541,2010,-1.0,0,2
W2951012259,2014,-0.9333333333333333,1,29
W1915670320,2015,-1.0,0,6
W2036921810,2010,-0.875,2,30
W1778865519,2009,-0.8888888888888888,1,17
W2952695108,2014,-1.0,0,12
W2949910472,2013,-0.09090909090909091,5,6
W1895301010,2009,-1.0,0,16
W1568637441,2005,0.0,4,4
W2113638822,2014,-1.0,0,9
W40770742,2012,-0.45454545454545453,3,8
W2103253701,2008,-0.6,1,4
W2209054284,2013,-1.0,0,6
W2189860656,2015,-1.0,0,5
W2273315864,2015,-0.75,1,7
W2035749132,2006,-1.0,0,14
W2021745860,2014,-0.5,1,3
W2732808019,2008,-1.0,0,6
W1570549714,2007,,0,0
W2092893045,2012,0.5,3,1
W2260026049,2013,-1.0,0,5
W4251966738,2008,,0,0
W2169331572,2014,-1.0,0,4
W2397293661,2013,1.0,1,0
W1646440264,2010,-0.9047619047619048,1,20
W2951674578,2008,-0.3333333333333333,3,6
W2951612532,2015,,0,0
W1528009943,2005,-1.0,0,2
W2949075026,2013,-1.0,0,3
W2951428888,2007,-1.0,0,3
W2574266776,2010,-1.0,0,1
W4300746587,2013,1.0,1,0
W2090048052,2010,-0.12,22,28
W2168842329,2009,0.12,28,22
W1997141290,2011,-0.5609756097560976,9,32
W2122348545,2010,0.034482758620689655,15,14
W2058556535,2010,0.12,28,22
W2079968645,2010,-0.3333333333333333,2,4
W2091169704,2007,-0.7777777777777778,2,16
W2095781211,2010,0.23076923076923078,24,15
W2338804360,2011,1.0,1,0
W1986994479,2010,-0.6666666666666666,2,10
W2137775416,2007,-0.8,5,45
W2123966888,2010,-0.44,14,36
W1964786778,2009,-0.8,5,45
W3000214033,2011,-1.0,0,39
W2147805208,2011,-0.92,2,48
W2161163216,2010,-0.92,2,48
W1979331609,2011,-0.9591836734693877,1,48
W2131060875,2007,-0.8,5,45
W2017564549,2014,-0.88,3,47
W2055898276,2014,-0.96,1,49
W2135764373,2012,-0.9,2,38
W2127054989,2014,-0.627906976744186,8,35
W2603514790,2010,1.0,27,0
W2061354107,2013,-0.38461538461538464,8,18
W2078501237,2014,-0.7647058823529411,4,30
W2114473442,2008,-0.8421052631578947,3,35
W2106186981,2010,-0.9,1,19
W1980507082,2008,-0.8095238095238095,2,19
W2169940602,2010,-0.9473684210526315,1,37
W1706263783,2015,-0.08571428571428572,16,19
W1752606664,2012,-0.6521739130434783,4,19
W3152463514,2014,1.0,21,0
W2020230082,2013,-0.7894736842105263,2,17
W1418715235,2015,-0.8260869565217391,2,21
W1591780338,2009,-1.0,0,8
W2139484086,2009,-0.75,1,7
W1545761598,2013,-0.45454545454545453,3,8
W1924499163,2015,-1.0,0,4
W1488893975,2011,-0.5,2,6
W2292175336,2015,-1.0,0,6
W1955051096,2015,,0,0
W2101331900,2013,-1.0,0,3
W1608898480,2011,,0,0
W1973835478,2013,-1.0,0,1
W2079406274,2014,1.0,1,0
W2294101513,2014,-1.0,0,4
W2171279286,2010,-0.24,19,31
W2295739661,2010,-0.2,20,30
W2002834872,2011,-0.56,11,39
W2089349245,2010,-0.84,4,46
W2094286023,2012,-0.64,9,41
W1976999215,2014,-0.88,3,47
W1965355809,2011,-0.56,11,39
W2056088289,2009,-0.32,17,33
W2102982709,2010,-0.68,8,42
W1990846291,2008,0.12,28,22
W2247380138,2013,-0.28,18,32
W2061716136,2010,0.08571428571428572,19,16
W2112519400,2012,-0.21739130434782608,9,14
W2055317074,2012,-0.6363636363636364,4,18
W190019437,2012,-0.4166666666666667,7,17
W1926612761,2012,-0.8333333333333334,2,22
W77971441,2009,-0.13043478260869565,10,13
W793439893,2010,1.0,15,0
W1593883345,2006,-0.8181818181818182,2,20
W2154790872,2006,-0.5,3,9
W21838957,2012,-0.2727272727272727,4,7
W427367409,2013,-1.0,0,4
W1787332437,2008,-0.6666666666666666,1,5
W2122689903,2008,-1.0,0,3
W930957905,2011,0.5,3,1
W4236226095,2012,-0.5,1,3
W1539312441,2010,1.0,4,0
W2296339732,2015,1.0,3,0
W2040883953,2011,1.0,2,0
W286241559,2010,-1.0,0,1
W4235667789,2012,1.0,2,0
W2263939906,2010,1.0,1,0
W4241343482,2010,,0,0
W4244809492,2010,,0,0
W4206090330,2012,-1.0,0,1
W154416756,2012,,0,0
W2950975304,2012,-0.3333333333333333,2,4
W2064754513,2012,-0.72,7,43
W2117297168,2011,-1.0,0,13
W2187424591,2011,-1.0,0,11
W2161348098,2012,-0.75,2,14
W2166423994,2011,-0.8666666666666667,1,14
W2416934084,2011,-0.8666666666666667,1,14
W2125629750,2011,-0.7142857142857143,2,12
W3518951,2011,,0,0
W2295244511,2015,-1.0,0,5
W2280494088,2014,-1.0,0,1
W2128808215,2011,0.12,28,22
W45569842,2012,-1.0,0,50
W2165256480,2012,-0.8604651162790697,3,40
W2027038623,2006,-0.6666666666666666,4,20
W2140310134,2012,-0.12,22,28
W1987282308,2005,-0.6923076923076923,2,11
W2017988763,2009,-1.0,0,15
W2151222319,2012,-0.6470588235294118,3,14
W2150114207,2009,-0.6666666666666666,4,20
W2128972636,2009,-1.0,0,22
W2119005844,2010,-1.0,0,17
W2144600631,2010,-0.75,1,7
W2167961180,2010,-1.0,0,8
W2118045671,2010,-1.0,0,5
W1767083593,2010,-0.2857142857142857,5,9
W2146050252,2009,-1.0,0,21
W2160217188,2009,-1.0,0,8
W2142570735,2007,-0.7777777777777778,1,8
W2122223050,2009,-0.24,19,31
W2170329722,2010,-0.6666666666666666,8,40
W2017776283,2009,-0.9047619047619048,2,40
W2164787297,2012,,0,0
W2133227439,2009,-0.8823529411764706,1,16
W2109462874,2012,-0.5,7,21
W2110197172,2010,0.2,3,2
W2215946058,2011,-0.2222222222222222,7,11
W2101075799,2007,-0.14285714285714285,6,8
W2951947127,2014,-0.6666666666666666,5,25
W2037098674,2006,-0.68,8,42
W1894835849,2010,-0.88,3,47
W2055049468,2011,0.18181818181818182,13,9
W2169218904,2011,-0.875,1,15
W2122039644,2010,0.25,15,9
W2124043905,2009,0.4117647058823529,12,5
W598960872,2010,,0,0
W2963421832,2010,-0.84,2,23
W2004564367,2004,0.0,1,1
W4240411940,2009,1.0,1,0
W1659208755,2012,-1.0,0,8
W2201789560,2011,-1.0,0,3
W2114197969,2009,-0.05263157894736842,9,10
W2799521200,2014,1.0,11,0
W2597819699,2012,1.0,4,0
W2006458423,2007,1.0,13,0
W2601786058,2013,1.0,4,0
W1180277551,2013,1.0,15,0
W2741647976,2011,1.0,1,0
W2188228820,2007,-1.0,0,1
W4256046881,2010,,0,0
W2163499368,2008,-0.8,5,45
W2159586681,2009,-0.3076923076923077,9,17
W1996009176,2011,-0.9512195121951219,1,40
W2169958633,2013,-0.5789473684210527,4,15
W2073961002,2009,-0.72,7,43
W2097284057,2009,-0.8823529411764706,1,16
W2144215892,2010,-0.6666666666666666,3,15
W2142467886,2011,-0.4666666666666667,4,11
W4249477244,2011,-0.5384615384615384,3,10
W2116680978,2011,-1.0,0,21
W2060787894,2010,-0.42857142857142855,4,10
W2172090342,2012,-1.0,0,6
W4244493011,2013,-1.0,0,1
W1975902166,2012,-0.7777777777777778,1,8
W2242035652,2010,-1.0,0,4
W4243839966,2012,1.0,1,0
W3123013810,2011,-1.0,0,2
W2059215200,2009,-0.52,12,38
W2113500796,2009,-0.96,1,49
W2093861610,2011,-0.68,8,42
W2143051121,2010,-0.4,15,35
W2138110817,2010,-0.6,2,8
W1519220202,2009,-0.7575757575757576,4,29
W1967416785,2012,-0.52,6,19
W2122505621,2010,-0.3333333333333333,1,2
W2109030668,2009,-0.9354838709677419,1,30
W2005153314,2014,-0.3333333333333333,2,4
W2116887471,2009,-0.18181818181818182,9,13
W2136302110,2008,-1.0,0,9
W2096791800,2009,-1.0,0,3
W4241828689,2010,,0,0
W1518271022,2010,-1.0,0,2
W2066554678,2007,-1.0,0,1
W2022306685,2008,-1.0,0,1
W1517303303,2012,-0.84,4,46
W2937970997,2011,-0.76,6,44
W1989739075,2013,-0.8666666666666667,1,14
W2117448961,2008,-1.0,0,1
W2145850538,2010,-0.92,2,48
W2142037471,2009,-0.8,5,45
W2157241021,2009,0.2,3,2
W2069406169,2010,1.0,1,0
W2084809122,2009,-0.76,6,44
W2026532078,2013,0.24,31,19
W2170682041,2011,-0.6216216216216216,7,30
W2078426051,2012,0.5238095238095238,16,5
W2182175456,2004,1.0,2,0
W1552347772,2007,-0.35714285714285715,9,19
W2067436653,2011,-0.48,13,37
W2113157806,2011,-0.4,15,35
W2098664130,2009,-0.68,8,42
W2066998448,2011,-0.64,9,41
W2062272819,2010,-0.47368421052631576,5,14
W2150601094,2006,-0.6363636363636364,4,18
W2109228456,2010,-0.8666666666666667,1,14
W2082270918,2008,-0.5833333333333334,5,19
W2102979206,2011,0.1875,19,13
W2063989349,2012,0.3333333333333333,18,9
W2046461983,2013,0.3333333333333333,12,6
W2103577227,2008,-0.7777777777777778,1,8
W2150429773,2012,-0.6842105263157895,3,16
W2150673354,2011,0.8333333333333334,11,1
W2085177900,2010,-0.6923076923076923,2,11
W2040931158,2008,0.3333333333333333,2,1
W2078510058,2007,0.5,3,1
W2142791893,2009,-0.6363636363636364,2,9
W2810767260,2010,-0.09090909090909091,5,6
W2089181387,2006,-0.25,3,5
W4231928481,2013,1.0,4,0
W2113422810,2006,-1.0,0,7
W2022361257,2013,0.14285714285714285,4,3
W2296048160,2013,,0,0
W2155722004,2009,0.0,3,3
W40448064,2009,0.0,2,2
W2912238873,2013,1.0,1,0
W2257721860,2014,1.0,1,0
W2081773466,2005,-0.9375,1,31
W2146539853,2010,-0.4,15,35
W2163609156,2009,-0.44,14,36
W2000899289,2014,-1.0,0,50
W2107913843,2013,-0.36,16,34
W1978508564,2014,-0.16,21,29
W2000710903,2014,-0.08,23,27
W2293050806,2010,-0.68,8,42
W2094625379,2004,-1.0,0,12
W2166972046,2013,-1.0,0,48
W2124354799,2010,-0.6,8,32
W2054194300,2010,-0.42105263157894735,11,27
W2009499526,2005,-1.0,0,22
W2061997675,2011,-0.1875,13,19
W2145080738,2006,-0.84,4,46
W2019250328,2004,-1.0,0,15
W2023094000,2007,-0.6756756756756757,6,31
W1978414948,2014,0.14285714285714285,20,15
W2149232306,2008,-0.48148148148148145,7,20
W2046063575,2013,0.0,13,13
W2041900889,2014,-0.14285714285714285,6,8
W2097394986,2006,-0.2727272727272727,4,7
W2124818624,2009,-0.45454545454545453,3,8
W2027716826,2011,-0.06666666666666667,7,8
W1977585314,2013,-1.0,0,19
W2068859599,2009,0.0,5,5
W2017675457,2013,0.0,5,5
W2038383407,2014,0.75,7,1
W2127216700,2010,-0.5,2,6
W2059127695,2005,-1.0,0,28
W88305129,2013,0.6842105263157895,16,3
W2086999036,2007,-0.058823529411764705,8,9
W2541401087,2013,-0.06666666666666667,7,8
W1987422456,2009,-0.5555555555555556,2,7
W2117894485,2010,0.4,7,3
W2111184617,2012,-1.0,0,9
W1986381534,2004,-1.0,0,19
W1966680016,2007,-0.47368421052631576,5,14
W1584311831,2008,-1.0,0,5
W2013633301,2012,-0.4,3,7
W1551315939,2005,,0,0
W2042976879,2010,-1.0,0,9
W2014473487,2008,-0.14285714285714285,3,4
W2089854758,2008,-1.0,0,4
W2168664839,2007,-1.0,0,4
W2141966557,2007,-0.6666666666666666,1,5
W1994822814,2008,-1.0,0,2
W2030396113,2011,-1.0,0,2
W2271185934,2011,,0,0
W2545764389,2013,0.0,2,2
W1523286466,2008,-1.0,0,2
W2078751965,2013,-0.3333333333333333,1,2
W2041480047,2007,-0.38461538461538464,4,9
W2032521533,2012,-0.3333333333333333,1,2
W2058350857,2006,-1.0,0,4
W1973745572,2011,0.0,1,1
W2130636904,2007,-1.0,0,3
W2381037851,2011,1.0,2,0
W2099897653,2010,-1.0,0,3
W2077872104,2010,1.0,2,0
W2156894591,2006,-1.0,0,1
W1967009396,2014,-1.0,0,1
W2131224891,2011,1.0,1,0
W2352133471,2010,1.0,1,0
W2365622438,2014,,0,0
W2372961380,2004,,0,0
W2355326970,2009,1.0,1,0
W2351100964,2010,1.0,1,0
W1924303288,2012,-1.0,0,1
W1580098992,2006,-1.0,0,1
W2152421030,2006,-0.64,9,41
W2161523741,2011,-0.44,14,36
W2118173950,2006,-0.52,12,38
W2135573205,2009,-0.32,17,33
W2126634698,2008,0.28,32,18
W4250315760,2006,-0.36,16,34
W2243021374,2011,-0.9111111111111111,2,43
W2152311175,2011,-0.7073170731707317,6,35
W2113176726,2007,-0.3333333333333333,10,20
W2101033117,2008,-0.7692307692307693,3,23
W2076337764,2012,-0.42857142857142855,6,15
W2522607959,2013,,0,0
W2106007472,2008,0.25,10,6
W2006313952,2007,0.23809523809523808,13,8
W2056563920,2007,,0,0
W2008901675,2007,-1.0,0,13
W2142927219,2005,-0.4,3,7
W2170750533,2005,-1.0,0,1
W2265055074,2010,,0,0
W2181982610,2014,0.0,1,1
W1996747361,2014,-1.0,0,1
W2138025876,2010,-0.12,22,28
W1995598353,2012,-0.1111111111111111,20,25
W4248390659,2012,-0.034482758620689655,14,15
W2026343420,2008,-0.68,8,42
W2169929745,2011,0.024390243902439025,21,20
W2146669118,2010,0.45454545454545453,8,3
W1996298409,2006,-0.5555555555555556,4,14
W54869731,2005,-0.92,1,24
W1856769085,2009,-0.75,1,7
W2134044870,2011,-1.0,0,7
W2152902896,2006,-1.0,0,1
W2130531334,2011,,0,0
W2105877749,2008,-0.5555555555555556,2,7
W4256273457,2010,1.0,2,0
W2069570317,2013,,0,0
W2025247901,2010,-1.0,0,2
W2131174949,2008,-1.0,0,1
W2124230432,2008,-0.3333333333333333,2,4
W2158594242,2007,-0.6,1,4
W2538592807,2012,,0,0
W2019161295,2009,0.5,3,1
W2113261005,2008,-1.0,0,1
W2613258675,2009,1.0,1,0
W2255580121,2006,1.0,1,0
W4513192,2009,1.0,1,0
W2014767497,2007,-0.8888888888888888,1,17
W2041961594,2012,-0.8181818181818182,2,20
W2041829641,2009,-1.0,0,12
W2026302946,2010,-0.84,4,46
W2012828271,2010,-0.88,3,47
W2127090196,2011,-1.0,0,50
W1982918157,2011,-0.7777777777777778,5,40
W2162057799,2010,-0.9183673469387755,2,47
W2113517874,2014,0.32,33,17
W2105433123,2014,-0.76,6,44
W2124055802,2013,-0.8048780487804879,4,37
W2023683873,2012,-0.5348837209302325,10,33
W2952058015,2013,-1.0,0,20
W1538444754,2010,-1.0,0,17
W2076058285,2008,-0.813953488372093,4,39
W2112274965,2013,-1.0,0,37
W2340736170,2012,-0.5,6,18
W88398642,2010,-0.375,5,11
W4253352767,2013,1.0,1,0
W2952657520,2013,-1.0,0,12
W1529236855,2011,-0.3684210526315789,6,13
W2148865611,2011,-0.7647058823529411,2,15
W4245653884,2010,-0.8181818181818182,1,10
W1553031635,2010,-1.0,0,15
W3135939364,2010,-0.2727272727272727,4,7
W58939949,2012,-0.7777777777777778,1,8
W2406868783,2012,1.0,8,0
W2950243165,2009,-0.6,1,4
W2042461537,2011,,0,0
W2400614297,2013,0.0,3,3
W2043926254,2011,,0,0
W2041851381,2014,-0.6,1,4
W2950934461,2010,-0.7272727272727273,3,19
W1570009210,2008,,0,0
W2138256420,2013,-0.88,3,47
W2151308547,2013,-0.29411764705882354,6,11
W1490078728,2009,-1.0,0,2
W2186157926,2009,-1.0,0,2
W2162838417,2008,-0.72,7,43
W2062340141,2009,-0.4,15,35
W2105842205,2009,-0.44,14,36
W2097243222,2011,-0.72,7,43
W4236382111,2008,-1.0,0,50
W2160610190,2009,-0.92,2,48
W2098480450,2006,-0.6,10,40
W2141672558,2007,-0.16,21,29
W2165441947,2004,-0.92,2,48
W2150957281,2009,0.12,28,22
W2142875853,2011,-0.8,5,45
W2125562505,2008,-0.08,23,27
W2171031315,2011,-0.24,19,31
W1504046403,2007,-0.44,14,36
W76788353,2013,-0.8,5,45
W2136684653,2009,-0.68,8,42
W2148868861,2006,-0.84,4,46
W2171199816,2007,0.2,30,20
W2586251408,2006,-0.84,4,46
W4238545943,2008,0.72,43,7
W2110131821,2004,-0.6,10,40
W2161678437,2010,-0.88,3,47
W1519889149,2009,-0.76,6,44
W2106388288,2007,-0.64,9,41
W2167323208,2004,-0.72,7,43
W2998218219,2009,0.6,40,10
W2151100432,2008,-0.76,6,44
W2101676293,2008,-0.8,5,45
W2162293132,2010,-0.68,8,42
W4214773815,2010,-0.88,3,47
W2118028500,2008,-0.6,10,40
W2147408677,2005,-0.5918367346938775,10,39
W2156257723,2012,-0.48,13,37
W2042556563,2014,-0.92,2,48
W2165883859,2005,-0.08,23,27
W2999516464,2009,-0.6216216216216216,7,30
W2123694482,2009,-0.30434782608695654,16,30
W2119027683,2011,-0.56,11,39
W3145024392,2011,-0.8666666666666667,3,42
W2150380088,2012,-0.76,6,44
W1489660296,2005,-0.72,7,43
W1995263003,2013,-0.5,12,36
W2140356130,2006,-0.64,9,41
W4248332043,2006,1.0,36,0
W2157232743,2006,-0.44,14,36
W4241541779,2008,-0.48,13,37
W2098270168,2007,-1.0,0,50
W2103997024,2005,-0.44,14,36
W2166590374,2005,-0.5263157894736842,9,29
W2122510369,2010,-0.782608695652174,5,41
W2150722810,2005,-0.8620689655172413,2,27
W78792064,2007,0.08,27,23
W2149477108,2006,-0.3888888888888889,11,25
W1980927950,2008,-0.6842105263157895,3,16
W2153820245,2012,-0.35,13,27
W4245783794,2011,-0.375,5,11
W1976011215,2008,-0.52,6,19
W2111562542,2007,-0.17647058823529413,7,10
W4210632566,2012,1.0,14,0
W3013522823,2012,-0.7142857142857143,2,12
W2053796248,2012,-1.0,0,17
W1972302881,2012,0.17647058823529413,10,7
W4229703929,2007,1.0,4,0
W2032915207,2013,-0.5294117647058824,4,13
W2143620338,2004,-0.64,9,41
W2114986147,2005,-0.8,5,45
W2169062068,2006,-0.6571428571428571,6,29
W2115401821,2009,0.6,16,4
W1999468913,2011,0.0,8,8
W2118005842,2007,-0.8333333333333334,1,11
W2029922561,2013,-0.3333333333333333,4,8
W2136180776,2009,-0.25,3,5
W2074495844,2009,-1.0,0,5
W2072517903,2011,-0.5384615384615384,3,10
W3139987618,2007,-0.75,1,7
W1741588315,2014,-0.38461538461538464,4,9
W2108934667,2010,-0.3333333333333333,1,2
W2128326835,2005,-0.88,3,47
W2687257225,2010,-0.7777777777777778,1,8
W1534208868,2004,-0.7142857142857143,3,18
W4245363142,2010,-0.5,2,6
W2085078824,2010,-0.5,1,3
W2098327371,2006,-1.0,0,7
W4249751949,2010,-1.0,0,3
W2111561907,2009,0.6363636363636364,9,2
W2182926283,2011,-1.0,0,7
W168156360,2011,-0.75,1,7
W2401696734,2014,-0.6666666666666666,1,5
W2060056417,2011,0.2,3,2
W2162449420,2007,-0.16666666666666666,5,7
W4237882989,2005,-0.7777777777777778,1,8
W4235983790,2011,-0.3333333333333333,1,2
W2064054678,2010,-0.42857142857142855,2,5
W1973076609,2013,1.0,2,0
W2108091908,2010,0.6,4,1
W2542159098,2009,,0,0
W2143504116,2011,1.0,2,0
W4251461905,2007,1.0,1,0
W2238081769,2013,-1.0,0,2
W2110862183,2014,-1.0,0,3
W2068084176,2012,0.3333333333333333,2,1
W2913023587,2010,1.0,2,0
W2101261740,2009,-1.0,0,3
W4236017529,2007,,0,0
W4237107759,2005,,0,0
W2001108695,2009,,0,0
W2471181386,2011,1.0,2,0
W1997051975,2011,-1.0,0,1
W2127616682,2004,-0.8181818181818182,2,20
W2952128674,2010,-0.9333333333333333,1,29
W2103521440,2007,-0.25,3,5
W2047678472,2008,,0,0
W2146144806,2008,-1.0,0,4
W1496763407,2004,-1.0,0,2
W1744425266,2004,-1.0,0,5
W2118987554,2009,-1.0,0,2
W1924574770,2009,1.0,3,0
W2002699456,2008,,0,0
W173886744,2006,,0,0
W3216172559,2009,,0,0
W2126354234,2009,-0.29411764705882354,12,22
W2037777200,2009,-0.72,7,43
W1657896522,2014,-0.5757575757575758,7,26
W2037431929,2009,-0.64,9,41
W1998669042,2013,-0.8823529411764706,1,16
W1935259232,2013,-0.4482758620689655,8,21
W2138346648,2011,-0.5555555555555556,2,7
W2142031898,2009,-0.56,11,39
W4237485128,2014,-1.0,0,9
W2102192199,2010,-1.0,0,15
W2997019373,2011,,0,0
W3104857038,2014,-0.8666666666666667,1,14
W1485714328,2011,-0.7142857142857143,1,6
W2618644177,2014,-1.0,0,3
W2064948481,2010,0.1111111111111111,5,4
W2059204570,2011,-1.0,0,3
W2119436055,2014,-0.6666666666666666,1,5
W2014105446,2007,-1.0,0,4
W2519229610,2012,-1.0,0,1
W308872634,2010,-1.0,0,1
W4253417408,2012,,0,0
W2137888380,2009,-1.0,0,2
W108081636,2007,-1.0,0,2
W2166652474,2011,,0,0
W2230347088,2012,1.0,2,0
W2019883273,2009,-0.64,9,41
W2119274015,2010,-0.75,2,14
W2168704151,2011,-0.7777777777777778,4,32
W2109693504,2010,0.4,35,15
W2171001921,2009,-1.0,0,8
W2952724478,2010,0.3333333333333333,2,1
W1953527604,2008,1.0,10,0
W2072870176,2011,-1.0,0,41
W2949804206,2008,1.0,1,0
W2120342618,2009,-0.88,3,47
W2950188642,2009,-1.0,0,2
W1500512125,2009,-1.0,0,50
W1502940150,2010,-1.0,0,44
W2137479650,2014,0.4,35,15
W2251214202,2012,-0.6,10,40
W112063162,2009,-0.3333333333333333,6,12
W2022708950,2011,-0.76,3,22
W2079251873,2014,-0.7857142857142857,3,25
W2998654680,2011,-0.8181818181818182,3,30
W116230465,2011,-0.5862068965517241,6,23
W4247224216,2011,1.0,14,0
W2084812114,2014,-0.9,1,19
W2043795882,2013,-0.9047619047619048,1,20
W2267750869,2013,-0.6,2,8
W2402477580,2010,1.0,15,0
W2569854318,2010,-1.0,0,15
W2107139394,2006,-0.25,3,5
W2046600435,2010,-0.2727272727272727,4,7
W1840962598,2012,-0.7777777777777778,1,8
W2167389897,2014,0.5,3,1
W1902458841,2011,-0.14285714285714285,3,4
W2012837162,2012,0.0,4,4
W2076438901,2013,1.0,2,0
W2550016344,2007,1.0,2,0
W2210735034,2014,-1.0,0,4
W2401192975,2012,-1.0,0,4
W1480652413,2009,-1.0,0,6
W168668051,2011,-1.0,0,6
W1980420346,2013,-1.0,0,6
W2127101191,2014,1.0,2,0
W1580699537,2006,-1.0,0,7
W2406073276,2014,-1.0,0,3
W2149664453,2012,-1.0,0,1
W2952993429,2010,-1.0,0,11
W2949185188,2013,-0.3333333333333333,1,2
W2952121399,2009,-1.0,0,5
W2951425501,2011,-1.0,0,3
W58814023,2011,1.0,4,0
W2951564698,2010,-1.0,0,4
W1563670666,2013,-1.0,0,1
W50520852,2013,-1.0,0,4
W2951921073,2009,-1.0,0,1
W2949393236,2014,-1.0,0,1
W192051504,2008,-0.375,5,11
W2168432970,2012,-0.88,3,47
W41346351,2010,-0.6,2,8
W2042411007,2011,0.0,2,2
W3123625201,2012,-0.8181818181818182,1,10
W1503632921,2008,-0.5,1,3
W3124964086,2013,1.0,1,0
W3122424917,2011,-0.8333333333333334,1,11
W1968679928,2012,0.7142857142857143,6,1
W2068102224,2011,-1.0,0,6
W1516975982,2008,,0,0
W1570002629,2010,-0.3333333333333333,2,4
W3125355375,2013,-1.0,0,3
W58256024,2013,,0,0
W1948836132,2013,1.0,1,0
W2753262140,2007,0.42857142857142855,5,2
W249641613,2011,1.0,7,0
W1569469965,2013,1.0,5,0
W2188180406,2008,1.0,6,0
W2166920418,2011,-0.52,12,38
W2060503742,2013,0.42857142857142855,5,2
W2036817533,2009,1.0,6,0
W2094064671,2008,0.5,3,1
W2042317425,2009,1.0,4,0
W2125676922,2009,,0,0
W569114546,2008,1.0,3,0
W4236840726,2009,,0,0
W2593129375,2013,,0,0
W2371438976,2008,-1.0,0,1
W111313879,2013,,0,0
W2119927683,2011,1.0,4,0
W4242721719,2013,,0,0
W2039088787,2009,1.0,1,0
W1988056740,2011,1.0,3,0
W4247000262,2009,,0,0
W2097941117,2011,,0,0
W2314861515,2011,1.0,7,0
W1984315811,2008,0.12,28,22
W2053078227,2008,0.08,27,23
W2160886168,2011,-0.6170212765957447,9,38
W2047053749,2006,-0.1282051282051282,17,22
W2116391482,2009,-0.36,8,17
W2157509178,2007,0.25,10,6
W2109931694,2012,-0.6,5,20
W2136836261,2013,-0.05263157894736842,9,10
W1976520178,2011,-1.0,0,4
W2092983660,2008,-0.38461538461538464,4,9
W1964234407,2012,-0.6666666666666666,1,5
W2023634179,2013,-1.0,0,9
W2152222769,2010,0.14285714285714285,4,3
W113091300,2011,0.14285714285714285,4,3
W1567569096,2005,-0.5555555555555556,2,7
W1974041258,2012,-0.6,1,4
W1876152421,2009,-0.5,1,3
W2170313895,2009,0.0,2,2
W2106356602,2007,0.5,3,1
W2086999094,2012,,0,0
W1996111745,2013,,0,0
W2494586262,2010,-1.0,0,1
W1980368190,2013,-0.375,5,11
W4250457354,2009,0.42857142857142855,10,4
W1151083930,2013,,0,0
W2079629570,2011,-0.75,2,14
W90302438,2009,1.0,7,0
W2060048774,2012,-1.0,0,2
W1772386586,2013,-0.3684210526315789,6,13
W821526692,2004,1.0,6,0
W2905422043,2008,0.5,3,1
W2401843669,2012,1.0,1,0
W868788601,2011,1.0,3,0
W2953269516,2011,-1.0,0,1
W4300351876,2012,1.0,1,0
W1525954826,2008,-0.64,9,41
W2123576058,2008,-0.8,5,45
W2131344117,2006,-0.16666666666666666,15,21
W2020636921,2009,-0.48,13,37
W2106874006,2009,-0.4,15,35
W2113201641,2008,-0.44,14,36
W2161198271,2011,-0.72,7,43
W2015745448,2005,-0.5294117647058824,4,13
W1948350624,2008,-0.9,1,19
W2137023887,2010,-0.9,2,38
W2090392676,2011,-0.76,3,22
W2140142253,2013,-0.9,1,19
W132586598,2004,-1.0,0,3
W2048088055,2009,-1.0,0,27
W2522818044,2008,1.0,16,0
W2115647273,2009,-0.7777777777777778,2,16
W2041403134,2011,-0.3333333333333333,5,10
W2104841471,2008,-0.7894736842105263,2,17
W130067809,2011,-0.5714285714285714,3,11
W13910704,2013,-0.8571428571428571,1,13
W2963153810,2013,-1.0,0,3
W2080141704,2013,-0.8181818181818182,1,10
W798928804,2006,-1.0,0,3
W2586039364,2012,1.0,7,0
W40003570,2013,0.0,4,4
W55197417,2012,-0.6,2,8
W2151443347,2013,0.6,4,1
W2140067190,2008,0.16666666666666666,7,5
W2107159574,2009,-0.7777777777777778,1,8
W36128463,2008,,0,0
W1593282625,2004,1.0,8,0
W226708447,2008,-1.0,0,3
W2624258464,2008,1.0,5,0
W1934716492,2013,-1.0,0,5
W2744475538,2008,1.0,2,0
W4300179202,2013,,0,0
W1629745933,2013,-1.0,0,2
W1968304545,2012,-1.0,0,1
W2168192936,2012,,0,0
W775715848,2009,0.0,1,1
W787675937,2010,1.0,1,0
W1885995187,2013,-1.0,0,4
W1484516622,2013,-1.0,0,4
W2524969449,2012,,0,0
W1846799578,2013,-0.36,16,34
W9389372,2009,-1.0,0,3
W2106813532,2009,-0.52,12,38
W2111559961,2008,-0.8,5,45
W2072492023,2012,-0.7777777777777778,4,32
W2145713829,2011,-0.68,4,21
W1982392942,2013,-0.29411764705882354,12,22
W2087444875,2007,-0.7142857142857143,2,12
W2057990767,2011,1.0,10,0
W2149459098,2011,-0.75,1,7
W1998458472,2006,-0.7894736842105263,2,17
W1570789139,2012,-1.0,0,4
W167492919,2012,,0,0
W2095924849,2007,-0.625,3,13
W38108003,2012,-0.75,1,7
W2185071496,2009,,0,0
W112500889,2005,-1.0,0,9
W2066915825,2005,1.0,3,0
W1936117972,2007,1.0,1,0
W1964551573,2011,-1.0,0,1
W2126479983,2006,-0.36,16,34
W2161714146,2006,-1.0,0,26
W1992771184,2011,-0.6,2,8
W2035687460,2013,,0,0
W2162586049,2010,-1.0,0,1
W2886103250,2012,-0.8518518518518519,2,25
W155889334,2010,0.0,2,2
W11084176,2009,-1.0,0,5
W1991143034,2013,-1.0,0,5
W2054982957,2010,-1.0,0,2
W3037889712,2011,1.0,1,0
W1613874054,2010,-1.0,0,4
W2160517961,2008,-0.8,5,45
W2164577291,2010,-0.56,11,39
W2158133897,2008,-0.84,4,46
W2096598529,2010,-0.4146341463414634,12,29
W2121972257,2008,-0.32,17,33
W1969366857,2010,-0.391304347826087,14,32
W3141218678,2012,-0.76,6,44
W2143059009,2007,-0.4444444444444444,10,26
W2151228786,2011,-0.8666666666666667,1,14
W2131112324,2009,-0.8260869565217391,4,42
W2110915013,2012,-0.52,6,19
W2160590935,2009,-0.2631578947368421,7,12
W2159294330,2010,-0.7,3,17
W1551096017,2010,-0.8,1,9
W2129867486,2011,-0.5,2,6
W2214818406,2013,-0.5384615384615384,6,20
W2110782638,2013,0.0,5,5
W1989411104,2013,-0.14285714285714285,3,4
W2165129291,2012,-1.0,0,7
W2100678013,2011,-1.0,0,2
W2407295494,2006,,0,0
W1985960498,2010,1.0,4,0
W4246084977,2013,0.3333333333333333,2,1
W4249056161,2012,1.0,2,0
W2133339195,2008,-0.5,10,30
W2788770187,2013,-0.6,1,4
W2408181256,2013,-0.76,6,44
W2153054327,2013,-0.7894736842105263,4,34
W2902618715,2008,1.0,1,0
W2100502494,2009,-0.68,8,42
W2161470369,2006,-0.72,7,43
W4243020803,2013,0.14285714285714285,8,6
W2145386371,2011,-0.76,6,44
W2032219610,2008,-0.15555555555555556,19,26
W4252723093,2012,0.5,9,3
W2143087028,2008,-0.2631578947368421,7,12
W2085782462,2012,-0.14285714285714285,3,4
W3148916543,2012,-0.2857142857142857,5,9
W2119773488,2010,-1.0,0,5
W2047459571,2011,1.0,3,0
W2406391766,2006,,0,0
W2000627475,2010,,0,0
W2008733927,2010,-0.3333333333333333,1,2
W2066610500,2006,0.5,3,1
W2026933327,2008,-0.5,1,3
W2127000103,2007,1.0,1,0
W2154843497,2008,-0.72,7,43
W2170927924,2010,-0.8,5,45
W2098883184,2009,-0.88,3,47
W2133638476,2010,-0.96,1,49
W2085040115,2013,-0.8604651162790697,3,40
W2052951836,2012,-0.8333333333333334,3,33
W1990535818,2010,-0.8095238095238095,4,38
W2169304846,2011,-0.9285714285714286,1,27
W2119137801,2009,-0.7857142857142857,3,25
W2115787393,2007,-0.85,3,37
W1992841501,2011,-0.8888888888888888,2,34
W193325121,2013,-0.36585365853658536,13,28
W2154849212,2013,-0.6410256410256411,7,32
W4237257431,2011,-0.9411764705882353,1,33
W2064400234,2008,-1.0,0,14
W2126952942,2012,-0.2571428571428571,13,22
W2169462176,2008,-1.0,0,10
W4242731632,2013,-0.5714285714285714,6,22
W2217820795,2012,-0.8333333333333334,2,22
W2117653309,2013,-1.0,0,22
W3140236668,2012,-0.16666666666666666,5,7
W2074959961,2012,-0.3333333333333333,4,8
W3118245602,2010,-0.3333333333333333,1,2
W2152870594,2007,-0.30434782608695654,8,15
W2157579724,2013,-0.8,1,9
W2083318332,2013,-0.4666666666666667,4,11
W2146847823,2009,-1.0,0,13
W2137786709,2008,-1.0,0,15
W2997840096,2009,-1.0,0,4
W1974031481,2013,-0.25,3,5
W2125415818,2009,-1.0,0,12
W1994243627,2006,-1.0,0,7
W4240712147,2013,-1.0,0,6
W3128630920,2012,-1.0,0,2
W1511434008,2004,-1.0,0,10
W3134631687,2010,-1.0,0,4
W2099289231,2012,-1.0,0,1
W4243910447,2013,-1.0,0,3
W1508998747,2005,-0.3333333333333333,2,4
W1590104324,2011,-1.0,0,3
W1536502391,2007,-0.3333333333333333,1,2
W2023313657,2004,1.0,2,0
W2622405668,2011,,0,0
W2272202644,2011,-0.5,1,3
W1608231883,2005,,0,0
W2100894869,2008,-0.5,11,33
W2103078876,2010,-0.5833333333333334,5,19
W2140147547,2010,-0.6153846153846154,5,21
W1964859659,2010,-0.7777777777777778,2,16
W2002377711,2013,-0.8181818181818182,2,20
W1485565001,2009,-0.4666666666666667,4,11
W2136269217,2011,-1.0,0,16
W1982206931,2011,-0.8095238095238095,2,19
W4229753122,2011,-0.6666666666666666,2,10
W4245920732,2013,-0.8181818181818182,1,10
W2008685183,2012,-1.0,0,12
W2097994850,2011,-0.6923076923076923,2,11
W4246378947,2008,-1.0,0,2
W1497336670,2012,-1.0,0,10
W2129617730,2011,-0.6666666666666666,1,5
W1975280841,2013,-1.0,0,3
W2143106812,2011,-1.0,0,5
W2146634627,2013,-1.0,0,4
W1790484086,2008,-1.0,0,4
W1484132159,2013,-1.0,0,1
W4232719918,2012,1.0,1,0
W2136043644,2008,-0.6756756756756757,6,31
W2104219811,2006,-0.64,9,41
W2502511806,2013,1.0,32,0
W2144503141,2006,-1.0,0,8
W2155297884,2006,-0.5,1,3
W1978187713,2006,0.7142857142857143,6,1
W2033312961,2007,-0.4,3,7
W2601354821,2008,1.0,50,0
W2157880368,2013,-1.0,0,4
W1518961001,2013,,0,0
W4230086362,2012,,0,0
W2527703542,2013,1.0,2,0
W1996469731,2010,-1.0,0,2
W2257079043,2011,-1.0,0,3
W1517777672,2012,1.0,1,0
W2130243914,2008,-0.75,5,35
W2081609411,2011,-0.5,2,6
W2117400595,2004,-0.6153846153846154,5,21
W2045455555,2003,-0.4634146341463415,11,30
W2101099159,2005,-0.92,1,24
W2004681315,2004,-0.875,1,15
W2137125606,2006,-0.14285714285714285,3,4
W4233995140,2003,1.0,12,0
W2114114632,2006,-0.42857142857142855,4,10
W2545704562,2004,-0.7142857142857143,4,24
W2046652934,2005,-0.09090909090909091,5,6
W1818421347,2011,0.6,4,1
W2136548598,2005,-0.4444444444444444,5,13
W1560099686,2005,-0.6666666666666666,3,15
W4234795076,2005,1.0,4,0
W4244578958,2005,-0.6666666666666666,1,5
W1964130441,2009,0.0,1,1
W2061197523,2013,-1.0,0,2
W2092019183,2006,-1.0,0,2
W1581778018,2004,-1.0,0,1
W2133795371,2008,-0.6774193548387096,5,26
W2137159970,2009,-0.5172413793103449,7,22
W2132422132,2006,-0.23076923076923078,5,8
W2108352360,2010,-0.8,5,45
W2126260501,2006,-0.8461538461538461,2,24
W2118556950,2008,-0.4,6,14
W1988185259,2010,-0.6,6,24
W2149282564,2012,-1.0,0,11
W2012544372,2012,-0.3333333333333333,2,4
W2096774909,2011,-0.3333333333333333,5,10
W2005379670,2009,-1.0,0,5
W1976079860,2009,-1.0,0,2
W2124388425,2011,-1.0,0,4
W2484673471,2010,-1.0,0,1
W2161857935,2010,-0.8333333333333334,2,22
W4245532963,2010,,0,0
W2046732388,2004,-1.0,0,2
W2021962600,2013,-0.4,15,35
W1980311110,2012,1.0,4,0
W2079261052,2012,-0.38461538461538464,4,9
W2115819049,2006,-0.64,9,41
W1965253814,2013,-0.32,17,33
W2152340385,2013,-0.56,11,39
W2054479920,2013,-0.32,17,33
W2139542924,2008,-0.56,11,39
W1598241463,2008,-0.5,9,27
W2131011677,2009,-0.76,6,44
W2117226155,2012,-0.72,7,43
W2086416451,2006,-0.7777777777777778,3,24
W2136887528,2013,-0.7777777777777778,4,32
W3003452799,2013,0.04,13,12
W2060861812,2011,0.0,2,2
W2109028504,2013,-0.2631578947368421,7,12
W2093511521,2012,-0.625,3,13
W4251895471,2012,-0.6,1,4
W2116505185,2009,-0.2,2,3
W4239094729,2013,-1.0,0,2
W4247550203,2013,1.0,1,0
W2244315059,2013,-0.42857142857142855,2,5
W89431112,2008,1.0,1,0
W2169486214,2013,-0.5,1,3
W2100517941,2013,0.3333333333333333,2,1
W4253749006,2013,0.0,1,1
W1525451871,2004,-0.44,14,36
W2011367000,2008,-0.8,5,45
W2132897303,2006,-0.84,4,46
W2097444001,2011,-0.72,7,43
W2117058582,2005,-1.0,0,50
W2107147876,2013,-0.48,13,37
W1710734607,2008,-0.6,10,40
W1497028280,2008,-0.84,4,46
W2121579803,2008,-0.84,4,46
W2105983962,2013,-0.8297872340425532,4,43
W51507023,2013,-1.0,0,34
W2151585646,2012,-0.8974358974358975,2,37
W2104136059,2006,-0.7083333333333334,7,41
W2002479196,2011,-0.5102040816326531,12,37
W1817344819,2012,-0.6875,5,27
W2151497944,2013,-0.44680851063829785,13,34
W4236883605,2013,-0.3,7,13
W2006610105,2013,-0.7647058823529411,2,15
W1738817570,2012,-1.0,0,9
W1745893157,2005,-0.68,8,42
W31771106,2006,-0.4,9,21
W1964412230,2005,-0.4,6,14
W4242148730,2012,-1.0,0,14
W2167113173,2010,0.15789473684210525,11,8
W3149819741,2012,-0.3333333333333333,2,4
W2126900711,2012,-0.25,3,5
W2138890930,2011,-0.7777777777777778,1,8
W2243801415,2003,-1.0,0,1
W2146194600,2011,-1.0,0,2
W2255990952,2009,1.0,1,0
W4236279024,2013,,0,0
W4239429564,2007,0.4,35,15
W1987365175,2004,-0.4,15,35
W2169557227,2003,-0.64,9,41
W2146757372,2013,-0.68,8,42
W2053049304,2004,-0.32,17,33
W1493893823,2008,-0.8,5,45
W2128272588,2005,-0.52,12,38
W2066055909,2006,-0.48,13,37
W4234255778,2003,1.0,10,0
W1550151291,2011,-0.7894736842105263,2,17
W1826419936,2013,-0.5555555555555556,2,7
W2122827145,2009,-0.2727272727272727,8,14
W2103545802,2009,-0.75,2,14
W2100830825,2007,-0.68,8,42
W2096913158,2011,-0.75,1,7
W318559539,2004,-0.3333333333333333,1,2
W2133156458,2012,-0.75,2,14
W1488422764,2011,-0.6363636363636364,2,9
W33573630,2009,1.0,9,0
W1972056178,2013,-0.6666666666666666,1,5
W2145800633,2008,-0.6,1,4
W2172189174,2009,-1.0,0,4
W2138634342,2006,-1.0,0,6
W2916104749,2010,-0.6,1,4
W2026706800,2008,-1.0,0,3
W139483114,2008,1.0,1,0
W2097824898,2011,0.3333333333333333,2,1
W2065874428,2010,-1.0,0,1
W2614676961,2007,-1.0,0,50
W2013592197,2010,-0.44,14,36
W4234714494,2006,-0.022222222222222223,22,23
W177074485,2005,-0.6,10,40
W1482775559,2007,-0.24,19,31
W1588811764,2008,-0.68,8,42
W120340316,2006,-0.6129032258064516,6,25
W2048014508,2011,-0.5483870967741935,7,24
W2069563322,2005,0.3333333333333333,6,3
W2114948626,2009,0.0,3,3
W2079332827,2004,-0.6,1,4
W1590665309,2006,0.09090909090909091,6,5
W2160335623,2009,1.0,1,0
W1710031183,2009,1.0,1,0
W2148686658,2006,-0.72,7,43
W1534546243,2012,-0.24,19,31
W2112671267,2009,0.12,28,22
W2100673955,2005,-0.84,4,46
W4231945399,2005,-0.6,10,40
W1998631637,2010,-0.92,1,24
W88922393,2012,-1.0,0,2
W2032298737,2005,1.0,5,0
W28420799,2005,0.7142857142857143,6,1
W307786802,2011,0.0,1,1
W4229603628,2010,-1.0,0,1
W2048531216,2012,-0.48,13,37
W2092181172,2010,-0.8181818181818182,2,20
W2122997783,2011,-0.48,13,37
W2083323175,2012,-0.68,8,42
W2002770250,2013,-0.76,6,44
W2159394589,2010,-0.32,17,33
W2030825457,2011,-1.0,0,50
W1967172267,2008,-0.4222222222222222,13,32
W2133893416,2010,0.64,41,9
W2022994251,2011,-0.25,12,20
W2104211550,2012,-1.0,0,11
W2026369636,2013,-0.2857142857142857,15,27
W2104322506,2011,-1.0,0,29
W2057037070,2013,-0.5625,7,25
W2043522657,2011,-1.0,0,27
W2052312304,2009,-0.5,6,18
W2119616902,2009,-0.9090909090909091,1,21
W2109195186,2013,-0.3684210526315789,6,13
W2063832254,2010,-1.0,0,22
W2068802752,2012,-1.0,0,23
W2092808090,2012,-0.8823529411764706,1,16
W2172002381,2012,-1.0,0,12
W2407834910,2004,-0.6666666666666666,1,5
W1500483810,2012,-1.0,0,6
W2101552841,2013,0.09090909090909091,6,5
W1861657877,2009,-1.0,0,8
W2018891357,2012,-0.8,1,9
W2106005147,2012,-0.25,3,5
W2153445128,2012,-0.3333333333333333,3,6
W2151381210,2008,-0.5,3,9
W2107708931,2012,-1.0,0,5
W2175432095,2009,-1.0,0,9
W2131726773,2010,-1.0,0,3
W2133965272,2010,-1.0,0,2
W2247930475,2009,-1.0,0,5
W1762681816,2007,-1.0,0,1
W2206868146,2010,,0,0
W721413,2005,-1.0,0,1
W109525064,2009,0.0,1,1
W2951363012,2011,0.1111111111111111,5,4
W1761722426,2010,1.0,5,0
W1520283703,2013,-1.0,0,3
W2952491163,2012,-1.0,0,4
W2950870032,2013,0.0,1,1
W2953162088,2012,-1.0,0,1
W1499393050,2011,-1.0,0,1
W2952324247,2012,,0,0
W2949823424,2010,-1.0,0,1
W2024296478,2008,0.12,28,22
W2101188359,2009,-0.72,7,43
W1559779397,2006,-0.8181818181818182,2,20
W96549597,2009,-0.8,5,45
W1604854997,2007,0.09090909090909091,6,5
W2042138035,2008,-0.6,2,8
W1967805102,2009,-1.0,0,4
W2136342084,2006,-1.0,0,9
W2171901130,2008,-0.84,4,46
W2020360881,2009,0.32,33,17
W2123171175,2008,-0.32,17,33
W2141835599,2010,-0.68,8,42
W2009036829,2008,-0.44,14,36
W2101999582,2007,0.02857142857142857,18,17
W2102842495,2009,-0.92,2,48
W2161630290,2007,-0.64,9,41
W2134479550,2010,-0.9166666666666666,1,23
W2134874858,2005,-0.8518518518518519,2,25
W1981468681,2011,0.22448979591836735,30,19
W2140130703,2013,-0.6,2,8
W1979075286,2006,-0.6,2,8
W1971550472,2013,-0.6,1,4
W2127151074,2009,-0.7575757575757576,4,29
W2087323714,2010,-0.7777777777777778,4,32
W1974470627,2013,-1.0,0,9
W1971527337,2009,-0.5714285714285714,3,11
W2111406286,2013,-0.6923076923076923,2,11
W2012618942,2013,0.5,9,3
W2170991755,2012,-0.5384615384615384,3,10
W1991336264,2010,-1.0,0,7
W2014892319,2011,-0.1111111111111111,4,5
W2167276918,2008,0.2,3,2
W1991136330,2011,0.0,1,1
W2217894451,2013,-0.1111111111111111,4,5
W1571660140,2007,0.0,1,1
W1500051807,2007,-1.0,0,2
W2058178768,2013,1.0,1,0
W2909784844,2012,-1.0,0,1
W2123795321,2006,-1.0,0,6
W1909988457,2013,-0.6,1,4
W172209122,2008,1.0,2,0
W1977836056,2009,-0.7272727272727273,3,19
W2095851275,2011,-1.0,0,1
W2145990704,2008,-0.68,8,42
W2151295812,2008,-0.2,20,30
W2158794898,2009,-0.36,16,34
W2129657639,2011,-0.44,14,36
W2129615653,2007,-0.6,10,40
W2118928552,2011,-0.56,11,39
W2052762201,2008,-0.52,12,38
W1900340173,2012,-0.68,8,42
W2146447174,2007,0.24,31,19
W2027155840,2007,-0.2,10,15
W1528445643,2011,0.0,9,9
W191570832,2010,-1.0,0,7
W2166863539,2012,-0.6190476190476191,4,17
W2141211166,2010,-0.5789473684210527,4,15
W250521078,2004,-0.6666666666666666,1,5
W2160290137,2006,0.47368421052631576,14,5
W2006775787,2005,-0.5,1,3
W2137849046,2005,-0.6,2,8
W15385967,2005,0.6666666666666666,5,1
W2787576363,2005,-0.5,1,3
W2062401474,2007,1.0,3,0
W1553306009,2006,0.7777777777777778,8,1
W2471709593,2004,1.0,2,0
W2186727304,2012,,0,0
W2099578656,2006,0.6,8,2
W307373858,2006,-1.0,0,1
W2079758116,2002,-0.1111111111111111,4,5
W1523112699,2009,0.42857142857142855,5,2
W2098935816,2004,-0.4,3,7
W2108705662,2003,0.4444444444444444,13,5
W2104120709,2008,1.0,2,0
W2071271812,2004,-0.75,2,14
W1902527071,2007,0.0,6,6
W2022710553,2008,0.44,36,14
W2007278145,2003,-1.0,0,1
W2144621815,2007,-1.0,0,8
W1511213704,2005,0.0,2,2
W155805226,2007,-0.047619047619047616,10,11
W1529644676,2002,1.0,1,0
W3203359179,2004,-1.0,0,3
W2155388464,2008,-1.0,0,1
W119622647,2003,0.0,2,2
W2166474856,2004,-0.6,10,40
W2121465811,2007,-0.72,7,43
W2102258316,2006,-0.76,6,44
W2132667892,2009,-0.5,2,6
W2107618763,2005,-0.6,7,28
W2251006396,2010,1.0,4,0
W2097828466,2007,-0.9310344827586207,1,28
W2021018834,2004,,0,0
W2118618483,2003,-0.2222222222222222,7,11
W187688760,2006,-0.5,1,3
W2096831027,2005,-0.6,1,4
W1545111023,2007,-1.0,0,8
W2117601224,2007,-0.52,12,38
W1554543362,2008,1.0,4,0
W2170672180,2010,0.0,2,2
W2065268018,2009,0.1111111111111111,20,16
W1880108145,2009,1.0,10,0
W3142689054,2007,0.0,2,2
W1887728111,2009,-0.3333333333333333,1,2
W2161072122,2007,1.0,1,0
W2006550435,2007,-0.24,19,31
W193627443,2011,,0,0
W2028110289,2005,-0.375,5,11
W1970770229,2004,1.0,2,0
W2116299824,2009,-0.6,2,8
W63317808,2006,1.0,1,0
W2152312062,2007,1.0,38,0
W2159113477,2010,-0.56,11,39
W2010826556,2011,-0.56,11,39
W2022112309,2012,0.36363636363636365,15,7
W2047340769,2011,0.3617021276595745,32,15
W2095969036,2012,-0.5454545454545454,10,34
W2148523844,2010,-0.6129032258064516,6,25
W2118635685,2012,0.2,9,6
W2057359302,2007,-0.47619047619047616,11,31
W2078381243,2008,0.0,10,10
W2189424791,2011,,0,0
W2023875181,2011,-0.5238095238095238,5,16
W34277621,2012,0.0,4,4
W1813749380,2008,-1.0,0,15
W2108648768,2010,-0.6,1,4
W2038841774,2012,1.0,2,0
W1978303715,2009,0.0,3,3
W2405448476,2008,0.0,1,1
W2562401685,2009,1.0,2,0
W219525606,2012,1.0,9,0
W1919952276,2010,1.0,50,0
W4244333642,2010,1.0,29,0
W3172402307,2007,1.0,1,0
W2062131480,2008,0.13043478260869565,26,20
W2768876994,2010,1.0,33,0
W1968879168,2011,-0.56,11,39
W3162309275,2009,1.0,2,0
W2082546838,2007,-0.5,4,12
W1839930767,2009,1.0,1,0
W2005145483,2007,-0.92,1,24
W2314658257,2010,-0.6666666666666666,1,5
W2099812507,2010,-0.8947368421052632,1,18
W2045699392,2006,-0.47368421052631576,5,14
W2060963469,2006,-0.96,1,49
W2126741442,2006,-1.0,0,18
W4250594194,2007,1.0,1,0
W2114631444,2007,-1.0,0,11
W4230638591,2007,1.0,1,0
W2060452888,2006,-1.0,0,3
W2076201611,2006,-0.52,12,38
W2162439064,2011,-0.32,17,33
W2129318028,2011,-0.2727272727272727,8,14
W2133469782,2008,-0.28,18,32
W1990675148,2005,0.5862068965517241,23,6
W2163643791,2007,-0.52,12,38
W2015529988,2007,-0.5,9,27
W3122444789,2010,1.0,18,0
W1987329581,2009,0.28,16,9
W2168250392,2009,0.06666666666666667,8,7
W64019278,2012,-0.5555555555555556,2,7
W3143454941,2012,0.1111111111111111,10,8
W2039424656,2011,-0.4,3,7
W2065235099,2009,1.0,5,0
W2149319680,2008,0.6470588235294118,14,3
W2188841293,2005,0.8,9,1
W124634515,2009,,0,0
W2094712536,2012,0.7777777777777778,8,1
W3125343185,2010,1.0,5,0
W1515604277,2005,,0,0
W2091810189,2008,1.0,13,0
W130646854,2004,,0,0
W1589563190,2005,1.0,6,0
W2155860409,2003,-1.0,0,3
W1538066417,2004,1.0,2,0
W1545256108,2004,,0,0
W47562861,2006,-1.0,0,1
W2072834239,2011,,0,0
W3125443179,2012,-0.6666666666666666,1,5
W2040099976,2002,0.14285714285714285,16,12
W2085094300,2003,-0.6585365853658537,7,34
W2061232032,2007,0.08,27,23
W2074667381,2012,-0.5789473684210527,4,15
W1559860852,2005,-0.17647058823529413,7,10
W2139284571,2011,-0.08,23,27
W2162203086,2011,0.36,34,16
W2163590250,2004,1.0,7,0
W2147861080,2009,-0.14285714285714285,6,8
W1512480432,2008,0.3333333333333333,4,2
W1580257242,2012,1.0,11,0
W1608300738,2011,0.09090909090909091,6,5
W1485333442,2009,0.5,6,2
W2140310039,2008,0.23076923076923078,8,5
W2160804270,2002,0.6666666666666666,5,1
W1511720574,2006,-0.75,1,7
W2018719534,2012,0.25,5,3
W2159193927,2002,-0.3333333333333333,2,4
W4233170303,2012,-1.0,0,5
W2098042498,2011,0.2,3,2
W4233859223,2011,-1.0,0,3
W1975738444,2002,-0.3333333333333333,4,8
W2023357551,2010,-0.42857142857142855,2,5
W2107876996,2002,-0.9411764705882353,1,33
W1516691687,2005,0.2,3,2
W4244270792,2010,-0.2,2,3
W1989606041,2012,0.3333333333333333,2,1
W1972577905,2002,1.0,3,0
W964559475,2006,1.0,1,0
W2066220442,2008,-0.36,16,34
W2132874238,2007,-0.04,24,26
W2085925880,2006,-0.76,6,44
W2103378897,2003,-0.08,23,27
W2117030266,2007,-0.48,13,37
W2152449272,2004,-0.6,10,40
W2151135920,2007,-0.68,8,42
W1986678144,2010,-0.04,24,26
W2100307718,2009,-0.56,11,39
W1970867218,2010,-0.2,20,30
W1956767865,2009,-0.72,7,43
W2111487235,2008,-0.76,6,44
W2104593144,2004,-0.48,13,37
W2143445293,2010,-0.52,12,38
W1580559113,2006,-0.36,16,34
W2162316255,2006,0.04,26,24
W2160289821,2011,-0.68,8,42
W2150795982,2006,-0.08,23,27
W1564075167,2004,-0.52,12,38
W2167671111,2007,-0.48,13,37
W2101678831,2012,-0.32,17,33
W2110523863,2005,-0.28,18,32
W2114996745,2012,-0.6,10,40
W2115675703,2009,-0.68,8,42
W1554891714,2003,0.02857142857142857,18,17
W1984350393,2006,-0.52,12,38
W1552906779,2006,-0.32,17,33
W4253289766,2003,1.0,48,0
W2132791332,2006,-0.3469387755102041,16,33
W78162143,2007,-0.44,14,36
W2125743503,2010,-0.8,5,45
W2154933195,2005,0.72,43,7
W1593211785,2007,-0.52,12,38
W2166731089,2008,-0.5,8,24
W2119085032,2006,-1.0,0,50
W1916198581,2009,-1.0,0,50
W1761672165,2009,-0.4,15,35
W2157949690,2012,-0.76,6,44
W1601789105,2005,1.0,41,0
W2148001343,2006,-0.72,7,43
W2097688220,2003,-0.125,14,18
W2059201166,2007,-0.7272727272727273,3,19
W33764377,2010,-0.36,16,34
W2065339563,2009,-0.32,17,33
W2122750868,2010,-0.56,11,39
W2042454716,2008,-0.3469387755102041,16,33
W4254636208,2007,1.0,6,0
W2137365926,2012,-0.28,18,32
W2117285489,2006,-0.125,21,27
W2102457045,2009,-0.5555555555555556,10,35
W1861561811,2012,-0.6,10,40
W1597482600,2012,-0.4,15,35
W1980666796,2012,-0.32,17,33
W2160637255,2010,-0.8,5,45
W2162765234,2011,-0.6756756756756757,6,31
W1531782611,2011,-0.88,3,47
W2100765095,2009,0.5652173913043478,36,10
W2171593127,2011,0.08,27,23
W1968061803,2010,-0.92,2,48
W2159034832,2012,-0.92,2,48
W2156262402,2012,0.25925925925925924,17,10
W2137559158,2005,0.08,27,23
W1832277845,2003,-0.84,4,46
W1903577715,2005,-0.64,9,41
W1485086418,2002,-0.3,14,26
W1508143096,2004,-0.3023255813953488,15,28
W2045880951,2010,0.0,22,22
W2146871983,2009,-0.3333333333333333,10,20
W2145688371,2011,-0.5833333333333334,5,19
W2014742088,2009,0.8,27,3
W2158326123,2008,-0.5428571428571428,8,27
W2083940415,2010,0.43478260869565216,33,13
W1606590080,2008,-0.5862068965517241,6,23
W2115392339,2010,-0.10526315789473684,17,21
W2143170946,2009,-0.3076923076923077,9,17
W1545175007,2009,-0.44,7,18
W2136651729,2003,-0.875,1,15
W2117353399,2010,-0.8518518518518519,2,25
W2160106378,2008,-0.8421052631578947,3,35
W2002079460,2011,-0.7575757575757576,4,29
W2114488082,2009,-0.4074074074074074,8,19
W2121378079,2004,-0.7,3,17
W2109860693,2009,-0.5333333333333333,7,23
W1534295949,2012,-0.030303030303030304,16,17
W2157956640,2012,-0.7037037037037037,4,23
W118742943,2010,-0.26666666666666666,11,19
W1500920619,2012,-0.17647058823529413,7,10
W2126169116,2011,-0.6190476190476191,4,17
W1561608006,2011,-0.7692307692307693,3,23
W2005886648,2012,0.0,14,14
W2108290480,2010,-0.8666666666666667,1,14
W2053307247,2012,-0.5789473684210527,4,15
W1964991438,2012,-0.7333333333333333,2,13
W1985936489,2011,-1.0,0,15
W9904157,2012,-0.5,5,15
W2116997228,2011,0.07692307692307693,7,6
W2025291910,2012,-0.8181818181818182,1,10
W1562530803,2003,-0.8604651162790697,3,40
W126505109,2005,-0.375,5,11
W1694600695,2007,-0.06666666666666667,7,8
W2100995598,2007,0.07692307692307693,7,6
W1516812305,2008,-1.0,0,13
W1577907989,2007,1.0,6,0
W2007842496,2012,-0.8888888888888888,1,17
W2069087469,2011,0.25,5,3
W1773541209,2012,-0.6666666666666666,2,10
W4299306993,2007,1.0,3,0
W1585946645,2011,-0.7142857142857143,2,12
W2009916274,2011,-0.7142857142857143,2,12
W4238996420,2012,1.0,1,0
W2165089674,2007,-0.8181818181818182,1,10
W2468483608,2005,1.0,12,0
W4298032887,2005,,0,0
W2912148360,2011,1.0,8,0
W2164195897,2006,-0.42857142857142855,2,5
W1539275741,2011,-0.6,1,4
W2012909947,2006,-0.8666666666666667,1,14
W1569175114,2003,,0,0
W1923866963,2009,0.14285714285714285,4,3
W4300932295,2006,1.0,3,0
W1591995464,2011,-1.0,0,2
W2885254278,2002,1.0,9,0
W1639031646,2002,0.6666666666666666,5,1
W1933755642,2002,-0.5,1,3
W2108196245,2007,0.2,3,2
W2912329916,2007,1.0,1,0
W1485176061,2007,-0.3333333333333333,1,2
W1513253020,2011,,0,0
W114091955,2009,1.0,3,0
W1526181112,2007,,0,0
W1535297882,2006,,0,0
W1968562654,2009,1.0,2,0
W1537370817,2006,,0,0
W2315170437,2006,,0,0
W2346184934,2005,,0,0
W2914084722,2005,,0,0
W4239783853,2007,,0,0
W1600783387,2011,-1.0,0,1
W4232454301,2005,,0,0
W645664730,2009,1.0,1,0
W74231722,2012,1.0,1,0
W3198772458,2009,1.0,3,0
W3125352989,2011,1.0,41,0
W206713409,2012,-1.0,0,2
W2133126027,2008,1.0,1,0
W2492588343,2003,1.0,1,0
W2562174262,2004,1.0,1,0
W2070787093,2005,0.2,30,20
W2137956345,2007,-0.7777777777777778,5,40
W2150922760,2006,-1.0,0,50
W1993155808,2010,-1.0,0,32
W2123528931,2008,-0.6363636363636364,4,18
W4235388086,2010,-1.0,0,11
W149604736,2004,-0.5294117647058824,4,13
W2127225305,2004,0.2,6,4
W1978742229,2012,-0.8461538461538461,1,12
W2009245364,2004,-0.7894736842105263,2,17
W1998331391,2004,-1.0,0,3
W2998745116,2008,,0,0
W1602642926,2008,-0.8666666666666667,1,14
W1529321910,2008,,0,0
W3084019840,2006,-1.0,0,2
W1498382327,2004,1.0,2,0
W1971907018,2006,-0.8947368421052632,1,18
W2913622379,2011,,0,0
W2082240569,2002,-1.0,0,1
W2035638985,2010,-1.0,0,1
W2052356664,2009,-1.0,0,1
W1558893343,2002,-1.0,0,2
W151650435,2010,1.0,1,0
W1563847296,2007,-1.0,0,2
W2106355420,2008,-0.44,14,36
W2069454232,2010,-1.0,0,2
W1608589480,2007,-1.0,0,3
W2163147858,2007,0.17073170731707318,24,17
W2158602558,2012,-0.68,8,42
W1988344179,2008,-0.8888888888888888,2,34
W2176528885,2006,1.0,5,0
W1560597350,2006,-0.6666666666666666,1,5
W2169495281,2007,-0.72,7,43
W2151965112,2007,-0.4634146341463415,11,30
W2008725971,2006,-0.5555555555555556,2,7
W4247835313,2007,-0.2,2,3
W2292660489,2009,-0.42857142857142855,2,5
W2744561696,2006,1.0,1,0
W2950800000,2009,-0.6666666666666666,1,5
W2923018969,2005,1.0,1,0
W1986007546,2004,-0.52,12,38
W2164338181,2009,-0.96,1,49
W1722318740,2010,-0.44,14,36
W2135957668,2007,-0.6,10,40
W2171790913,2009,-0.84,4,46
W1990537115,2011,-0.92,2,48
W2610360795,2008,-0.72,7,43
W2162881463,2008,-1.0,0,50
W2090923791,2011,-1.0,0,50
W2129043771,2004,-0.2,20,30
W2144892774,2009,-0.76,6,44
W2097939965,2009,-0.68,8,42
W2118979615,2008,-0.48,13,37
W2159788726,2006,-0.6,10,40
W1822439997,2012,-0.8,5,45
W2160484893,2005,-0.68,8,42
W2163281959,2012,-0.7142857142857143,5,30
W2055667921,2003,-0.3333333333333333,13,26
W2106435568,2005,-0.6,9,36
W2157998899,2010,0.21739130434782608,14,9
W1585754713,2007,-0.5714285714285714,3,11
W2168505892,2010,-0.7931034482758621,3,26
W2105486945,2011,-1.0,0,8
W4241367452,2003,1.0,1,0
W1728604336,2008,,0,0
W2117562221,2009,-0.25,3,5
W2740676663,2010,-1.0,0,2
W2288805679,2010,-1.0,0,1
W1521879716,2007,-1.0,0,3
W2143776582,2011,-0.04,24,26
W1574850619,2012,-0.6,7,28
W2104071946,2010,-0.68,8,42
W2113741880,2009,-0.4,15,35
W2546750069,2010,-0.12,22,28
W2964064173,2012,-0.9574468085106383,1,46
W2145908112,2012,-0.3888888888888889,11,25
W76044956,2011,-0.24324324324324326,14,23
W2125094180,2010,-0.75,6,42
W4297970207,2008,-0.6666666666666666,2,10
W2126458834,2010,-0.875,2,30
W1602592773,2011,-0.38461538461538464,8,18
W1603831125,2007,-0.625,3,13
W105661677,2012,-0.7894736842105263,2,17
W2404051247,2011,1.0,13,0
W2162159633,2009,-0.3333333333333333,3,6
W2399939661,2008,1.0,13,0
W2086641382,2012,1.0,1,0
W2134686122,2010,-1.0,0,6
W2075977674,2007,-0.3333333333333333,1,2
W2110924032,2012,-1.0,0,7
W1519920867,2012,-1.0,0,6
W1889903878,2009,0.0,2,2
W842292621,2009,1.0,3,0
W1632595703,2004,,0,0
W2154066980,2009,,0,0
W1658965807,2011,-0.8,1,9
W1604179126,2012,-0.5,1,3
W2167257437,2012,-0.75,1,7
W1994388988,2006,-1.0,0,6
W2109987996,2007,-1.0,0,1
W2145544369,2007,-0.76,6,44
W2039822794,2010,-0.85,3,37
W2165879825,2008,-0.76,3,22
W22384488,2012,-0.8823529411764706,2,32
W3151410988,2012,-0.21739130434782608,9,14
W4241907497,2011,-0.7333333333333333,2,13
W2129306832,2009,-0.6,3,12
W2119565009,2009,-0.5,2,6
W2152828763,2008,1.0,5,0
W2045366549,2009,-1.0,0,1
W2189543840,2012,-1.0,0,1
W2188169666,2006,-1.0,0,1
W2151553346,2007,-0.84,4,46
W2126166995,2006,-0.76,6,44
W2149598089,2007,-0.6,10,40
W2068430427,2011,-0.76,6,44
W2075382909,2012,-0.28,18,32
W2029853454,2006,-0.88,3,47
W2049828091,2005,-0.5909090909090909,9,35
W2101720091,2011,-0.64,9,41
W1597799702,2008,0.0,25,25
W2120322286,2011,-0.96,1,49
W2092760641,2004,0.0,2,2
W2214054289,2011,-0.8666666666666667,3,42
W2110498832,2008,1.0,36,0
W2145302217,2011,-0.55,9,31
W2149234515,2011,-0.7674418604651163,5,38
W2167723122,2010,-0.7560975609756098,5,36
W1260576311,2009,-1.0,0,6
W2110653426,2006,-0.5555555555555556,4,14
W2119855409,2009,-0.3333333333333333,7,14
W2146682513,2006,-0.6,3,12
W2110831079,2005,-0.5384615384615384,3,10
W2148104754,2006,-0.4666666666666667,4,11
W2133464983,2006,-0.6666666666666666,2,10
W2032367880,2012,0.0,1,1
W4243340356,2005,1.0,9,0
W2313321506,2004,1.0,1,0
W1587555263,2007,-1.0,0,1
W3149460438,2012,1.0,2,0
W2157408109,2008,1.0,2,0
W2152846401,2007,-0.28,18,32
W2135480579,2012,-0.3181818181818182,15,29
W2164300322,2006,-0.32,17,33
W2148159886,2006,-0.52,12,38
W2099698375,2007,-0.7073170731707317,6,35
W2014102603,2012,0.2413793103448276,18,11
W2048342307,2011,-0.29411764705882354,6,11
W2144864805,2010,-0.6,6,24
W2035236503,2011,-0.3333333333333333,6,12
W2169611117,2011,-0.36363636363636365,7,15
W1999601741,2011,0.29411764705882354,11,6
W2115263189,2011,-0.6,4,16
W156366748,2012,-0.5714285714285714,3,11
W2110795655,2008,-0.7333333333333333,2,13
W2058517543,2011,0.29411764705882354,11,6
W2115256361,2011,-0.3333333333333333,4,8
W1982695538,2012,-0.125,7,9
W2019124805,2012,-0.47368421052631576,5,14
W2760715935,2010,0.09090909090909091,6,5
W38549552,2011,-0.5714285714285714,3,11
W2534770824,2011,-0.14285714285714285,3,4
W2146561295,2005,-1.0,0,31
W2107079484,2004,-0.5625,7,25
W2106551721,2007,-0.6666666666666666,3,15
W2132333108,2005,0.125,9,7
W2040952376,2005,0.07692307692307693,7,6
W2540564581,2011,1.0,9,0
W4251566549,2011,-0.4,3,7
W1983989168,2008,-0.5555555555555556,2,7
W2058935755,2012,-0.6,1,4
W1702954623,2012,,0,0
W2098243935,2005,-0.7142857142857143,1,6
W4242852363,2010,-0.5,1,3
W191050351,2011,-0.3333333333333333,1,2
W2060424441,2006,-1.0,0,2
W1755991730,2008,-1.0,0,5
W2146502903,2006,-1.0,0,1
W2065948900,2008,-0.8,5,45
W2110318050,2009,-0.92,2,48
W2050853996,2008,-0.88,3,47
W2026944808,2011,-0.2,20,30
W2136579066,2010,-0.36,16,34
W4232884709,2008,-0.6521739130434783,4,19
W2160906984,2011,-0.88,3,47
W2030701454,2012,-0.52,12,38
W2156871562,2012,-0.16129032258064516,13,18
W2000952465,2011,-0.8125,3,29
W2096012235,2003,-0.76,6,44
W2083422935,2011,-0.5,10,30
W196342399,2009,-0.8888888888888888,2,34
W2139476818,2008,-0.8461538461538461,3,36
W2044901139,2012,-0.4166666666666667,7,17
W1545985476,2005,-0.6774193548387096,5,26
W2108690834,2004,-0.8,4,36
W2115694885,2007,-1.0,0,39
W1522692903,2011,-0.5483870967741935,7,24
W2120485257,2007,-0.52,6,19
W2124559112,2008,-0.45454545454545453,3,8
W107142936,2007,1.0,14,0
W2131285434,2012,0.2727272727272727,7,4
W1884646655,2006,-1.0,0,20
W4245386091,2003,1.0,9,0
W1992414896,2009,1.0,4,0
W1897869887,2006,-1.0,0,4
W3161789269,2003,-0.6,1,4
W181011926,2004,-0.5714285714285714,3,11
W4238162698,2004,-1.0,0,3
W2980158038,2012,1.0,3,0
W2067056843,2011,,0,0
W1536640700,2008,-1.0,0,1
W2114497600,2007,,0,0
W1572317885,2009,-1.0,0,2
W110738662,2007,0.6190476190476191,17,4
W2146101433,2006,1.0,3,0
W2177977456,2012,-0.5625,7,25
W2951133671,2003,1.0,1,0
W2136944193,2006,-0.8,5,45
W2138072998,2004,-1.0,0,39
W1921200167,2007,-1.0,0,50
W2096765209,2004,-0.44,14,36
W2404032054,2011,-0.8571428571428571,3,39
W2049711652,2009,-0.2,20,30
W2144709747,2004,-0.48,13,37
W2056932183,2007,-0.55,9,31
W1560265110,2002,0.058823529411764705,9,8
W2118818136,2004,-0.2857142857142857,5,9
W2162829716,2009,0.14285714285714285,12,9
W1993141752,2011,-0.8333333333333334,1,11
W1973644476,2005,0.1,11,9
W2050109298,2004,-0.8333333333333334,1,11
W2022234225,2006,0.6,4,1
W2072403616,2010,-0.5,1,3
W2155866322,2011,0.2,3,2
W2052183133,2005,1.0,1,0
W2100388263,2005,1.0,1,0
W2098003004,2006,1.0,1,0
W1978924650,2010,-0.48,13,37
W2135412092,2008,-1.0,0,6
W4241298546,2010,-0.4166666666666667,7,17
W2071286129,2007,-0.2857142857142857,5,9
W4249591832,2007,-1.0,0,1
W2104963439,2008,-0.7894736842105263,2,17
W1991942784,2006,-1.0,0,3
W3010549432,2008,-1.0,0,5
W2117127705,2007,-1.0,0,2
W2148980251,2008,-0.5555555555555556,10,35
W1968456054,2006,-0.2857142857142857,5,9
W2114028889,2010,-0.44,14,36
W2120667249,2006,-0.47368421052631576,10,28
W2151793306,2011,-1.0,0,13
W3102424228,2012,-1.0,0,14
W3014608193,2009,1.0,5,0
W293447437,2012,-0.3333333333333333,1,2
W4231282348,2006,-1.0,0,2
W1751428553,2009,-0.36363636363636365,14,30
W2100960788,2011,-0.6086956521739131,9,37
W4394642978,2011,1.0,11,0
W1791748083,2011,1.0,2,0
W4239151878,2012,-0.3333333333333333,3,6
W2949353907,2011,-1.0,0,7
W2096100960,2004,-0.92,2,48
W2164456230,2003,-0.64,9,41
W2009537245,2011,0.4,35,15
W2135223301,2003,-0.6,10,40
W2139956879,2004,-0.72,7,43
W2111116800,2006,-0.9130434782608695,2,44
W2149156280,2007,-0.52,12,38
W866281365,2011,1.0,39,0
W2133156844,2008,-0.52,12,38
W2102350406,2006,-0.9069767441860465,2,41
W2164068772,2003,-0.8260869565217391,2,21
W4230521134,2003,1.0,8,0
W2166974961,2006,-0.25925925925925924,10,17
W2153977007,2002,-0.9444444444444444,1,35
W2100114016,2011,-0.26666666666666666,11,19
W2570765347,2011,1.0,23,0
W244291035,2012,-0.6666666666666666,1,5
W2129343152,2008,-0.1111111111111111,8,10
W2261536310,2011,-0.6,2,8
W2110089207,2008,-1.0,0,11
W2169948249,2003,-0.3333333333333333,4,8
W2011334066,2008,-0.09090909090909091,5,6
W1972592701,2009,-1.0,0,8
W1591040075,2011,1.0,1,0
W2098395318,2004,1.0,1,0
W2613142296,2007,1.0,1,0
W2008601845,2009,1.0,3,0
W2134955779,2012,0.0,1,1
W2139945125,2006,-1.0,0,6
W2035801804,2007,-0.4782608695652174,6,17
W2063546264,2008,-0.2222222222222222,7,11
W2022942700,2004,-0.84,2,23
W1999036032,2012,,0,0
W2107422095,2005,-1.0,0,12
W2074613167,2007,0.3333333333333333,2,1
W2136014429,2006,-1.0,0,9
W2005868254,2010,-1.0,0,3
W1620229005,2002,0.14285714285714285,4,3
W2024562752,2005,-1.0,0,1
W2162569193,2005,-0.7142857142857143,1,6
W1543980078,2007,-0.4117647058823529,5,12
W2139359217,2007,-0.92,2,48
W2038345682,2009,-0.76,6,44
W2122142939,2004,-1.0,0,22
W4245201945,2007,-0.2,6,9
W1540902136,2007,-0.6,10,40
W1966383354,2008,-0.6666666666666666,3,15
W2121015380,2005,-0.125,7,9
W2151090458,2005,-0.5333333333333333,7,23
W1627002016,2012,-0.7142857142857143,2,12
W2043994652,2009,-0.2857142857142857,5,9
W87782095,2009,0.0,4,4
W2102117848,2003,-1.0,0,7
W28357549,2012,-1.0,0,1
W2117441593,2008,-1.0,0,3
W2148791173,2008,-0.68,8,42
W2166510103,2007,-0.56,11,39
W1488890761,2007,-0.76,6,44
W2100197079,2009,-0.32,17,33
W2097833793,2006,-0.8787878787878788,2,31
W2172232818,2004,-0.96,1,49
W2121988324,2004,-0.96,1,49
W2136025860,2004,-0.627906976744186,8,35
W2130207003,2005,-0.9230769230769231,1,25
W2036463966,2012,-1.0,0,30
W2121822272,2011,-1.0,0,19
W2099510595,2011,-1.0,0,25
W2120620789,2012,-1.0,0,15
W4246597393,2007,-0.38461538461538464,4,9
W2294311096,2006,-0.9285714285714286,1,27
W2159436061,2008,-1.0,0,21
W1970703176,2009,-0.5454545454545454,5,17
W1522388518,2007,-0.07692307692307693,6,7
W2147380064,2012,-0.23076923076923078,5,8
W2130514086,2009,-0.3333333333333333,1,2
W2110648485,2009,-0.875,1,15
W2144221065,2010,0.2727272727272727,7,4
W1985242567,2003,-0.8,2,18
W4251735399,2004,-0.8181818181818182,1,10
W2170048817,2008,-1.0,0,8
W1644651122,2012,-1.0,0,4
W2019032826,2010,-0.5,1,3
W2130609760,2004,-0.7777777777777778,1,8
W4238420531,2003,-0.6,2,8
W2140837760,2010,-1.0,0,4
W2186841663,2008,-1.0,0,2
W1549485164,2004,,0,0
W69862423,2009,1.0,4,0
W4244189205,2004,-1.0,0,3
W4211179096,2012,1.0,2,0
W4308230433,2011,1.0,1,0
W4254917997,2006,,0,0
W1999602293,2009,-0.76,6,44
W1588812554,2002,-1.0,0,17
W2133448626,2012,-0.7142857142857143,6,36
W2295917400,2006,-0.6666666666666666,1,5
W2160877060,2002,-1.0,0,4
W1986070285,2010,0.12,28,22
W1993830711,2012,-0.68,8,42
W1998698985,2008,0.52,38,12
W2157745065,2007,-0.5,10,30
W2242452602,2012,0.1111111111111111,25,20
W2001766583,2011,-0.76,6,44
W154253821,2012,-0.72,7,43
W2124765629,2008,-1.0,0,42
W1502953220,2010,-0.84,4,46
W2027857542,2007,-0.8235294117647058,3,31
W2116762534,2005,-0.3142857142857143,12,23
W2132937716,2005,-1.0,0,15
W4292717601,2011,-1.0,0,25
W2177108502,2011,-0.9,1,19
W2105537253,2010,-0.625,3,13
W2034815954,2006,-0.7142857142857143,1,6
W4248101621,2006,1.0,4,0
W2048659729,2007,-1.0,0,13
W2109782186,2010,-1.0,0,25
W2162273970,2003,-0.42857142857142855,4,10
W1518498106,2009,-0.4666666666666667,4,11
W2166451469,2004,-1.0,0,8
W2169449223,2004,-0.2,2,3
W2987365200,2006,1.0,10,0
W2151904488,2008,1.0,5,0
W76785965,2011,-0.42857142857142855,2,5
W2139986679,2011,-0.2,4,6
W4256371975,2010,1.0,5,0
W2142120204,2006,-1.0,0,10
W2155156518,2002,-1.0,0,7
W2171903042,2010,-1.0,0,5
W1987413399,2006,0.3333333333333333,2,1
W274479492,2007,-0.7777777777777778,1,8
W2271516095,2010,,0,0
W1970712749,2006,1.0,1,0
W319498177,2011,-1.0,0,3
W1540650264,2008,-1.0,0,3
W2401976396,2011,1.0,4,0
W2293502007,2004,1.0,1,0
W49937311,2010,1.0,1,0
W2142556291,2006,0.32,33,17
W2133258886,2008,-0.04,24,26
W2167023109,2008,-0.56,11,39
W2140280838,2007,-0.64,9,41
W1526459853,2012,-0.5909090909090909,9,35
W1984194589,2011,-0.21428571428571427,11,17
W2099800354,2012,-0.28,18,32
W2112974019,2007,-0.6774193548387096,5,26
W2139459444,2009,-0.56,11,39
W2035084961,2009,-0.2,8,12
W2983080181,2012,1.0,3,0
W2105013814,2009,0.25,5,3
W7730001,2008,-1.0,0,2
W2125870449,2008,-0.38461538461538464,4,9
W3138367763,2005,0.0,25,25
W2149576945,2003,-0.24,19,31
W2140613126,2007,0.0,25,25
W2123686039,2006,-0.8,5,45
W2115503987,2005,-0.6,10,40
W2114303224,2009,-0.36,16,34
W2125775320,2009,-0.56,11,39
W2155070484,2008,0.16,29,21
W3138135046,2007,0.12,28,22
W1261868982,2009,0.0,25,25
W2005112390,2008,-0.48,13,37
W2137152505,2009,-0.52,12,38
W2293919922,2011,-0.6,10,40
W2054075931,2008,-0.52,12,38
W2044490410,2009,-0.56,11,39
W2085601491,2009,-0.16,21,29
W2144839430,2007,-1.0,0,50
W2062735494,2003,0.12,28,22
W2013451019,2012,-0.6,10,40
W1551118287,2005,-0.68,8,42
W2159376715,2010,-0.48,13,37
W2133967560,2010,-0.48,13,37
W1814601622,2012,-0.92,2,48
W2099427938,2007,-0.5483870967741935,7,24
W2150971115,2004,-0.48717948717948717,10,29
W2016829627,2011,-0.56,11,39
W4233550397,2012,-0.5,1,3
W2049160854,2010,-0.7209302325581395,6,37
W1499327381,2007,0.14285714285714285,8,6
W1813630675,2010,-0.2,2,3
W2048683536,2002,,0,0
W2029432894,2010,1.0,5,0
W1956179383,2009,1.0,2,0
W2398910280,2005,-1.0,0,4
W1514659981,2008,-0.6,10,40
W2142086811,2004,-0.8,5,45
W2144108169,2006,-0.64,9,41
W2107598941,2009,-0.64,9,41
W2065512234,2011,-0.08,23,27
W234105,2007,-0.875,2,30
W2159920073,2006,-0.3333333333333333,10,20
W2115489388,2005,0.5714285714285714,11,3
W2407160479,2008,-0.375,5,11
W2148916594,2005,0.5555555555555556,7,2
W1970381522,2008,-0.08,23,27
W166587598,2009,1.0,1,0
W2118755902,2006,-0.32,17,33
W2158019650,2006,-0.75,3,21
W4250124742,2006,-0.6666666666666666,2,10
W2144922371,2007,-0.6470588235294118,3,14
W2149430192,2011,-0.32,17,33
W2143710843,2005,-0.17073170731707318,17,24
W1606092312,2003,-0.4,15,35
W107404218,2006,-0.6428571428571429,5,23
W2126308158,2007,-0.058823529411764705,8,9
W2115561891,2011,-0.4,3,7
W2031857488,2006,-0.2,6,9
W1496905115,2006,-0.84,4,46
W1581297639,2011,0.4782608695652174,17,6
W2138567086,2003,-0.72,7,43
W2160938947,2011,-0.1111111111111111,4,5
W1489945568,2005,-0.875,1,15
W2057851601,2011,-0.6,1,4
W2135382416,2004,-0.8333333333333334,1,11
W2134420161,2009,-0.16666666666666666,5,7
W2092204704,2009,-0.7142857142857143,1,6
W2044983364,2006,-0.9,2,38
W1559926035,2006,,0,0
W4238320342,2004,-0.6363636363636364,2,9
W2107436698,2006,1.0,31,0
W1549491892,2007,-1.0,0,9
W2127485284,2004,0.3333333333333333,2,1
W2129644350,2004,,0,0
W1484240158,2005,1.0,2,0
W83981013,2011,-1.0,0,2
W2065821053,2011,1.0,25,0
W1590679805,2004,1.0,2,0
W122279455,2004,1.0,1,0
W1566796566,2004,1.0,1,0
W2125310925,2007,-0.8,5,45
W2155871590,2005,-0.64,9,41
W2151996626,2005,-0.56,11,39
W2141364309,2009,-0.8,5,45
W2146352414,2008,-0.68,8,42
W2098411764,2009,-0.52,12,38
W2534523274,2009,-0.92,2,48
W2147558395,2011,-0.44,14,36
W1818727054,2010,-0.88,3,47
W1555385401,2010,-0.92,2,48
W2134921974,2007,-0.48,13,37
W4241222664,2006,-0.4,15,35
W2130513366,2008,-0.76,6,44
W2103380420,2007,-0.32,17,33
W2069088802,2011,-0.8,5,45
W1996309403,2010,-0.8,5,45
W2080920426,2010,-0.64,9,41
W4235111023,2005,-0.5111111111111111,11,34
W2104160358,2005,-0.36,16,34
W4229844323,2007,-0.68,8,42
W2151698683,2008,-0.76,6,44
W2122146039,2007,-0.64,9,41
W2125263373,2009,-0.24,19,31
W2543453567,2009,-0.64,9,41
W2138395288,2004,-0.3793103448275862,9,20
W2076291620,2010,-0.7647058823529411,4,30
W2102985109,2010,-0.7272727272727273,3,19
W2115084814,2007,-0.7222222222222222,5,31
W2006249718,2011,-0.7777777777777778,2,16
W2096686458,2006,-0.12,11,14
W4211224958,2011,-0.5714285714285714,3,11
W2170377024,2010,-0.17647058823529413,7,10
W4298769985,2011,1.0,8,0
W1539134956,2007,-0.5555555555555556,2,7
W2547098497,2009,,0,0
W2105663656,2006,,0,0
W1986062812,2006,-0.3333333333333333,4,8
W2154441674,2005,0.0,3,3
W2131463062,2005,-1.0,0,1
W1535356777,2011,,0,0
W4210883992,2007,1.0,2,0
W2224550104,2007,1.0,2,0
W4231364185,2011,1.0,1,0
W2107794009,2006,-0.64,9,41
W2168496583,2008,-1.0,0,47
W1492171827,2008,-0.6,7,28
W2098698656,2006,-1.0,0,39
W2026496705,2011,-0.25,3,5
W2147492162,2009,-1.0,0,23
W1974830258,2010,-0.6,1,4
W2584822346,2006,1.0,5,0
W2115593151,2008,-0.8181818181818182,1,10
W2142114717,2006,-0.88,3,47
W2162152253,2006,-0.64,9,41
W1990975153,2006,-0.2608695652173913,17,29
W2158471180,2006,0.14285714285714285,8,6
W1604693428,2004,0.7777777777777778,8,1
W2171394671,2007,-0.9166666666666666,1,23
W1985086740,2009,-0.41935483870967744,9,22
W2104066623,2010,-1.0,0,11
W2158097348,2009,-0.2,6,9
W2092989792,2008,-0.23076923076923078,5,8
W2134931916,2008,-1.0,0,9
W2114548040,2004,-1.0,0,4
W4243548576,2007,-1.0,0,4
W2152681473,2010,-1.0,0,17
W2135153691,2010,-1.0,0,8
W2071616717,2006,-0.36,16,34
W2285036602,2008,0.16129032258064516,18,13
W2117648495,2007,-1.0,0,5
W2983611614,2004,1.0,16,0
W165902628,2007,1.0,2,0
W2378318167,2010,1.0,2,0
W2079317829,2006,-0.24,19,31
W2156833313,2008,-0.52,12,38
W2113351233,2011,-0.72,7,43
W2006700268,2005,-0.5294117647058824,8,26
W2151790371,2004,-0.32,17,33
W2083340540,2006,-1.0,0,17
W1533957530,2006,-0.2727272727272727,8,14
W2166414580,2007,-0.7021276595744681,7,40
W2282421074,2008,-0.8,1,9
W2150408357,2004,0.21739130434782608,28,18
W1963588736,2002,-1.0,0,50
W2121153954,2002,-0.2222222222222222,7,11
W2098606386,2002,-0.625,3,13
W2168488307,2003,-0.4782608695652174,6,17
W2120485090,2003,-0.5,3,9
W2131861583,2008,0.0,1,1
W1587029679,2003,-1.0,0,8
W2141071417,2005,-1.0,0,4
W2092019692,2001,0.0,1,1
W3167435556,2003,-0.6,1,4
W4248606973,2001,1.0,1,0
W2285056549,2010,-0.52,12,38
W2157808045,2009,-0.6,10,40
W2014923756,2003,-0.6,10,40
W2242837385,2008,-0.72,7,43
W2024993563,2011,-0.24,19,31
W2157733805,2009,-0.28,18,32
W2620706897,2006,-0.32,17,33
W4242714853,2006,-0.44,14,36
W2133828884,2006,-0.76,6,44
W2121178808,2005,-0.5121951219512195,10,31
W4238954116,2005,-0.5555555555555556,6,21
W2171452180,2004,-0.6842105263157895,6,32
W2058535975,2008,-0.2857142857142857,5,9
W1556088231,2004,-0.6,8,32
W1500258551,2009,-0.9285714285714286,1,27
W4244067752,2005,-0.6,3,12
W4234536960,2008,-1.0,0,2
W2084736653,2010,-0.4444444444444444,5,13
W2047418149,2006,-0.047619047619047616,10,11
W2585879164,2010,0.0,3,3
W4240132628,2003,-1.0,0,7
W4239500195,2008,-0.7142857142857143,1,6
W1963542233,2008,-0.7142857142857143,1,6
W1558375432,2007,-1.0,0,4
W2085588453,2008,0.4,35,15
W2115855199,2011,-0.84,4,46
W2100889285,2010,-0.8,5,45
W2061504544,2011,-0.96,1,49
W4250276807,2010,-0.96,1,49
W4250122669,2011,,0,0
W1986411155,2010,1.0,6,0
W3136721778,2010,-0.9183673469387755,2,47
W4249972030,2011,-1.0,0,2
W2589996673,2009,-0.42857142857142855,2,5
W1524977650,2007,0.0,1,1
W2072919599,2011,-0.28,18,32
W2152652256,2006,-0.8,5,45
W2113868429,2004,-0.92,2,48
W2018994370,2006,-0.88,3,47
W2123022663,2011,-1.0,0,50
W2171294812,2008,-0.88,3,47
W2097065647,2010,0.2,30,20
W2158129271,2011,-1.0,0,50
W1489279788,2009,-0.28,18,32
W4214714086,2006,-0.72,7,43
W2139201057,2009,-0.23529411764705882,13,21
W2059104484,2009,-0.52,12,38
W2062286747,2003,-0.7857142857142857,3,25
W2158192895,2010,-0.5897435897435898,8,31
W2143948270,2008,0.0,13,13
W2047703622,2009,-0.6666666666666666,4,20
W2113603758,2011,-1.0,0,23
W2039917366,2011,-0.8181818181818182,1,10
W2583792516,2010,-1.0,0,22
W2062493567,2011,-0.7894736842105263,2,17
W2081653438,2011,-0.6666666666666666,2,10
W2022029425,2006,-0.20833333333333334,19,29
W2163817897,2010,-0.6,3,12
W2050167151,2011,0.2,6,4
W2100413851,2011,-1.0,0,10
W2121745999,2011,-0.75,1,7
W3181125726,2010,-0.6666666666666666,1,5
W2134655834,2003,-1.0,0,19
W2096694452,2008,-0.8888888888888888,2,34
W2086783464,2008,-1.0,0,11
W2069133348,2010,-0.16666666666666666,5,7
W1989052186,2011,-0.4,3,7
W1551544139,2008,-0.2,2,3
W1502162028,2010,-1.0,0,13
W2134915467,2006,-0.6,1,4
W2104209406,2004,-0.6842105263157895,3,16
W111654569,2002,-1.0,0,20
W1491996068,2003,-0.7777777777777778,2,16
W2172167555,2005,-1.0,0,11
W1504792714,2002,-1.0,0,15
W2132811035,2007,-1.0,0,3
W2135374824,2005,-1.0,0,1
W2623956145,2011,1.0,1,0
W1717737833,2011,1.0,11,0
W106182982,2006,-1.0,0,6
W2950994482,2010,-0.2,2,3
W110786967,2004,-1.0,0,2
W92111040,2005,-1.0,0,2
W2562690684,2003,-1.0,0,1
W52356251,2002,1.0,1,0
W118378920,2006,-0.2727272727272727,4,7
W2164165510,2008,-0.8666666666666667,1,14
W2047235211,2006,-0.45454545454545453,3,8
W2146081216,2006,-0.6521739130434783,4,19
W1973462929,2008,0.5555555555555556,7,2
W2132496728,2009,-0.8181818181818182,1,10
W2114950764,2008,-0.5,2,6
W2033275219,2007,0.3333333333333333,2,1
W1496797353,2008,-0.6666666666666666,1,5
W162156869,2007,,0,0
W1715572145,2008,1.0,2,0
W18275512,2007,-1.0,0,1
W4214855646,2008,,0,0
W2090275815,2005,-1.0,0,2
W1540823594,2004,0.2,30,20
W4253635331,2007,0.0,1,1
W2157922094,2004,0.16,29,21
W2100894766,2007,-0.24,19,31
W2110957405,2007,0.28,32,18
W2058969248,2004,0.10204081632653061,27,22
W1993139624,2004,-0.25,15,25
W2100406974,2006,-0.48,13,37
W2150662287,2006,-0.024390243902439025,20,21
W2063952424,2006,-0.6,1,4
W2165254944,2010,-0.25925925925925924,10,17
W1995673715,2005,-0.125,7,9
W2138253426,2010,-0.3181818181818182,15,29
W2097720650,2008,0.08,27,23
W2002530879,2009,-0.2765957446808511,17,30
W2153282521,2005,-0.84,4,46
W2086679600,2006,-0.2765957446808511,17,30
W1982175967,2008,,0,0
W2134874052,2009,-0.5,10,30
W2165946536,2010,-0.5238095238095238,10,32
W1973924171,2010,0.2,9,6
W2541459776,2003,-0.7391304347826086,3,20
W2156428374,2003,0.1111111111111111,5,4
W2068301090,2010,-0.6666666666666666,1,5
W2008741814,2009,-0.25,3,5
W2170917596,2005,-1.0,0,15
W2125287837,2006,-0.4666666666666667,4,11
W2146234297,2009,-0.5,1,3
W2027478004,2005,0.3333333333333333,6,3
W2133618833,2009,-0.6666666666666666,1,5
W2170006930,2005,-0.3333333333333333,2,4
W2086994571,2010,1.0,6,0
W1972518215,2008,-0.75,1,7
W2146641660,2001,-0.3333333333333333,2,4
W2918151171,2010,-1.0,0,1
W2098290990,2006,0.0,2,2
W2097326999,2007,-0.8461538461538461,1,12
W2915845846,2008,-1.0,0,7
W2139757217,2003,1.0,1,0
W2070830657,2004,1.0,1,0
W2916610124,2009,0.0,2,2
W2167440525,2009,1.0,1,0
W4250722108,2003,,0,0
W2025647423,2005,-0.4117647058823529,5,12
W2151996389,2006,-0.52,12,38
W1983317912,2008,-0.5510204081632653,11,38
W2160938265,2005,0.6,40,10
W2088040925,2004,0.2,3,2
W2022689240,2003,-0.375,5,11
W2100574870,2005,-1.0,0,6
W4239049496,2005,0.7333333333333333,26,4
W2150447982,2008,-0.8,5,45
W2128150950,2005,0.0,9,9
W2145392441,2009,-0.23809523809523808,16,26
W1965605976,2005,-0.3333333333333333,6,12
W1484305399,2005,-0.6363636363636364,2,9
W2020131033,2010,-0.75,2,14
W2525645863,2009,0.3333333333333333,10,5
W1601470055,2004,-0.8333333333333334,2,22
W2147481559,2009,-0.4444444444444444,5,13
W2068171351,2008,-0.3333333333333333,3,6
W2151201087,2007,0.0,1,1
W4229630110,2008,-1.0,0,7
W2123184223,2009,1.0,3,0
W2126269809,2009,-1.0,0,6
W4255895778,2004,1.0,4,0
W2762261466,2008,-1.0,0,2
W1559626121,2007,-0.8823529411764706,1,16
W2096423452,2008,-1.0,0,2
W1980775755,2005,0.0,1,1
W2059676014,2007,0.0,1,1
W2137668837,2008,-1.0,0,1
W10380459,2007,,0,0
W2122579766,2004,,0,0
W2141433180,2008,-0.88,3,47
W2098149254,2008,-0.84,2,23
W2133589924,2005,-0.64,9,41
W2168474636,2010,0.5652173913043478,18,5
W2541693915,2007,-1.0,0,9
W2098996169,2009,-0.76,6,44
W2107310839,2003,-1.0,0,20
W2130711929,2006,-1.0,0,2
W2101720844,2008,-1.0,0,2
W2551681189,2006,-1.0,0,3
W2138538192,2003,-0.92,2,48
W109951691,2006,-0.72,7,43
W2145098440,2004,-1.0,0,50
W2124377830,2007,-0.56,11,39
W2106972913,2002,-0.64,9,41
W1966982815,2005,-0.68,8,42
W2166140339,2005,-0.7368421052631579,5,33
W4231935229,2003,-1.0,0,9
W1578723138,2005,-0.4166666666666667,7,17
W2146796140,2002,-0.058823529411764705,8,9
W4236756281,2003,1.0,5,0
W3005422672,2002,1.0,3,0
W106387794,2004,-0.4358974358974359,11,28
W2141179168,2003,-0.5652173913043478,5,18
W3114516458,2005,0.14285714285714285,4,3
W2377839996,2000,,0,0
W2108278741,2003,-0.2413793103448276,11,18
W3000428991,2005,-0.7777777777777778,1,8
W4238274592,2002,1.0,2,0
W4249537162,2002,1.0,5,0
W3010171591,2002,-1.0,0,1
W2523266581,2004,1.0,1,0
W2105899810,2006,-0.20930232558139536,17,26
W2170239024,2005,-0.42857142857142855,14,35
W2098010463,2003,-0.16,21,29
W2080560844,2010,-0.3,7,13
W3170419972,2003,1.0,2,0
W2142406085,2006,-0.07692307692307693,6,7
W2157942139,2010,0.5,12,4
W4244999110,2003,1.0,19,0
W1533763409,2010,-0.7142857142857143,2,12
W1484425770,2008,-0.5,2,6
W45198872,2009,1.0,7,0
W2108153346,2005,-1.0,0,8
W2183640761,2005,-1.0,0,5
W2321831709,2004,-0.42857142857142855,2,5
W2097245782,2010,-0.7777777777777778,1,8
W2164027117,2008,0.2,3,2
W2149901829,2002,-0.058823529411764705,16,18
W44016460,2003,0.14285714285714285,12,9
W2030750608,2001,-0.1111111111111111,4,5
W4254347683,2002,1.0,6,0
W2378555718,2009,-0.6666666666666666,1,5
W174359122,2010,-1.0,0,4
W2151974047,2010,-0.3333333333333333,1,2
W2101326306,2009,-1.0,0,5
W4250023583,2010,1.0,1,0
W4233750989,2010,-1.0,0,1
W1560301658,2010,-1.0,0,1
W134520302,2010,1.0,1,0
W2281249352,2001,,0,0
W2102947217,2008,-1.0,0,1
W2013711971,2005,-0.44,14,36
W1501076421,2005,-0.6,10,40
W2102742419,2006,-0.56,11,39
W2117545199,2010,0.04,26,24
W1483143768,2001,-0.6363636363636364,6,27
W2146494438,2006,-1.0,0,50
W2149349589,2006,-0.16,21,29
W2025618033,2002,-0.44,14,36
W2030325471,2008,-0.6818181818181818,7,37
W2111555385,2010,-0.36,16,34
W2116759993,2005,-0.05263157894736842,18,20
W2158338135,2005,-1.0,0,43
W2095974519,2010,-0.6571428571428571,6,29
W4243258316,2004,-0.5454545454545454,5,17
W2145209235,2004,-1.0,0,50
W2163289685,2003,-1.0,0,32
W2138201395,2003,-0.8857142857142857,2,33
W2143251912,2004,-1.0,0,50
W4254309703,2002,1.0,35,0
W2036838567,2005,0.1282051282051282,22,17
W2026802633,2002,-0.2631578947368421,7,12
W2156296121,2007,-0.9166666666666666,1,23
W2142266413,2004,-0.48717948717948717,10,29
W2119582290,2003,-0.68,4,21
W2083998741,2005,-1.0,0,27
W2144477072,2009,-1.0,0,38
W2167990851,2004,-1.0,0,50
W1602672367,2005,-1.0,0,35
W2052671997,2006,-0.4444444444444444,5,13
W1591454593,2010,-1.0,0,32
W3119741957,2010,-0.3,14,26
W1972364602,2010,-0.30434782608695654,8,15
W2149726907,2006,-0.5714285714285714,6,22
W2006253492,2007,-0.68,4,21
W2041838121,2006,-0.5172413793103449,7,22
W2012086719,2004,-0.25,3,5
W1999013400,2008,-0.6666666666666666,4,20
W1991413222,2006,-1.0,0,16
W195086812,2005,-0.3333333333333333,3,6
W2118304037,2003,-0.52,6,19
W2150040630,2005,-1.0,0,20
W2056640446,2009,-0.42857142857142855,4,10
W2136461391,2008,-1.0,0,14
W2074461890,2006,-0.8095238095238095,2,19
W2153135840,2007,-1.0,0,23
W2135275739,2003,-0.875,1,15
W1994706755,2010,-0.45454545454545453,3,8
W2084868394,2006,-1.0,0,8
W2037704679,2007,-1.0,0,17
W2122649993,2005,-1.0,0,20
W2140693023,2000,-0.625,3,13
W2098683443,2005,0.0,6,6
W4255338739,2007,0.07692307692307693,7,6
W4242119740,2002,1.0,3,0
W120366370,2005,-0.3333333333333333,2,4
W4232396147,2007,1.0,1,0
W1590157312,2008,-0.4,3,7
W4248647026,2009,-0.1111111111111111,4,5
W2014081646,2008,-0.6666666666666666,1,5
W2115479429,2010,-1.0,0,5
W1534360169,2009,0.0,3,3
W2096226167,2005,-1.0,0,2
W1599132279,2003,-1.0,0,13
W2105821857,2002,-0.5,4,12
W111619882,2006,-0.4666666666666667,4,11
W2132004975,2004,-0.45454545454545453,3,8
W2157789678,2006,-0.7333333333333333,2,13
W2126816472,2006,-1.0,0,9
W3217458498,2003,1.0,8,0
W2118369620,2005,0.45454545454545453,8,3
W2151618441,2008,-1.0,0,9
W1540115773,2009,0.0,2,2
W4238236643,2007,-1.0,0,2
W2162561917,2008,-1.0,0,6
W4250487516,2002,-0.45454545454545453,3,8
W2129854660,2010,-1.0,0,4
W4240146846,2002,-0.2,2,3
W1983717508,2007,-1.0,0,3
W2126626061,2006,-1.0,0,3
W2790502308,2005,1.0,5,0
W180805141,2008,-1.0,0,2
W2163884281,2005,1.0,1,0
W1973165607,2006,-1.0,0,11
W1971844452,2002,1.0,1,0
W2148905249,2008,-1.0,0,7
W2164372721,2008,0.0,25,25
W2095958716,2000,-0.3333333333333333,2,4
W2524475284,2008,1.0,7,0
W4251687983,2005,1.0,6,0
W2022633974,2009,1.0,3,0
W4242593157,2003,,0,0
W2066394200,2003,0.0,1,1
W1901581747,2007,1.0,1,0
W2338473199,2002,1.0,1,0
W4246166885,2004,0.48,37,13
W2048229966,2007,-0.88,3,47
W1933821928,2005,1.0,8,0
W2153463445,2003,-0.7647058823529411,4,30
W2147278401,2005,-0.8,5,45
W4236944756,2005,-0.8723404255319149,3,44
W4248542611,2003,-0.9,1,19
W2156191262,2003,-0.4444444444444444,5,13
W2032688435,2005,-1.0,0,20
W3009050206,2007,-0.7777777777777778,1,8
W4239312221,2004,0.14285714285714285,4,3
W1902325723,2004,0.0,3,3
W2063453797,2005,-1.0,0,24
W2114496697,2002,-0.8823529411764706,1,16
W112132368,2003,-0.75,1,7
W3011687447,2008,1.0,7,0
W4236999231,2002,-0.8571428571428571,1,13
W4235971859,2003,1.0,1,0
W650664580,2004,-1.0,0,1
W1584429157,2005,-0.3333333333333333,1,2
W2276356546,2008,-0.4,9,21
W2149236697,2006,-0.16,21,29
W1997199152,2005,0.2413793103448276,18,11
W1974514467,2008,-0.64,9,41
W1590649805,2009,-0.12,11,14
W4245234767,2005,0.44,18,7
W3008793775,2006,1.0,3,0
W2293033107,2007,-0.32,17,33
W2997049506,2006,0.0,1,1
W3022427679,2006,,0,0
W2295283246,2010,-0.18181818181818182,9,13
W4246873936,2007,1.0,2,0
W4236495020,2010,1.0,4,0
W917487,2006,0.2857142857142857,9,5
W4230093315,2008,-0.5,2,6
W2054625910,2010,-0.28,18,32
W1772887859,2008,0.08,27,23
W2152958194,2005,-0.16,21,29
W2170675383,2008,-0.3888888888888889,11,25
W2115852795,2009,-0.76,6,44
W2112962595,2005,-0.2972972972972973,13,24
W3106899911,2005,0.0,7,7
W1971006600,2008,-0.7959183673469388,5,44
W2111797597,2005,-0.9130434782608695,1,22
W1957875051,2008,-0.36,8,17
W2114324808,2009,-0.7894736842105263,2,17
W2170058712,2010,-1.0,0,19
W2138677746,2004,-0.7647058823529411,2,15
W3013306997,2005,1.0,1,0
W4251609645,2010,0.0,4,4
W4231589243,2010,-1.0,0,12
W2131574356,2003,-0.8378378378378378,3,34
W1991227647,2005,-0.3333333333333333,3,6
W2168093120,2006,-1.0,0,15
W2142368155,2004,-1.0,0,2
W3137615981,2007,-0.75,2,14
W2135158039,2004,-0.3333333333333333,4,8
W2017344762,2002,-0.47368421052631576,5,14
W4251551397,2006,-0.2727272727272727,4,7
W2157531635,2007,-0.8461538461538461,1,12
W2799015273,2005,0.2,6,4
W4234996926,2004,,0,0
W2161862224,2004,0.42857142857142855,5,2
W1602386887,2003,-1.0,0,8
W2158062770,2010,-0.3333333333333333,1,2
W4245639263,2002,0.0,1,1
W4232291106,2004,,0,0
W4240684169,2010,,0,0
W2552630941,2010,1.0,1,0
W2476076708,2001,1.0,2,0
W340831124,2002,,0,0
W3157959,2004,-1.0,0,1
W50875345,2001,,0,0
W1998261196,2007,1.0,1,0
W2748240097,2002,-1.0,0,1
W4238802370,2002,1.0,1,0
W86471877,2006,-1.0,0,1
W2082271602,2006,-0.3333333333333333,2,4
W1493737064,2007,-0.8571428571428571,1,13
W2012078943,2005,-1.0,0,13
W2111421966,2005,-1.0,0,4
W2046021082,2004,-0.3333333333333333,2,4
W2053904363,2006,-1.0,0,6
W2037001706,2008,-1.0,0,1
W2099323800,2005,-0.76,6,44
W4236798639,2005,-0.782608695652174,5,41
W1505678522,2005,-1.0,0,9
W2124119970,2007,-1.0,0,11
W2089497584,2007,-0.7777777777777778,1,8
W1780994957,2007,-0.8571428571428571,1,13
W2152475146,2006,-0.8666666666666667,1,14
W1798131086,2006,-1.0,0,4
W1508545791,2008,-1.0,0,14
W1489248314,2008,-0.7777777777777778,1,8
W1698117324,2009,-0.96,1,49
W2128352062,2009,-0.84,4,46
W2293878697,2006,-0.56,11,39
W186249712,2008,-0.88,3,47
W2086838666,2010,-0.8,5,45
W2294423262,2008,-0.5,4,12
W2068983118,2007,-0.8888888888888888,1,17
W2118463673,2008,-1.0,0,3
W2022582229,2008,-1.0,0,11
W1580689883,2009,-1.0,0,3
W1844732647,2010,1.0,4,0
W2045350399,2008,-1.0,0,1
W2026769981,2005,1.0,1,0
W2488022185,2010,-1.0,0,3
W2042616792,2005,0.2,30,20
W424347394,2010,1.0,2,0
W4248865082,2005,1.0,1,0
W2158023563,2005,0.6,8,2
W2159421581,2005,1.0,2,0
W1966147156,2006,-0.68,8,42
W2166377520,2008,-0.52,12,38
W2096541795,2009,-0.5483870967741935,7,24
W2160962794,2009,-0.3333333333333333,4,8
W1594509342,2005,-1.0,0,23
W2065179797,2006,-0.92,1,24
W2144809814,2003,-1.0,0,15
W2117599610,2004,-1.0,0,2
W1964857440,2006,-0.7894736842105263,2,17
W2135552269,2005,-0.8,4,36
W2089545095,2009,-1.0,0,16
W194180474,2007,-0.7142857142857143,1,6
W208301935,2006,-0.9166666666666666,1,23
W2044891228,2010,-0.7142857142857143,1,6
W181429845,2001,-0.3333333333333333,3,6
W137188460,2005,1.0,4,0
W2076550955,2005,-0.3333333333333333,3,6
W2160741692,2005,-1.0,0,5
W4291337298,2003,1.0,2,0
W2169115371,2007,0.0,1,1
W2138420860,2005,-1.0,0,1
W1580893426,2006,-1.0,0,2
W1583693601,2010,1.0,1,0
W2501791979,2008,1.0,2,0
W1984007636,2006,-1.0,0,2
W1978024959,2008,-0.76,6,44
W2008857097,2005,-0.6,10,40
W2008475755,2007,-0.6363636363636364,6,27
W2110226069,2006,0.23809523809523808,13,8
W2021421200,2008,-0.3333333333333333,4,8
W4248353975,2010,,0,0
W2306173042,2008,1.0,4,0
W2145836496,2010,1.0,1,0
W2076471773,2008,-0.8,5,45
W1977841655,2005,-0.88,3,47
W4247591710,2006,-0.14285714285714285,3,4
W2130242957,2003,-0.84,4,46
W2422650610,2006,1.0,1,0
W2119159732,2005,-0.5217391304347826,11,35
W2116504754,2003,-0.9130434782608695,2,44
W2121147707,2004,-0.72,7,43
W1966907789,2004,-0.88,3,47
W1971276189,2005,-0.76,6,44
W2101941521,2003,-0.6,4,16
W332950216,2004,-0.8857142857142857,2,33
W2116555906,2007,-0.6595744680851063,8,39
W1479912259,2004,-0.1111111111111111,8,10
W2169240343,2005,-0.7333333333333333,2,13
W1976723299,2005,-0.8181818181818182,1,10
W2167844361,2003,-1.0,0,5
W152149492,2005,,0,0
W1527000848,2004,0.7333333333333333,13,2
W2042675589,2004,-1.0,0,4
W4239235191,2007,,0,0
W2097611861,2005,-0.6666666666666666,1,5
W2118149091,2005,0.0,1,1
W28669376,2003,-1.0,0,11
W2051093690,2008,-0.04,24,26
W123065550,2003,-0.6923076923076923,2,11
W159497295,2007,0.3157894736842105,25,13
W131606692,2007,0.5,9,3
W2004686283,2005,-0.6,2,8
W1983963795,2006,-0.30434782608695654,8,15
W1597883789,2006,,0,0
W1513776474,2005,,0,0
W2165299010,2006,-0.9333333333333333,1,29
W1972783266,2008,0.0,2,2
W2128909455,2008,-0.3333333333333333,1,2
W2110374137,2007,-0.6,2,8
W2026168616,2004,-0.8666666666666667,1,14
W1976509389,2005,-0.6363636363636364,2,9
W1496113768,2004,-1.0,0,5
W1751314218,2005,-1.0,0,1
W1538270401,2006,,0,0
W2040755567,2005,1.0,2,0
W2118636570,2007,-1.0,0,1
W2128850176,2007,-1.0,0,1
W2146805057,2007,1.0,1,0
W1552413647,2004,0.75,7,1
W2115932653,2007,0.2,3,2
W2101305476,2004,-0.5897435897435898,8,31
W2105749925,2007,0.375,22,10
W1987135362,2006,-0.2857142857142857,10,18
W4256485167,2007,0.16666666666666666,7,5
W2115396644,2003,-0.6363636363636364,2,9
W2013873147,2006,-1.0,0,3
W2120358419,2002,-0.6,10,40
W2087038607,2007,-0.72,7,43
W2091602684,2006,-0.36363636363636365,14,30
W1571037334,2005,-0.96,1,49
W2056492141,2005,-0.8367346938775511,4,45
W2132991500,2001,-0.8333333333333334,3,33
W2137118456,2007,-0.6,10,40
W2152489475,2004,-0.88,3,47
W1488421129,2002,-1.0,0,28
W4250613930,2002,1.0,5,0
W1571257748,2004,-0.8,5,45
W2096478102,2003,-1.0,0,15
W2099677042,2004,-0.92,2,48
W2115404728,2005,-0.2631578947368421,14,24
W2155618818,2008,-0.88,3,47
W1524356573,2004,-0.36,16,34
W1579522749,2005,-0.8823529411764706,2,32
W2152490496,2009,-0.8723404255319149,3,44
W2036322374,2006,-1.0,0,50
W2038921147,2006,-1.0,0,26
W1968540673,2009,-0.875,2,30
W2004012902,2003,-0.6923076923076923,6,33
W2163375015,2004,-0.8571428571428571,2,26
W1483324665,2006,-0.6363636363636364,4,18
W1561372264,2005,-0.5,2,6
W2166369652,2009,-0.3333333333333333,11,22
W4238439820,2007,-1.0,0,10
W2166536886,2009,-1.0,0,46
W1583211461,2005,-1.0,0,9
W1591762700,2009,-1.0,0,9
W2139689595,2002,-1.0,0,7
W2154276597,2005,-1.0,0,16
W2016185430,2003,-0.6,3,12
W2159471410,2008,-0.5,2,6
W1991486419,2008,-0.8181818181818182,1,10
W2010886177,2004,-1.0,0,4
W2147981433,2007,-1.0,0,7
W1981003652,2002,1.0,3,0
W2001332511,2001,-1.0,0,4
W2047569272,2005,-1.0,0,11
W2567976503,2009,-1.0,0,9
W3141770985,2007,0.0,2,2
W2073903404,2006,-1.0,0,32
W4213116704,2003,,0,0
W2144539217,2006,-1.0,0,13
W122001617,2009,-1.0,0,11
W2152243261,2005,-1.0,0,7
W2050972259,2009,-1.0,0,3
W2949990147,2003,-1.0,0,3
W3146654058,2007,0.0,2,2
W1578417629,2005,-0.9090909090909091,1,21
W2118284443,2005,-1.0,0,10
W4234019563,2003,,0,0
W132909967,2002,1.0,14,0
W2151703950,2008,-1.0,0,11
W2160108357,2007,-0.8823529411764706,1,16
W4212978476,2004,-0.2,2,3
W2188866658,2005,-1.0,0,5
W1984920901,2008,-0.7647058823529411,2,15
W1592544836,2001,-0.75,1,7
W2171696779,2001,-0.8,1,9
W4232851461,2002,,0,0
W1966140358,2006,-1.0,0,1
W2766186465,2000,-1.0,0,9
W1725762450,2007,-1.0,0,2
W2110906177,2004,-1.0,0,2
W4254832849,2002,1.0,1,0
W1520265672,2001,-1.0,0,1
W1589182929,2006,,0,0
W4254584188,2007,1.0,1,0
W346787442,2005,-0.9047619047619048,1,20
W2951784100,2009,-1.0,0,2
W2466108977,2003,1.0,1,0
W2113333997,2009,-0.84,4,46
W2138532540,2006,-1.0,0,30
W1500727361,2004,-0.6363636363636364,2,9
W1984459117,2006,-1.0,0,49
W1993729573,2009,-1.0,0,17
W2110761203,2008,-0.9310344827586207,1,28
W2106177336,2008,-0.75,1,7
W1558057988,2005,-1.0,0,4
W4213186577,2007,-1.0,0,3
W2951071508,2009,-0.6,1,4
W1599258069,2006,-1.0,0,12
W1500987966,2005,-0.72,7,43
W2149612550,2004,-0.44,14,36
W2127163775,2001,-0.84,4,46
W3005880032,2001,-1.0,0,7
W4238698576,2003,-0.96,1,49
W2116318340,2003,-0.88,3,47
W2127384478,2003,-0.9047619047619048,1,20
W3002147709,2004,0.3333333333333333,4,2
W4243776158,2003,1.0,4,0
W3094833848,2003,-1.0,0,3
W1516285664,2004,-0.8095238095238095,2,19
W2015935537,2005,-1.0,0,5
W2198668404,2006,-0.8,1,9
W2222529756,2001,-0.8181818181818182,1,10
W1494962742,2002,-1.0,0,4
W2139668965,2007,-0.10204081632653061,22,27
W2122464905,2008,-0.7142857142857143,2,12
W2152591102,2005,-0.75,1,7
W90447038,2009,-0.6,10,40
W2109612250,2009,-0.72,7,43
W2041853131,2006,-0.76,6,44
W2165325822,2009,-1.0,0,20
W2029176245,2005,-1.0,0,15
W2107940771,2009,-0.88,3,47
W2135969776,2009,-1.0,0,17
W2170685200,2006,-0.6,3,12
W2024507356,2009,-0.7142857142857143,2,12
W1981711716,2008,-0.625,3,13
W2076402422,2002,,0,0
W2112040168,2009,-0.6923076923076923,2,11
W2107767791,2009,-0.45454545454545453,6,16
W46977704,2004,-0.6,1,4
W2124454783,2006,-1.0,0,8
W2117548394,2007,-0.8,1,9
W4247088027,2004,-0.8333333333333334,1,11
W2140983446,2005,-0.5,3,9
W2118221188,2009,-0.3333333333333333,5,10
W2118480031,2008,-1.0,0,10
W2053808552,2009,0.0,3,3
W2128636759,2009,-0.3333333333333333,1,2
W2115329088,2009,0.7142857142857143,6,1
W2127917731,2001,0.3333333333333333,10,5
W2106499802,2004,-0.07692307692307693,6,7
W2145807620,2009,-0.2,4,6
W1981455819,2008,-0.75,1,7
W2143871454,2009,-0.3333333333333333,1,2
W1967559330,2009,-0.6666666666666666,1,5
W2146559712,2002,0.6666666666666666,5,1
W2068272889,2009,-1.0,0,2
W2027156151,2005,-1.0,0,4
W1504200122,2004,0.7142857142857143,6,1
W2112239550,2008,-1.0,0,6
W2146181515,2006,-0.75,1,7
W1486208349,2004,-1.0,0,2
W1984294592,2008,-1.0,0,2
W2155980259,2008,1.0,1,0
W4298333365,2006,,0,0
W2005367987,2008,1.0,1,0
W1978633366,2006,-1.0,0,3
W1546734197,2008,-0.08,23,27
W2132852904,2009,-0.24,19,31
W2058476097,2005,-0.1794871794871795,16,23
W2023443823,2007,-0.44,14,36
W4244325127,2004,0.1724137931034483,17,12
W2110901732,2007,-0.06666666666666667,14,16
W2155797021,2009,0.0967741935483871,17,14
W4252736963,2005,0.0,3,3
W2147469854,2008,-0.7419354838709677,4,27
W2597586922,2008,0.09090909090909091,6,5
W1550766479,2003,-0.625,3,13
W1495520039,2008,-0.2,8,12
W2095912558,2009,-0.6,3,12
W2115916888,2006,-1.0,0,6
W2150995304,2009,-0.5,3,9
W2103325694,2006,-1.0,0,6
W1527577131,2004,-1.0,0,3
W4239148840,2004,-0.25,3,5
W139326964,2008,1.0,7,0
W1983876121,2006,-1.0,0,4
W2601730400,2008,-0.25,3,5
W83440793,2003,,0,0
W2146350391,2007,-1.0,0,5
W2598818729,2007,0.6,4,1
W242026773,2001,0.0,2,2
W200155033,2008,0.0,1,1
W4235012978,2006,-1.0,0,1
W1566651825,2003,0.0,2,2
W2142769826,2004,-1.0,0,6
W319725264,2004,0.3333333333333333,2,1
W1583104733,2004,0.0,1,1
W2275897824,2009,-1.0,0,1
W2008158744,2007,-0.84,4,46
W2144696387,2006,-0.84,4,46
W2134646643,2008,-0.72,7,43
W3001455961,2006,0.09090909090909091,6,5
W2075573771,2008,-0.88,3,47
W2003751975,2007,-0.47368421052631576,10,28
W2997473338,2007,-0.625,3,13
W2243437504,2006,-0.75,2,14
W2046295935,2006,-0.9166666666666666,1,23
W4205111188,2006,,0,0
W2107199738,2008,-0.42857142857142855,2,5
W4254268612,2006,-1.0,0,1
W4243037076,2006,1.0,1,0
W1893063386,2009,-1.0,0,1
W189846524,2008,1.0,1,0
W2110316922,2006,-1.0,0,1
W4240309233,2004,0.2,18,12
W4242751444,2004,-0.38461538461538464,4,9
W4243740681,2005,-0.3333333333333333,2,4
W2112847033,2005,-0.64,9,41
W2129304537,2003,-0.96,1,49
W2167187192,2007,-0.8666666666666667,2,28
W2169275155,2002,-1.0,0,16
W1993509980,2008,0.14285714285714285,4,3
W4240473828,2004,-0.6,2,8
W4254459834,2002,1.0,4,0
W2100885195,2002,-0.6363636363636364,8,36
W2157362578,2004,-1.0,0,2
W2613154132,2004,1.0,5,0
W3006536458,2002,-1.0,0,2
W2153829573,2007,-1.0,0,50
W2115678412,2006,-0.96,1,49
W2147107090,2004,-0.5384615384615384,3,10
W2161725792,2004,-0.8,5,45
W2153811089,2007,-0.96,1,49
W1997161730,2006,-0.96,1,49
W1996690442,2005,-0.5,1,3
W2155199571,2006,-0.4782608695652174,6,17
W2140021087,2004,-1.0,0,6
W2181445019,2006,1.0,1,0
W2952330269,2005,-1.0,0,1
W2102524069,2002,1.0,50,0
W2153839362,2004,-0.88,3,47
W1516407653,2008,-0.44,14,36
W2920725015,2009,0.7142857142857143,12,2
W2125816831,2009,-0.84,4,46
W2144767994,2005,-0.22448979591836735,19,30
W2107667794,2006,-0.72,7,43
W316065036,2007,-0.7368421052631579,5,33
W2110417303,2009,-0.4,15,35
W4250619709,2007,1.0,26,0
W2142906335,2008,0.0,9,9
W2039646365,2007,-0.3103448275862069,10,19
W2151995730,2001,-0.5789473684210527,4,15
W2166439552,2004,-1.0,0,3
W1556320907,2006,-0.8181818181818182,1,10
W2026285055,2005,-1.0,0,1
W2491828719,2008,1.0,2,0
W2481843695,2009,-1.0,0,2
W4238264037,2009,1.0,2,0
W2111725345,2004,-0.2,2,3
W3203307897,2008,1.0,3,0
W2150723999,2004,-1.0,0,4
W1928593089,2005,-0.6666666666666666,5,25
W3094819077,2008,-1.0,0,5
W2116283852,2006,-0.7619047619047619,5,37
W135621892,2004,1.0,4,0
W2174598112,2004,-0.52,12,38
W2153277381,2006,-1.0,0,4
W2320974190,2008,-0.3333333333333333,1,2
W146360823,2004,1.0,11,0
W1995626000,2006,-0.8666666666666667,3,42
W2902866327,2008,-1.0,0,10
W2146878883,2001,0.0,25,25
W1978333359,2008,-0.56,11,39
W2124877509,2006,-0.56,11,39
W1968027261,2006,-0.8,5,45
W2134557008,2004,-0.28,18,32
W2949483514,2009,-0.56,11,39
W2143561480,2007,-0.56,11,39
W2162697159,2005,-0.8918918918918919,2,35
W2100438118,2008,-0.68,8,42
W2152784831,2006,-0.7,6,34
W2060212221,2004,-0.47058823529411764,9,25
W2154620873,2008,-0.21428571428571427,11,17
W1998564576,2007,-0.7777777777777778,1,8
W2918049428,2009,0.2,15,10
W2089576688,2006,-0.125,7,9
W2158976269,2007,-0.9130434782608695,1,22
W596974540,2007,,0,0
W2170610543,2007,-1.0,0,19
W2128834557,2007,-0.5652173913043478,5,18
W2087335910,2008,0.2,9,6
W2037263330,2008,-1.0,0,4
W2098621539,2006,-0.7333333333333333,2,13
W2147639916,2009,0.0,3,3
W1514943486,2005,-0.875,1,15
W2064797161,2004,0.3333333333333333,8,4
W2170714718,2005,0.0,2,2
W38610358,2005,,0,0
W4211169986,2009,,0,0
W2163951933,2006,-0.6666666666666666,1,5
W2156892606,2003,,0,0
W152616191,2005,-1.0,0,2
W2376115769,2007,1.0,2,0
W2172192355,2003,-0.6,1,4
W1507559293,2009,-1.0,0,2
W2161571668,2005,1.0,3,0
W4247971898,2004,1.0,2,0
W2162432120,2007,-0.72,7,43
W2129971563,2006,-0.84,4,46
W2127361019,2006,-0.56,11,39
W1968832971,2004,-0.45454545454545453,9,24
W2151521349,2005,0.125,9,7
W2100081831,2007,-0.9166666666666666,1,23
W2261258341,2004,-0.5,3,9
W2475984716,2007,1.0,2,0
W2005730467,2006,-1.0,0,2
W2066659559,2005,-1.0,0,1
W2161809383,2001,-0.92,2,48
W2123205020,2001,-0.6,10,40
W2087796731,2003,-0.6,10,40
W2084765981,2006,-0.6,10,40
W2119898515,2008,-0.72,7,43
W2127638367,2002,-0.92,2,48
W2149000368,2003,-0.76,6,44
W3088269390,2004,-0.36,16,34
W4238789901,2003,-0.10526315789473684,17,21
W1509579524,2004,1.0,39,0
W2007089224,2009,-0.9259259259259259,1,26
W3020151382,2001,-0.8461538461538461,3,36
W2074637591,2002,-0.8181818181818182,4,40
W2112558405,2004,-0.4444444444444444,10,26
W2150408145,2003,-0.4,12,28
W3161920093,2001,-0.14285714285714285,12,16
W2158650824,2005,-0.7777777777777778,1,8
W2128510063,2004,-0.8888888888888888,2,34
W2024234376,1999,-0.5833333333333334,5,19
W2023678444,2006,-0.5,4,12
W3005802684,2008,-0.6153846153846154,5,21
W2083030709,2006,0.0,3,3
W2148502583,2006,-0.375,5,11
W2162264183,2009,0.6666666666666666,15,3
W2081434380,2009,-0.8,1,9
W1990160109,2003,-0.92,1,24
W4388716055,2001,1.0,40,0
W2044422739,2004,-0.3,7,13
W18966935,2003,-0.8947368421052632,1,18
W2116790783,2004,-0.9230769230769231,1,25
W176642602,2003,-0.1111111111111111,8,10
W1994045805,2001,-0.25,3,5
W2086976385,2004,-1.0,0,13
W1965887263,2004,-1.0,0,26
W2019371617,2007,-0.7333333333333333,2,13
W2122334941,2009,-0.25,6,10
W2162562643,2005,-0.8333333333333334,1,11
W3146927926,2004,0.14285714285714285,4,3
W4302380331,2004,-1.0,0,9
W2162989593,2006,-0.8,1,9
W2031292149,2007,-0.3333333333333333,2,4
W1869056580,2009,0.3333333333333333,8,4
W4299830228,2003,1.0,2,0
W1534852644,2001,-0.6551724137931034,5,24
W3178921403,2001,0.3333333333333333,2,1
W2112133734,2002,0.12,28,22
W2144441165,2006,-0.6923076923076923,2,11
W2031971188,2008,-1.0,0,12
W1600344087,2003,-1.0,0,2
W2041938769,2006,-1.0,0,8
W4206638681,2008,,0,0
W4253578968,2006,-0.5555555555555556,2,7
W1509480271,1999,0.3333333333333333,6,3
W2097692828,2007,,0,0
W1970618031,2005,-1.0,0,11
W2162577004,2009,-1.0,0,7
W2912303562,2009,1.0,5,0
W2082124393,2009,-1.0,0,2
W174078271,2004,-1.0,0,1
W2611882844,2009,1.0,1,0
W203730433,1999,-0.5862068965517241,6,23
W2141799271,2008,-1.0,0,4
W1801654435,2003,-0.6,1,4
W4245181284,2006,-1.0,0,5
W369366967,1999,1.0,1,0
W2896824555,2004,1.0,4,0
W1993855803,2004,-0.8,5,45
W2030530147,2005,0.6744186046511628,36,7
W2075623715,2009,1.0,8,0
W2097954755,2008,-1.0,0,5
W2004515150,2007,-0.56,11,39
W1989450868,2004,0.08,27,23
W2102005779,2007,-0.68,8,42
W2125872152,2007,-0.32,17,33
W2122462040,2009,-0.48,13,37
W2150187269,2008,-0.68,8,42
W2165336981,2009,-0.92,2,48
W2170064244,2006,-0.23076923076923078,15,24
W2111175667,2003,-0.56,11,39
W2135718368,2006,-0.48,13,37
W1989113549,2002,0.2653061224489796,31,18
W2163125245,2006,-0.4857142857142857,9,26
W2142434918,2004,-0.7058823529411765,5,29
W2139661973,2007,-0.6,10,40
W2102773632,2006,-0.7837837837837838,4,33
W2169551463,2006,-0.42105263157894735,11,27
W1992795772,2006,-0.1875,13,19
W2098930842,2007,-0.7297297297297297,5,32
W2079931251,2009,0.15151515151515152,19,14
W2042542628,2009,-0.2727272727272727,8,14
W2099856682,2009,-0.1282051282051282,17,22
W2038402279,2005,1.0,10,0
W2118302132,2007,-0.7058823529411765,5,29
W2101461675,2007,-0.75,1,7
W2139510634,2006,0.0967741935483871,17,14
W2033026902,2006,-0.6666666666666666,3,15
W2163295503,2008,-0.625,3,13
W2131499463,2008,-0.4,3,7
W2219773643,2008,0.3333333333333333,4,2
W2117027591,2002,1.0,3,0
W134574778,2008,0.25,5,3
W409479548,2006,1.0,1,0
W4238081420,2005,0.2,3,2
W5564292,2008,1.0,1,0
W11144793,2006,-0.5,1,3
W2531833261,2006,1.0,2,0
W76373628,2008,1.0,2,0
W4238943220,2002,1.0,1,0
W2164625805,2005,-0.3333333333333333,15,30
W2164864579,2009,0.9259259259259259,26,1
W2134940205,2003,-1.0,0,47
W1990855322,2007,-0.1111111111111111,8,10
W2152378788,2005,0.4,21,9
W2148128830,2008,0.0,5,5
W2138927202,2005,-0.14285714285714285,9,12
W2126670928,2008,-0.47368421052631576,5,14
W2150594865,2009,-0.42857142857142855,2,5
W2122715471,2007,-0.058823529411764705,8,9
W2145156626,2009,0.5,9,3
W2157731034,2007,-0.7142857142857143,1,6
W2015049007,2009,-1.0,0,5
W2064716575,2004,-0.041666666666666664,23,25
W2099380811,2004,0.23076923076923078,8,5
W2117887379,2008,-0.2222222222222222,7,11
W2145908586,2007,-1.0,0,7
W2119614838,2007,-1.0,0,5
W2061680365,2006,,0,0
W2169737462,2004,-1.0,0,32
W2030581275,2007,-1.0,0,2
W2127084193,2009,-0.3333333333333333,1,2
W2154799938,2009,-0.3333333333333333,1,2
W2108603897,2007,0.5,9,3
W2127174317,2003,-1.0,0,9
W1560190481,2006,,0,0
W629809686,2005,-0.1111111111111111,4,5
W2116312097,2008,-0.4,3,7
W1901934836,2003,,0,0
W2136520426,2006,-0.5,1,3
W2167775835,2009,0.0,1,1
W3214341017,2007,0.5,3,1
W2138796403,2009,1.0,1,0
W4254488077,2003,,0,0
W2090065732,2003,-0.6,1,4
W4249017772,2009,1.0,19,0
W4252166815,2009,,0,0
W2170918771,2006,-0.7037037037037037,4,23
W2071736858,2000,-0.15,17,23
W2168450470,2005,0.25,10,6
W1545576618,2002,-0.4444444444444444,5,13
W2153587257,2004,-0.68,8,42
W1969008248,2000,0.0,6,6
W4245037454,2009,,0,0
W4254816642,2009,,0,0
W1536826708,2009,1.0,50,0
W2099137575,2003,-1.0,0,7
W29683664,2005,1.0,1,0
W4240816280,2009,1.0,1,0
W2113272343,2003,0.24,31,19
W2144268630,2004,0.0967741935483871,17,14
W2139202955,2002,-0.5333333333333333,7,23
W2560327397,1999,,0,0
W1969881222,2004,-1.0,0,4
W2155580452,2002,-0.07692307692307693,6,7
W4244342554,2002,1.0,1,0
W2115733720,2006,-0.04,24,26
W2155904486,2005,0.08,27,23
W2293597654,2008,-0.32,17,33
W4247043502,2007,-0.56,11,39
W2154571593,2007,-0.44,14,36
W2098535678,2006,-0.36,16,34
W2145607950,2008,-0.44,14,36
W2166049352,2007,0.32,33,17
W2154956324,2008,-0.72,7,43
W2162708558,2003,-0.64,9,41
W2154422044,2003,-0.48,13,37
W2172191903,2005,-0.44,14,36
W2105488551,2005,-0.44,14,36
W4214815024,2006,1.0,50,0
W2052916917,2006,-0.44,14,36
W4254912136,2007,1.0,5,0
W2157035885,2007,-0.84,4,46
W1561099028,2006,-0.9166666666666666,1,23
W2139966251,2004,,0,0
W2081758948,2006,0.5,9,3
W2114837162,2007,,0,0
W2086904111,2007,-1.0,0,7
W1520510766,2004,-0.7142857142857143,1,6
W2149463264,2005,-0.8333333333333334,4,44
W2029142888,2002,-1.0,0,5
W3136382613,2004,-1.0,0,1
W2788938778,2008,-1.0,0,4
W1563300346,2006,-0.8421052631578947,3,35
W2144992712,2008,-0.44,14,36
W2110908283,2007,-0.36,16,34
W2121376435,2003,-0.17647058823529413,14,20
W4230176856,2008,0.0,4,4
W1546081490,2004,-0.1,9,11
W2132874586,2006,-0.42857142857142855,10,25
W2270183489,2005,-1.0,0,10
W2119702232,2007,-0.8947368421052632,1,18
W1502691374,2006,-1.0,0,11
W1484292857,2006,-1.0,0,2
W2164112429,2005,-1.0,0,2
W193626754,2008,,0,0
W4236793729,2003,1.0,3,0
W4244280678,2003,1.0,2,0
W52530986,2004,0.0,2,2
W2133318222,2008,-1.0,0,4
W2293352445,2002,1.0,1,0
W330032848,2002,1.0,1,0
W2126752493,2006,-0.8,5,45
W2131467114,2003,-0.8666666666666667,3,42
W2016320562,2007,-0.5714285714285714,3,11
W2145576179,2007,-0.8571428571428571,1,13
W2151679497,2007,-0.5,1,3
W2017946300,2005,-0.7777777777777778,1,8
W2100875386,2008,-0.6,2,8
W4241617507,2003,1.0,11,0
W4239318848,2003,-0.7142857142857143,1,6
W2136503290,2005,-1.0,0,2
W139810517,2007,-0.6666666666666666,1,5
W2110294955,2005,0.42857142857142855,5,2
W2155359392,2008,,0,0
W1557821591,2002,-0.1111111111111111,4,5
W2168423939,2003,,0,0
W1552815730,2002,-1.0,0,3
W101071174,2004,-1.0,0,1
W2161241761,2006,-0.9090909090909091,1,21
W4247677011,2003,0.0,3,3
W2142038400,2003,-0.42105263157894735,11,27
W2552217661,2008,-1.0,0,2
W4253279764,2003,1.0,3,0
W2066763472,2003,-0.64,9,41
W2106110775,2002,-0.48,13,37
W2056860348,2005,-0.6,10,40
W2165914352,2006,-0.64,9,41
W2122006243,2008,-0.56,11,39
W2032977736,2008,-0.96,1,49
W2152066136,2007,-0.68,8,42
W2126043693,2008,-0.24,19,31
W2042070546,2008,-0.68,8,42
W2126491576,2008,-0.84,4,46
W1573508639,2008,-0.76,6,44
W2163176424,2007,-0.7142857142857143,2,12
W2337904331,2008,-0.5555555555555556,10,35
W2154941050,2002,-0.15789473684210525,16,22
W2158837149,2006,-0.3939393939393939,10,23
W2108284981,2002,0.06666666666666667,16,14
W2170635585,2004,-0.44,7,18
W1974413906,2007,-0.76,3,22
W2165544906,2006,-0.2631578947368421,7,12
W2125556098,2008,-0.4666666666666667,4,11
W2100249253,2008,-0.2,4,6
W1539026776,2007,-0.5,2,6
W2038783807,2008,1.0,5,0
W2149753607,2005,-0.6363636363636364,2,9
W4206071656,2008,0.3333333333333333,4,2
W1569432948,2006,-0.6,3,12
W2186446072,2000,1.0,1,0
W2137951557,2008,-0.5,3,9
W2109199924,2007,-0.3333333333333333,2,4
W2123380930,2003,,0,0
W2149028940,2002,1.0,3,0
W1557889044,2002,-1.0,0,1
W2097337306,2006,,0,0
W2165981545,2007,,0,0
W1992893473,2000,,0,0
W1884552387,2008,-1.0,0,1
W3148422761,2006,,0,0
W103299903,2003,0.17647058823529413,10,7
W2144368342,2006,-0.7142857142857143,1,6
W2146087900,2007,1.0,35,0
W260116405,2007,1.0,1,0
W262520139,2007,-1.0,0,1
W2140317610,2008,-0.625,6,26
W2004383784,1998,-0.5555555555555556,2,7
W2155366133,2000,-0.68,8,42
W2160510992,2003,-0.44,14,36
W4235261014,2003,-0.375,5,11
W2137500257,2008,-0.72,7,43
W1992825118,2005,-0.04,24,26
W2132153846,2000,-0.42857142857142855,12,30
W4244981065,2000,0.3142857142857143,23,12
W2107270529,2005,-0.1111111111111111,12,15
W4237478817,2002,-0.6666666666666666,1,5
W2147541574,2008,-0.8787878787878788,2,31
W4243627498,2004,-0.76,3,22
W1987238172,2001,-0.9487179487179487,1,38
W2170364043,2004,-0.7222222222222222,5,31
W3043824119,2000,,0,0
W2134936699,2005,-0.76,3,22
W2106459643,2005,-0.8666666666666667,2,28
W2121134978,2006,-1.0,0,11
W201406093,2002,-0.4,3,7
W1859318703,2003,-0.5,1,3
W3014369051,2000,,0,0
W2146514558,2005,,0,0
W2170846500,2006,,0,0
W1575129940,2004,,0,0
W1589156006,2002,-0.1282051282051282,17,22
W2123919893,2007,-0.9090909090909091,1,21
W2115178757,2006,-0.2,2,3
W2074214454,2005,-1.0,0,8
W2105998671,2005,-1.0,0,5
W4246748641,2004,-0.5555555555555556,2,7
W2162669896,2008,1.0,1,0
W1856150903,2005,-1.0,0,4
W1658309198,2005,,0,0
W1526585577,2002,-0.7777777777777778,1,8
W2132867204,2003,-0.3333333333333333,2,4
W4252501412,2006,-0.7777777777777778,1,8
W2141768352,2008,,0,0
W1523162904,2006,-1.0,0,6
W1607449463,2008,,0,0
W2127061642,2008,1.0,2,0
W2160684229,2005,,0,0
W2147834819,2008,-1.0,0,2
W3044863980,2001,-1.0,0,4
W2161958319,2003,-1.0,0,3
W2023778824,2004,1.0,5,0
W2101604935,2006,-1.0,0,5
W107253481,2002,-1.0,0,3
W4236182255,2005,1.0,1,0
W2131979155,2004,-1.0,0,1
W4238400844,2003,1.0,1,0
W4241568529,2004,-1.0,0,1
W1533965811,2005,-1.0,0,1
W4231749933,2003,,0,0
W2039182605,2006,-1.0,0,1
W2167598830,2006,-1.0,0,1
W4246037050,2003,1.0,1,0
W1968898611,2004,-0.84,4,46
W1511405608,2003,-0.44,14,36
W2151704521,2007,-0.8181818181818182,3,30
W2080265580,2005,-0.7333333333333333,6,39
W4243167850,2003,-0.6,10,40
W1663101133,2002,-0.75,6,42
W1507964044,2004,-0.9,2,38
W1821427360,2004,-0.8333333333333334,1,11
W2014096115,2006,-0.8888888888888888,1,17
W2036802481,2004,-0.88,3,47
W2130805777,2004,-0.9,1,19
W2122061262,2005,-0.8333333333333334,2,22
W2128011709,2008,-0.5238095238095238,5,16
W2169565104,2004,-0.8947368421052632,1,18
W1593025666,2003,-0.8888888888888888,2,34
W1587480419,2008,-0.5,7,21
W1974583144,2004,-0.8,4,36
W2182759377,2008,-0.4666666666666667,4,11
W2154606260,2002,-0.8723404255319149,3,44
W1998021290,2008,-0.14285714285714285,9,12
W2058172711,2001,-0.3333333333333333,3,6
W1608367582,2002,-0.5,5,15
W1975857401,2008,-0.38461538461538464,4,9
W2020850585,2007,-0.6,2,8
W1512138220,2008,-1.0,0,12
W3009182543,2004,,0,0
W1969913838,2004,0.6,4,1
W1493173186,2002,-0.42857142857142855,2,5
W4238269194,2002,-0.5882352941176471,7,27
W1480471513,2006,-0.45454545454545453,3,8
W3166159141,2006,,0,0
W3169180743,2008,,0,0
W1725146958,2008,-0.2,2,3
W1980490527,2008,-1.0,0,2
W4240432612,2002,1.0,1,0
W2736366454,2006,1.0,1,0
W2101861158,2002,-0.68,8,42
W1664963465,2003,-0.4,15,35
W2146628995,1998,-0.4444444444444444,5,13
W2107105626,2006,-0.75,1,7
W2120032275,1999,-0.8181818181818182,1,10
W1595285848,2006,-0.52,6,19
W1846446801,1998,-1.0,0,5
W169877102,2000,1.0,12,0
W82448155,2006,-0.7142857142857143,2,12
W1485546390,1999,-1.0,0,3
W2785425160,2000,1.0,4,0
W2166635296,1998,-0.6666666666666666,1,5
W2995100008,2004,1.0,1,0
W146206571,2006,1.0,2,0
W877755273,2006,1.0,27,0
W1526187220,2004,-1.0,0,5
W2173567424,2001,-0.8333333333333334,1,11
W2807545085,2003,1.0,3,0
W2061820396,2003,-0.2,20,30
W4232212779,2003,1.0,17,0
W1654194294,2005,-0.84,4,46
W1512602432,2007,-0.92,2,48
W2110100895,2004,-0.6,10,40
W2086991377,2000,-0.2,2,3
W2122278421,2007,-0.72,7,43
W2057504236,2008,-0.88,3,47
W3199947862,2002,0.6,4,1
W2126366668,2005,-0.4,15,35
W2069134712,2005,-0.44,14,36
W2164792208,2007,-0.8666666666666667,3,42
W2159416808,2008,-0.48,13,37
W2165436315,2008,-0.76,6,44
W2023401026,2007,-0.16,21,29
W2123110149,2008,-0.96,1,49
W2167160788,2002,-0.9428571428571428,1,34
W2120511087,2005,-0.68,8,42
W2157104853,2006,0.2,30,20
W1990476939,2004,-0.4222222222222222,13,32
W2163636580,2003,-0.8888888888888888,2,34
W2110190221,2008,-0.7272727272727273,6,38
W1975950716,2001,-0.4,15,35
W2158886595,2004,-0.7894736842105263,4,34
W2037337557,2005,-0.8536585365853658,3,38
W89605384,2006,-0.6190476190476191,4,17
W2128331532,2005,-0.8857142857142857,2,33
W3145289772,2006,-0.2,8,12
W1540498526,2005,-0.25,9,15
W2137215905,2008,-0.15789473684210525,8,11
W2621329446,2008,-0.7894736842105263,2,17
W4233736956,2002,1.0,7,0
W1568427006,2008,-1.0,0,4
W2124138802,2002,-0.75,3,21
W2052387204,2006,-0.42857142857142855,4,10
W1568603882,2007,0.0,3,3
W3183435956,2007,1.0,3,0
W2017552692,2008,-1.0,0,6
W2117035835,2006,0.6,4,1
W1520889841,2007,-1.0,0,10
W2953204146,2005,0.1111111111111111,5,4
W2158435651,2004,-1.0,0,7
W2121449588,2007,0.0,2,2
W4230963972,2002,1.0,1,0
W81904689,2003,1.0,1,0
W1551291454,2005,-0.3333333333333333,3,6
W2102951036,2003,0.4074074074074074,19,8
W2136422443,2007,-0.45454545454545453,3,8
W2116626927,2005,0.6,8,2
W1586434403,2005,0.45454545454545453,8,3
W1974480600,2003,-1.0,0,2
W4234451423,2003,1.0,1,0
W2141581261,2004,1.0,2,0
W2073904762,2005,-0.16,21,29
W2136575791,2006,-0.32,17,33
W2121510533,2007,-0.8,5,45
W2087314535,2005,-0.04,24,26
W2107800601,2005,-0.84,4,46
W2171581420,2007,-0.72,7,43
W1520132034,2002,-0.56,11,39
W2167434739,2006,-0.36,16,34
W2134537508,2007,-0.7368421052631579,5,33
W4245268933,2005,-0.04,24,26
W2098756065,2007,-0.7333333333333333,4,26
W3006291258,2007,-1.0,0,8
W1507599817,2008,-0.5384615384615384,6,20
W106940177,2006,-0.8571428571428571,2,26
W2027309293,1999,0.16,29,21
W2158022840,2006,-0.9591836734693877,1,48
W2144552569,2003,-0.56,11,39
W57486851,1999,0.0,17,17
W2121509107,2008,-0.8421052631578947,3,35
W2950945875,2003,-0.8125,3,29
W2108860693,2005,-0.23076923076923078,15,24
W2023665793,2004,-1.0,0,16
W2952848843,2006,0.3333333333333333,2,1
W1799949577,2002,-0.8620689655172413,2,27
W66329038,2006,-0.8461538461538461,1,12
W4300196574,2003,1.0,1,0
W1487851480,2007,1.0,10,0
W2149678169,2005,0.0,1,1
W1548981995,2003,-1.0,0,6
W22719495,2004,0.3333333333333333,2,1
W2064677947,2008,-1.0,0,1
W1532829354,2002,-0.7073170731707317,6,35
W1656772886,2001,1.0,13,0
W2098142608,2004,0.0,6,6
W180657164,2005,-1.0,0,10
W1777068179,2003,0.3333333333333333,2,1
W77534746,2003,-0.5714285714285714,3,11
W112135964,2006,-0.6666666666666666,1,5
W3009812080,2006,-0.6,1,4
W1638287885,2003,-1.0,0,2
W1658340114,2004,-1.0,0,2
W181049489,2006,-1.0,0,1
W2949519616,2003,-1.0,0,1
W36193367,2005,1.0,1,0
W2117882778,2006,-0.4,15,35
W2111165162,2006,0.28,32,18
W1500546894,2005,-0.68,8,42
W2142892618,2002,-0.32,17,33
W2295705535,2003,-0.44,14,36
W1541663547,2008,-0.32,17,33
W4245671428,2003,-0.06976744186046512,20,23
W2155750598,2005,-0.88,3,47
W4256483320,2002,1.0,38,0
W2159079348,2008,-0.52,12,38
W2293069947,2005,-0.2,20,30
W4232895233,2005,-0.84,4,46
W47175211,2005,-0.7209302325581395,6,37
W182734301,2008,-0.44,14,36
W2150042079,2003,-0.68,8,42
W4205777466,2003,1.0,18,0
W95350330,2005,1.0,3,0
W2018165840,2008,1.0,19,0
W43269751,2000,-1.0,0,7
W2008847063,2008,1.0,4,0
W68814038,2006,-1.0,0,2
W2117831564,2002,-0.44,14,36
W1575084925,2003,-0.7872340425531915,5,42
W4240052223,2003,1.0,20,0
W2126885884,2006,0.6470588235294118,14,3
W4235836742,2002,1.0,1,0
W1964310360,2004,-0.5,3,9
W2069153192,2003,-0.72,7,43
W1534981661,2005,-0.24,19,31
W2099003704,2003,-0.32,17,33
W111771363,2003,-0.36,16,34
W2120887026,2005,-0.64,9,41
W2141111097,2005,-0.6,10,40
W1976457156,2006,-0.36,16,34
W2172924720,2005,-0.56,11,39
W1482174963,2006,0.12,28,22
W2170847798,2004,-0.32,17,33
W2005653608,2007,0.5135135135135135,28,9
W1486078789,2007,0.16666666666666666,21,15
W2162098482,2004,-0.23076923076923078,10,16
W2020224194,2008,-0.14285714285714285,9,12
W2126298371,2005,0.30434782608695654,15,8
W2166543101,2006,-1.0,0,7
W2150115779,2005,0.5,6,2
W1547115835,2004,-0.8518518518518519,2,25
W1237134391,2007,-0.2857142857142857,5,9
W2612613894,2005,1.0,9,0
W2138301803,2008,-0.7142857142857143,1,6
W1542791789,2006,-1.0,0,8
W192220993,2006,-1.0,0,5
W3108941672,2005,1.0,11,0
W161175638,2007,1.0,10,0
W2065496208,2003,-0.14285714285714285,3,4
W2129155124,2006,-0.14285714285714285,3,4
W1557660289,2006,-0.3333333333333333,2,4
W1552720824,2007,0.2,3,2
W176593546,2005,1.0,4,0
W3160690184,2007,,0,0
W34152852,2004,-1.0,0,1
W2614061349,2006,1.0,3,0
W2154124206,2001,-0.8,5,45
W2108325777,2004,-0.8,5,45
W1517947178,1999,-0.56,11,39
W1973923101,2000,-0.44,14,36
W2119168550,2004,-0.96,1,49
W2111798208,2002,-0.8,5,45
W2109664771,2007,-0.28,18,32
W2146574666,2003,-0.52,12,38
W2156985047,2003,-0.44,14,36
W2153653739,2003,-0.64,9,41
W2142112143,2004,-0.84,4,46
W1529616844,2000,0.36,34,16
W23077562,2004,-0.64,9,41
W2083460949,1999,-0.6923076923076923,2,11
W1979102019,2000,-0.72,7,43
W2626190081,2002,-0.88,3,47
W179314280,2004,-0.92,2,48
W204945112,2001,-0.6923076923076923,2,11
W1976339715,2003,0.14285714285714285,16,12
W3104029765,2000,1.0,49,0
W2011783148,2003,-0.9024390243902439,2,39
W2099534719,2007,-0.5384615384615384,6,20
W1979194117,2003,-1.0,0,1
W2119851697,2005,-0.3333333333333333,3,6
W2152937686,2003,-0.8666666666666667,2,28
W1574174742,2001,-0.13043478260869565,10,13
W1994919150,2001,-0.9411764705882353,1,33
W2018482254,2002,-0.16,21,29
W2028492537,2003,-0.6153846153846154,5,21
W2111491614,2007,-1.0,0,34
W2140830074,2000,-0.375,15,33
W1512606473,2002,-0.3333333333333333,7,14
W2116946267,2003,0.21739130434782608,14,9
W2081605912,2003,-0.6666666666666666,2,10
W1499235840,2006,1.0,4,0
W1577247080,2000,-0.5833333333333334,5,19
W2103863416,2001,-0.16666666666666666,5,7
W2157429597,2002,-0.7777777777777778,1,8
W1591362395,2002,-1.0,0,4
W198601360,2001,,0,0
W2141587582,2003,-1.0,0,6
W117238852,2000,-1.0,0,2
W3213785005,2001,-0.3333333333333333,1,2
W1488214981,2007,-0.5,1,3
W2081677882,2001,-1.0,0,4
W24116743,2003,1.0,3,0
W4246036108,1998,-1.0,0,2
W4241645538,2003,1.0,50,0
W2067047477,2003,-0.047619047619047616,10,11
W2092586979,2004,-0.55,9,31
W4236383736,2003,,0,0
W343797400,1998,,0,0
W2068405010,2000,-0.23076923076923078,5,8
W4239784540,2002,1.0,3,0
W2045747317,2002,0.4117647058823529,12,5
W2132215799,2003,-0.3333333333333333,2,4
W1605870320,2003,-1.0,0,1
W144678703,2002,0.0,1,1
W1981825277,2002,0.04,26,24
W4292771351,2006,,0,0
W2486697635,2004,1.0,48,0
W2011516515,2001,-0.875,2,30
W2122873982,2006,-0.5625,7,25
W2110891465,2004,-0.6666666666666666,3,15
W2005746827,2006,-0.2727272727272727,4,7
W1863692063,2006,0.0,6,6
W1977649983,2007,-1.0,0,1
W1588501698,2005,,0,0
W2489118479,2007,1.0,3,0
W2139403546,2001,-0.72,7,43
W1992097457,2003,-0.3333333333333333,6,12
W2619282517,2000,,0,0
W2160233880,2003,-0.95,1,39
W77482081,2001,1.0,4,0
W2141830105,2002,-0.3333333333333333,1,2
W2102616831,2001,-0.8461538461538461,1,12
W1580254136,2003,0.3333333333333333,2,1
W131351524,1998,-1.0,0,1
W1483059521,2000,-0.8888888888888888,1,17
W2626567270,1999,1.0,1,0
W4238317531,2001,1.0,1,0
W4253090545,2001,1.0,33,0
W192581616,1999,1.0,1,0
W2803365097,1998,-1.0,0,2
W199864195,2000,1.0,4,0
W2104171390,2005,-1.0,0,2
W2148162135,2002,-0.72,7,43
W1552339598,1998,-0.64,9,41
W2061240327,2000,-0.68,8,42
W1852046123,1997,-1.0,0,2
W1592237688,1999,-0.9523809523809523,1,41
W2125543909,1997,-0.75,2,14
W2009144907,2001,-0.3333333333333333,8,16
W2033534839,1996,-0.7073170731707317,6,35
W1490311050,1997,-0.6923076923076923,2,11
W99422181,1996,-1.0,0,7
W51559837,2003,1.0,1,0
W1604905575,1997,1.0,4,0
W2134206624,2001,-0.52,12,38
W2148033981,2001,0.2,3,2
W1509999309,1999,-0.32,17,33
W2104802111,2001,-0.30612244897959184,17,32
W2100663130,2000,-0.45454545454545453,3,8
W2142049832,2000,-0.5,2,6
W1489779243,1999,-0.8235294117647058,3,31
W2106397257,2000,-0.75,2,14
W2666600683,2003,-0.08,23,27
W159044182,1999,-0.5,1,3
W1861811671,2006,-0.2,2,3
W172302426,1998,0.3333333333333333,2,1
W2123617953,2000,0.75,7,1
W2094661073,2001,-0.68,8,42
W2059100698,2001,0.2,3,2
W2091921805,2004,-0.32,17,33
W1989037929,2003,-0.6,10,40
W2066796814,2001,-0.72,7,43
W1534304300,2001,0.1111111111111111,25,20
W2107633943,2002,0.04,26,24
W2163336863,2001,-0.88,3,47
W1966554111,2000,-0.7083333333333334,7,41
W1853995153,2003,-0.4,15,35
W2105510466,2006,0.08,27,23
W4242702158,2003,1.0,50,0
W2133184712,2002,-0.52,12,38
W2039260438,2006,-0.08,23,27
W2483430316,2004,0.28,32,18
W2006761268,2003,-0.6,10,40
W2166064672,2004,-0.48,13,37
W131856359,2002,-0.48,13,37
W2101005720,1998,-0.56,11,39
W3169372665,2004,-0.8,5,45
W2006783944,2002,-0.52,12,38
W2110704543,2002,-0.16279069767441862,18,25
W1995003166,2002,-0.12,22,28
W58346954,2004,-0.88,3,47
W67158865,2005,-0.2,20,30
W2034528422,2003,-0.56,11,39
W3004804023,2001,-0.8333333333333334,2,22
W2049877533,2006,-0.17391304347826086,19,27
W69342273,2002,-0.6,10,40
W1491931038,2000,-0.7948717948717948,4,35
W2097983034,1997,-0.2916666666666667,17,31
W2124192284,2003,-0.5897435897435898,8,31
W2113049098,2006,0.058823529411764705,18,16
W1537039776,2004,-0.6,10,40
W1689907099,1999,-0.3333333333333333,13,26
W1489548117,2004,-0.64,9,41
W2112791883,2006,-0.4,15,35
W1581502805,2004,-0.12,22,28
W1566349786,2005,-0.7241379310344828,4,25
W2147768899,2004,-0.7619047619047619,5,37
W1970013651,2005,-0.08571428571428572,16,19
W161049316,2003,-0.6666666666666666,4,20
W2115366404,2004,-0.6,10,40
W2152497905,2006,-0.5428571428571428,8,27
W2155490300,2005,0.23076923076923078,8,5
W91469012,1999,-0.6190476190476191,8,34
W2172017522,2005,-0.5625,7,25
W1784044093,2005,-1.0,0,30
W2155301533,1999,-0.52,6,19
W1598358187,2005,-0.1,9,11
W2124451897,2002,-0.30434782608695654,8,15
W2133123111,2006,0.42857142857142855,25,10
W2127100972,2006,-0.6129032258064516,6,25
W2020865809,2006,0.3125,21,11
W2011107254,2002,-0.4117647058823529,5,12
W2087544630,2006,-0.4444444444444444,5,13
W2131328961,2006,0.0,9,9
W2171874047,2006,-0.2857142857142857,5,9
W2115857176,2005,-0.5789473684210527,4,15
W4252586678,2003,1.0,10,0
W2159138228,2006,-0.2903225806451613,11,20
W2101329222,2003,-0.2631578947368421,7,12
W4249762498,2006,-1.0,0,2
W1514469781,2005,0.0,5,5
W4232483443,2003,1.0,11,0
W1568270502,2006,1.0,3,0
W2143521558,2006,-0.42857142857142855,6,15
W2162688169,2006,-0.6666666666666666,2,10
W4236429719,2002,1.0,7,0
W1608072158,2003,-0.9230769230769231,1,25
W1496787004,2004,0.42857142857142855,5,2
W2170991628,2006,-0.9,1,19
W2150014415,2005,-0.6666666666666666,1,5
W2142877411,2005,-0.6,1,4
W2107061974,2005,1.0,2,0
W2992792917,2004,1.0,7,0
W1565809441,2002,-0.25,6,10
W1581271929,2005,-1.0,0,4
W2121943453,2006,-0.09090909090909091,5,6
W4214706084,2004,1.0,3,0
W2027089992,2003,0.2,3,2
W4210262834,2003,1.0,6,0
W150679056,1997,1.0,11,0
W2166796860,2005,-1.0,0,1
W1530081998,2005,1.0,2,0
W2136467248,2006,-1.0,0,1
W122735372,2005,1.0,2,0
W89412889,2002,,0,0
W3146035893,2006,,0,0
W2493359308,2001,,0,0
W2114327002,2006,-1.0,0,4
W134663840,2003,-0.5555555555555556,4,14
W2338428951,1999,,0,0
W2148684972,2001,-1.0,0,2
W2484385402,2004,,0,0
W2155393171,2006,1.0,4,0
W1967410246,2006,-0.6666666666666666,1,5
W2085639906,2006,,0,0
W225009484,2003,-1.0,0,2
W32927424,2003,,0,0
W1577158727,2004,,0,0
W2796186563,2000,,0,0
W2556534770,2005,0.5,3,1
W2095994595,2005,1.0,1,0
W2123858370,2004,-1.0,0,45
W2095631859,2005,-0.68,8,42
W2148144728,2002,-0.6666666666666666,6,30
W2295903522,2005,-0.76,6,44
W127506714,1999,-0.6,10,40
W2110904621,2005,-0.92,2,48
W1957951093,2004,-0.88,3,47
W1534212008,2006,-0.75,6,42
W2161168778,2001,-0.6585365853658537,7,34
W1492585812,2006,-0.15789473684210525,16,22
W26137079,2004,-0.6842105263157895,6,32
W2136624255,2006,-0.8285714285714286,3,32
W2027423863,2004,-0.9166666666666666,1,23
W1531439671,2002,-0.9512195121951219,1,40
W2140250198,2005,-0.625,3,13
W2124476310,2003,-0.88,3,47
W2168095934,2004,-1.0,0,44
W2128487827,2006,-1.0,0,30
W4230988461,2004,-0.8518518518518519,2,25
W3009776881,2005,-1.0,0,7
W1589806443,2001,-1.0,0,36
W1972238918,2003,-1.0,0,27
W4235129884,2004,-0.6666666666666666,2,10
W2060029146,2000,-0.7241379310344828,4,25
W1994191642,1999,-0.7142857142857143,2,12
W2136580373,2006,-1.0,0,23
W2148973616,2005,-1.0,0,18
W4248227670,2003,-1.0,0,1
W4212950952,2001,,0,0
W3016430739,2001,-1.0,0,3
W3081973106,1999,-1.0,0,2
W2019991244,2004,-1.0,0,3
W2139744838,2003,1.0,1,0
W1527045966,2000,-1.0,0,3
W2100857937,2004,-0.7777777777777778,1,8
W3027217557,2004,,0,0
W2109843996,2006,,0,0
W1497651746,2004,-0.9574468085106383,1,46
W2157828581,2005,-1.0,0,16
W1538511530,2005,-1.0,0,12
W2810373184,2004,-1.0,0,8
W4254538683,2006,-1.0,0,2
W1812582761,2003,-0.56,11,39
W1501130552,2002,-0.6,2,8
W2030639337,2006,-0.92,2,48
W2101588755,1998,-0.7777777777777778,1,8
W1482951056,2001,-1.0,0,1
W1554496643,1998,-0.3333333333333333,1,2
W2169058498,1998,0.0,1,1
W1822772607,2005,-0.84,4,46
W2129467152,2006,-1.0,0,50
W95244180,2004,-0.8,5,45
W206841959,2003,-0.92,2,48
W2053903896,2001,-0.6,10,40
W2167338470,2005,-0.8,5,45
W2131314877,2003,-0.9534883720930233,1,42
W143847450,2003,-0.84,4,46
W1499079899,2003,-0.9166666666666666,1,23
W2141448506,2006,-0.7857142857142857,3,25
W4255327009,2001,-1.0,0,3
W2000477062,2002,-0.6129032258064516,6,25
W2152609950,2005,-1.0,0,7
W2058068178,2004,0.3333333333333333,8,4
W1568390256,2004,-0.7142857142857143,1,6
W1591638986,2005,-0.9130434782608695,1,22
W2041496691,2004,0.0,1,1
W1607801475,2003,,0,0
W1564948796,2005,1.0,5,0
W2228835857,2001,-1.0,0,3
W2126087831,1999,-0.76,6,44
W4248388227,2002,1.0,50,0
W2114579022,2002,-0.76,6,44
W4242418714,2003,-0.44,14,36
W2110158792,2001,-0.84,4,46
W2171957559,2002,-0.88,3,47
W2156644501,2002,-0.84,4,46
W1977042970,2003,-0.84,4,46
W2127494222,2003,-0.68,8,42
W2165100126,2005,-0.64,9,41
W2159692093,2004,-0.84,4,46
W2163350510,1999,-1.0,0,11
W4254263397,2002,1.0,50,0
W2043525604,2004,-0.72,7,43
W2129235628,2003,-0.88,3,47
W2105377541,2004,-0.88,3,47
W1568849300,2003,-0.92,2,48
W2077409330,2000,-0.6,10,40
W2157079925,1996,-0.3157894736842105,13,25
W2056990020,2005,-0.96,1,49
W39444623,2002,-0.76,6,44
W2914598610,2005,,0,0
W2153576586,2004,-0.72,7,43
W4214924578,2003,1.0,27,0
W1533883536,2003,-0.92,2,48
W162038026,2002,-0.88,3,47
W2113741883,1997,-0.4166666666666667,7,17
W2108106305,2003,1.0,11,0
W1602913610,2003,-0.8297872340425532,4,43
W2151791866,1999,-0.5135135135135135,9,28
W2146384899,2002,-0.6,1,4
W41257336,2003,-0.7222222222222222,5,31
W167667719,2004,1.0,50,0
W1079135,2004,-1.0,0,17
W29275369,2004,-0.7037037037037037,4,23
W4233746011,1996,0.0,3,3
W2119036941,2006,-0.2,2,3
W2141756214,2002,-0.5,1,3
W2124912921,1999,-0.875,1,15
W2000849031,1996,-1.0,0,2
W44437909,1996,1.0,4,0
W2121527363,2006,-1.0,0,1
W2157132188,2004,,0,0
W1796283341,2004,1.0,3,0
W43146687,2004,1.0,3,0
W2142122956,2006,-1.0,0,2
W366286822,2004,1.0,2,0
W2138788758,2006,-1.0,0,1
W4313287189,2002,-1.0,0,1
W1994547327,2001,0.08,27,23
W4233357856,2001,1.0,1,0
W2102923696,2001,0.0,2,2
W4240948426,2003,-0.9230769230769231,1,25
W2126789306,2003,-1.0,0,50
W2065167540,2006,-1.0,0,2
W2125264097,1999,-0.782608695652174,5,41
W1494407420,2006,-1.0,0,11
W2004484769,2002,-0.5151515151515151,8,25
W1985727586,2001,-0.8,5,45
W4250223216,2006,-0.2,2,3
W2004518630,2004,-0.4666666666666667,4,11
W2149998172,2004,0.0,4,4
W272289055,2005,,0,0
W1569757987,2003,1.0,2,0
W147895047,1999,-0.6923076923076923,6,33
W1984853564,2001,-0.6666666666666666,6,30
W1548616591,2003,0.3333333333333333,6,3
W1792365433,2001,-0.95,1,39
W1560659665,2002,-0.3684210526315789,6,13
W2103552898,2000,-1.0,0,26
W1506176352,1999,-0.6,2,8
W2171494278,2005,-0.1111111111111111,4,5
W1540185753,2000,1.0,9,0
W2124105723,2005,-0.6666666666666666,1,5
W1529859013,2001,1.0,1,0
W2164968235,2002,1.0,1,0
W197928010,2005,1.0,2,0
W3171828125,1998,1.0,2,0
W1552173337,2005,-1.0,0,2
W2149107824,2002,-0.44,14,36
W1964443764,1999,-0.32,17,33
W2132001627,2003,-0.64,9,41
W2138311529,2002,-0.30612244897959184,17,32
W2017451354,2003,-0.72,7,43
W2156312950,2005,-0.4838709677419355,8,23
W2167077256,2002,0.36,34,16
W2159128898,2002,-0.32,17,33
W2132103241,2003,-0.44,14,36
W2067191022,2002,0.12,28,22
W1513763184,1999,-0.7959183673469388,5,44
W2111209861,2005,-0.84,4,46
W2110297148,2004,-1.0,0,50
W2155704307,2004,-0.4,12,28
W2167825066,2005,-0.5348837209302325,10,33
W1801124325,2002,-0.36,16,34
W2096709288,1999,-0.23809523809523808,8,13
W2126521431,2005,-0.8666666666666667,3,42
W1535386177,2002,0.07692307692307693,7,6
W2148413289,2000,0.3333333333333333,6,3
W2152318611,2001,0.17647058823529413,10,7
W2119664956,2002,0.1794871794871795,23,16
W2113507148,2005,-0.7222222222222222,5,31
W2127499550,2004,-0.6666666666666666,7,35
W2106281167,2003,-0.11627906976744186,19,24
W2168280947,2003,0.4666666666666667,11,4
W1799010822,2002,-0.8181818181818182,1,10
W2106617223,2003,-0.7142857142857143,1,6
W2129858699,2002,-1.0,0,15
W2129378863,2003,-0.5555555555555556,2,7
W2006401661,2002,0.0,5,5
W2103913463,2004,-0.3333333333333333,4,8
W2155140078,2005,-0.09090909090909091,5,6
W1529351832,2004,-0.75,1,7
W1625773149,2002,0.38461538461538464,9,4
W2171268854,2005,-0.75,1,7
W2137538638,2002,-0.2727272727272727,4,7
W2147693880,2004,-0.42857142857142855,2,5
W1553504235,2005,0.0,3,3
W1919091030,2003,1.0,4,0
W1531396863,2004,-1.0,0,4
W2140004180,2002,-0.6190476190476191,4,17
W1488261681,2002,-0.8823529411764706,1,16
W1868402778,2003,-0.6666666666666666,1,5
W169367702,2004,-0.6,2,8
W1570269211,2003,-0.3333333333333333,4,8
W3021167074,1998,-0.14285714285714285,3,4
W1568304908,2004,-0.6,1,4
W1513504864,2003,-1.0,0,8
W186392534,2004,0.0,2,2
W2102151798,2004,-1.0,0,3
W2140095781,2005,1.0,3,0
W1903173832,2003,,0,0
W1517323114,2002,-1.0,0,2
W2050774493,2002,1.0,1,0
W2110423793,2002,-1.0,0,1
W2532812964,2003,1.0,3,0
W1554401529,2002,,0,0
W2117206843,2005,,0,0
W1493540510,2002,-1.0,0,2
W128043389,2001,1.0,1,0
W2118376114,2002,1.0,1,0
W1550744990,2002,-1.0,0,1
W44558107,1999,1.0,1,0
W2168827626,2003,-0.24,19,31
W2133693076,2001,-0.08,23,27
W2124299984,2002,-0.72,7,43
W2110416206,2002,-0.32,17,33
W2329500913,2001,,0,0
W2111209909,2002,0.28,32,18
W1584513263,2003,0.5714285714285714,22,6
W2025834646,2003,-0.75,1,7
W2088638395,2000,-0.96,1,49
W4231424188,2000,-0.7142857142857143,2,12
W2116830857,2004,-0.48,13,37
W1589446340,1998,-0.7142857142857143,1,6
W219086781,2001,-1.0,0,2
W2098054629,1997,-0.2,2,3
W1564325247,1996,-1.0,0,3
W2114608527,2002,-1.0,0,1
W2489349048,1996,1.0,1,0
W2066859698,2000,-0.2,20,30
W2043811931,2001,-0.36,16,34
W3004040842,2001,-1.0,0,1
W2999200532,2001,-1.0,0,1
W4235136009,2001,1.0,15,0
W4236649450,2001,1.0,5,0
W3140078367,2002,,0,0
W2138990624,2000,-0.8333333333333334,1,11
W2119682413,2002,-0.6666666666666666,1,5
W4210644561,2000,0.0,5,5
W3111525141,2000,,0,0
W4229519063,2000,,0,0
W4234695972,2001,1.0,6,0
W4248182592,2002,1.0,16,0
W4252491197,2000,1.0,2,0
W4235785239,2000,1.0,50,0
W2117009500,2002,-0.76,6,44
W4251167975,2002,1.0,50,0
W4233287603,2002,-1.0,0,4
W2116685080,2001,-0.8,2,18
W1981956909,2002,0.45454545454545453,8,3
W2099128484,2002,,0,0
W1492018576,2003,1.0,9,0
W17071393,1999,1.0,12,0
W4242707978,2001,-1.0,0,1
W2069870183,2002,-0.28,18,32
W4251560691,2000,0.3333333333333333,24,12
W2039433449,1998,-0.9523809523809523,1,41
W2045334584,2005,-0.4594594594594595,10,27
W2156296249,2002,-0.24,19,31
W1586685072,2001,-0.07692307692307693,6,7
W2042081581,2005,-0.4117647058823529,5,12
W27684482,2005,0.3684210526315789,13,6
W2604113817,2002,,0,0
W1564227049,2000,-1.0,0,12
W119444765,1999,-0.92,1,24
W1552487364,2005,-0.4,3,7
W67430851,1998,0.0,2,2
W1492655714,2001,1.0,1,0
W1509926108,2003,-1.0,0,2
W2202508117,2000,-0.28,18,32
W4235095233,2000,0.2,30,20
W2129803206,2000,0.0,3,3
W1778175411,1998,1.0,2,0
W1562509307,2000,-0.9,1,19
W1837377163,2003,0.75,7,1
W2751530248,2000,,0,0
W76022819,1999,1.0,17,0
W2162450625,2005,-1.0,0,50
W2150739536,2003,-0.12,22,28
W1981086745,2000,-0.52,12,38
W17493933,2003,-1.0,0,2
W2089800021,2002,-0.6,10,40
W2053130636,2002,0.4375,23,9
W2128932260,2001,-0.7727272727272727,5,39
W2054387564,2000,-0.09090909090909091,5,6
W2004946171,2005,0.24444444444444444,28,17
W2175110005,2000,-0.76,6,44
W2150657873,2004,-0.8333333333333334,2,22
W2313357813,2014,,0,0
W4237093304,2004,1.0,4,0
W2571873194,2016,-1.0,0,5
W4296942682,2016,-0.6,1,4
W2608504691,2017,0.0,1,1
W2998562709,2019,-0.875,1,15
W2343649163,2015,1.0,1,0
W3177464508,2021,-1.0,0,3
W4322759939,2023,1.0,3,0
W4388275354,2023,1.0,3,0
W4287116820,2021,1.0,1,0
W4312046372,2022,1.0,1,0
W4327810476,2023,1.0,1,0
W4380374856,2023,1.0,1,0
W2144600658,2018,-0.64,9,41
W371426616,2018,0.08,27,23
W1503259811,2015,-0.6,10,40
W342285082,2014,-0.72,7,43
W2134036914,2015,-0.8,5,45
W2148708890,2018,0.44,36,14
W1899794420,2015,-0.64,9,41
W2962800603,2017,-0.72,7,43
W2296194829,2015,-0.24,19,31
W2250753706,2015,-0.64,9,41
W2149837184,2014,-0.84,4,46
W655994999,2014,-0.44,14,36
W1860935423,2015,-0.92,2,48
W2126530744,2014,-0.72,7,43
W2251785914,2015,-0.44,14,36
W2805516822,2018,-0.72,7,43
W2513263213,2016,-0.48,13,37
W2140610559,2015,-0.92,2,48
W2251066368,2015,-0.92,2,48
W2962795068,2016,-0.8,5,45
W2625561335,2014,1.0,27,0
W2251830157,2015,-0.72,7,43
W2949399644,2019,-0.76,6,44
W2970449623,2019,-0.84,4,46
W2468355276,2016,-0.88,3,47
W2294979170,2015,-0.88,3,47
W2251253014,2014,-0.76,6,44
W2888882903,2018,-0.8,5,45
W2141277304,2014,-0.19148936170212766,19,28
W2224490803,2014,-0.84,4,46
W2470673105,2016,-0.44,14,36
W2560939934,2016,-0.76,6,44
W2572670101,2016,0.56,39,11
W2296283641,2016,-0.68,8,42
W2252065493,2013,-0.6086956521739131,9,37
W2779681640,2018,-0.28,18,32
W2962875366,2016,1.0,50,0
W645927007,2013,-0.64,9,41
W2963290255,2017,-0.68,8,42
W2127876534,2013,-0.24,19,31
W2952828476,2014,-0.8095238095238095,4,38
W2251332263,2015,-0.7272727272727273,6,38
W2748780488,2015,-0.5348837209302325,10,33
W2251955066,2015,-0.7297297297297297,5,32
W4378193263,2023,-0.4,15,35
W2301603631,2016,-0.68,8,42
W2964125283,2017,-0.7333333333333333,6,39
W2470862100,2016,-0.6444444444444445,8,37
W2250293945,2013,-0.9444444444444444,1,35
W2351252181,2016,-0.47368421052631576,10,28
W2602562462,2017,-0.6444444444444445,8,37
W2250872883,2014,-0.875,3,45
W2963560804,2015,-0.6363636363636364,8,36
W2387546565,2016,-0.84,4,46
W2963795358,2016,-0.7073170731707317,6,35
W2137122906,2018,-1.0,0,14
W2130199334,2015,-0.7727272727272727,5,39
W2109926133,2014,-0.5882352941176471,7,27
W2566509507,2016,-0.7575757575757576,4,29
W265224334,2018,-0.07692307692307693,6,7
W2399378566,2015,-0.36,8,17
W1808991731,2014,-0.15384615384615385,11,15
W1521877087,2013,-0.45454545454545453,6,16
W2235125105,2016,-0.7272727272727273,3,19
W2962820991,2017,1.0,28,0
W2741480356,2017,-0.5714285714285714,6,22
W2251798232,2014,-0.1,9,11
W2952125979,2019,-0.84,2,23
W399167303,2014,-0.8,1,9
W2251765956,2014,-0.7647058823529411,2,15
W2575512508,2016,-0.7894736842105263,2,17
W2250600644,2015,-1.0,0,16
W2124119193,2018,,0,0
W2963899393,2017,-0.8947368421052632,1,18
W627498308,2018,-0.3333333333333333,1,2
W2527090203,2016,-0.7647058823529411,2,15
W3214546336,2021,1.0,10,0
W2294829650,2015,-0.25,6,10
W2164479068,2014,-0.3333333333333333,5,10
W298172948,2018,-0.5555555555555556,2,7
W3035218028,2020,-1.0,0,22
W1636585317,2018,-1.0,0,7
W2804639187,2018,-0.7142857142857143,2,12
W2598515261,2017,-1.0,0,14
W1554216175,2013,-0.875,1,15
W2227523508,2016,-0.8571428571428571,1,13
W3099635284,2020,0.42857142857142855,10,4
W1464282338,2013,-0.7142857142857143,2,12
W2411934291,2016,-0.23076923076923078,5,8
W2963447639,2017,1.0,14,0
W3018009202,2015,1.0,14,0
W852994870,2013,-0.7777777777777778,1,8
W2100631779,2013,-1.0,0,13
W1555587483,2013,-0.8181818181818182,1,10
W1830581329,2018,-1.0,0,3
W2524363614,2016,-0.8181818181818182,1,10
W2403133475,2016,1.0,12,0
W2099310262,2014,-0.7777777777777778,1,8
W2251448685,2013,-0.7777777777777778,1,8
W3167043448,2021,-0.6,2,8
W2135037137,2015,-1.0,0,9
W2344508595,2016,-0.75,1,7
W2572569512,2016,-0.6,1,4
W2514698017,2016,-0.14285714285714285,3,4
W2251418581,2015,-0.3333333333333333,4,8
W2612664992,2017,-1.0,0,6
W2118804972,2013,-0.8666666666666667,1,14
W2252154714,2014,-0.4,3,7
W2567469948,2016,-0.7777777777777778,1,8
W2574856563,2016,0.6,8,2
W2607593044,2017,-1.0,0,10
W266752158,2018,-1.0,0,5
W2365750411,2016,-0.75,1,7
W2111029734,2014,-1.0,0,4
W2293206922,2014,-1.0,0,7
W3171376244,2021,-1.0,0,7
W412820594,2018,0.3333333333333333,2,1
W2740515525,2018,-1.0,0,6
W2938080845,2019,-0.6666666666666666,1,5
W2979047515,2019,-1.0,0,6
W2145739710,2014,-1.0,0,5
W2295688218,2016,0.42857142857142855,5,2
W2128240870,2018,,0,0
W2212622123,2016,-0.7142857142857143,1,6
W2801209678,2013,1.0,2,0
W3120545354,2020,-0.6666666666666666,1,5
W2462574031,2016,-0.5,1,3
W237846910,2018,1.0,1,0
W2741954161,2017,1.0,1,0
W4388001493,2023,-1.0,0,2
W3173326144,2021,-0.5,1,3
W3038817008,2020,-1.0,0,3
W1599723367,2018,0.0,1,1
W2051701730,2013,-0.3333333333333333,1,2
W2467375345,2016,-1.0,0,4
W1992750539,2015,1.0,3,0
W2102825444,2014,-1.0,0,3
W2252236769,2015,-1.0,0,2
W1804883388,2014,-1.0,0,1
W2154769710,2014,1.0,2,0
W2898274951,2018,,0,0
W2769379751,2017,,0,0
W2291967428,2014,1.0,1,0
W2620856291,2013,1.0,2,0
W2984511769,2019,0.0,1,1
W305145020,2018,,0,0
W3088771895,2016,,0,0
W2998665648,2019,1.0,1,0
W3022380359,2020,-1.0,0,1
W2220350356,2015,-0.84,4,46
W2911681509,2019,-0.72,7,43
W2949563612,2015,-0.52,12,38
W2270364989,2016,-0.56,11,39
W4294238563,2017,1.0,50,0
W2593887162,2017,-0.24,19,31
W2949952998,2015,-0.6,10,40
W2728192282,2017,-0.84,4,46
W2887020936,2018,1.0,50,0
W2786103815,2018,-0.84,4,46
W2951336364,2015,-0.64,9,41
W1768488313,2014,-0.4166666666666667,7,17
W2287914047,2015,-0.48,13,37
W2766508367,2017,-0.52,12,38
W2197913429,2015,-0.96,1,49
W2739255396,2017,-0.13043478260869565,20,26
W2557321428,2016,-0.5238095238095238,10,32
W2805041018,2018,-0.8,4,36
W4287122359,2021,1.0,45,0
W2336505456,2016,-0.813953488372093,4,39
W2291022022,2016,-0.7560975609756098,5,36
W1916589227,2015,-0.8125,3,29
W2609370997,2017,-0.1111111111111111,12,15
W2613312549,2017,-0.47368421052631576,5,14
W2619269479,2017,-0.18518518518518517,11,16
W2973723395,2019,-0.8260869565217391,2,21
W2795285343,2018,-0.9090909090909091,1,21
W2949777170,2016,-1.0,0,21
W4310421098,2022,1.0,21,0
W2550147980,2016,-0.6842105263157895,3,16
W2972226851,2019,-0.8888888888888888,1,17
W2247305181,2015,-0.8666666666666667,1,14
W4297732215,2015,1.0,7,0
W1801581093,2015,-0.75,2,14
W2951746425,2015,-0.8571428571428571,1,13
W2606283965,2016,-0.7777777777777778,1,8
W4287125387,2021,1.0,13,0
W2493383198,2016,-0.8181818181818182,1,10
W2804845563,2018,-0.5,3,9
W2593984700,2017,-0.8181818181818182,1,10
W2901751252,2018,-0.09090909090909091,5,6
W2550448043,2016,-0.6,2,8
W2949291345,2015,-1.0,0,11
W2970619710,2019,-1.0,0,9
W3166576616,2021,-0.75,1,7
W2258204935,2016,-0.42857142857142855,2,5
W2181877423,2015,-1.0,0,7
W2952367671,2018,-1.0,0,7
W3167710116,2021,-0.42857142857142855,2,5
W2954366630,2019,-1.0,0,7
W2622596025,2017,1.0,6,0
W4298067517,2016,1.0,5,0
W4320341456,2022,1.0,5,0
W2949766234,2019,-0.3333333333333333,1,2
W2901478611,2018,-1.0,0,3
W4200038496,2021,,0,0
W2950919476,2018,-1.0,0,3
W2952444811,2014,0.0,1,1
W3021304265,2020,-1.0,0,3
W2949240516,2016,0.0,1,1
W4300945417,2016,,0,0
W2785935679,2018,-1.0,0,1
W3001662750,2020,-1.0,0,1
W4287781736,2020,1.0,1,0
W2098960454,2021,-0.5,2,6
W1278007653,2013,-0.11764705882352941,15,19
W2824561939,2018,-0.72,7,43
W58552428,2014,-0.8095238095238095,2,19
W1968226057,2016,1.0,9,0
W149016448,2014,-1.0,0,17
W2739741372,2017,-1.0,0,6
W135686785,2014,-1.0,0,14
W2808584951,2018,-0.8823529411764706,1,16
W168939352,2014,-0.42857142857142855,2,5
W4296474736,2022,0.25,5,3
W2781375226,2017,-0.8333333333333334,1,11
W2006652402,2014,-1.0,0,7
W3094530067,2014,1.0,7,0
W50617830,2014,-1.0,0,11
W3022625851,2020,-0.09090909090909091,5,6
W2401554262,2015,-0.6666666666666666,1,5
W243337683,2013,-1.0,0,6
W4289356281,2022,-1.0,0,6
W2397145713,2013,-0.6,1,4
W1557668034,2021,-1.0,0,4
W2759637265,2017,-1.0,0,6
W286126187,2014,0.0,3,3
W2973915630,2019,-1.0,0,2
W2998625062,2020,-1.0,0,4
W2741263854,2017,-1.0,0,3
W2963067765,2017,1.0,3,0
W2901928535,2018,-1.0,0,1
W1586921567,2014,-1.0,0,4
W2570187344,2017,-1.0,0,3
W4312258528,2013,-1.0,0,3
W4300847318,2015,,0,0
W1587152077,2014,1.0,2,0
W2954533597,2019,-1.0,0,2
W4210914383,2014,1.0,1,0
W2626073858,2017,0.0,1,1
W2725757355,2017,,0,0
W3199730831,2021,-1.0,0,2
W2901989000,2019,-0.8333333333333334,3,33
W2739952768,2017,-0.88,3,47
W2963033005,2018,-0.16,21,29
W2962731009,2018,-1.0,0,38
W2296330515,2015,-0.5384615384615384,3,10
W3168784392,2021,-0.8333333333333334,1,11
W2964321064,2018,-0.88,3,47
W3166200734,2021,-0.2,4,6
W2768037715,2017,0.3333333333333333,10,5
W2970540315,2019,1.0,6,0
W2469539863,2016,-1.0,0,5
W3021512829,2021,0.0,1,1
W2740992004,2017,0.5,3,1
W3036723255,2020,0.5,3,1
W2982145100,2019,-1.0,0,3
W3037474110,2019,1.0,3,0
W3026369141,2020,0.0,1,1
W2295471990,2015,-1.0,0,1
W2807895655,2018,-0.92,2,48
W2950990772,2019,-0.8947368421052632,2,36
W2793585215,2018,-0.29411764705882354,6,11
W2232978922,2015,-1.0,0,6
W3103702088,2020,-1.0,0,1
W2798823231,2018,1.0,16,0
W2407291067,2016,-1.0,0,50
W2473017576,2016,-0.8,5,45
W2909386406,2019,-0.76,6,44
W1498637054,2013,,0,0
W2795128719,2018,-0.88,3,47
W3211949750,2021,-0.76,6,44
W2890103111,2018,-0.7959183673469388,5,44
W4293463483,2022,-1.0,0,42
W4289912839,2022,-0.8181818181818182,3,30
W4383481224,2023,-0.9375,1,31
W2547026914,2016,-0.9574468085106383,1,46
W2137905083,2014,-1.0,0,13
W2994857788,2019,-0.9166666666666666,2,46
W2907775363,2018,-0.8181818181818182,1,10
W3167841603,2021,-0.8571428571428571,1,13
W3104714766,2020,-0.8181818181818182,1,10
W1234217218,2015,,0,0
W1929812528,2015,-0.2,2,3
W3186429039,2021,-0.9555555555555556,1,44
W4385576360,2023,-0.8333333333333334,1,11
W4312977419,2020,1.0,7,0
W2251027327,2015,-0.8181818181818182,1,10
W3030354039,2020,1.0,15,0
W2777679670,2017,-0.8888888888888888,1,17
W3088905399,2020,-0.8,1,9
W2504914947,2016,-1.0,0,4
W3129055414,2021,-1.0,0,6
W4386885402,2023,-1.0,0,6
W2749009474,2017,-0.3333333333333333,2,4
W3000364837,2020,1.0,6,0
W3163063360,2019,-0.8,1,9
W2500373071,2016,,0,0
W4205303850,2021,1.0,3,0
W4381571745,2023,-1.0,0,2
W2787758604,2016,-1.0,0,1
W2976866335,2019,1.0,1,0
W2970449570,2019,1.0,1,0
W4366771222,2023,1.0,1,0
W3203279731,2021,-1.0,0,6
W3206428286,2022,-0.24,19,31
W2795975316,2018,-0.32,17,33
W4296405185,2022,-0.04,24,26
W2984654566,2019,-0.6,10,40
W4283168936,2022,-0.6,10,40
W4283159688,2022,-0.2,4,6
W3081342702,2020,0.3548387096774194,21,10
W2589030362,2017,-0.5555555555555556,8,28
W4287889978,2022,-0.7777777777777778,1,8
W2965168627,2019,-1.0,0,30
W2798544720,2018,-1.0,0,8
W4416689096,2019,,0,0
W3194162459,2021,0.0,3,3
W2983358792,2019,1.0,1,0
W3206621920,2021,0.0,3,3
W2986189785,2019,-0.6666666666666666,1,5
W4200632307,2021,1.0,24,0
W4381573320,2023,1.0,6,0
W4377121468,2023,1.0,50,0
W4286906700,2021,1.0,3,0
W4317942025,2023,1.0,3,0
W4389713964,2023,1.0,1,0
W4398570646,2020,1.0,1,0
W2033270926,2013,0.0,2,2
W2889312863,2018,1.0,3,0
W4286611280,2022,-0.5789473684210527,4,15
W3160912483,2021,0.17647058823529413,10,7
W4226399820,2022,1.0,50,0
W2101333566,2013,-0.2222222222222222,7,11
W2062023559,2013,-0.14285714285714285,3,4
W4387835517,2023,-0.7142857142857143,1,6
W2031461051,2013,-0.16666666666666666,5,7
W3030429475,2020,-1.0,0,7
W4307485575,2022,0.0,3,3
W3048574953,2020,-0.3333333333333333,1,2
W4307485592,2022,0.0,1,1
W4387993351,2023,-1.0,0,2
W4387993474,2023,1.0,1,0
W4225080953,2022,-1.0,0,1
W4387993472,2023,1.0,1,0
W2001427579,2015,-0.4,15,35
W2796228338,2018,-0.56,11,39
W4206434639,2015,1.0,50,0
W2604150046,2017,0.08,27,23
W2796301186,2018,-0.44,14,36
W2940989608,2019,-0.36,16,34
W2911715508,2019,-0.24,19,31
W2968000842,2019,-0.84,4,46
W4224308101,2022,1.0,50,0
W2944846084,2019,-0.6,10,40
W2477439861,2016,-0.6,10,40
W2772438935,2017,-0.16,21,29
W2768307944,2017,0.52,38,12
W2941151758,2019,-0.72,7,43
W2941521681,2019,-0.24,19,31
W1996109675,2014,-0.5135135135135135,9,28
W2917734839,2019,0.28,32,18
W2909511051,2018,-0.6,10,40
W2806893363,2018,-0.48,13,37
W2737997568,2017,0.17647058823529413,20,14
W4309617396,2022,-0.48,13,37
W3042376086,2020,-0.64,9,41
W3169835271,2021,-0.44,14,36
W4321488059,2023,-0.44,14,36
W2910990508,2018,-0.37142857142857144,11,24
W3093180142,2020,-0.5555555555555556,10,35
W4304587371,2022,-0.24444444444444444,17,28
W4306919730,2022,-0.047619047619047616,20,22
W3163653059,2021,-0.7647058823529411,4,30
W2296318059,2015,,0,0
W4362580109,2023,0.18518518518518517,16,11
W4386006319,2023,0.52,19,6
W2125490883,2014,-0.2972972972972973,13,24
W2569795262,2016,-0.16666666666666666,15,21
W2889701811,2018,-0.6,9,36
W2774613700,2017,-0.2631578947368421,14,24
W2559592455,2016,-0.6551724137931034,5,24
W2015361817,2013,-0.5,4,12
W3045486071,2020,-0.4117647058823529,10,24
W2766774230,2017,0.2903225806451613,20,11
W1988396097,2014,-0.6363636363636364,2,9
W2395564904,2016,-0.3076923076923077,9,17
W2056822102,2015,-0.7142857142857143,3,18
W2983408628,2019,-0.6923076923076923,4,22
W2988080236,2019,-0.46153846153846156,7,19
W2898192504,2018,0.09090909090909091,12,10
W2769686804,2017,-0.047619047619047616,10,11
W3113347357,2020,-0.6428571428571429,5,23
W3112317324,2020,-0.6153846153846154,5,21
W3103492919,2020,0.13043478260869565,13,10
W3113214178,2020,-0.7391304347826086,3,20
W3186867991,2021,-0.3333333333333333,7,14
W4312728115,2022,-0.7,3,17
W4224252713,2022,-0.47368421052631576,5,14
W2910485049,2019,-0.29411764705882354,6,11
W2584408156,2016,1.0,8,0
W2970700814,2019,-0.2,4,6
W4225116071,2022,0.2222222222222222,11,7
W2983954904,2019,0.2727272727272727,7,4
W4389314042,2023,-0.8571428571428571,1,13
W4312977788,2022,-0.6666666666666666,2,10
W2567779880,2016,-0.3333333333333333,1,2
W4389105045,2023,-0.8,1,9
W2942837360,2018,1.0,1,0
W2898138512,2018,1.0,1,0
W2013045067,2013,0.3333333333333333,4,2
W2588417537,2017,-0.4074074074074074,8,19
W2243372583,2015,0.8888888888888888,17,1
W2798338797,2018,-0.3,7,13
W2062823209,2014,-0.5,3,9
W2911307037,2018,-0.9,1,19
W2095466055,2013,-1.0,0,4
W1975874330,2014,0.6923076923076923,11,2
W2113675178,2013,-0.14285714285714285,3,4
W2737832740,2017,0.0,7,7
W2568264282,2016,0.42857142857142855,5,2
W2036691145,2015,-0.3333333333333333,4,8
W2103061304,2013,1.0,3,0
W2068469799,2013,0.4,7,3
W2511000204,2016,0.6363636363636364,9,2
W2943627284,2018,-0.3333333333333333,3,6
W2988716855,2019,-0.3333333333333333,3,6
W3042308150,2020,0.6363636363636364,9,2
W4307875516,2022,0.0,5,5
W2967649630,2019,0.42857142857142855,5,2
W4388732857,2023,-0.6,1,4
W4308842742,2022,0.3333333333333333,2,1
W4328106223,2023,0.0,2,2
W4387264891,2023,1.0,2,0
W4283394022,2022,1.0,1,0
W2988116684,2019,-0.5555555555555556,4,14
W2765969969,2017,-0.6666666666666666,2,10
W3010701225,2020,-0.8181818181818182,1,10
W2090368953,2013,1.0,1,0
W2294224614,2015,0.7142857142857143,6,1
W3039961661,2020,-0.2727272727272727,4,7
W3000012257,2019,0.5,6,2
W2774564318,2017,0.0,3,3
W2967307203,2019,-0.5,2,6
W2583824180,2016,-0.3333333333333333,1,2
W3160651056,2021,-0.5,2,6
W3162961920,2021,-0.5,2,6
W2062219464,2013,,0,0
W2557900261,2016,1.0,3,0
W3215680153,2021,-0.7142857142857143,1,6
W4287509575,2022,0.3333333333333333,4,2
W4389302474,2023,-0.2,2,3
W4224291184,2022,0.3333333333333333,4,2
W2999416177,2019,0.0,3,3
W4200297036,2021,-1.0,0,3
W3048374152,2020,0.5,3,1
W1828050762,2013,,0,0
W4200107149,2021,0.0,2,2
W2506004621,2016,0.0,1,1
W2766223356,2017,0.3333333333333333,2,1
W4312921357,2022,1.0,3,0
W3100314675,2020,-1.0,0,3
W4224251908,2022,1.0,2,0
W2799074868,2018,0.0,1,1
W2616517984,2016,0.0,1,1
W4298395339,2022,-1.0,0,2
W4388145510,2023,0.0,1,1
W4389080284,2023,-1.0,0,2
W2603190869,2015,,0,0
W4386110777,2023,1.0,1,0
W4251918952,2013,1.0,3,0
W2958295460,2015,1.0,2,0
W2046485376,2013,1.0,2,0
W2253930970,2015,1.0,1,0
W2418704044,2016,1.0,2,0
W2504627407,2016,,0,0
W3045948389,2018,1.0,2,0
W2435499087,2015,1.0,1,0
W2773159180,2017,-1.0,0,1
W2780331303,2017,,0,0
W2909958832,2018,,0,0
W2595184411,2015,1.0,1,0
W2943242519,2018,1.0,1,0
W3035054310,2019,1.0,1,0
W3040839150,2020,1.0,1,0
W3095352020,2020,1.0,1,0
W4205824741,2021,1.0,1,0
W3161830232,2021,1.0,1,0
W2805003876,2017,1.0,14,0
W2788679175,2017,-0.7272727272727273,3,19
W2885612600,2017,1.0,4,0
W2800143714,2017,1.0,9,0
W2886545940,2017,1.0,3,0
W2778551364,2017,1.0,1,0
W2887010202,2017,0.0,1,1
W2962691797,2019,1.0,2,0
W2769598813,2017,1.0,1,0
W2899493986,2018,-0.6666666666666666,6,30
W2940931892,2019,-0.6,10,40
W3031091632,2020,-0.44,14,36
W3032812548,2020,-0.72,7,43
W4318621026,2023,-0.5862068965517241,6,23
W2624629148,2017,1.0,50,0
W3032690205,2020,-0.7391304347826086,3,20
W4283452137,2022,-0.1111111111111111,12,15
W4297236358,2022,-0.2727272727272727,8,14
W2616176030,2017,0.3953488372093023,30,13
W2795783386,2018,-0.1875,13,19
W2773069493,2018,0.0,13,13
W2941367438,2019,-0.25925925925925924,10,17
W2137093766,2013,-0.5,6,18
W2610199015,2017,-0.12,11,14
W2987641384,2019,-0.3333333333333333,3,6
W2795548651,2018,-0.6,4,16
W3036709107,2020,-0.5,5,15
W3119404732,2021,0.25,10,6
W4413624330,2015,,0,0
W4309620204,2022,-0.875,1,15
W3129760801,2021,0.6,8,2
W4388873831,2023,1.0,2,0
W2768314236,2017,-0.2631578947368421,7,12
W2119614839,2015,0.4,7,3
W2615978939,2017,0.0,7,7
W2406757451,2016,-0.6363636363636364,4,18
W2899341522,2018,-0.3333333333333333,3,6
W2909487816,2019,-1.0,0,4
W3016962805,2020,1.0,4,0
W3120977904,2021,0.0,4,4
W4283734486,2022,0.5,3,1
W2018575657,2014,1.0,2,0
W109937755,2013,-0.2,4,6
W2302681036,2016,1.0,6,0
W2046649048,2013,-1.0,0,1
W3162432986,2021,-0.25,3,5
W3097454843,2020,1.0,5,0
W3191621044,2021,-0.6,1,4
W4225161505,2022,1.0,4,0
W3108591592,2020,0.2,3,2
W2398395295,2016,-0.3333333333333333,1,2
W4372211784,2022,-0.3333333333333333,1,2
W4372215776,2022,-1.0,0,3
W3036279062,2020,0.3333333333333333,2,1
W4308045424,2022,1.0,2,0
W2547552210,2015,1.0,1,0
W2296636596,2015,-1.0,0,1
W2992254975,2014,,0,0
W2911196776,2019,1.0,1,0
W2901360867,2018,1.0,1,0
W4245633385,2021,1.0,1,0
W4295007496,2022,1.0,1,0
W4318712338,2023,1.0,1,0
W2897496397,2018,-0.5,4,12
W2171179239,2015,0.75,7,1
W2589920187,2017,0.14285714285714285,4,3
W4224313527,2022,-0.3333333333333333,2,4
W4212801880,2022,0.0,4,4
W1966248706,2014,-0.3333333333333333,1,2
W2989067042,2019,-0.75,1,7
W2955037254,2019,-0.5,1,3
W2023342436,2014,1.0,3,0
W2845730418,2018,1.0,3,0
W3200578280,2021,1.0,2,0
W2088720984,2014,1.0,1,0
W3207599155,2021,-1.0,0,2
W2817965195,2018,1.0,1,0
W2976154256,2019,1.0,1,0
W2774321216,2017,-0.28,18,32
W4282027681,2022,-0.36,16,34
W2999649805,2020,-0.48,13,37
W2788376297,2018,-0.92,2,48
W3176294187,2021,-0.8,5,45
W4283702870,2022,-0.96,1,49
W2912664727,2019,-0.72,7,43
W2996863522,2020,-0.76,6,44
W2954123367,2019,-0.68,8,42
W3034707327,2020,-0.16,21,29
W3155895380,2021,-0.44,14,36
W2573167395,2016,-0.96,1,49
W2907827821,2019,-0.84,4,46
W3044893918,2020,-0.52,12,38
W2036254771,2014,-0.28,18,32
W2077669887,2012,-0.08,23,27
W3110194847,2020,-0.68,8,42
W2783175414,2018,0.08,27,23
W3117062170,2021,-1.0,0,50
W2096438175,2013,-0.8695652173913043,3,43
W2338216121,2016,-0.64,9,41
W2920916645,2019,-0.68,8,42
W3145103078,2016,1.0,6,0
W3156716744,2021,-0.28,18,32
W3209791570,2021,-0.88,3,47
W4221030716,2022,-0.32,17,33
W2251814753,2015,-0.64,9,41
W2912746631,2019,-0.64,9,41
W4200573943,2021,1.0,50,0
W1982204215,2015,-0.8666666666666667,3,42
W3035566692,2020,-0.92,2,48
W2125326641,2013,-0.7297297297297297,5,32
W1488414089,2015,-0.72,7,43
W4220894025,2022,-0.6,10,40
W3155638432,2021,-0.2,20,30
W2403321187,2014,-0.391304347826087,14,32
W4292215729,2022,-0.92,2,48
W3205509771,2022,-0.96,1,49
W2986273318,2019,-0.36585365853658536,13,28
W2883128230,2018,-0.4,9,21
W2788362011,2018,-0.6,8,32
W4306317061,2022,-0.8235294117647058,3,31
W4290790486,2022,-0.8787878787878788,2,31
W2537327373,2016,-1.0,0,5
W4309618087,2022,-0.5151515151515151,8,25
W4247619421,2017,1.0,27,0
W3021474408,2015,-0.19047619047619047,17,25
W2139664924,2014,-0.6428571428571429,5,23
W2252625695,2015,-0.7333333333333333,4,26
W1979908638,2015,-0.7837837837837838,4,33
W2060890758,2014,-0.8709677419354839,2,29
W1991839217,2012,-0.25925925925925924,10,17
W2127840217,2015,-0.8421052631578947,3,35
W2897212375,2018,-0.8181818181818182,4,40
W2740916867,2017,-0.625,6,26
W2997919341,2020,-0.8297872340425532,4,43
W2403052646,2013,-0.5813953488372093,9,34
W3012780388,2020,-0.7209302325581395,6,37
W3035313607,2020,0.09090909090909091,24,20
W2896363972,2018,-0.3142857142857143,12,23
W2740517242,2017,-1.0,0,28
W2953874899,2019,-0.02564102564102564,19,20
W3012594078,2020,-0.8,4,36
W3114085555,2020,-0.7948717948717948,4,35
W2952667223,2019,-0.47058823529411764,9,25
W2739860611,2017,-0.6666666666666666,5,25
W2051235496,2013,-0.7777777777777778,2,16
W2768603575,2018,-0.4482758620689655,8,21
W2788493644,2018,-0.30434782608695654,8,15
W3034645139,2020,-0.7575757575757576,4,29
W2798598599,2018,-0.6,6,24
W2338147439,2016,-0.6,5,20
W2908036028,2019,-0.2,12,18
W3167329294,2021,-0.41935483870967744,9,22
W2068303092,2012,-0.8666666666666667,1,14
W2954871291,2019,-0.84,2,23
W2954475589,2019,-0.46153846153846156,7,19
W4282927549,2022,-1.0,0,27
W1989105102,2013,-0.6190476190476191,4,17
W2741500727,2017,-0.8260869565217391,2,21
W3034707247,2020,-0.44,7,18
W2788448301,2018,0.18181818181818182,13,9
W2912938607,2019,-0.5454545454545454,5,17
W2741619064,2017,-0.3333333333333333,5,10
W2955013659,2019,-0.6190476190476191,4,17
W4307713853,2022,-0.5652173913043478,5,18
W3152824819,2021,-0.2727272727272727,8,14
W3156829117,2021,-0.6363636363636364,4,18
W2592463930,2016,-0.4,6,14
W2604518650,2017,-0.125,7,9
W2901054662,2018,-0.4666666666666667,4,11
W2891508226,2018,-1.0,0,21
W4290943562,2022,-0.2,8,12
W3169541690,2021,-0.4444444444444444,5,13
W4224219410,2022,-0.6666666666666666,3,15
W4294891364,2022,0.4444444444444444,13,5
W3093651360,2020,-0.29411764705882354,6,11
W4224317222,2022,-0.17647058823529413,7,10
W4284691245,2022,-0.8823529411764706,1,16
W2798482129,2018,-0.8571428571428571,1,13
W3188742066,2021,0.5,12,4
W3207969307,2022,-0.25,6,10
W4284698659,2022,-0.875,1,15
W2583489134,2017,0.0,7,7
W2755600468,2017,-1.0,0,15
W3144984979,2020,-0.06666666666666667,7,8
W4289751787,2018,0.4,7,3
W2944762291,2019,-0.5,3,9
W4284664085,2022,-0.5384615384615384,3,10
W2998477227,2020,-0.6363636363636364,2,9
W4213245517,2022,0.8333333333333334,11,1
W2029816615,2012,1.0,1,0
W3210226107,2021,-1.0,0,10
W3081881734,2020,,0,0
W2793944152,2018,-1.0,0,2
W4225894729,2021,0.7142857142857143,6,1
W2890518022,2018,-1.0,0,1
W3153773530,2021,0.5,3,1
W2314577266,2015,0.2,9,6
W2745954473,2017,-0.47368421052631576,5,14
W2990670023,2019,0.30434782608695654,15,8
W2088162362,2014,0.2,6,4
W2117936500,2013,-1.0,0,12
W2988306642,2019,-0.8260869565217391,2,21
W3009881182,2020,-1.0,0,22
W2954312207,2019,-0.2631578947368421,7,12
W3034909182,2020,-0.7894736842105263,2,17
W2056044004,2015,-0.8571428571428571,1,13
W2601008217,2017,-0.6363636363636364,2,9
W2985275756,2019,-0.2,6,9
W2170690690,2014,0.8571428571428571,13,1
W3089997936,2020,0.0,8,8
W2976307459,2019,-0.5714285714285714,3,11
W3153783849,2021,0.0,7,7
W3210782630,2021,-0.2857142857142857,5,9
W2897785891,2018,-0.7142857142857143,1,6
W2084366967,2014,-0.6,2,8
W2741240942,2017,0.8333333333333334,11,1
W2765193514,2017,1.0,4,0
W3033436656,2020,0.8181818181818182,10,1
W2912129537,2019,0.2727272727272727,7,4
W3093882121,2020,0.0,5,5
W2473837095,2016,-1.0,0,7
W2894399598,2018,-0.2,2,3
W3045097682,2020,0.6,4,1
W3153917096,2021,-0.42857142857142855,2,5
W2792811732,2018,-0.3333333333333333,3,6
W2950477299,2019,-0.2,2,3
W3091810290,2020,-1.0,0,2
W4220968190,2022,1.0,3,0
W2209694002,2015,-0.75,1,7
W2091208042,2012,0.0,5,5
W2576646839,2017,-0.5,3,9
W2572911049,2016,-0.5,4,12
W2328317444,2013,1.0,5,0
W2756312390,2017,-0.2,4,6
W3034858659,2020,-0.3333333333333333,4,8
W3159809086,2021,-1.0,0,11
W2237957277,2015,-0.3333333333333333,3,6
W2931686991,2019,-0.5555555555555556,2,7
W2975880037,2019,-0.7777777777777778,1,8
W4200089543,2021,-0.1111111111111111,4,5
W2775822858,2017,1.0,4,0
W2766474880,2017,-0.3333333333333333,2,4
W4306317399,2022,-0.14285714285714285,3,4
W2798556263,2018,-0.6666666666666666,1,5
W53131972,2013,-0.14285714285714285,3,4
W2562332019,2016,-0.6,1,4
W4290927751,2022,0.0,3,3
W3175285719,2020,0.6,4,1
W2295721252,2014,-0.5,1,3
W2593715911,2017,-0.6666666666666666,1,5
W2156923091,2012,-0.3333333333333333,1,2
W2322247049,2016,-0.6666666666666666,1,5
W2151662946,2014,0.0,1,1
W98559017,2014,0.2,3,2
W3156627302,2021,-0.42857142857142855,2,5
W4220759550,2022,-0.42857142857142855,2,5
W167803877,2014,0.0,2,2
W2005956497,2014,-0.6,1,4
W2212860475,2013,-0.6,1,4
W2584758716,2017,-0.3333333333333333,1,2
W2795675024,2018,0.3333333333333333,2,1
W2404671225,2014,1.0,2,0
W3034664266,2020,-0.6,1,4
W3045390719,2020,1.0,5,0
W3153425017,2021,-0.2,2,3
W2086696367,2013,-0.3333333333333333,1,2
W2573900599,2016,1.0,4,0
W2577748531,2016,0.5,3,1
W2900634828,2018,-1.0,0,4
W2278942351,2013,,0,0
W3195136116,2020,-1.0,0,4
W4285603655,2022,-1.0,0,4
W4206647372,2022,-0.5,1,3
W4310869089,2022,1.0,4,0
W2563507249,2015,0.3333333333333333,2,1
W2767958491,2017,-0.3333333333333333,1,2
W4295067492,2022,-0.3333333333333333,1,2
W2070397144,2013,0.0,1,1
W2745330947,2013,1.0,2,0
W2977591259,2019,1.0,2,0
W4291033351,2022,0.0,1,1
W91523936,2012,1.0,2,0
W2974452150,2019,0.3333333333333333,4,2
W3094024929,2020,-1.0,0,5
W3163360670,2021,-0.2,2,3
W2468690985,2015,0.0,1,1
W2533321274,2016,0.0,1,1
W2597505630,2016,0.5,3,1
W2972604824,2019,0.0,1,1
W2991401521,2019,-1.0,0,2
W2955095215,2019,1.0,1,0
W3200497070,2021,-1.0,0,1
W2981083996,2019,-1.0,0,1
W4234510960,2019,1.0,4,0
W2273238862,2014,-1.0,0,2
W2335618805,2014,1.0,2,0
W2402019182,2013,-0.3333333333333333,1,2
W2766357144,2017,0.3333333333333333,2,1
W2891052230,2018,1.0,2,0
W43531122,2014,-1.0,0,2
W2901654250,2018,-0.3333333333333333,1,2
W2584295907,2017,0.0,1,1
W2559409440,2016,1.0,1,0
W2767984039,2017,0.0,1,1
W2891803841,2018,0.0,1,1
W3092470553,2020,1.0,2,0
W3154930477,2018,1.0,1,0
W2409047001,2016,,0,0
W2546810262,2012,,0,0
W143617301,2013,-1.0,0,1
W2101030272,2014,-1.0,0,1
W2295195590,2015,1.0,1,0
W2284382866,2013,-1.0,0,1
W2407654063,2015,-1.0,0,1
W2596737710,2017,1.0,1,0
W2766654275,2017,1.0,1,0
W2799056546,2018,-1.0,0,1
W3006430032,2020,1.0,1,0
W2883530635,2018,1.0,1,0
W3008666020,2017,1.0,1,0
W3048249118,2020,1.0,1,0
W3108566870,2020,1.0,1,0
W3210848981,2021,-1.0,0,1
W4285483966,2022,1.0,30,0
W3154180753,2021,-1.0,0,11
W3094064346,2020,-1.0,0,14
W2809409910,2018,0.3333333333333333,6,3
W3115200801,2020,0.0,4,4
W3172853483,2021,-0.3333333333333333,2,4
W4290065650,2022,1.0,4,0
W4291238844,2022,1.0,6,0
W3093221998,2020,0.0,1,1
W3189263088,2021,0.0,1,1
W3193870154,2021,1.0,2,0
W3215822074,2021,-1.0,0,2
W4297577542,2021,1.0,2,0
W2952952868,2019,1.0,1,0
W3200483358,2021,1.0,1,0
W3192507932,2021,-1.0,0,1
W4225853588,2022,1.0,1,0
W4307654087,2022,1.0,1,0
W2749689103,2017,-0.16,21,29
W2799226155,2018,-0.7931034482758621,3,26
W2001892351,2014,-0.3181818181818182,15,29
W3204622772,2021,0.08108108108108109,20,17
W2799023274,2018,-0.4418604651162791,12,31
W2152184085,2014,-0.64,9,41
W2560965260,2016,-0.7272727272727273,3,19
W2798863366,2018,-0.5652173913043478,5,18
W2767980859,2017,-0.7142857142857143,7,42
W2808396937,2018,-0.16666666666666666,10,14
W2962920143,2018,-0.6666666666666666,3,15
W3032744410,2020,-0.7142857142857143,3,18
W4226428498,2022,0.5238095238095238,16,5
W4296878659,2022,-0.2,2,3
W4221012971,2022,1.0,1,0
W88134586,2013,0.06666666666666667,8,7
W2285665573,2014,-0.8181818181818182,1,10
W4299337356,2022,-1.0,0,6
W2767479621,2017,0.0,4,4
W2613916972,2017,0.2,3,2
W2973132521,2019,-1.0,0,5
W2119977295,2013,0.0,2,2
W3094182742,2020,1.0,5,0
W2097746173,2013,-1.0,0,1
W2979369903,2019,-1.0,0,4
W2955871477,2019,1.0,2,0
W2528802696,2016,1.0,1,0
W3203947662,2021,1.0,1,0
W3037128914,2020,-0.76,6,44
W1669910309,2015,-1.0,0,4
W4298323699,2021,1.0,10,0
W2775279748,2016,1.0,2,0
W2799069290,2018,-1.0,0,1
W2531862055,2016,-0.56,11,39
W2755066373,2017,-0.96,1,49
W3035545045,2020,-0.8,5,45
W2724213014,2019,-0.76,6,44
W2590877996,2019,-0.84,4,46
W2703895418,2017,-0.44,14,36
W2963438548,2017,-0.88,3,47
W2912406707,2019,-0.88,3,47
W2604211872,2017,-0.92,2,48
W2345474290,2016,-0.8,5,45
W2924873663,2019,-0.68,8,42
W1975399404,2012,-0.56,11,39
W3035252826,2020,-0.8,5,45
W2986451890,2019,-0.92,2,48
W2962907114,2019,-0.56,11,39
W2526833393,2016,-0.44,14,36
W2963047834,2018,-0.96,1,49
W3110589170,2020,-0.92,2,48
W2604729005,2017,-0.96,1,49
W2891175865,2018,-0.92,2,48
W3092820619,2020,-0.96,1,49
W2980520956,2019,-0.36,16,34
W2725249286,2017,-0.64,9,41
W1980526845,2013,-0.9591836734693877,1,48
W2963949812,2018,-0.92,2,48
W2038752770,2015,-0.92,2,48
W3034890701,2020,-0.92,2,48
W2963119563,2017,-0.84,4,46
W26349190,2012,-0.64,9,41
W2797079651,2018,-0.8,5,45
W2955216108,2019,-0.88,3,47
W2766187676,2017,0.08,27,23
W2957279468,2019,-0.88,3,47
W2808203533,2018,-0.72,7,43
W2222317246,2015,-0.68,8,42
W2780643544,2017,-0.92,2,48
W2130540277,2012,-0.7209302325581395,6,37
W2170314267,2013,-0.6,10,40
W2086971086,2012,-0.68,8,42
W2572117954,2017,-0.92,2,48
W2608045553,2017,-0.08,23,27
W2966730026,2019,-1.0,0,50
W2799712919,2018,-0.84,4,46
W2965778995,2019,-0.88,3,47
W2171139251,2013,-0.96,1,49
W2609373935,2017,-0.48,13,37
W2964281014,2019,-0.4,15,35
W2118704323,2014,-0.68,8,42
W1923026787,2015,-0.76,6,44
W2737030113,2017,-1.0,0,50
W3169884992,2021,-0.88,3,47
W4312272780,2022,-0.96,1,49
W2563587296,2016,-0.76,6,44
W2968891686,2019,-0.36,16,34
W3204484221,2021,-1.0,0,50
W2604275585,2017,-0.8367346938775511,4,45
W2799214875,2018,-0.96,1,49
W2604414494,2017,-1.0,0,50
W3107615494,2020,0.48,37,13
W2053770192,2014,-0.5789473684210527,8,30
W2997142416,2019,-0.6190476190476191,8,34
W4312235312,2022,-0.6521739130434783,8,38
W2071428855,2014,-1.0,0,38
W2003046692,2014,-0.9354838709677419,1,30
W4312561350,2022,-1.0,0,39
W2981787830,2019,-0.16666666666666666,10,14
W3032589391,2020,0.0,19,19
W3196486313,2021,-0.8666666666666667,2,28
W4304092645,2022,0.034482758620689655,15,14
W1995525705,2015,-0.7333333333333333,6,39
W2906146234,2018,-0.76,6,44
W2752480486,2017,-0.8695652173913043,3,43
W2328317224,2016,-0.56,11,39
W2921940552,2019,-0.28,18,32
W2940460948,2019,-0.44,14,36
W2986968301,2019,-0.76,6,44
W1998803396,2013,-0.7560975609756098,5,36
W2034593090,2014,-0.5,7,21
W3022147900,2020,-0.9591836734693877,1,48
W2623201052,2017,-0.6,8,32
W1968978358,2012,-0.42105263157894735,11,27
W2209763203,2015,0.36,17,8
W3107593279,2020,-0.5909090909090909,9,35
W2147035467,2013,-0.8620689655172413,2,27
W1607345396,2015,-0.2631578947368421,14,24
W2594652239,2017,0.3333333333333333,18,9
W2048120744,2012,-0.3333333333333333,9,18
W2610265532,2017,0.2631578947368421,24,14
W2066142224,2015,-0.6551724137931034,5,24
W2345500696,2016,-1.0,0,29
W2945890714,2019,0.058823529411764705,18,16
W3117510992,2020,-0.7297297297297297,5,32
W2247349754,2015,-0.7777777777777778,3,24
W2342745613,2016,-0.5333333333333333,7,23
W2558914813,2016,-0.92,1,24
W3035271324,2020,-0.7297297297297297,5,32
W2527187232,2016,-0.9333333333333333,1,29
W2743991587,2017,-0.6296296296296297,5,22
W2274047922,2016,-0.7037037037037037,4,23
W2945524220,2019,-0.47058823529411764,9,25
W3149106692,2022,-0.8,3,27
W2074486097,2014,-0.6774193548387096,5,26
W2520668558,2016,-0.3548387096774194,10,21
W3202825210,2021,-1.0,0,33
W2132526705,2012,-0.3,7,13
W2897327263,2018,-0.6,5,20
W2039805092,2015,-0.7,3,17
W2758900040,2017,-0.8260869565217391,2,21
W2897457738,2018,-0.4074074074074074,8,19
W2981352610,2019,-0.21428571428571427,11,17
W2997143100,2019,-0.6153846153846154,5,21
W3035738486,2020,-0.6,6,24
W2017563007,2014,-0.8461538461538461,2,24
W2182524050,2015,-0.4782608695652174,6,17
W2606467623,2017,-0.8333333333333334,2,22
W1925450849,2015,0.5454545454545454,17,5
W2974544900,2019,-0.52,6,19
W2981976713,2019,-0.48148148148148145,7,20
W1948072141,2015,-0.7391304347826086,3,20
W2218644571,2015,-1.0,0,24
W3208034415,2021,-0.9310344827586207,1,28
W2738755994,2017,-0.68,4,21
W2531856698,2016,-1.0,0,20
W2998253676,2020,-0.9285714285714286,1,27
W2109025943,2014,-0.8095238095238095,2,19
W2740474318,2017,-0.92,1,24
W2753783593,2017,-0.5,5,15
W2751519608,2017,-0.6666666666666666,4,20
W3091188807,2020,-0.6296296296296297,5,22
W2754259372,2017,-0.36363636363636365,7,15
W2726643257,2017,-0.7894736842105263,2,17
W2736340622,2017,-1.0,0,22
W3119637857,2021,-0.92,1,24
W2018773948,2014,-0.15789473684210525,8,11
W2765977864,2017,-0.7272727272727273,3,19
W2979936813,2019,-0.5789473684210527,4,15
W2998424671,2019,0.05263157894736842,10,9
W2060763030,2012,-0.2631578947368421,7,12
W3014776867,2020,-0.9166666666666666,1,23
W3115684750,2020,-0.9090909090909091,1,21
W1999758002,2014,-0.5555555555555556,4,14
W22807367,2012,-1.0,0,8
W2475123968,2016,-0.3333333333333333,6,12
W3205981128,2021,-0.9090909090909091,1,21
W2900012295,2018,-0.3333333333333333,4,8
W2996130371,2019,-0.7894736842105263,2,17
W2913639291,2019,-0.8,2,18
W3010923242,2020,-0.3333333333333333,7,14
W1915103344,2014,-0.875,1,15
W2045978154,2012,-1.0,0,17
W2034266400,2013,-0.8888888888888888,1,17
W3150473382,2022,-0.7647058823529411,2,15
W3196335228,2021,-0.3333333333333333,6,12
W3006310697,2020,-1.0,0,16
W2521131896,2016,0.07692307692307693,7,6
W3035422913,2020,-0.8571428571428571,1,13
W2963067945,2019,-1.0,0,14
W2344925450,2015,0.3333333333333333,6,3
W2946571693,2019,0.3333333333333333,8,4
W2527613882,2016,-1.0,0,12
W2030939582,2012,-1.0,0,3
W2896746444,2018,-0.42857142857142855,6,15
W2933562539,2019,-1.0,0,25
W2984269267,2019,-0.5,6,18
W2412404627,2016,-0.375,5,11
W2574670802,2017,-0.36363636363636365,7,15
W2963557772,2019,-0.7272727272727273,3,19
W2809830545,2018,-0.5,4,12
W1967053063,2012,-0.6666666666666666,3,15
W2465595546,2015,-0.6923076923076923,2,11
W2890423208,2018,-0.6470588235294118,3,14
W2999443412,2019,-1.0,0,18
W3035091329,2020,-0.7,3,17
W2765323189,2017,-0.38461538461538464,4,9
W2767118192,2017,-0.4,3,7
W2921507601,2019,-0.3333333333333333,6,12
W2979301925,2019,-0.6842105263157895,3,16
W2981018152,2019,-0.3684210526315789,6,13
W3007470918,2020,-0.2631578947368421,7,12
W2044657536,2014,-0.7777777777777778,2,16
W2020398551,2012,0.1111111111111111,5,4
W2885779118,2018,-0.5714285714285714,3,11
W3037466839,2020,-0.125,7,9
W2962605086,2019,-0.625,3,13
W1486962196,2015,-0.5,3,9
W2169148264,2012,-0.5,3,9
W2196975585,2015,-0.8333333333333334,1,11
W2586624428,2017,-0.8461538461538461,1,12
W2010267071,2015,-0.5,3,9
W2896446917,2018,-0.45454545454545453,3,8
W3088826108,2020,-0.8461538461538461,1,12
W2080038901,2015,-0.8333333333333334,1,11
W2901407647,2018,0.4,7,3
W2903520223,2019,-0.8461538461538461,1,12
W2015467559,2012,0.25,5,3
W2052001071,2013,-0.8181818181818182,1,10
W2206032734,2015,-1.0,0,12
W2551561335,2016,0.3333333333333333,6,3
W2906648734,2018,0.0,3,3
W2009732942,2015,-0.7777777777777778,1,8
W2039093397,2015,-1.0,0,9
W2804436603,2018,-1.0,0,10
W2885901248,2018,-0.6,2,8
W2002624135,2015,-0.6666666666666666,1,5
W2016764349,2012,-1.0,0,8
W2962694323,2017,-1.0,0,8
W2125030355,2013,-0.7777777777777778,1,8
W2499650009,2016,-0.7777777777777778,1,8
W2777872457,2017,-0.14285714285714285,3,4
W2568786165,2017,-0.75,1,7
W4280598464,2022,-1.0,0,8
W1963028609,2015,-0.42857142857142855,2,5
W4297826641,2022,-0.14285714285714285,3,4
W4304080189,2022,-0.14285714285714285,3,4
W4309896456,2022,1.0,3,0
W4308908947,2022,-1.0,0,7
W4366777740,2022,-1.0,0,2
W2345947583,2017,0.07692307692307693,7,6
W2010007060,2014,-0.7142857142857143,1,6
W2888503380,2018,-0.42857142857142855,4,10
W2809100664,2018,-0.09090909090909091,5,6
W2014938663,2014,-0.2727272727272727,4,7
W2975210743,2019,-0.2,4,6
W3093455776,2020,-0.6363636363636364,2,9
W3207628370,2021,-1.0,0,11
W2776110275,2017,-1.0,0,8
W2756080734,2017,-1.0,0,5
W2806301992,2018,-0.7777777777777778,1,8
W2791866340,2018,-0.25,3,5
W2942426753,2019,-0.7777777777777778,1,8
W2014342801,2015,0.14285714285714285,4,3
W3105755799,2020,-0.75,1,7
W3125099390,2021,0.1111111111111111,5,4
W2883394548,2018,-0.42857142857142855,2,5
W2748888824,2017,1.0,7,0
W2052942173,2013,-1.0,0,5
W2912607070,2019,0.42857142857142855,5,2
W2118704209,2014,0.3333333333333333,4,2
W4224988863,2022,-1.0,0,6
W2023013932,2013,-0.6,1,4
W2739205876,2017,-0.2,2,3
W2058948131,2013,-0.42857142857142855,2,5
W392294934,2015,-0.5,2,6
W2066963883,2014,-0.75,1,7
W2296511073,2015,-0.6666666666666666,1,5
W2394928670,2015,-0.2,2,3
W2974986023,2019,-0.6666666666666666,1,5
W2118137713,2013,-1.0,0,6
W2524602906,2016,-0.5,1,3
W2982232204,2019,-0.2,2,3
W2912500592,2019,-0.2,2,3
W2998319917,2019,-0.5,1,3
W4231973573,2013,1.0,3,0
W231255639,2015,0.0,2,2
W2786795389,2018,-0.3333333333333333,1,2
W2045726098,2013,0.0,2,2
W2171714788,2013,-1.0,0,4
W2275251191,2013,-1.0,0,3
W2268190611,2015,-0.5,1,3
W2553981588,2016,-0.5,1,3
W2783763884,2018,-1.0,0,4
W2793711666,2018,-0.5,1,3
W2811226967,2018,1.0,4,0
W1971355328,2012,,0,0
W2969104607,2019,0.0,2,2
W2993306505,2019,-1.0,0,4
W2006586980,2014,-1.0,0,2
W4310811752,2022,1.0,2,0
W2092981842,2014,-1.0,0,2
W2772810371,2017,-0.2,2,3
W2998031797,2019,-1.0,0,5
W2970609734,2019,1.0,4,0
W3204163701,2021,-1.0,0,2
W4309269533,2022,-1.0,0,2
W2514331125,2016,-0.3333333333333333,1,2
W2134689560,2012,0.3333333333333333,2,1
W2349115677,2014,1.0,1,0
W2555186239,2016,-0.3333333333333333,1,2
W2511644378,2016,0.3333333333333333,2,1
W265159600,2014,-1.0,0,3
W2741640202,2017,-1.0,0,3
W2912006835,2017,1.0,2,0
W1527689636,2015,0.0,1,1
W2022028236,2014,-1.0,0,2
W2096037172,2012,1.0,1,0
W2144921915,2013,-1.0,0,2
W2399928914,2015,-1.0,0,1
W2562494353,2016,-1.0,0,2
W2923240461,2018,-1.0,0,2
W1967382027,2012,1.0,1,0
W2030934941,2013,-1.0,0,1
W2071776913,2014,-1.0,0,1
W2140331783,2014,-1.0,0,1
W2521077073,2016,,0,0
W2170994895,2012,1.0,1,0
W2210310672,2015,1.0,1,0
W2892285203,2018,1.0,1,0
W2900806122,2018,-1.0,0,1
W3164465361,2021,1.0,1,0
W2907994623,2019,1.0,1,0
W2896380152,2018,-1.0,0,1
W4287308118,2022,1.0,1,0
W4310271224,2022,1.0,1,0
W4311989802,2022,1.0,1,0
W3110052566,2020,-1.0,0,1
W2656999302,2017,-0.48,13,37
W2783855081,2017,-1.0,0,50
W2760299260,2017,-1.0,0,31
W2950509861,2017,-0.8260869565217391,4,42
W3036370755,2020,-1.0,0,44
W2951093852,2016,-0.4444444444444444,10,26
W2974159143,2019,-0.9411764705882353,1,33
W3011767095,2020,-0.6551724137931034,5,24
W4290058858,2022,1.0,29,0
W2799181846,2018,1.0,24,0
W3015703757,2020,-0.7272727272727273,3,19
W2406130658,2014,0.4666666666666667,11,4
W3110718159,2020,-1.0,0,11
W4288104345,2019,1.0,22,0
W4308624236,2020,1.0,20,0
W2795486237,2018,0.1111111111111111,5,4
W3045054384,2020,-1.0,0,9
W2891723783,2018,-0.25,3,5
W2927871017,2019,-1.0,0,8
W3042624779,2020,-1.0,0,8
W2963259149,2016,1.0,7,0
W3014113886,2020,-0.7142857142857143,1,6
W3098872093,2020,-1.0,0,7
W2927216998,2019,-1.0,0,6
W4223930281,2022,1.0,6,0
W4297801846,2020,1.0,6,0
W3113048412,2020,-0.6,1,4
W4287100985,2021,1.0,5,0
W2924479113,2019,-1.0,0,5
W2796473565,2018,-0.5,1,3
W2903383472,2018,-1.0,0,4
W4283831319,2022,1.0,4,0
W2755935915,2017,0.3333333333333333,2,1
W2757131217,2017,-1.0,0,3
W2940087192,2019,-1.0,0,3
W2981772734,2019,-1.0,0,3
W4281875361,2022,1.0,3,0
W3042135593,2020,-1.0,0,3
W4287897619,2020,1.0,3,0
W4289550812,2022,1.0,3,0
W2617447962,2017,-1.0,0,2
W2965547260,2019,-1.0,0,2
W3035164119,2020,1.0,2,0
W3204263223,2021,-1.0,0,2
W2967449018,2019,-1.0,0,2
W3217599442,2021,-1.0,0,2
W4309953921,2022,1.0,2,0
W2944642470,2019,-1.0,0,1
W2981674601,2019,-1.0,0,1
W3172680490,2021,-1.0,0,1
W3205024050,2021,-1.0,0,1
W4226159920,2021,1.0,1,0
W4236037075,2021,-1.0,0,1
W4236579140,2020,1.0,1,0
W147001025,2014,-0.64,9,41
W1528063097,2012,-0.76,6,44
W2121765205,2014,-0.6,10,40
W2336403884,2016,-0.92,2,48
W2953127211,2018,-0.88,3,47
W4286611322,2022,0.08,27,23
W3203887644,2021,-0.56,11,39
W3034672970,2020,1.0,50,0
W2460657278,2016,0.24,31,19
W4255779515,2017,-0.76,6,44
W4312685069,2022,-0.6,10,40
W2798512429,2018,-0.6,10,40
W2769389383,2017,-0.48,13,37
W1910817791,2015,-0.5833333333333334,5,19
W2970677506,2019,-0.12,22,28
W805710393,2015,-0.92,2,48
W2176353499,2016,-0.30612244897959184,17,32
W4312388311,2022,-0.6,10,40
W2520377600,2016,-0.48,13,37
W1907587592,2015,-0.9024390243902439,2,39
W349800315,2014,-0.5428571428571428,8,27
W2043578134,2012,-0.6875,5,27
W1533024232,2013,-0.5789473684210527,4,15
W2083598512,2014,-0.21428571428571427,11,17
W2505419789,2016,1.0,19,0
W2055207930,2014,-0.6,4,16
W2907617375,2018,1.0,15,0
W7133208737,2022,1.0,2,0
W3033102790,2020,-0.7142857142857143,2,12
W2978091520,2019,-0.18181818181818182,9,13
W3042266831,2020,-0.3333333333333333,6,12
W2994415862,2019,-0.6666666666666666,2,10
W215625348,2014,-1.0,0,12
W2044221993,2013,0.45454545454545453,8,3
W3204482653,2021,0.0,1,1
W2740067283,2014,1.0,2,0
W2920224311,2018,1.0,5,0
W7133214046,2022,1.0,1,0
W2486454955,2016,-0.3333333333333333,3,6
W3210151215,2020,1.0,2,0
W2946233749,2019,-0.52,12,38
W2951949033,2015,-0.7777777777777778,2,16
W4307863552,2018,1.0,50,0
W2586114507,2017,0.2,30,20
W2937521543,2018,-0.8695652173913043,3,43
W2953379097,2015,-1.0,0,14
W3102186490,2020,-0.6842105263157895,3,16
W2884565639,2018,-0.52,12,38
W2997956725,2019,-0.8333333333333334,1,11
W4226059124,2022,1.0,10,0
W4226519649,2022,1.0,10,0
W24089286,2012,-0.04,24,26
W4225327565,2022,1.0,4,0
W2378181106,2016,-1.0,0,2
W2950960124,2015,-0.3333333333333333,2,4
W3037383028,2016,1.0,3,0
W3135948190,2021,-1.0,0,2
W4312091014,2022,1.0,2,0
W4225583196,2022,1.0,1,0
W4286906220,2021,1.0,1,0
W4394655591,2016,,0,0
W4310629219,2022,1.0,1,0
W4311248557,2022,1.0,1,0
W2153903464,2014,-0.7948717948717948,4,35
W2121788969,2014,-0.56,11,39
W2328089323,2012,-0.6470588235294118,6,28
W1970102618,2012,-1.0,0,9
W1981899801,2013,-0.7142857142857143,1,6
W2325117796,2014,-0.7777777777777778,2,16
W2617142132,2017,0.0,5,5
W2588638308,2017,,0,0
W2673783659,2017,-1.0,0,6
W2045011826,2015,-1.0,0,2
W2908855751,2019,0.5,3,1
W2986357018,2019,-0.92,2,48
W4295309660,2022,-1.0,0,4
W2963302737,2017,-0.8775510204081632,3,46
W3037740263,2020,-0.7894736842105263,4,34
W2966506715,2021,-0.8,1,9
W2982684251,2019,-0.7777777777777778,1,8
W3200216062,2021,-0.47619047619047616,11,31
W2746391148,2017,-1.0,0,5
W2991286286,2019,-0.7894736842105263,2,17
W3091999406,2019,-0.6666666666666666,1,5
W2047161559,2012,-0.72,7,43
W2553307952,2016,0.24,31,19
W2036163530,2011,-0.16,21,29
W2038765747,2011,-0.68,8,42
W2962771259,2019,-0.88,3,47
W3116959466,2020,-0.92,2,48
W2963333168,2017,-0.88,3,47
W1591870335,2015,-0.52,12,38
W2009172320,2015,-0.6,10,40
W3035624836,2020,-0.72,7,43
W2560722161,2017,-0.28,18,32
W2938428612,2019,-0.84,4,46
W2557269700,2017,-0.56,11,39
W2962759414,2019,-0.92,2,48
W2612843093,2017,-0.36,16,34
W2519379752,2016,-0.88,3,47
W2339077268,2016,-0.92,2,48
W2989341556,2019,-0.84,4,46
W2030347560,2013,-0.64,9,41
W3095974555,2020,-1.0,0,50
W2161960196,2011,-0.76,6,44
W1953319329,2015,-0.6,10,40
W3035272603,2020,-0.96,1,49
W3158545781,2021,-0.72,7,43
W1990345222,2012,-0.64,9,41
W3035131925,2020,-0.76,6,44
W2083163329,2015,-0.4,15,35
W2143133882,2013,-0.52,12,38
W2901893665,2019,-0.96,1,49
W2014667763,2015,-0.64,9,41
W4230371388,2013,-0.4,15,35
W2144012927,2014,-0.92,2,48
W3136891595,2011,-0.48,13,37
W2001158952,2013,-0.96,1,49
W2798271879,2018,-0.88,3,47
W4200579548,2021,0.32,33,17
W2029524207,2011,-1.0,0,50
W2023164354,2015,-0.44,14,36
W2769205412,2018,-0.92,2,48
W2164260102,2014,-0.96,1,49
W2118557299,2013,-0.76,6,44
W3178218920,2021,-0.72,7,43
W2964027736,2016,1.0,50,0
W3004739592,2011,-0.84,4,46
W2145429668,2014,-0.6,10,40
W3120441392,2021,-0.84,4,46
W2903179262,2019,-0.92,2,48
W1972087783,2014,0.0,25,25
W2939384298,2019,-0.92,2,48
W2042997238,2011,-0.68,8,42
W3044670941,2020,-0.76,6,44
W2902539442,2018,-0.76,6,44
W3151772196,2021,-0.92,2,48
W2124123435,2012,-0.8,5,45
W3175645231,2021,-0.84,4,46
W4232757299,2011,-0.68,8,42
W2015112703,2014,-0.4,15,35
W3097293074,2020,-0.76,6,44
W2379958909,2016,-0.6326530612244898,9,40
W2558697265,2016,-1.0,0,50
W2769022369,2017,-0.68,8,42
W2099791118,2013,-0.6,10,40
W2734656015,2017,-0.16,21,29
W2150177647,2013,-0.65,7,33
W3012056513,2020,-0.96,1,49
W2396992199,2013,0.5217391304347826,35,11
W2570901095,2012,-1.0,0,17
W2971272421,2019,-0.96,1,49
W2889171678,2018,-0.5135135135135135,9,28
W191701913,2014,-0.875,3,45
W4297598254,2017,-0.88,3,47
W1977257583,2012,-0.875,2,30
W2403500509,2011,-0.6571428571428571,6,29
W4233870500,2017,-0.9473684210526315,1,37
W2121244641,2018,-0.5,10,30
W2044475502,2014,-0.5319148936170213,11,36
W3109636218,2020,-0.72,7,43
W2560609797,2017,0.08,27,23
W2598765648,2017,-0.813953488372093,4,39
W3035396254,2020,-0.84,4,46
W2160478694,2012,0.3333333333333333,16,8
W2036865416,2011,-0.6097560975609756,8,33
W2981932175,2019,-0.7727272727272727,5,39
W78725893,2012,-0.6923076923076923,4,22
W2909314588,2019,-0.9090909090909091,2,42
W1999732737,2014,-0.8709677419354839,2,29
W158943247,2015,-0.4444444444444444,10,26
W2565426279,2016,-0.7777777777777778,2,16
W2885163231,2018,-0.8571428571428571,2,26
W2902330865,2019,-0.25,12,20
W1577616142,2011,-0.3548387096774194,10,21
W2550910056,2016,-0.23076923076923078,10,16
W2527587652,2017,-0.7857142857142857,3,25
W3034577798,2020,-0.8888888888888888,2,34
W3177426614,2021,-0.7714285714285715,4,31
W3034195670,2020,-0.9411764705882353,1,33
W2107750199,2013,-0.8666666666666667,1,14
W3109125268,2020,-0.8709677419354839,2,29
W3177826989,2021,-0.8666666666666667,2,28
W3101274772,2020,1.0,29,0
W3119140018,2021,-0.8461538461538461,2,24
W2798147813,2018,-0.9230769230769231,1,25
W2032283084,2013,0.7777777777777778,16,2
W2167817098,2011,-0.6470588235294118,3,14
W2581199236,2018,-0.75,3,21
W3003352491,2020,-0.8518518518518519,2,25
W3048438705,2020,-0.6153846153846154,5,21
W3185232697,2021,-0.8518518518518519,2,25
W2034794192,2014,-0.5294117647058824,4,13
W2778869053,2017,-0.3333333333333333,7,14
W1985027321,2013,-0.15789473684210525,8,11
W2775500183,2017,-1.0,0,17
W2087433650,2013,-0.7894736842105263,2,17
W2557438944,2016,-0.6363636363636364,2,9
W3048390572,2020,1.0,23,0
W4243006944,2012,1.0,3,0
W2970102931,2019,1.0,21,0
W3118099906,2020,-0.9047619047619048,1,20
W2116077655,2012,-1.0,0,13
W1972597445,2011,-1.0,0,12
W3214000333,2021,1.0,18,0
W3092823581,2021,1.0,13,0
W2999090131,2020,-1.0,0,12
W2806977358,2018,-1.0,0,10
W2157324658,2011,-0.38461538461538464,4,9
W2025044072,2011,-0.8888888888888888,1,17
W2167721079,2011,0.09090909090909091,6,5
W2134803627,2011,-0.6923076923076923,2,11
W2949233999,2017,-0.6842105263157895,3,16
W2977187675,2019,-0.8260869565217391,2,21
W2155488148,2013,-1.0,0,14
W2109584093,2013,-0.8823529411764706,1,16
W1987015349,2013,-0.09090909090909091,5,6
W2142660277,2013,-0.07692307692307693,6,7
W3107320589,2020,-1.0,0,18
W3009521361,2019,-1.0,0,19
W2008058052,2015,0.2727272727272727,7,4
W4249805707,2011,1.0,7,0
W2965418143,2019,-0.4117647058823529,5,12
W2948325429,2018,-1.0,0,15
W2991052179,2019,-0.6923076923076923,2,11
W2902299910,2020,-0.5555555555555556,2,7
W3001528490,2020,0.0,5,5
W2167142780,2011,-0.25,3,5
W2509002435,2011,1.0,8,0
W2984141054,2019,-1.0,0,7
W3109621557,2021,-0.7777777777777778,1,8
W2905904780,2018,-0.14285714285714285,3,4
W3124944919,2021,-0.3333333333333333,3,6
W2040252560,2014,-0.3333333333333333,3,6
W2027580134,2011,-1.0,0,8
W3104700327,2020,1.0,9,0
W2963869311,2014,-0.6666666666666666,1,5
W2172191795,2011,0.0,1,1
W2145009223,2015,0.0,1,1
W2999543289,2020,-0.7142857142857143,1,6
W3110520755,2020,-0.42857142857142855,2,5
W2945989849,2019,-0.6,1,4
W1501877391,2014,-1.0,0,5
W3014505631,2020,-1.0,0,4
W3161438449,2021,-1.0,0,6
W2520373676,2016,-0.3333333333333333,1,2
W2152599710,2011,-0.4,3,7
W1893977607,2015,-0.6,1,4
W2505674963,2016,-1.0,0,7
W2805280437,2017,-0.6666666666666666,1,5
W2550869469,2016,-1.0,0,6
W2908729273,2019,-1.0,0,6
W4229523076,2012,1.0,3,0
W2332248528,2011,-1.0,0,3
W2889175244,2018,-0.6,1,4
W2969890072,2019,-1.0,0,5
W3125324548,2021,-1.0,0,5
W3122227225,2021,-1.0,0,4
W4289237825,2018,1.0,3,0
W2171655778,2012,0.0,1,1
W4319657293,2017,-0.3333333333333333,1,2
W2960275066,2019,0.0,1,1
W2140472704,2011,0.0,2,2
W3130539327,2021,-1.0,0,4
W2944663535,2019,-0.5,1,3
W4244446843,2019,1.0,3,0
W2144687049,2014,,0,0
W4298435914,2017,-0.3333333333333333,1,2
W2182821868,2011,0.0,1,1
W2967114157,2019,-1.0,0,2
W108159454,2011,-1.0,0,1
W2101459783,2012,1.0,1,0
W2106001776,2011,1.0,1,0
W2128742307,2012,1.0,1,0
W2185970381,2011,-1.0,0,1
W2399218675,2011,-1.0,0,1
W2792341942,2017,,0,0
W2797079702,2018,1.0,1,0
W2960938958,2018,-1.0,0,1
W3014484060,2020,-1.0,0,1
W3203291105,2021,1.0,1,0
W2996986472,2021,-1.0,0,1
W4297836999,2016,1.0,23,0
W4394671432,2015,1.0,50,0
W650350307,2015,-0.32,17,33
W2394951287,2016,-0.92,2,48
W3125893632,2017,0.08,27,23
W2950025457,2015,-0.44,14,36
W2624503621,2017,-0.4,15,35
W2784996692,2017,1.0,50,0
W3045125647,2020,-0.96,1,49
W2129740354,2015,0.02127659574468085,24,23
W1866515447,2014,-0.96,1,49
W2787562104,2018,0.72,43,7
W2953025981,2015,0.24,31,19
W2950642167,2016,0.04,26,24
W2964674700,2019,-0.84,4,46
W2950757084,2016,-0.48,13,37
W2765731028,2017,-0.7021276595744681,7,40
W2947875106,2019,-0.5111111111111111,11,34
W3035625567,2020,-0.6086956521739131,9,37
W4226450305,2021,1.0,46,0
W2904851770,2018,0.35714285714285715,19,9
W2559902616,2016,-0.6571428571428571,6,29
W2910128236,2019,-0.3142857142857143,12,23
W3047080960,2020,-0.7222222222222222,5,31
W3092447222,2020,-0.9375,1,31
W3028567936,2020,-0.14285714285714285,12,16
W3167804518,2021,-0.76,3,22
W3173701235,2021,-0.92,1,24
W2919233342,2018,-0.5555555555555556,4,14
W2805938119,2018,-0.7894736842105263,2,17
W3012486023,2020,0.5454545454545454,17,5
W3185289325,2021,-0.9,1,19
W2144371767,2014,-0.4666666666666667,4,11
W2953071894,2014,1.0,12,0
W2311954821,2016,-0.7333333333333333,2,13
W2969241704,2019,-1.0,0,17
W4300169676,2018,1.0,13,0
W2955509613,2019,-0.5714285714285714,3,11
W3035410158,2020,-0.42857142857142855,4,10
W3035619430,2020,-1.0,0,14
W3177465589,2021,-0.5384615384615384,3,10
W3002991208,2020,-1.0,0,11
W3209034579,2021,-0.8181818181818182,1,10
W2949896890,2016,1.0,10,0
W2996854512,2019,-1.0,0,10
W3112131185,2020,-0.4,3,7
W2742935102,2017,-1.0,0,5
W2922593726,2019,-1.0,0,9
W3011163348,2020,-1.0,0,9
W3016909562,2019,-1.0,0,9
W2134557757,2013,-0.6666666666666666,1,5
W2950073423,2016,1.0,7,0
W2998044783,2019,-1.0,0,7
W3011902904,2020,-1.0,0,7
W3163923210,2021,-1.0,0,7
W2803879420,2018,-0.6666666666666666,1,5
W3005507986,2020,-1.0,0,6
W3202579984,2021,1.0,6,0
W4306353523,2020,1.0,6,0
W2927203273,2019,-0.5,1,3
W3043204360,2020,-1.0,0,5
W2963121255,2017,1.0,50,0
W2949694338,2018,-1.0,0,4
W2949962410,2011,-1.0,0,4
W2950411535,2018,0.0,2,2
W3123196594,2021,-0.5,1,3
W3082864805,2020,-1.0,0,4
W3212390888,2021,1.0,4,0
W4200630416,2021,1.0,4,0
W4226503666,2021,1.0,4,0
W2888095055,2018,-1.0,0,3
W2907414011,2019,-1.0,0,3
W2912746757,2019,-1.0,0,3
W3027645242,2020,-1.0,0,3
W3204836052,2021,1.0,3,0
W2807136540,2018,-1.0,0,2
W2951833197,2013,-1.0,0,1
W2989871076,2019,-1.0,0,2
W3012819388,2020,-1.0,0,2
W3113156958,2020,-1.0,0,2
W3204410382,2021,1.0,2,0
W3216920745,2021,1.0,2,0
W4200634959,2021,1.0,2,0
W4225899833,2021,1.0,2,0
W2941867405,2019,-1.0,0,1
W2951347666,2016,-1.0,0,1
W2951813679,2015,-1.0,0,1
W2953307059,2011,-1.0,0,1
W3000600240,2020,-1.0,0,1
W3015345165,2020,-1.0,0,1
W3096718444,2019,1.0,1,0
W3073102077,2020,1.0,1,0
W3152418164,2021,-1.0,0,1
W3208919930,2021,-1.0,0,1
W4226267337,2021,1.0,1,0
W4320813782,2020,1.0,1,0
W2144794286,2011,-0.44,14,36
W1507506748,2014,-0.84,4,46
W1735317348,2015,-0.6,10,40
W2618799552,2018,-0.84,4,46
W2183182206,2015,-0.64,9,41
W1565402342,2014,-0.72,7,43
W1991367009,2014,-0.8,5,45
W1948751323,2015,-0.72,7,43
W2963995996,2018,-0.72,7,43
W2027560260,2014,-0.6,10,40
W2067912884,2013,-0.68,8,42
W2076756823,2014,-0.56,11,39
W2348664362,2016,-0.6,10,40
W753847829,2016,-0.92,2,48
W2168804568,2016,-0.76,6,44
W2975420824,2019,-0.92,2,48
W2963850211,2018,-0.8,5,45
W2149694199,2013,-0.84,4,46
W2593841437,2017,-0.96,1,49
W1520997877,2015,-0.44,14,36
W2990503944,2019,-0.88,3,47
W1960289438,2015,-0.8,5,45
W2160921898,2014,-0.64,9,41
W1949483711,2015,-0.52,12,38
W3175254947,2021,1.0,50,0
W2128560777,2011,-0.68,8,42
W2804941773,2018,-0.52,12,38
W2606840594,2017,-0.88,3,47
W2169852119,2011,-1.0,0,50
W1893912098,2015,-0.68,8,42
W2115150266,2012,-0.44,14,36
W82130502,2012,-0.72,7,43
W2964112890,2016,-0.24,19,31
W1969366022,2014,-0.68,8,42
W2981941315,2019,-0.04,24,26
W2117751343,2013,-0.68,8,42
W2134778014,2012,-0.28,18,32
W2963966978,2017,1.0,50,0
W1949568868,2015,-0.72,7,43
W4214593147,2021,-0.88,3,47
W2951660448,2019,-0.84,4,46
W2894766094,2018,-0.76,6,44
W3109597949,2020,-0.68,8,42
W2929928372,2019,-0.88,3,47
W1907877624,2015,-0.52,12,38
W2149233602,2012,-0.56,11,39
W1578066333,2015,-0.96,1,49
W1511909101,2012,-0.68,8,42
W2963971305,2016,-0.68,8,42
W2344939607,2016,-0.84,4,46
W2012960460,2011,-0.44,14,36
W1924457599,2015,-0.76,6,44
W2981793666,2019,-0.8,5,45
W1537698211,2016,-0.76,6,44
W3095890822,2020,-0.96,1,49
W2055349880,2011,-0.92,2,48
W2418346537,2016,-0.56,11,39
W2034566398,2011,-0.72,7,43
W2890546378,2018,0.08,27,23
W2963143598,2016,-0.2,20,30
W2346725554,2015,-0.88,3,47
W2780253814,2017,-0.64,9,41
W2984854289,2019,-0.8,5,45
W2337243791,2016,-0.72,7,43
W2786487443,2018,0.16,29,21
W2035683503,2011,-0.6875,5,27
W2151175804,2014,-0.9,2,38
W25437484,2012,-0.8,5,45
W3015034789,2020,-0.9069767441860465,2,41
W2418353659,2016,-0.5102040816326531,12,37
W2772518193,2018,-0.6216216216216216,7,30
W2106248527,2013,-0.6153846153846154,5,21
W1517436550,2012,-0.6363636363636364,6,27
W2592285981,2017,-0.7391304347826086,6,40
W2209196558,2015,-0.16666666666666666,10,14
W3107669106,2020,-0.8095238095238095,4,38
W3206471682,2021,-0.5238095238095238,10,32
W1181295934,2015,-0.9375,1,31
W2784125538,2018,-0.6571428571428571,6,29
W2569333882,2015,0.0,11,11
W3108490973,2020,-0.9459459459459459,1,36
W2288223183,2015,-0.8,2,18
W2963632334,2019,-0.8181818181818182,3,30
W1575599996,2015,-0.8260869565217391,2,21
W2165631998,2011,-1.0,0,15
W3118640283,2021,-0.6,5,20
W1933418352,2015,-0.9166666666666666,1,23
W3045257289,2020,-0.7894736842105263,2,17
W2947185073,2019,0.0,5,5
W2609026071,2017,-0.75,2,14
W2618533983,2017,0.9047619047619048,20,1
W2193880637,2015,-0.38461538461538464,4,9
W2948627769,2019,-0.7647058823529411,2,15
W3032230032,2020,-0.3684210526315789,6,13
W2055322511,2013,-1.0,0,1
W3016047885,2021,-0.6363636363636364,2,9
W2912060715,2019,-0.7333333333333333,2,13
W1973325034,2013,-0.2,4,6
W2772198268,2017,1.0,11,0
W3030605021,2019,1.0,7,0
W3202698164,2021,-1.0,0,10
W3113327026,2021,-1.0,0,5
W2055551517,2013,-0.3333333333333333,2,4
W2963983198,2017,-0.6666666666666666,1,5
W2775771349,2018,-1.0,0,8
W75007468,2011,-0.6666666666666666,1,5
W2967085918,2019,-0.6666666666666666,1,5
W2097311659,2014,-0.6,1,4
W2905596863,2019,-1.0,0,5
W2971051225,2019,1.0,5,0
W1966977336,2015,-0.14285714285714285,3,4
W1998582265,2012,,0,0
W1531350194,2011,0.0,2,2
W2144639425,2014,-1.0,0,4
W2332023549,2011,0.3333333333333333,2,1
W1552760661,2015,1.0,2,0
W2915025820,2018,1.0,3,0
W2102605133,2014,-0.64,9,41
W2137545869,2011,,0,0
W2406439375,2016,-1.0,0,2
W2809502869,2018,1.0,1,0
W2045021892,2011,1.0,1,0
W2928324818,2018,1.0,1,0
W1551928752,2015,0.88,47,3
W2951638509,2013,-0.4,15,35
W2950612966,2014,-0.64,9,41
W2748099314,2017,-0.76,6,44
W2572745118,2016,-0.92,2,48
W2409744450,2016,0.4,35,15
W4301076899,2013,1.0,3,0
W3002552512,2020,-0.8,5,45
W2951590555,2015,0.72,43,7
W2904419413,2018,-0.84,4,46
W2473208550,2016,-0.64,9,41
W2271155703,2015,-0.32,17,33
W3097484130,2020,-0.4,15,35
W3029192705,2019,1.0,50,0
W2593649546,2017,-0.48,13,37
W144689751,2014,-0.32,17,33
W2951188428,2015,-0.52,12,38
W2949511860,2014,-0.36,16,34
W2777629900,2017,-0.8,5,45
W2891331468,2018,-0.44,14,36
W2778680124,2017,1.0,50,0
W2949883907,2014,-0.5416666666666666,11,37
W2902142571,2018,-0.6923076923076923,6,33
W3156109214,2021,-0.96,1,49
W4289422208,2018,1.0,38,0
W2919109858,2019,-0.6216216216216216,7,30
W3209211683,2021,1.0,41,0
W2890818510,2018,1.0,32,0
W2950568924,2015,-0.9333333333333333,1,29
W3089746993,2020,-0.7419354838709677,4,27
W1770712749,2015,-0.35714285714285715,9,19
W2952281406,2017,-0.8620689655172413,2,27
W4226209339,2021,1.0,29,0
W2790664405,2018,-0.8333333333333334,2,22
W2951900634,2014,-0.7692307692307693,3,23
W2950181906,2016,-0.6923076923076923,4,22
W3175074116,2021,-0.68,4,21
W3034351824,2020,1.0,24,0
W2951874610,2015,-0.9047619047619048,1,20
W3215758366,2021,-0.9130434782608695,1,22
W2928684767,2019,-0.6,4,16
W2953040121,2014,-0.7777777777777778,2,16
W2174643736,2015,-1.0,0,16
W2253218192,2015,-0.8888888888888888,1,17
W4226164701,2021,1.0,19,0
W2949827582,2017,1.0,16,0
W3131075173,2020,-0.7777777777777778,2,16
W2951419397,2018,-0.6,3,12
W3178351738,2021,-0.5,4,12
W2902792858,2018,-0.6923076923076923,2,11
W2951289157,2016,-0.5384615384615384,3,10
W2592367810,2017,-0.16666666666666666,5,7
W2807225219,2018,-0.5,2,6
W3110816006,2020,-1.0,0,11
W2952083049,2015,-0.5,2,6
W2902332994,2018,-0.7777777777777778,1,8
W2980451270,2019,-0.8,1,9
W4299952508,2014,1.0,7,0
W3211613698,2021,1.0,10,0
W2950366791,2018,-0.7777777777777778,1,8
W3041528151,2020,-1.0,0,8
W2902372913,2018,-0.6666666666666666,1,5
W2906685478,2019,-1.0,0,7
W2951734524,2014,0.6666666666666666,5,1
W4286905006,2021,1.0,7,0
W2952439244,2015,-0.6666666666666666,1,5
W3045673808,2020,-0.6666666666666666,1,5
W3128660939,2021,1.0,6,0
W2183040431,2015,0.2,3,2
W3209193306,2021,-0.6666666666666666,1,5
W2952240625,2014,1.0,5,0
W4300632829,2014,,0,0
W2950249112,2014,0.0,2,2
W2400131829,2015,,0,0
W2952771913,2014,-1.0,0,4
W2895655446,2018,-1.0,0,3
W3047336584,2020,-1.0,0,4
W3015281547,2020,-1.0,0,3
W2276371065,2015,-1.0,0,2
W2913259183,2019,-1.0,0,2
W3184006511,2021,-1.0,0,2
W4301169051,2017,1.0,1,0
W2952673714,2014,-1.0,0,1
W3214341466,2021,-1.0,0,1
W4200633287,2021,1.0,1,0
W4287817646,2020,1.0,1,0
W2605041732,2017,-0.7368421052631579,5,33
W1602309302,2015,-0.8888888888888888,1,17
W2914039150,2011,-1.0,0,15
W2902878758,2018,-1.0,0,7
W3023528124,2012,1.0,3,0
W2149618674,2012,-1.0,0,3
W2572661487,2017,-1.0,0,3
W2315867495,2016,-1.0,0,2
W2950208983,2020,-1.0,0,1
W2964105866,2019,1.0,1,0
W3158310650,2021,-1.0,0,1
W2946703759,2019,-1.0,0,1
W3036540095,2020,-1.0,0,4
W4287756450,2020,1.0,4,0
W3036465104,2020,-1.0,0,1
W4297662584,2016,1.0,2,0
W1645899604,2012,1.0,1,0
W3042741083,2020,-1.0,0,1
W4287201333,2021,-1.0,0,1
W2405388088,2013,-1.0,0,3
W1491127810,2011,-0.5384615384615384,6,20
W2170827767,2012,-0.7777777777777778,1,8
W1972934214,2011,-1.0,0,9
W1992067909,2011,-0.6666666666666666,2,10
W1968556476,2013,-1.0,0,3
W2284257175,2011,1.0,3,0
W2400850878,2012,,0,0
W3083293997,2020,-1.0,0,2
W4241868777,2011,0.0,1,1
W2273973925,2015,-1.0,0,2
W1822577615,2011,-1.0,0,2
W3083519662,2020,-1.0,0,1
W2999135213,2019,-0.52,12,38
W3104260925,2020,-0.6363636363636364,2,9
W2606589758,2017,-0.7435897435897436,5,34
W3086791196,2020,-0.05,19,21
W2960347246,2019,-0.0967741935483871,14,17
W3120235480,2021,-0.5238095238095238,5,16
W3156862845,2021,-1.0,0,22
W2889480272,2018,-1.0,0,25
W3194657474,2021,0.6,4,1
W3000250989,2019,-0.75,2,14
W2968966662,2019,-0.8333333333333334,1,11
W2605905493,2017,0.0,6,6
W4248787396,2018,,0,0
W4300873991,2014,,0,0
W3191593146,2021,-0.5,1,3
W3092298359,2020,-0.5,1,3
W2966311618,2019,-1.0,0,1
W3210039146,2020,1.0,3,0
W3042776736,2020,1.0,2,0
W4287102084,2021,1.0,8,0
W3177035991,2021,-1.0,0,1
W3179396747,2021,-1.0,0,1
W2963047853,2018,-0.84,4,46
W2964177714,2018,-0.9487179487179487,1,38
W2962722502,2019,-0.2727272727272727,12,21
W3090475639,2020,-0.7575757575757576,4,29
W2740486794,2017,-0.7272727272727273,3,19
W2625110401,2017,-0.16666666666666666,10,14
W2488210329,2016,-0.75,3,21
W2497873071,2016,-0.875,1,15
W2987585208,2019,-0.8260869565217391,2,21
W2293846283,2012,0.4666666666666667,11,4
W3011097921,2020,-0.07692307692307693,6,7
W2557099632,2016,0.3333333333333333,4,2
W3091612879,2020,0.3333333333333333,6,3
W3097942119,2020,-0.14285714285714285,3,4
W2913716762,2018,-1.0,0,4
W3106953047,2020,-1.0,0,7
W2993912591,2019,-1.0,0,2
W2761539465,2017,-0.5,1,3
W2330170423,2014,-1.0,0,1
W2806582033,2018,-0.7777777777777778,1,8
W2846695156,2018,1.0,3,0
W2983296895,2019,-1.0,0,3
W2968740912,2019,-1.0,0,2
W2942269608,2019,-1.0,0,1
W2099858487,2012,-1.0,0,15
W2133046607,2012,-0.9090909090909091,1,21
W3091592993,2020,-1.0,0,31
W3162465489,2021,-0.7692307692307693,3,23
W3125328301,2021,-1.0,0,17
W3141667617,2012,-0.8181818181818182,1,10
W2915313724,2019,-0.14285714285714285,9,12
W2884670025,2018,-1.0,0,13
W2295692699,2011,-0.25,3,5
W2032330383,2013,-0.09090909090909091,5,6
W2617861423,2017,-0.5,3,9
W2968282090,2019,-0.4666666666666667,4,11
W2953528188,2019,-1.0,0,14
W2731080479,2017,-1.0,0,12
W2062749801,2013,0.0,1,1
W3162427238,2021,-0.5555555555555556,2,7
W2809660809,2018,1.0,5,0
W3129998908,2021,-1.0,0,2
W3209227209,2019,1.0,1,0
W4393568748,2018,1.0,1,0
W4394051242,2018,1.0,2,0
W4394057438,2020,1.0,1,0
W2121330359,2013,-0.48,13,37
W2934720435,2019,-1.0,0,39
W2157479538,2012,-1.0,0,50
W1972304371,2012,-0.4,9,21
W2604695547,2017,-0.6875,5,27
W2021595237,2015,-0.8620689655172413,2,27
W2565481669,2016,-0.7333333333333333,4,26
W4246684434,2016,-0.36363636363636365,7,15
W2007537982,2013,-0.9230769230769231,1,25
W2046862377,2012,-0.5555555555555556,4,14
W2968152713,2019,-0.4,9,21
W2314450363,2016,-0.9230769230769231,1,25
W3207716988,2021,-1.0,0,25
W3205042639,2021,-0.7647058823529411,2,15
W4241885541,2018,1.0,1,0
W2565180819,2016,-1.0,0,19
W4254699165,2016,-1.0,0,8
W2120261600,2011,-1.0,0,16
W2563678330,2016,-0.8461538461538461,1,12
W2791028228,2018,-0.6363636363636364,2,9
W4229822017,2015,-0.6666666666666666,1,5
W2903681992,2018,-0.42857142857142855,2,5
W2903535663,2018,-1.0,0,6
W2007307588,2013,0.3333333333333333,4,2
W4212943096,2018,-0.6,1,4
W4240347746,2017,-0.3333333333333333,1,2
W4254595891,2017,0.0,2,2
W3014152079,2020,-0.3333333333333333,2,4
W4230486662,2012,1.0,1,0
W1969095256,2011,-0.6,1,4
W2090771684,2011,-0.5,1,3
W4254185666,2012,-1.0,0,2
W2009197192,2013,-1.0,0,3
W1988728785,2011,1.0,2,0
W2057990103,2013,1.0,2,0
W2076880619,2012,-1.0,0,2
W2613106896,2017,1.0,1,0
W4237089628,2016,-1.0,0,2
W4239027426,2016,-1.0,0,1
W2102295059,2013,1.0,1,0
W2299911868,2012,-1.0,0,1
W3027701805,2020,1.0,1,0
W4254409033,2016,-1.0,0,1
W2562937646,2012,,0,0
W765114312,2011,1.0,1,0
W2019732914,2011,1.0,2,0
W2003306512,2011,-1.0,0,1
W3184550865,2021,0.44,36,14
W2016446920,2013,-0.19148936170212766,19,28
W2052608184,2013,-0.8518518518518519,2,25
W2165584767,2011,0.2857142857142857,18,10
W2050557482,2015,-0.18181818181818182,9,13
W2987962448,2019,0.7142857142857143,12,2
W2997237488,2019,-0.6666666666666666,2,10
W2592719707,2016,1.0,4,0
W3011872518,2020,1.0,11,0
W2553726730,2016,0.5,3,1
W2972486531,2019,0.0,2,2
W4256287634,2020,1.0,2,0
W3197105558,2021,-1.0,0,2
W2164709220,2011,1.0,2,0
W2319275056,2012,1.0,2,0
W2333913159,2011,1.0,1,0
W2418567319,2015,0.0,1,1
W2944705148,2019,1.0,2,0
W2104737605,2012,1.0,1,0
W2797616993,2017,,0,0
W2563534971,2016,-1.0,0,1
W2945151029,2018,-1.0,0,1
W2972480448,2019,1.0,1,0
W2527255948,2016,-1.0,0,3
W3203065083,2021,-1.0,0,4
W3133010148,2021,1.0,3,0
W3152840706,2019,-1.0,0,1
W3202430110,2021,-1.0,0,1
W78356000,2011,-0.6,10,40
W2295125894,2011,-0.6,10,40
W3217417806,2021,-0.28,18,32
W2461230718,2016,-0.12,22,28
W2185528074,2011,-0.627906976744186,8,35
W2567589593,2016,-0.6111111111111112,7,29
W2995793065,2020,-0.76,6,44
W2951572348,2017,-0.6666666666666666,8,40
W2970631161,2019,1.0,49,0
W3114796327,2020,1.0,36,0
W2921699175,2018,,0,0
W1995294834,2014,-0.28,9,16
W3034555021,2020,-0.6666666666666666,6,30
W3190593074,2021,-0.18518518518518517,11,16
W2602667360,2017,-1.0,0,9
W2991497298,2019,-0.32,17,33
W3099011804,2020,-0.08,23,27
W3112486745,2020,-0.8,5,45
W2626801932,2017,-0.52,12,38
W2898998737,2018,1.0,50,0
W3035602609,2020,1.0,50,0
W2949780682,2017,-0.52,12,38
W4287552728,2020,1.0,50,0
W2597603852,2017,-0.12,22,28
W3021336872,2020,-0.52,12,38
W3166510965,2021,1.0,50,0
W3184352888,2021,-0.88,3,47
W2972745527,2019,-0.14285714285714285,12,16
W2947285452,2019,-0.625,9,39
W3169976301,2021,1.0,29,0
W3182475814,2021,-0.4666666666666667,8,22
W3034263090,2020,-0.28,9,16
W2970844204,2019,1.0,21,0
W3137913137,2021,0.0,6,6
W2345905958,2016,-0.75,1,7
W3041871339,2020,-0.8181818181818182,1,10
W2837018467,2018,-0.6666666666666666,1,5
W3023332645,2020,0.3333333333333333,2,1
W4200634382,2021,1.0,12,0
W3096452879,2020,-1.0,0,5
W4394187456,2016,1.0,1,0
W3195577433,2021,-0.36,16,34
W2783113218,2018,-0.6,10,40
W3099570996,2020,1.0,50,0
W2486441166,2016,-0.56,11,39
W3091857398,2020,-0.52,12,38
W2996501936,2020,-0.76,6,44
W2963431851,2017,1.0,50,0
W2159216827,2014,-0.92,2,48
W2516574342,2017,-0.8,5,45
W74184291,2012,-0.52,12,38
W2906186365,2019,1.0,50,0
W3104911444,2020,1.0,50,0
W3120806613,2021,-0.9230769230769231,1,25
W2757182288,2018,-0.9047619047619048,2,40
W2963564844,2017,-0.88,3,47
W2972304568,2019,1.0,33,0
W3034672496,2020,1.0,34,0
W3153868986,2021,-0.6666666666666666,5,25
W2909698149,2018,1.0,14,0
W3015087080,2020,-1.0,0,14
W3011475901,2020,-1.0,0,12
W2997357252,2019,1.0,8,0
W2963278572,2019,1.0,4,0
W2397707168,2012,-1.0,0,4
W3195782808,2021,1.0,5,0
W2903810922,2018,-0.5,1,3
W2230118797,2013,-1.0,0,2
W2989541234,2019,1.0,1,0
W3117992580,2020,1.0,1,0
W2517229335,2016,-0.84,4,46
W3040002795,2020,-0.44,14,36
W2810611310,2016,0.72,43,7
W2619479788,2017,1.0,50,0
W2923292931,2019,1.0,50,0
W3112689365,2020,-0.36,16,34
W4288020585,2019,1.0,50,0
W2943865428,2019,-0.44,14,36
W2946930197,2018,1.0,50,0
W2989700832,2019,-0.72,7,43
W2768899812,2017,-1.0,0,50
W3007305010,2020,-0.8,5,45
W2788502731,2018,-0.52,12,38
W2952730822,2019,-0.96,1,49
W2795725650,2017,-0.92,2,48
W3046102592,2020,-0.8,5,45
W3203534993,2021,-0.12,22,28
W2625220439,2017,-0.92,2,48
W2890954269,2018,0.04,26,24
W4287123151,2021,1.0,50,0
W3010489274,2019,-0.84,4,46
W4297779775,2017,1.0,24,0
W2965267010,2018,-0.7209302325581395,6,37
W4226079995,2021,1.0,30,0
W3006044868,2020,-0.3793103448275862,9,20
W4226137521,2021,1.0,30,0
W3169361860,2021,0.2727272727272727,14,8
W3100345364,2020,-0.4,6,14
W3172767235,2021,-0.9,1,19
W2923722540,2019,-1.0,0,19
W3001197829,2020,-0.6,10,40
W2982467521,2019,-0.6666666666666666,3,15
W3166049810,2021,-0.6842105263157895,3,16
W4287111693,2021,1.0,15,0
W2913866791,2019,-0.6666666666666666,3,15
W3157597523,2021,-0.5294117647058824,4,13
W4298162466,2019,1.0,15,0
W3157476704,2020,-0.8181818181818182,1,10
W2944922215,2019,-1.0,0,7
W4296557784,2021,1.0,11,0
W3088496930,2020,-0.7142857142857143,1,6
W4287077924,2021,1.0,7,0
W4287391919,2021,1.0,7,0
W2956252722,2019,-1.0,0,5
W3173360194,2021,-0.2,2,3
W3173952771,2021,-1.0,0,5
W2021124779,2012,0.12,28,22
W2123437505,2012,-0.8,5,45
W2107643854,2012,-0.36,16,34
W1489067988,2011,-0.44,14,36
W2408302068,2016,0.28,32,18
W1429241971,2015,-0.84,4,46
W2033811191,2012,-0.6,10,40
W2114275288,2011,-0.36,16,34
W2142145056,2011,-0.16,21,29
W1994588724,2011,-0.32,17,33
W1969338270,2015,-0.72,7,43
W3014003545,2020,1.0,50,0
W2099836087,2011,-0.92,2,48
W2025553284,2014,-0.64,9,41
W1969285102,2015,-0.84,4,46
W12003480,2013,-0.84,4,46
W2604764484,2017,-0.48,13,37
W2145158322,2014,-0.3170731707317073,14,27
W794140516,2015,-0.84,4,46
W12540587,2012,-0.56,11,39
W1427242644,2013,-0.16,21,29
W36948825,2014,-0.76,6,44
W2094245295,2012,-0.96,1,49
W2092459821,2014,-0.7575757575757576,4,29
W3208646583,2021,-0.5625,7,25
W577586861,2011,-0.8666666666666667,2,28
W1628063087,2013,0.4666666666666667,22,8
W2795757960,2018,-0.7083333333333334,7,41
W2752373508,2017,1.0,50,0
W1975067546,2013,0.44,18,7
W2037609866,2014,-0.46153846153846156,7,19
W34373257,2012,-0.7037037037037037,4,23
W2015997904,2015,-0.5172413793103449,7,22
W3113588330,2020,-0.7674418604651163,5,38
W2741480773,2017,-0.5135135135135135,9,28
W2792991556,2018,-0.2972972972972973,13,24
W2168552474,2013,-0.9,1,19
W2763622888,2017,-0.5833333333333334,5,19
W3210179800,2021,-0.35135135135135137,12,25
W2752894517,2016,0.10344827586206896,16,13
W2913507346,2018,1.0,27,0
W2124020982,2012,-0.1,9,11
W125279808,2011,-0.14285714285714285,9,12
W2952414653,2019,0.25,15,9
W2053055466,2011,-0.07692307692307693,6,7
W3164936723,2021,-0.5384615384615384,6,20
W3013293506,2020,0.6666666666666666,20,4
W2999829621,2019,0.5,9,3
W3210283826,2021,-0.4444444444444444,5,13
W2712394495,2017,-0.8666666666666667,1,14
W2925309005,2019,-0.25,6,10
W2571980098,2016,-0.7777777777777778,1,8
W4230402153,2021,1.0,14,0
W2150959861,2012,-0.7142857142857143,2,12
W2735084822,2017,-0.125,7,9
W2574241790,2012,1.0,14,0
W2919920568,2019,-0.5,4,12
W3049496247,2020,-0.05263157894736842,9,10
W2137223022,2011,-0.8333333333333334,1,11
W2400084013,2016,-0.7142857142857143,2,12
W1976011775,2013,-1.0,0,2
W2900131811,2015,-0.75,1,7
W2886462939,2018,-0.7142857142857143,2,12
W3216458743,2021,0.0,4,4
W2887762216,2018,-0.3333333333333333,2,4
W3097574040,2020,-0.6,1,4
W89859915,2014,-0.6363636363636364,2,9
W2895528176,2018,0.1111111111111111,5,4
W3021559611,2020,-0.8,1,9
W2913291899,2019,0.0,3,3
W2415488575,2016,,0,0
W3186546538,2021,0.7777777777777778,8,1
W2795122719,2018,0.2,3,2
W2729496540,2017,-1.0,0,3
W2888427897,2018,-0.5,1,3
W152717196,2012,,0,0
W2237168464,2011,-1.0,0,2
W2785898071,2018,0.25,5,3
W4302573859,2012,1.0,5,0
W113209261,2012,-1.0,0,6
W3195262965,2021,0.14285714285714285,4,3
W2027717104,2013,1.0,5,0
W125438262,2014,,0,0
W2103896948,2015,0.0,2,2
W2512032356,2016,-1.0,0,1
W2911470231,2011,1.0,5,0
W2990782654,2019,1.0,5,0
W1821475623,2013,-1.0,0,1
W2181510045,2014,-0.5,1,3
W1570771082,2012,1.0,2,0
W1486184776,2011,0.0,1,1
W3012380864,2020,-1.0,0,2
W1979455317,2012,-0.3333333333333333,1,2
W2783017937,2017,-1.0,0,4
W2997091081,2019,1.0,3,0
W3088342327,2020,-0.3333333333333333,1,2
W4236847120,2021,-1.0,0,2
W100520996,2011,0.0,1,1
W1510516687,2012,0.3333333333333333,2,1
W1548377710,2013,-1.0,0,4
W2407999163,2011,-1.0,0,2
W2536198208,2016,1.0,2,0
W2893256406,2018,-0.5,1,3
W4241138889,2019,1.0,1,0
W2794760483,2018,0.0,1,1
W2158938849,2011,1.0,1,0
W227729522,2012,-1.0,0,2
W2005938614,2011,,0,0
W2734469488,2016,1.0,1,0
W2946421520,2019,1.0,2,0
W2981579170,2017,-1.0,0,2
W2736777482,2013,,0,0
W4205673634,2021,-1.0,0,2
W2765324653,2017,1.0,1,0
W2766707660,2017,1.0,1,0
W2794514949,2018,-1.0,0,1
W4238328683,2015,,0,0
W3036855047,2013,1.0,1,0
W3044647182,2018,1.0,1,0
W3125272443,2020,1.0,1,0
W4239125266,2013,1.0,33,0
W2965547394,2019,1.0,41,0
W2952718464,2015,-0.7333333333333333,4,26
W3012575288,2020,-0.8620689655172413,2,27
W2952876202,2019,-0.7647058823529411,2,15
W4226381516,2021,1.0,13,0
W1535616531,2015,0.5,6,2
W3160387314,2021,-0.42857142857142855,2,5
W2952961700,2017,-0.6666666666666666,1,5
W3165146616,2021,-1.0,0,2
W3213779919,2020,0.0,1,1
W2501012547,2016,-1.0,0,1
W3105934003,2020,1.0,1,0
W4289891214,2017,,0,0
W3135909430,2021,1.0,1,0
W2100960835,2012,0.48,37,13
W1982723861,2015,-0.84,4,46
W1555759181,2015,-0.2,20,30
W2913525780,2016,-0.08,23,27
W3037833767,2020,1.0,50,0
W2888078780,2019,-0.88,3,47
W2963794891,2016,-0.16,21,29
W2964297418,2018,1.0,50,0
W2121372565,2011,-0.96,1,49
W2785873347,2018,-0.12,22,28
W2043969662,2013,-0.68,8,42
W2077641783,2014,-0.6521739130434783,8,38
W1982147025,2012,-0.96,1,49
W2991486856,2019,1.0,50,0
W2062817469,2015,-0.7872340425531915,5,42
W3206593531,2021,-0.2,20,30
W2975059128,2019,-0.4166666666666667,14,34
W2803683238,2018,-0.1111111111111111,12,15
W2136634395,2012,-0.9411764705882353,1,33
W1988355221,2013,-0.45454545454545453,3,8
W2026706978,2013,-0.047619047619047616,10,11
W2186645727,2015,-0.5333333333333333,7,23
W3082042211,2021,0.3157894736842105,25,13
W2963575866,2018,1.0,31,0
W2082967391,2013,1.0,7,0
W2996594819,2020,0.0,9,9
W2269133676,2011,-0.8333333333333334,1,11
W2884148825,2019,0.0,5,5
W2952022770,2012,-0.8461538461538461,1,12
W1994719275,2014,-0.8333333333333334,1,11
W2602562802,2017,-0.8823529411764706,1,16
W2397498371,2013,-0.6363636363636364,2,9
W2294809513,2012,0.3333333333333333,2,1
W2964253794,2013,1.0,8,0
W2566079294,2021,0.4,35,15
W2962955763,2019,1.0,7,0
W2963858139,2014,-0.5,1,3
W4287758800,2020,1.0,9,0
W2120118379,2012,-1.0,0,2
W2597158345,2015,,0,0
W2950152462,2011,-1.0,0,4
W1988351624,2013,-1.0,0,2
W2960849258,2020,-1.0,0,2
W2966415114,2019,1.0,2,0
W42102010,2016,-1.0,0,1
W3110670646,2020,1.0,1,0
W1811750039,2015,-0.12,22,28
W3117088788,2019,1.0,50,0
W2166581276,2013,-0.56,11,39
W1663583528,2015,-0.84,4,46
W2565538933,2016,1.0,50,0
W2950538796,2016,-0.2,20,30
W2624319794,2017,-0.44,14,36
W2891612330,2018,1.0,50,0
W2906125418,2018,-0.52,12,38
W2950220847,2016,-0.2,20,30
W3038628659,2019,-0.72,7,43
W2530395818,2016,-0.08,23,27
W2949135123,2011,0.3333333333333333,2,1
W3012023297,2018,-0.022222222222222223,22,23
W1798749056,2015,-0.022222222222222223,22,23
W2110451175,2014,-0.5510204081632653,11,38
W2521454744,2016,0.17647058823529413,20,14
W2951865872,2015,0.2727272727272727,21,12
W1670485642,2012,-0.7647058823529411,2,15
W2911279176,2019,-0.1724137931034483,12,17
W1712752320,2014,-0.46153846153846156,7,19
W2952550721,2014,-0.3333333333333333,7,14
W3035048992,2020,0.28,16,9
W3006079686,2019,-0.8,2,18
W2950541101,2014,-0.8461538461538461,1,12
W3034367601,2020,-0.7142857142857143,2,12
W2946813150,2019,1.0,13,0
W2951071162,2012,,0,0
W2624735416,2017,-0.2,2,3
W2949340671,2019,1.0,5,0
W3126403898,2021,0.2,3,2
W2981898854,2019,1.0,5,0
W3088484880,2020,-0.38461538461538464,4,9
W2946947608,2019,-1.0,0,4
W2914334103,2019,-1.0,0,2
W2952609857,2012,0.0,1,1
W3190248325,2021,0.3333333333333333,2,1
W2952199532,2018,0.0,1,1
W2952131701,2014,1.0,1,0
W3038129084,2015,-1.0,0,1
W3177049011,2021,-0.8,5,45
W3173727191,2021,-0.76,6,44
W2962895717,2017,1.0,50,0
W3033889389,2020,-0.64,9,41
W3167376819,2021,0.36,34,16
W2795283266,2018,-0.52,12,38
W2621430944,2018,-0.48,13,37
W2953316918,2019,-0.92,2,48
W2765742677,2017,-0.9148936170212766,2,45
W2523127458,2016,-0.6111111111111112,7,29
W2792952009,2018,0.14285714285714285,20,15
W2042269847,2011,-0.5,3,9
W2731197199,2017,-1.0,0,32
W3094252362,2020,-0.68,8,42
W2768517636,2018,-0.6296296296296297,5,22
W2338918436,2016,-0.25,9,15
W2536870052,2016,-0.9310344827586207,1,28
W2030503727,2014,-0.7647058823529411,2,15
W3100432815,2020,-0.4782608695652174,6,17
W3162444510,2021,-0.8260869565217391,2,21
W3106913944,2020,0.30434782608695654,15,8
W3171035942,2021,-0.75,3,21
W2890639568,2018,-1.0,0,11
W2963049621,2018,-0.7142857142857143,1,6
W2014821563,2014,-0.2727272727272727,4,7
W2396234346,2015,-0.8571428571428571,1,13
W1987846217,2015,-0.5384615384615384,3,10
W3175265131,2021,-0.75,1,7
W3082233550,2016,-0.42857142857142855,2,5
W3176015640,2021,-1.0,0,10
W2478745999,2016,-1.0,0,3
W2948806072,2019,1.0,6,0
W2574339726,2016,-0.5,1,3
W3183326577,2021,-1.0,0,4
W2123275937,2011,1.0,1,0
W3023482784,2020,-1.0,0,2
W3013472880,2019,1.0,3,0
W2010064571,2014,,0,0
W2081551609,2012,,0,0
W3116580471,2020,-0.3333333333333333,1,2
W2983739480,2019,-1.0,0,1
W3165487327,2015,-1.0,0,1
W2899212285,2017,1.0,18,0
W3092143352,2020,-1.0,0,16
W3091984855,2020,-0.5294117647058824,4,13
W2949143789,2019,-1.0,0,5
W3161138172,2021,-0.3333333333333333,3,6
W2951471155,2017,-0.3333333333333333,1,2
W2954348898,2017,-1.0,0,3
W2967355619,2019,-1.0,0,3
W3115049457,2020,1.0,3,0
W2974713270,2019,-0.3333333333333333,1,2
W2797047946,2018,-1.0,0,1
W2966932844,2019,-1.0,0,1
W3015913307,2020,-1.0,0,1
W3156549126,2021,-1.0,0,1
W3211236060,2020,1.0,1,0
W2058591750,2014,-0.6,10,40
W2133368849,2014,-0.76,6,44
W1982937949,2012,-0.5555555555555556,10,35
W2264282745,2015,-0.7692307692307693,3,23
W2789717644,2018,-0.25,15,25
W3113205478,2020,-0.6,10,40
W2407924934,2015,-0.7777777777777778,1,8
W2999760805,2019,-0.72,7,43
W2517332594,2016,-0.52,12,38
W2809192110,2018,-0.75,3,21
W4206588522,2012,-0.7837837837837838,4,33
W2593635859,2017,-0.84,4,46
W2594511738,2017,-0.43478260869565216,13,33
W2142686927,2011,-0.84,2,23
W2884843021,2018,-0.6,10,40
W2397052757,2016,-0.8620689655172413,2,27
W2895425194,2019,0.1891891891891892,22,15
W2979307736,2019,-0.7435897435897436,5,34
W2727861051,2017,-0.6,7,28
W2962706825,2018,-0.5675675675675675,8,29
W1685954758,2015,0.7647058823529411,15,2
W2739792742,2017,-0.2631578947368421,14,24
W2999907777,2019,-0.45454545454545453,9,24
W2962804757,2018,-0.2,10,15
W2734201468,2017,-0.5555555555555556,6,21
W2550062805,2016,-0.8095238095238095,2,19
W3130011944,2021,-0.6,7,28
W2964064379,2018,-0.14285714285714285,12,16
W3034718094,2020,-0.8181818181818182,3,30
W2549358468,2016,-0.6363636363636364,4,18
W2947988714,2019,-0.3103448275862069,10,19
W2994579778,2019,-0.25,9,15
W2801954939,2018,0.21428571428571427,17,11
W2262748147,2014,-0.6190476190476191,4,17
W2140614760,2011,-0.6666666666666666,3,15
W3205281171,2021,-0.8571428571428571,2,26
W2098284677,2012,0.0,9,9
W1988757176,2014,-0.4,3,7
W2611341353,2017,-0.6666666666666666,3,15
W3215770545,2021,0.0,7,7
W2312630705,2014,0.0,1,1
W2280357824,2016,-0.6,5,20
W2945216109,2018,-0.7647058823529411,2,15
W2769696322,2017,-1.0,0,17
W2042127757,2014,-0.6923076923076923,2,11
W2612695179,2017,-0.5714285714285714,3,11
W1994612842,2012,-1.0,0,7
W3008625403,2020,-0.8,1,9
W2907503934,2019,-0.4666666666666667,4,11
W2796339639,2018,-0.8,1,9
W2170036988,2012,-0.5,2,6
W2963196537,2012,-1.0,0,10
W2332853879,2011,-0.7142857142857143,1,6
W2346828650,2016,0.5555555555555556,7,2
W2038536406,2014,-1.0,0,3
W3052605848,2020,0.2727272727272727,7,4
W3162900075,2021,-0.6,1,4
W2060194746,2012,-0.6,1,4
W2994129238,2019,-0.3333333333333333,2,4
W2045897451,2014,-0.6,1,4
W1631330630,2017,0.0,1,1
W187927147,2014,0.5,3,1
W3189699805,2014,1.0,5,0
W2335101729,2011,0.3333333333333333,2,1
W2014545054,2012,1.0,4,0
W2605609361,2017,1.0,4,0
W4236312462,2019,1.0,4,0
W2834580057,2018,0.5,3,1
W3111718529,2020,1.0,2,0
W2953905410,2019,-1.0,0,2
W3121314849,2020,0.0,1,1
W2560812765,2016,0.5,3,1
W3062985836,2020,0.0,2,2
W2905509963,2018,-0.3333333333333333,1,2
W1537114792,2011,-0.5,1,3
W3188888451,2021,-1.0,0,1
W2120131168,2014,0.0,2,2
W1980931530,2011,1.0,1,0
W2312197454,2012,1.0,3,0
W2913995376,2017,1.0,4,0
W1970107012,2014,1.0,2,0
W2032661717,2013,1.0,1,0
W2158341163,2015,-1.0,0,3
W2553346571,2016,-1.0,0,2
W1952350619,2012,-1.0,0,1
W2891041254,2018,1.0,2,0
W2990314301,2019,-1.0,0,3
W1973406288,2013,0.0,1,1
W2963684020,2015,1.0,1,0
W3160242456,2021,0.0,1,1
W2054093855,2014,-1.0,0,1
W2328853237,2012,,0,0
W2752968362,2016,,0,0
W2538134344,2015,1.0,1,0
W2914828578,2012,1.0,1,0
W2901392402,2018,1.0,1,0
W3082228184,2020,1.0,1,0
W4232097748,2013,-1.0,0,1
W3096225485,2020,-1.0,0,1
W3130402084,2021,1.0,1,0
W36543993,2017,-0.8,5,45
W1624500605,2017,-0.6923076923076923,2,11
W2802049774,2018,0.4782608695652174,17,6
W2126690312,2015,-0.75,1,7
W2312246429,2017,0.2,3,2
W2951337972,2015,0.5,3,1
W2897250831,2018,-0.5,1,3
W2607305152,2017,0.0,1,1
W2949105181,2017,-1.0,0,2
W2980137477,2019,-1.0,0,2
W2949901301,2017,,0,0
W2608957152,2017,-1.0,0,1
W2809519049,2018,-1.0,0,1
W2950643665,2017,-1.0,0,1
W2951994634,2017,-1.0,0,1
W2952779443,2018,-1.0,0,1
W3040775065,2020,1.0,1,0
W3111376971,2020,-1.0,0,1
W3094449862,2020,-1.0,0,1
W3096443795,2020,-0.72,7,43
W2290314319,2015,-0.75,4,28
W2143119899,2015,-0.8620689655172413,2,27
W1999187919,2014,-0.8095238095238095,2,19
W1972792480,2014,-0.9047619047619048,1,20
W3173529525,2021,-0.6,8,32
W2565862629,2016,-0.9166666666666666,1,23
W2961076228,2019,-0.8260869565217391,2,21
W2980650611,2019,-1.0,0,16
W2476774557,2016,-0.8,1,9
W2032262714,2012,-1.0,0,1
W3116338676,2020,-1.0,0,6
W2891641781,2018,-1.0,0,2
W2974518485,2019,-1.0,0,3
W3006242808,2019,-1.0,0,1
W3007225995,2016,-1.0,0,1
W4229812890,2015,-1.0,0,1
W4393640103,2020,1.0,1,0
W4393437116,2021,1.0,1,0
W4299574972,2015,0.813953488372093,39,4
W156058692,2017,0.76,44,6
W1604224815,2015,0.4117647058823529,24,10
W2346173373,2016,-0.2413793103448276,11,18
W2752795311,2017,-0.1891891891891892,15,22
W2535864560,2016,0.034482758620689655,15,14
W2030332788,2015,0.0,6,6
W2891591134,2018,-0.6923076923076923,6,33
W2221786546,2014,0.5,24,8
W2790058026,2018,-0.1111111111111111,8,10
W3134803253,2021,-0.36363636363636365,7,15
W3027933721,2020,0.35294117647058826,23,11
W2527563063,2016,-0.2222222222222222,7,11
W3092348794,2020,0.0,10,10
W2294682555,2015,-0.75,2,14
W2890947118,2015,0.5555555555555556,7,2
W2225551346,2013,-0.2,2,3
W2091633639,2012,0.29411764705882354,11,6
W40192052,2014,-1.0,0,2
W3209955057,2021,-0.2727272727272727,4,7
W4200253527,2021,-1.0,0,5
W2065911415,2014,-0.4117647058823529,5,12
W2131107590,2013,0.16666666666666666,7,5
W2514726577,2016,-0.5294117647058824,4,13
W2904124615,2018,-0.3,7,13
W1984745412,2014,-0.8888888888888888,1,17
W2003917325,2012,-0.14285714285714285,6,8
W2506316937,2016,0.5,6,2
W2961401634,2019,-0.2857142857142857,5,9
W3108577942,2020,0.14285714285714285,8,6
W2285750510,2014,-0.6666666666666666,2,10
W2987951605,2019,-0.14285714285714285,6,8
W2481076122,2016,-0.07692307692307693,6,7
W3093561680,2020,0.23076923076923078,8,5
W2155367170,2011,0.8,9,1
W3089982715,2019,-0.25,3,5
W2556800589,2016,-0.7142857142857143,1,6
W1984260661,2013,-0.2,2,3
W2792009728,2017,-1.0,0,5
W2623122661,2017,-0.3333333333333333,2,4
W157965620,2011,0.0,2,2
W3089440157,2020,-1.0,0,7
W4200398303,2021,0.3333333333333333,2,1
W4234450915,2016,1.0,13,0
W2152824849,2014,0.8181818181818182,10,1
W1994657576,2013,-0.42857142857142855,2,5
W1929411956,2013,-0.45454545454545453,3,8
W4235724671,2015,1.0,5,0
W2059339320,2013,-1.0,0,5
W58939307,2013,0.0,4,4
W2897361434,2018,0.5,9,3
W2620195796,2017,1.0,7,0
W2778072561,2017,-0.14285714285714285,3,4
W2993587383,2019,-0.6,2,8
W2943494488,2019,-0.2,4,6
W2052515703,2011,1.0,7,0
W2514110164,2016,-1.0,0,1
W2294876234,2015,-1.0,0,7
W816434868,2014,-1.0,0,3
W1976931639,2014,0.14285714285714285,4,3
W1799801562,2015,-0.7142857142857143,1,6
W2612537198,2017,-0.6666666666666666,1,5
W2896790932,2018,0.0,3,3
W2511357950,2016,1.0,6,0
W3011338378,2019,-0.2,2,3
W4243272853,2019,1.0,4,0
W103596887,2014,-0.7142857142857143,1,6
W3158954590,2021,1.0,3,0
W2275599219,2015,-1.0,0,8
W3159344389,2021,0.5,3,1
W1965356097,2015,-0.2,2,3
W2616951629,2016,-0.42857142857142855,2,5
W66022963,2014,-1.0,0,5
W2029827982,2011,-1.0,0,6
W2497420678,2016,-1.0,0,7
W2038916855,2013,1.0,3,0
W2937493559,2014,1.0,7,0
W2732688051,2017,0.14285714285714285,4,3
W4230856390,2016,1.0,4,0
W1511651127,2014,-1.0,0,4
W2009736606,2011,0.5,3,1
W2617013186,2016,-1.0,0,5
W3028590979,2020,0.3333333333333333,4,2
W1561098234,2012,0.5,3,1
W2883096462,2015,-1.0,0,3
W2895795905,2018,0.3333333333333333,2,1
W2920951305,2018,-1.0,0,3
W2971121220,2019,0.5,3,1
W1244317753,2015,1.0,3,0
W3209094721,2021,-0.6,1,4
W2469155734,2016,-1.0,0,3
W2736258650,2017,0.0,2,2
W2966544150,2019,-0.3333333333333333,1,2
W3027300740,2020,1.0,4,0
W3164055564,2021,1.0,4,0
W2770367339,2017,-1.0,0,2
W3164202392,2021,1.0,3,0
W1801390440,2015,1.0,2,0
W3041819917,2020,1.0,2,0
W2945044492,2019,1.0,2,0
W1409384861,2015,-1.0,0,3
W2151826011,2013,-0.3333333333333333,1,2
W2885612650,2018,0.3333333333333333,2,1
W4244777916,2015,0.0,1,1
W2884206481,2015,-1.0,0,1
W2000124239,2013,,0,0
W1870288687,2015,,0,0
W2491845170,2016,1.0,2,0
W2795054191,2018,1.0,2,0
W2898084804,2018,0.0,1,1
W2974751625,2019,-1.0,0,2
W2792155548,2018,1.0,1,0
W2922185983,2019,-1.0,0,2
W3002070387,2020,1.0,2,0
W4289044865,2015,,0,0
W3159221024,2021,1.0,2,0
W2132351304,2011,,0,0
W4245970625,2017,1.0,3,0
W2889367819,2015,-1.0,0,4
W4234786625,2018,1.0,3,0
W2185754706,2014,1.0,1,0
W2193628974,2018,-1.0,0,2
W2219982139,2015,-1.0,0,1
W2617981330,2016,-1.0,0,3
W2400499264,2013,-1.0,0,1
W2804474671,2017,0.0,1,1
W2894604095,2018,-1.0,0,3
W2958517792,2019,-0.3333333333333333,1,2
W2982038020,2019,0.3333333333333333,2,1
W3041276488,2020,-1.0,0,3
W32556570,2012,0.0,1,1
W2404521384,2012,1.0,1,0
W2533472329,2016,1.0,2,0
W2620103763,2016,-1.0,0,1
W2883237365,2015,-1.0,0,1
W2885903577,2018,0.0,1,1
W2893795730,2018,-1.0,0,1
W2991049596,2019,-1.0,0,2
W2404569609,2013,,0,0
W3010922871,2020,0.0,1,1
W3114636601,2020,1.0,2,0
W40727287,2013,0.0,1,1
W156366689,2013,1.0,1,0
W2020283659,2012,-1.0,0,1
W2402156863,2012,1.0,1,0
W2594634412,2017,1.0,1,0
W2790758099,2018,1.0,1,0
W2919913821,2019,-1.0,0,1
W2980171547,2019,1.0,1,0
W2967513090,2019,-1.0,0,1
W3026505375,2020,1.0,1,0
W3107661995,2020,1.0,1,0
W4376626162,2019,1.0,1,0
W3180847766,2021,1.0,1,0
W3006292708,2020,-0.6,1,4
W2804916579,2018,1.0,3,0
W2529449454,2012,,0,0
W134655570,2011,1.0,2,0
W4287828595,2020,1.0,2,0
W2905751010,2018,1.0,1,0
W2957905354,2019,-0.8,5,45
W2963976704,2018,-0.8,5,45
W2963463964,2016,-0.92,2,48
W3022953487,2020,-0.32,17,33
W3007157104,2020,-0.68,8,42
W2061686014,2015,0.64,41,9
W2238728730,2015,-0.84,4,46
W3159754263,2018,1.0,50,0
W3198659451,2021,-0.44,14,36
W2799640043,2018,-0.88,3,47
W2701225458,2017,-0.76,6,44
W2740742367,2017,-0.8,5,45
W2970419734,2019,-0.8,5,45
W2898076813,2018,-0.56,11,39
W2950670227,2019,-0.6,10,40
W3042016341,2020,-0.36,16,34
W2741068848,2017,-0.76,6,44
W2922386288,2019,-0.4,15,35
W3043303805,2020,1.0,50,0
W2891235722,2018,-0.92,2,48
W2740132093,2017,-0.72,7,43
W2947156405,2019,-1.0,0,50
W4210968720,2019,-0.36,16,34
W2963350015,2019,-0.84,4,46
W3034214108,2020,-0.8,5,45
W3186717497,2021,-0.44,14,36
W2015337585,2013,-1.0,0,50
W3092997524,2020,-0.84,4,46
W2912135847,2019,0.12,28,22
W2963641969,2018,-0.6,10,40
W4285722492,2020,1.0,50,0
W2963171262,2015,-0.72,7,43
W2547625248,2016,-0.8,5,45
W2794908093,2018,-0.52,12,38
W2982163850,2019,-0.8,5,45
W2996428282,2019,-0.36,16,34
W2022149269,2013,-0.68,8,42
W3173217100,2021,-0.76,6,44
W2191468669,2015,-0.16,21,29
W2922015121,2019,-0.92,2,48
W2968940383,2019,-0.84,4,46
W3000499753,2019,-0.28,18,32
W2991813857,2019,-1.0,0,50
W3103989228,2020,0.8,45,5
W3171639395,2021,-0.68,8,42
W2473532709,2016,-0.76,6,44
W2970845521,2019,-0.08,23,27
W2798392716,2018,-0.76,6,44
W2618635610,2017,-0.68,8,42
W3206887799,2021,1.0,50,0
W1415990210,2015,0.08,27,23
W3176932505,2021,-0.96,1,49
W2760424551,2017,-0.88,3,47
W3023529621,2020,-0.28,18,32
W3175218683,2021,-0.84,4,46
W2888858167,2018,-0.4,15,35
W2984422960,2019,-0.96,1,49
W2807835252,2018,0.2,30,20
W3000315285,2019,-0.92,2,48
W2962818016,2018,-0.88,3,47
W2963091079,2018,-0.68,8,42
W3016378036,2020,0.2,30,20
W3007720613,2019,-0.64,9,41
W3000442532,2019,-0.8,5,45
W3093077017,2020,-0.4,15,35
W2997451752,2020,-0.24,19,31
W3019428952,2020,-0.96,1,49
W2547859479,2012,0.09090909090909091,18,15
W2096438711,2011,-0.4,15,35
W3033772177,2020,0.48,37,13
W2606250847,2017,-0.64,9,41
W2799195065,2018,-0.24,19,31
W2963331137,2017,-1.0,0,50
W3126320036,2021,-0.68,8,42
W3019415692,2020,-0.88,3,47
W2399231848,2013,-0.72,7,43
W2021660104,2014,-0.6,10,40
W2997293639,2020,-0.64,9,41
W2757599232,2017,-0.24,19,31
W2944833000,2019,-0.96,1,49
W2998116579,2020,-0.24,19,31
W2972233456,2019,0.48,37,13
W2398128966,2016,0.36,34,16
W2962998183,2016,-0.92,2,48
W2583329118,2017,-0.72,7,43
W2967191362,2019,-0.84,4,46
W2252115056,2013,-1.0,0,50
W2052506731,2014,-0.8,5,45
W2963357083,2016,-0.8,5,45
W3019932981,2020,-0.6,10,40
W2953029945,2016,-0.72,7,43
W2962974137,2017,-0.76,6,44
W3015405072,2020,-0.64,9,41
W3094949573,2020,-0.56,11,39
W2997214975,2019,-0.48,13,37
W3099130275,2020,-0.72,7,43
W2909014315,2019,-0.68,8,42
W3169942382,2021,-0.88,3,47
W2621187857,2017,-0.64,9,41
W2964882141,2019,-0.84,4,46
W3110076132,2020,-0.96,1,49
W2041707582,2014,0.0,25,25
W3123045479,2020,-0.8,5,45
W2418667810,2015,-0.7391304347826086,6,40
W2963278046,2018,0.2,30,20
W2048340696,2011,-0.7674418604651163,5,38
W3041984699,2020,-0.64,9,41
W3010362629,2019,-0.12,22,28
W3163745263,2021,-0.56,11,39
W1892074770,2015,-0.76,6,44
W2462192250,2016,-0.56,11,39
W3043519510,2020,-0.64,9,41
W2995446988,2020,-0.88,3,47
W3103666600,2020,-0.04,24,26
W1411230545,2015,-0.6,10,40
W3096651815,2020,-0.8,5,45
W2911831256,2019,-0.8,5,45
W2963208797,2016,-0.5510204081632653,11,38
W2251384446,2013,-0.8333333333333334,4,44
W3091388282,2020,-0.8,5,45
W3128512858,2021,0.04,26,24
W3128660473,2020,-0.52,12,38
W3206071277,2021,-0.6,10,40
W3119379899,2021,-0.32,17,33
W3202150208,2021,-0.2,20,30
W414834736,2015,-0.17391304347826086,19,27
W3176617251,2021,-0.64,9,41
W2895559961,2018,-0.30612244897959184,17,32
W3015177549,2020,-0.08,23,27
W3083155189,2020,-0.8,5,45
W2250385423,2015,-0.875,3,45
W2996786840,2019,1.0,50,0
W3135527034,2021,0.24,31,19
W3121592593,2021,-1.0,0,50
W3033540108,2020,-0.68,8,42
W3081216860,2020,-0.96,1,49
W3202579690,2021,-0.48,13,37
W3125205424,2020,-0.32,17,33
W3174531908,2021,-0.44,14,36
W2614403482,2017,-0.22448979591836735,19,30
W2972884682,2019,0.07317073170731707,22,19
W2291126447,2016,-0.64,9,41
W3034598912,2020,-0.84,4,46
W3037348212,2020,-0.64,9,41
W2946016480,2019,1.0,50,0
W3126310027,2021,-0.36,16,34
W3133020722,2021,-0.76,6,44
W3200398843,2021,-0.88,3,47
W3161120529,2021,-0.76,6,44
W3188785851,2021,-0.16,21,29
W2963681593,2018,-0.5217391304347826,11,35
W3213059131,2021,-0.68,8,42
W2546918856,2016,-0.8666666666666667,2,28
W2251750971,2014,-0.8095238095238095,4,38
W3204296306,2021,-0.92,2,48
W4206587460,2021,-0.2765957446808511,17,30
W4285751090,2020,1.0,42,0
W2041170811,2011,-0.7777777777777778,1,8
W3003134253,2020,-0.6086956521739131,9,37
W3209887031,2021,-0.022222222222222223,22,23
W2972754346,2019,-0.8095238095238095,4,38
W2018125999,2014,0.02702702702702703,19,18
W2985489290,2021,-0.8235294117647058,3,31
W3034084836,2020,-0.38461538461538464,8,18
W2168248941,2011,-0.9166666666666666,1,23
W3206079449,2021,-0.15384615384615385,11,15
W3068895351,2020,-0.6666666666666666,3,15
W3113409982,2020,-0.3333333333333333,7,14
W2906663484,2018,0.75,7,1
W3175407091,2021,-0.38461538461538464,4,9
W1994040810,2013,-0.5172413793103449,7,22
W2582691781,2017,0.12,28,22
W2121945569,2015,-0.6774193548387096,5,26
W2187257401,2011,0.0,18,18
W2167694722,2013,-0.85,3,37
W2954151438,2019,-0.76,6,44
W2983537304,2019,-0.44,14,36
W2593272389,2017,0.0,25,25
W2250307271,2011,-0.95,1,39
W2595855677,2017,-0.55,9,31
W2621292783,2017,-0.5555555555555556,10,35
W1971995298,2013,-0.6666666666666666,6,30
W2801712578,2018,-0.7209302325581395,6,37
W2888158939,2018,-0.6585365853658537,7,34
W2346595863,2016,-0.75,4,28
W2039542278,2015,0.07692307692307693,21,18
W2527133236,2017,-0.4583333333333333,13,35
W2095554648,2012,0.2727272727272727,14,8
W2617064411,2017,-0.08695652173913043,21,25
W3086548188,2020,-0.52,12,38
W2403995870,2016,-0.75,5,35
W2958971865,2019,-0.44,14,36
W1527369603,2015,-0.7222222222222222,5,31
W2083860410,2014,-0.5,8,24
W2343734947,2015,-0.42857142857142855,10,25
W2899753194,2018,-0.11627906976744186,19,24
W2268145098,2016,-0.26666666666666666,11,19
W2391251187,2016,-1.0,0,41
W2800292583,2018,-0.4418604651162791,12,31
W3006426012,2020,-0.16,21,29
W2804243481,2018,0.23529411764705882,21,13
W3197433013,2021,-0.64,9,41
W2761151150,2017,0.08571428571428572,19,16
W2947218280,2019,0.30434782608695654,30,16
W4244167344,2017,-0.7222222222222222,5,31
W2281763613,2016,-0.4857142857142857,9,26
W169290101,2012,-0.6470588235294118,6,28
W2904146647,2019,-0.8297872340425532,4,43
W3197312262,2021,-0.44680851063829785,13,34
W1987455670,2013,-0.5,4,12
W3041943041,2020,-0.06382978723404255,22,25
W137536751,2013,-1.0,0,21
W1990090830,2014,-0.6571428571428571,6,29
W2143026224,2012,-1.0,0,13
W2968388969,2019,-0.15,17,23
W2886743211,2018,-0.7419354838709677,4,27
W2982299304,2019,-0.5,10,30
W3093141660,2020,-0.5909090909090909,9,35
W3138100776,2021,0.1111111111111111,25,20
W2774988559,2017,-0.3684210526315789,12,26
W2045002320,2015,-0.5789473684210527,4,15
W3018238337,2020,-0.6363636363636364,8,36
W1981699477,2013,-0.5,5,15
W1996474245,2013,-0.4,6,14
W2802824893,2018,-0.3333333333333333,11,22
W2039148441,2015,-0.7391304347826086,3,20
W2562086100,2016,-0.8,2,18
W2891520517,2018,0.2903225806451613,20,11
W2971921798,2019,-0.75,5,35
W2004639669,2014,-1.0,0,15
W2250355711,2013,-0.6,6,24
W2990150186,2019,-1.0,0,34
W2082609813,2012,-0.9310344827586207,1,28
W2404260248,2013,-0.4,3,7
W2767650966,2017,-1.0,0,26
W3193647133,2021,-0.7435897435897436,5,34
W2509328528,2016,-1.0,0,23
W2741917668,2017,-1.0,0,31
W2969223458,2019,-0.42857142857142855,10,25
W3093312917,2020,-0.35135135135135137,12,25
W3175386621,2021,-0.7714285714285715,4,31
W3041260798,2020,-0.1111111111111111,16,20
W3188663398,2021,-0.7297297297297297,5,32
W3190075653,2021,-0.35135135135135137,12,25
W3207533378,2021,-0.8378378378378378,3,34
W2250423567,2014,-1.0,0,30
W2010513693,2015,0.15384615384615385,15,11
W2970286654,2019,-0.8333333333333334,3,33
W2010582541,2013,-0.125,7,9
W2911401360,2019,0.06666666666666667,16,14
W2966683668,2019,0.21212121212121213,20,13
W1994020060,2013,0.18181818181818182,13,9
W3089229285,2020,-0.29411764705882354,12,22
W2088181608,2015,-0.68,4,21
W2327762213,2013,0.8,18,2
W2951338945,2019,-0.9375,1,31
W2980186046,2019,-0.7241379310344828,4,25
W3004727795,2020,-0.17647058823529413,14,20
W3019777957,2019,0.9375,31,1
W3011905193,2020,-0.875,2,30
W3043236449,2020,-0.875,2,30
W3174046880,2021,-0.09090909090909091,15,18
W3212134035,2021,-0.5151515151515151,8,25
W1963560067,2014,-0.7647058823529411,2,15
W2128699164,2014,-1.0,0,14
W3005834336,2020,0.3939393939393939,23,10
W3206657495,2021,0.3333333333333333,22,11
W3034651555,2020,0.41935483870967744,22,9
W2137049373,2011,-0.7391304347826086,3,20
W123147048,2013,0.047619047619047616,11,10
W2501540411,2016,0.0967741935483871,17,14
W2759996821,2017,-1.0,0,30
W2891441018,2018,-0.8064516129032258,3,28
W3100103516,2020,-0.9375,1,31
W3201673073,2021,-0.25,12,20
W2002961312,2015,-1.0,0,29
W2010749389,2013,-1.0,0,22
W2021516494,2013,-0.3333333333333333,5,10
W2607911734,2017,-0.4074074074074074,8,19
W2915823913,2019,-0.4074074074074074,8,19
W2990830202,2019,-0.4166666666666667,7,17
W3020772652,2020,-0.9310344827586207,1,28
W2888755838,2018,-0.6923076923076923,4,22
W2891412322,2018,-0.7272727272727273,3,19
W3012707646,2020,-0.4666666666666667,8,22
W3014571942,2020,-0.8,3,27
W3164878287,2021,-0.4666666666666667,8,22
W3192400886,2021,-0.9259259259259259,1,26
W3195196594,2021,-0.5333333333333333,7,23
W2293931116,2015,-0.6296296296296297,5,22
W2604475875,2017,-0.68,4,21
W2981475630,2019,-0.6521739130434783,4,19
W3192504716,2021,-0.7931034482758621,3,26
W3210089292,2021,-0.5862068965517241,6,23
W2058410962,2013,0.7647058823529411,15,2
W2491147894,2016,-0.1111111111111111,8,10
W2669889762,2017,-0.18181818181818182,9,13
W2778319809,2017,-0.47368421052631576,5,14
W3034594021,2020,-0.9285714285714286,1,27
W3046638685,2020,0.07692307692307693,14,12
W3198796530,2021,-0.9259259259259259,1,26
W1997559607,2012,-0.6521739130434783,4,19
W2747661682,2017,-0.5238095238095238,5,16
W2767382859,2017,-0.7333333333333333,2,13
W2872644167,2018,-0.9230769230769231,1,25
W2891290227,2018,-0.4782608695652174,6,17
W2898696411,2018,-0.09090909090909091,10,12
W2907278613,2018,-0.2727272727272727,8,14
W2908419601,2019,-0.23076923076923078,10,16
W3000003631,2020,0.1111111111111111,15,12
W3035200689,2020,-0.38461538461538464,8,18
W3044633875,2020,0.3076923076923077,17,9
W3125333348,2020,-0.7777777777777778,3,24
W3196820561,2021,0.1111111111111111,15,12
W2895351860,2018,-0.5555555555555556,4,14
W76654676,2011,-0.5,5,15
W3107903729,2020,-0.8461538461538461,2,24
W3156220053,2021,-0.3076923076923077,9,17
W3172762059,2021,-0.5384615384615384,6,20
W3205175640,2021,0.15384615384615385,15,11
W2515667479,2016,0.6842105263157895,16,3
W4205208350,2021,-0.8461538461538461,2,24
W2551870892,2016,-0.3333333333333333,4,8
W2889830342,2018,-0.75,3,21
W2963463723,2016,-0.6,4,16
W3022117740,2020,-0.44,7,18
W3130878888,2021,-0.6666666666666666,4,20
W2621463603,2017,0.0,7,7
W3008031768,2020,-0.6363636363636364,4,18
W2352391148,2016,-0.6,4,16
W3186326110,2021,-0.9166666666666666,1,23
W3046881646,2020,-0.2727272727272727,8,14
W3034461381,2020,-0.36363636363636365,7,15
W3175304423,2021,-0.9130434782608695,1,22
W1651422417,2015,0.07692307692307693,7,6
W4389009499,2020,-0.8260869565217391,2,21
W1975777797,2013,0.3333333333333333,2,1
W2055419486,2013,-0.5238095238095238,5,16
W2909072693,2019,0.18181818181818182,13,9
W2962948087,2016,1.0,21,0
W2945381748,2019,-0.875,1,15
W2962946519,2019,-0.8,2,18
W4256301847,2018,-0.7894736842105263,2,17
W2997654197,2020,-0.5238095238095238,5,16
W3023338479,2020,-0.5555555555555556,4,14
W3026906292,2020,-0.05263157894736842,9,10
W3157417072,2021,0.047619047619047616,11,10
W1991214944,2014,-0.375,5,11
W2083050419,2015,0.0,4,4
W2148429252,2013,-0.6842105263157895,3,16
W2181665207,2015,-0.4444444444444444,5,13
W2620243956,2017,-0.42857142857142855,4,10
W2900122743,2018,0.23076923076923078,8,5
W2078438386,2011,-1.0,0,3
W3162328397,2021,-0.5,5,15
W2961837249,2019,0.06666666666666667,8,7
W2250790341,2012,-1.0,0,15
W2794713557,2018,-0.7777777777777778,2,16
W3013766657,2020,-0.125,7,9
W2895321749,2018,-0.6,3,12
W2899036588,2018,-0.75,2,14
W3101481520,2020,1.0,18,0
W3151242384,2021,-0.6666666666666666,3,15
W3157413619,2021,-0.4444444444444444,5,13
W2526822914,2016,1.0,10,0
W3195408738,2021,-0.3333333333333333,6,12
W2787875329,2018,1.0,15,0
W2739776664,2017,-0.75,2,14
W2909585706,2018,-0.5,3,9
W2999084989,2019,-0.42857142857142855,4,10
W3113302101,2020,1.0,17,0
W3185537526,2021,0.7647058823529411,15,2
W3154181338,2021,-0.058823529411764705,8,9
W3202468500,2021,-0.29411764705882354,6,11
W3209739041,2021,0.5294117647058824,13,4
W3213599594,2021,-0.6470588235294118,3,14
W1981919129,2015,-1.0,0,13
W2600478067,2017,-0.42857142857142855,4,10
W2428526439,2016,-0.6,3,12
W2773751105,2017,-0.2,4,6
W3020930702,2020,-0.5714285714285714,3,11
W3153236199,2021,0.06666666666666667,8,7
W2052207360,2014,-0.7333333333333333,2,13
W2189638487,2015,-0.45454545454545453,3,8
W2070069063,2013,-0.8181818181818182,1,10
W2794613733,2018,1.0,13,0
W2901237891,2018,0.7142857142857143,6,1
W3110892711,2020,0.23076923076923078,8,5
W3195365517,2021,-1.0,0,14
W3210883072,2021,0.7142857142857143,12,2
W1927660049,2014,-1.0,0,9
W3207908683,2021,-0.38461538461538464,4,9
W91087634,2012,-0.6666666666666666,1,5
W2020231894,2014,-0.7777777777777778,1,8
W2946260552,2019,-0.14285714285714285,3,4
W2046987084,2014,-0.2,4,6
W4200023795,2021,-0.8181818181818182,1,10
W4293118107,2020,1.0,9,0
W2172678396,2013,-1.0,0,10
W3117752211,2020,1.0,10,0
W3204265947,2021,-0.8,1,9
W4206729439,2021,-0.2,4,6
W2250607661,2013,-1.0,0,4
W3012519460,2020,1.0,8,0
W3164957849,2021,0.5,3,1
W3088074345,2020,,0,0
W2029490273,2012,,0,0
W3203931506,2021,-1.0,0,4
W3107414205,2020,-1.0,0,1
W3169171686,2021,0.0,1,1
W3215268811,2021,1.0,3,0
W2319945437,2014,0.75,14,2
W2093050213,2015,-0.6,4,16
W1976852923,2013,-0.7,3,17
W2747485851,2017,-0.42857142857142855,6,15
W2991570803,2019,-0.3333333333333333,9,18
W2397927934,2012,-0.8888888888888888,1,17
W2964256307,2017,-0.3333333333333333,6,12
W2018069962,2012,1.0,13,0
W2154060702,2014,-0.5555555555555556,4,14
W2101013789,2011,-0.07692307692307693,6,7
W2886983968,2018,-0.42857142857142855,6,15
W2079866246,2015,1.0,10,0
W2128922996,2012,-0.6363636363636364,2,9
W2770132834,2017,-1.0,0,12
W1675649230,2015,-1.0,0,17
W4288616731,2019,-0.6,5,20
W2891338153,2018,-0.75,3,21
W75677969,2013,-0.45454545454545453,3,8
W3109541151,2020,-0.16666666666666666,10,14
W2038189819,2013,-1.0,0,18
W3137574560,2020,-0.5,6,18
W2240152262,2015,-0.8461538461538461,1,12
W2589441347,2017,-0.6,2,8
W2335478061,2016,-0.8666666666666667,1,14
W2074168954,2013,-1.0,0,17
W2037328854,2011,-0.6666666666666666,2,10
W2079115827,2013,-0.2727272727272727,4,7
W2105685762,2015,-0.8461538461538461,1,12
W2554410055,2016,0.2727272727272727,7,4
W2626499139,2017,-1.0,0,19
W2897679705,2018,-0.23076923076923078,5,8
W2945916215,2019,0.29411764705882354,11,6
W3146425478,2020,-0.23809523809523808,8,13
W2294943146,2015,-0.7142857142857143,2,12
W2153122359,2011,-1.0,0,15
W2296474619,2015,-0.7333333333333333,2,13
W2736904865,2017,-0.5714285714285714,3,11
W2767389852,2017,-0.2222222222222222,7,11
W2141569384,2012,-0.45454545454545453,3,8
W2011643180,2015,-0.14285714285714285,6,8
W2787146684,2018,1.0,14,0
W1831515417,2014,-0.7777777777777778,1,8
W2486518302,2016,0.25,5,3
W2140836465,2015,-0.5,3,9
W2126770230,2014,-1.0,0,15
W3048469781,2020,0.29411764705882354,11,6
W267491497,2014,-1.0,0,12
W2806646123,2018,0.0,7,7
W2941839832,2019,-0.2857142857142857,5,9
W2947557559,2019,-0.3333333333333333,5,10
W3005046538,2020,-0.4117647058823529,5,12
W3007824890,2020,-0.875,1,15
W3016422965,2020,0.5294117647058824,13,4
W3145527864,2021,0.17647058823529413,10,7
W4236415889,2011,1.0,3,0
W2004239078,2012,-0.5,2,6
W2250729966,2015,-0.07692307692307693,6,7
W2170308909,2011,-1.0,0,9
W2943642947,2019,-0.14285714285714285,6,8
W2284736317,2015,-0.7333333333333333,2,13
W2953598967,2019,-0.8666666666666667,1,14
W2963413731,2018,-1.0,0,14
W3184957343,2021,0.125,9,7
W1654330276,2015,-0.8571428571428571,1,13
W1923961922,2012,-1.0,0,9
W2579034730,2016,-0.5,3,9
W2892643299,2018,-0.5384615384615384,3,10
W2981423273,2019,0.2,9,6
W3043655935,2020,0.7333333333333333,13,2
W3000061265,2020,-0.4666666666666667,4,11
W2173065762,2011,-1.0,0,10
W3108141698,2020,0.06666666666666667,8,7
W2204151935,2016,-0.6,2,8
W2243030179,2015,-0.5555555555555556,2,7
W2327737110,2011,-0.5,2,6
W2549237598,2016,-0.07692307692307693,6,7
W3040040929,2020,-0.5384615384615384,3,10
W3177420896,2021,-0.7142857142857143,2,12
W2037068142,2011,-1.0,0,6
W3202959055,2021,-0.42857142857142855,4,10
W2752576398,2017,-0.6,1,4
W2792231617,2018,0.2,6,4
W3010328141,2019,0.2727272727272727,7,4
W3014541289,2020,0.07692307692307693,7,6
W2032064885,2014,-0.14285714285714285,3,4
W4251751978,2013,-0.8181818181818182,1,10
W2152830814,2013,-0.5,3,9
W2516747399,2016,-0.3333333333333333,3,6
W2740880011,2017,-0.75,1,7
W2799615765,2018,-0.5,2,6
W3171942767,2021,-0.5,3,9
W2911985749,2019,-1.0,0,11
W3173455118,2021,-0.16666666666666666,5,7
W3199117450,2021,0.0,6,6
W2604203786,2017,-0.5,2,6
W4206126143,2021,0.5,9,3
W2903292539,2018,-0.7142857142857143,1,6
W2619864012,2017,0.6363636363636364,9,2
W3026210837,2020,0.09090909090909091,6,5
W2913153935,2018,0.6,8,2
W3196256257,2021,-0.45454545454545453,3,8
W3133944955,2021,1.0,11,0
W4293117962,2020,1.0,11,0
W2998491124,2019,1.0,10,0
W3125053552,2020,-0.3333333333333333,3,6
W3127084637,2021,-0.8,1,9
W3160127986,2021,-0.4,3,7
W1984339331,2014,,0,0
W3174538263,2021,-0.5555555555555556,2,7
W4238428771,2021,0.4,7,3
W4281784866,2021,1.0,10,0
W2110380073,2014,-1.0,0,7
W2811167007,2018,0.6,4,1
W3004558413,2020,-0.5,2,6
W3119585430,2021,-0.1111111111111111,4,5
W3128967981,2021,0.3333333333333333,6,3
W3214157247,2021,-0.1111111111111111,4,5
W2038757118,2012,0.0,4,4
W2033912676,2013,-0.75,1,7
W2344703848,2016,-0.75,1,7
W2250807910,2014,-1.0,0,8
W3213699948,2021,-0.25,3,5
W4285337922,2021,0.25,5,3
W1954341086,2012,-1.0,0,7
W3099559773,2020,-1.0,0,7
W3110787924,2020,0.6666666666666666,5,1
W3115072584,2020,1.0,7,0
W3135239689,2020,-1.0,0,7
W3168619104,2021,0.14285714285714285,4,3
W3184516149,2021,-0.42857142857142855,2,5
W3213614916,2021,-0.7142857142857143,1,6
W2398736562,2014,1.0,6,0
W2572005906,2014,,0,0
W2968937361,2019,-0.5,1,3
W2969970138,2019,1.0,5,0
W3008498666,2020,-0.2,2,3
W3216925775,2021,0.6666666666666666,5,1
W4231628710,2017,1.0,3,0
W135782543,2011,-0.75,1,7
W37658565,2012,-0.6666666666666666,2,10
W2010011156,2012,-1.0,0,9
W2914723871,2019,-0.6,3,12
W2954632784,2020,-0.8666666666666667,1,14
W2915062427,2019,-0.2857142857142857,5,9
W2915287915,2019,1.0,15,0
W963845994,2014,-1.0,0,8
W2001884704,2014,-0.5,2,6
W2396950412,2016,0.3333333333333333,6,3
W2398492651,2015,-0.3333333333333333,3,6
W2889339932,2018,0.0,6,6
W2935725472,2020,-0.8333333333333334,1,11
W1179044544,2015,-0.6666666666666666,1,5
W165420698,2014,0.2,6,4
W2007342225,2012,-0.8,1,9
W2010295339,2011,0.5555555555555556,7,2
W2251000325,2015,-0.45454545454545453,3,8
W2605721893,2017,-0.75,1,7
W2897831761,2018,-0.07692307692307693,6,7
W2787913166,2018,-0.5,2,6
W3127704568,2021,0.0,7,7
W2803173660,2018,-0.6363636363636364,2,9
W2924068127,2019,0.3333333333333333,8,4
W2942479120,2019,-1.0,0,13
W2965991640,2019,-0.16666666666666666,5,7
W2339227878,2016,0.5,3,1
W3000239664,2019,-0.38461538461538464,4,9
W2613541621,2017,-0.5,2,6
W2773820119,2017,-0.09090909090909091,5,6
W2883931411,2018,0.3333333333333333,6,3
W3144088055,2021,0.16666666666666666,7,5
W2962474820,2019,-1.0,0,12
W69822855,2012,-0.75,1,7
W1931552714,2015,-0.7142857142857143,1,6
W2004126468,2014,-0.2,2,3
W2048968529,2013,-0.6,1,4
W2104227931,2013,1.0,3,0
W2460478911,2016,-1.0,0,4
W2529578040,2016,0.14285714285714285,4,3
W2546259726,2016,1.0,10,0
W2911999454,2011,1.0,4,0
W2948019285,2019,-0.5555555555555556,2,7
W2973230496,2019,1.0,11,0
W3049725062,2020,-0.2,4,6
W4242097037,2014,-0.5,1,3
W205911847,2012,-0.7142857142857143,1,6
W1564800282,2012,-0.5555555555555556,2,7
W2558678276,2016,-1.0,0,8
W2901453519,2018,-0.8,1,9
W3034612156,2020,0.0,5,5
W3080967833,2020,0.6,8,2
W3123477784,2020,-0.2,4,6
W121705134,2014,-1.0,0,6
W1820686657,2017,0.0,4,4
W2004752244,2011,-0.3333333333333333,2,4
W2142131972,2011,-1.0,0,6
W2494376534,2016,-0.6,1,4
W2765978543,2017,-0.25,3,5
W2782768637,2018,0.0,3,3
W2792318673,2018,-0.42857142857142855,2,5
W2798729286,2018,-0.5,2,6
W2808833000,2018,1.0,4,0
W2896082384,2018,-0.42857142857142855,2,5
W2909176865,2019,-0.5,2,6
W2942272810,2019,0.3333333333333333,6,3
W3000518573,2019,-0.7777777777777778,1,8
W3089339259,2020,-1.0,0,9
W3159960445,2021,0.7777777777777778,8,1
W3185611785,2021,0.3333333333333333,6,3
W4235582559,2012,-0.25,3,5
W1576229810,2012,-1.0,0,8
W2009382307,2013,1.0,8,0
W2188071272,2013,-1.0,0,7
W2107852306,2014,-1.0,0,6
W2250248346,2013,0.2,3,2
W2533377459,2016,-1.0,0,4
W2577958646,2016,-0.75,1,7
W2896995473,2018,-0.3333333333333333,2,4
W2947544026,2019,-0.7142857142857143,1,6
W2951618826,2019,0.0,4,4
W2971406738,2019,-1.0,0,8
W3003431294,2017,1.0,7,0
W3035639219,2020,1.0,8,0
W3095421179,2020,0.0,4,4
W3161825643,2021,-0.5,2,6
W1990253098,2014,-0.3333333333333333,2,4
W4404048953,2017,1.0,7,0
W2783858801,2017,0.0,3,3
W2946234491,2019,-1.0,0,7
W2971776643,2019,1.0,7,0
W3031475886,2020,-0.3333333333333333,2,4
W3049189160,2020,-0.7142857142857143,1,6
W3173233410,2021,0.14285714285714285,4,3
W3188022428,2021,-1.0,0,7
W3205524161,2021,0.7142857142857143,6,1
W3211479099,2021,-0.7142857142857143,1,6
W4200190559,2021,-0.3333333333333333,2,4
W1484068269,2011,0.3333333333333333,4,2
W4211237863,2021,-1.0,0,6
W1967682016,2014,-0.6666666666666666,1,5
W2110496251,2012,-1.0,0,6
W2739591349,2017,-0.3333333333333333,2,4
W2902659102,2019,-0.3333333333333333,2,4
W2920800810,2019,1.0,5,0
W2982401774,2019,0.3333333333333333,4,2
W2982474080,2019,-1.0,0,5
W3158014185,2021,-1.0,0,6
W3169267043,2021,0.6666666666666666,5,1
W3170933068,2021,-1.0,0,6
W3171737727,2021,-0.6666666666666666,1,5
W136017345,2013,-1.0,0,1
W3212809714,2021,-0.6666666666666666,1,5
W1978889645,2013,-1.0,0,4
W2594319863,2016,1.0,5,0
W2296740370,2015,0.2,3,2
W2626115878,2016,1.0,2,0
W2980171595,2019,-0.6,1,4
W3088783196,2020,1.0,5,0
W3029471481,2020,-1.0,0,5
W3106733257,2020,-1.0,0,5
W3088925408,2020,1.0,5,0
W3130685532,2021,1.0,5,0
W3214153756,2021,-1.0,0,5
W2078833545,2011,1.0,4,0
W4249812764,2021,1.0,5,0
W2313266463,2012,1.0,3,0
W2963912330,2019,0.5,3,1
W3183313485,2021,-1.0,0,4
W2888975169,2018,0.3333333333333333,2,1
W3188590684,2021,-1.0,0,3
W1773689831,2012,-0.75,1,7
W2150874597,2011,0.0,3,3
W3011797594,2019,-0.5555555555555556,2,7
W2058985470,2012,0.5,3,1
W2327506686,2016,0.6,4,1
W2319730084,2011,-0.3333333333333333,1,2
W2530043382,2016,0.0,3,3
W65260526,2012,-1.0,0,6
W148077463,2013,-1.0,0,7
W190605804,2014,-0.6666666666666666,1,5
W2037577707,2014,-0.6,1,4
W2068710718,2014,-0.6,1,4
W2556642508,2016,0.14285714285714285,4,3
W2953910256,2019,-0.42857142857142855,2,5
W2785033002,2018,-0.5,2,6
W1891837897,2015,-1.0,0,4
W1966984456,2013,-0.3333333333333333,2,4
W2030659368,2013,-0.5,1,3
W2090212679,2014,-1.0,0,5
W2095507077,2013,0.0,3,3
W2134242642,2012,-0.3333333333333333,2,4
W2963756831,2019,-1.0,0,7
W2625876091,2017,-1.0,0,7
W4200556771,2021,-1.0,0,8
W4239959944,2019,-1.0,0,8
W49800539,2012,-1.0,0,5
W133799517,2011,-0.6,1,4
W1559340946,2013,1.0,3,0
W1668135660,2013,-1.0,0,6
W1985644812,2012,-0.7142857142857143,1,6
W1997253425,2014,-1.0,0,3
W2025997691,2012,1.0,3,0
W2118834604,2014,1.0,5,0
W2130514026,2014,0.7142857142857143,6,1
W2138133565,2013,-0.42857142857142855,2,5
W2143860603,2011,0.0,3,3
W2146787598,2013,0.2,3,2
W2159176027,2015,-1.0,0,5
W2182343245,2013,-0.3333333333333333,2,4
W2275683873,2015,-1.0,0,6
W2465796416,2016,0.0,3,3
W2583980768,2015,-0.42857142857142855,2,5
W2531906396,2016,-0.3333333333333333,1,2
W2976544461,2019,0.2,3,2
W3005716516,2019,-0.42857142857142855,2,5
W3157120711,2021,0.14285714285714285,4,3
W3088426556,2020,-0.42857142857142855,2,5
W39280047,2014,-1.0,0,4
W4206597885,2021,-0.14285714285714285,3,4
W94380540,2014,-0.14285714285714285,3,4
W1740906416,2013,-1.0,0,3
W187541770,2012,-0.2,2,3
W2050867701,2013,0.0,3,3
W2072586181,2014,-1.0,0,4
W2119696377,2015,-1.0,0,4
W2252072824,2011,-0.3333333333333333,2,4
W2251695880,2015,-1.0,0,3
W2405496876,2015,-0.6666666666666666,1,5
W2488019837,2016,0.0,2,2
W2548853769,2018,-1.0,0,6
W2556047927,2016,1.0,2,0
W2564413126,2016,-1.0,0,5
W2626561704,2017,-1.0,0,6
W2730584180,2017,0.3333333333333333,4,2
W2889535009,2018,-1.0,0,5
W2887958567,2018,-1.0,0,5
W2902833012,2019,1.0,6,0
W2948129334,2019,-1.0,0,5
W2948942236,2019,1.0,6,0
W3165739088,2021,0.0,3,3
W38260586,2014,0.6,4,1
W4236160500,2012,-1.0,0,2
W1559388649,2011,-0.2,2,3
W16797890,2014,-0.5,1,3
W1767176898,2011,1.0,2,0
W2092664955,2011,1.0,3,0
W2247723902,2015,1.0,3,0
W2251483986,2015,-0.3333333333333333,1,2
W2289544292,2015,1.0,3,0
W2512146365,2016,1.0,4,0
W2760888253,2017,-0.3333333333333333,1,2
W2765540541,2017,0.0,2,2
W2900165493,2018,-0.2,2,3
W2782779113,2017,-1.0,0,5
W2979583904,2019,0.2,3,2
W2964553286,2019,-0.5,1,3
W2983434587,2019,-1.0,0,5
W2993924848,2019,-0.3333333333333333,1,2
W2994793922,2020,-0.2,2,3
W3017838119,2020,0.5,3,1
W3175045510,2021,-1.0,0,5
W1496205214,2014,,0,0
W3181060455,2021,1.0,5,0
W3197951145,2021,0.6,4,1
W132289538,2014,-1.0,0,4
W1515812862,2015,0.0,1,1
W2025956907,2014,-1.0,0,3
W2082958976,2014,1.0,4,0
W2139746875,2011,-0.3333333333333333,1,2
W2145431252,2013,-1.0,0,3
W2167951219,2012,,0,0
W2156489702,2014,0.3333333333333333,2,1
W2185292467,2014,-0.5,1,3
W2286017256,2015,1.0,4,0
W237692201,2015,-0.5,1,3
W2794546712,2017,-1.0,0,4
W2898215887,2018,1.0,4,0
W2910045282,2018,0.5,3,1
W2973240124,2019,-0.5,1,3
W2996894892,2019,1.0,4,0
W2992322081,2019,1.0,4,0
W3003837086,2015,1.0,3,0
W3035035466,2020,1.0,4,0
W3098178216,2020,0.5,3,1
W3152652968,2020,0.5,3,1
W3169548766,2021,0.5,3,1
W3176654014,2021,1.0,4,0
W3177286567,2021,1.0,4,0
W2064369514,2013,-1.0,0,1
W4285325553,2021,0.0,2,2
W2003293595,2015,-0.3333333333333333,1,2
W2078120943,2013,1.0,1,0
W2323607629,2012,1.0,3,0
W2361224500,2012,1.0,2,0
W2494550617,2016,-1.0,0,3
W2549748540,2016,0.3333333333333333,2,1
W2553440400,2016,-1.0,0,3
W2972677628,2019,1.0,1,0
W3038735381,2019,1.0,3,0
W3084937676,2020,1.0,3,0
W3114257055,2020,-0.3333333333333333,1,2
W3133688289,2020,0.3333333333333333,2,1
W3134150134,2021,0.3333333333333333,2,1
W3182974197,2021,-1.0,0,3
W3199505884,2021,-1.0,0,3
W3217736524,2021,1.0,3,0
W3214118550,2021,-1.0,0,3
W4200016600,2021,0.3333333333333333,2,1
W4205685429,2021,-0.3333333333333333,1,2
W4214508169,2013,-0.3333333333333333,1,2
W4231217887,2021,-1.0,0,3
W4226403730,2021,1.0,3,0
W4244833907,2021,1.0,3,0
W796505032,2014,-1.0,0,3
W126317256,2013,-1.0,0,2
W2148249912,2013,,0,0
W1965224301,2013,1.0,2,0
W1990079567,2014,1.0,2,0
W2127665657,2011,1.0,2,0
W2142150305,2011,-1.0,0,2
W2251612502,2015,-1.0,0,2
W2272234923,2015,-1.0,0,2
W2319793622,2011,1.0,2,0
W2398338067,2015,1.0,2,0
W2407531887,2013,1.0,2,0
W2411811029,2016,-1.0,0,2
W2587162719,2016,0.0,1,1
W2597982282,2017,1.0,2,0
W2749928091,2017,-1.0,0,2
W2903557467,2018,-1.0,0,2
W3015416166,2019,1.0,2,0
W3163864372,2020,1.0,2,0
W3169048346,2021,-1.0,0,2
W3190473538,2021,1.0,2,0
W4285717498,2020,1.0,2,0
W4242629684,2012,1.0,2,0
W125504763,2012,-1.0,0,4
W2043184239,2014,-0.3333333333333333,1,2
W2885597522,2017,1.0,4,0
W2061062514,2015,-1.0,0,3
W2600042600,2017,1.0,3,0
W2754754897,2017,0.0,1,1
W2945554214,2019,1.0,4,0
W3038093759,2020,-1.0,0,5
W2566750370,2016,1.0,2,0
W2765594732,2017,-1.0,0,3
W2950073060,2019,-1.0,0,4
W2954677562,2019,0.0,2,2
W2977640096,2017,1.0,4,0
W2973730371,2019,-1.0,0,3
W3031562936,2020,-0.5,1,3
W2271847656,2015,-1.0,0,2
W2520209422,2016,1.0,2,0
W2608892479,2017,1.0,3,0
W2922501952,2018,-0.3333333333333333,1,2
W3042839170,2020,1.0,3,0
W3082394896,2020,1.0,3,0
W3085616720,2020,-0.3333333333333333,1,2
W3094425773,2020,0.3333333333333333,2,1
W3094989083,2020,-0.3333333333333333,1,2
W3096417868,2020,0.3333333333333333,2,1
W3113280668,2020,0.3333333333333333,2,1
W2737668296,2015,,0,0
W2559827500,2016,,0,0
W4239970510,2021,0.3333333333333333,2,1
W4406088574,2019,1.0,2,0
W3209738691,2021,1.0,3,0
W2090076854,2014,-1.0,0,1
W2963167422,2019,0.0,1,1
W2979834612,2019,1.0,1,0
W2982692669,2019,-1.0,0,1
W2987513906,2019,1.0,1,0
W3012261329,2020,-1.0,0,2
W3017217064,2019,1.0,2,0
W3026362213,2019,1.0,1,0
W3029293814,2020,1.0,2,0
W3089283175,2020,-1.0,0,2
W3162246136,2021,0.0,1,1
W3180615322,2021,0.0,1,1
W3194088782,2020,1.0,2,0
W3196867982,2021,-1.0,0,2
W3211001609,2021,1.0,2,0
W3216974102,2021,1.0,2,0
W4200516613,2021,0.0,1,1
W1985878739,2014,,0,0
W4205809406,2021,0.0,1,1
W4206038101,2021,1.0,2,0
W4226212057,2021,0.0,1,1
W4246226838,2020,1.0,2,0
W2037988770,2012,,0,0
W2052588501,2011,,0,0
W4285543476,2021,1.0,2,0
W2057330412,2013,,0,0
W2580533227,2016,,0,0
W2809020817,2018,,0,0
W2931684629,2019,,0,0
W2982487632,2019,,0,0
W3028409333,2019,,0,0
W3117779521,2020,1.0,1,0
W3175982184,2021,1.0,1,0
W3197737183,2021,-1.0,0,1
W3198671284,2021,1.0,1,0
W3205271954,2021,1.0,1,0
W3208125210,2021,1.0,1,0
W4205207298,2021,1.0,1,0
W4287740504,2021,1.0,1,0
W4251582416,2021,1.0,1,0
W3143351831,2012,-1.0,0,3
W1688939,2013,-0.3333333333333333,1,2
W2330187992,2013,1.0,4,0
W1512193156,2015,1.0,3,0
W2019985064,2014,0.3333333333333333,2,1
W2277776560,2015,-1.0,0,4
W2349908314,2012,1.0,2,0
W52213268,2013,0.0,2,2
W1582447957,2012,1.0,2,0
W1842834174,2011,-1.0,0,3
W2069625770,2013,-1.0,0,2
W2079142331,2012,1.0,3,0
W2082092804,2013,-1.0,0,2
W2121952165,2012,-1.0,0,3
W2275140988,2015,-1.0,0,3
W2316899027,2014,1.0,1,0
W2561139836,2015,-1.0,0,2
W2576073728,2016,1.0,4,0
W2622339976,2017,-1.0,0,3
W2117646587,2011,-1.0,0,3
W3097507180,2020,-1.0,0,4
W1504121931,2012,-1.0,0,1
W4247482412,2021,1.0,4,0
W1896671676,2015,1.0,3,0
W1989313023,2011,,0,0
W1969743416,2013,-1.0,0,3
W1970489283,2012,1.0,2,0
W1986309490,2015,-0.3333333333333333,1,2
W1997458026,2013,-1.0,0,2
W2052102440,2013,-1.0,0,2
W2059631113,2014,1.0,3,0
W2089115871,2012,-1.0,0,2
W2135285364,2014,-1.0,0,2
W2273378455,2015,1.0,3,0
W2251022850,2012,-1.0,0,3
W2344344869,2016,-0.3333333333333333,1,2
W2406566997,2016,-1.0,0,3
W2496085099,2012,1.0,2,0
W2554932353,2016,0.3333333333333333,2,1
W2559400683,2016,1.0,2,0
W2566785271,2016,1.0,2,0
W2573624836,2016,1.0,2,0
W2589098947,2017,0.0,1,1
W2735262376,2017,-1.0,0,3
W2767135488,2017,1.0,2,0
W2770364392,2017,-1.0,0,2
W2937715416,2018,1.0,2,0
W2932281273,2019,-1.0,0,3
W2975429742,2019,0.3333333333333333,2,1
W2978482848,2019,-1.0,0,3
W2980826805,2019,1.0,3,0
W4235789364,2017,1.0,2,0
W1995904463,2014,,0,0
W4237150515,2017,-1.0,0,3
W2021157393,2012,,0,0
W1590181907,2015,-1.0,0,2
W2031923803,2014,,0,0
W1679808956,2012,-1.0,0,2
W2015827723,2012,-1.0,0,2
W2043564985,2014,1.0,1,0
W2241729248,2015,,0,0
W2044213452,2014,-1.0,0,2
W2162727424,2013,0.0,1,1
W2164648158,2011,1.0,1,0
W2215400955,2015,0.0,1,1
W2324680916,2013,,0,0
W2250343084,2015,-1.0,0,1
W2248558511,2015,1.0,1,0
W2295572956,2015,-1.0,0,1
W2399002839,2014,-1.0,0,2
W2480314666,2016,-1.0,0,1
W2521155355,2016,1.0,1,0
W2540027517,2012,1.0,2,0
W2566793178,2016,1.0,1,0
W2582543056,2016,1.0,2,0
W2587390950,2017,1.0,2,0
W2735021412,2017,1.0,1,0
W2737242174,2017,-1.0,0,2
W2779678074,2017,-1.0,0,1
W2798842161,2018,1.0,2,0
W2808985556,2018,0.0,1,1
W2884133372,2018,1.0,2,0
W2926962520,2015,,0,0
W2891249168,2018,1.0,2,0
W2891264813,2018,-1.0,0,2
W2901755802,2018,1.0,2,0
W2907066366,2018,1.0,2,0
W2912789248,2019,1.0,2,0
W2945703740,2019,0.0,1,1
W2962704502,2018,1.0,2,0
W2963696609,2016,-1.0,0,1
W2967408653,2019,1.0,2,0
W2970395771,2019,-1.0,0,2
W2974296754,2019,1.0,2,0
W2981143916,2019,1.0,2,0
W2981274688,2011,1.0,2,0
W2982304515,2019,0.0,1,1
W2989068089,2019,-1.0,0,2
W3001457007,2020,-1.0,0,2
W3013202979,2020,1.0,2,0
W3047327766,2020,1.0,2,0
W3054608853,2020,-1.0,0,2
W3100332716,2020,0.0,1,1
W3119888661,2020,-1.0,0,2
W3167790123,2021,0.0,1,1
W3185076907,2021,-1.0,0,2
W3202090274,2021,1.0,2,0
W3210442864,2021,-1.0,0,2
W4205613330,2021,0.0,1,1
W4231968153,2020,1.0,2,0
W4285718888,2020,1.0,2,0
W1409963766,2014,-1.0,0,1
W2019407730,2013,,0,0
W69418533,2014,-1.0,0,1
W1461713554,2015,-1.0,0,1
W1975778201,2011,1.0,1,0
W1924890580,2015,-1.0,0,1
W2010870178,2012,1.0,1,0
W2008498880,2012,1.0,1,0
W203324265,2012,,0,0
W2035673518,2012,,0,0
W2026443167,2013,1.0,1,0
W2051466586,2014,,0,0
W2057749346,2012,,0,0
W2073747139,2013,,0,0
W2038015893,2013,1.0,1,0
W2040136163,2013,1.0,1,0
W2043481018,2014,-1.0,0,1
W2054041976,2011,1.0,1,0
W2077625597,2014,,0,0
W2118568172,2011,,0,0
W2126288093,2021,,0,0
W2074301728,2011,1.0,1,0
W2087943365,2013,-1.0,0,1
W213038871,2012,-1.0,0,1
W2143676755,2015,1.0,1,0
W2130807995,2013,-1.0,0,1
W2157039528,2011,1.0,1,0
W2163767754,2014,-1.0,0,1
W2175885832,2015,1.0,1,0
W2236746710,2012,,0,0
W2180286140,2015,-1.0,0,1
W2186614348,2012,1.0,1,0
W2231155729,2015,1.0,1,0
W2251213183,2015,-1.0,0,1
W2320075707,2014,,0,0
W2292875219,2015,1.0,1,0
W2302192333,2013,1.0,1,0
W2330161062,2013,,0,0
W2317846014,2012,1.0,1,0
W2312535643,2014,-1.0,0,1
W2370366054,2013,,0,0
W2332425180,2015,1.0,1,0
W2333227836,2011,1.0,1,0
W2384067068,2012,1.0,1,0
W2490977936,2012,1.0,1,0
W2517417525,2016,1.0,1,0
W2528199611,2016,-1.0,0,1
W2529986795,2016,1.0,1,0
W2592956871,2017,,0,0
W2601750972,2017,,0,0
W2530457511,2016,1.0,1,0
W2578191874,2016,-1.0,0,1
W2591307542,2016,1.0,1,0
W2615124051,2017,,0,0
W2744044466,2016,,0,0
W2614438750,2017,1.0,1,0
W2622234031,2016,1.0,1,0
W2734707529,2016,1.0,1,0
W2734558735,2017,-1.0,0,1
W2737976981,2017,-1.0,0,1
W2749483351,2017,1.0,1,0
W2759138329,2017,1.0,1,0
W2760925806,2017,1.0,1,0
W2769827853,2017,-1.0,0,1
W2797429820,2018,,0,0
W2783196079,2017,-1.0,0,1
W2908741536,2018,,0,0
W2786028997,2018,1.0,1,0
W2809682347,2018,-1.0,0,1
W2895613216,2018,1.0,1,0
W2883512327,2018,1.0,1,0
W2913603494,2018,1.0,1,0
W2921280230,2019,-1.0,0,1
W2937078767,2012,,0,0
W2921824247,2017,1.0,1,0
W2921348846,2019,1.0,1,0
W2922261506,2018,-1.0,0,1
W2939801646,2019,1.0,1,0
W2942534378,2019,1.0,1,0
W2945599217,2018,-1.0,0,1
W2947365777,2019,1.0,1,0
W2963636934,2019,1.0,1,0
W2969916746,2019,1.0,1,0
W2974844789,2019,1.0,1,0
W2982304810,2019,-1.0,0,1
W2986927892,2019,1.0,1,0
W2988259873,2019,1.0,1,0
W2989884657,2019,1.0,1,0
W2990615614,2019,1.0,1,0
W2998491363,2019,1.0,1,0
W3006529229,2020,1.0,1,0
W3009295827,2019,-1.0,0,1
W3011041267,2019,1.0,1,0
W3013190082,2019,1.0,1,0
W3015721210,2016,1.0,1,0
W3013850533,2020,1.0,1,0
W3017947005,2019,1.0,1,0
W3017194966,2019,-1.0,0,1
W3036022320,2020,-1.0,0,1
W3043660674,2019,1.0,1,0
W3040259603,2020,1.0,1,0
W3082534813,2021,-1.0,0,1
W3091725629,2020,1.0,1,0
W3103653270,2020,1.0,1,0
W3114052248,2020,1.0,1,0
W3120825990,2021,-1.0,0,1
W3129077887,2020,1.0,1,0
W3133366149,2021,-1.0,0,1
W3135619937,2021,1.0,1,0
W3138333794,2021,-1.0,0,1
W3184351464,2020,-1.0,0,1
W3192831606,2021,1.0,1,0
W3194454034,2021,-1.0,0,1
W3196697861,2021,-1.0,0,1
W3214184504,2021,1.0,1,0
W42804133,2011,,0,0
W3217468039,2021,1.0,1,0
W4285713141,2020,,0,0
W4205707725,2014,-1.0,0,1
W4210272912,2021,1.0,1,0
W4237670021,2018,1.0,1,0
W4285752234,2020,1.0,1,0
W4287812879,2020,1.0,1,0
W46038069,2014,,0,0
W795376890,2013,,0,0
W45191182,2014,1.0,1,0
W614559976,2015,1.0,1,0
W69709800,2014,-1.0,0,1
W82836335,2011,-1.0,0,1
W2922669486,2019,-1.0,0,1
W2938254891,2017,1.0,1,0
W2939663782,2019,-1.0,0,1
W2996502828,2019,1.0,1,0
W2978225963,2019,-1.0,0,1
W3100477243,2020,1.0,1,0
W3114911122,2020,-1.0,0,1
W3159019626,2021,1.0,1,0
W3159305960,2021,1.0,1,0
W3159986565,2021,1.0,1,0
W4200580738,2021,1.0,1,0
W3003426262,2020,-0.56,11,39
W2737925311,2017,-0.12,22,28
W2970862273,2019,1.0,50,0
W2972135640,2019,-0.52,12,38
W2468480579,2016,-0.36,16,34
W3044211235,2020,-0.6,10,40
W2969740599,2019,-0.76,6,44
W2981349114,2019,-0.52,12,38
W2954855426,2019,-0.68,8,42
W3204333469,2021,-0.8,5,45
W2977944219,2019,-0.88,3,47
W2981337066,2019,0.0,25,25
W3123811550,2020,-0.64,9,41
W2606757878,2017,-0.28,18,32
W4307459710,2016,1.0,50,0
W2963201387,2016,1.0,50,0
W3021676282,2020,-0.88,3,47
W2136566870,2015,-0.5319148936170213,11,36
W3034966820,2020,-0.8,5,45
W2789584252,2018,-0.9574468085106383,1,46
W3005273021,2020,-0.6595744680851063,8,39
W2950193743,2018,-0.65,7,33
W3087885918,2020,-0.7209302325581395,6,37
W2986595342,2019,-0.3333333333333333,13,26
W2195405088,2015,-0.9,2,38
W3216578859,2021,-0.7,6,34
W2897076808,2018,-0.5,9,27
W4287599851,2020,1.0,37,0
W4377562264,2019,1.0,39,0
W3087134770,2020,-1.0,0,35
W3089285634,2020,-0.6,7,28
W2947881255,2019,-0.7058823529411765,5,29
W2905569079,2018,-0.7857142857142857,3,25
W2566926700,2016,-0.8333333333333334,2,22
W3001997377,2019,-1.0,0,31
W2949205117,2018,1.0,30,0
W3000514287,2020,-0.2413793103448276,11,18
W3142970963,2021,-0.7777777777777778,3,24
W2737088691,2017,-0.44,7,18
W3082677261,2020,1.0,26,0
W2901595218,2018,-0.8260869565217391,2,21
W4211230408,2011,-1.0,0,18
W3206466389,2021,-0.76,3,22
W4303443773,2021,1.0,22,0
W2990741518,2019,-0.7777777777777778,2,16
W3047062339,2020,-0.7894736842105263,2,17
W2893143132,2018,-0.4444444444444444,5,13
W3034372013,2020,-0.7894736842105263,2,17
W2897419880,2018,-0.5294117647058824,4,13
W2973578827,2019,0.06666666666666667,8,7
W3046427445,2020,-0.7777777777777778,2,16
W3167276542,2021,-0.5555555555555556,4,14
W2470806257,2016,-0.4666666666666667,4,11
W2947137205,2019,-0.7333333333333333,2,13
W3030065587,2020,-0.4117647058823529,5,12
W2770368305,2017,-0.45454545454545453,3,8
W2995919959,2019,-1.0,0,16
W2787901412,2018,-0.8666666666666667,1,14
W2895478303,2018,-0.42857142857142855,4,10
W2972498626,2019,-0.625,3,13
W3008241282,2020,-1.0,0,15
W3013294133,2020,1.0,15,0
W3044570655,2020,-1.0,0,15
W4293454876,2021,1.0,15,0
W2890571031,2018,-0.8461538461538461,1,12
W3162221622,2021,-0.8571428571428571,1,13
W3087125464,2020,-0.7142857142857143,2,12
W3170929029,2021,-0.2857142857142857,5,9
W2994475624,2019,-0.6666666666666666,2,10
W2798526799,2018,-0.38461538461538464,4,9
W3173159423,2021,-0.5714285714285714,3,11
W2959673509,2019,-1.0,0,13
W3048375743,2020,-0.14285714285714285,6,8
W3080832531,2020,-0.38461538461538464,4,9
W3086120435,2020,-0.6923076923076923,2,11
W3188809857,2021,-1.0,0,13
W4244084653,2020,0.38461538461538464,9,4
W4294990105,2021,1.0,13,0
W2769311391,2017,-1.0,0,11
W2973119553,2019,-0.3333333333333333,4,8
W3007021553,2020,-0.16666666666666666,5,7
W3089028950,2020,1.0,12,0
W3103710326,2020,-0.5,3,9
W4286905003,2021,1.0,12,0
W3112156238,2020,-0.45454545454545453,3,8
W3087709229,2020,-0.8181818181818182,1,10
W2474828096,2016,-0.8,1,9
W3036491206,2020,-1.0,0,10
W2796161801,2018,-0.4,3,7
W3133898286,2021,-0.1111111111111111,4,5
W3042954354,2020,-0.6,2,8
W4286965027,2021,1.0,10,0
W4287664612,2020,1.0,10,0
W4290075100,2021,1.0,10,0
W2769419222,2017,0.0,3,3
W3097369509,2020,1.0,9,0
W3009440184,2020,-0.3333333333333333,3,6
W3028411588,2020,-0.1111111111111111,4,5
W3121280392,2021,0.5555555555555556,7,2
W3136550667,2021,-1.0,0,9
W3170792944,2021,-0.3333333333333333,3,6
W3176419660,2021,-0.3333333333333333,3,6
W3180058888,2020,-1.0,0,9
W3185888692,2021,-1.0,0,9
W4225861966,2021,1.0,9,0
W4206850966,2021,1.0,9,0
W4300213088,2021,1.0,9,0
W2617501642,2017,-0.7142857142857143,1,6
W2522871251,2016,-1.0,0,6
W2738875051,2018,0.3333333333333333,4,2
W2903351947,2018,-1.0,0,6
W2963496197,2016,1.0,6,0
W3037614103,2020,-0.5,2,6
W3098793220,2020,-0.75,1,7
W3206473572,2021,0.0,4,4
W2622584974,2017,-1.0,0,7
W2775902494,2017,-0.6,1,4
W2907757832,2018,-0.42857142857142855,2,5
W2950585616,2015,-1.0,0,6
W2991140639,2019,-0.42857142857142855,2,5
W3208378893,2021,-1.0,0,7
W3216268986,2020,-1.0,0,7
W2109729237,2014,-0.6,1,4
W4226476765,2021,1.0,7,0
W2580972649,2017,-0.6,1,4
W2889486418,2018,-0.6,1,4
W2787442509,2018,-1.0,0,6
W2898209710,2018,-0.3333333333333333,2,4
W2949007509,2019,-1.0,0,6
W3007533261,2020,-1.0,0,6
W3035180373,2020,-0.6666666666666666,1,5
W3035368342,2020,-1.0,0,6
W3128080006,2021,-1.0,0,6
W3198662695,2021,0.0,3,3
W3212111840,2021,1.0,6,0
W3089340499,2020,-0.6666666666666666,1,5
W4225785630,2021,1.0,6,0
W4308900311,2021,1.0,6,0
W4307481071,2020,1.0,6,0
W2112666698,2012,-1.0,0,3
W2227587554,2015,0.0,2,2
W2430909973,2016,-1.0,0,5
W2566201549,2016,1.0,2,0
W2773088683,2017,-0.2,2,3
W2884169041,2018,-1.0,0,5
W2904818016,2018,-1.0,0,5
W2901570046,2018,0.0,2,2
W2907710302,2018,-1.0,0,4
W2940426316,2019,-1.0,0,5
W2965749647,2019,-0.3333333333333333,1,2
W3020029582,2020,-1.0,0,4
W3036174857,2020,-1.0,0,5
W3048482737,2020,-0.2,2,3
W3090168279,2020,1.0,5,0
W3124676304,2021,-0.6,1,4
W3162741182,2021,-0.6,1,4
W3207398738,2020,-1.0,0,5
W3185528253,2021,-0.6,1,4
W4287086211,2021,1.0,5,0
W2947092583,2019,1.0,4,0
W2798658711,2018,1.0,4,0
W3024012339,2020,-1.0,0,4
W3034493393,2020,-0.5,1,3
W3083484395,2020,0.0,2,2
W3105568421,2021,1.0,4,0
W3106570431,2020,-1.0,0,4
W3112912401,2020,-1.0,0,4
W3119474393,2021,-1.0,0,2
W3134582342,2021,-0.5,1,3
W3195283329,2021,-0.5,1,3
W3206151786,2021,-1.0,0,4
W3211138721,2021,-0.5,1,3
W3216173995,2021,-0.3333333333333333,1,2
W4295815808,2020,1.0,4,0
W2469533961,2016,-0.3333333333333333,1,2
W2529387583,2016,1.0,3,0
W2577529757,2017,-0.3333333333333333,1,2
W2609772914,2017,-0.3333333333333333,1,2
W2758754618,2017,-1.0,0,2
W2967271655,2019,0.3333333333333333,2,1
W3003352860,2020,-0.3333333333333333,1,2
W2968922781,2019,-1.0,0,3
W3013252785,2020,0.3333333333333333,2,1
W3103472728,2020,0.3333333333333333,2,1
W3134113520,2021,-1.0,0,3
W3200686130,2021,-0.3333333333333333,1,2
W3216472619,2020,-1.0,0,3
W3175216217,2021,-0.3333333333333333,1,2
W4200629811,2021,1.0,3,0
W4200633498,2021,1.0,3,0
W4206020654,2021,1.0,3,0
W4287078536,2021,1.0,3,0
W4288796757,2020,1.0,3,0
W4297798554,2020,1.0,3,0
W2898797547,2018,-1.0,0,1
W2900896563,2018,1.0,2,0
W2950924396,2015,-1.0,0,2
W2953713006,2018,1.0,2,0
W2984489779,2019,-1.0,0,2
W3012663836,2020,-1.0,0,2
W3019845454,2020,0.0,1,1
W3023615927,2020,0.0,1,1
W3034714384,2020,-1.0,0,2
W3040236981,2020,1.0,2,0
W3082242339,2020,1.0,2,0
W3114752479,2020,-1.0,0,2
W3149563574,2021,1.0,2,0
W3160513177,2021,-1.0,0,2
W3162505954,2020,-1.0,0,2
W3173850711,2021,-1.0,0,2
W3179349652,2021,0.0,1,1
W3180421399,2021,-1.0,0,2
W3191648337,2021,-1.0,0,2
W3197527170,2021,-1.0,0,2
W3205269645,2021,-1.0,0,2
W3203390572,2021,-1.0,0,2
W3202591724,2021,-1.0,0,2
W3217073400,2021,-1.0,0,2
W3217721657,2021,0.0,1,1
W4308482982,2021,1.0,2,0
W4287263149,2021,1.0,2,0
W4310813325,2021,1.0,2,0
W117923229,2011,1.0,1,0
W2235361124,2011,-1.0,0,1
W2899018839,2018,1.0,1,0
W2798651623,2018,-1.0,0,1
W2925632024,2017,1.0,1,0
W2946709033,2019,-1.0,0,1
W2983524951,2019,,0,0
W2949378179,2016,-1.0,0,1
W2992493043,2019,-1.0,0,1
W2995317152,2019,1.0,1,0
W3110813662,2020,1.0,1,0
W3011954297,2020,-1.0,0,1
W3147860783,2020,1.0,1,0
W3115464899,2020,1.0,1,0
W3156075315,2021,-1.0,0,1
W3157036202,2021,-1.0,0,1
W3165591736,2021,-1.0,0,1
W3173989048,2021,-1.0,0,1
W3201109081,2021,-1.0,0,1
W3209219707,2021,-1.0,0,1
W3214415967,2021,1.0,1,0
W4293430846,2021,1.0,1,0
W4297813224,2020,1.0,1,0
W3215932637,2021,-1.0,0,1
W4310815564,2021,1.0,1,0
W4307695194,2021,1.0,1,0
W2403962807,2011,0.4,35,15
W2808437126,2018,-0.56,11,39
W2798812031,2018,-0.68,8,42
W2798600398,2018,0.2,30,20
W3081247648,2020,-0.76,6,44
W2904238911,2018,0.0,25,25
W2004585457,2015,-0.38095238095238093,13,29
W2612532584,2017,-0.5238095238095238,10,32
W2941969826,2019,-0.5652173913043478,10,36
W2020563146,2011,-0.25925925925925924,10,17
W2963963281,2019,-0.5384615384615384,6,20
W3090462323,2020,0.0,1,1
W2954528301,2019,-0.36363636363636365,7,15
W2894375337,2018,0.0,6,6
W2741871763,2017,1.0,8,0
W2026052189,2015,0.0,4,4
W2029838601,2015,-0.7777777777777778,1,8
W2615206735,2017,-1.0,0,3
W2766481396,2017,-1.0,0,3
W2948607641,2019,-0.8461538461538461,2,24
W3049290542,2020,1.0,3,0
W3090466896,2020,-0.6,1,4
W2761878107,2017,1.0,7,0
W3160545263,2020,-1.0,0,4
W2755462139,2017,-1.0,0,2
W2130785390,2010,1.0,1,0
W3160340831,2020,-1.0,0,2
W2027153795,2011,1.0,3,0
W2592706038,2017,1.0,1,0
W3099808336,2020,0.0,2,2
W3199178324,2012,,0,0
W3006289441,2020,1.0,2,0
W2615212463,2017,-1.0,0,1
W2218547231,2011,-1.0,0,1
W3024496030,2020,-0.3333333333333333,1,2
W3087684520,2020,-1.0,0,3
W1977884995,2011,-0.2,20,30
W2951937667,2019,-0.4,15,35
W2741375528,2017,-0.88,3,47
W3012721484,2020,-0.4,15,35
W2562439797,2016,-0.72,7,43
W3034773362,2020,-0.6,10,40
W2514567832,2016,-0.56,11,39
W2598569220,2017,-0.8,5,45
W2964669873,2019,-0.72,7,43
W1622600386,2015,-0.84,4,46
W2129683077,2010,-0.3333333333333333,8,16
W2741438349,2017,-0.88,3,47
W4742464,2010,-0.7647058823529411,2,15
W3035647909,2020,-0.96,1,49
W2145844195,2014,0.04,26,24
W1921650316,2011,-0.7727272727272727,5,39
W182185074,2010,-0.8888888888888888,2,34
W2886474102,2018,-0.6,10,40
W3003446182,2020,-0.52,12,38
W2335163676,2016,0.13043478260869565,26,20
W2251834758,2015,-1.0,0,34
W2998056485,2020,-0.64,9,41
W3034560444,2020,-1.0,0,37
W3034378323,2020,-0.84,4,46
W2107350009,2013,-0.6470588235294118,3,14
W2905032972,2019,-0.9,2,38
W2970901330,2019,1.0,34,0
W2149795409,2010,-0.8666666666666667,3,42
W2104766406,2011,-0.8,1,9
W1601506792,2014,-0.2222222222222222,14,22
W2251227029,2013,-0.8918918918918919,2,35
W2798778974,2018,-0.52,12,38
W2036090952,2014,-0.68,4,21
W2963128987,2017,-0.08695652173913043,21,25
W2511532844,2016,0.14285714285714285,20,15
W2512862346,2016,-0.4146341463414634,12,29
W3035702572,2020,-0.6666666666666666,8,40
W2075659194,2011,-0.84,2,23
W2509005432,2016,-0.3103448275862069,10,19
W2989489923,2019,-0.9555555555555556,1,44
W1987531039,2014,-0.47368421052631576,5,14
W2093629936,2014,-0.391304347826087,7,16
W2250622761,2014,-0.6,2,8
W3103291908,2020,-1.0,0,38
W3034209683,2020,-0.8378378378378378,3,34
W2899168892,2018,-0.11764705882352941,15,19
W2902706465,2018,-0.8857142857142857,2,33
W2251237305,2015,-0.7419354838709677,4,27
W3116864188,2020,-0.7297297297297297,5,32
W2535264855,2016,-0.46153846153846156,7,19
W2784187071,2018,-0.4838709677419355,8,23
W2072050228,2014,-0.7,3,17
W2965491249,2019,-0.5757575757575758,7,26
W1502183989,2014,-0.9047619047619048,1,20
W2946725933,2019,-0.9393939393939394,1,32
W2782382326,2018,0.08333333333333333,13,11
W2786744843,2017,-0.7037037037037037,4,23
W2294749963,2015,-0.7037037037037037,4,23
W2798964814,2018,-1.0,0,30
W2423636506,2016,-0.9090909090909091,1,21
W3106530084,2020,-0.7241379310344828,4,25
W2160513510,2012,-0.9047619047619048,1,20
W2998518989,2020,-0.5384615384615384,6,20
W2878354304,2018,-1.0,0,25
W2139928100,2011,-1.0,0,10
W3034239264,2020,-0.7692307692307693,3,23
W1981256868,2015,-0.8,1,9
W2560057540,2016,-0.875,1,15
W2113982204,2014,-0.7894736842105263,2,17
W1447839223,2015,-0.6363636363636364,2,9
W3035202933,2020,-0.8,2,18
W2577228977,2016,-0.2222222222222222,7,11
W2793652880,2018,0.06666666666666667,8,7
W2604482913,2017,-0.625,3,13
W2896124351,2018,-0.6923076923076923,2,11
W2132141511,2010,-0.8181818181818182,1,10
W2132643852,2010,-0.5,3,9
W2011266813,2014,-0.8181818181818182,1,10
W103843825,2013,-1.0,0,3
W4245504396,2012,-0.5,1,3
W2020319149,2012,-0.16666666666666666,5,7
W2756639730,2017,-0.6,4,16
W2022741067,2011,-0.7142857142857143,2,12
W117936219,2013,-0.7333333333333333,2,13
W2887161450,2018,-0.375,5,11
W2945533668,2019,-0.2857142857142857,5,9
W2739529945,2017,-1.0,0,15
W2045650651,2013,-0.7777777777777778,1,8
W2983561806,2019,-0.8461538461538461,1,12
W2951781121,2019,-0.16666666666666666,5,7
W2987205951,2019,-0.6666666666666666,2,10
W3105526874,2020,-0.5714285714285714,3,11
W2898852996,2018,0.16666666666666666,7,5
W2978707643,2019,-0.42857142857142855,2,5
W3087997990,2020,-0.3333333333333333,4,8
W2424671613,2016,0.0,4,4
W3113545878,2020,-1.0,0,11
W2250546202,2015,-1.0,0,10
W3102244666,2020,-1.0,0,10
W2251024908,2011,-0.3333333333333333,2,4
W2998157065,2019,-1.0,0,8
W1690106030,2012,-0.2,2,3
W2536238912,2016,-0.6666666666666666,1,5
W1990903093,2012,-0.8,1,9
W2080656495,2012,-0.2,2,3
W2739848234,2017,-0.38461538461538464,4,9
W2115530263,2015,-0.14285714285714285,3,4
W2787175946,2017,-0.2727272727272727,4,7
W2128815520,2013,-1.0,0,5
W3103585599,2020,-0.7777777777777778,1,8
W2900966776,2018,-0.5,1,3
W2756676200,2017,-1.0,0,8
W2917474834,2018,-0.5,2,6
W2798327644,2018,-0.6666666666666666,1,5
W3035522762,2020,0.6,4,1
W2189071810,2010,-0.16666666666666666,5,7
W2906360040,2018,-1.0,0,4
W2184466646,2011,-0.2,2,3
W2250301403,2014,-0.7142857142857143,1,6
W1976507745,2015,0.5,3,1
W2250518310,2013,-1.0,0,5
W402673672,2012,-0.2,2,3
W2557665217,2016,-0.6,1,4
W2979029604,2019,0.2,3,2
W1554270131,2012,-1.0,0,1
W2771080244,2017,-0.3333333333333333,1,2
W2740280498,2017,-1.0,0,3
W2799222453,2018,-0.3333333333333333,1,2
W2772187205,2017,-1.0,0,3
W2275568901,2012,,0,0
W2251013202,2013,0.0,1,1
W2888787678,2018,-0.3333333333333333,1,2
W2808603375,2018,0.0,1,1
W2251427778,2015,,0,0
W3100682608,2020,-1.0,0,3
W2740389991,2017,-1.0,0,3
W2955193272,2019,-0.3333333333333333,1,2
W53068728,2012,-1.0,0,2
W2403673030,2015,1.0,1,0
W2147509912,2014,-1.0,0,2
W2469931743,2016,1.0,2,0
W2557749391,2016,1.0,2,0
W2795155754,2010,-1.0,0,2
W2604443883,2017,-1.0,0,2
W2798303438,2018,-1.0,0,2
W2988759596,2019,0.0,1,1
W2945029216,2019,1.0,1,0
W2117254577,2011,1.0,1,0
W2012288507,2010,1.0,1,0
W68281449,2011,-1.0,0,1
W2964010714,2019,-1.0,0,1
W2930873326,2019,-1.0,0,1
W2947314843,2019,-0.9523809523809523,1,41
W2799044970,2018,-1.0,0,26
W2269931598,2015,-1.0,0,9
W2972339230,2019,-0.3333333333333333,2,4
W1655771249,2014,-1.0,0,1
W2614905167,2017,-0.2,6,9
W827764447,2015,1.0,2,0
W2766580344,2017,-1.0,0,1
W4288287465,2019,1.0,2,0
W2258349824,2019,,0,0
W2403572403,2010,-1.0,0,1
W2947990362,2019,1.0,1,0
W2953712567,2019,-1.0,0,1
W3098411750,2020,-1.0,0,1
W3083365075,2020,-1.0,0,1
W2035299679,2015,-0.32,17,33
W2731516742,2018,-0.76,6,44
W2743289088,2017,-0.72,7,43
W2982802130,2019,-0.96,1,49
W1983474530,2015,-0.12,22,28
W1937059634,2015,-0.08,23,27
W2964121818,2019,-0.48,13,37
W3034357629,2020,-0.88,3,47
W2105610271,2014,-0.08,23,27
W2949274928,2014,0.04,26,24
W3034344052,2020,-0.76,6,44
W2964082983,2018,-0.84,4,46
W2948467580,2019,-0.6,10,40
W3035149912,2020,-0.88,3,47
W2319441181,2016,-0.48,13,37
W2125076245,2014,-0.84,4,46
W2108013467,2013,-0.68,8,42
W2554242204,2016,-0.72,7,43
W2997884640,2020,1.0,50,0
W2013619287,2013,-0.72,7,43
W2359108789,2016,-0.4,15,35
W2962707223,2018,-0.88,3,47
W2290309368,2015,-0.88,3,47
W3034528588,2020,-0.92,2,48
W3081979245,2020,-0.24,19,31
W2775194089,2017,0.2,30,20
W3035303839,2020,-0.84,4,46
W2884022415,2018,-0.56,11,39
W2788125892,2018,-0.36,16,34
W2917061951,2019,-1.0,0,50
W1794760533,2016,-0.2,20,30
W3048058014,2020,-0.36,16,34
W2788836009,2018,-0.76,6,44
W3012774908,2020,-0.8,5,45
W2181171515,2015,-0.46153846153846156,7,19
W2997563695,2020,-0.6,10,40
W2903665338,2018,-0.6571428571428571,6,29
W3035715446,2020,-1.0,0,50
W2740871496,2017,-0.6,10,40
W2570829146,2017,-0.06666666666666667,21,24
W2804196292,2018,0.6,32,8
W3112369363,2020,0.4146341463414634,29,12
W2741232386,2017,-0.9512195121951219,1,40
W2594569625,2017,-0.6571428571428571,6,29
W2946706208,2019,1.0,37,0
W3093994940,2020,1.0,22,0
W3102982004,2020,1.0,23,0
W2240387730,2015,-0.6571428571428571,6,29
W2068591509,2014,-0.3888888888888889,11,25
W2761158873,2017,-0.19148936170212766,19,28
W2401089081,2015,-1.0,0,28
W3035235751,2020,-0.4,15,35
W2742033716,2017,-0.5,8,24
W2982754279,2019,-0.5454545454545454,10,34
W3035414587,2020,-0.68,8,42
W2583919170,2017,-0.6666666666666666,6,30
W2965153332,2019,-1.0,0,41
W2889609569,2018,1.0,40,0
W2808868252,2018,-0.85,3,37
W612386257,2013,-0.16129032258064516,13,18
W2968868585,2019,-0.3684210526315789,12,26
W197893777,2014,-0.15151515151515152,14,19
W3005593316,2020,0.0,17,17
W2988277473,2019,-1.0,0,33
W2997748707,2020,-0.6571428571428571,6,29
W3111849155,2020,0.8235294117647058,31,3
W2788361849,2018,-0.6875,5,27
W2964622438,2019,-0.8620689655172413,2,27
W1982885237,2012,-1.0,0,17
W2998310140,2020,-0.8666666666666667,2,28
W2580802682,2017,0.07142857142857142,15,13
W4292169094,2013,-0.18181818181818182,9,13
W2793357326,2018,-0.5384615384615384,6,20
W3109317361,2020,-0.76,3,22
W3034265689,2020,-0.8181818181818182,2,20
W2605257858,2017,-0.18181818181818182,9,13
W1988542814,2013,0.058823529411764705,9,8
W2510004850,2016,-0.4117647058823529,5,12
W3006343977,2020,0.0,8,8
W3006235855,2020,-0.375,5,11
W3098379903,2020,-0.875,1,15
W2013916543,2014,-0.75,1,7
W2242222096,2015,0.3333333333333333,8,4
W2586183490,2017,-0.2,4,6
W2035163648,2012,1.0,1,0
W3035204914,2020,-0.5714285714285714,6,22
W2019607434,2013,-0.8333333333333334,1,11
W2789007410,2018,-0.391304347826087,7,16
W2890267291,2018,0.3,13,7
W3033504500,2020,-0.6,4,16
W2152420560,2013,-0.6,2,8
W2921261674,2019,0.0,8,8
W3041291127,2020,-0.2,8,12
W2938439675,2019,-0.5384615384615384,3,10
W2999331512,2020,-0.42857142857142855,4,10
W3037622334,2020,0.14285714285714285,8,6
W2738130394,2017,-1.0,0,6
W2904576573,2019,0.42857142857142855,10,4
W2741249253,2017,-0.3333333333333333,3,6
W2964136424,2019,-0.16666666666666666,5,7
W2807936987,2018,-1.0,0,10
W203384014,2014,-0.5,3,9
W2359360576,2016,-0.4,3,7
W2984230369,2019,0.6,8,2
W3097972903,2020,-0.2,4,6
W2966543375,2019,-0.3333333333333333,3,6
W2493493268,2016,-0.2,2,3
W2062775987,2014,0.0,3,3
W1987435221,2015,-0.6666666666666666,1,5
W2299294434,2015,-0.5,1,3
W2786009628,2018,0.5555555555555556,7,2
W2039204131,2011,-1.0,0,8
W2604256121,2017,0.2727272727272727,7,4
W2998583092,2020,-1.0,0,11
W3105345689,2020,-0.45454545454545453,3,8
W2740763901,2017,0.25,5,3
W2894761219,2018,0.7777777777777778,8,1
W2963714798,2019,-0.7777777777777778,1,8
W2947283245,2019,-1.0,0,9
W3007854780,2020,1.0,8,0
W2902152374,2018,1.0,4,0
W2896187826,2018,-0.75,1,7
W2740588188,2017,-0.2,2,3
W2950143023,2019,-1.0,0,7
W2908445697,2018,0.3333333333333333,4,2
W2065093127,2013,,0,0
W3002203576,2020,-0.3333333333333333,2,4
W1991837859,2013,,0,0
W3101639152,2020,1.0,5,0
W2965611971,2019,-1.0,0,3
W1990909157,2012,0.3333333333333333,2,1
W2489668743,2016,1.0,5,0
W2002576775,2013,1.0,1,0
W2078382510,2011,,0,0
W3113610426,2020,0.5,3,1
W3105366904,2020,-0.6,1,4
W2141888080,2012,,0,0
W2740211889,2017,-0.3333333333333333,1,2
W2965218607,2019,0.0,1,1
W2086835975,2014,-0.3333333333333333,1,2
W2905499052,2019,-0.2,2,3
W1602818998,2010,,0,0
W3003375694,2019,-0.5,1,3
W2971273154,2019,-0.5,1,3
W2999180717,2020,1.0,2,0
W3082287787,2020,1.0,2,0
W2039842051,2010,-1.0,0,1
W2387618302,2016,0.0,1,1
W2072358127,2011,1.0,1,0
W2907057997,2018,1.0,1,0
W2957529593,2019,0.0,1,1
W2559021227,2016,,0,0
W3097609423,2020,0.0,1,1
W3022983628,2020,1.0,2,0
W1974846516,2011,1.0,1,0
W1991601337,2010,1.0,1,0
W2753012705,2017,-1.0,0,1
W3089597394,2020,1.0,1,0
W1838102683,2014,-0.08,23,27
W3109319753,2020,-0.92,2,48
W2990875140,2019,-0.4,15,35
W2914712270,2019,-0.96,1,49
W3081624383,2020,-0.9473684210526315,1,37
W3087150032,2020,-0.8285714285714286,3,32
W3094522247,2020,-0.88,3,47
W3088841956,2020,-0.48148148148148145,7,20
W2972858998,2019,-0.7692307692307693,3,23
W1670132599,2013,-0.32,17,33
W2804134262,2018,-0.8823529411764706,1,16
W2971155615,2019,1.0,23,0
W2791630758,2018,0.7894736842105263,17,2
W3091991030,2020,-0.8947368421052632,1,18
W2999049229,2019,-1.0,0,17
W2619219755,2017,-0.8571428571428571,1,13
W2959934193,2019,-0.5714285714285714,3,11
W3013755596,2020,-0.8666666666666667,1,14
W2997127180,2019,-0.7142857142857143,2,12
W2965313653,2019,-1.0,0,13
W2737371731,2017,-0.8333333333333334,1,11
W2951233667,2019,-1.0,0,11
W2975226189,2019,-1.0,0,10
W2341916285,2016,0.25,5,3
W2345183801,2016,1.0,5,0
W3024355276,2020,-1.0,0,11
W3042886571,2020,-1.0,0,8
W3087455782,2020,-0.5,2,6
W3031822323,2020,-1.0,0,7
W2799140283,2018,1.0,4,0
W2905504210,2018,-0.6666666666666666,1,5
W3003634687,2019,-1.0,0,6
W3011206034,2020,-0.6666666666666666,1,5
W2793149861,2018,-1.0,0,5
W3009624218,2020,-1.0,0,4
W2952242375,2017,-0.6,1,4
W3106851593,2020,1.0,4,0
W3045480790,2020,-1.0,0,3
W4306169305,2020,1.0,3,0
W2497233366,2016,-1.0,0,2
W2885936482,2018,0.0,1,1
W2950035127,2014,1.0,2,0
W3005204404,2020,-1.0,0,2
W3007184304,2020,0.0,1,1
W3176872862,2020,1.0,2,0
W2883084818,2018,1.0,1,0
W2901565077,2018,1.0,1,0
W2941867458,2019,-1.0,0,1
W2948908918,2019,-1.0,0,1
W2965219572,2019,-1.0,0,1
W2966209849,2019,-1.0,0,1
W2786835571,2018,-1.0,0,50
W2104336394,2010,-0.2,2,3
W2963219770,2018,-0.8125,3,29
W3095741321,2020,-1.0,0,5
W2320287644,2014,1.0,1,0
W3058390340,2020,0.2222222222222222,11,7
W3046024780,2020,-1.0,0,1
W2963492071,2018,-1.0,0,3
W2788411104,2018,,0,0
W2786266960,2018,-1.0,0,3
W4287624209,2020,1.0,1,0
W2963544700,2018,-0.6,10,40
W2902144422,2018,0.16,29,21
W2891924676,2018,-0.96,1,49
W4235810972,2018,-0.65,7,33
W2963593215,2017,-0.64,9,41
W2100507040,2010,-0.9166666666666666,1,23
W2953190730,2019,-0.8604651162790697,3,40
W2962712961,2018,-0.92,2,48
W2807873315,2018,-0.56,11,39
W2985547638,2019,0.48148148148148145,20,7
W3034651559,2020,-0.8181818181818182,3,30
W2105524250,2011,-0.8888888888888888,1,17
W2998451506,2020,-0.7142857142857143,4,24
W2970235285,2019,-1.0,0,7
W2954547017,2019,-0.5789473684210527,4,15
W2998259147,2020,-0.7142857142857143,2,12
W2891057421,2018,1.0,1,0
W2904787467,2019,-0.3333333333333333,2,4
W2564335577,2016,,0,0
W1966496372,2011,0.0,1,1
W1972902107,2011,-0.3333333333333333,1,2
W2066261636,2010,0.0,1,1
W2938609707,2019,1.0,1,0
W2740942212,2017,1.0,1,0
W2975073332,2019,-1.0,0,2
W2740603853,2018,-0.38461538461538464,4,9
W2625977873,2017,1.0,35,0
W2892036039,2018,1.0,13,0
W3023818073,2020,-1.0,0,4
W3036856517,2020,-1.0,0,4
W2989852049,2019,-1.0,0,2
W3007045600,2020,-0.32,17,33
W2955906299,2019,-0.44,14,36
W2906943923,2019,-0.24,19,31
W2598139937,2017,-0.56,11,39
W2953327099,2019,-0.84,4,46
W3102419180,2020,1.0,50,0
W2577283662,2017,-0.96,1,49
W3110705828,2020,-0.44,14,36
W3008357810,2020,-0.8,5,45
W2591961137,2017,-0.24,19,31
W2016107072,2011,-0.24444444444444444,17,28
W1992485833,2012,-0.9259259259259259,1,26
W2890190663,2018,-0.5111111111111111,11,34
W2980564839,2019,0.6,40,10
W2962849793,2019,-0.72,7,43
W2752052041,2017,-0.9130434782608695,2,44
W2963622218,2018,-0.7674418604651163,5,38
W2890434219,2018,-0.7619047619047619,5,37
W2963264685,2017,-0.24,19,31
W2964544183,2019,-0.3333333333333333,16,32
W2971066408,2019,-0.627906976744186,8,35
W2884079571,2018,0.47058823529411764,25,9
W2808181785,2018,-0.45454545454545453,9,24
W3086964227,2020,0.14285714285714285,12,9
W120871684,2011,0.3333333333333333,2,1
W3023259715,2020,-0.08571428571428572,16,19
W2625123303,2017,-0.1111111111111111,4,5
W2088708676,2015,-0.125,7,9
W2984589025,2019,0.6363636363636364,18,4
W3111903291,2020,-0.4782608695652174,6,17
W2754163055,2017,0.14285714285714285,8,6
W2803170499,2018,0.3333333333333333,12,6
W2001671731,2010,-0.2857142857142857,5,9
W2790424648,2018,-0.6666666666666666,2,10
W2008659948,2013,-0.25,3,5
W2886034153,2018,1.0,12,0
W2810355991,2018,0.5,6,2
W2131866192,2010,-0.75,1,7
W2127774799,2011,1.0,6,0
W2762946404,2017,-0.45454545454545453,3,8
W2033188305,2013,0.0,4,4
W2934887947,2019,-0.6666666666666666,1,5
W3124625492,2020,-0.5555555555555556,2,7
W3110192178,2020,-0.6666666666666666,1,5
W2945846631,2019,1.0,3,0
W1968929858,2014,-0.6666666666666666,1,5
W2109092649,2013,-0.75,1,7
W2024306204,2010,-1.0,0,4
W2101293592,2012,-0.6666666666666666,1,5
W1570631586,2015,-1.0,0,3
W2007302121,2013,-1.0,0,3
W2158668773,2011,0.0,1,1
W2619935850,2017,1.0,3,0
W3023157840,2020,1.0,2,0
W8915992,2014,-1.0,0,1
W2996574589,2019,-1.0,0,4
W3045909278,2020,1.0,3,0
W2585602850,2016,0.3333333333333333,2,1
W2602675022,2017,-1.0,0,2
W3190876837,2016,1.0,3,0
W2752905295,2016,,0,0
W1582289855,2013,1.0,2,0
W91458770,2011,1.0,1,0
W1993028063,2010,-1.0,0,1
W60230715,2011,,0,0
W2084073070,2013,1.0,1,0
W2802433413,2018,-1.0,0,1
W2808939625,2018,-1.0,0,1
W4255921199,2019,1.0,1,0
W3040993851,2020,-1.0,0,1
W2746911092,2018,-0.04,24,26
W2944538680,2019,-0.8,5,45
W2622328627,2017,-0.15789473684210525,8,11
W3096804376,2020,-0.64,9,41
W2947148979,2019,-1.0,0,19
W3008760144,2018,-0.2,6,9
W2951223591,2017,-0.6470588235294118,3,14
W2947894439,2019,-0.8260869565217391,2,21
W2767768936,2017,-0.8181818181818182,1,10
W2798361469,2018,1.0,9,0
W3110645133,2020,1.0,2,0
W3007522669,2020,-1.0,0,1
W3171453919,2020,-1.0,0,2
W3043486810,2020,1.0,1,0
W3095602948,2020,-0.44,14,36
W3082735440,2020,-1.0,0,1
W1992169730,2013,-0.29411764705882354,12,22
W1859627028,2015,-0.9591836734693877,1,48
W2751922136,2018,-0.84,4,46
W2383250970,2012,1.0,30,0
W1985357787,2011,-0.8571428571428571,1,13
W1998062243,2013,-0.6,4,16
W2039057775,2012,-1.0,0,18
W2336005335,2017,-0.8823529411764706,1,16
W1966306316,2014,-0.2631578947368421,7,12
W2963949870,2013,-0.8823529411764706,1,16
W2205156628,2015,-0.8333333333333334,1,11
W2070264600,2013,,0,0
W2586779395,2017,-0.5,2,6
W2944181604,2019,0.3333333333333333,6,3
W3015016409,2020,-0.2,2,3
W2887613196,2018,-1.0,0,3
W2944457107,2019,1.0,3,0
W2432920384,2015,1.0,1,0
W1981003039,2010,-1.0,0,1
W3102027027,2016,-1.0,0,28
W1988755608,2014,-0.04,24,26
W2078384676,2013,-0.24,19,31
W2095125429,2014,0.2608695652173913,29,17
W2281967902,2015,0.15555555555555556,26,19
W2113026618,2010,-0.375,5,11
W2073264189,2012,-0.5,5,15
W2087427312,2012,-0.3125,11,21
W2073752401,2014,-0.3,7,13
W2009678422,2013,-0.7142857142857143,3,18
W2014248851,2010,0.8461538461538461,12,1
W2061237990,2014,0.25,5,3
W2266540828,2015,-0.5555555555555556,2,7
W2789809461,2018,-0.5555555555555556,2,7
W3006406380,2020,0.0,3,3
W2523462457,2016,0.0,4,4
W2492313115,2016,-0.6923076923076923,2,11
W2000294459,2010,-1.0,0,5
W2512638209,2016,-1.0,0,4
W2792530503,2018,-1.0,0,3
W2143339899,2010,-0.5,1,3
W3010007208,2019,-1.0,0,2
W2189104321,2012,1.0,1,0
W2952488141,2014,-1.0,0,1
W2591858756,2015,-1.0,0,1
W1494913995,2013,-0.24,19,31
W2741901456,2017,0.56,39,11
W2162677599,2010,-0.35,13,27
W1968051370,2013,0.24324324324324326,23,14
W2784145041,2018,0.0,25,25
W2464511030,2016,-0.6842105263157895,6,32
W2735401850,2017,-0.02564102564102564,19,20
W2493493073,2014,0.3333333333333333,14,7
W2953679752,2019,0.6,28,7
W2054711298,2010,-0.2857142857142857,5,9
W2592922084,2017,0.5454545454545454,17,5
W2540806666,2015,0.1111111111111111,5,4
W2542946628,2015,0.5294117647058824,13,4
W3122721099,2020,-0.30434782608695654,8,15
W2895707647,2018,0.7777777777777778,8,1
W2953064057,2019,0.6190476190476191,17,4
W2078188008,2014,0.23076923076923078,8,5
W2785632529,2017,-0.09090909090909091,5,6
W2069673093,2012,-0.4,3,7
W2547759357,2016,1.0,5,0
W3112441600,2020,0.29411764705882354,11,6
W3008885064,2020,0.14285714285714285,8,6
W2437178094,2016,-0.75,1,7
W2971344235,2019,-0.25,3,5
W1900182860,2015,1.0,5,0
W3088651938,2020,0.8,9,1
W2026626880,2010,0.0,2,2
W2005631170,2012,0.5555555555555556,7,2
W2340495028,2016,0.2727272727272727,7,4
W2964001057,2019,0.5555555555555556,7,2
W2129356471,2011,-0.14285714285714285,3,4
W2806329475,2018,0.7142857142857143,6,1
W2054161042,2014,-0.3333333333333333,2,4
W2021549848,2014,0.6,4,1
W1999176572,2013,0.14285714285714285,4,3
W2057307753,2013,-0.2,2,3
W1591521835,2015,-0.3333333333333333,1,2
W1971880322,2012,0.0,1,1
W1982708156,2013,,0,0
W1967328885,2014,1.0,4,0
W2149734466,2012,1.0,3,0
W1998956379,2014,-0.3333333333333333,1,2
W3023252726,2018,1.0,3,0
W2743556553,2017,1.0,2,0
W2940501387,2019,-0.5,1,3
W1991532880,2010,-1.0,0,1
W2027693414,2012,1.0,2,0
W3041079570,2020,-1.0,0,3
W1980100666,2014,1.0,2,0
W2276979131,2015,-1.0,0,2
W2483960424,2016,0.0,1,1
W2919082325,2018,0.0,1,1
W2567155419,2016,0.0,1,1
W1984906682,2014,-1.0,0,1
W3080587392,2020,1.0,2,0
W1990368537,2014,1.0,1,0
W2094379238,2014,-1.0,0,1
W2746345049,2015,1.0,1,0
W2908504399,2018,-1.0,0,1
W2990829505,2019,1.0,1,0
W3108232661,2020,,0,0
W3110246525,2020,1.0,1,0
W1998796870,2013,0.6363636363636364,9,2
W3015980860,2020,-0.8297872340425532,4,43
W2102726448,2014,0.0,14,14
W2766557668,2017,-0.6842105263157895,3,16
W2464067578,2012,0.0,7,7
W2502681814,2016,-0.6,5,20
W2089355963,2015,-0.8620689655172413,2,27
W2613874962,2017,0.3333333333333333,6,3
W2939378741,2019,-0.8666666666666667,1,14
W2763116508,2017,-0.5,2,6
W2228640379,2014,-0.2,2,3
W2228675866,2012,-0.2,2,3
W3097283596,2020,-0.1111111111111111,4,5
W3000929013,2015,1.0,5,0
W2972808491,2019,1.0,8,0
W3089677087,2018,1.0,7,0
W3086821926,2020,-0.3333333333333333,2,4
W2608264166,2017,-0.3333333333333333,2,4
W3015368254,2020,-0.75,1,7
W2738883205,2017,0.0,2,2
W2765561713,2017,,0,0
W2213946457,2015,-1.0,0,1
W2920892659,2019,1.0,1,0
W2793804624,2017,-1.0,0,1
W1569608154,2015,0.0,1,1
W2888703042,2018,0.0,1,1
W3038708927,2020,1.0,1,0
W2912178159,2019,-0.32,17,33
W2645731340,2017,0.0,20,20
W2898725686,2018,-0.32,17,33
W2168634100,2009,-0.4444444444444444,5,13
W2170224461,2009,-0.3333333333333333,1,2
W1966352386,2015,-0.1111111111111111,4,5
W2470979259,2016,0.0,4,4
W2850240473,2018,-0.6666666666666666,2,10
W2948645750,2019,1.0,2,0
W2910932254,2018,0.3333333333333333,2,1
W2922199553,2019,1.0,3,0
W257862434,2010,1.0,2,0
W2604135525,2016,0.0,1,1
W2963358296,2018,0.0,1,1
W3192329481,2014,1.0,1,0
W3023952365,2018,1.0,1,0
W2952686040,2017,-0.2,2,3
W2215502324,2015,-1.0,0,2
W2117355841,2009,-0.88,3,47
W2900763475,2018,1.0,50,0
W2964282455,2018,1.0,50,0
W2004843357,2012,-0.6,10,40
W2147845504,2010,-0.8095238095238095,4,38
W2970843311,2019,1.0,50,0
W2954831790,2019,1.0,50,0
W2432267564,2010,-0.061224489795918366,23,26
W132921321,2014,-0.84,4,46
W2140439590,2009,-0.92,2,48
W2788579977,2018,-0.48,13,37
W2971274354,2019,1.0,50,0
W2745001864,2017,-0.3617021276595745,15,32
W173421291,2011,-0.8787878787878788,2,31
W2054526494,2014,0.8181818181818182,30,3
W1967863365,2013,-0.8461538461538461,2,24
W1969650088,2012,-0.38461538461538464,12,27
W2162150749,2015,-0.7,6,34
W2584187726,2017,-0.1282051282051282,17,22
W2980633415,2018,1.0,39,0
W2020214545,2014,-0.10526315789473684,17,21
W36838763,2013,-0.5,7,21
W2735265293,2017,1.0,39,0
W2095486409,2009,-1.0,0,35
W2083607096,2011,-0.8378378378378378,3,34
W206885600,2009,-0.8260869565217391,2,21
W1947476231,2014,-0.15384615384615385,11,15
W136621464,2010,-0.9230769230769231,1,25
W2028561556,2013,-0.4782608695652174,6,17
W2159633885,2012,-0.4117647058823529,5,12
W2950448984,2018,1.0,25,0
W2994719161,2019,-0.5,5,15
W1997907874,2011,-0.6666666666666666,2,10
W2899644607,2019,-0.4782608695652174,6,17
W2897784787,2018,1.0,16,0
W2172088232,2011,-0.45454545454545453,3,8
W2059355863,2012,-0.4666666666666667,4,11
W2799302953,2018,1.0,26,0
W2031079940,2010,-0.6470588235294118,3,14
W2054807817,2011,-1.0,0,17
W2613261966,2017,-0.8888888888888888,1,17
W2622750247,2009,1.0,18,0
W2903654288,2018,0.1,11,9
W2125151038,2014,-0.07692307692307693,6,7
W2343820143,2016,-0.6,2,8
W2120669055,2011,-0.8,1,9
W2094018360,2011,-0.5714285714285714,3,11
W2121674418,2010,0.5,6,2
W2038205067,2012,-0.4,3,7
W1581428790,2010,0.6666666666666666,10,2
W2946576271,2019,-0.6666666666666666,2,10
W1581897247,2010,-0.75,1,7
W3013819463,2019,1.0,13,0
W2991476136,2019,1.0,11,0
W189069159,2012,-0.5,2,6
W1967789071,2012,0.2,3,2
W2039137727,2013,-0.6,1,4
W2672864287,2017,-0.2,2,3
W1967066839,2014,1.0,7,0
W2622427151,2017,0.7777777777777778,8,1
W2940725065,2019,1.0,12,0
W1803124022,2011,-1.0,0,7
W2076086957,2013,-0.3333333333333333,1,2
W2584390088,2017,0.2,3,2
W2375527044,2016,-1.0,0,7
W2071555834,2013,-1.0,0,5
W2942536693,2018,1.0,5,0
W2739195437,2017,0.6,4,1
W2921217882,2019,0.6666666666666666,5,1
W2008165818,2010,-0.2,2,3
W188172877,2011,-0.3333333333333333,1,2
W2007549118,2010,-1.0,0,4
W2031063652,2010,-1.0,0,5
W2948062280,2019,-0.3333333333333333,2,4
W2735747888,2010,-0.6666666666666666,1,5
W1980415191,2012,-1.0,0,5
W2068318464,2011,0.3333333333333333,4,2
W2078783412,2012,,0,0
W2011058386,2012,-0.6666666666666666,1,5
W2127415127,2015,-1.0,0,3
W2399408340,2015,,0,0
W2911958792,2018,-0.2,2,3
W2910812205,2019,-0.3333333333333333,1,2
W2039161254,2013,-1.0,0,2
W2801638447,2018,1.0,5,0
W336640540,2015,-0.5,1,3
W198833321,2009,1.0,2,0
W2179170820,2012,1.0,1,0
W2080746351,2013,0.0,1,1
W2594372663,2017,1.0,2,0
W2622752164,2009,1.0,1,0
W2895627246,2018,-1.0,0,2
W95874385,2012,-1.0,0,2
W1468597049,2014,-1.0,0,1
W2079946064,2013,-1.0,0,1
W2164118770,2015,1.0,1,0
W2282764603,2016,-1.0,0,1
W2771035597,2017,-0.8,5,45
W4288088467,2019,1.0,50,0
W2773126525,2017,0.52,38,12
W2898158860,2018,0.04,26,24
W4289389616,2018,1.0,50,0
W2970552844,2019,1.0,50,0
W2900470550,2018,-0.68,8,42
W2805122559,2018,-1.0,0,35
W2946297661,2018,-0.84,4,46
W2604523703,2017,1.0,30,0
W2922080080,2019,-0.7142857142857143,4,24
W2976949442,2019,-0.9090909090909091,1,21
W2934209801,2019,-0.6,1,4
W2987179096,2019,-0.47368421052631576,5,14
W2925914654,2019,-0.4,3,7
W2895446297,2018,1.0,1,0
W2949384739,2018,-1.0,0,1
W2952705649,2014,-1.0,0,1
W2079204536,2014,0.24,31,19
W2763753824,2017,-0.76,6,44
W2790393518,2017,-0.8,5,45
W2791370666,2018,-0.8,5,45
W2896782758,2018,-0.88,3,47
W2791573928,2018,-0.92,2,48
W1983568173,2009,-0.8333333333333334,2,22
W2816616598,2018,-0.88,3,47
W2970154267,2019,-0.3142857142857143,12,23
W2982684304,2019,-0.92,1,24
W2606406222,2017,-0.06666666666666667,14,16
W2973558292,2019,1.0,21,0
W2950743997,2019,0.42857142857142855,10,4
W57482591,2014,-0.8333333333333334,1,11
W1534792468,2010,-1.0,0,11
W2794625131,2017,-1.0,0,13
W2428246063,2016,,0,0
W1986199471,2010,0.25,5,3
W4254734610,2017,0.14285714285714285,4,3
W2982578022,2019,-1.0,0,7
W2574033452,2016,0.2,3,2
W2053646925,2013,0.3333333333333333,2,1
W1991277706,2010,,0,0
W2085417422,2010,-1.0,0,3
W2760825281,2017,-1.0,0,4
W2793330672,2017,1.0,1,0
W2945942105,2019,0.0,1,1
W2794894246,2017,1.0,4,0
W2105073932,2013,1.0,1,0
W2740350942,2017,1.0,1,0
W2794904519,2017,1.0,1,0
W2794885034,2017,1.0,2,0
W143585747,2012,-1.0,0,1
W2332364275,2012,1.0,1,0
W2576368758,2016,1.0,1,0
W2756136173,2017,-1.0,0,1
W2095152618,2009,0.52,38,12
W2147628505,2015,-0.84,4,46
W2040010103,2015,0.72,43,7
W2078325625,2012,-0.84,4,46
W2762819682,2017,-0.72,7,43
W2312611768,2015,0.52,38,12
W2004247609,2013,0.64,41,9
W2151949275,2013,-0.8,5,45
W2046176502,2013,0.12,28,22
W2116734173,2011,-0.04,24,26
W2053187686,2009,-0.4444444444444444,10,26
W2119953759,2013,-0.84,4,46
W1967292465,2012,-0.3333333333333333,11,22
W2902824489,2018,-0.4857142857142857,9,26
W2027142265,2015,-0.25,9,15
W2559121813,2016,-0.13513513513513514,16,21
W1993253468,2012,0.5,21,7
W1964895037,2014,-0.7037037037037037,4,23
W1994738996,2015,-0.5,7,21
W1527785909,2015,-0.9230769230769231,1,25
W1975393436,2014,-0.5555555555555556,6,21
W2100027125,2009,0.043478260869565216,12,11
W2005484184,2012,-0.42857142857142855,6,15
W2021695448,2014,-0.2222222222222222,7,11
W2916452662,2019,-0.09090909090909091,10,12
W2055709444,2014,-0.8947368421052632,1,18
W2006404796,2014,-0.125,7,9
W2009465458,2012,-1.0,0,13
W2022587442,2012,0.4666666666666667,11,4
W2006807758,2013,1.0,14,0
W2099475664,2009,0.2222222222222222,11,7
W2013701577,2009,-1.0,0,17
W1988012972,2013,0.38461538461538464,9,4
W2148914826,2010,-0.6923076923076923,2,11
W2106226426,2013,-0.16666666666666666,5,7
W2070285275,2013,-0.09090909090909091,5,6
W2768568430,2017,0.0,5,5
W2025047913,2015,0.75,7,1
W2058512885,2009,-0.5555555555555556,2,7
W1985130307,2012,0.0,4,4
W2060128760,2015,0.2,6,4
W2033675319,2011,-1.0,0,6
W2116030802,2012,-0.7777777777777778,1,8
W2271914870,2017,-1.0,0,7
W2345237407,2015,0.6,4,1
W2323523618,2015,0.6,4,1
W2527033381,2016,1.0,4,0
W2130840081,2012,0.3333333333333333,6,3
W1994594161,2012,-1.0,0,6
W1514848726,2015,-1.0,0,6
W1975955410,2012,-0.2,2,3
W1977795681,2014,0.5,3,1
W2768639997,2017,-1.0,0,5
W1996704692,2011,0.3333333333333333,2,1
W2803386336,2018,1.0,5,0
W2085683274,2013,,0,0
W2033070710,2010,0.3333333333333333,2,1
W2558876587,2016,0.5,3,1
W3175054194,2018,,0,0
W2531764510,2015,-0.5,1,3
W2588101128,2017,0.2,3,2
W2782742683,2017,-1.0,0,1
W1995434011,2013,-1.0,0,2
W2899963195,2018,0.3333333333333333,2,1
W2069414872,2014,-1.0,0,2
W2332010616,2009,-1.0,0,2
W2003028078,2013,-1.0,0,1
W2898336105,2018,1.0,1,0
W2298973306,2014,1.0,1,0
W2788235935,2018,0.46153846153846156,19,7
W2525323163,2016,-0.3469387755102041,16,33
W2986375044,2019,-0.88,3,47
W1985811929,2011,-1.0,0,10
W2144889027,2012,-0.6666666666666666,3,15
W2711679622,2017,-0.07692307692307693,6,7
W2038440989,2015,-1.0,0,5
W2067657626,2015,0.6666666666666666,5,1
W2050053080,2013,-0.3333333333333333,1,2
W2052924508,2010,-1.0,0,4
W1965543691,2013,-1.0,0,1
W1978645034,2011,0.32,33,17
W2106247775,2013,0.28,32,18
W2139015614,2011,-0.92,2,48
W2115570069,2011,-0.2,20,30
W2023834667,2013,0.2,30,20
W1994770732,2013,-0.32,17,33
W2071346788,2014,-0.2,20,30
W1977721262,2014,0.08,27,23
W2082935935,2013,0.0,23,23
W1978072274,2011,-0.30434782608695654,16,30
W2151560145,2010,-0.36,16,34
W2056006070,2012,0.5675675675675675,29,8
W2521222097,2015,-0.16,21,29
W2146139417,2011,-0.5428571428571428,8,27
W2170804344,2010,0.3103448275862069,19,10
W1978328995,2010,-0.3333333333333333,15,30
W2071767586,2014,-0.6410256410256411,7,32
W2118973398,2009,-0.7777777777777778,4,32
W2119959531,2009,-0.5172413793103449,7,22
W2049516452,2014,-0.4,15,35
W2106873300,2016,-0.3684210526315789,6,13
W2003930941,2013,0.0,11,11
W2128593338,2009,-1.0,0,29
W2104467691,2012,0.0,10,10
W1992868479,2014,-0.8095238095238095,2,19
W2542091301,2012,-0.8888888888888888,1,17
W2154527583,2011,-0.7647058823529411,2,15
W2065975707,2012,0.0,9,9
W2021727553,2013,-0.8333333333333334,1,11
W2005161674,2010,0.2857142857142857,9,5
W2143694846,2009,-0.7142857142857143,3,18
W2080100160,2013,0.6666666666666666,10,2
W2041003787,2012,-0.5555555555555556,2,7
W1974193066,2012,0.16666666666666666,7,5
W1484272122,2015,-1.0,0,11
W2742094198,2017,-0.42857142857142855,2,5
W1977256965,2012,-0.5,2,6
W2147990225,2010,-1.0,0,12
W2039670984,2013,0.45454545454545453,8,3
W2157505738,2010,-1.0,0,6
W2169171051,2010,-0.8,1,9
W2075173386,2014,-0.45454545454545453,3,8
W2120491667,2014,-0.3333333333333333,3,6
W2292828607,2015,0.6666666666666666,5,1
W2706310519,2017,0.1111111111111111,5,4
W2798356629,2017,-0.6363636363636364,2,9
W2308050339,2016,-1.0,0,8
W2057834354,2011,-0.1111111111111111,4,5
W2114738093,2011,-0.3333333333333333,2,4
W2017072471,2013,0.3333333333333333,4,2
W2114591203,2011,-1.0,0,4
W2029622244,2011,0.0,2,2
W2162858391,2011,0.0,3,3
W1973248641,2014,1.0,4,0
W2138712472,2011,-1.0,0,4
W2603915498,2017,-1.0,0,4
W2031124055,2013,1.0,1,0
W2237133428,2012,1.0,3,0
W2728247707,2017,0.3333333333333333,2,1
W2193259680,2012,-1.0,0,4
W2164555935,2011,-1.0,0,3
W2066811367,2012,0.3333333333333333,2,1
W1970526599,2013,0.3333333333333333,2,1
W1988185030,2011,1.0,4,0
W2021739084,2013,1.0,3,0
W2591998565,2016,0.3333333333333333,2,1
W2512198042,2016,0.0,2,2
W1977954288,2011,0.0,1,1
W2050072927,2014,1.0,3,0
W1979342979,2010,1.0,1,0
W2042856118,2013,1.0,1,0
W2046579341,2013,1.0,1,0
W2289131373,2015,-1.0,0,1
W2724441189,2017,1.0,1,0
W2951448702,2013,-0.5714285714285714,3,11
W2951847562,2014,-0.043478260869565216,11,12
W2253934215,2014,0.058823529411764705,9,8
W2199782399,2012,0.5555555555555556,7,2
W1766989854,2013,0.0,3,3
W1591360977,2009,1.0,2,0
W1993140891,2010,1.0,2,0
W2952936785,2013,-1.0,0,1
W2949724413,2011,1.0,1,0
W2616594753,2017,-0.8421052631578947,3,35
W2573570214,2016,-0.64,9,41
W1899760619,2011,-0.28,18,32
W2624149722,2017,0.19047619047619047,25,17
W2532201797,2016,-0.625,6,26
W2031574895,2014,0.4444444444444444,13,5
W1840736971,2013,-0.42857142857142855,8,20
W2592941336,2017,0.13043478260869565,13,10
W2921764171,2019,-0.9047619047619048,1,20
W2122759470,2009,-0.8823529411764706,1,16
W2783932968,2017,-0.2727272727272727,4,7
W2005936395,2014,0.3333333333333333,4,2
W2555339233,2016,-0.2,4,6
W2765995565,2017,-0.7777777777777778,1,8
W2979909059,2019,1.0,4,0
W3042043984,2019,1.0,3,0
W2980191430,2019,-1.0,0,1
W1604521952,2009,0.0,1,1
W2972929403,2019,-1.0,0,1
W1238745702,2011,-0.84,4,46
W2156557681,2010,-0.7714285714285715,4,31
W1917528016,2010,-0.5714285714285714,9,33
W2295870642,2015,-0.52,12,38
W2186184713,2011,-0.92,2,48
W2055121363,2012,-0.52,12,38
W2890141553,2018,-0.04,24,26
W99643971,2011,-0.84,4,46
W2094154930,2009,-0.3684210526315789,12,26
W2114523181,2014,-0.76,3,22
W2396906324,2016,-0.3939393939393939,10,23
W2154896738,2011,-0.9130434782608695,1,22
W2137656620,2010,-0.3333333333333333,7,14
W2206071134,2015,-0.7391304347826086,3,20
W2890192685,2018,-0.391304347826087,7,16
W1977736172,2012,0.3684210526315789,13,6
W2265690809,2013,-0.6842105263157895,3,16
W2045700601,2014,-0.75,1,7
W2307171036,2010,1.0,11,0
W283996357,2013,-1.0,0,4
W2950685381,2018,,0,0
W2742154030,2017,0.0,2,2
W2746573794,2017,1.0,4,0
W2987977793,2019,0.0,2,2
W2234013530,2009,-1.0,0,3
W1565456899,2012,-0.7777777777777778,1,8
W2773507491,2017,-1.0,0,3
W2087522345,2013,-0.44680851063829785,13,34
W2158703881,2012,-0.4,15,35
W2166943865,2010,-0.36,16,34
W2121133091,2012,-0.92,2,48
W2911966198,2009,,0,0
W2963856360,2017,-0.36,16,34
W2205716770,2014,-0.5555555555555556,10,35
W2202374479,2015,-0.76,6,44
W2164383578,2009,-0.6666666666666666,5,25
W134985385,2011,-0.6666666666666666,3,15
W2021601290,2011,-0.26666666666666666,11,19
W2151976295,2010,-1.0,0,9
W2214660060,2011,-0.9090909090909091,1,21
W2510686683,2016,0.7142857142857143,6,1
W2963085895,2019,1.0,36,0
W2970667219,2019,1.0,34,0
W2177100868,2015,-0.29411764705882354,6,11
W2040211323,2014,0.125,9,7
W2208525479,2011,-0.625,3,13
W2106662462,2014,-0.625,3,13
W2133472795,2012,-0.16666666666666666,5,7
W1512669428,2009,,0,0
W2509437949,2016,-0.4,6,14
W2963295938,2019,1.0,17,0
W2970700221,2019,-0.1111111111111111,8,10
W2798147820,2018,-0.6,2,8
W2152196758,2009,-0.6666666666666666,1,5
W160585330,2012,-0.8888888888888888,1,17
W2107333057,2009,-1.0,0,6
W2152083440,2012,-0.5384615384615384,3,10
W1770625086,2015,-0.16666666666666666,5,7
W2130683606,2014,-0.75,1,7
W2196542401,2015,-0.6,2,8
W1966092641,2010,-1.0,0,10
W2096433175,2013,-1.0,0,13
W2131437840,2013,-0.6923076923076923,2,11
W2182562048,2014,-0.8181818181818182,1,10
W2970168598,2019,-0.8333333333333334,1,11
W2124107914,2015,-0.75,1,7
W2293319454,2015,-0.5,2,6
W2058115154,2009,-0.1111111111111111,4,5
W1943663045,2013,-0.6666666666666666,1,5
W2411304668,2016,-0.7777777777777778,1,8
W2182655205,2015,-1.0,0,6
W1556481571,2010,-0.7142857142857143,1,6
W2189749715,2015,-0.6,2,8
W1871527987,2015,0.0,3,3
W2105120842,2011,-0.6666666666666666,1,5
W31179980,2013,-0.4,3,7
W2240620234,2015,-0.6666666666666666,1,5
W2799536307,2018,-0.5,1,3
W1411846290,2015,1.0,1,0
W1590422503,2010,-1.0,0,2
W2521289877,2016,1.0,2,0
W1526090859,2009,-1.0,0,2
W2029070879,2012,-0.3333333333333333,1,2
W2753305392,2017,-0.3333333333333333,1,2
W2407258532,2012,-1.0,0,2
W2116418767,2012,-0.5,1,3
W2151269805,2009,-1.0,0,4
W2772322972,2017,-0.3333333333333333,1,2
W2162664081,2009,,0,0
W30846217,2012,-1.0,0,2
W2151427378,2013,-1.0,0,3
W2150306160,2010,,0,0
W2955048563,2018,1.0,3,0
W2106854223,2012,-1.0,0,1
W150002594,2012,1.0,1,0
W2288769965,2015,1.0,1,0
W2623667392,2012,-1.0,0,1
W2787516408,2018,1.0,1,0
W2964116109,2012,1.0,1,0
W2947766523,2019,1.0,1,0
W2230740169,2015,-0.8,5,45
W2508728158,2016,-0.76,6,44
W2593044849,2017,1.0,50,0
W3009584650,2019,-0.4,15,35
W2993185773,2019,-0.72,7,43
W1930566185,2013,-1.0,0,8
W2958416396,2019,-0.375,15,33
W2903383131,2018,-0.1794871794871795,16,23
W2727576081,2017,-0.92,1,24
W2913238847,2019,-0.68,4,21
W2917052767,2019,-0.43478260869565216,13,33
W2963703858,2012,-0.4117647058823529,5,12
W2972873299,2019,-0.9166666666666666,1,23
W1959158481,2012,-0.5555555555555556,2,7
W2940659020,2019,-0.8666666666666667,1,14
W1617587412,2014,-0.75,1,7
W2912779783,2019,1.0,12,0
W2791924686,2018,-0.8,1,9
W1842008917,2012,0.6,4,1
W2558251412,2016,1.0,5,0
W1496283174,2013,-1.0,0,4
W2116800676,2013,1.0,2,0
W200879778,2010,-1.0,0,4
W2951838794,2013,1.0,1,0
W1567761069,2012,,0,0
W2226984980,2016,-1.0,0,6
W1544231892,2012,,0,0
W820606093,2009,1.0,4,0
W2110454495,2014,-0.7142857142857143,1,6
W3037621510,2013,,0,0
W2899562840,2018,-0.3333333333333333,1,2
W2141038604,2012,-1.0,0,1
W1481684356,2012,0.0,1,1
W2796441786,2018,1.0,3,0
W2135200719,2015,1.0,1,0
W2113096211,2010,-0.24,19,31
W2072013890,2015,-0.7727272727272727,5,39
W2146412174,2010,-0.5862068965517241,6,23
W2075457858,2012,-0.52,6,19
W1991185257,2009,-0.8571428571428571,1,13
W2948345531,2019,-0.64,9,41
W1846071202,2013,-0.36,8,17
W2020087586,2010,-0.3684210526315789,6,13
W2483692657,2016,1.0,35,0
W2294792572,2014,-0.3125,11,21
W318376482,2018,-0.92,1,24
W2193871400,2014,-0.48148148148148145,7,20
W1879156100,2012,-0.9285714285714286,1,27
W1541317966,2010,-0.5789473684210527,4,15
W115994101,2012,-0.8571428571428571,1,13
W2945853997,2019,-0.07692307692307693,12,14
W36713471,2011,-0.4444444444444444,5,13
W130885469,2014,0.05263157894736842,10,9
W2501772582,2013,-0.5,2,6
W2108077701,2010,-0.5789473684210527,4,15
W2204857316,2013,-0.875,1,15
W2106478571,2015,-1.0,0,8
W1549466950,2010,-0.4,3,7
W2404641569,2013,-1.0,0,13
W2113182385,2009,-0.6,1,4
W1916347847,2011,1.0,6,0
W785130179,2014,-1.0,0,4
W2107131020,2010,-0.8181818181818182,1,10
W1992801525,2009,-0.14285714285714285,3,4
W2196391751,2015,-0.75,1,7
W2916603395,2019,-1.0,0,6
W1502514172,2018,-1.0,0,4
W206471768,2009,,0,0
W2402248766,2011,1.0,2,0
W2186661904,2014,-0.2,2,3
W2294186640,2015,,0,0
W2225794812,2011,-1.0,0,5
W2885739797,2018,1.0,2,0
W2946484427,2019,-1.0,0,3
W2157910771,2009,0.5,3,1
W4233048981,2013,-1.0,0,5
W44932258,2010,-1.0,0,2
W2500902834,2013,,0,0
W1543517247,2013,1.0,2,0
W1552577690,2011,1.0,2,0
W2237139316,2015,-1.0,0,2
W1497395276,2009,1.0,2,0
W1907753270,2011,1.0,1,0
W1544444076,2013,-0.24,19,31
W1530444831,2013,-0.6,10,40
W1631187438,2013,-0.36,16,34
W2132183491,2013,-0.2,20,30
W1514115759,2012,-0.09090909090909091,5,6
W1874925508,2012,-0.9166666666666666,1,23
W1576718874,2013,1.0,50,0
W2949437261,2013,0.05263157894736842,10,9
W9932698,2012,-0.8,3,27
W1545472701,2013,0.2,3,2
W2894741346,2018,-0.7619047619047619,5,37
W2972561734,2019,-0.48,13,37
W1530573725,2012,-0.7142857142857143,1,6
W1848214029,2013,0.0,3,3
W1782140593,2012,-0.3333333333333333,5,10
W1527719492,2013,-1.0,0,5
W1551228660,2012,0.42857142857142855,10,4
W1764574858,2013,0.3333333333333333,4,2
W2946996695,2019,-0.75,3,21
W2138186376,2013,-0.6,1,4
W2335830258,2012,1.0,10,0
W4288346394,2019,1.0,18,0
W1499722775,2013,1.0,2,0
W1794176462,2013,-1.0,0,2
W2952585682,2019,-1.0,0,9
W1877180816,2012,-0.3333333333333333,1,2
W2975587412,2019,-0.42857142857142855,4,10
W1581362285,2013,0.3333333333333333,2,1
W2924765547,2019,-1.0,0,7
W1517333122,2012,1.0,1,0
W1629495025,2012,-0.2,2,3
W2949569563,2012,,0,0
W1542091913,2013,1.0,1,0
W2952487561,2012,,0,0
W2949446475,2013,1.0,1,0
W2950756068,2012,1.0,1,0
W2950918115,2013,-1.0,0,1
W2962695963,2016,1.0,50,0
W1950803081,2014,-0.28,18,32
W2126272934,2012,-0.7333333333333333,4,26
W2964994311,2019,-0.44,14,36
W2952349219,2019,-0.92,2,48
W2288593361,2016,-0.21052631578947367,15,23
W2478294658,2016,-0.24,19,31
W777381104,2016,-0.52,12,38
W3138602767,2018,1.0,33,0
W2951513593,2017,-0.88,3,47
W2400084313,2016,-0.5652173913043478,5,18
W2963682248,2017,1.0,19,0
W2115083233,2014,0.2,3,2
W2308802607,2016,0.75,14,2
W4293506642,2012,1.0,2,0
W2908176537,2018,1.0,7,0
W3004946444,2019,1.0,8,0
W2604933075,2017,-0.7142857142857143,1,6
W2883236980,2018,1.0,7,0
W2896232552,2019,-1.0,0,4
W2111009247,2011,0.0,1,1
W2188813916,2010,1.0,1,0
W824892955,2014,1.0,50,0
W3098269892,2018,-0.8,5,45
W2142959074,2013,-0.4,15,35
W1868018859,2015,-0.16,21,29
W2130283669,2011,-0.44,14,36
W2951308445,2013,0.2,30,20
W2173027866,2015,-0.2,20,30
W2464234964,2016,-0.32,17,33
W2970709315,2019,1.0,50,0
W4287997702,2019,1.0,50,0
W2781256610,2017,-0.68,8,42
W2767002724,2017,-0.72,7,43
W2896125160,2018,1.0,50,0
W2786022758,2018,-0.36,16,34
W2784067649,2018,-0.88,3,47
W1589901016,2014,-0.35294117647058826,11,23
W2950326163,2014,0.36,34,16
W2994434574,2019,-0.76,6,44
W2743472713,2017,1.0,50,0
W2226783037,2014,-0.7857142857142857,3,25
W2950728319,2019,-0.72,7,43
W2605576515,2017,1.0,44,0
W2110506975,2014,-0.7272727272727273,3,19
W2163255905,2014,-0.7777777777777778,3,24
W2983785293,2019,-0.5294117647058824,8,26
W2907670343,2019,1.0,29,0
W2774412855,2017,-0.8518518518518519,2,25
W2963840576,2012,-1.0,0,7
W2807005157,2018,-1.0,0,18
W2953194650,2017,1.0,12,0
W2560513213,2016,-1.0,0,10
W2962713716,2014,-0.6666666666666666,1,5
W2951406859,2015,0.14285714285714285,4,3
W1745177676,2014,0.7142857142857143,6,1
W1637370304,2012,-0.2,2,3
W2967952350,2019,-1.0,0,5
W2888286591,2018,-0.3333333333333333,1,2
W4302405025,2014,1.0,2,0
W2288884963,2017,-0.8536585365853658,3,38
W2596625124,2017,1.0,50,0
W2891786606,2018,0.125,18,14
W2132936659,2011,-1.0,0,23
W1913504200,2014,-0.75,2,14
W1497318709,2011,-1.0,0,14
W2171304259,2010,-1.0,0,8
W2105006345,2010,-1.0,0,11
W3099896668,2015,-1.0,0,18
W2018633028,2013,-0.6666666666666666,1,5
W2405987069,2017,-0.6363636363636364,2,9
W2917208934,2015,-0.3333333333333333,2,4
W1984081854,2011,-1.0,0,9
W1492951456,2014,-1.0,0,9
W1993079998,2015,-0.8,1,9
W2766750846,2017,0.5,6,2
W1967512075,2012,-1.0,0,3
W2885831468,2017,-1.0,0,3
W3102629258,2016,-0.5,1,3
W2264380204,2014,1.0,4,0
W2963044105,2016,-1.0,0,4
W2913530954,2019,1.0,3,0
W2289089659,2015,-1.0,0,3
W2621731111,2018,-1.0,0,2
W2026965858,2012,-1.0,0,2
W78658037,2012,-1.0,0,3
W1969856863,2013,0.0,1,1
W2050912278,2014,-1.0,0,1
W2181032003,2015,-1.0,0,1
W2396460326,2015,-1.0,0,2
W835913104,2011,1.0,1,0
W2173393360,2014,-1.0,0,1
W23735043,2010,-1.0,0,1
W2604272854,2017,1.0,1,0
W2800415562,2017,1.0,50,0
W2948647439,2019,-1.0,0,30
W2896292273,2018,0.52,38,12
W4294560781,2017,1.0,7,0
W2979339494,2019,-0.7142857142857143,2,12
W2950149369,2013,-0.7142857142857143,1,6
W3174419385,2019,1.0,8,0
W2902088824,2017,-0.5,1,3
W564958369,2011,-1.0,0,1
W1567322167,2010,-1.0,0,2
W2979680884,2019,-1.0,0,3
W2788738055,2017,1.0,2,0
W2952262284,2014,-1.0,0,6
W2783716071,2018,-1.0,0,1
W2796244288,2010,1.0,1,0
W4300522382,2018,1.0,1,0
W2761338514,2017,-0.64,9,41
W2743723076,2017,-0.92,2,48
W1792894036,2015,-0.6,10,40
W2997666247,2019,-0.8536585365853658,3,38
W2504195863,2016,-0.88,3,47
W2792525550,2018,0.3103448275862069,19,10
W2461256234,2016,-0.8461538461538461,2,24
W1980959920,2013,-0.32,17,33
W2137826183,2014,-1.0,0,50
W2763269482,2017,-0.75,5,35
W2118275135,2011,-0.38461538461538464,4,9
W2770052322,2017,-0.6923076923076923,2,11
W2798617837,2018,0.5555555555555556,7,2
W2007346406,2014,-0.4666666666666667,4,11
W2075799974,2015,0.6,4,1
W2281923020,2016,-0.3333333333333333,1,2
W2060261724,2013,0.3333333333333333,2,1
W2525393825,2016,1.0,2,0
W2049480691,2014,-0.3333333333333333,1,2
W2159646759,2015,-0.3333333333333333,1,2
W2093318353,2010,,0,0
W2798920353,2017,1.0,2,0
W3210347415,2018,,0,0
W1978012196,2014,-1.0,0,1
W2131888453,2011,-1.0,0,1
W2466198137,2014,-1.0,0,2
W2034433820,2012,1.0,1,0
W2998378113,2019,-1.0,0,1
W1607708359,2013,-0.48148148148148145,7,20
W2952925381,2019,-0.6,10,40
W2914329808,2019,-0.47368421052631576,5,14
W2936836152,2019,-1.0,0,3
W2164731652,2013,-0.6363636363636364,8,36
W2319809716,2016,-0.44,14,36
W2112582917,2010,-0.56,11,39
W2792608393,2018,0.2777777777777778,23,13
W2047439460,2011,-0.3333333333333333,7,14
W2042661579,2014,-0.44,14,36
W2790082115,2018,-0.45454545454545453,3,8
W2116116615,2009,-0.7647058823529411,2,15
W2127934681,2014,-0.6666666666666666,3,15
W2971847863,2019,0.3333333333333333,12,6
W2889378176,2018,-0.5555555555555556,2,7
W2946911467,2019,-0.16666666666666666,5,7
W2157953345,2013,-1.0,0,7
W2088923456,2012,-0.8,1,9
W2960987914,2019,0.3333333333333333,4,2
W2072682821,2010,-0.6666666666666666,1,5
W2010898533,2015,-0.5,1,3
W2761334116,2017,1.0,5,0
W2296301695,2016,-0.5,1,3
W2120566543,2009,-0.45454545454545453,3,8
W1561219846,2014,1.0,1,0
W2604476080,2015,0.5,3,1
W3031193956,2019,0.0,2,2
W2329512890,2011,0.3333333333333333,2,1
W3136409268,2014,-1.0,0,3
W1985854510,2010,1.0,2,0
W2136812486,2010,-1.0,0,3
W1990168509,2010,1.0,1,0
W2913663170,2011,,0,0
W2899461221,2018,0.0,1,1
W2560028922,2016,1.0,1,0
W2089972064,2009,-1.0,0,1
W2599719477,2017,1.0,1,0
W2964541509,2019,-1.0,0,3
W2893555608,2018,0.0,9,9
W2577021043,2017,1.0,2,0
W2761646038,2017,1.0,1,0
W4234045312,2011,-0.48,13,37
W2099501333,2011,-0.64,9,41
W2149236835,2012,-0.8,5,45
W2047339217,2012,-0.72,7,43
W2799020319,2018,1.0,50,0
W1590488181,2013,-0.4,15,35
W2112867573,2013,-0.36,16,34
W2124430419,2013,-0.32,17,33
W2130210899,2014,-0.68,8,42
W2141988289,2011,-0.48,13,37
W2021234005,2014,-0.8,5,45
W766097457,2013,-0.44,14,36
W2607067159,2017,-0.88,3,47
W4255282609,2012,-0.44,14,36
W2997288271,2012,-0.6666666666666666,7,35
W2127659081,2012,-0.64,9,41
W2816958343,2018,-0.92,2,48
W1988801089,2014,-0.64,9,41
W2148994573,2013,-0.84,4,46
W2058503096,2015,-0.88,3,47
W2151517515,2014,-0.96,1,49
W4233126987,2014,-0.52,6,19
W2913846715,2016,-0.84,4,46
W1980599059,2013,-0.64,9,41
W2136439543,2010,-0.9375,1,31
W2037471787,2010,-0.7551020408163265,6,43
W1981780124,2015,-0.875,3,45
W1595972517,2012,-0.6956521739130435,7,39
W2926976929,2019,-0.72,7,43
W2157393479,2013,-0.47368421052631576,10,28
W2789851468,2018,-0.5675675675675675,8,29
W2551539219,2016,-1.0,0,29
W2967279915,2019,-0.6571428571428571,6,29
W3009075947,2015,-0.7894736842105263,2,17
W2253297209,2016,-1.0,0,27
W2040259387,2014,-0.9130434782608695,1,22
W2466040765,2016,-1.0,0,7
W3010910952,2015,-0.5,1,3
W2768058911,2017,-0.7142857142857143,2,12
W1555897920,2012,-0.7777777777777778,2,16
W2511199264,2016,-1.0,0,21
W2911777672,2013,1.0,11,0
W2886028279,2018,1.0,15,0
W2890519302,2018,0.2857142857142857,9,5
W2793045151,2018,-0.8333333333333334,1,11
W3084738426,2013,-0.5384615384615384,3,10
W2987563119,2019,0.0,8,8
W4250487560,2016,-0.8,1,9
W2901633439,2018,-1.0,0,14
W2602605036,2016,-0.38461538461538464,4,9
W4236155685,2017,-1.0,0,6
W2980175121,2019,0.5,3,1
W2464326659,2016,-0.6,2,8
W4255490784,2016,-0.42857142857142855,2,5
W4322588773,2014,1.0,7,0
W2966788286,2019,1.0,6,0
W4231278697,2010,-1.0,0,5
W2931161413,2019,-0.5,1,3
W2539292100,2015,0.3333333333333333,2,1
W2119296542,2011,-0.6,1,4
W4250378184,2011,-1.0,0,5
W1506892988,2012,-1.0,0,3
W2950942421,2019,-1.0,0,4
W2404112936,2015,1.0,2,0
W2983695440,2019,-0.5,1,3
W2177655772,2014,0.0,1,1
W4237556767,2016,-1.0,0,1
W1781268451,2013,-1.0,0,1
W2539398150,2016,-1.0,0,1
W2597068887,2015,-1.0,0,1
W2617756542,2017,-1.0,0,1
W2949162956,2014,-0.75,2,14
W2288275255,2016,-0.09090909090909091,5,6
W2259114643,2015,1.0,3,0
W1634737830,2014,-1.0,0,8
W2978840876,2019,1.0,9,0
W2952380373,2014,-1.0,0,3
W2475479500,2016,-1.0,0,2
W2796352402,2017,-1.0,0,1
W2952551898,2016,-1.0,0,1
W2024796780,2013,-0.52,12,38
W1993774615,2014,-0.76,6,44
W2031175798,2013,-0.2,20,30
W2011316745,2015,-0.64,9,41
W2137229314,2014,-0.6,10,40
W2169263368,2013,0.84,46,4
W151069923,2010,0.08,27,23
W4231184172,2013,0.9024390243902439,39,2
W2096110307,2014,-0.08,23,27
W3160073244,2014,-0.44,14,36
W2225910745,2013,-0.9512195121951219,1,40
W4248605401,2015,-0.5294117647058824,8,26
W2081198029,2013,-0.7021276595744681,7,40
W2112724896,2011,-0.037037037037037035,13,14
W1569832840,2015,-0.8421052631578947,3,35
W2612336448,2016,-0.5428571428571428,8,27
W1978172506,2014,0.41935483870967744,22,9
W1666282222,2014,0.29411764705882354,11,6
W2901163215,2018,-0.6818181818181818,7,37
W1734112531,2015,-0.8518518518518519,2,25
W2153331906,2009,-0.9130434782608695,1,22
W1966661853,2012,0.6666666666666666,5,1
W2077077908,2013,-0.18181818181818182,9,13
W2143840927,2014,-1.0,0,26
W2736746722,2017,-0.42857142857142855,4,10
W2605556239,2017,-1.0,0,11
W2110117817,2011,0.625,13,3
W2097823346,2010,-0.45454545454545453,3,8
W3137975499,2010,0.6666666666666666,5,1
W2604206310,2013,1.0,5,0
W1994096182,2010,-0.42857142857142855,2,5
W2144653459,2010,-0.14285714285714285,3,4
W2106860303,2010,0.0,1,1
W2066084561,2009,0.3333333333333333,2,1
W2038945797,2015,-1.0,0,2
W3014029016,2015,-1.0,0,3
W2149150688,2012,0.36,34,16
W2140622625,2012,-0.96,1,49
W2959310500,2019,-0.75,5,35
W2165998839,2014,-0.3333333333333333,10,20
W1865437296,2014,-0.2,4,6
W2147420397,2010,-0.5555555555555556,2,7
W2404763528,2013,0.6,8,2
W2963823348,2019,1.0,5,0
W2160350521,2011,-0.3333333333333333,1,2
W4253709609,2010,-1.0,0,2
W1602675682,2009,-1.0,0,1
W161740283,2011,1.0,1,0
W30839618,2011,-1.0,0,1
W2401805523,2013,1.0,1,0
W2971687264,2018,-0.8333333333333334,2,22
W2892525958,2018,-0.9230769230769231,1,25
W2991722918,2019,-0.2,20,30
W2982355322,2019,0.8,45,5
W2010570907,2012,-0.4666666666666667,4,11
W2529365243,2016,0.07692307692307693,7,6
W2810081339,2018,-0.5555555555555556,6,21
W4247047556,2012,-0.3333333333333333,2,4
W2124712926,2014,-0.5,3,9
W2954736564,2019,0.5789473684210527,15,4
W2417463664,2016,1.0,4,0
W2082586738,2013,0.6666666666666666,10,2
W2293614426,2015,-0.5,2,6
W1984885573,2014,1.0,1,0
W2435881168,2016,-0.25,3,5
W2057458749,2013,1.0,3,0
W4239064386,2017,1.0,3,0
W2898385948,2018,-0.42857142857142855,2,5
W2342988909,2016,0.0,2,2
W2600450952,2017,1.0,2,0
W2735469361,2017,1.0,3,0
W2534978438,2016,1.0,1,0
W2979633637,2019,-0.96,1,49
W2981343730,2018,-0.72,7,43
W2118315969,2015,-0.3877551020408163,15,34
W2885300550,2018,-0.5833333333333334,10,38
W2093755302,2013,-0.88,3,47
W2935085295,2019,-0.5217391304347826,11,35
W2981638325,2019,-0.8125,3,29
W1876811830,2015,-0.8666666666666667,1,14
W2162630235,2012,-0.92,2,48
W2888798936,2018,-0.64,9,41
W2163274595,2014,-0.8181818181818182,1,10
W2943860641,2019,-0.2,6,9
W2955400013,2019,-0.7777777777777778,1,8
W3010635687,2012,-1.0,0,4
W2154701440,2013,-0.7777777777777778,1,8
W4246334639,2012,-1.0,0,6
W2944095091,2019,-1.0,0,5
W1558738734,2012,-1.0,0,2
W1219082078,2015,-1.0,0,1
W2556204124,2013,-1.0,0,2
W2899592795,2018,1.0,1,0
W2214796901,2015,1.0,1,0
W2121887742,2012,-0.6,10,40
W2090204040,2015,-0.92,2,48
W2762796393,2017,-0.96,1,49
W2016139252,2012,0.36363636363636365,15,7
W1551401333,2015,-0.68,8,42
W204981196,2012,-0.52,12,38
W2930652247,2019,-0.28,18,32
W2596377599,2017,0.9047619047619048,40,2
W2950289607,2019,0.6,40,10
W2594334628,2017,-0.6363636363636364,6,27
W1512730440,2013,-0.2,16,24
W2053879559,2012,0.09090909090909091,12,10
W2088978091,2012,0.5555555555555556,14,4
W2054699784,2012,0.058823529411764705,9,8
W2172424112,2013,-0.6190476190476191,4,17
W4251162132,2015,-0.8,1,9
W2806858805,2018,1.0,5,0
W2091987243,2012,-0.16666666666666666,5,7
W2783324995,2017,0.7142857142857143,18,3
W2900607277,2018,-0.3333333333333333,4,8
W2799472101,2018,1.0,9,0
W1963898989,2013,-0.6,3,12
W2090271847,2014,0.8,9,1
W2787686699,2016,1.0,9,0
W4250649845,2019,1.0,12,0
W2518350929,2016,0.25,5,3
W2739961344,2017,0.09090909090909091,6,5
W2143191918,2009,-1.0,0,2
W2964420875,2019,-1.0,0,11
W1594363884,2015,-0.3333333333333333,3,6
W2084193843,2010,-1.0,0,8
W4256061602,2015,-1.0,0,4
W2942055784,2018,0.5,6,2
W2948770746,2019,-0.5,1,3
W2605040762,2017,0.6666666666666666,5,1
W2098544876,2013,0.0,2,2
W2095751902,2013,0.5,3,1
W2122088890,2010,0.2,3,2
W2724277402,2017,0.6,4,1
W2954698356,2011,0.2,3,2
W1978925014,2010,1.0,4,0
W2026289051,2013,,0,0
W2757389204,2017,-1.0,0,2
W2546908511,2016,0.3333333333333333,2,1
W2989967503,2019,1.0,2,0
W2318601193,2014,1.0,2,0
W2168328911,2009,-1.0,0,4
W1969380248,2011,0.3333333333333333,2,1
W2000971878,2012,1.0,1,0
W2070284819,2010,0.0,1,1
W102424741,2012,,0,0
W2905924706,2018,1.0,2,0
W2039212360,2012,1.0,1,0
W2058169284,2015,0.0,1,1
W2123786535,2012,1.0,1,0
W2152445973,2009,1.0,1,0
W2149989975,2009,,0,0
W2940474323,2019,1.0,1,0
W2954509065,2011,1.0,1,0
W3104580909,2016,1.0,1,0
W2949233327,2019,1.0,1,0
W2908221307,2019,-0.6,1,4
W2911815053,2019,0.8,9,1
W2925216016,2019,-1.0,0,3
W2914526992,2019,0.3333333333333333,2,1
W2908399268,2019,-1.0,0,1
W2798609500,2018,-0.76,6,44
W2088529585,2014,0.21739130434782608,14,9
W2964152467,2018,-0.034482758620689655,14,15
W2414616261,2016,-0.8,2,18
W2089805963,2015,-1.0,0,17
W3011838635,2018,-0.8333333333333334,1,11
W4253311446,2015,-1.0,0,6
W67718509,2013,-1.0,0,21
W1991474412,2010,-1.0,0,2
W4238096783,2016,-1.0,0,5
W3170318240,2014,,0,0
W995851627,2015,-0.8461538461538461,1,12
W2124231388,2009,0.3333333333333333,2,1
W2069081984,2014,0.3333333333333333,2,1
W2142800636,2014,-1.0,0,4
W2897799583,2018,-1.0,0,1
W2475002273,2016,-1.0,0,2
W2185680923,2014,-0.56,11,39
W2550471858,2017,-1.0,0,50
W2589311751,2017,-0.8,5,45
W2561055248,2016,-0.92,2,48
W2964240296,2018,-0.88,3,47
W3104044769,2016,-0.8723404255319149,3,44
W2027282006,2012,-0.6551724137931034,5,24
W2963954089,2017,-0.64,9,41
W2953054522,2017,-0.8333333333333334,3,33
W2768510408,2018,-0.7333333333333333,4,26
W3103016263,2015,-1.0,0,20
W4251125603,2017,-1.0,0,22
W2018468045,2010,-0.8823529411764706,1,16
W1502387139,2010,-0.6842105263157895,3,16
W2138947594,2015,0.23076923076923078,8,5
W192406999,2013,-0.7777777777777778,2,16
W2588551419,2017,-0.8888888888888888,1,17
W2047240223,2011,-0.8571428571428571,1,13
W3022428349,2012,-1.0,0,16
W2210398979,2015,-0.8181818181818182,1,10
W2549028551,2016,-1.0,0,11
W2809265824,2018,-0.6923076923076923,2,11
W2186900895,2011,-0.6,2,8
W2888052067,2018,-0.6363636363636364,2,9
W2111842988,2015,-1.0,0,5
W2402150566,2015,-0.8,1,9
W2774512527,2017,1.0,4,0
W125365257,2012,-0.75,1,7
W2796386476,2018,-0.6666666666666666,1,5
W2047231423,2015,-1.0,0,2
W2270341308,2015,-1.0,0,4
W2970177404,2018,0.6,4,1
W2186487276,2013,-1.0,0,3
W2143377780,2008,,0,0
W2888638576,2018,-1.0,0,4
W2993883515,2017,1.0,2,0
W2177603835,2015,-0.3333333333333333,1,2
W2033429079,2014,-1.0,0,1
W2508256772,2016,-0.7142857142857143,1,6
W73637996,2014,0.2,3,2
W2729219579,2017,-1.0,0,5
W2292874714,2015,1.0,1,0
W2507682202,2016,-1.0,0,2
W2300691419,2015,1.0,1,0
W4290020270,2017,1.0,1,0
W2064390891,2013,-0.4,15,35
W2127428602,2015,-0.92,2,48
W2153510998,2009,-0.6744186046511628,7,36
W2122170581,2010,-0.9047619047619048,2,40
W2162627428,2011,-0.75,6,42
W4243297195,2010,-1.0,0,38
W2028543681,2008,0.6428571428571429,23,5
W2132927197,2010,-0.6470588235294118,6,28
W4247648759,2011,-0.8823529411764706,2,32
W2076620974,2009,-0.13333333333333333,13,17
W2005335403,2015,-0.9375,1,31
W1850380174,2008,-0.8,3,27
W2898350964,2018,-0.84,2,23
W1972174903,2014,-0.6923076923076923,2,11
W2016012949,2013,-0.9047619047619048,1,20
W4249635864,2011,-0.7777777777777778,2,16
W2108471047,2014,-0.6,3,12
W2068531859,2013,-0.8181818181818182,1,10
W1994845989,2012,-1.0,0,12
W2256363745,2015,-1.0,0,6
W2096401004,2014,-1.0,0,2
W2104824528,2008,-0.7777777777777778,2,16
W2142263709,2011,-0.8,2,18
W2109172715,2010,-0.8823529411764706,1,16
W157104708,2010,-1.0,0,11
W2885875591,2018,1.0,15,0
W2038013988,2010,-1.0,0,9
W2231621909,2016,-1.0,0,16
W1995192639,2008,-0.75,1,7
W2074144668,2013,-0.8181818181818182,1,10
W1998104598,2010,-0.75,1,7
W4238178744,2009,0.42857142857142855,5,2
W2152830042,2008,-0.8181818181818182,1,10
W4244329725,2011,0.0,3,3
W2148481016,2011,-0.8,1,9
W3016035540,2015,-0.7777777777777778,1,8
W1575730831,2009,-0.7777777777777778,1,8
W2023785576,2014,-1.0,0,11
W2267721749,2016,1.0,10,0
W2010884715,2014,-1.0,0,5
W2747080245,2017,-1.0,0,7
W4234149838,2012,-0.2,2,3
W2018436366,2008,0.0,2,2
W1984106647,2009,-0.6,1,4
W2106016907,2012,-0.6666666666666666,1,5
W4237706618,2015,-1.0,0,8
W2260556770,2011,-1.0,0,5
W1566117030,2010,0.0,1,1
W4230927784,2009,0.0,1,1
W2914135639,2014,,0,0
W2408546415,2013,-1.0,0,3
W2762916849,2017,1.0,2,0
W3083908295,2010,,0,0
W2039018296,2009,-1.0,0,1
W4242922013,2013,-0.3333333333333333,1,2
W2399209555,2012,0.0,1,1
W2574489380,2016,-1.0,0,2
W2797563685,2018,-1.0,0,2
W4229697557,2014,-1.0,0,1
W2899108093,2018,1.0,1,0
W2001515918,2010,-1.0,0,1
W2042828633,2014,-1.0,0,1
W2509057961,2011,1.0,1,0
W3009232202,2012,,0,0
W2617379005,2017,1.0,1,0
W2912846696,2014,1.0,1,0
W4243366572,2008,1.0,1,0
W3045479168,2014,1.0,1,0
W2898836676,2017,1.0,4,0
W2963527490,2018,-1.0,0,6
W1553821841,2008,-1.0,0,2
W2544693247,2016,1.0,1,0
W1493813102,2011,-1.0,0,1
W2950212223,2015,-1.0,0,1
W2762513422,2017,-0.72,7,43
W2127723417,2014,-0.76,6,44
W2093535699,2015,-0.72,7,43
W1970168990,2013,-0.84,4,46
W2140809377,2008,-0.24,19,31
W2418260908,2016,-0.68,8,42
W2144196848,2012,-0.52,12,38
W1533634404,2010,-0.76,6,44
W2114054012,2015,-0.72,7,43
W2766853874,2017,-0.92,2,48
W4253977062,2015,-0.3076923076923077,9,17
W1848981483,2011,-0.47058823529411764,9,25
W2121457325,2011,-0.5833333333333334,10,38
W2164151624,2011,-0.696969696969697,5,28
W4245321046,2011,-0.4838709677419355,8,23
W1545415851,2009,-0.7241379310344828,4,25
W2154984259,2012,-0.5428571428571428,8,27
W2267830770,2016,-0.5862068965517241,6,23
W2416325154,2016,-0.9090909090909091,2,42
W4235733131,2011,-0.5,9,27
W2603401210,2017,-1.0,0,31
W1592751104,2013,-0.5384615384615384,3,10
W3009272933,2013,-1.0,0,11
W2898097209,2018,-0.8666666666666667,2,28
W1971111941,2015,-0.42857142857142855,4,10
W2181712945,2013,-0.8181818181818182,2,20
W1813351732,2010,-0.5789473684210527,4,15
W2898689050,2018,-0.2413793103448276,11,18
W2126876608,2008,-1.0,0,13
W176283517,2013,-0.5714285714285714,3,11
W3000661531,2008,0.23076923076923078,8,5
W3104094248,2012,-0.4,3,7
W2740744105,2017,-0.5294117647058824,4,13
W3006751250,2016,0.0,4,4
W4230069715,2016,-0.5555555555555556,2,7
W2169698083,2014,0.7777777777777778,8,1
W3005620216,2015,-0.5,3,9
W4243246193,2018,-1.0,0,1
W2189959137,2014,-1.0,0,9
W3007973663,2014,1.0,5,0
W1135403299,2015,-0.3333333333333333,1,2
W2098728316,2010,0.2,3,2
W2004333568,2014,1.0,2,0
W2243989980,2010,-0.6666666666666666,1,5
W4252043682,2016,-1.0,0,3
W2027402438,2011,-1.0,0,1
W2766208582,2017,-1.0,0,3
W4249472684,2010,-1.0,0,1
W1602395497,2013,1.0,1,0
W2404528944,2015,1.0,1,0
W2767251466,2017,-1.0,0,2
W2798836490,2018,0.0,1,1
W2594782638,2017,-0.5555555555555556,4,14
W2906668391,2018,-0.56,11,39
W4289105998,2018,1.0,5,0
W3033369665,2018,1.0,5,0
W2577920351,2017,-1.0,0,1
W2626018726,2017,-1.0,0,1
W2789145386,2018,-1.0,0,1
W2795795420,2018,-1.0,0,1
W2155502235,2009,-0.56,11,39
W2146831356,2009,-0.92,2,48
W2018040777,2011,-0.3333333333333333,12,24
W2084012970,2008,-0.92,2,48
W2121832290,2009,-0.96,1,49
W2002203222,2013,-0.88,3,47
W2107427524,2010,-0.85,3,37
W2163882872,2008,-0.96,1,49
W2169275758,2009,-0.7073170731707317,6,35
W1974753421,2013,-0.4,15,35
W2109119832,2012,-0.5483870967741935,7,24
W2408457100,2008,-1.0,0,50
W2038688050,2010,-0.5555555555555556,8,28
W2068014765,2009,-0.7948717948717948,4,35
W2118291925,2008,-0.3793103448275862,9,20
W2110003481,2009,-1.0,0,23
W2045622468,2013,-0.4146341463414634,12,29
W2170940478,2009,-0.9024390243902439,2,39
W2067092194,2008,-1.0,0,32
W2115457429,2012,-0.6744186046511628,7,36
W2006691510,2009,0.15789473684210525,11,8
W2049359028,2008,-1.0,0,39
W2109642764,2009,-0.8064516129032258,3,28
W1968868556,2010,-1.0,0,30
W2049075975,2008,-0.5151515151515151,8,25
W2141935561,2013,-0.7241379310344828,4,25
W2080312846,2014,-0.9230769230769231,1,25
W2103895255,2009,-0.41935483870967744,9,22
W2072485026,2011,-0.6666666666666666,5,25
W2798412430,2018,-0.7,6,34
W1981733737,2011,-0.6153846153846154,5,21
W2182104628,2015,-0.6774193548387096,5,26
W1999428655,2009,-0.3103448275862069,10,19
W2107885921,2008,-0.9130434782608695,1,22
W1984237017,2010,-1.0,0,18
W2158194525,2014,-0.2,6,9
W4230024212,2018,1.0,24,0
W2011071289,2011,-1.0,0,15
W263816278,2014,-0.8260869565217391,2,21
W1991757391,2014,-0.6666666666666666,3,15
W2612210001,2017,-0.9090909090909091,1,21
W4310936901,2009,-1.0,0,1
W2097583584,2008,-0.7,3,17
W2045106615,2009,-1.0,0,11
W2799215721,2018,-0.7894736842105263,2,17
W2058629542,2012,-1.0,0,12
W2045422966,2011,-0.3333333333333333,5,10
W1980235162,2009,-0.8333333333333334,1,11
W2791101462,2018,-0.3333333333333333,5,10
W2798832443,2018,-0.14285714285714285,6,8
W2079136953,2015,-1.0,0,7
W2913018641,2018,1.0,2,0
W2084679825,2011,-0.45454545454545453,3,8
W2136267788,2012,-0.6,2,8
W2135993142,2015,-1.0,0,9
W1987738849,2015,-0.5,2,6
W2097576162,2013,0.14285714285714285,4,3
W2791055742,2018,1.0,8,0
W2111304322,2013,-1.0,0,5
W2425257096,2016,-0.6666666666666666,1,5
W2104148061,2013,0.0,5,5
W2031140681,2010,-1.0,0,4
W2143250283,2010,-1.0,0,4
W2056789511,2010,-0.6,2,8
W2108405327,2009,-1.0,0,7
W2267977268,2016,-1.0,0,8
W1537655082,2016,,0,0
W2425200475,2016,-1.0,0,5
W4301406533,2008,0.0,1,1
W2103870937,2008,-1.0,0,3
W18554628,2009,-1.0,0,1
W2133926502,2014,-0.5,1,3
W2918075834,2011,1.0,1,0
W73316464,2012,1.0,2,0
W2893367356,2018,-1.0,0,3
W4245401082,2013,1.0,3,0
W2006362647,2013,1.0,1,0
W152007876,2013,1.0,2,0
W1965654707,2011,1.0,1,0
W2108023620,2012,-1.0,0,2
W1973643480,2015,-1.0,0,1
W1985521979,2009,1.0,1,0
W409198393,2011,,0,0
W4230842987,2013,,0,0
W2079685181,2014,0.3333333333333333,2,1
W2165824191,2009,-1.0,0,3
W2282723428,2014,,0,0
W2036819714,2012,-1.0,0,1
W2373361653,2011,,0,0
W2089727169,2012,-1.0,0,1
W2318017954,2008,1.0,1,0
W2604688078,2017,1.0,1,0
W4301244113,2017,1.0,1,0
W2950437889,2013,0.0,1,1
W2949712811,2012,0.5,3,1
W2950872755,2010,-1.0,0,2
W2949535049,2012,1.0,1,0
W2042019612,2010,-1.0,0,50
W755860182,2014,-0.1282051282051282,17,22
W1975016298,2013,-0.8064516129032258,3,28
W2027029143,2011,0.21428571428571427,17,11
W2021732467,2015,-0.7333333333333333,4,26
W2635012095,2017,0.3793103448275862,20,9
W1555552380,2009,-0.8947368421052632,1,18
W2794473399,2018,-0.38461538461538464,4,9
W4238974058,2015,-0.5384615384615384,3,10
W4251569035,2013,-0.5,2,6
W2030646977,2012,0.0,4,4
W2613209986,2017,-0.14285714285714285,6,8
W608135313,2010,-1.0,0,4
W1494441789,2011,-0.7575757575757576,4,29
W1623240307,2010,-0.7,3,17
W1526472062,2010,-0.20930232558139536,17,26
W2952766239,2010,-0.16666666666666666,5,7
W4394660769,2008,1.0,11,0
W2952333232,2011,0.6,4,1
W2951683399,2011,-0.5555555555555556,2,7
W1853908281,2010,1.0,3,0
W2998538681,2010,1.0,1,0
W2888989071,2018,-0.36,16,34
W2064689397,2010,1.0,12,0
W2091439179,2009,0.0,2,2
W2034029098,2010,-0.5555555555555556,2,7
W2782349669,2017,-0.6,1,4
W1983358539,2008,1.0,1,0
W2109168043,2013,1.0,2,0
W2000077104,2013,-0.16,21,29
W2613647264,2017,1.0,49,0
W2883720833,2018,0.08,27,23
W2004022907,2013,-0.6363636363636364,4,18
W2007470995,2013,-0.42857142857142855,8,20
W2135539324,2011,-1.0,0,10
W1546333190,2015,-1.0,0,6
W2572503964,2016,-1.0,0,18
W2911383945,2018,-1.0,0,17
W114402072,2011,-0.23076923076923078,5,8
W2137255908,2009,-1.0,0,6
W2401907160,2011,-1.0,0,4
W2773868624,2017,-0.3333333333333333,2,4
W1974947045,2012,-0.6,1,4
W2062365412,2009,,0,0
W2599569047,2017,-1.0,0,2
W2509476310,2017,1.0,2,0
W2417585861,2016,-1.0,0,5
W2402543725,2016,1.0,2,0
W2162710510,2011,,0,0
W2124421935,2010,-1.0,0,2
W2768527257,2016,1.0,3,0
W2515257636,2016,-1.0,0,1
W2774611689,2017,-0.5,1,3
W2044744030,2013,-0.64,9,41
W2063495160,2010,-0.45,11,29
W2076506259,2014,-0.68,8,42
W1966214317,2012,-0.2,20,30
W2876796450,2018,-0.4,15,35
W2048565188,2014,-0.4090909090909091,13,31
W2900101584,2018,-0.9591836734693877,1,48
W2165174838,2013,-0.625,9,39
W2578326422,2016,-0.5238095238095238,10,32
W2077631231,2008,-0.6129032258064516,6,25
W2026968382,2013,-0.8666666666666667,2,28
W2555294241,2016,-0.9069767441860465,2,41
W2588574340,2017,-0.5652173913043478,5,18
W2530522083,2015,-0.9375,1,31
W88933163,2013,-1.0,0,9
W2124849736,2012,-0.41935483870967744,9,22
W1966195608,2013,-0.8571428571428571,1,13
W2085246080,2015,-0.2,4,6
W2031047917,2010,-0.42857142857142855,4,10
W2150995096,2011,-0.7894736842105263,2,17
W2531575454,2015,-1.0,0,12
W80272414,2014,-0.75,2,14
W2077670979,2011,-1.0,0,12
W797440412,2015,-0.7333333333333333,2,13
W3125193100,2014,0.6923076923076923,11,2
W793377026,2015,-0.8,1,9
W2743497398,2017,-0.4666666666666667,4,11
W2898094482,2018,-0.8,1,9
W1978105833,2014,-1.0,0,9
W2768643253,2017,-0.2,4,6
W2893848229,2011,1.0,6,0
W2947015819,2018,1.0,3,0
W2887515758,2015,1.0,2,0
W1863304994,2014,0.36363636363636365,15,7
W4210610238,2010,-1.0,0,1
W2717184009,2017,-0.84,4,46
W2963997141,2016,-0.76,6,44
W2103299932,2010,-0.84,4,46
W2116995348,2013,-1.0,0,50
W2099858845,2012,-0.88,3,47
W2048384964,2010,-0.88,3,47
W2123553986,2008,-0.56,11,39
W2211872228,2015,-0.8857142857142857,2,33
W2127510911,2013,0.0,25,25
W2725542890,2017,-0.56,11,39
W2794533297,2018,-0.72,7,43
W2013100386,2014,0.5319148936170213,36,11
W2763648389,2017,-0.88,3,47
W2729024603,2017,1.0,50,0
W2146509753,2014,0.15151515151515152,19,14
W2729599932,2017,-0.09090909090909091,20,24
W1808014354,2008,-0.7222222222222222,5,31
W2167213542,2011,-0.8181818181818182,3,30
W4253586965,2013,-1.0,0,25
W2337951703,2016,-0.5135135135135135,9,28
W1779647772,2014,-0.44,7,18
W2567221972,2016,0.1111111111111111,10,8
W2174268794,2014,-1.0,0,15
W2266338101,2011,-0.7777777777777778,2,16
W278760476,2012,-0.6842105263157895,3,16
W1981243275,2013,0.3333333333333333,4,2
W2161395088,2008,0.7777777777777778,8,1
W2153070018,2010,-0.8,1,9
W2249417588,2014,-0.4,3,7
W103558403,2008,1.0,9,0
W2151579784,2013,-0.7142857142857143,2,12
W2008335092,2010,-0.3333333333333333,5,10
W2082362319,2013,-0.5714285714285714,3,11
W2225892878,2013,-1.0,0,11
W2058801855,2013,-0.5555555555555556,2,7
W2186219853,2016,-0.25,3,5
W2004969367,2014,-0.1111111111111111,4,5
W2132339478,2012,0.0,4,4
W2143139194,2015,0.42857142857142855,5,2
W2975092747,2009,1.0,7,0
W2059959080,2014,-0.14285714285714285,3,4
W2537677908,2016,0.0,3,3
W2099052487,2009,-0.8181818181818182,1,10
W2298552541,2016,-0.3333333333333333,2,4
W2406166723,2011,-0.5,1,3
W42989911,2009,1.0,5,0
W1981221894,2011,0.6666666666666666,5,1
W2765581507,2017,-1.0,0,5
W2123056851,2011,-0.6,1,4
W2296038348,2015,-0.2,2,3
W2539305738,2016,-0.6,1,4
W1996438203,2013,-1.0,0,2
W2137484160,2013,-0.6,1,4
W4236292047,2013,1.0,1,0
W2913805707,2012,1.0,3,0
W4234143310,2013,1.0,2,0
W91588505,2011,1.0,4,0
W2049086047,2012,-1.0,0,3
W1815104577,2010,,0,0
W62813570,2010,1.0,3,0
W2295266407,2012,1.0,1,0
W2404339532,2012,1.0,2,0
W2583633368,2016,1.0,1,0
W2334968,2013,1.0,1,0
W2567523600,2016,1.0,1,0
W4242696102,2011,1.0,1,0
W2281208003,2016,-0.84,4,46
W2270763902,2008,-0.52,12,38
W2293529464,2008,1.0,39,0
W2200869402,2012,-1.0,0,43
W2953312256,2017,-0.76,6,44
W2963517786,2016,-0.96,1,49
W1564473842,2008,-0.8260869565217391,2,21
W2133339491,2012,0.2222222222222222,11,7
W2949230978,2018,1.0,18,0
W1560204281,2012,-0.8181818181818182,1,10
W2949257707,2016,1.0,11,0
W2951218987,2016,-1.0,0,4
W1949664589,2015,-1.0,0,7
W2263902524,2015,-0.7142857142857143,1,6
W2949634369,2010,0.0,1,1
W2122590540,2009,-0.5,1,3
W2414284170,2015,-1.0,0,5
W2133909891,2009,-1.0,0,5
W2249367784,2010,-0.5,1,3
W2466408663,2016,-1.0,0,4
W1851665884,2010,,0,0
W1792701892,2013,-1.0,0,3
W2801918342,2014,,0,0
W2810538378,2018,1.0,3,0
W2147807706,2014,0.0,1,1
W2951633673,2013,-1.0,0,2
W2951173804,2012,-1.0,0,1
W2991077289,2017,1.0,1,0
W4241704775,2015,1.0,1,0
W2049645248,2011,-0.36,16,34
W2100752355,2010,-0.68,8,42
W2144089718,2008,-0.4,15,35
W1583477060,2010,-0.8620689655172413,2,27
W2550717435,2016,-0.5862068965517241,6,23
W2068704438,2014,-0.5348837209302325,10,33
W2048937043,2010,-0.7894736842105263,2,17
W2769547553,2017,-0.26666666666666666,11,19
W2091221567,2012,-0.4838709677419355,8,23
W2416687618,2016,-0.45454545454545453,6,16
W2095705143,2008,-0.25,6,10
W2762038374,2017,-0.5238095238095238,5,16
W2792118822,2018,-0.375,5,11
W2528595985,2018,-1.0,0,9
W2770108145,2017,-0.625,3,13
W2115611621,2014,-0.2222222222222222,7,11
W1976552038,2012,-0.375,5,11
W2064864233,2013,-0.7142857142857143,2,12
W2063588579,2009,-0.07692307692307693,6,7
W2742647843,2017,0.14285714285714285,8,6
W2760742449,2017,-0.6470588235294118,3,14
W2791869653,2018,-0.5,4,12
W2086837834,2013,-0.1111111111111111,4,5
W1524254845,2015,-0.8,1,9
W2035428210,2015,0.0,6,6
W1542030781,2015,-1.0,0,13
W2479436597,2016,-0.8461538461538461,1,12
W2091926353,2012,-0.1111111111111111,4,5
W1931041121,2012,-0.8181818181818182,1,10
W2769181731,2017,0.3333333333333333,6,3
W2888627308,2018,-0.2,4,6
W2166525533,2012,0.3333333333333333,6,3
W2470647078,2016,-0.5555555555555556,2,7
W1766339418,2014,-0.42857142857142855,2,5
W2141040495,2012,1.0,5,0
W2888524440,2018,-0.6666666666666666,1,5
W2007286313,2010,-0.3333333333333333,1,2
W2129272660,2013,-1.0,0,2
W2014297059,2014,-1.0,0,3
W2894794380,2016,1.0,3,0
W2077688321,2013,0.0,1,1
W2969224021,2016,1.0,2,0
W2607407819,2017,-1.0,0,4
W2887884825,2018,1.0,1,0
W2100324568,2009,-1.0,0,1
W2517645854,2009,-1.0,0,1
W2950297849,2016,-1.0,0,1
W2042539274,2015,-0.4,15,35
W2956151113,2018,1.0,45,0
W2129620298,2009,1.0,50,0
W284368345,2010,1.0,45,0
W2146244844,2013,0.5102040816326531,37,12
W283163657,2014,-0.9,1,19
W1699739848,2011,0.7333333333333333,26,4
W2211762534,2015,1.0,29,0
W330195052,2009,1.0,21,0
W2092919138,2010,0.6842105263157895,16,3
W2901937988,2018,-0.5384615384615384,6,20
W3121129918,2014,0.25,15,9
W2276787602,2011,-0.16666666666666666,5,7
W4246645757,2011,0.42857142857142855,10,4
W2555319157,2015,-0.5555555555555556,2,7
W1967523678,2013,1.0,3,0
W2076126276,2010,-0.75,1,7
W1188188763,2015,0.42857142857142855,5,2
W2222284814,2016,1.0,10,0
W2493941103,2013,-0.75,1,7
W2200963551,2008,0.7777777777777778,8,1
W3149293559,2016,0.5555555555555556,7,2
W191665388,2010,1.0,5,0
W2578258115,2017,1.0,6,0
W2486272829,2014,1.0,4,0
W2497989342,2016,1.0,6,0
W2752361444,2017,1.0,5,0
W2016893109,2013,0.0,2,2
W2890643127,2014,0.2,3,2
W2886427640,2015,1.0,4,0
W2886145454,2014,-0.3333333333333333,1,2
W2182626497,2008,,0,0
W2916078192,2018,1.0,3,0
W2051744875,2013,1.0,1,0
W2516455371,2013,1.0,2,0
W3160307836,2015,1.0,2,0
W2466770458,2010,-1.0,0,2
W3124692339,2016,1.0,2,0
W4255127712,2011,1.0,1,0
W2510699626,2013,1.0,1,0
W4210247437,2014,1.0,1,0
W4251031902,2011,1.0,1,0
W4252626778,2016,1.0,1,0
W46613122,2012,1.0,10,0
W1830365173,2012,1.0,4,0
W2119600153,2013,-0.4,3,7
W2091261673,2012,1.0,2,0
W1948870896,2012,1.0,5,0
W2219567503,2015,1.0,4,0
W2920834176,2018,-1.0,0,4
W2580756726,2009,,0,0
W2497344105,2014,,0,0
W2412192074,2008,1.0,1,0
W2753857068,2017,1.0,8,0
W2341125160,2016,1.0,3,0
W2110424938,2011,0.12,28,22
W2059125944,2012,-0.627906976744186,8,35
W1970200030,2011,0.6,40,10
W1592400895,2015,-0.28,9,16
W2141761753,2013,-0.1111111111111111,8,10
W2104644670,2012,-0.84,4,46
W2343638217,2016,-0.4117647058823529,5,12
W2535526893,2016,0.09090909090909091,12,10
W1812109034,2013,-0.1111111111111111,4,5
W2744513499,2017,0.09090909090909091,6,5
W2137514701,2011,-1.0,0,10
W2557561423,2016,0.14285714285714285,4,3
W2286437347,2015,0.0,2,2
W2101756859,2014,0.0,1,1
W2292021238,2015,-1.0,0,8
W2320843715,2015,-1.0,0,2
W4246523755,2014,1.0,1,0
W2067489327,2013,-1.0,0,1
W4243580840,2013,-1.0,0,1
W2144807535,2011,-0.8,5,45
W2034989007,2010,-0.4,15,35
W2097638479,2011,-0.52,12,38
W2213191543,2015,-0.84,4,46
W2003810236,2014,-0.88,3,47
W2740253077,2017,-0.76,6,44
W1579592807,2011,-0.43478260869565216,13,33
W1561317163,2008,-0.6571428571428571,6,29
W2086456706,2014,-0.84,4,46
W2096066838,2008,0.07317073170731707,22,19
W2060796982,2011,-0.9047619047619048,1,20
W1977517101,2013,-0.6,10,40
W2892923641,2018,-0.6,10,40
W2894183663,2018,-0.5172413793103449,7,22
W1969077952,2012,-0.8333333333333334,4,44
W2156834477,2013,-0.8064516129032258,3,28
W1968413755,2012,-0.6190476190476191,8,34
W2092902234,2012,-0.6086956521739131,9,37
W2120977445,2008,-0.391304347826087,14,32
W1516250244,2008,-0.5652173913043478,5,18
W2150608210,2008,-0.3,14,26
W1946458597,2008,-0.22580645161290322,12,19
W2028751185,2010,-0.15384615384615385,11,15
W172843222,2012,-0.7931034482758621,3,26
W2016257043,2011,-0.3684210526315789,6,13
W2150978351,2014,-0.2,12,18
W2414619567,2009,-0.2631578947368421,7,12
W2168293469,2010,-0.5238095238095238,5,16
W2044121535,2012,-0.8461538461538461,1,12
W191680466,2013,0.1111111111111111,5,4
W2892346047,2018,-0.5384615384615384,3,10
W2798657511,2018,-0.6666666666666666,2,10
W1857153679,2009,-1.0,0,4
W2408663442,2008,-0.17647058823529413,7,10
W2118545189,2011,-1.0,0,14
W1486395636,2009,-0.1,9,11
W1991664944,2013,0.3333333333333333,4,2
W2030370816,2011,-0.8181818181818182,1,10
W1869574107,2011,0.0,8,8
W33545262,2011,-0.5,2,6
W1532719757,2010,-0.6923076923076923,2,11
W2902563728,2018,1.0,12,0
W2052517472,2011,-0.3333333333333333,2,4
W1992595489,2010,-1.0,0,6
W2000841954,2014,-1.0,0,3
W2045329606,2012,-1.0,0,5
W2001543498,2011,-1.0,0,5
W1969644815,2014,-0.42857142857142855,2,5
W2064608519,2013,1.0,3,0
W2271609058,2008,-0.6666666666666666,1,5
W2154399841,2013,-1.0,0,4
W2401438756,2011,,0,0
W1981006397,2014,0.3333333333333333,2,1
W2168351035,2010,-0.6,1,4
W3003118041,2011,1.0,2,0
W1547319051,2008,1.0,1,0
W2007850042,2010,1.0,1,0
W2045682911,2013,1.0,2,0
W2037228930,2011,-1.0,0,1
W2291025315,2013,1.0,1,0
W2372606047,2013,1.0,2,0
W2913115229,2013,,0,0
W2911761077,2012,-1.0,0,2
W1967491734,2014,1.0,1,0
W2086501467,2013,1.0,1,0
W2811396581,2018,1.0,1,0
W4234814673,2013,1.0,1,0
W2015252535,2008,1.0,1,0
W3123724412,2011,0.2631578947368421,12,7
W2900703640,2018,0.3333333333333333,6,3
W2489369450,2008,1.0,1,0
W2179500942,2013,-0.96,1,49
W1970180010,2014,-0.56,11,39
W2132404093,2012,-0.96,1,49
W2124856311,2012,-0.7021276595744681,7,40
W2046128376,2015,-0.8,5,45
W2165336784,2010,-0.1111111111111111,20,25
W2731312897,2017,-0.8297872340425532,4,43
W2042592362,2010,-0.2727272727272727,4,7
W2968665632,2014,1.0,32,0
W2141743875,2014,0.05,21,19
W2010323218,2015,-0.55,9,31
W3128062393,2010,0.0,12,12
W1854151356,2012,-0.18518518518518517,11,16
W4252400026,2017,-0.7777777777777778,4,32
W2056347483,2015,-1.0,0,16
W2524013375,2016,-0.8709677419354839,2,29
W2088346346,2010,-0.6363636363636364,4,18
W2771541561,2018,-0.9354838709677419,1,30
W2118950029,2013,-1.0,0,21
W2759494136,2017,-0.3684210526315789,6,13
W2949483647,2012,1.0,21,0
W2399722234,2016,-1.0,0,13
W2096829378,2012,-0.5294117647058824,4,13
W1596079868,2010,-0.7777777777777778,2,16
W2029265412,2012,-0.6666666666666666,2,10
W2115053671,2011,0.2727272727272727,7,4
W2044908504,2012,-0.2727272727272727,4,7
W2998048135,2015,-1.0,0,13
W2336822472,2016,-0.6,2,8
W2967695805,2012,1.0,9,0
W2024303441,2009,-0.6923076923076923,2,11
W1818158870,2012,-1.0,0,10
W2624155849,2017,-1.0,0,10
W2512438511,2016,0.6666666666666666,5,1
W1974451096,2014,-0.6666666666666666,1,5
W2503377384,2016,-0.42857142857142855,2,5
W2507777484,2014,1.0,4,0
W2896342600,2018,-1.0,0,4
W2428932821,2016,-1.0,0,1
W2944987122,2012,1.0,5,0
W2122797437,2009,-1.0,0,2
W2610202920,2017,1.0,3,0
W4293771876,2015,1.0,2,0
W2921517915,2015,1.0,1,0
W4206729977,2017,1.0,1,0
W4237709558,2017,0.0,1,1
W2949164666,2010,-0.3333333333333333,3,6
W4394592894,2016,1.0,3,0
W2949169589,2012,-0.6,1,4
W1494608617,2011,1.0,2,0
W2950616217,2011,1.0,1,0
W4299307146,2017,1.0,2,0
W2757172027,2017,-0.72,7,43
W2049442756,2013,-0.8461538461538461,2,24
W2112157291,2013,-0.9555555555555556,1,44
W4236376897,2013,-1.0,0,16
W4302373421,2018,-0.6296296296296297,5,22
W2087056310,2013,-0.75,2,14
W2001942143,2012,-0.6,3,12
W2786117165,2018,-1.0,0,28
W2003658481,2010,-1.0,0,9
W2070952080,2013,-0.1111111111111111,4,5
W1969737810,2014,-0.5,2,6
W2063941525,2014,-0.8461538461538461,1,12
W2028838606,2012,-1.0,0,4
W1999770492,2009,-0.375,5,11
W1985342072,2008,-0.5384615384615384,3,10
W2808534631,2018,-0.23076923076923078,5,8
W1974273659,2009,-1.0,0,9
W2790408436,2018,-0.05263157894736842,9,10
W2060639734,2014,-0.6363636363636364,2,9
W2079363687,2011,0.5555555555555556,7,2
W2043924775,2010,-1.0,0,7
W2951574773,2018,-0.42857142857142855,2,5
W2060220259,2012,-0.6666666666666666,1,5
W2122175469,2009,-1.0,0,18
W2019024595,2008,-1.0,0,7
W2134413837,2010,-0.3333333333333333,2,4
W1508156553,2012,-0.42857142857142855,2,5
W1981028157,2014,-0.6666666666666666,1,5
W2154283836,2009,0.0,1,1
W2068952052,2009,-1.0,0,3
W2274222162,2016,-1.0,0,3
W2132315300,2009,-1.0,0,10
W2029123886,2010,-0.5,2,6
W2486364108,2016,0.0,3,3
W2150861750,2009,-1.0,0,3
W2140368090,2012,-1.0,0,2
W2077274535,2012,-1.0,0,4
W1073242110,2015,-0.5,1,3
W2153623687,2012,0.3333333333333333,4,2
W2023743865,2013,-1.0,0,4
W2067500143,2010,-1.0,0,2
W2045198645,2014,-1.0,0,3
W2133962870,2011,-1.0,0,3
W2144420745,2010,-1.0,0,3
W2604677758,2017,-1.0,0,3
W4251323672,2012,0.0,1,1
W2044347744,2010,-1.0,0,2
W2614308065,2017,-1.0,0,4
W2161566186,2009,-1.0,0,2
W2160093198,2008,-1.0,0,5
W1554760502,2015,-1.0,0,3
W2146617219,2010,-1.0,0,5
W2194711897,2015,-0.2,2,3
W2162598509,2011,-1.0,0,3
W1827326090,2014,0.3333333333333333,2,1
W2060112213,2013,-0.3333333333333333,1,2
W2575073887,2016,1.0,4,0
W2796516155,2010,0.0,1,1
W2030092432,2013,,0,0
W2092749809,2010,-1.0,0,1
W2128527485,2014,-1.0,0,3
W2134510084,2012,,0,0
W2223745872,2015,0.3333333333333333,2,1
W2597303968,2016,1.0,1,0
W2026451754,2012,1.0,1,0
W2326553474,2016,-1.0,0,1
W2522338460,2014,1.0,1,0
W2598647913,2013,1.0,1,0
W1538403694,2010,,0,0
W2606114137,2016,1.0,1,0
W2800621781,2010,-1.0,0,1
W2806645534,2018,-1.0,0,1
W2097695806,2013,,0,0
W2143081681,2009,-1.0,0,4
W1566365669,2008,-1.0,0,3
W2072804471,2008,-1.0,0,2
W2802973205,2008,1.0,2,0
W4243115288,2010,-1.0,0,1
W2077850713,2011,-0.68,8,42
W2115412237,2009,-0.64,9,41
W2613970404,2017,-0.92,2,48
W1989728020,2013,-0.64,9,41
W982826035,2014,-0.76,6,44
W1755020405,2018,-0.3333333333333333,10,20
W1963656762,2015,-0.76,6,44
W2157182386,2011,-0.5428571428571428,8,27
W2112342233,2011,-0.6,10,40
W1580555281,2015,-0.1724137931034483,12,17
W1966127114,2015,-0.6521739130434783,4,19
W2293496475,2016,-0.9473684210526315,1,37
W2097908383,2010,-0.9,1,19
W2322351367,2016,-1.0,0,10
W2129182519,2015,0.0,2,2
W1827165606,2018,-1.0,0,4
W4242713197,2015,-0.6666666666666666,1,5
W2320759162,2016,0.14285714285714285,4,3
W4245954154,2015,-0.3333333333333333,1,2
W1767664023,2013,-1.0,0,4
W2298986840,2016,1.0,1,0
W2789197829,2018,-0.25,12,20
W2396309311,2015,-0.56,11,39
W2755385361,2017,-0.64,9,41
W2030062409,2013,-0.64,9,41
W2798607736,2018,-0.68,8,42
W2099035968,2014,-0.88,3,47
W2412642011,2016,-0.9512195121951219,1,40
W2794770355,2018,-0.64,9,41
W2050195061,2014,-0.56,11,39
W2799221749,2018,-0.92,2,48
W2806056912,2018,-0.11627906976744186,19,24
W2794632349,2018,-0.8695652173913043,3,43
W2585664214,2017,-0.6,10,40
W2406543354,2014,-0.6875,5,27
W2260671045,2015,-0.68,4,21
W42901544,2015,-0.7692307692307693,3,23
W3136655632,2018,-0.8,3,27
W2962868088,2018,-0.95,1,39
W4244768633,2018,-0.7142857142857143,4,24
W2397360326,2013,0.09090909090909091,12,10
W2030249095,2012,-1.0,0,12
W2399004477,2012,-0.5,3,9
W2593976316,2017,0.0,4,4
W2080687567,2015,-0.5384615384615384,3,10
W2753588408,2017,0.25,5,3
W1986936699,2014,-1.0,0,2
W2895332140,2018,-0.75,1,7
W2010194660,2013,,0,0
W2593613691,2016,-0.3333333333333333,1,2
W2732045785,2017,-1.0,0,2
W2890276152,2018,-0.84,4,46
W2127941149,2014,-0.52,12,38
W2140101134,2014,-0.8,5,45
W2067740651,2013,-0.8,5,45
W83339351,2018,-0.4,15,35
W2097926925,2010,-1.0,0,50
W2133394135,2009,-0.44,14,36
W2161730338,2011,-0.88,3,47
W2133581580,2009,-0.72,7,43
W2083842231,2014,-0.24,19,31
W2155915275,2008,-0.72,7,43
W798248036,2018,1.0,50,0
W2160830750,2008,-0.44,14,36
W2161954933,2018,0.52,38,12
W12688243,2018,-0.92,2,48
W2116236383,2008,-0.44,14,36
W2574582689,2016,-0.84,4,46
W142258998,2011,1.0,50,0
W4251897646,2010,-0.76,6,44
W1577581800,2018,-0.5652173913043478,5,18
W4251630043,2008,-0.04,24,26
W2416075414,2016,-0.8,5,45
W2129909248,2011,-0.48,13,37
W4239666938,2009,-0.42857142857142855,8,20
W1560486077,2018,-0.15789473684210525,16,22
W2015194563,2013,-1.0,0,50
W4235007850,2014,-0.3488372093023256,14,29
W2157010176,2009,0.10204081632653061,27,22
W2885829265,2018,-0.92,2,48
W2142457209,2010,-0.8974358974358975,2,37
W1551498417,2013,0.46153846153846156,19,7
W2885206574,2018,0.5135135135135135,28,9
W1847423537,2018,-0.2857142857142857,5,9
W1487493679,2018,-0.25,3,5
W2119835893,2009,-0.36363636363636365,14,30
W1483178615,2018,-0.38461538461538464,4,9
W2114312434,2011,-0.45454545454545453,6,16
W2145817137,2011,-0.9090909090909091,2,42
W2029443464,2010,0.2727272727272727,14,8
W2122498011,2008,-0.36585365853658536,13,28
W823246061,2018,-0.375,5,11
W1950637132,2015,-0.7073170731707317,6,35
W2107867485,2010,-0.6842105263157895,6,32
W2015708427,2011,-0.5483870967741935,7,24
W1549352151,2010,-0.18518518518518517,11,16
W2149289471,2012,-0.5483870967741935,7,24
W2130566110,2014,-1.0,0,16
W2081037744,2010,-0.7142857142857143,3,18
W2087905164,2014,-0.625,3,13
W2797146061,2018,-0.2,4,6
W2759677617,2017,0.3333333333333333,2,1
W1539715674,2018,,0,0
W1537225432,2018,0.14285714285714285,4,3
W2146979969,2008,-0.5172413793103449,7,22
W76419410,2018,-0.3333333333333333,1,2
W2123991518,2009,0.0,8,8
W1990752179,2009,-0.6470588235294118,3,14
W2058658645,2012,-0.7777777777777778,1,8
W3022353522,2008,-0.14285714285714285,6,8
W1597588351,2018,-1.0,0,2
W2019603211,2012,-1.0,0,7
W2124102771,2009,-0.7777777777777778,1,8
W2069223570,2013,-1.0,0,7
W1497817573,2018,-1.0,0,1
W2118791829,2009,-0.14285714285714285,6,8
W48181825,2018,1.0,1,0
W2153171667,2018,1.0,1,0
W2626632960,2013,-1.0,0,3
W1544245140,2018,,0,0
W2514817870,2013,1.0,4,0
W2105158221,2009,1.0,2,0
W1524661486,2009,-0.5555555555555556,2,7
W1492400642,2010,-1.0,0,7
W3135611986,2009,-0.6666666666666666,1,5
W2234864826,2011,1.0,6,0
W209057381,2018,1.0,1,0
W74381420,2018,,0,0
W2164924614,2011,1.0,3,0
W2054177285,2011,-0.5,1,3
W3136691639,2014,0.0,1,1
W2907222688,2013,1.0,2,0
W80076589,2018,,0,0
W1825148453,2018,,0,0
W2036982119,2015,,0,0
W134628087,2018,,0,0
W4234335113,2011,1.0,10,0
W2885183727,2018,-0.6,10,40
W2905325450,2018,0.42857142857142855,5,2
W2545316382,2016,-0.08,23,27
W2806709843,2018,-0.88,3,47
W288569441,2018,,0,0
W1967373117,2014,-0.64,9,41
W2153305401,2008,-1.0,0,50
W2110801527,2009,-1.0,0,50
W2150941206,2008,-1.0,0,50
W2146076199,2009,-0.56,11,39
W2155154949,2009,-1.0,0,50
W2589488234,2009,0.14285714285714285,28,21
W2238812067,2013,-0.9285714285714286,1,27
W2161697001,2010,-0.7714285714285715,4,31
W2582562188,2017,-0.375,5,11
W2100758987,2010,0.6666666666666666,15,3
W1484180726,2009,-0.5,4,12
W2163705274,2010,,0,0
W4248751943,2009,-0.6,2,8
W1996774422,2011,-0.7777777777777778,1,8
W3122235657,2014,0.0,1,1
W2187299202,2010,-1.0,0,1
W2889695457,2012,-0.6,1,4
W2021462120,2011,1.0,1,0
W2192211303,2008,1.0,1,0
W1976510541,2009,0.0,25,25
W2029519249,2012,-0.4418604651162791,12,31
W2009287550,2012,-0.64,9,41
W2327168125,2013,-0.72,7,43
W2756602986,2017,-0.28,18,32
W2062834819,2012,-0.64,9,41
W2039063348,2013,-0.17647058823529413,14,20
W2742658858,2017,-0.48,13,37
W2042559958,2014,-0.76,6,44
W2274540427,2016,-0.72,7,43
W2471623760,2016,-0.64,9,41
W2112082153,2012,-0.5625,7,25
W2331076105,2012,-0.92,1,24
W2002891188,2008,-0.9,1,19
W2777483757,2017,-0.64,9,41
W2757173695,2017,-0.96,1,49
W2146702214,2010,-0.7142857142857143,4,24
W2423492156,2016,-0.56,11,39
W1995781719,2014,-0.6153846153846154,5,21
W2047715667,2008,-0.4,3,7
W2345586349,2016,-0.76,6,44
W2059907680,2014,-0.6842105263157895,3,16
W2739112964,2017,-0.5454545454545454,5,17
W2784254198,2018,-0.30434782608695654,8,15
W2135220786,2010,-0.7,3,17
W1995411928,2009,-0.7368421052631579,5,33
W2003769378,2010,-0.7333333333333333,4,26
W2039565168,2008,-0.9230769230769231,1,25
W2518820032,2016,-0.76,6,44
W2486025566,2016,-0.875,3,45
W2016417154,2008,-1.0,0,12
W1992202876,2009,-0.2857142857142857,5,9
W2088160238,2011,-0.7575757575757576,4,29
W1567716618,2011,-0.9230769230769231,1,25
W2021751428,2008,-0.7142857142857143,2,12
W2755852256,2017,-0.375,10,22
W2317320837,2013,0.08333333333333333,13,11
W2551527026,2016,-0.5714285714285714,6,22
W649572859,2010,-0.42857142857142855,4,10
W2330082510,2014,-0.875,1,15
W2021932168,2014,-0.8181818181818182,1,10
W2303362829,2016,-0.6666666666666666,3,15
W2141165600,2012,-0.6,1,4
W4255862346,2011,-1.0,0,1
W2338726222,2015,0.0,1,1
W2064748658,2008,-0.7777777777777778,1,8
W2260366543,2016,-0.6842105263157895,3,16
W2315646008,2015,-1.0,0,9
W1992840507,2015,-0.2,6,9
W2589079273,2017,1.0,6,0
W2086089277,2012,-0.5,2,6
W2725812509,2017,0.0,4,4
W1979899934,2010,-1.0,0,3
W2108326628,2010,1.0,1,0
W2500935582,2013,-0.3333333333333333,1,2
W1993466178,2008,0.2,3,2
W2317046971,2008,1.0,1,0
W2185349541,2008,1.0,2,0
W1509774423,2014,-1.0,0,2
W2526387683,2013,1.0,1,0
W2240313277,2008,1.0,2,0
W2962906928,2018,-0.75,3,21
W1601965278,2015,0.0,3,3
W2582333238,2017,-0.8604651162790697,3,40
W2133521834,2015,-0.7777777777777778,2,16
W2777026024,2018,-1.0,0,5
W2275934214,2017,0.0,3,3
W2809834283,2018,1.0,3,0
W2604472098,2017,1.0,2,0
W2963473090,2017,1.0,2,0
W2478916630,2017,-1.0,0,1
W2734047990,2017,,0,0
W2621573206,2015,1.0,1,0
W2885312801,2018,-1.0,0,1
W2963879084,2018,1.0,1,0
W2953298160,2018,-1.0,0,3
W2883006003,2018,-0.6,2,8
W2750428621,2017,,0,0
W2949692566,2017,-1.0,0,3
W2736867279,2017,-1.0,0,1
W2737298126,2017,-1.0,0,1
W2963294116,2016,1.0,1,0
W1520833380,2015,-1.0,0,13
W2121832590,2009,0.42857142857142855,10,4
W1569258476,2016,-1.0,0,7
W4237654255,2009,0.4,7,3
W2293994953,2016,1.0,5,0
W2230194895,2013,-1.0,0,4
W2795402084,2018,0.5,3,1
W2949804052,2015,-1.0,0,2
W2963413961,2018,1.0,2,0
W2776421318,2018,-1.0,0,3
W2069156062,2014,-1.0,0,1
W2766753951,2018,1.0,1,0
W2789421407,2018,1.0,1,0
W2952301330,2018,-1.0,0,1
W2021328480,2007,0.7916666666666666,43,5
W2586521831,2017,-0.72,7,43
W2021295278,2008,-0.7297297297297297,5,32
W2054042427,2012,-0.8285714285714286,3,32
W1673341728,2010,-0.6923076923076923,4,22
W2299251378,2016,0.56,39,11
W2065272524,2007,0.0,12,12
W2116658734,2015,-0.75,4,28
W2587690780,2017,-1.0,0,35
W2331215565,2014,-0.6923076923076923,4,22
W2482885515,2015,1.0,17,0
W4236847173,2009,1.0,18,0
W2284617862,2015,-0.7142857142857143,3,18
W2054560760,2010,-0.38461538461538464,4,9
W2095171740,2012,-0.5555555555555556,4,14
W622452963,2007,1.0,10,0
W2748662937,2017,0.06666666666666667,8,7
W2609635890,2017,-1.0,0,3
W1987052254,2015,-1.0,0,18
W2083810917,2011,-0.6666666666666666,2,10
W2504582885,2009,-0.6666666666666666,2,10
W4298027662,2008,1.0,11,0
W2077797656,2010,-0.45454545454545453,3,8
W2296898477,2016,-0.2727272727272727,4,7
W2916899891,2009,-1.0,0,11
W2092955657,2010,-0.14285714285714285,3,4
W1964059180,2007,-0.6,2,8
W2022252751,2007,-0.5714285714285714,3,11
W2097083282,2010,-0.8,1,9
W4239183374,2010,0.0,3,3
W2016785920,2011,-1.0,0,4
W2611355443,2017,-0.42857142857142855,4,10
W2051520214,2009,-1.0,0,1
W2043185883,2013,-0.5,2,6
W2476233449,2014,1.0,8,0
W2488913484,2016,0.0,2,2
W2502106643,2016,1.0,11,0
W2031395815,2009,0.14285714285714285,4,3
W2614456850,2017,-0.6,2,8
W2613017511,2009,-0.7142857142857143,1,6
W746357875,2015,-0.7142857142857143,1,6
W1538588767,2009,-0.2,2,3
W1575371466,2009,-1.0,0,1
W2137852471,2012,-1.0,0,6
W2237358699,2015,-1.0,0,5
W166247508,2012,-0.5,1,3
W2274147182,2011,1.0,3,0
W2119619898,2009,-1.0,0,7
W2112557859,2007,0.15789473684210525,11,8
W2415104525,2015,1.0,4,0
W2234983666,2015,-1.0,0,5
W2912398006,2007,1.0,3,0
W2083648745,2009,-1.0,0,3
W2077847498,2012,1.0,2,0
W1757910419,2012,-1.0,0,3
W2131832709,2010,-0.5,1,3
W2242076728,2011,1.0,2,0
W2526294710,2016,1.0,1,0
W2508333642,2016,1.0,3,0
W2396918430,2013,0.0,1,1
W2406263502,2012,-1.0,0,2
W117546640,2011,0.0,1,1
W2490904601,2007,-0.42857142857142855,2,5
W2097880459,2012,-1.0,0,3
W2499232320,2012,1.0,1,0
W2154098083,2013,1.0,2,0
W2207987647,2012,,0,0
W2042253669,2011,1.0,2,0
W1583805769,2010,1.0,1,0
W1826613062,2015,1.0,1,0
W2071821326,2014,1.0,1,0
W2149808985,2011,1.0,1,0
W2464596020,2015,1.0,1,0
W2476298918,2014,1.0,1,0
W3106027530,2013,1.0,1,0
W2505364974,2011,1.0,1,0
W4239980564,2012,1.0,1,0
W1521263478,2014,-1.0,0,3
W2570206933,2008,-1.0,0,6
W1953530293,2008,0.0,2,2
W2137881174,2011,,0,0
W1681269574,2009,1.0,1,0
W2952380681,2015,1.0,2,0
W1522431136,2011,1.0,1,0
W2294144491,2008,-1.0,0,1
W2615218596,2007,1.0,1,0
W291749941,2012,-1.0,0,1
W2953159149,2008,-1.0,0,1
W309844114,2007,1.0,1,0
W2005704285,2014,-1.0,0,9
W2593234065,2017,-1.0,0,35
W2615794775,2017,-0.5833333333333334,10,38
W2115705843,2007,-1.0,0,15
W2027870825,2011,-1.0,0,11
W3104754573,2012,-0.6,1,4
W2951476466,2017,-1.0,0,9
W2150922310,2010,-1.0,0,12
W2275892141,2010,-1.0,0,10
W3141318316,2015,1.0,9,0
W2090869915,2010,-1.0,0,7
W2100254722,2010,-1.0,0,5
W2228814901,2016,-1.0,0,7
W2253092483,2016,-1.0,0,2
W2037750176,2012,-1.0,0,5
W2139823595,2007,-1.0,0,12
W2327990873,2011,-1.0,0,9
W1884519781,2007,-1.0,0,6
W2126472279,2007,-1.0,0,2
W2046502586,2009,-1.0,0,4
W1975987235,2012,-1.0,0,4
W4251800046,2017,-1.0,0,5
W2104868629,2010,-1.0,0,5
W2130358924,2012,-1.0,0,3
W2084604272,2014,-1.0,0,4
W2559027636,2016,0.6,4,1
W3022465263,2012,-1.0,0,2
W45393323,2011,-1.0,0,3
W59603661,2013,-1.0,0,5
W2145961949,2010,-1.0,0,4
W2521573183,2016,-0.3333333333333333,1,2
W2774747304,2017,-1.0,0,2
W2159057822,2007,-1.0,0,7
W2101961482,2012,-1.0,0,4
W2111414521,2008,-1.0,0,10
W2114592286,2009,-1.0,0,3
W2139701279,2007,-1.0,0,5
W159748135,2011,-1.0,0,4
W2032122957,2010,-1.0,0,2
W2062284096,2011,-1.0,0,2
W2096819177,2007,-0.5,1,3
W1581645711,2009,-1.0,0,3
W2025980818,2011,-1.0,0,1
W2105329810,2009,-1.0,0,3
W2176227931,2009,-1.0,0,4
W4237436911,2014,0.0,1,1
W98521082,2011,-1.0,0,3
W1520296191,2009,-1.0,0,3
W2020263083,2008,-1.0,0,1
W2173996255,2008,-1.0,0,3
W2461280032,2016,-1.0,0,1
W1581290130,2011,-1.0,0,2
W2747848014,2017,-1.0,0,1
W2108835697,2008,-1.0,0,2
W2244632808,2015,-1.0,0,1
W2336923859,2015,1.0,1,0
W2294755678,2016,0.0,1,1
W2485001503,2016,0.0,1,1
W257599271,2014,-1.0,0,2
W2590673873,2014,0.0,1,1
W2499164738,2015,1.0,2,0
W3125882234,2017,0.0,1,1
W4383477,2012,-1.0,0,1
W127471866,2012,-1.0,0,1
W1529942018,2016,,0,0
W2301081474,2016,,0,0
W2031453431,2014,-1.0,0,1
W2166866051,2013,-1.0,0,1
W2613988497,2010,,0,0
W3023745670,2007,,0,0
W2279749198,2012,1.0,1,0
W2523653520,2016,1.0,1,0
W4207010233,2016,-1.0,0,1
W4249441655,2017,1.0,1,0
W4300907275,2017,1.0,1,0
W43415029,2014,-1.0,0,1
W1504849690,2016,1.0,1,0
W88947388,2013,-1.0,0,1
W4253173183,2011,1.0,1,0
W2176619189,2007,-1.0,0,5
W2176320581,2008,,0,0
W2173279864,2008,-1.0,0,3
W2469618203,2016,0.0,2,2
W1504713964,2007,-1.0,0,3
W1569526140,2009,1.0,2,0
W4243207088,2011,,0,0
W2098630092,2009,,0,0
W2174302051,2007,-1.0,0,2
W4375836752,2010,,0,0
W1495909147,2008,-1.0,0,1
W1836205098,2010,1.0,1,0
W2067211264,2014,-0.3684210526315789,6,13
W2773280930,2017,-0.7142857142857143,2,12
W2036643092,2014,-0.2,8,12
W1984631936,2011,0.2857142857142857,9,5
W2018405684,2014,-0.06666666666666667,7,8
W2064685403,2012,0.1111111111111111,5,4
W2001568679,2013,-0.5,2,6
W2272227813,2013,-0.5,1,3
W2465160719,2016,-0.5384615384615384,3,10
W2467936388,2016,-0.3333333333333333,1,2
W2191904411,2015,1.0,1,0
W1963861706,2013,,0,0
W2115881450,2014,1.0,3,0
W2766544714,2017,-0.56,11,39
W2763137514,2017,-0.6595744680851063,8,39
W2565842466,2016,-0.08,23,27
W2534409555,2016,-1.0,0,41
W2122401044,2009,-0.28,18,32
W1984964495,2013,0.2,30,20
W2166381878,2009,-0.68,8,42
W2018206893,2014,-0.44,14,36
W2110229593,2010,-0.6,10,40
W2076771354,2015,-0.32,17,33
W2051277183,2014,-0.4,15,35
W2137267962,2011,-0.8,5,45
W2051525497,2014,0.6,40,10
W2035818959,2014,-0.36,16,34
W2547709956,2016,-0.24,19,31
W2124482849,2012,-0.48,13,37
W2132667707,2011,-0.2222222222222222,7,11
W3142566747,2012,-0.6956521739130435,7,39
W1994740530,2014,0.32,33,17
W2749858461,2017,-0.88,3,47
W2610908229,2017,-0.19047619047619047,17,25
W2215079391,2015,0.1,22,18
W2201999956,2015,-0.56,11,39
W2241837413,2015,-0.4634146341463415,11,30
W2207738593,2015,-0.8,5,45
W2201046534,2015,-0.7872340425531915,5,42
W2171955640,2008,-0.030303030303030304,16,17
W2158532686,2012,0.0625,17,15
W2074842205,2009,-0.35714285714285715,9,19
W1229457308,2011,0.7837837837837838,33,4
W2765399661,2017,-0.6363636363636364,6,27
W2396578647,2016,-0.5384615384615384,6,20
W2264285263,2014,1.0,42,0
W2074760252,2011,0.7333333333333333,13,2
W2611714150,2017,-0.3076923076923077,9,17
W2102908405,2015,-0.2,8,12
W2403758435,2011,0.2,12,8
W2243368861,2009,0.21739130434782608,14,9
W2769780037,2017,-0.07692307692307693,6,7
W2150747844,2014,-0.25,3,5
W2766697724,2017,-0.6363636363636364,2,9
W2020638820,2014,-0.2,2,3
W1989504196,2014,1.0,7,0
W2037228860,2015,0.0,2,2
W1978092608,2013,,0,0
W2578109400,2015,0.0,3,3
W2075411105,2014,,0,0
W46412898,2010,0.0,6,6
W2120773989,2013,1.0,1,0
W2770253517,2017,-0.3333333333333333,1,2
W2089338631,2014,1.0,1,0
W1969080893,2014,1.0,2,0
W1987768879,2011,-0.36,16,34
W2143427281,2009,-0.16,21,29
W2103530214,2008,0.2,30,20
W2043736971,2012,0.36,34,16
W2145421863,2013,0.32,33,17
W2161460193,2012,-0.24,19,31
W4229726131,2016,0.12,28,22
W1938008383,2015,-0.6,10,40
W2063688338,2012,-0.24,19,31
W2056257735,2014,-0.24,19,31
W2060100157,2015,-0.36,16,34
W1983423649,2009,-0.28,18,32
W2040448988,2013,-0.7692307692307693,3,23
W2274524839,2015,-0.44,14,36
W2160904077,2007,-0.3333333333333333,8,16
W2025702273,2011,-0.45,11,29
W2166493072,2011,-0.47368421052631576,10,28
W2041459575,2015,-0.24,19,31
W1973447078,2014,-0.48,13,37
W1968566124,2014,-0.21212121212121213,13,20
W1969784320,2012,-0.20930232558139536,17,26
W2323122434,2016,0.04,26,24
W1992469324,2013,-0.06976744186046512,20,23
W2012844124,2014,-0.12,22,28
W1985489405,2015,-0.09090909090909091,15,18
W4256531915,2013,-0.2631578947368421,7,12
W2013785827,2013,-0.22727272727272727,17,27
W15191017,2013,-0.5,5,15
W2479984892,2016,0.1,11,9
W4255895325,2013,-0.35714285714285715,9,19
W2169574110,2011,-0.3333333333333333,9,18
W2296270309,2013,-0.1836734693877551,20,29
W2004471679,2014,-0.5121951219512195,10,31
W2592007507,2017,0.04,26,24
W2062160780,2012,-0.23076923076923078,15,24
W2607971096,2017,-0.12,22,28
W2134152600,2015,-0.47619047619047616,11,31
W2077188144,2015,-0.4444444444444444,10,26
W2012804445,2015,-0.3103448275862069,10,19
W1677468976,2015,-0.6666666666666666,3,15
W2127022230,2013,-0.3888888888888889,11,25
W2611702064,2017,-0.18518518518518517,11,16
W2418349803,2016,-0.8787878787878788,2,31
W2631994842,2017,0.06666666666666667,16,14
W2773185014,2017,0.45454545454545453,16,6
W2053113405,2013,0.23809523809523808,13,8
W2610273844,2017,-0.42857142857142855,6,15
W2017132901,2012,-0.8,1,9
W2091881664,2015,0.2,9,6
W2750376793,2017,-0.07692307692307693,6,7
W2564609756,2016,-0.7777777777777778,2,16
W585664196,2010,1.0,5,0
W4250397829,2016,,0,0
W2461807691,2016,-0.5555555555555556,4,14
W4205240804,2011,0.5,3,1
W2555345935,2016,-0.6666666666666666,2,10
W1987307427,2014,0.3333333333333333,4,2
W2033192284,2012,-0.18181818181818182,9,13
W2110727992,2013,0.125,9,7
W2520107763,2014,1.0,2,0
W2289546976,2016,-0.6,3,12
W2075092241,2012,-0.8,1,9
W2291204964,2016,-0.25,6,10
W2551904797,2016,0.16666666666666666,7,5
W1574455933,2009,-0.5,1,3
W2565774923,2016,-1.0,0,7
W2029726997,2013,-1.0,0,13
W56995818,2012,0.42857142857142855,5,2
W4297959438,2015,1.0,7,0
W2346309462,2016,-0.5555555555555556,2,7
W2062302545,2012,1.0,6,0
W1965192441,2008,-0.5,1,3
W2010298690,2012,-0.3333333333333333,2,4
W2622334380,2017,-1.0,0,6
W2094077861,2015,-0.5,1,3
W2585374426,2016,1.0,5,0
W2144824038,2013,0.0,1,1
W2894979557,2011,1.0,2,0
W2739454349,2011,1.0,4,0
W2171714039,2012,1.0,2,0
W2151014397,2014,,0,0
W2551123980,2016,,0,0
W4236326621,2013,,0,0
W2911927009,2011,1.0,2,0
W2032383407,2013,1.0,1,0
W2106291003,2010,-1.0,0,1
W9266095,2014,-0.52,12,38
W2604807246,2017,-0.42857142857142855,2,5
W2584716309,2011,-1.0,0,1
W4237564957,2014,,0,0
W2264661379,2015,-0.5294117647058824,4,13
W2013016935,2015,-0.5,2,6
W2598436290,2017,-0.7647058823529411,2,15
W2295758393,2016,1.0,1,0
W2346182795,2016,-0.8,1,9
W2342838551,2016,0.13333333333333333,17,13
W2035662778,2007,1.0,11,0
W1981697898,2010,-0.4146341463414634,12,29
W2610954667,2017,0.36,34,16
W1981311685,2012,-1.0,0,15
W2583743974,2016,0.11764705882352941,19,15
W2180280991,2015,0.0625,17,15
W2780330371,2017,-0.12,11,14
W1995862660,2014,-0.42857142857142855,8,20
W1558769302,2012,-0.75,2,14
W2585829736,2016,0.5862068965517241,23,6
W2556069897,2016,-0.42857142857142855,4,10
W2725144082,2017,-0.7777777777777778,2,16
W2093802869,2007,-1.0,0,2
W2761952125,2017,-0.8,1,9
W2043815990,2010,-0.8333333333333334,1,11
W4251263471,2016,0.7142857142857143,12,2
W2124585046,2010,-0.2857142857142857,5,9
W2023890789,2010,0.2,6,4
W2344096011,2016,-0.625,3,13
W2469303984,2016,0.2,6,4
W2078292231,2009,-0.4,3,7
W2617273446,2017,-0.3333333333333333,4,8
W2552777407,2014,-0.5555555555555556,2,7
W3139961920,2011,-0.6,2,8
W2987343778,2017,1.0,7,0
W1556712057,2009,0.0,7,7
W2063078552,2012,1.0,5,0
W2127587034,2013,-0.42857142857142855,2,5
W1970101353,2012,-0.25,3,5
W1966598733,2012,-0.25,3,5
W2153418440,2014,-0.5,1,3
W2310890077,2011,-1.0,0,6
W2734797962,2017,-0.3333333333333333,1,2
W2139560110,2012,,0,0
W2921505776,2013,1.0,2,0
W2514836107,2016,1.0,2,0
W1997028680,2008,-1.0,0,1
W2583726657,2017,0.0,1,1
W4246817794,2011,1.0,1,0
W2771292868,2017,1.0,1,0
W2034632510,2012,-0.2727272727272727,4,7
W2792438088,2017,-0.38461538461538464,4,9
W2886830862,2017,1.0,3,0
W53720618,2007,1.0,1,0
W2123634452,2012,0.32,33,17
W2097234820,2008,0.04,26,24
W1991520109,2014,-0.08,23,27
W2065228210,2013,-0.56,11,39
W2139541242,2008,-0.32,17,33
W2071086633,2008,-0.48,13,37
W2042062504,2008,-0.3333333333333333,8,16
W1587018963,2007,-0.7692307692307693,3,23
W1983952825,2007,0.0,17,17
W2133175182,2015,-0.36,16,34
W1545424562,2013,-0.4857142857142857,9,26
W36544075,2007,1.0,46,0
W1165823106,2015,-0.76,6,44
W1973430640,2008,-0.12,11,14
W107400006,2011,0.7894736842105263,17,2
W2775252820,2017,-0.28205128205128205,14,25
W2539209993,2016,0.0,1,1
W2100993058,2010,-0.1,9,11
W2069562666,2012,0.3939393939393939,23,10
W2098375194,2009,-0.6,1,4
W2049068926,2014,0.0,2,2
W2006071649,2013,-0.25925925925925924,10,17
W2202862721,2011,-0.6363636363636364,4,18
W183515828,2012,0.11627906976744186,24,19
W2128259551,2008,-0.76,3,22
W1964215226,2008,-0.5384615384615384,6,20
W2055958444,2008,-0.047619047619047616,10,11
W2067689756,2007,-0.6842105263157895,3,16
W2106870792,2009,-0.2727272727272727,8,14
W1584463566,2010,-0.3076923076923077,9,17
W2104038318,2008,-0.25,6,10
W2124820153,2014,1.0,25,0
W2152322203,2009,-0.42857142857142855,6,15
W1999565508,2009,-0.058823529411764705,16,18
W4234511598,2008,-0.5,1,3
W2584231425,2016,-0.4666666666666667,4,11
W2117417173,2008,-0.15789473684210525,8,11
W1966995613,2007,-0.16666666666666666,5,7
W1772996021,2013,-0.15384615384615385,11,15
W2610676428,2016,0.28,16,9
W2083893325,2008,0.25,5,3
W2584102993,2016,0.8260869565217391,21,2
W2942315447,2017,0.7575757575757576,29,4
W2970799509,2009,-0.5,5,15
W2319266523,2016,-0.4666666666666667,4,11
W2771727319,2017,-0.5238095238095238,5,16
W2099910249,2009,0.4117647058823529,12,5
W1965321104,2012,0.6666666666666666,5,1
W2564606996,2016,-0.5,4,12
W2026697715,2008,-0.06666666666666667,7,8
W1992876480,2011,0.09090909090909091,6,5
W2112130309,2011,-0.6,3,12
W1992019716,2013,-0.1111111111111111,4,5
W2088050898,2008,1.0,7,0
W1972121115,2015,1.0,13,0
W1776027088,2014,1.0,1,0
W2057394813,2007,-0.18181818181818182,9,13
W2103389330,2007,-0.14285714285714285,6,8
W2065924200,2012,-0.38461538461538464,4,9
W2979827250,2008,0.6,8,2
W2006309379,2008,0.3333333333333333,10,5
W2029164009,2010,0.5,9,3
W2009391297,2010,-0.14285714285714285,3,4
W2741566671,2017,-0.05263157894736842,9,10
W2112037399,2008,0.5555555555555556,14,4
W2119483663,2013,-0.2727272727272727,4,7
W2113090257,2009,0.5,6,2
W2125381375,2010,-0.16666666666666666,5,7
W141510897,2011,-0.07692307692307693,6,7
W2037129566,2010,0.14285714285714285,8,6
W2076931397,2007,0.058823529411764705,9,8
W243825177,2011,-0.8,1,9
W2284015977,2015,-0.8,1,9
W2127016142,2009,-0.5789473684210527,4,15
W2585013610,2016,-0.38461538461538464,4,9
W2119287980,2012,0.8461538461538461,12,1
W2149117902,2014,1.0,9,0
W2147164100,2011,0.5555555555555556,7,2
W2163064597,2008,-0.75,1,7
W2778463017,2017,0.09090909090909091,6,5
W1744535996,2008,1.0,5,0
W2294287846,2015,-0.5555555555555556,2,7
W2332336392,2016,0.4666666666666667,11,4
W2141407264,2012,0.6363636363636364,9,2
W2025671679,2008,0.6666666666666666,5,1
W2914117366,2017,1.0,6,0
W2080812952,2013,0.1111111111111111,5,4
W2100076479,2013,-1.0,0,6
W2156256035,2008,-0.14285714285714285,3,4
W2029001051,2013,1.0,1,0
W2151497144,2007,0.5,3,1
W149532645,2007,1.0,4,0
W2492362355,2007,1.0,1,0
W2076142997,2008,-0.2,2,3
W2121389692,2010,0.8,9,1
W2080752373,2008,1.0,4,0
W2008880081,2014,1.0,5,0
W2041527080,2011,-0.14285714285714285,3,4
W2077302609,2013,-0.5,1,3
W2104006956,2009,0.8,9,1
W2208441486,2009,-1.0,0,1
W2085148820,2013,-0.3333333333333333,1,2
W2120614356,2007,0.5,6,2
W2770660114,2017,-0.45454545454545453,3,8
W2209079739,2015,0.0,2,2
W2001355759,2008,0.7777777777777778,8,1
W2109962563,2008,-0.2,2,3
W2631078723,2017,-0.25,3,5
W2006668579,2014,1.0,8,0
W2559286947,2016,0.14285714285714285,4,3
W2771298139,2017,1.0,8,0
W1555484052,2009,0.2,3,2
W2031219889,2009,0.42857142857142855,5,2
W2533603519,2007,0.0,3,3
W2102756708,2010,-0.2,2,3
W2071432869,2008,-0.3333333333333333,3,6
W2121605490,2008,-0.1111111111111111,4,5
W2114431274,2010,0.2,3,2
W2050717979,2008,0.0,2,2
W2143956388,2008,-0.6,1,4
W2146808446,2008,0.5,3,1
W1988353102,2010,-1.0,0,4
W2054532028,2014,1.0,5,0
W2050871251,2013,1.0,3,0
W2076875096,2012,0.0,2,2
W11562048,2012,-0.2,2,3
W1499226393,2010,0.0,1,1
W1530962386,2008,-0.14285714285714285,3,4
W2021690361,2013,0.14285714285714285,4,3
W2174507875,2008,1.0,1,0
W2510403094,2016,0.5,3,1
W1997167014,2015,0.3333333333333333,2,1
W2048022558,2014,1.0,5,0
W2004562176,2013,-0.5,1,3
W2038045704,2014,,0,0
W2197651697,2014,0.6,4,1
W2136096696,2013,0.3333333333333333,2,1
W2169005460,2013,-0.3333333333333333,1,2
W1564976127,2015,-0.3333333333333333,1,2
W1600686160,2010,0.0,2,2
W1531833523,2013,1.0,2,0
W2088112467,2014,1.0,3,0
W2404935636,2014,1.0,3,0
W2120943707,2007,,0,0
W2560457160,2016,-1.0,0,2
W2599316505,2009,0.3333333333333333,2,1
W2772885111,2017,0.3333333333333333,2,1
W367475364,2007,1.0,5,0
W4246681638,2016,1.0,3,0
W2154488314,2009,-0.1111111111111111,4,5
W2094373987,2012,1.0,2,0
W2181299751,2015,,0,0
W1967713905,2012,,0,0
W2775266866,2017,-1.0,0,1
W326955194,2013,0.0,2,2
W2032382549,2014,1.0,3,0
W2137326949,2008,0.1111111111111111,5,4
W2006535697,2014,-0.3333333333333333,1,2
W2089916697,2008,-0.7142857142857143,1,6
W1589057080,2010,1.0,1,0
W2032584127,2010,-1.0,0,1
W2036292274,2013,-0.3333333333333333,1,2
W2059390505,2012,-1.0,0,2
W2066845495,2013,,0,0
W1594086433,2010,,0,0
W2021441934,2013,-1.0,0,2
W2025475512,2009,1.0,1,0
W2021810991,2011,1.0,1,0
W2029258662,2012,1.0,1,0
W2045594004,2013,1.0,1,0
W2172220733,2007,-1.0,0,1
W2246364922,2015,1.0,1,0
W4244594893,2011,,0,0
W2557489738,2016,1.0,2,0
W2583993478,2016,-1.0,0,1
W1585507718,2014,,0,0
W2034927916,2012,,0,0
W2072807271,2014,,0,0
W2152555884,2009,,0,0
W1531300634,2011,1.0,1,0
W1953943763,2011,1.0,1,0
W2031864684,2014,-1.0,0,1
W2100170411,2012,-1.0,0,1
W2608999819,2010,,0,0
W2215993182,2015,1.0,1,0
W4229803698,2011,,0,0
W2593531675,2016,1.0,1,0
W4247208656,2009,,0,0
W1965752483,2013,,0,0
W2616759571,2016,-1.0,0,1
W2770482476,2017,1.0,6,0
W1490651426,2007,-0.5,1,3
W2581355646,2016,,0,0
W2769505397,2017,-0.5,1,3
W1507890804,2007,1.0,2,0
W2138594263,2009,-1.0,0,2
W2885622273,2017,1.0,1,0
W2978979974,2015,1.0,2,0
W91360770,2007,1.0,2,0
W2108243352,2009,-1.0,0,1
W2768996114,2017,1.0,1,0
W88572686,2007,-1.0,0,1
W2538738044,2016,-0.8604651162790697,3,40
W2126775254,2012,-0.75,2,14
W2136956673,2007,0.25,5,3
W2154188682,2014,0.0,8,8
W2761175959,2017,-0.75,2,14
W2605336151,2017,-0.07692307692307693,12,14
W1980009777,2013,-0.6190476190476191,4,17
W2150920680,2008,-0.14285714285714285,3,4
W2036642004,2013,-0.5,1,3
W2003968682,2010,1.0,3,0
W2059117493,2007,0.0,2,2
W2085124546,2011,-0.5,2,6
W2121181335,2009,-0.8181818181818182,1,10
W2087025767,2013,0.45454545454545453,8,3
W2012572352,2015,0.09090909090909091,6,5
W2038064616,2012,0.09090909090909091,6,5
W1572730362,2015,0.1111111111111111,5,4
W2132794828,2009,0.0,2,2
W2604494650,2017,0.6666666666666666,10,2
W2074966643,2014,-0.4117647058823529,5,12
W2118301805,2011,0.7777777777777778,8,1
W2329836302,2011,0.2,3,2
W1543984642,2015,0.5,6,2
W2238741970,2015,0.2,3,2
W2140814337,2009,0.8181818181818182,10,1
W2462864900,2016,0.2,3,2
W2040085591,2013,-0.2,2,3
W2080002376,2014,-0.2,2,3
W2090947497,2014,-0.2,2,3
W1550641242,2010,-1.0,0,1
W44862859,2007,-0.7142857142857143,2,12
W2109834583,2011,-0.3333333333333333,1,2
W2345921074,2008,-1.0,0,4
W1988322219,2015,1.0,3,0
W2111699904,2009,0.0,1,1
W2066524479,2009,0.0,2,2
W2144956198,2008,-1.0,0,1
W2070031603,2012,1.0,2,0
W1997780040,2015,0.3333333333333333,2,1
W2327334250,2011,0.0,1,1
W1969018957,2012,-1.0,0,2
W2089941268,2014,0.0,1,1
W1547309725,2015,0.0,1,1
W2123379956,2010,-1.0,0,2
W2799422015,2017,1.0,5,0
W2016459044,2008,0.0,1,1
W2052526906,2010,-0.4,15,35
W2041318191,2008,-0.3333333333333333,12,24
W2158597541,2007,-0.38461538461538464,12,27
W50624281,2011,0.1111111111111111,10,8
W2755106404,2017,-0.32,17,33
W1624742589,2015,-0.3191489361702128,16,31
W2105801007,2010,-0.1,9,11
W1989872179,2013,-0.45,11,29
W2094498058,2009,-0.5714285714285714,3,11
W2089712468,2011,-0.6521739130434783,4,19
W2028565164,2010,-0.6521739130434783,4,19
W2031672576,2008,0.3333333333333333,6,3
W2086096184,2009,-0.3333333333333333,5,10
W2067701216,2013,0.0,3,3
W2566439460,2016,-0.6666666666666666,4,20
W2115074841,2015,-0.7,3,17
W2343958395,2016,-0.4444444444444444,5,13
W2544062440,2009,0.07692307692307693,7,6
W2343369481,2016,-0.45454545454545453,3,8
W2472153246,2016,1.0,16,0
W2138867642,2012,-0.5,2,6
W2111273479,2012,-0.4,3,7
W2144418872,2011,-0.75,1,7
W1968264168,2009,-0.8,1,9
W2584037923,2017,-0.7777777777777778,1,8
W2099439276,2008,-0.75,1,7
W146975518,2012,1.0,9,0
W2031050439,2014,-0.5,2,6
W1598207589,2008,-0.2,2,3
W1970909306,2013,-1.0,0,2
W1992336800,2015,-1.0,0,6
W2061050912,2009,0.0,1,1
W2151051227,2011,-1.0,0,3
W1972316918,2010,-0.5,1,3
W2085213209,2009,,0,0
W1972449096,2014,1.0,3,0
W2467443969,2016,-0.2,2,3
W2105564874,2011,-1.0,0,4
W2466300358,2016,1.0,5,0
W1573280151,2015,0.5,3,1
W2165046755,2011,1.0,2,0
W2152606398,2009,1.0,1,0
W2399002819,2015,1.0,4,0
W2473529663,2016,1.0,2,0
W1505088479,2015,1.0,1,0
W1538110814,2015,-1.0,0,1
W2241431080,2011,1.0,1,0
W4243431043,2013,-1.0,0,1
W2040646404,2014,-1.0,0,1
W2168200321,2012,1.0,1,0
W2185760327,2015,-1.0,0,1
W2476521394,2016,1.0,1,0
W241143811,2008,1.0,1,0
W31021998,2008,1.0,1,0
W2114913305,2014,0.2857142857142857,9,5
W1538085078,2015,0.08,27,23
W2649090908,2017,-0.96,1,49
W2523172184,2016,-0.8461538461538461,1,12
W2770566660,2017,-0.5454545454545454,10,34
W2515658387,2016,-0.2,8,12
W2394553483,2010,0.7142857142857143,6,1
W2734720528,2017,-0.3333333333333333,9,18
W2519878001,2016,-0.5384615384615384,3,10
W2751539038,2017,-0.8,1,9
W2512546630,2016,0.2,3,2
W2539167637,2016,-0.1111111111111111,4,5
W177511766,2014,-1.0,0,3
W2340939347,2016,-0.2,2,3
W2739682598,2017,-1.0,0,3
W2109424317,2013,0.0,1,1
W26987457,2013,0.0,1,1
W2161145266,2010,0.0,1,1
W2911631716,2017,1.0,2,0
W2033104967,2015,1.0,1,0
W2792857385,2017,1.0,1,0
W2404928897,2010,-1.0,0,1
W2758685863,2017,-0.3333333333333333,10,20
W1561787084,2013,1.0,7,0
W2762318795,2017,1.0,1,0
W2251636905,2015,-1.0,0,2
W2114544510,2008,-0.72,7,43
W2122865749,2012,-0.68,8,42
W2000656232,2009,-0.44,14,36
W1483236033,2012,-0.64,9,41
W2089247435,2008,-0.68,8,42
W1519440323,2010,1.0,50,0
W2521367263,2016,-0.28,18,32
W2100408869,2008,-0.52,12,38
W2591368218,2017,-0.84,4,46
W1993786250,2009,-0.92,2,48
W2167571757,2009,-0.8,5,45
W2594382603,2017,-0.48,13,37
W2162362997,2012,-0.76,6,44
W2156233801,2012,-0.76,6,44
W2045495924,2011,-1.0,0,50
W1506229096,2010,-0.92,2,48
W1511283908,2010,-1.0,0,50
W2538541058,2016,-0.24,19,31
W2098636939,2010,-0.48,13,37
W2037289266,2008,0.8,45,5
W2133134975,2010,-0.64,9,41
W2147344977,2010,-0.64,9,41
W2120061223,2008,-0.6,10,40
W2130878769,2009,-0.56,11,39
W2072692647,2013,-0.44,14,36
W2091950909,2014,-0.56,11,39
W1968748479,2013,-0.7142857142857143,7,42
W2006149654,2009,-0.24,19,31
W2086456653,2015,-0.48,13,37
W638568100,2012,-0.8421052631578947,3,35
W1565763308,2013,-0.84,4,46
W2091181883,2010,-0.32,17,33
W2251239360,2015,-0.84,4,46
W1985393821,2009,0.8,45,5
W2161371090,2008,-0.12,22,28
W2740432174,2017,0.4,35,15
W2038742116,2011,-0.7297297297297297,5,32
W2170766963,2007,-0.673469387755102,8,41
W2162756068,2012,-0.625,9,39
W2021682442,2014,0.06382978723404255,25,22
W2169022614,2014,0.09523809523809523,23,19
W2742088982,2017,-0.15789473684210525,8,11
W2145912373,2014,0.4,7,3
W1564316993,2012,-0.1111111111111111,4,5
W2124549482,2008,-0.47368421052631576,5,14
W1964338930,2007,-0.28,18,32
W1495355927,2008,-0.48,13,37
W2133837166,2009,-0.24,19,31
W2042081030,2009,-0.5333333333333333,7,23
W2166001746,2007,-1.0,0,26
W2471349142,2016,-0.75,6,42
W2006064271,2009,-0.24,19,31
W2154536059,2013,-0.20930232558139536,17,26
W2144189147,2011,-0.7142857142857143,3,18
W1604098248,2010,-0.2631578947368421,14,24
W2082626166,2007,-0.7777777777777778,5,40
W2165266976,2014,-0.6,6,24
W2146200114,2011,-0.21212121212121213,13,20
W2101349222,2014,-0.2631578947368421,14,24
W2760268776,2017,0.030303030303030304,17,16
W2155069392,2012,-0.2,12,18
W2171070229,2009,-0.1111111111111111,12,15
W2162246363,2010,-0.5294117647058824,8,26
W2762598093,2017,-0.8181818181818182,3,30
W1967053016,2008,-0.21428571428571427,11,17
W2592393750,2017,-0.2727272727272727,12,21
W2295522710,2016,-0.3157894736842105,13,25
W1775601170,2009,0.5294117647058824,13,4
W2105904924,2011,-0.9285714285714286,1,27
W2533904613,2016,-0.8235294117647058,3,31
W1959423761,2014,-0.13333333333333333,13,17
W2163763098,2010,-0.4782608695652174,6,17
W2149292443,2012,-0.18181818181818182,9,13
W1737751673,2015,-0.92,1,24
W2442475602,2016,0.5454545454545454,17,5
W2622479609,2017,0.3793103448275862,20,9
W2094401942,2010,-0.7142857142857143,2,12
W2141739114,2012,-0.23809523809523808,8,13
W2126940099,2010,-0.1111111111111111,4,5
W2765782497,2017,-0.7391304347826086,3,20
W2135402295,2009,-0.5,4,12
W2084391248,2008,-0.42857142857142855,6,15
W2340389517,2016,-0.9130434782608695,1,22
W2523022347,2016,-0.8888888888888888,1,17
W2317388616,2016,-0.8,2,18
W2120522388,2012,-0.375,5,11
W1841919222,2013,-0.6666666666666666,3,15
W2125029327,2012,-0.8,1,9
W1549708352,2012,-1.0,0,9
W2002619677,2013,-0.14285714285714285,6,8
W2019214418,2011,0.3333333333333333,10,5
W2011912678,2009,-1.0,0,14
W2547288118,2016,-0.09090909090909091,5,6
W2250865411,2015,,0,0
W2118633768,2010,-0.3333333333333333,4,8
W2606270692,2017,-0.6470588235294118,3,14
W2773521671,2017,0.7142857142857143,6,1
W795375089,2014,-1.0,0,5
W1589838953,2007,-0.1111111111111111,12,15
W2160305607,2009,-0.7391304347826086,3,20
W2083545228,2012,-0.8181818181818182,2,20
W2045791652,2011,-0.6666666666666666,2,10
W2000694016,2011,-0.09090909090909091,5,6
W2134375882,2011,0.16666666666666666,7,5
W2342287393,2016,-0.4444444444444444,5,13
W2591108329,2017,-0.23809523809523808,8,13
W1522137439,2009,-0.6,3,12
W2096982124,2013,-1.0,0,10
W1513010910,2014,0.125,9,7
W2021664967,2011,-0.8,1,9
W1982767798,2011,-0.42857142857142855,4,10
W3102722791,2015,-1.0,0,13
W2060245442,2013,-0.5384615384615384,3,10
W2087211905,2011,0.7777777777777778,8,1
W2146084056,2010,-0.8181818181818182,1,10
W2516519892,2016,-0.6923076923076923,2,11
W2566302710,2016,-1.0,0,12
W1985339368,2011,0.14285714285714285,4,3
W1980092576,2011,0.16666666666666666,7,5
W592468124,2014,-0.8333333333333334,1,11
W1965622995,2013,0.2727272727272727,7,4
W2505802487,2012,1.0,11,0
W4210805783,2009,1.0,1,0
W2084039440,2010,-0.2,2,3
W2251074656,2015,-0.7777777777777778,1,8
W2078262422,2015,1.0,10,0
W1832726879,2011,-0.6,1,4
W2767205225,2017,-0.25,3,5
W1570922639,2007,1.0,4,0
W2103906746,2007,-0.75,1,7
W2121651557,2009,-0.47368421052631576,5,14
W2096829162,2012,-0.5714285714285714,3,11
W2168931213,2009,-0.1111111111111111,4,5
W2251406901,2015,-1.0,0,6
W1549383163,2010,-0.42857142857142855,2,5
W2337312443,2016,-0.5555555555555556,2,7
W2468805157,2016,-0.6,2,8
W4298372259,2010,1.0,5,0
W2337982776,2016,-0.5,2,6
W1922138991,2015,0.1111111111111111,5,4
W2111476290,2012,0.0,3,3
W2133078122,2014,-0.3333333333333333,2,4
W2257759074,2014,-1.0,0,7
W1538967314,2016,,0,0
W1037424810,2008,,0,0
W1489759386,2008,-0.7142857142857143,1,6
W2110898590,2008,0.3333333333333333,4,2
W2122494037,2014,-0.3333333333333333,2,4
W2398546314,2016,-0.5,1,3
W1613699546,2014,0.5,3,1
W2037481598,2007,-0.8888888888888888,1,17
W4230286576,2009,1.0,3,0
W1591819357,2007,-1.0,0,14
W2125973265,2008,0.625,13,3
W1978944206,2007,-0.2727272727272727,4,7
W1532944600,2008,-0.7333333333333333,2,13
W1513057195,2007,-1.0,0,12
W2161153804,2007,-0.5384615384615384,3,10
W1577636298,2013,-0.75,1,7
W1571315124,2008,-0.09090909090909091,5,6
W2055520707,2014,-0.14285714285714285,3,4
W1483855077,2007,0.0,3,3
W1986905831,2008,1.0,10,0
W2153088293,2010,1.0,6,0
W2117475718,2011,0.0,3,3
W3025201658,2016,1.0,7,0
W1972076091,2012,0.3333333333333333,4,2
W2607624639,2017,-0.7142857142857143,1,6
W3095267943,2009,1.0,6,0
W2074610012,2011,-0.14285714285714285,3,4
W1586094161,2008,-1.0,0,5
W1719848100,2007,-1.0,0,6
W2013099118,2012,0.2,3,2
W2015784841,2015,0.0,3,3
W2065756452,2011,1.0,5,0
W2502640195,2008,1.0,2,0
W1571373268,2012,-1.0,0,4
W2000931465,2008,1.0,2,0
W2114945967,2013,-1.0,0,5
W2514957253,2016,-0.2,2,3
W34887967,2010,-0.2,2,3
W2019196381,2013,-1.0,0,2
W2121977863,2012,-0.5,1,3
W2767700228,2017,-1.0,0,4
W1535721091,2012,1.0,1,0
W2122271060,2013,-1.0,0,3
W1580161761,2009,1.0,3,0
W2166066194,2013,-1.0,0,4
W636489255,2014,-1.0,0,4
W1988476383,2013,0.0,1,1
W809151704,2014,0.0,1,1
W1600272287,2008,1.0,2,0
W4298555211,2014,1.0,2,0
W1873917544,2009,-1.0,0,3
W655886797,2014,-1.0,0,2
W1536555484,2007,-0.8571428571428571,1,13
W2124520756,2007,-1.0,0,10
W2143110746,2007,0.3333333333333333,4,2
W2154877073,2008,-1.0,0,11
W2128375099,2007,0.3333333333333333,4,2
W2125911031,2010,-1.0,0,4
W2548412472,2008,1.0,2,0
W1577867801,2007,-0.3333333333333333,1,2
W2057379183,2007,-1.0,0,5
W2010679348,2009,-0.2,2,3
W2007352552,2008,1.0,5,0
W2003581263,2009,-1.0,0,3
W2115060050,2011,-0.5,1,3
W2150902009,2008,-0.3333333333333333,1,2
W1949989641,2012,1.0,3,0
W1966855344,2011,-1.0,0,1
W1982264100,2012,0.0,1,1
W2767290843,2017,-0.3333333333333333,1,2
W2773990986,2017,-1.0,0,2
W1043682250,2008,,0,0
W822467286,2014,-1.0,0,3
W2939972335,2016,1.0,2,0
W2109642067,2009,1.0,1,0
W874170688,2009,1.0,1,0
W758859642,2011,-1.0,0,1
W1524985250,2008,,0,0
W1522069067,2010,-1.0,0,1
W1499082572,2013,1.0,1,0
W1556634613,2013,-1.0,0,1
W2104601294,2009,,0,0
W1744824577,2010,1.0,1,0
W4293870069,2012,,0,0
W2060034367,2013,-1.0,0,1
W2182093581,2013,-1.0,0,1
W2326351238,2015,1.0,1,0
W622399645,2012,,0,0
W2593118256,2017,1.0,1,0
W1583752571,2008,,0,0
W657632768,2012,1.0,1,0
W818208350,2011,-1.0,0,1
W3154608386,2008,0.1111111111111111,5,4
W2951936395,2009,-0.09090909090909091,5,6
W3098564796,2017,-0.3333333333333333,9,18
W2573226251,2016,-0.2727272727272727,8,14
W2949745824,2016,-0.5,2,6
W2574453596,2016,1.0,8,0
W2245481800,2017,-1.0,0,5
W2153546617,2009,-0.44,14,36
W1561478962,2008,-1.0,0,4
W2952535097,2017,-0.5,1,3
W2169025010,2012,-1.0,0,2
W2285866955,2008,0.3333333333333333,2,1
W123804222,2007,0.0,1,1
W1483218181,2007,1.0,2,0
W1599841550,2007,-1.0,0,2
W2051400856,2007,-1.0,0,2
W2755277814,2017,-1.0,0,2
W2952980536,2017,0.0,1,1
W98734403,2007,-0.3333333333333333,1,2
W1026440410,2007,1.0,1,0
W1126517693,2007,-1.0,0,1
W1484531815,2007,-1.0,0,1
W1585687211,2008,-1.0,0,1
W2013316759,2008,1.0,1,0
W2097819278,2008,-1.0,0,1
W2105581466,2009,-1.0,0,1
W2161560779,2009,-1.0,0,1
W2165950416,2008,-1.0,0,1
W2338293525,2016,-1.0,0,1
W3169573414,2017,-1.0,0,1
W871479048,2010,-1.0,0,1
W2157997035,2011,-0.92,2,48
W2150537276,2009,-0.64,9,41
W2001016516,2008,-0.68,8,42
W607748843,2016,-1.0,0,50
W2005638040,2010,-0.76,6,44
W2467160315,2016,-0.64,9,41
W2060277946,2011,-0.6585365853658537,7,34
W3111597830,2011,0.84,46,4
W2147643698,2010,-0.7333333333333333,6,39
W1977895956,2013,-0.7619047619047619,5,37
W2097300414,2010,-0.8064516129032258,3,28
W2036494379,2007,-0.6756756756756757,6,31
W2146128805,2011,-0.8,3,27
W1969702728,2013,-0.7297297297297297,5,32
W2319328605,2013,-0.8,3,27
W2331220507,2016,-0.7714285714285715,4,31
W2085967431,2009,-0.8888888888888888,1,17
W2008242696,2010,-0.4375,9,23
W2005888935,2012,-0.7142857142857143,3,18
W2029994628,2014,-0.7142857142857143,4,24
W2083429323,2011,-0.8260869565217391,2,21
W2142051482,2014,-0.6129032258064516,6,25
W2521461771,2017,-0.030303030303030304,16,17
W1779386540,2015,-0.7037037037037037,4,23
W1984430397,2014,-0.5294117647058824,4,13
W2118945394,2015,-0.6363636363636364,4,18
W2561791817,2016,0.0,5,5
W1984406758,2011,-0.38461538461538464,4,9
W2274777889,2015,-0.8461538461538461,1,12
W1819802913,2015,-0.7333333333333333,2,13
W1965337253,2012,0.8461538461538461,12,1
W2417706821,2016,-0.8,1,9
W2140782040,2011,-1.0,0,9
W2231660126,2010,-0.8,1,9
W2536660827,2016,-1.0,0,2
W1995600211,2010,-1.0,0,5
W2020848295,2013,1.0,2,0
W2102526979,2011,0.0,5,5
W2550479721,2016,,0,0
W2116985728,2011,0.3333333333333333,2,1
W2768669018,2017,-0.8,1,9
W2161725909,2007,1.0,2,0
W102858020,2008,1.0,1,0
W2951132567,2015,0.034482758620689655,15,14
W2158118484,2011,-0.7142857142857143,3,18
W2102323131,2011,-1.0,0,20
W2155992093,2014,-0.44,14,36
W2146938707,2011,-0.9393939393939394,1,32
W2136791927,2008,-0.7333333333333333,4,26
W1483994939,2007,0.3333333333333333,8,4
W11034078,2011,-0.4,6,14
W2140994944,2007,-0.6842105263157895,3,16
W193081048,2011,-0.16666666666666666,5,7
W2604948093,2017,-0.6571428571428571,6,29
W2295532854,2010,-0.7777777777777778,1,8
W2103049742,2013,-1.0,0,20
W1882084549,2008,0.3333333333333333,2,1
W2759836588,2017,-0.76,3,22
W2026829590,2008,-1.0,0,13
W1966851629,2007,-0.6,3,12
W1527745059,2010,0.09090909090909091,6,5
W123800271,2011,-0.8,1,9
W2139801213,2014,-0.75,1,7
W2161241946,2010,-1.0,0,14
W1505083629,2010,-1.0,0,9
W4313120064,2010,-1.0,0,4
W2142980440,2008,0.0,2,2
W1580769741,2011,0.0,1,1
W2574105631,2016,-1.0,0,5
W1826978891,2009,-0.8333333333333334,1,11
W1571851487,2007,-1.0,0,9
W1521450751,2008,-1.0,0,5
W203265101,2008,-0.7333333333333333,2,13
W2161879374,2007,-1.0,0,9
W2316031931,2011,-1.0,0,6
W131273679,2009,0.0,3,3
W2171955870,2011,-0.2,2,3
W2576239431,2016,-1.0,0,7
W2408280519,2012,-1.0,0,5
W2197146024,2015,-1.0,0,2
W2486936028,2016,0.5,3,1
W2148545105,2009,-0.5,1,3
W2152056108,2014,-1.0,0,3
W1594463172,2013,-0.45454545454545453,3,8
W570039843,2013,-1.0,0,4
W2187263253,2013,-1.0,0,4
W2809942986,2008,-1.0,0,6
W2196640769,2015,-1.0,0,3
W2575334674,2016,-1.0,0,3
W257370745,2013,-1.0,0,2
W3130506297,2015,1.0,1,0
W108848441,2008,-1.0,0,7
W2619569735,2007,-1.0,0,8
W174813057,2012,-0.3333333333333333,1,2
W1692527761,2007,-0.42857142857142855,2,5
W2596476707,2008,1.0,1,0
W3105201135,2008,0.0,2,2
W1545789443,2010,1.0,2,0
W2152601355,2009,-1.0,0,2
W66743352,2007,,0,0
W1003193527,2014,-1.0,0,2
W2267298262,2013,-1.0,0,1
W8514837,2012,1.0,1,0
W2950212263,2017,-0.5,1,3
W2548305205,2009,-1.0,0,1
W2153332911,2007,-0.1724137931034483,12,17
W2165085685,2014,0.0,24,24
W1989115577,2008,-0.68,8,42
W2962817261,2017,-0.88,3,47
W2091144449,2008,-0.8666666666666667,1,14
W2186629860,2011,-0.16,21,29
W2161462756,2008,-0.3888888888888889,11,25
W2103149536,2009,-0.64,9,41
W2044804339,2009,-0.96,1,49
W2103170111,2011,-0.6585365853658537,7,34
W2963737810,2016,-0.14285714285714285,21,28
W2152588577,2012,-0.6,7,28
W1999993003,2009,-0.9024390243902439,2,39
W2565877108,2016,-0.4117647058823529,10,24
W165195483,2011,-1.0,0,27
W2118439278,2009,-1.0,0,44
W236383343,2012,-0.9310344827586207,1,28
W2110660056,2008,-0.8378378378378378,3,34
W1999121513,2009,-0.7894736842105263,2,17
W2117598836,2013,-0.8421052631578947,3,35
W2097191079,2012,-0.5238095238095238,5,16
W1940741243,2015,-0.5,4,12
W2123703928,2011,-1.0,0,13
W2963139548,2017,-1.0,0,18
W2325933960,2012,0.5555555555555556,14,4
W1762961584,2010,-0.8461538461538461,1,12
W1837702027,2012,-0.25,6,10
W2137382827,2007,-1.0,0,11
W2251827463,2014,-0.7333333333333333,2,13
W2129232371,2012,-0.7142857142857143,2,12
W2097878170,2012,-0.8181818181818182,1,10
W2111616267,2010,-0.8,1,9
W2745986546,2017,-0.3333333333333333,4,8
W2098967804,2012,-0.75,1,7
W2252236349,2013,-0.7777777777777778,1,8
W2143601450,2011,-0.3333333333333333,2,4
W197059664,2012,1.0,6,0
W2163352728,2007,-0.7142857142857143,1,6
W2577096146,2016,1.0,8,0
W2515695833,2016,-0.42857142857142855,2,5
W2623364964,2017,0.3333333333333333,2,1
W953802031,2013,-1.0,0,1
W2508752097,2016,0.0,3,3
W1535774026,2012,-1.0,0,4
W2510483507,2016,-1.0,0,4
W2740659896,2017,0.0,2,2
W2343532609,2011,-1.0,0,3
W53585181,2012,1.0,2,0
W2039328269,2012,-1.0,0,1
W1991068165,2007,-1.0,0,10
W2027087446,2008,0.0,1,1
W634032344,2009,-1.0,0,2
W2250971366,2015,1.0,2,0
W2740345847,2017,-1.0,0,3
W2913557245,2008,1.0,1,0
W4239622648,2016,,0,0
W4234546811,2014,1.0,1,0
W2182450543,2012,1.0,1,0
W2672781320,2017,-1.0,0,5
W2569260160,2016,-0.68,8,42
W2111535751,2009,0.3333333333333333,14,7
W2950513854,2015,0.6,4,1
W2548175383,2017,1.0,2,0
W2100249433,2007,-1.0,0,34
W2767810668,2017,-0.6363636363636364,4,18
W2039051470,2012,,0,0
W2077424327,2015,-0.6,3,12
W2074558616,2011,-0.3684210526315789,6,13
W2130886739,2014,-0.29411764705882354,6,11
W2054748532,2013,-0.4,3,7
W2060268007,2014,-0.17647058823529413,7,10
W2594859391,2017,-0.6,3,12
W2030025053,2015,-0.2,4,6
W1993606120,2015,-0.2,4,6
W2417556072,2016,-1.0,0,9
W1973577275,2012,0.5,6,2
W2029408395,2010,1.0,4,0
W2344737731,2016,1.0,5,0
W1988697496,2015,-0.7142857142857143,1,6
W2032553681,2012,-0.75,1,7
W2059165806,2013,0.5,3,1
W2148094409,2011,-1.0,0,1
W2622351536,2017,-0.5,1,3
W3021231178,2010,,0,0
W2757450344,2017,-1.0,0,4
W2611272631,2017,0.0,1,1
W2188264510,2014,-1.0,0,2
W2622063884,2017,0.0,1,1
W1971054865,2012,1.0,1,0
W2346563579,2016,-1.0,0,1
W2781027589,2017,-1.0,0,1
W1572881376,2012,1.0,1,0
W2086425961,2014,0.4,35,15
W1917857622,2015,-0.64,9,41
W2760882008,2017,-1.0,0,50
W2345099907,2016,-0.28,18,32
W2326775969,2016,-0.07692307692307693,6,7
W2083867412,2014,0.17073170731707318,24,17
W2485739185,2016,-0.84,4,46
W2008725783,2014,-0.30434782608695654,8,15
W2779131966,2017,0.2682926829268293,26,15
W2398687971,2013,-0.3076923076923077,9,17
W2170706903,2012,-0.3333333333333333,10,20
W2311463457,2015,0.23809523809523808,13,8
W2028875019,2015,-0.2222222222222222,7,11
W2320654102,2014,-0.5,4,12
W2005770900,2012,-0.15789473684210525,8,11
W3006536517,2015,1.0,17,0
W2103489258,2014,-0.6666666666666666,2,10
W2793167835,2017,-0.5,3,9
W2569932813,2016,-0.5555555555555556,2,7
W2766346421,2017,-1.0,0,16
W2105454324,2015,0.7333333333333333,13,2
W1512553083,2014,-0.8823529411764706,1,16
W2562016667,2016,-0.8,2,18
W2280223465,2015,0.0,7,7
W2070759766,2013,-0.06666666666666667,7,8
W2763546820,2017,-0.5294117647058824,4,13
W2620012248,2016,0.3333333333333333,10,5
W2046141272,2014,-0.3333333333333333,3,6
W2134844607,2014,-0.5714285714285714,3,11
W2604199829,2017,-0.16666666666666666,5,7
W4239755066,2017,-1.0,0,12
W2296428426,2015,1.0,1,0
W2903742211,2015,0.1111111111111111,5,4
W2135236465,2013,0.2,3,2
W3004256004,2015,1.0,6,0
W1905105863,2014,1.0,10,0
W1883460491,2015,1.0,7,0
W1966580259,2012,-0.6,1,4
W2184115014,2014,0.0,2,2
W2325744609,2015,-0.3333333333333333,2,4
W1434654696,2015,1.0,2,0
W2110791708,2013,0.0,2,2
W2212296987,2015,-1.0,0,1
W2563670030,2016,1.0,1,0
W621137586,2014,-1.0,0,2
W2930549731,2015,,0,0
W51946470,2013,1.0,1,0
W2019785740,2014,-0.5,1,3
W2526356251,2015,1.0,2,0
W2301726591,2015,1.0,1,0
W4408409086,2015,1.0,1,0
W1602190432,2013,0.16,29,21
W1784363444,2011,1.0,50,0
W2293651793,2011,0.24,31,19
W2581839940,2017,-0.28,18,32
W1964738875,2007,0.13513513513513514,21,16
W1999351065,2011,-0.72,7,43
W1596127521,2008,1.0,34,0
W2495612013,2015,0.68,42,8
W1924169242,2009,0.8,45,5
W2013761708,2012,-0.48,13,37
W2591131751,2017,-0.75,4,28
W2042252751,2014,-0.7391304347826086,6,40
W2094308675,2011,-0.4838709677419355,8,23
W2076520583,2009,-0.7058823529411765,5,29
W1251433060,2015,1.0,47,0
W2128131438,2008,0.12,28,22
W1526263245,2011,1.0,50,0
W2148623276,2012,-0.37142857142857144,11,24
W2023217215,2014,-0.3888888888888889,11,25
W1587329064,2007,1.0,8,0
W2025710576,2015,-0.88,3,47
W2102508644,2015,-0.2631578947368421,7,12
W1999736744,2011,-0.1111111111111111,12,15
W2156639031,2014,-0.36,8,17
W1528919506,2007,1.0,16,0
W2296442340,2015,-0.7714285714285715,4,31
W2115075696,2008,1.0,22,0
W2074814186,2010,0.6,16,4
W416649482,2016,1.0,50,0
W1972654837,2009,0.46153846153846156,19,7
W2082425367,2012,-0.034482758620689655,14,15
W1965386572,2009,-0.375,5,11
W2780584648,2017,0.42105263157894735,27,11
W2735990108,2017,-0.84,2,23
W1901192978,2013,-0.05263157894736842,9,10
W1981045347,2013,-0.16666666666666666,5,7
W2593876749,2017,-0.3939393939393939,10,23
W2037477515,2007,1.0,24,0
W2010501350,2013,0.17647058823529413,10,7
W2032572068,2015,-0.3333333333333333,6,12
W1756322206,2016,1.0,19,0
W1972113424,2011,-0.4666666666666667,4,11
W2790758329,2017,0.5555555555555556,14,4
W2124627359,2011,0.7647058823529411,15,2
W2065719017,2012,-0.14285714285714285,9,12
W2560794880,2016,-0.3333333333333333,7,14
W2218642739,2015,-0.6666666666666666,2,10
W2410452396,2016,-0.3333333333333333,6,12
W2041090936,2014,-0.2,4,6
W1980678180,2013,-0.15789473684210525,8,11
W2036259631,2013,0.42857142857142855,10,4
W2032609580,2011,0.3333333333333333,2,1
W207042897,2013,-0.6,3,12
W2258224788,2015,-0.3333333333333333,3,6
W3046103667,2016,0.0,6,6
W2747246865,2017,-0.5,1,3
W2752458548,2017,-0.5,1,3
W2140173262,2010,-0.3333333333333333,5,10
W1966407347,2014,-0.23809523809523808,8,13
W2007414186,2012,0.25,10,6
W1982706943,2009,1.0,15,0
W1998012272,2008,-0.42857142857142855,4,10
W2144635901,2007,0.2,3,2
W2773128981,2017,1.0,19,0
W2087943141,2014,-0.14285714285714285,3,4
W1965001389,2013,0.16666666666666666,7,5
W2098234040,2009,0.45454545454545453,8,3
W1529424652,2014,-1.0,0,1
W2016056121,2013,-0.3333333333333333,4,8
W2588641192,2017,0.2857142857142857,9,5
W823573172,2016,1.0,15,0
W2080826679,2010,1.0,5,0
W2154283470,2013,-0.3333333333333333,2,4
W2107901840,2012,-0.09090909090909091,5,6
W1986375235,2012,0.2,6,4
W2079519142,2010,-0.42857142857142855,2,5
W2106705947,2014,-0.6666666666666666,1,5
W2602910310,2017,-0.5,2,6
W2614757987,2017,1.0,6,0
W1527042808,2013,-0.5,2,6
W38030018,2013,1.0,9,0
W2087931568,2014,1.0,7,0
W2588930061,2017,0.14285714285714285,4,3
W2154800402,2014,1.0,1,0
W2909864178,2008,0.42857142857142855,5,2
W147172183,2013,1.0,7,0
W1510230800,2008,1.0,11,0
W159311104,2009,1.0,3,0
W3004094252,2014,1.0,7,0
W620577977,2008,1.0,3,0
W83393899,2008,0.7777777777777778,8,1
W111057047,2011,1.0,2,0
W2730684681,2017,-0.3333333333333333,3,6
W79277434,2013,1.0,7,0
W2530573406,2016,-0.2,2,3
W2054003395,2007,1.0,2,0
W2142504797,2015,1.0,5,0
W2095107825,2014,0.3333333333333333,2,1
W148292348,2012,1.0,5,0
W2146290028,2013,0.3333333333333333,6,3
W2295109534,2015,0.0,1,1
W2604488914,2017,-0.2,2,3
W1567701436,2007,-1.0,0,3
W169627307,2011,1.0,3,0
W2153387987,2011,1.0,1,0
W184520127,2014,1.0,6,0
W2178848303,2012,1.0,1,0
W2417630664,2017,1.0,5,0
W33337825,2007,-0.42857142857142855,2,5
W2741913174,2017,-1.0,0,1
W2139164842,2008,-0.3333333333333333,1,2
W2006737965,2009,0.3333333333333333,2,1
W2114546245,2008,0.1111111111111111,5,4
W2028569767,2010,-0.6,1,4
W2226831854,2015,0.5,3,1
W2567659464,2016,0.0,3,3
W1548666110,2012,1.0,1,0
W1562052357,2008,-1.0,0,2
W1815684924,2015,-1.0,0,5
W21893659,2011,1.0,4,0
W2238999420,2007,,0,0
W162914702,2011,0.2,3,2
W2073149350,2015,0.0,3,3
W2185925325,2015,-1.0,0,4
W3025147725,2009,1.0,4,0
W2593949488,2016,1.0,3,0
W4238082855,2010,1.0,1,0
W65064240,2009,-0.6,1,4
W1494303541,2011,0.5,3,1
W1521746102,2009,1.0,1,0
W1595928494,2010,,0,0
W1562663590,2015,1.0,3,0
W2781142490,2017,-1.0,0,4
W2970858214,2015,1.0,3,0
W3016475495,2009,1.0,2,0
W2414292619,2016,1.0,3,0
W2474383002,2016,1.0,3,0
W2340785168,2016,1.0,1,0
W2130106410,2012,-1.0,0,4
W2767305705,2016,0.3333333333333333,2,1
W2021235810,2015,,0,0
W2738696346,2017,1.0,1,0
W1575445325,2009,1.0,4,0
W3212346251,2008,1.0,4,0
W163330222,2007,0.0,2,2
W1964074483,2009,0.5,3,1
W1972362962,2009,-0.5,1,3
W3004425177,2009,1.0,3,0
W2142420483,2009,1.0,4,0
W2097755384,2009,-0.42857142857142855,2,5
W1970175604,2008,1.0,2,0
W1563004007,2007,1.0,2,0
W2176306216,2011,1.0,2,0
W1148183588,2015,-1.0,0,2
W1535318991,2009,1.0,2,0
W1927736594,2015,0.0,1,1
W2622250188,2017,1.0,3,0
W2460119936,2016,1.0,3,0
W2015033188,2012,,0,0
W6762676,2011,-1.0,0,2
W2729985100,2011,1.0,2,0
W2239687480,2015,1.0,2,0
W1582128217,2008,1.0,2,0
W2160918336,2009,1.0,1,0
W2116161948,2009,1.0,1,0
W2471567357,2016,1.0,1,0
W3153805756,2011,,0,0
W2525835957,2016,1.0,2,0
W4234928123,2008,,0,0
W2622439681,2007,1.0,1,0
W2560608140,2016,1.0,2,0
W81416101,2007,,0,0
W3004965618,2013,1.0,1,0
W1511365118,2008,,0,0
W1586237434,2010,,0,0
W51003228,2010,1.0,1,0
W2966290027,2008,1.0,1,0
W131293578,2014,1.0,1,0
W1777958090,2007,,0,0
W2089399651,2014,,0,0
W2544124852,2014,,0,0
W2074843270,2014,1.0,1,0
W2514799221,2007,1.0,1,0
W2546852347,2016,1.0,1,0
W2560271454,2016,1.0,1,0
W2716243249,2014,1.0,1,0
W3015501292,2009,,0,0
W2963186122,2013,1.0,1,0
W3015922266,2008,,0,0
W3014359058,2016,1.0,1,0
W2767291315,2017,1.0,1,0
W4238198402,2011,,0,0
W4244182928,2010,,0,0
W2977331699,2017,1.0,1,0
W4253815501,2011,,0,0
W4248263031,2011,,0,0
W3048094609,2013,1.0,1,0
W4230723391,2008,,0,0
W758114129,2015,1.0,1,0
W978029237,2015,1.0,1,0
W4230026913,2014,,0,0
W130069270,2008,1.0,1,0
W2398482837,2016,-0.48936170212765956,12,35
W2034145160,2015,-0.6551724137931034,5,24
W2022556651,2011,-0.5428571428571428,8,27
W2092647099,2009,-0.5294117647058824,4,13
W1490571056,2010,-0.4444444444444444,5,13
W2147299319,2015,-0.4,3,7
W1970709131,2014,-0.3939393939393939,10,23
W2543875339,2016,-0.5,4,12
W2092501370,2013,-0.8095238095238095,2,19
W2073902598,2014,-0.3333333333333333,4,8
W4250251901,2014,-0.6363636363636364,2,9
W2342665724,2014,-0.5384615384615384,3,10
W2293681678,2015,-0.09090909090909091,5,6
W2552772219,2016,0.07692307692307693,7,6
W2291310830,2015,-0.5,3,9
W2083763249,2012,-0.07692307692307693,6,7
W2412617513,2016,-0.8,1,9
W2094595865,2009,-0.25,3,5
W2108387985,2014,0.3333333333333333,4,2
W1996784127,2014,-0.4666666666666667,4,11
W183386968,2009,-0.75,1,7
W2617051400,2016,1.0,10,0
W1981952883,2012,-0.25,3,5
W1990008640,2011,-1.0,0,3
W2295699961,2015,-0.75,1,7
W1599700438,2009,-0.6666666666666666,1,5
W1993021689,2008,,0,0
W2065542504,2008,0.6,4,1
W2042739747,2010,1.0,2,0
W2760412163,2016,1.0,4,0
W2157995836,2011,,0,0
W2345524388,2012,1.0,3,0
W2032176861,2013,-0.3333333333333333,1,2
W949467149,2012,-0.3333333333333333,1,2
W1560984982,2014,1.0,3,0
W3135616420,2014,1.0,1,0
W3024241796,2011,1.0,2,0
W52151367,2010,0.3333333333333333,2,1
W2076486499,2014,,0,0
W2058450577,2014,1.0,1,0
W1965220646,2010,0.0,1,1
W2595324585,2013,-1.0,0,1
W1995705248,2013,-1.0,0,1
W4242885740,2008,1.0,1,0
W2285624076,2007,-1.0,0,1
W2342504624,2013,1.0,1,0
W2062723458,2015,-0.84,4,46
W947581080,2015,-0.52,12,38
W2044733189,2010,-0.8,5,45
W2269721265,2015,0.28,32,18
W1872161261,2015,-0.96,1,49
W1782705759,2015,-0.72,7,43
W2271987746,2016,-0.72,7,43
W2509632655,2016,-0.16,21,29
W2047997444,2014,-0.36,16,34
W2218975180,2015,-0.84,4,46
W1972828340,2009,-0.76,6,44
W1993127219,2014,-0.88,3,47
W1530199864,2012,0.12,28,22
W68469067,2011,-1.0,0,44
W2004376501,2015,-0.6,10,40
W1823946795,2015,-0.84,4,46
W2278691898,2016,-0.92,2,48
W2102035816,2011,-0.36,16,34
W2140147361,2013,-0.68,8,42
W2090909103,2014,-0.76,6,44
W2053255899,2013,-0.88,3,47
W2262416621,2016,-0.48,13,37
W2485821267,2016,-0.72,7,43
W1977472480,2013,-0.4166666666666667,14,34
W2271520442,2015,-0.84,4,46
W2343275566,2016,-0.6,10,40
W1976348010,2006,-0.65,7,33
W115709341,2011,-0.84,4,46
W2055696516,2012,-0.8571428571428571,3,39
W2160501502,2009,-0.64,9,41
W2119352942,2014,-0.72,7,43
W2035475768,2013,1.0,38,0
W2047531727,2008,-0.23809523809523808,16,26
W2022853105,2011,-0.2608695652173913,17,29
W2470527509,2016,-0.4,15,35
W2429916413,2016,-0.92,2,48
W2244083522,2015,0.13513513513513514,21,16
W2341516065,2016,-0.96,1,49
W2094915103,2012,-0.56,11,39
W2522601686,2016,-0.56,11,39
W1992362968,2014,-0.7560975609756098,5,36
W2048561775,2013,-0.2,20,30
W1976080207,2009,-0.56,11,39
W2038727124,2014,1.0,32,0
W2048881052,2008,-0.56,11,39
W2533236663,2016,0.7777777777777778,24,3
W2154362972,2010,-0.56,11,39
W1994225721,2014,-0.8461538461538461,3,36
W1768801096,2011,1.0,40,0
W1976670113,2007,-0.25,12,20
W2117755655,2013,-0.9230769230769231,1,25
W2015531938,2014,-0.7714285714285715,4,31
W2072183670,2014,-0.7894736842105263,4,34
W1881049122,2011,,0,0
W2468423681,2016,-0.38461538461538464,8,18
W1976483267,2007,-0.38461538461538464,12,27
W2119453893,2013,-0.5151515151515151,8,25
W1993515009,2008,-0.56,11,39
W2344987651,2009,1.0,27,0
W2100008374,2010,-0.696969696969697,5,28
W1977959478,2008,0.21739130434782608,28,18
W99834161,2012,-0.6129032258064516,6,25
W2057039318,2007,-0.37777777777777777,14,31
W2277050606,2006,-0.7948717948717948,4,35
W1804906326,2013,-0.9047619047619048,1,20
W2086544868,2012,-0.6521739130434783,4,19
W2012265409,2008,-0.07692307692307693,12,14
W151952708,2013,-0.4117647058823529,10,24
W2029727455,2010,-0.08333333333333333,11,13
W2478139600,2010,1.0,17,0
W2057375082,2011,-0.38461538461538464,8,18
W1985989030,2008,-0.8,3,27
W2120470902,2007,-0.7692307692307693,3,23
W2208011002,2015,-0.6363636363636364,6,27
W2091806749,2010,-0.7575757575757576,4,29
W4240456567,2009,-0.2857142857142857,5,9
W2193529006,2015,-0.14285714285714285,15,20
W19059264,2014,-0.9130434782608695,1,22
W2142353048,2009,0.25,5,3
W2508651884,2016,0.05263157894736842,20,18
W2059489180,2014,-0.8095238095238095,2,19
W1911436998,2015,0.0,8,8
W2349556773,2016,-0.7222222222222222,5,31
W2801104051,2016,0.21212121212121213,20,13
W2269598574,2015,0.5625,25,7
W2037717260,2007,-0.9130434782608695,1,22
W2054219403,2009,-0.52,6,19
W2061289959,2008,0.6296296296296297,22,5
W1970325207,2014,0.15384615384615385,15,11
W2587462269,2013,1.0,22,0
W2127751273,2014,-0.2,6,9
W1969363845,2015,-0.8518518518518519,2,25
W1972887542,2012,-0.42857142857142855,4,10
W2028336035,2014,-0.9130434782608695,1,22
W2212143002,2015,0.15789473684210525,11,8
W2075387631,2014,0.14285714285714285,12,9
W2044168668,2011,0.0,4,4
W2278672673,2016,-0.7333333333333333,4,26
W2069199561,2013,-0.75,2,14
W2185491730,2015,-0.06666666666666667,7,8
W2272562724,2015,-0.625,3,13
W160050677,2013,-0.8461538461538461,1,12
W2295561141,2015,-0.9047619047619048,1,20
W2550639832,2016,-0.42857142857142855,4,10
W1988754207,2013,-1.0,0,10
W2096030255,2015,-0.6521739130434783,4,19
W2081423665,2013,-0.6666666666666666,1,5
W2146306468,2014,-1.0,0,8
W2771188021,2016,1.0,18,0
W2784665510,2013,1.0,19,0
W2225126376,2015,1.0,20,0
W1972380956,2012,1.0,2,0
W2255561320,2015,1.0,13,0
W2279269934,2013,1.0,15,0
W2203400150,2009,1.0,12,0
W70259234,2007,-1.0,0,4
W2051427111,2013,-0.7142857142857143,1,6
W2104459710,2006,0.3333333333333333,16,8
W2118377286,2008,-0.6666666666666666,5,25
W2171712415,2008,-0.6153846153846154,5,21
W2046625884,2009,0.1111111111111111,10,8
W2001858784,2008,-0.6666666666666666,1,5
W1010181372,2013,-0.8666666666666667,1,14
W2262113955,2014,-1.0,0,16
W2024321049,2014,-0.8947368421052632,1,18
W2147362519,2008,-0.29411764705882354,6,11
W1991430075,2008,1.0,19,0
W1623743798,2009,1.0,14,0
W2222363248,2011,-0.7777777777777778,1,8
W304517923,2008,-0.47368421052631576,5,14
W2055401370,2009,1.0,3,0
W575720133,2014,-1.0,0,14
W2066615518,2007,-0.7647058823529411,2,15
W2044519903,2009,0.3333333333333333,6,3
W1975715816,2012,-0.2,4,6
W2559701515,2016,0.0,9,9
W2493813073,2008,1.0,16,0
W2030987609,2008,0.25,5,3
W2057396362,2013,-1.0,0,8
W2508889634,2016,-0.7777777777777778,1,8
W2166210579,2013,-0.75,1,7
W168972689,2011,0.0,8,8
W1965756648,2010,0.0,6,6
W2008766032,2015,-0.3333333333333333,4,8
W1987538352,2014,-1.0,0,9
W4249538590,2016,1.0,12,0
W1992384152,2010,-0.5,2,6
W2011756472,2013,-0.7142857142857143,2,12
W2045792008,2013,1.0,13,0
W2020198105,2010,-0.5,1,3
W2173802364,2015,1.0,8,0
W2501161272,2008,,0,0
W2413407474,2016,1.0,12,0
W2053005165,2009,-1.0,0,4
W1965672466,2012,1.0,1,0
W2028774969,2014,-0.6,1,4
W2027922903,2010,-0.4,3,7
W343466164,2011,-0.3333333333333333,1,2
W2093056421,2009,-0.5,2,6
W134602700,2011,-0.2,4,6
W2070297187,2014,-0.5,1,3
W2059265581,2012,-0.8181818181818182,1,10
W4249159813,2006,1.0,10,0
W652006262,2012,-1.0,0,11
W1683286396,2011,-0.75,1,7
W1870146532,2013,-1.0,0,8
W1984063556,2008,-1.0,0,8
W2203057057,2015,-0.5,2,6
W2071165430,2013,-1.0,0,5
W2310735066,2015,1.0,7,0
W45195477,2010,-1.0,0,3
W2314215512,2015,-0.5,2,6
W808907539,2013,-0.8,1,9
W2033332272,2011,-0.3333333333333333,1,2
W2313215562,2015,0.3333333333333333,4,2
W2113132615,2011,-0.5,1,3
W2402732303,2006,1.0,2,0
W162223952,2008,0.42857142857142855,5,2
W2173859022,2015,0.0,1,1
W2477716981,2016,,0,0
W2892365805,2012,1.0,4,0
W2336462509,2015,1.0,3,0
W2145057020,2006,-0.16666666666666666,5,7
W1972240085,2006,-0.5555555555555556,2,7
W2122997887,2006,-0.45454545454545453,3,8
W2014435865,2007,0.4,7,3
W2059801365,2009,-0.3333333333333333,2,4
W2117154521,2012,-0.2,2,3
W2098268763,2015,-0.5555555555555556,2,7
W2180256421,2015,-0.7142857142857143,1,6
W4235913011,2009,1.0,8,0
W1993468291,2011,-0.3333333333333333,1,2
W1998995210,2014,-1.0,0,4
W2006430574,2014,-1.0,0,4
W2530110808,2016,1.0,5,0
W2065583242,2010,1.0,5,0
W97068443,2011,0.2,3,2
W2003960039,2013,0.0,2,2
W2006663718,2010,-1.0,0,5
W2141281064,2007,1.0,5,0
W4230337983,2015,1.0,5,0
W2006347603,2014,-1.0,0,6
W2093371840,2013,-1.0,0,3
W2127107424,2007,1.0,1,0
W2235078366,2015,-0.3333333333333333,2,4
W146176264,2010,-1.0,0,3
W194748759,2008,-1.0,0,2
W4240637217,2010,-0.3333333333333333,1,2
W1987448633,2011,-0.6666666666666666,1,5
W2394759774,2012,,0,0
W835729429,2014,-1.0,0,2
W1985696608,2013,0.5,3,1
W2145698526,2013,-1.0,0,2
W287931201,2007,-1.0,0,1
W2332000976,2016,1.0,3,0
W9259811,2012,1.0,1,0
W2907235179,2013,,0,0
W2491414717,2016,0.2,3,2
W1554993966,2014,1.0,2,0
W2069871662,2011,0.0,1,1
W335041754,2009,-1.0,0,2
W4245590007,2014,1.0,2,0
W2163105748,2014,-1.0,0,3
W54693207,2013,,0,0
W1850801420,2015,-1.0,0,2
W1502767493,2010,,0,0
W111947781,2012,1.0,2,0
W2784531054,2016,1.0,1,0
W2058194094,2007,0.7777777777777778,8,1
W1624997250,2010,0.3333333333333333,2,1
W2282358309,2006,1.0,6,0
W2043202616,2006,1.0,5,0
W2174606511,2006,1.0,4,0
W1502966155,2009,-1.0,0,2
W795296469,2013,1.0,2,0
W2108585905,2011,-0.3333333333333333,1,2
W2158894067,2009,-1.0,0,1
W2473805649,2009,1.0,3,0
W1514011554,2013,0.3333333333333333,2,1
W1575428268,2008,1.0,2,0
W2034483749,2007,1.0,1,0
W2489655375,2011,,0,0
W2226628403,2015,1.0,3,0
W2238306042,2015,1.0,3,0
W2479957209,2009,1.0,1,0
W2481651574,2013,-1.0,0,2
W2511548626,2016,1.0,1,0
W2907226969,2014,-1.0,0,1
W307296482,2009,-1.0,0,1
W564232233,2014,1.0,1,0
W787765383,2013,-1.0,0,1
W1235485757,2009,-1.0,0,1
W1987906995,2013,-1.0,0,2
W2041248118,2013,-1.0,0,1
W2121424702,2012,-1.0,0,2
W2177787029,2015,1.0,1,0
W2265135343,2015,1.0,2,0
W2285684652,2015,1.0,2,0
W1487280523,2007,,0,0
W2330956165,2015,-1.0,0,2
W2397811355,2012,1.0,2,0
W2417889892,2012,1.0,2,0
W2041656092,2011,,0,0
W2486092437,2008,1.0,2,0
W206642597,2006,,0,0
W2114319063,2015,,0,0
W1915742500,2015,1.0,1,0
W2219843516,2015,,0,0
W2243022435,2013,,0,0
W2131920551,2009,-1.0,0,1
W2411572554,2012,,0,0
W578737295,2013,1.0,1,0
W2198627229,2015,1.0,7,0
W791201283,2015,-0.6,1,4
W4251475208,2008,1.0,3,0
W139002927,2009,1.0,2,0
W2123704869,2006,0.0,1,1
W2484385362,2010,-1.0,0,1
W106429387,2007,1.0,1,0
W2107795654,2009,,0,0
W2145906328,2008,0.5,3,1
W2160731898,2009,-0.7,3,17
W1572456974,2008,1.0,1,0
W2066009519,2004,-0.6666666666666666,1,5
W2157144902,2007,0.0,2,2
W2183988639,2004,-1.0,0,3
W288345217,2009,1.0,1,0
W2369344208,2006,1.0,1,0
W2371978582,2008,1.0,1,0
W2096076988,2008,-0.88,3,47
W2163051926,2013,-0.84,4,46
W2024626449,2014,-0.72,7,43
W2035814200,2007,-1.0,0,50
W2158779275,2009,-0.44,14,36
W1973001156,2011,-0.84,4,46
W2125980212,2011,-0.48,13,37
W2114764731,2011,-0.7241379310344828,4,25
W2166400748,2014,-0.48,13,37
W2115214414,2010,-1.0,0,50
W2028327419,2012,-0.72,7,43
W2159393864,2013,-0.4,15,35
W2073540046,2009,-0.8,5,45
W2001700730,2014,-0.88,3,47
W2154249029,2011,-0.8636363636363636,3,41
W2087730383,2009,-0.4,15,35
W1991175610,2014,-0.8604651162790697,3,40
W2102319056,2013,-0.6170212765957447,9,38
W2151444573,2014,-0.8048780487804879,4,37
W2145025617,2012,-0.875,2,30
W2038044233,2007,-0.6521739130434783,8,38
W2073329022,2013,-0.7727272727272727,5,39
W2099568195,2012,-0.8,4,36
W2108932068,2011,-0.047619047619047616,10,11
W2167331726,2011,-0.8064516129032258,3,28
W2129750215,2011,-0.8620689655172413,2,27
W1967450521,2014,-0.5263157894736842,9,29
W2170478076,2014,-0.42857142857142855,10,25
W2154658848,2013,-0.9166666666666666,1,23
W2042206488,2011,1.0,16,0
W2109131669,2014,0.3333333333333333,12,6
W2139660688,2011,-0.6153846153846154,5,21
W2073112656,2013,-0.4782608695652174,6,17
W2276146857,2014,-0.5,7,21
W2019039172,2014,-0.6363636363636364,4,18
W1852012889,2014,-0.8,2,18
W2154131897,2010,-0.6190476190476191,4,17
W2168431905,2009,-0.5789473684210527,4,15
W2145966577,2010,0.8461538461538461,12,1
W2045435172,2010,-0.6470588235294118,3,14
W303241450,2013,0.14285714285714285,8,6
W2177583636,2014,0.16666666666666666,7,5
W2103260151,2011,-0.7142857142857143,2,12
W2154161546,2009,-0.8709677419354839,2,29
W2107462951,2007,1.0,5,0
W2145872245,2012,-0.8947368421052632,1,18
W2086985947,2012,-0.8181818181818182,1,10
W2019801416,2009,-0.7894736842105263,2,17
W2101850236,2014,-0.14285714285714285,6,8
W2109056561,2012,-0.8888888888888888,1,17
W2055261195,2012,-1.0,0,13
W2098900423,2013,-0.8888888888888888,1,17
W2110510808,2008,-0.9,1,19
W2098656774,2009,-0.7142857142857143,2,12
W1992278628,2012,-0.5,1,3
W2132745220,2008,-1.0,0,10
W2084851769,2012,-0.8181818181818182,1,10
W2157103624,2010,-0.25,3,5
W1982301454,2013,-0.3333333333333333,2,4
W164122882,2011,-0.3333333333333333,3,6
W2035542863,2009,0.7142857142857143,6,1
W2044281683,2008,0.6666666666666666,5,1
W1985921582,2014,-0.75,1,7
W2071199951,2014,-0.5,2,6
W2082867342,2014,0.09090909090909091,6,5
W2115405571,2010,-0.5,2,6
W115916694,2013,-0.6,1,4
W2130130225,2008,-1.0,0,2
W2136154789,2013,-1.0,0,4
W1581680754,2008,-0.8333333333333334,1,11
W2121684557,2008,-1.0,0,8
W1981113794,2008,-1.0,0,13
W2124060239,2008,-0.5,2,6
W1529972408,2007,-1.0,0,12
W2098512035,2012,-0.7142857142857143,1,6
W2096139125,2006,-0.6666666666666666,1,5
W2183853031,2009,-0.5,1,3
W2121907031,2009,-1.0,0,6
W2331455470,2012,1.0,3,0
W1965570055,2011,-1.0,0,1
W1974199727,2013,-0.5,1,3
W178239727,2013,0.0,2,2
W2082474940,2013,0.0,2,2
W2157908628,2009,-0.3333333333333333,1,2
W2008648877,2009,1.0,1,0
W1964406102,2013,1.0,2,0
W2099751191,2007,-1.0,0,5
W2122699404,2008,-1.0,0,8
W1767339093,2009,-1.0,0,2
W2039937279,2010,0.0,2,2
W2016699179,2008,-1.0,0,2
W2072131678,2010,0.0,1,1
W1547325940,2006,-1.0,0,2
W2139877708,2010,-1.0,0,2
W2034609062,2013,-1.0,0,3
W1602727134,2005,-1.0,0,1
W2354474293,2007,,0,0
W2131729731,2008,,0,0
W2139379105,2010,-1.0,0,1
W2357923782,2006,1.0,1,0
W126802472,2010,-1.0,0,1
W4236012415,2007,,0,0
W2316496181,2013,,0,0
W2123809929,2008,,0,0
W2949215826,2012,-0.7142857142857143,1,6
W2951683349,2011,-0.8333333333333334,1,11
W1539678978,2005,-0.6,1,4
W1571974300,2007,-1.0,0,4
W284823514,2014,-1.0,0,2
W1593344161,2007,-1.0,0,3
W2052279667,2009,-1.0,0,2
W2294784833,2012,1.0,1,0
W2354452399,2006,1.0,1,0
W2357511004,2008,1.0,1,0
W1967082761,2014,-0.8,5,45
W1544505227,2010,0.04,26,24
W2171068337,2010,-0.76,6,44
W2028776121,2010,-0.16,21,29
W1509629370,2006,-0.04,24,26
W1974336599,2011,-0.64,9,41
W2069985874,2010,-0.8,5,45
W2053017876,2007,-0.1724137931034483,12,17
W2905907858,2009,1.0,50,0
W1562017034,2007,-0.3125,11,21
W2019076926,2007,-0.3170731707317073,14,27
W2119787124,2010,-0.8571428571428571,2,26
W2087198174,2011,-0.56,11,39
W1506254138,2006,-0.6470588235294118,3,14
W2145684485,2012,0.72,43,7
W2009571180,2012,0.7073170731707317,35,6
W2099733782,2010,-0.375,5,11
W4255228815,2013,1.0,18,0
W66633355,2013,-0.6666666666666666,6,30
W4213169074,2008,0.6842105263157895,32,6
W2008127487,2013,-0.64,9,41
W140890161,2004,-0.5675675675675675,8,29
W4231955481,2008,0.034482758620689655,15,14
W2053617566,2012,-0.631578947368421,7,31
W2027570514,2011,-0.7931034482758621,3,26
W1911240979,2014,-0.3142857142857143,12,23
W2162890210,2011,-0.9393939393939394,1,32
W207487034,2010,-0.6129032258064516,6,25
W1984287486,2007,1.0,21,0
W2132029159,2012,-0.6470588235294118,6,28
W2034462435,2009,-0.8333333333333334,2,22
W2251179870,2013,-0.875,2,30
W1515154852,2007,-0.29411764705882354,6,11
W2086662461,2011,-0.30434782608695654,8,15
W1998148832,2012,-0.25925925925925924,10,17
W2994197769,2008,0.047619047619047616,11,10
W2250500327,2014,-0.9310344827586207,1,28
W2052739481,2012,-0.2857142857142857,5,9
W2020345959,2012,-0.8095238095238095,2,19
W1972070683,2010,-0.7,3,17
W86774453,2014,-0.42857142857142855,6,15
W1990220548,2011,0.0,8,8
W1515859748,2008,-0.8,1,9
W184054488,2010,-0.8333333333333334,1,11
W1510816073,2004,-0.6923076923076923,4,22
W2086186016,2006,0.625,13,3
W2011920246,2012,-0.4666666666666667,4,11
W2143668405,2010,0.07692307692307693,7,6
W2054583771,2012,-0.2,4,6
W2120654953,2013,0.0,6,6
W2160890900,2008,-0.5,1,3
W1512374150,2007,0.3333333333333333,2,1
W71567327,2004,-1.0,0,5
W2121856526,2010,0.0,4,4
W2045778260,2011,-0.5555555555555556,2,7
W175844068,2011,0.6666666666666666,5,1
W1986158823,2011,-0.6363636363636364,2,9
W2095422717,2011,-0.3333333333333333,3,6
W2066844757,2011,-0.3333333333333333,3,6
W2129554311,2011,-0.7142857142857143,1,6
W1984101351,2012,-0.25,3,5
W2405012946,2013,-0.7142857142857143,1,6
W2137016929,2009,-0.2,2,3
W2250351447,2014,0.0,3,3
W2250745935,2012,-1.0,0,5
W50266221,2010,0.0,3,3
W2080291090,2014,-0.14285714285714285,3,4
W22306723,2011,-1.0,0,8
W1992781401,2012,-1.0,0,2
W2293853475,2012,-0.2,2,3
W136478080,2013,-1.0,0,2
W2136795516,2011,-0.6666666666666666,1,5
W1875162577,2011,-0.25,3,5
W1771665122,2012,-1.0,0,4
W2039715983,2014,0.3333333333333333,4,2
W2106059576,2010,0.6,4,1
W4233749632,2014,0.2,3,2
W2109441883,2010,-0.2,2,3
W118772747,2011,-1.0,0,5
W2140105340,2012,0.0,1,1
W63634982,2011,,0,0
W1542648469,2010,-1.0,0,3
W1543982357,2010,-0.5,1,3
W2115222671,2012,-0.3333333333333333,1,2
W3029644090,2012,-1.0,0,3
W1511629694,2010,-0.5,1,3
W1594297443,2013,1.0,1,0
W122804659,2011,-1.0,0,1
W129965406,2010,1.0,1,0
W1587975878,2004,1.0,2,0
W105263557,2009,,0,0
W2401540512,2013,0.0,1,1
W1966358049,2010,-1.0,0,3
W2003507474,2010,0.3333333333333333,2,1
W84704405,2006,,0,0
W2403311536,2013,0.0,1,1
W2091894391,2013,-1.0,0,2
W1777938,2009,-1.0,0,1
W66137772,2006,,0,0
W2060752380,2011,0.0,1,1
W72830863,2006,,0,0
W2118149512,2011,1.0,1,0
W2557062097,2013,0.0,1,1
W1615376796,2014,-1.0,0,1
W2125309061,2008,,0,0
W1983447803,2012,1.0,1,0
W30241541,2006,,0,0
W2250992170,2014,-1.0,0,1
W2950610507,2011,,0,0
W2251909561,2013,-1.0,0,1
W127790571,2009,1.0,10,0
W4393750410,2013,,0,0
W2001689224,2007,0.3333333333333333,2,1
W2188773042,2009,0.0,1,1
W3209755917,2010,,0,0
W3209938566,2013,,0,0
W262327733,2011,1.0,2,0
W150573761,2006,1.0,1,0
W2903246246,2006,1.0,1,0
W3210732408,2014,,0,0
W4393811798,2012,,0,0
W4393872722,2010,,0,0
W4393875398,2010,,0,0
W2032338144,2009,-0.48,13,37
W2121269638,2012,-0.84,4,46
W1841317170,2009,-0.7777777777777778,1,8
W2109182426,2009,0.0,25,25
W2168781105,2006,-1.0,0,11
W1551804366,2010,-1.0,0,7
W2047260621,2007,-0.64,9,41
W166487233,2007,-1.0,0,6
W126635848,2012,-0.6666666666666666,1,5
W2056748234,2012,-0.72,7,43
W1784195856,2010,-1.0,0,1
W966080269,2014,0.3333333333333333,2,1
W2563332177,2014,0.0,1,1
W2170247734,2008,-1.0,0,7
W1911240102,2005,-1.0,0,4
W2041176772,2006,-1.0,0,10
W1573417306,2006,0.0,1,1
W2002426632,2007,-1.0,0,4
W2251469965,2014,-0.5,1,3
W563416954,2014,1.0,1,0
W1556873876,2006,-1.0,0,1
W956918036,2014,1.0,1,0
W2323862048,2014,1.0,1,0
W307418488,2014,-1.0,0,1
W1565127476,2004,0.2,3,2
W2007890664,2006,-0.5,1,3
W1487608725,2006,-0.3333333333333333,1,2
W2018112040,2007,-1.0,0,2
W2950833813,2012,-0.5483870967741935,7,24
W2102966052,2008,-1.0,0,1
W2293244088,2014,1.0,1,0
W2351974641,2008,1.0,1,0
W2045970963,2012,-0.68,4,21
W1972751731,2014,-0.28,18,32
W2065661790,2012,-0.47368421052631576,5,14
W2088068024,2014,-0.76,6,44
W2018123120,2011,-0.7083333333333334,7,41
W1585589143,2013,-1.0,0,11
W2084220166,2013,-0.3333333333333333,1,2
W2042184006,2014,-0.8,5,45
W2061107903,2009,-0.5,5,15
W1963943285,2012,-1.0,0,7
W2020074572,2013,-0.2,2,3
W2051778679,2014,1.0,5,0
W2041854105,2009,1.0,5,0
W2260382512,2014,-1.0,0,3
W2055176481,2012,1.0,2,0
W1976418043,2014,,0,0
W2121971770,2014,-0.8,5,45
W2091549339,2013,-0.6,1,4
W2031633724,2014,-1.0,0,2
W2085681949,2014,1.0,2,0
W2116516955,2009,-0.28,18,32
W2149489931,2011,-0.5757575757575758,7,26
W2088247287,2012,-0.76,6,44
W2070019681,2013,-0.6,10,40
W2187089797,2008,-0.16,21,29
W2049457635,2013,-1.0,0,50
W2158542502,2013,-0.36,16,34
W2137570937,2009,-0.56,11,39
W2057510448,2014,-1.0,0,47
W2187164537,2009,0.6363636363636364,9,2
W2334176447,2014,-0.6,6,24
W2182497163,2011,-0.9487179487179487,1,38
W2086527601,2014,-0.8,3,27
W1875842236,2014,-0.32,17,33
W2080200165,2011,-0.8,2,18
W20222897,2005,-0.3333333333333333,2,4
W1511574297,2007,-1.0,0,19
W2398697463,2012,-0.47368421052631576,5,14
W2118642595,2014,-0.18181818181818182,9,13
W2068928729,2014,-0.6923076923076923,2,11
W2964313512,2013,1.0,14,0
W2159352859,2010,-0.6363636363636364,2,9
W2051664537,2013,-0.16666666666666666,5,7
W2348882052,2013,-1.0,0,8
W2024898704,2012,-0.6923076923076923,2,11
W2085621417,2014,-0.5555555555555556,2,7
W1974479002,2012,-0.5555555555555556,2,7
W2184002423,2009,-1.0,0,2
W2073805375,2012,-1.0,0,3
W2155783952,2009,1.0,2,0
W1965932491,2012,-1.0,0,2
W2127838520,2014,-1.0,0,3
W2149010554,2011,-1.0,0,4
W2099955623,2011,0.0,1,1
W2164959980,2013,,0,0
W1973738684,2014,-1.0,0,1
W2071321269,2014,-1.0,0,4
W2051687711,2014,-1.0,0,4
W4394657077,2013,,0,0
W2911293880,2011,,0,0
W2406177880,2011,-1.0,0,1
W1504988876,2014,-0.5,1,3
W1490600648,2013,-0.20930232558139536,17,26
W2912500072,2013,1.0,50,0
W2070996757,2009,0.2,30,20
W2130556178,2005,-0.76,6,44
W2017588182,2004,-0.72,7,43
W2915480215,2014,1.0,50,0
W2913059114,2014,1.0,50,0
W2118045473,2011,-0.68,8,42
W202805564,2014,-0.48,13,37
W3013880646,2006,-1.0,0,50
W2110994494,2010,-0.8,5,45
W1568794265,2006,-0.8,5,45
W2014987111,2008,-0.36,16,34
W2106053110,2009,-0.32,17,33
W2911445777,2012,1.0,6,0
W2150627493,2004,-0.96,1,49
W1987356990,2011,-0.48,13,37
W2140376886,2012,-0.88,3,47
W170967611,2013,-0.6,10,40
W1495858509,2007,0.07142857142857142,15,13
W2025423507,2009,0.0,21,21
W2024436353,2008,-0.48,13,37
W2104780023,2007,-0.48,13,37
W2110750681,2014,-0.56,11,39
W2095252775,2010,-0.9459459459459459,1,36
W2215421138,2011,-0.3333333333333333,11,22
W2146753383,2008,-0.2857142857142857,5,9
W2128466927,2014,-0.56,11,39
W1651008648,2005,-0.92,2,48
W2102630986,2010,-0.673469387755102,8,41
W2129921015,2009,-0.6,9,36
W1531663008,2008,0.0,20,20
W2785046580,2010,-0.6666666666666666,4,20
W2138457014,2014,-0.16666666666666666,15,21
W2183159859,2014,-0.4594594594594595,10,27
W2111537739,2009,0.4666666666666667,11,4
W2182356372,2012,-0.4117647058823529,10,24
W2184197540,2010,-0.25,6,10
W1993973308,2014,-0.2727272727272727,4,7
W2059993991,2012,-0.6,3,12
W2160576670,2004,-0.8,1,9
W2082508907,2009,-0.46153846153846156,7,19
W2508577564,2008,-0.6,2,8
W2058318567,2010,-0.3333333333333333,6,12
W142207546,2013,-0.8,1,9
W1965433817,2009,-0.8,1,9
W2016051345,2011,-0.4,3,7
W3013231715,2011,,0,0
W2161164684,2010,0.0,1,1
W2094209744,2014,-1.0,0,7
W2580581388,2014,1.0,4,0
W1995873471,2013,0.7142857142857143,6,1
W2155282464,2008,-1.0,0,5
W2408389282,2009,,0,0
W1767625659,2007,1.0,4,0
W2214390361,2013,-1.0,0,3
W2915246801,2013,,0,0
W2190752084,2013,-1.0,0,2
W3015022244,2012,,0,0
W2953133476,2009,,0,0
W2949654875,2012,-0.4,15,35
W2096873754,2012,-0.64,9,41
W2136192430,2012,-0.6190476190476191,8,34
W1766705040,2013,0.14285714285714285,4,3
W2187805056,2012,-0.7142857142857143,4,24
W1854772995,2012,-0.5384615384615384,6,20
W1788526377,2014,-1.0,0,15
W1599838312,2011,-1.0,0,3
W1639285816,2014,1.0,2,0
W1506534972,2014,-1.0,0,1
W1982601093,2007,-0.25,6,10
W2949544423,2014,-1.0,0,2
W1963795713,2007,-0.16666666666666666,5,7
W2092475734,2011,-0.06666666666666667,7,8
W2004376992,2008,0.1111111111111111,5,4
W1964059882,2011,-0.813953488372093,4,39
W2334057676,2012,-0.4,9,21
W2013288418,2011,-0.8333333333333334,2,22
W2091168911,2013,-0.4,3,7
W2069688938,2012,,0,0
W1998093984,2011,,0,0
W2361232958,2006,1.0,1,0
W2052969733,2011,-1.0,0,1
W2367895487,2010,,0,0
W1969580294,2011,,0,0
W2205661209,2008,1.0,1,0
W575063254,2005,1.0,1,0
W2070462997,2012,,0,0
W2118283745,2008,1.0,1,0
W2354613728,2006,,0,0
W2361805374,2008,,0,0
W2366390510,2010,,0,0
W2367412207,2008,,0,0
W2163408915,2011,1.0,1,0
W2349403698,2011,1.0,1,0
W2353962507,2012,1.0,1,0
W2388816341,2008,,0,0
W2389790270,2013,,0,0
W4234003698,2012,,0,0
W2393018441,2010,1.0,1,0
W2254148898,2007,1.0,1,0
W72463235,2010,-0.3888888888888889,11,25
W1687351869,2012,-1.0,0,6
W4248218709,2013,-0.6,4,16
W2138230945,2013,-0.9444444444444444,1,35
W2954178958,2013,1.0,3,0
W2022429945,2013,-0.08,23,27
W2136279823,2013,-0.5652173913043478,5,18
W2153375074,2011,-0.68,8,42
W2063703022,2012,-0.6666666666666666,1,5
W1796328208,2013,-1.0,0,2
W2064459023,2012,-0.5714285714285714,6,22
W2118010431,2010,-1.0,0,12
W1999995644,2012,-0.14285714285714285,3,4
W1599739130,2006,-0.64,9,41
W2100579696,2007,-0.8333333333333334,2,22
W1844068232,2007,-0.9285714285714286,1,27
W2024495465,2008,-0.4666666666666667,4,11
W1980174718,2008,-1.0,0,14
W1594451895,2010,,0,0
W2141423370,2010,-1.0,0,7
W2149005168,2010,1.0,6,0
W1496105140,2005,-1.0,0,6
W1839771719,2005,-0.75,1,7
W2166528689,2006,-1.0,0,1
W1447196522,2013,-0.5,1,3
W1542106392,2009,-1.0,0,7
W1967205597,2006,-1.0,0,6
W2095771197,2011,-1.0,0,2
W2124933903,2009,-1.0,0,2
W2150438708,2012,-1.0,0,5
W2156629035,2004,1.0,1,0
W1994832226,2010,-1.0,0,1
W2916137222,2010,1.0,1,0
W2594347394,2007,1.0,1,0
W4206578974,2009,1.0,1,0
W4234542549,2005,-0.4666666666666667,4,11
W1845288303,2005,-0.88,3,47
W1565935466,2006,-0.8,5,45
W2165413178,2005,-0.32,17,33
W2152949134,2004,-0.72,7,43
W2009489720,2005,-0.64,9,41
W2159933174,2007,-0.72,7,43
W2118655104,2012,-0.7777777777777778,4,32
W2019368525,2013,-0.88,3,47
W2157662360,2013,-0.84,4,46
W2097808034,2011,-0.7894736842105263,2,17
W2091556188,2013,-1.0,0,50
W2004248182,2013,-0.21052631578947367,15,23
W1857528250,2011,-0.7959183673469388,5,44
W3149170054,2012,-0.8,3,27
W4241134169,2013,-0.6190476190476191,4,17
W2044527526,2012,-0.8947368421052632,2,36
W1995804606,2013,-1.0,0,46
W147489498,2012,-0.9,2,38
W2155024733,2007,-0.84,2,23
W2009825697,2003,-0.3333333333333333,7,14
W2103778230,2008,-0.8260869565217391,2,21
W2123468567,2012,-0.8974358974358975,2,37
W116108159,2003,-1.0,0,24
W2095850105,2007,-0.3,7,13
W2172013287,2009,-0.8666666666666667,2,28
W1493542872,2010,-1.0,0,28
W2991695318,2003,-1.0,0,9
W2167025094,2011,-0.2727272727272727,4,7
W2123106754,2009,-0.7272727272727273,3,19
W2128012547,2006,-0.8285714285714286,3,32
W4238078684,2004,-0.3333333333333333,9,18
W1507988282,2004,-0.8888888888888888,1,17
W2027302613,2011,-0.8823529411764706,1,16
W2152982973,2007,0.3333333333333333,8,4
W2160829641,2007,-0.3333333333333333,2,4
W1519576952,2004,-0.7333333333333333,2,13
W2124776613,2013,-0.06666666666666667,7,8
W2145212015,2007,-0.42857142857142855,4,10
W2058224907,2008,-0.8333333333333334,1,11
W1967897074,2008,,0,0
W2069072422,2012,0.6363636363636364,9,2
W4252010021,2013,-1.0,0,5
W1986049261,2010,-1.0,0,9
W1989357464,2013,-0.45454545454545453,3,8
W1968783153,2011,-0.8181818181818182,1,10
W1537807286,2005,-1.0,0,12
W2120611880,2006,-0.75,2,14
W2034368161,2010,-0.3333333333333333,2,4
W138591086,2007,0.23076923076923078,8,5
W1579672442,2006,-1.0,0,5
W4239807009,2003,,0,0
W2583261385,2009,,0,0
W2113089686,2006,1.0,1,0
W3022797592,2004,,0,0
W3162968605,2003,1.0,1,0
W2158827699,2009,-1.0,0,2
W32749589,2007,-1.0,0,5
W191501051,2012,-1.0,0,3
W2136529980,2009,-0.3333333333333333,1,2
W1508397635,2003,,0,0
W56894727,2007,-1.0,0,1
W2035083180,2012,,0,0
W1987359531,2012,-1.0,0,1
W2583783127,2005,,0,0
W2949270723,2012,-0.6,1,4
W4242377092,2005,-0.2,14,21
W1920006546,2005,-1.0,0,25
W60521081,2004,-1.0,0,5
W2495772533,2005,1.0,1,0
W2081757705,2006,-0.6097560975609756,8,33
W2096403564,2009,-0.84,4,46
W4244157805,2009,-0.64,9,41
W2154563336,2009,0.0,25,25
W2099194364,2013,-0.84,4,46
W2154705416,2010,-0.3,14,26
W6806504,2012,-0.44,14,36
W2130191210,2005,-0.9047619047619048,2,40
W2148576927,2008,-0.8709677419354839,2,29
W2119493660,2007,-0.8,5,45
W2072025944,2008,-0.8536585365853658,3,38
W2026539153,2012,-1.0,0,43
W2048960787,2013,-0.034482758620689655,14,15
W2043732148,2009,1.0,33,0
W2151333541,2007,-0.5294117647058824,4,13
W2168234754,2009,-0.6774193548387096,5,26
W2091939412,2013,-0.8709677419354839,2,29
W2029055005,2013,-0.9310344827586207,1,28
W2094991402,2011,-0.8888888888888888,1,17
W2149082609,2011,-1.0,0,23
W4234852849,2013,-0.42857142857142855,2,5
W1997007544,2006,-1.0,0,6
W2004771867,2013,-0.058823529411764705,8,9
W2086552231,2006,-0.6666666666666666,1,5
W1505402327,2009,-0.45454545454545453,3,8
W2162144045,2009,-0.3333333333333333,1,2
W2004690385,2005,1.0,1,0
W2164660463,2008,0.0,2,2
W2160420372,2006,1.0,6,0
W1563923074,2012,-1.0,0,4
W1987734202,2010,0.3333333333333333,2,1
W2237341992,2010,-1.0,0,5
W1535075218,2009,,0,0
W2913844049,2011,,0,0
W2052612052,2006,-1.0,0,3
W2072518957,2006,-1.0,0,2
W1548426638,2006,-1.0,0,8
W2009843371,2008,1.0,1,0
W2140406733,2008,-0.6,10,40
W2169724380,2006,-0.68,8,42
W2116716943,2009,-0.56,11,39
W2143564602,2006,-0.88,3,47
W2008225289,2009,-0.32,17,33
W2161002933,2012,-1.0,0,50
W2157381218,2007,-0.92,2,48
W1533917153,2010,-0.2,20,30
W2156346614,2008,-0.12,22,28
W1521413921,2010,-0.9148936170212766,2,45
W2169336678,2009,-0.72,7,43
W4235421007,2011,-1.0,0,20
W2131257014,2010,-0.12,11,14
W2095818033,2005,-0.6923076923076923,2,11
W4252599801,2011,-0.7894736842105263,2,17
W2152791745,2011,-1.0,0,20
W2048500237,2008,-0.3939393939393939,10,23
W1868009147,2010,-0.5833333333333334,5,19
W2112042807,2007,0.1111111111111111,5,4
W2136535855,2011,-0.7333333333333333,2,13
W2140895066,2010,-0.42857142857142855,6,15
W2141044579,2008,-0.5555555555555556,4,14
W2163403121,2007,-0.4666666666666667,4,11
W2170199215,2007,0.1,11,9
W2159299455,2005,0.2,3,2
W2121974477,2009,-0.5,3,9
W48137866,2010,-1.0,0,6
W2155762504,2007,-0.6363636363636364,2,9
W3166652693,2010,1.0,2,0
W1549608458,2005,,0,0
W1575566281,2004,-1.0,0,1
W4254780738,2012,1.0,1,0
W2158049734,2005,-1.0,0,21
W2953361271,2011,-0.625,6,26
W2116658704,2012,-0.8823529411764706,1,16
W2952609396,2012,-0.7777777777777778,2,16
W2136000821,2010,-0.64,9,41
W2096022469,2007,-0.875,2,30
W2107775979,2009,-0.92,2,48
W1950935069,2012,-0.96,1,49
W2024244622,2012,-0.56,11,39
W2159386181,2009,-0.44,14,36
W2077513643,2010,-0.84,4,46
W2137155095,2011,-0.48,13,37
W2533739470,2006,-0.56,11,39
W2170237252,2007,-1.0,0,15
W2099987538,2007,-0.8571428571428571,1,13
W2143867974,2010,-0.75,1,7
W137762603,2007,1.0,1,0
W2031454541,2011,-0.72,7,43
W2153185908,2011,-0.84,4,46
W2036989445,2010,-0.72,7,43
W1531364081,2004,,0,0
W2000205118,2011,-0.76,6,44
W1787735662,2012,-0.8,5,45
W2292423453,2012,1.0,19,0
W2164362010,2009,-0.3333333333333333,1,2
W1985637885,2004,-1.0,0,2
W2183469513,2011,,0,0
W4235644332,2009,1.0,1,0
W201858967,2010,1.0,1,0
W2550263121,2010,-1.0,0,1
W2320215599,2002,-1.0,0,2
W2115937275,2008,-0.8,5,45
W2808171667,2009,1.0,50,0
W2136101509,2011,-1.0,0,50
W2163005242,2012,-0.1875,13,19
W1509600938,2012,-0.391304347826087,14,32
W2023110617,2012,-0.2222222222222222,14,22
W1985994919,2012,-0.4444444444444444,10,26
W2099007680,2010,-0.36363636363636365,14,30
W2160614441,2011,-0.85,3,37
W2137327104,2009,-0.9444444444444444,1,35
W1510349321,2005,-0.7894736842105263,2,17
W1993969709,2010,-0.29411764705882354,6,11
W2065849599,2011,-0.25,9,15
W2128219525,2010,-1.0,0,26
W1600889835,2012,-0.5,1,3
W1502003955,2006,-0.7931034482758621,3,26
W2131016342,2009,0.5294117647058824,13,4
W2010968096,2008,-0.75,3,21
W2108326678,2008,0.14285714285714285,8,6
W2152920253,2011,-0.3333333333333333,3,6
W1521033741,2007,-0.75,1,7
W2081020811,2012,-0.25,3,5
W2168356304,2009,-0.64,9,41
W1518534871,2012,-0.06666666666666667,7,8
W2095555925,2007,-0.2,4,6
W2021893621,2012,-1.0,0,6
W2149229932,2008,,0,0
W3150747159,2012,0.0,3,3
W2097270381,2010,-0.5,1,3
W2064105435,2011,-0.6,1,4
W1496830139,2010,-1.0,0,9
W1555264672,2007,0.09090909090909091,6,5
W1865089979,2004,-1.0,0,2
W2119515255,2009,-0.3333333333333333,4,8
W2525105824,2003,0.0,2,2
W2120056071,2005,-1.0,0,4
W2155825675,2006,-0.6,1,4
W2117699132,2009,-0.6,1,4
W2109223071,2011,0.0,2,2
W2071356121,2010,-0.3333333333333333,1,2
W1504726999,2011,0.0,1,1
W1530752153,2007,-0.9411764705882353,1,33
W1832994028,2012,1.0,1,0
W2397971081,2004,-1.0,0,7
W2127395384,2002,0.5555555555555556,7,2
W1525383386,2006,-1.0,0,7
W2145094256,2007,-0.7777777777777778,1,8
W89830103,2003,-0.7777777777777778,1,8
W1907405691,2007,-0.75,1,7
W2568509224,2004,0.25,5,3
W1990176438,2006,0.14285714285714285,4,3
W2110571530,2010,-0.6,1,4
W1994234924,2005,-1.0,0,3
W1584116796,2005,-1.0,0,4
W2524499497,2004,,0,0
W2121527168,2007,1.0,3,0
W1517908043,2008,1.0,2,0
W1567859966,2008,-1.0,0,3
W2031357227,2011,-0.3333333333333333,1,2
W1835550919,2012,,0,0
W2134416113,2007,,0,0
W1533691407,2011,0.0,1,1
W2122374274,2009,-1.0,0,2
W1544274847,2012,1.0,1,0
W2169780283,2009,-1.0,0,1
W2565450737,2008,1.0,1,0
W4251168818,2011,-1.0,0,1
W89759435,2012,1.0,1,0
W2141171354,2002,-1.0,0,8
W111009595,2003,-1.0,0,5
W1497669095,2002,-1.0,0,6
W39866887,2003,-1.0,0,4
W101395681,2006,0.3333333333333333,4,2
W2523093353,2003,-1.0,0,4
W2808509863,2007,1.0,3,0
W1589316147,2006,-1.0,0,3
W2166196964,2007,-0.3333333333333333,1,2
W2542493007,2009,1.0,1,0
W1536626602,2007,1.0,1,0
W2550413890,2005,,0,0
W2890033630,2012,,0,0
W2807759244,2007,,0,0
W2158204530,2007,1.0,1,0
W2140128589,2005,-1.0,0,1
W1993760289,2012,-0.8,5,45
W2018017297,2011,-0.8,5,45
W184219092,2011,-0.4,15,35
W1971650562,2011,-0.48,13,37
W2077258409,2010,-0.76,6,44
W2122205205,2011,-0.76,6,44
W4211181233,2008,-0.2916666666666667,17,31
W2105864475,2012,-0.84,4,46
W2105896632,2012,-0.44,14,36
W2035653731,2012,-0.76,6,44
W3141924267,2012,-0.4,15,35
W2077085538,2012,-0.8888888888888888,2,34
W2103275664,2011,-0.4838709677419355,8,23
W2004071059,2011,-0.9473684210526315,1,37
W1983981400,2011,-0.5882352941176471,7,27
W38672227,2007,-0.5714285714285714,3,11
W2143101641,2011,-0.6875,5,27
W1985759744,2009,-0.6363636363636364,2,9
W3147972975,2012,-0.15384615384615385,11,15
W2090456105,2011,-0.5294117647058824,4,13
W2147518941,2011,-0.9130434782608695,1,22
W1480528472,2006,1.0,11,0
W2123837004,2009,-0.09090909090909091,5,6
W2153166592,2009,-0.5714285714285714,3,11
W2122579913,2012,-0.5384615384615384,3,10
W2118940525,2012,-0.6,2,8
W2167793921,2007,-0.25,3,5
W2009552790,2006,-0.6666666666666666,1,5
W2061966517,2009,0.25,5,3
W2083807551,2012,-0.3333333333333333,3,6
W2270202525,2011,-1.0,0,6
W2028586402,2007,-0.75,2,14
W103515495,2010,1.0,10,0
W2398520975,2010,,0,0
W137970921,2007,-0.5,3,9
W2152560605,2007,-0.3333333333333333,3,6
W2480595217,2012,0.45454545454545453,8,3
W2159970141,2010,-0.8,1,9
W257793331,2012,1.0,1,0
W2099853744,2007,-0.3333333333333333,2,4
W2065022970,2006,-0.2857142857142857,5,9
W2018145554,2007,0.07692307692307693,7,6
W3140408247,2006,0.0,3,3
W2126087422,2005,-0.3333333333333333,2,4
W2168433106,2009,0.0,3,3
W2022117652,2007,-0.8,1,9
W2170040057,2009,-1.0,0,2
W2112692551,2008,-1.0,0,9
W2914996673,2010,,0,0
W2165694820,2008,-1.0,0,2
W64099252,2007,-1.0,0,3
W4240128470,2007,1.0,1,0
W2005176430,2007,-0.8571428571428571,1,13
W1872796450,2005,-0.75,1,7
W3153431205,2004,-0.42857142857142855,2,5
W2097145708,2007,-0.42857142857142855,2,5
W1505422411,2009,-1.0,0,4
W1512019329,2004,0.3333333333333333,4,2
W2165830857,2009,-0.6,1,4
W2913096944,2012,1.0,2,0
W4251545664,2005,0.3333333333333333,2,1
W2120930313,2008,-0.25,3,5
W2466055387,2012,,0,0
W2148308056,2009,,0,0
W3154325595,2007,-1.0,0,3
W2911243885,2010,,0,0
W168527477,2008,1.0,3,0
W3139548954,2006,1.0,3,0
W3158392770,2006,-1.0,0,3
W122512488,2008,1.0,2,0
W3148471899,2003,1.0,2,0
W79733723,2007,0.0,1,1
W103757832,2003,-1.0,0,1
W2136462807,2008,-0.5,1,3
W2972446718,2003,1.0,1,0
W3155231505,2008,-1.0,0,2
W2328064123,2006,-0.8518518518518519,2,25
W119335982,2008,-0.8181818181818182,2,20
W2158348370,2011,0.058823529411764705,18,16
W2035466125,2009,1.0,10,0
W2167014399,2011,-0.25,3,5
W187624969,2009,1.0,1,0
W44243429,2009,-1.0,0,1
W2976680230,2010,-0.48,13,37
W2111591374,2005,-0.72,7,43
W2014654561,2005,-0.56,11,39
W1979073669,2008,-0.84,4,46
W2090310344,2012,-0.88,3,47
W2010855093,2008,-0.84,4,46
W1968505092,2009,-0.52,12,38
W2128701709,2010,-0.56,11,39
W2055898543,2011,-0.92,2,48
W2045330558,2012,-0.8,5,45
W2099508205,2009,-0.68,8,42
W2126539571,2004,-0.76,6,44
W1987956184,2011,-0.96,1,49
W1979654686,2010,-1.0,0,18
W2028937662,2007,-0.88,3,47
W2152526200,2005,-0.84,4,46
W1981904119,2009,-1.0,0,28
W2134566706,2010,-0.7272727272727273,6,38
W2039934617,2009,-0.28,9,16
W2166648952,2011,-0.45454545454545453,6,16
W2574705612,2009,1.0,18,0
W2533157543,2009,1.0,18,0
W2979739655,2011,1.0,15,0
W4242664367,2007,1.0,4,0
W1957738001,2003,0.06976744186046512,23,20
W2185806117,2002,-0.5862068965517241,6,23
W1969064172,2011,-1.0,0,12
W2015560379,2011,-1.0,0,1
W2049988112,2012,-0.6666666666666666,2,10
W2082767465,2002,0.7142857142857143,6,1
W2100597665,2002,0.7777777777777778,8,1
W2097907715,2002,-0.3333333333333333,5,10
W2952560635,2011,-1.0,0,5
W2002949351,2009,-0.8,1,9
W1549273226,2010,-0.8181818181818182,1,10
W134846372,2011,-1.0,0,7
W2077899083,2010,-0.3333333333333333,2,4
W2011913256,2005,1.0,9,0
W1575763757,2009,1.0,2,0
W2559787163,2012,1.0,5,0
W2416112227,2007,1.0,1,0
W2580184094,2011,1.0,3,0
W2605016750,2012,1.0,3,0
W2001427333,2007,-1.0,0,1
W1503578951,2008,-1.0,0,10
W2559077555,2005,1.0,16,0
W2088044823,2005,1.0,8,0
W2144102914,2009,-0.7777777777777778,1,8
W2322376739,2002,-0.3333333333333333,1,2
W14855053,2010,-1.0,0,5
W2554555085,2004,1.0,4,0
W2150106026,2004,1.0,3,0
W2558022946,2008,1.0,3,0
W2247004227,2009,1.0,3,0
W2595479711,2006,1.0,3,0
W1484100443,2010,-1.0,0,5
W1988702439,2009,1.0,2,0
W2554549214,2012,1.0,1,0
W2565684881,2010,1.0,1,0
W2574325737,2011,1.0,1,0
W2586124546,2007,,0,0
W2588274432,2012,1.0,1,0
W4243864412,2012,1.0,1,0
W2590898097,2005,1.0,15,0
W2329967832,2003,-0.42857142857142855,4,10
W2256269697,2007,1.0,14,0
W1968124229,2003,1.0,6,0
W2342332142,2005,1.0,5,0
W2595825947,2004,1.0,5,0
W2118228653,2012,-1.0,0,4
W2592152879,2006,1.0,14,0
W2279306089,2006,1.0,4,0
W2122964161,2002,-1.0,0,3
W2542792951,2004,1.0,3,0
W1637797830,2010,,0,0
W2559633514,2010,1.0,3,0
W2979809552,2008,1.0,3,0
W1524787911,2005,1.0,2,0
W138724721,2008,-1.0,0,1
W4233688099,2004,1.0,2,0
W2534537303,2004,1.0,1,0
W4250653753,2010,1.0,1,0
W2118100588,2011,-0.4,15,35
W1978211738,2005,-0.04,24,26
W2147729309,2008,-0.6,10,40
W2160522235,2007,-0.52,12,38
W1501985518,2009,-1.0,0,50
W2139315672,2008,-0.4,15,35
W1594656587,2008,-0.76,6,44
W2248098515,2009,0.8,45,5
W1579458556,2012,-0.673469387755102,8,41
W2983059540,2009,1.0,23,0
W2163272338,2007,0.2,30,20
W2112977402,2005,-0.76,6,44
W1538467105,2006,-0.52,12,38
W1499651117,2004,-0.48,13,37
W2167312525,2011,-0.6571428571428571,6,29
W1555720472,2005,-0.64,9,41
W2154829072,2007,0.04,26,24
W2115828824,2006,0.9583333333333334,47,1
W2130468043,2008,-0.20930232558139536,17,26
W1605764012,2007,-0.2,14,21
W2157867633,2010,-0.7142857142857143,6,36
W2140933517,2009,-0.08571428571428572,16,19
W2156226590,2009,-0.3953488372093023,13,30
W2121904908,2004,-0.36,8,17
W2323047126,2009,0.02702702702702703,19,18
W117280303,2005,0.14285714285714285,8,6
W2158228966,2008,0.4,14,6
W2613678961,2012,1.0,19,0
W1514332291,2012,-0.76,3,22
W2614238066,2012,-0.8,2,18
W2188062985,2012,-0.2727272727272727,4,7
W2535804331,2007,-0.8378378378378378,3,34
W1551861293,2006,-0.4838709677419355,8,23
W2024374530,2010,-0.47368421052631576,5,14
W2125828976,2012,-0.5555555555555556,4,14
W2143906282,2012,-1.0,0,22
W186373629,2009,-0.29411764705882354,6,11
W2187188030,2005,0.0,5,5
W1520772402,2002,1.0,2,0
W2139868622,2008,0.23809523809523808,13,8
W2261422848,2011,-0.42857142857142855,2,5
W1546821488,2005,-0.7777777777777778,1,8
W1555078002,2012,-1.0,0,12
W2265380572,2005,0.4117647058823529,12,5
W1506641678,2010,-0.42857142857142855,2,5
W1583007009,2006,-0.45454545454545453,3,8
W1144710145,2012,-0.6666666666666666,1,5
W2183147812,2011,-1.0,0,8
W1622265260,2009,-0.6666666666666666,1,5
W2263591186,2012,-1.0,0,6
W2114413228,2012,-0.6666666666666666,1,5
W2259942561,2012,-0.5,1,3
W134343336,2006,-0.3333333333333333,6,12
W2402848144,2009,-0.3333333333333333,1,2
W2158007040,2009,-0.3333333333333333,3,6
W2187066406,2008,0.0,2,2
W2172533712,2007,1.0,5,0
W69876668,2004,-0.5,1,3
W2806461003,2011,1.0,5,0
W24114901,2009,0.2,3,2
W4244879985,2011,1.0,4,0
W2395766152,2011,0.3333333333333333,2,1
W1504027666,2010,-0.6666666666666666,1,5
W1548110985,2008,-0.375,5,11
W2568126238,2007,-1.0,0,3
W1599198931,2006,-0.5,7,21
W2151616270,2009,-1.0,0,2
W308124394,2006,,0,0
W2106666467,2009,0.3333333333333333,2,1
W63061362,2008,-1.0,0,3
W2407810373,2010,-1.0,0,2
W1774897248,2012,,0,0
W1867179420,2005,,0,0
W2599145044,2008,,0,0
W2398971046,2012,0.0,1,1
W2019832837,2011,1.0,1,0
W3135768530,2007,-1.0,0,50
W3141257848,2006,-0.21739130434782608,9,14
W3176152305,2006,-1.0,0,17
W1597608212,2004,1.0,3,0
W93238694,2007,-0.5,2,6
W3123547640,2008,-0.3333333333333333,1,2
W2109857117,2012,-1.0,0,3
W1813911096,2010,-1.0,0,2
W96688659,2008,1.0,1,0
W2796319054,2010,1.0,24,0
W2919020276,2010,,0,0
W2053003461,2008,,0,0
W1997288098,2012,-0.4444444444444444,5,13
W2205675050,2012,0.2,3,2
W1791430325,2005,0.32,33,17
W192221291,2008,0.32,33,17
W1542742023,2010,-0.2,4,6
W1591768831,2004,-1.0,0,50
W2106356140,2008,0.96,49,1
W1602640167,2002,-0.48,13,37
W1941101184,2002,-0.12,22,28
W2056897143,2003,-0.12,22,28
W2045427198,2008,-0.88,3,47
W1492864441,2005,0.04,26,24
W2118699275,2006,-0.72,7,43
W2107910552,2007,-0.84,4,46
W2009788656,2009,-0.16,21,29
W2038608154,2009,-0.92,2,48
W2165433828,2007,-0.76,6,44
W2151320434,2009,0.28,32,18
W2103174261,2007,0.05,21,19
W1756261662,2009,-0.64,9,41
W1529963680,2005,-0.8620689655172413,2,27
W1512994420,2009,-0.8888888888888888,2,34
W2118992936,2006,-0.24,19,31
W2086863328,2011,-0.7575757575757576,4,29
W2133959199,2002,0.56,39,11
W110865114,2004,-0.12,22,28
W2036840995,2003,-0.2,20,30
W1964581683,2003,-0.2,20,30
W11793264,2007,-0.76,6,44
W2172201672,2007,-0.16,21,29
W2120702558,2003,-0.8461538461538461,2,24
W1983199805,2005,-0.4782608695652174,12,34
W106139956,2002,-0.3125,11,21
W2157810258,2003,0.08,27,23
W49275823,2005,0.38461538461538464,27,12
W1546829937,2005,0.1111111111111111,10,8
W108693556,2007,-0.047619047619047616,10,11
W1551253182,2005,-0.5897435897435898,8,31
W2170610499,2007,-0.16129032258064516,13,18
W1583723150,2008,0.2857142857142857,9,5
W2294320291,2012,-0.6666666666666666,3,15
W2019730838,2012,-0.3333333333333333,13,26
W1591758264,2006,-0.88,3,47
W1553192229,2006,-0.8823529411764706,2,32
W1499234184,2010,-0.9130434782608695,1,22
W2119177810,2007,-1.0,0,8
W2036162877,2008,-0.8260869565217391,2,21
W1663762601,2010,-0.875,1,15
W175712698,2008,1.0,9,0
W2289140139,2012,-0.07692307692307693,6,7
W1538613579,2008,-1.0,0,10
W2155510680,2002,-0.09523809523809523,19,23
W1760966265,2002,-0.6153846153846154,5,21
W1500075519,2006,-0.7222222222222222,5,31
W1607312090,2008,-0.6923076923076923,2,11
W145204354,2007,-1.0,0,6
W203650460,2005,0.6,4,1
W4245521955,2003,1.0,5,0
W203734305,2004,-0.2413793103448276,11,18
W1549993307,2004,-0.391304347826087,14,32
W2283834710,2009,1.0,2,0
W2105656243,2003,-0.2,4,6
W2401750056,2009,-0.3333333333333333,1,2
W2395331814,2011,-1.0,0,2
W2404154736,2009,1.0,2,0
W2142671985,2011,-1.0,0,1
W1579223672,2003,-0.6428571428571429,5,23
W2525101996,2004,1.0,17,0
W1557056918,2005,-0.2,4,6
W140601803,2008,,0,0
W108486284,2006,-0.3333333333333333,1,2
W2026825057,2008,1.0,1,0
W2188329981,2012,-1.0,0,1
W1497089708,2004,-0.7391304347826086,3,20
W2403415529,2012,1.0,2,0
W2401992229,2003,1.0,2,0
W317795373,2005,,0,0
W4246159497,2008,1.0,1,0
W2103759768,2005,1.0,5,0
W1516873674,2005,0.25,5,3
W3207882051,2012,,0,0
W1560994324,2005,,0,0
W3203727603,2005,-1.0,0,5
W22612880,2012,,0,0
W3135924446,2009,,0,0
W1890222063,2002,1.0,3,0
W1682069835,2009,-1.0,0,2
W71774439,2003,-1.0,0,1
W1793807384,2005,-0.52,12,38
W1482585805,2006,-0.12,22,28
W1678959094,2006,0.0,25,25
W2150451032,2001,0.16,29,21
W2110324082,2008,0.0,25,25
W2483562931,2002,0.8,45,5
W1990890881,2003,-0.28,18,32
W2092883046,2003,-0.64,9,41
W1514949230,2001,-0.4,15,35
W2102308007,2003,0.52,38,12
W2041388851,2005,-0.36,16,34
W1493568378,2001,-0.16,21,29
W2122368812,2005,-0.64,9,41
W2115969784,2004,-0.24,19,31
W2165108943,2004,0.04,26,24
W2100674041,2004,-0.28,18,32
W1577783107,2004,1.0,50,0
W1526513355,2011,1.0,50,0
W2583688014,2006,1.0,50,0
W1978912716,2007,-0.6,10,40
W121488817,2008,-0.3,14,26
W2049677513,2007,-0.8,5,45
W1514379438,2011,-0.72,7,43
W2016733481,2004,0.08,27,23
W2116144942,2002,0.04,26,24
W1501276147,2003,0.0,25,25
W2119478850,2004,-0.48,13,37
W1570730897,2005,-0.52,12,38
W98399127,2011,-0.32,17,33
W1977416856,2002,-0.6,10,40
W1582201759,2001,0.2777777777777778,23,13
W1491520333,2005,-1.0,0,27
W1862275504,2005,0.043478260869565216,12,11
W2166634564,2005,-0.9393939393939394,1,32
W1573440853,2004,-0.7916666666666666,5,43
W4211016278,2004,0.0,13,13
W2112289218,2007,-0.3488372093023256,14,29
W1578109354,2006,-0.3333333333333333,7,14
W190204705,2004,-0.696969696969697,5,28
W1794411284,2007,0.08333333333333333,13,11
W1521426452,2001,-0.5,9,27
W2133821701,2007,-0.76,3,22
W4247135503,2003,1.0,22,0
W178112518,2006,-0.09090909090909091,15,18
W2749819226,2005,0.25,5,3
W1562164359,2005,-0.1,9,11
W2168075365,2002,-0.5238095238095238,5,16
W1491404282,2008,-1.0,0,17
W2043622248,2006,0.0,8,8
W4206634230,2009,0.0,5,5
W182170734,2005,-0.6,2,8
W2260968445,2011,0.3333333333333333,16,8
W2126557644,2002,0.08,27,23
W1565133950,2002,-0.36,16,34
W170090413,2004,0.0,25,25
W1965665811,2005,0.1282051282051282,22,17
W1815779771,2007,-0.8333333333333334,2,22
W1556295630,2007,-0.5172413793103449,7,22
W1505705829,2006,0.047619047619047616,22,20
W2160364119,2006,-0.5862068965517241,6,23
W171784999,2007,0.3333333333333333,20,10
W2021559989,2007,-0.21739130434782608,9,14
W1996497762,2011,-0.625,3,13
W102119825,2005,-0.2,8,12
W1537460435,2006,-0.5,2,6
W2164746077,2009,-0.3333333333333333,4,8
W4240694714,2010,1.0,2,0
W153960435,2011,0.2,3,2
W1556019018,2007,-0.3548387096774194,10,21
W1570688031,2002,0.3076923076923077,17,9
W2114063134,2001,-0.36,16,34
W1502374275,2005,-0.5,10,30
W127474329,2003,0.4166666666666667,17,7
W1796430495,2003,-0.04,12,13
W103399772,2008,0.4444444444444444,13,5
W2532726165,2006,1.0,6,0
W4243699661,2002,-0.2,2,3
W2219305934,2011,-0.2,2,3
W1968566744,2010,0.5,3,1
W2270009002,2011,-1.0,0,2
W2079786086,2003,-0.56,11,39
W1549544660,2005,-0.12,22,28
W1494700156,2002,-0.3548387096774194,10,21
W2110782695,2002,-0.1891891891891892,15,22
W1811171219,2003,0.12,14,11
W1568581497,2005,-0.5555555555555556,6,21
W1555195302,2003,-0.4482758620689655,8,21
W1660202170,2003,-0.5,4,12
W2152888402,2002,-0.8571428571428571,1,13
W54176145,2003,1.0,12,0
W2122711518,2005,-0.14285714285714285,9,12
W1532192247,2003,0.6,16,4
W1492449180,2006,-1.0,0,15
W1848522853,2005,-0.4,3,7
W1558141798,2007,-0.7647058823529411,2,15
W2161911014,2002,-0.5,2,6
W172545953,2002,1.0,5,0
W1843222748,2005,-0.2,4,6
W4243662376,2003,1.0,3,0
W2055678419,2007,-0.14285714285714285,3,4
W2189940716,2010,-0.6,1,4
W2058564614,2002,0.5,3,1
W1551091455,2001,1.0,1,0
W1848552438,2001,0.125,18,14
W1511807753,2001,1.0,18,0
W1852670235,2004,-0.8461538461538461,1,12
W198970521,2005,0.14285714285714285,8,6
W1559550948,2002,0.0,5,5
W2105266306,2003,-0.8333333333333334,1,11
W2162341168,2002,-0.16666666666666666,5,7
W2525396119,2002,1.0,6,0
W98777513,2005,-0.6666666666666666,1,5
W4250314934,2002,1.0,7,0
W166849211,2003,1.0,1,0
W203779687,2003,-0.25,3,5
W1990621896,2003,-0.3333333333333333,2,4
W1545933023,2005,0.6,4,1
W1567968780,2002,-1.0,0,3
W44173405,2002,,0,0
W1498089970,2005,-1.0,0,5
W1500278962,2002,-0.2,2,3
W2617645529,2007,1.0,3,0
W4234588274,2010,0.0,1,1
W1035582237,2001,1.0,1,0
W1572103550,2010,1.0,1,0
W146468655,2004,,0,0
W2007562156,2008,-1.0,0,1
W4256229368,2008,-1.0,0,1
W3195736320,2003,-0.2727272727272727,4,7
W255137432,2002,-0.6470588235294118,3,14
W3159106760,2004,0.875,30,2
W1518539187,2001,-0.4666666666666667,8,22
W3136786517,2004,0.38461538461538464,9,4
W2397063250,2003,0.8461538461538461,12,1
W2952727465,2003,0.2,30,20
W1571870896,2002,1.0,10,0
W3124182552,2004,1.0,6,0
W3123577026,2007,0.75,7,1
W3138024981,2005,-0.3333333333333333,1,2
W2580506784,2003,1.0,3,0
W4300439361,2002,1.0,5,0
W4243121493,2003,0.5,3,1
W2245830458,2004,,0,0
W1526053886,2002,1.0,2,0
W1529442639,2002,0.3333333333333333,2,1
W1863196172,2005,1.0,3,0
W2338921255,2008,1.0,3,0
W12886010,2005,0.0,1,1
W106094002,2003,1.0,1,0
W11701229,2003,1.0,1,0
W2144395797,2001,1.0,1,0
W2578867544,2008,-1.0,0,1
W3168095582,2006,-1.0,0,1
W50420762,2003,1.0,1,0
W1493144892,2004,-0.88,3,47
W2158712362,2010,-0.32,17,33
W2053610218,2009,-0.08,23,27
W2157374103,2010,-0.64,9,41
W2090106845,2011,-0.76,6,44
W2130557213,2007,-1.0,0,45
W2119742497,2008,-0.8095238095238095,2,19
W2001839600,2007,-1.0,0,11
W2072457093,2010,-0.8666666666666667,2,28
W1995586121,2011,0.25,10,6
W1991307522,2011,-0.6666666666666666,2,10
W2161681912,2011,-0.07692307692307693,6,7
W2119464837,2005,-0.7692307692307693,3,23
W2135886558,2006,-0.7142857142857143,2,12
W2128362240,2008,-0.7142857142857143,1,6
W2167810008,2006,0.0,1,1
W2042787097,2008,-1.0,0,3
W2008486459,2007,1.0,1,0
W2157924196,2008,-1.0,0,6
W2165383549,2007,-0.76,3,22
W3015970590,2009,0.3333333333333333,2,1
W2135153269,2010,-1.0,0,3
W1163954476,2009,-1.0,0,2
W1570651557,2006,-1.0,0,2
W2495880992,2008,0.0,1,1
W1565365101,2007,-1.0,0,1
W2506750055,2006,1.0,1,0
W4256675561,2008,1.0,1,0
W1607044975,2002,-0.68,8,42
W2138993731,2005,-0.76,6,44
W4297972233,2006,1.0,50,0
W2059162326,2003,-0.96,1,49
W1896508381,2003,-1.0,0,50
W2132895032,2004,-1.0,0,50
W2243699487,2006,1.0,50,0
W2113134966,2003,-0.88,3,47
W2138075555,2010,0.04,26,24
W1787995280,2002,-0.4,15,35
W2107822629,2008,-0.56,11,39
W2126866049,2004,-0.72,7,43
W2026301025,2011,0.12,28,22
W2117423557,2009,-0.56,11,39
W2006439090,2011,-0.24,19,31
W2564287478,2002,-1.0,0,1
W2135365729,2011,0.28,32,18
W2109567727,2010,-0.16,21,29
W2126941466,2004,-0.4,15,35
W2153999791,2002,0.84,46,4
W2105683995,2002,-0.16,21,29
W2122210228,2005,-0.16,21,29
W2159297381,2002,-0.76,6,44
W2038848593,2003,-0.04,24,26
W2132255566,2002,-1.0,0,50
W2127468471,2006,-0.44,14,36
W2166524881,2004,0.0,25,25
W2103173953,2008,-0.7272727272727273,6,38
W2142557773,2009,-0.9,2,38
W2119612407,2008,-0.5416666666666666,11,37
W2147188236,2005,-0.6,10,40
W2121621358,2009,-0.3333333333333333,12,24
W1965615317,2009,-0.5333333333333333,7,23
W2170954562,2002,-0.9259259259259259,1,26
W2042774345,2007,-0.6666666666666666,8,40
W2154946939,2002,-0.6470588235294118,3,14
W1605482857,2006,-0.8333333333333334,2,22
W2151522966,2006,0.42857142857142855,25,10
W4237309505,2005,0.0,17,17
W2105214616,2003,-0.4,9,21
W2085494760,2010,-0.3076923076923077,9,17
W2122987472,2007,0.9230769230769231,25,1
W126870101,2008,1.0,10,0
W2097458039,2007,0.6666666666666666,15,3
W2040212220,2011,-0.6551724137931034,5,24
W2110455487,2010,-0.15789473684210525,8,11
W2031548978,2006,-0.3333333333333333,4,8
W1641861334,2009,-0.8461538461538461,1,12
W2100278407,2006,-0.7142857142857143,1,6
W2134047602,2005,-0.03225806451612903,15,16
W2099625276,2002,-1.0,0,36
W2164546376,2002,-0.8888888888888888,1,17
W2030833008,2008,0.037037037037037035,14,13
W2117989103,2005,-1.0,0,47
W2137468418,2006,-0.3684210526315789,6,13
W2145819907,2009,-0.5384615384615384,3,10
W1503295541,2002,-0.8666666666666667,1,14
W4250764253,2003,1.0,6,0
W2116745707,2011,0.0,9,9
W2144755339,2009,-0.8333333333333334,1,11
W1965934938,2005,-0.5555555555555556,2,7
W1991791391,2008,-0.8571428571428571,1,13
W2065450024,2009,0.6666666666666666,10,2
W2024479082,2009,-0.4,3,7
W2039170133,2008,1.0,8,0
W2130404247,2008,-0.7142857142857143,1,6
W2123530916,2011,-0.6666666666666666,2,10
W2084276222,2011,-1.0,0,6
W2170943066,2011,-1.0,0,5
W74344041,2001,-0.76,6,44
W2178884895,2004,-0.7058823529411765,5,29
W1736177768,2001,0.15151515151515152,19,14
W1998243924,2003,-1.0,0,21
W2099098744,2003,-0.5384615384615384,3,10
W1547714875,2005,-0.45454545454545453,6,16
W2101624243,2004,-1.0,0,12
W2138523386,2001,-0.5555555555555556,2,7
W2082490243,2007,-1.0,0,12
W2028875761,2004,1.0,2,0
W1487404929,2004,0.0,3,3
W2163274707,2006,-1.0,0,6
W2017347593,2008,-1.0,0,9
W2121918505,2009,-0.8,1,9
W1986429941,2005,-0.5,1,3
W2137323638,2008,0.3333333333333333,6,3
W2018463366,2011,0.0,4,4
W2021691542,2011,0.75,7,1
W2048984153,2009,0.5,3,1
W2137994194,2010,-1.0,0,7
W1917514674,2004,-1.0,0,2
W2094162148,2011,-1.0,0,3
W2111937070,2003,-0.6,10,40
W1564363694,2001,-1.0,0,26
W2102103752,2004,-0.16129032258064516,13,18
W4251426566,2002,0.9565217391304348,45,1
W2565711649,2005,-0.8666666666666667,2,28
W2060687694,2004,-0.7142857142857143,2,12
W2116930807,2004,1.0,10,0
W2161075991,2002,-0.3333333333333333,3,6
W2141011626,2008,0.7142857142857143,12,2
W1985277236,2002,-0.25,3,5
W4244548441,2003,1.0,2,0
W2094323967,2005,0.5,3,1
W2157750502,2007,-0.42857142857142855,4,10
W2119523111,2008,-0.5,1,3
W1597184880,2010,-0.3333333333333333,3,6
W1998379244,2011,-0.14285714285714285,3,4
W3020255454,2005,-0.14285714285714285,3,4
W2168412864,2011,0.3333333333333333,4,2
W2062480269,2005,1.0,4,0
W2009803764,2009,-0.2,2,3
W2161406124,2008,-0.75,1,7
W2034002172,2010,1.0,4,0
W2100147994,2010,0.2,3,2
W2540805777,2006,-1.0,0,5
W2015154574,2010,-0.5,1,3
W2141541556,2009,0.3333333333333333,4,2
W2056438746,2008,1.0,1,0
W2113978005,2007,-1.0,0,5
W2067921593,2011,-1.0,0,5
W2107662770,2011,0.0,2,2
W2168185858,2002,-1.0,0,2
W2083237350,2009,1.0,3,0
W2099123046,2009,-0.3333333333333333,1,2
W2117950510,2011,-0.3333333333333333,1,2
W2134022720,2009,0.3333333333333333,2,1
W1852206628,2002,-1.0,0,33
W2131505312,2002,0.16129032258064516,18,13
W2144275335,2004,0.06666666666666667,8,7
W2159066926,2002,-0.5714285714285714,3,11
W2098729728,2004,-0.8709677419354839,2,29
W2132888367,2002,-0.07692307692307693,6,7
W2118900424,2003,-0.15789473684210525,8,11
W2139839760,2004,0.6470588235294118,14,3
W2104404646,2001,-1.0,0,7
W2143712487,2006,-0.7777777777777778,1,8
W2158671910,2002,-0.5,1,3
W2123581033,2003,-1.0,0,6
W1968094498,2005,-0.6,1,4
W1966422415,2008,1.0,5,0
W2157558427,2008,0.0,2,2
W2166945650,2004,-0.6,1,4
W2051449782,2010,-1.0,0,4
W1942300040,2002,-0.2,2,3
W2106107849,2004,0.3333333333333333,2,1
W2133049461,2006,0.0,3,3
W2099491230,2007,-1.0,0,5
W2165739262,2008,-0.3333333333333333,1,2
W2100779784,2008,-0.3333333333333333,1,2
W2168885166,2009,-1.0,0,4
W2913513072,2008,0.0,2,2
W1501957685,2010,0.0,1,1
W1502908295,2011,-1.0,0,1
W2058420445,2006,-1.0,0,1
W2091231869,2010,-1.0,0,2
W2101041048,2011,1.0,1,0
W2101316872,2009,0.0,1,1
W2124828340,2008,-1.0,0,1
W1913023693,2002,,0,0
W2273636958,2007,,0,0
W2101227167,2007,,0,0
W1968571374,2011,-1.0,0,1
W2158533831,2011,1.0,1,0
W4387729752,2009,1.0,1,0
W2562394701,2002,-1.0,0,6
W2951269343,2010,0.7142857142857143,6,1
W2779023396,2010,1.0,17,0
W2099988251,2003,-1.0,0,13
W2090191224,2001,1.0,15,0
W2123663779,2002,-0.2,4,6
W2033383225,2004,0.5555555555555556,7,2
W2141748192,2002,-1.0,0,6
W1578796012,2002,0.0,4,4
W1568370950,2011,-1.0,0,9
W2096451877,2002,-0.5,1,3
W2103272970,2007,-0.42857142857142855,2,5
W2109026990,2002,-0.5,1,3
W1566194626,2003,-0.6,1,4
W2110274634,2002,-0.7142857142857143,1,6
W2189307557,2001,-1.0,0,4
W1995047253,2005,-1.0,0,3
W1997753112,2005,-1.0,0,3
W2150128404,2002,1.0,4,0
W1713883157,2003,-1.0,0,2
W1941039422,2004,,0,0
W1782068406,2002,0.0,1,1
W2011317492,2002,,0,0
W1866078112,2002,0.0,1,1
W2048971741,2005,-1.0,0,3
W2113209149,2005,1.0,1,0
W4246038115,2007,1.0,3,0
W2038354649,2001,,0,0
W1497323170,2006,,0,0
W2017791783,2004,-1.0,0,1
W1984433646,2008,-1.0,0,1
W2047378694,2010,-1.0,0,1
W2057845091,2003,1.0,1,0
W2116278780,2004,1.0,1,0
W2158431099,2003,,0,0
W2142354454,2005,-1.0,0,1
W2138671665,2003,-1.0,0,1
W2149406824,2009,-1.0,0,1
W2150579014,2009,-1.0,0,1
W4239817266,2005,,0,0
W2160380036,2008,-1.0,0,1
W2170822143,2002,-1.0,0,1
W270651669,2001,-1.0,0,1
W4250217443,2008,1.0,1,0
W570620296,2002,-1.0,0,1
W2306580197,2011,-1.0,0,4
W2007423964,2011,-1.0,0,1
W2028994502,2011,-0.64,9,41
W2065100127,2008,-0.2,20,30
W1974687978,2011,-0.72,7,43
W4230939871,2011,0.04,26,24
W2151401338,2008,0.96,49,1
W2058179030,2011,-0.48,13,37
W2000122588,2011,-0.08,23,27
W2054551600,2011,-0.6,10,40
W2182992846,2011,-0.12,22,28
W2126895033,2010,0.08,27,23
W2093753056,2007,0.08,27,23
W2006142674,2008,-0.2,20,30
W2164939245,2010,-0.44,14,36
W2140287075,2010,1.0,50,0
W1977857403,2009,-0.24,19,31
W2158083740,2008,-0.36,16,34
W2132781340,2007,-0.7872340425531915,5,42
W2138827539,2009,-0.4634146341463415,11,30
W2115973081,2009,-0.7142857142857143,5,30
W2108960318,2011,-0.5714285714285714,6,22
W2021255645,2011,0.42857142857142855,20,8
W2110158471,2009,-0.7857142857142857,3,25
W1544325518,2004,-1.0,0,5
W2000837032,2011,0.3333333333333333,4,2
W2092719662,2011,0.07692307692307693,7,6
W3122612000,2010,1.0,5,0
W2095486701,2011,-0.5,1,3
W2395972321,2008,0.7142857142857143,6,1
W2129307567,2010,-0.2857142857142857,5,9
W2767556146,2006,-1.0,0,2
W2581633183,2004,-1.0,0,3
W2024117744,2010,-0.3333333333333333,1,2
W4238557639,2010,1.0,2,0
W2156063824,2006,-1.0,0,3
W2606909183,2004,1.0,2,0
W4394653346,2011,1.0,1,0
W1778743011,2011,-0.42857142857142855,2,5
W2078570232,2009,1.0,1,0
W2767379975,2006,-1.0,0,2
W2586488772,2004,-1.0,0,1
W2093830013,2006,-0.08,23,27
W2130700157,2005,0.04,26,24
W2132476525,2005,-0.32,17,33
W2118921653,2006,-0.72,7,43
W2168125208,2004,-0.4,15,35
W2164021301,2006,-0.56,11,39
W2100796177,2003,-0.92,2,48
W2105710533,2004,-0.08,23,27
W2014340293,2003,-0.6,10,40
W2049462406,2006,-0.64,9,41
W2076752550,2005,-0.52,12,38
W2130561842,2006,-0.12,22,28
W2343774594,2003,-0.8,5,45
W2143354768,2004,-0.56,11,39
W2084314197,2009,-0.68,8,42
W2001965201,2004,-0.64,9,41
W3136981673,2005,0.0,25,25
W2098578349,2007,-0.56,11,39
W1927941312,2005,-0.04,24,26
W2109194613,2008,-0.56,11,39
W2539515812,2005,-0.72,7,43
W1970375531,2009,-0.52,12,38
W2127851808,2009,-0.36,16,34
W1597973956,2010,-0.96,1,49
W2166236823,2010,-0.625,9,39
W2098801056,2009,-0.56,11,39
W2134677299,2011,-0.4,15,35
W2123191910,2009,-1.0,0,50
W2065692361,2009,-0.28,18,32
W2053664276,2011,-0.64,9,41
W2098683126,2011,-0.56,11,39
W2159652916,2009,-0.04,24,26
W2030384189,2010,-0.2765957446808511,17,30
W1931876811,2010,0.6190476190476191,17,4
W2154462845,2009,-0.76,6,44
W2139217778,2006,-0.5384615384615384,9,30
W2129443297,2011,-0.5510204081632653,11,38
W2116102263,2010,-1.0,0,50
W2162560556,2010,-0.7419354838709677,4,27
W2025806671,2010,-0.4222222222222222,13,32
W2136933506,2005,-0.68,8,42
W2100375917,2006,-0.75,5,35
W2152487678,2006,-0.6,10,40
W2153841912,2006,-0.88,3,47
W2165023564,2011,-0.44,14,36
W2144428154,2009,-0.8536585365853658,3,38
W2146316402,2011,-0.76,6,44
W2102213796,2004,0.45454545454545453,16,6
W1590832647,2007,-0.8823529411764706,1,16
W2157188289,2006,-0.6,8,32
W2125678429,2010,-0.22580645161290322,12,19
W2011902492,2009,-0.7419354838709677,4,27
W2044027266,2006,-0.6129032258064516,6,25
W2108427691,2007,-0.8064516129032258,3,28
W2072262494,2007,-0.8461538461538461,2,24
W2162079464,2007,-1.0,0,19
W2077242540,2008,-0.4782608695652174,6,17
W2128829664,2008,-1.0,0,16
W2136842024,2008,0.0,7,7
W2101274786,2007,-0.7272727272727273,6,38
W2645193500,2004,1.0,33,0
W2098254476,2007,-0.05263157894736842,9,10
W2098813721,2011,0.0,8,8
W2150550681,2007,-0.6923076923076923,2,11
W2139107185,2006,0.2,6,4
W1968770465,2011,-0.5555555555555556,4,14
W1530357368,2006,0.3333333333333333,8,4
W1984221481,2011,-1.0,0,9
W2134532003,2009,-1.0,0,17
W2134058882,2006,0.45454545454545453,8,3
W1992874203,2007,-0.7142857142857143,2,12
W2055426397,2008,-0.6923076923076923,2,11
W1596697678,2006,0.75,7,1
W2140657599,2011,-0.4,3,7
W2139198905,2007,0.0,3,3
W2062843909,2008,1.0,6,0
W2304037010,2010,1.0,8,0
W2032127858,2011,-0.3333333333333333,3,6
W2130202182,2010,-0.42857142857142855,2,5
W2102867580,2009,0.14285714285714285,4,3
W2133840309,2004,-0.29411764705882354,6,11
W1483438675,2008,0.75,7,1
W2152825956,2010,0.0,2,2
W2025138034,2009,0.3333333333333333,6,3
W1966891452,2008,-0.3333333333333333,1,2
W2057145215,2011,-1.0,0,7
W2146684358,2009,-0.6666666666666666,1,5
W1526859321,2005,-0.5384615384615384,3,10
W2093799194,2008,0.6666666666666666,5,1
W1975880917,2010,0.5,3,1
W2149363054,2011,,0,0
W2127527042,2009,-0.5,1,3
W2162026846,2011,0.5,3,1
W2022255474,2008,1.0,1,0
W2102581045,2009,-1.0,0,2
W2074009374,2011,1.0,4,0
W2107435054,2006,-1.0,0,6
W2096914579,2008,-0.5,1,3
W1988943608,2006,1.0,2,0
W3202886362,2011,,0,0
W2565101228,2004,,0,0
W3038093872,2004,-1.0,0,1
W1991128256,2011,1.0,3,0
W2118301696,2010,0.0,1,1
W3204866132,2011,-1.0,0,1
W2052879123,2005,-1.0,0,2
W63809527,2003,-0.4375,9,23
W38453666,2002,1.0,2,0
W2037982290,2007,1.0,3,0
W2075021977,2002,0.48148148148148145,20,7
W1971309210,2006,-0.28,18,32
W1972375916,2007,-0.8,5,45
W2079855026,2006,0.0,1,1
W2129258179,2009,-0.48,13,37
W2014511571,2007,-0.32,17,33
W1826494558,2002,-0.2,20,30
W2145067550,2002,-0.8,5,45
W2013469527,2002,-0.92,2,48
W2103437045,2006,-0.8,5,45
W2109649220,2005,-0.88,3,47
W2013815105,2008,-0.8,5,45
W2138098891,2005,-0.44,14,36
W1980392196,2010,-0.92,2,48
W2121751780,2005,-0.7714285714285715,4,31
W62192591,2004,-0.7083333333333334,7,41
W1767927243,2007,1.0,14,0
W2739393805,2010,-0.7619047619047619,5,37
W1482229340,2007,1.0,48,0
W1518755039,2001,-0.8,5,45
W2024573078,2002,-0.32,17,33
W1592408892,2002,-0.36,16,34
W1965686263,2003,-0.64,9,41
W1975794688,2006,-0.72,7,43
W2078473680,2001,-0.88,3,47
W2013327987,2002,-0.6756756756756757,6,31
W1557860566,2003,-0.8125,3,29
W1622377571,2003,-0.84,4,46
W2130455894,2002,-0.2413793103448276,11,18
W2086312499,2007,-0.6923076923076923,4,22
W1680574711,2002,-0.6,10,40
W1986399639,2003,-0.5384615384615384,3,10
W2130521818,2004,-0.14285714285714285,9,12
W2483463732,2005,-0.4418604651162791,12,31
W194461482,2011,-0.16129032258064516,13,18
W178538629,2009,-0.5862068965517241,6,23
W99675119,2005,-0.6190476190476191,4,17
W2022427910,2006,-0.7894736842105263,2,17
W2084537882,2010,-1.0,0,42
W2106129803,2006,-0.7222222222222222,5,31
W2091358801,2007,-0.8620689655172413,2,27
W2105117825,2002,-0.2857142857142857,5,9
W2006466702,2004,-0.45454545454545453,9,24
W2096034566,2010,-0.5,6,18
W1850011215,2010,-0.7222222222222222,5,31
W2047388817,2008,-0.9130434782608695,1,22
W1600304682,2005,-0.6666666666666666,3,15
W1543455987,2004,-0.6190476190476191,4,17
W1882484441,2008,-0.8571428571428571,2,26
W1977700770,2002,0.42857142857142855,15,6
W2105138262,2005,-0.8666666666666667,2,28
W2098901145,2010,-0.5714285714285714,6,22
W1530744370,2006,-0.8888888888888888,1,17
W2013622632,2010,-0.8095238095238095,2,19
W2072651894,2010,-0.8333333333333334,1,11
W139390317,2011,-0.9047619047619048,1,20
W2028665643,2001,-0.2972972972972973,13,24
W2011829752,2002,-0.24,19,31
W1483936539,2001,-0.84,4,46
W2090154916,2006,-0.8181818181818182,2,20
W1510190958,2007,-0.875,2,30
W2031691288,2005,-1.0,0,35
W1505652737,2004,-0.48148148148148145,7,20
W4256604369,2005,1.0,19,0
W2135681958,2003,-0.9166666666666666,1,23
W2081459960,2006,-0.7777777777777778,3,24
W1996762597,2007,-0.75,3,21
W2134104365,2003,-0.391304347826087,7,16
W1898354530,2002,-0.8666666666666667,1,14
W1551531415,2005,-0.8181818181818182,1,10
W2132716139,2005,0.125,9,7
W2048717128,2004,-0.7777777777777778,1,8
W1516597318,2008,-0.5294117647058824,4,13
W1823541154,2008,-0.6363636363636364,4,18
W2150781025,2006,-0.6666666666666666,4,20
W6892666,2002,-0.7142857142857143,1,6
W2126910421,2010,-1.0,0,9
W2146727622,2010,0.8666666666666667,14,1
W4242435332,2002,1.0,5,0
W1507023304,2003,1.0,7,0
W26406141,2010,-0.75,2,14
W2912008780,2001,-0.2777777777777778,13,23
W2059609709,2005,-0.3333333333333333,3,6
W1510363245,2010,-0.6666666666666666,1,5
W2032029137,2006,-1.0,0,17
W1582122708,2004,-0.3333333333333333,2,4
W2057430719,2003,-0.4,3,7
W2014592111,2009,-0.75,2,14
W1903211804,2009,-0.1111111111111111,4,5
W2168656534,2006,-0.48148148148148145,7,20
W2116838426,2006,-1.0,0,6
W1971146758,2011,-1.0,0,8
W2000767368,2008,1.0,1,0
W2044326855,2010,-1.0,0,3
W2068560219,2008,1.0,3,0
W2068781654,2003,-1.0,0,46
W2130038656,2002,-0.5,8,24
W1972357512,2002,-0.64,9,41
W2148084028,2002,-1.0,0,22
W2095601805,2003,-0.5294117647058824,4,13
W2154930044,2002,-0.44,7,18
W2124033354,2004,-0.8181818181818182,2,20
W1278744655,2002,-0.6363636363636364,4,18
W2060531276,2002,-0.4666666666666667,4,11
W2098538948,2002,-0.6842105263157895,3,16
W2143320485,2004,-1.0,0,18
W152557103,2007,0.14285714285714285,8,6
W2020977832,2004,-0.42857142857142855,2,5
W1511735024,2006,-0.875,1,15
W1964975266,2003,-0.6,1,4
W1551294992,2008,-1.0,0,8
W2953140979,2003,1.0,11,0
W2150170179,2003,-1.0,0,5
W1721487711,2010,-1.0,0,3
W295630282,2005,0.5,3,1
W2172088265,2005,-0.5,1,3
W2160818354,2004,-1.0,0,6
W2161370525,2008,0.6666666666666666,5,1
W2086957041,2003,-1.0,0,2
W2249689939,2003,1.0,1,0
W2094371961,2004,-1.0,0,1
W2747882617,2007,,0,0
W1501596505,2005,0.0,1,1
W2148544167,2006,-1.0,0,2
W2009238750,2004,-1.0,0,5
W1974597184,2001,-0.6923076923076923,6,33
W174093215,2001,-1.0,0,19
W203000141,2011,-1.0,0,3
W20228571,2001,-1.0,0,19
W1578694843,2002,-0.9428571428571428,1,34
W2118768870,2004,-0.5789473684210527,4,15
W2715289607,2002,-0.9,1,19
W2098593849,2002,-0.5555555555555556,2,7
W1582196609,2002,-0.8333333333333334,1,11
W1982001692,2003,-0.6,2,8
W2140705211,2004,-0.6,1,4
W2131011139,2003,-1.0,0,5
W1488662866,2002,-0.75,1,7
W2102916631,2002,0.0,2,2
W1991571150,2003,-1.0,0,5
W1546146037,2009,-0.6,1,4
W1588110092,2005,-1.0,0,3
W1776130979,2003,-1.0,0,1
W4240262977,2002,,0,0
W2144873041,2004,-1.0,0,4
W2669281874,2004,1.0,3,0
W35829188,2006,-1.0,0,2
W4206020494,2008,0.0,2,2
W4232041658,2002,1.0,2,0
W1598417894,2002,-1.0,0,1
W1965632166,2003,-1.0,0,2
W2106345720,2005,1.0,1,0
W2082308896,2004,,0,0
W2340102788,2010,-1.0,0,1
W2585697351,2004,,0,0
W2637024151,2006,,0,0
W4234743364,2003,,0,0
W2373740131,2011,,0,0
W2470057921,2004,1.0,2,0
W2913345290,2011,-1.0,0,2
W4242928554,2003,,0,0
W4230457186,2002,1.0,1,0
W2952378839,2003,1.0,6,0
W2962893121,2002,-0.8333333333333334,1,11
W2951054971,2003,-1.0,0,26
W187899803,2001,0.3333333333333333,12,6
W1612586171,2003,-0.45454545454545453,3,8
W2183779559,2004,-1.0,0,18
W1807884544,2002,-0.68,8,42
W2952209068,2002,0.1111111111111111,5,4
W1542456458,2003,-1.0,0,6
W64709983,2004,-0.25,3,5
W4302379208,2003,1.0,1,0
W2119738855,2003,-0.6666666666666666,1,5
W2136315679,2002,0.6,4,1
W1996235847,2003,0.0,1,1
W2952529635,2002,-1.0,0,4
W1964852538,2002,-1.0,0,2
W1969733661,2008,1.0,1,0
W30450795,2004,-1.0,0,2
W4247153988,2003,1.0,2,0
W2015298743,2006,1.0,1,0
W4239551063,2003,1.0,1,0
W2952796173,2002,1.0,1,0
W4247642004,2003,1.0,1,0
W4251881908,2003,1.0,1,0
W92887615,2006,-1.0,0,1
W2042341157,2005,-0.76,6,44
W145490881,2007,-0.48,13,37
W1997348847,2004,-0.72,7,43
W3103911632,2008,-0.92,2,48
W4321276118,2010,-1.0,0,31
W2140116335,2010,-0.8181818181818182,1,10
W1997174779,2005,-1.0,0,7
W4250251646,2006,1.0,2,0
W2078650888,2007,-0.3333333333333333,7,14
W2541369355,2006,,0,0
W2320638513,2009,-1.0,0,9
W2138040813,2007,,0,0
W2339881822,2008,0.3333333333333333,2,1
W1984282125,2006,0.75,7,1
W2544387004,2009,,0,0
W2010772194,2006,1.0,4,0
W144792400,2009,1.0,2,0
W2622455071,2007,1.0,4,0
W2262821791,2006,-0.7142857142857143,1,6
W1578688152,2009,,0,0
W2923329650,2007,0.3333333333333333,2,1
W2595841894,2010,1.0,4,0
W1597346747,2008,1.0,1,0
W2029145743,2008,-1.0,0,2
W1858615297,2002,-1.0,0,5
W138591005,2009,0.0,1,1
W2067541757,2006,,0,0
W2125180709,2009,,0,0
W4244791179,2008,1.0,1,0
W1840918254,2006,1.0,7,0
W2602101033,2006,-1.0,0,5
W2950918317,2007,-0.75,1,7
W2311291627,2007,1.0,2,0
W1866978891,2003,-1.0,0,2
W154703073,2005,-1.0,0,2
W1626554511,2004,,0,0
W2963034830,2006,1.0,2,0
W972312656,2003,1.0,2,0
W2310424108,2008,1.0,1,0
W2597494926,2007,1.0,1,0
W2600939928,2007,1.0,1,0
W2112552549,2007,-0.12,22,28
W2100600008,2007,-0.84,4,46
W2124331852,2010,-0.84,4,46
W2072460512,2009,-0.84,4,46
W2146641075,2009,-0.64,9,41
W1988485873,2000,-0.6153846153846154,5,21
W2156204103,2007,-0.6666666666666666,7,35
W2020107577,2000,-0.1794871794871795,16,23
W2110176078,2009,-0.6875,5,27
W2074472353,2008,0.42857142857142855,5,2
W2086236873,2003,-0.6,7,28
W2111181349,2009,-0.7297297297297297,5,32
W2166347285,2000,-0.6744186046511628,7,36
W2148924730,2000,-1.0,0,24
W2031416155,2004,-0.6842105263157895,3,16
W1515072779,2008,-0.8,5,45
W2147943944,2008,-0.8518518518518519,2,25
W2146562219,2005,-1.0,0,25
W2068469907,2007,-0.5,3,9
W2154738583,2010,-1.0,0,10
W2963389401,2009,-0.9259259259259259,1,26
W2171866865,2007,-1.0,0,12
W756873221,2009,1.0,22,0
W2035163205,2008,-1.0,0,1
W2024084692,2005,1.0,11,0
W2049077627,2009,-1.0,0,6
W2112207221,2010,-1.0,0,6
W2040466852,2010,-0.6,2,8
W1942833897,2009,-1.0,0,1
W1529984711,2002,,0,0
W2113722675,2003,-0.2,2,3
W2103618778,2005,-1.0,0,1
W2135034127,2002,-1.0,0,1
W120087860,2001,-1.0,0,1
W2963085998,2010,-1.0,0,4
W2112984668,2007,-1.0,0,5
W1977100411,2008,-1.0,0,5
W157924273,2005,,0,0
W54031485,2009,-1.0,0,2
W811572528,2008,1.0,3,0
W2950476412,2009,-0.8571428571428571,1,13
W2157801062,2003,-0.68,8,42
W1524012148,2009,-1.0,0,10
W1484743436,2010,-1.0,0,12
W2952921001,2010,-0.42857142857142855,2,5
W1521642090,2005,-1.0,0,3
W2950268835,2010,-1.0,0,2
W1601405377,2005,,0,0
W1547481010,2009,-1.0,0,2
W190225303,2003,-1.0,0,2
W1972342015,2009,-1.0,0,1
W2163670706,2007,1.0,1,0
W2315854475,2003,-1.0,0,1
W2145455014,2005,1.0,1,0
W2164943005,2006,-0.2,20,30
W2125865219,2007,-1.0,0,50
W1638081485,2005,-0.4,15,35
W1946137962,2007,-0.6,10,40
W2131791003,2003,-0.6,10,40
W2112483442,2007,-1.0,0,50
W1980451075,2008,-0.64,9,41
W2811380766,2007,1.0,50,0
W123476658,2008,-0.8709677419354839,2,29
W2116053054,2007,-0.64,9,41
W4381059462,2008,,0,0
W2145544165,2005,-0.96,1,49
W4206684016,2007,1.0,5,0
W2139710299,2007,-0.32,17,33
W2167663973,2010,-0.45454545454545453,9,24
W2101267652,2007,-0.56,11,39
W1524882660,2009,-0.8775510204081632,3,46
W2144585611,2005,-0.5757575757575758,7,26
W1662457187,2002,-0.3684210526315789,6,13
W2029318887,2009,-0.7058823529411765,5,29
W2120481923,2007,-0.625,9,39
W2128448396,2009,-0.6428571428571429,5,23
W2162798864,2008,-0.6,5,20
W2137334613,2007,-0.9333333333333333,1,29
W2160904257,2004,-1.0,0,14
W1582879937,2010,1.0,14,0
W2125792539,2008,-0.8666666666666667,2,28
W2161706111,2002,-0.6666666666666666,2,10
W1550988992,2005,1.0,11,0
W2163343325,2009,-0.8888888888888888,1,17
W2098460974,2009,-0.3333333333333333,5,10
W1569822278,2007,-0.3333333333333333,4,8
W4230608978,2010,-0.6363636363636364,2,9
W1536302525,2009,-0.5,2,6
W2103872474,2003,-0.7142857142857143,1,6
W2183641917,2010,-0.6,2,8
W2165140712,2008,0.0,5,5
W4381059409,2008,,0,0
W1479763159,2008,-0.6,1,4
W1507451667,2007,1.0,1,0
W1572764070,2010,-0.7142857142857143,1,6
W1862740482,2004,1.0,2,0
W1545891613,2007,-0.42857142857142855,2,5
W1507634612,2004,1.0,4,0
W2131796759,2006,-0.6,2,8
W2239646537,2007,,0,0
W2135601275,2002,-1.0,0,6
W1595691708,2009,-1.0,0,3
W2554512080,2007,,0,0
W2949658187,2008,1.0,2,0
W1548674565,2003,1.0,2,0
W2244040033,2001,1.0,2,0
W2950901611,2007,-1.0,0,1
W1597438256,2008,-1.0,0,1
W2122094909,2010,,0,0
W1963903127,2004,1.0,1,0
W2739065169,2003,1.0,1,0
W2272371322,2009,1.0,1,0
W2950536412,2008,-0.5151515151515151,8,25
W3118391539,2006,1.0,1,0
W794375756,2006,-1.0,0,1
W1972327790,2010,-1.0,0,1
W2073922928,2000,,0,0
W2150862990,2004,-0.7142857142857143,4,24
W2047045640,2005,-0.16129032258064516,13,18
W2113969010,2003,-1.0,0,5
W2153361398,2004,-0.47058823529411764,9,25
W2064255078,2010,-0.25,3,5
W2542997815,2008,-0.6666666666666666,1,5
W2100863336,2004,-0.6363636363636364,2,9
W2086753692,2008,1.0,5,0
W2171282760,2000,0.1111111111111111,5,4
W2164315238,2003,,0,0
W2139257753,2002,-0.06666666666666667,7,8
W1993464959,2004,-0.75,1,7
W2311760409,2004,1.0,1,0
W1532335985,2005,-1.0,0,1
W2139257601,2008,-0.3333333333333333,1,2
W1482310183,2004,-0.5,1,3
W2171591862,2003,-0.3333333333333333,1,2
W1931890840,2002,1.0,1,0
W1487568389,2003,-1.0,0,2
W2021157255,2007,1.0,1,0
W2034609836,2006,0.08,27,23
W2108824086,2009,-0.08695652173913043,21,25
W4254354095,2010,-0.16,21,29
W1515761040,2004,-0.6,10,40
W2032775246,2006,-0.64,9,41
W183174002,2006,-0.6111111111111112,7,29
W1964316448,2010,-0.76,6,44
W186905832,2010,-0.8285714285714286,3,32
W2087437792,2004,0.35135135135135137,25,12
W2111734949,2010,-0.44,14,36
W1741747329,2007,-0.8888888888888888,1,17
W2151509967,2010,-0.45454545454545453,3,8
W2042316989,2010,-0.875,1,15
W4255189748,2010,0.2,3,2
W2067917410,2010,-1.0,0,11
W1510690482,2006,-0.7777777777777778,1,8
W1512273652,2004,-0.42857142857142855,4,10
W169995170,2005,-0.6666666666666666,1,5
W3182942995,2010,,0,0
W2113630182,2010,-1.0,0,2
W2899958896,2010,1.0,2,0
W2170954902,2008,-0.5555555555555556,4,14
W2004196714,2009,-0.8666666666666667,1,14
W1965817034,2006,-1.0,0,19
W1968327952,2007,-1.0,0,29
W2102702756,2010,-1.0,0,12
W2399081522,2010,-1.0,0,6
W1511811096,2010,-1.0,0,6
W2953374385,2006,-1.0,0,2
W2100559921,2009,-1.0,0,50
W2135365827,2010,-0.9285714285714286,1,27
W2112121519,2009,-1.0,0,16
W3016757878,2009,-1.0,0,19
W2048223797,2010,-0.5,5,15
W4256573185,2008,-0.6923076923076923,2,11
W4320804830,2006,1.0,8,0
W2101005398,2008,-0.8823529411764706,1,16
W2022407453,2003,-0.8620689655172413,2,27
W2039446670,2006,-1.0,0,9
W2027479817,2007,-1.0,0,2
W4232387295,2009,-1.0,0,1
W4242021682,2010,-1.0,0,2
W2150187939,2008,-0.6666666666666666,1,5
W1947181641,2007,1.0,10,0
W1523833411,2003,-1.0,0,1
W1534543197,2002,-1.0,0,1
W2166872167,2006,0.5,24,8
W2130630281,2003,-0.07692307692307693,6,7
W2161311656,2009,-0.6,3,12
W2106627927,2008,-0.42857142857142855,2,5
W2108432348,2002,-0.09523809523809523,19,23
W2129440239,2002,-0.3333333333333333,7,14
W2155097923,2003,-0.3333333333333333,6,12
W2154200861,2004,-0.5789473684210527,4,15
W2111977400,2003,0.3333333333333333,6,3
W2022036396,2003,-0.42857142857142855,2,5
W2136278394,2009,-0.25,3,5
W2504788735,2002,-0.8222222222222222,4,41
W2132339613,2002,-0.5,8,24
W2099917277,2002,0.07692307692307693,7,6
W2162346295,2009,,0,0
W2127220676,2002,0.42857142857142855,5,2
W2147902586,2004,-0.5,1,3
W2148284014,2003,-1.0,0,1
W2161454538,2006,-1.0,0,1
W2537389385,2002,-0.45454545454545453,6,16
W2294567748,2003,0.3333333333333333,14,7
W2122623069,2004,-0.125,14,18
W2156492002,2002,-0.5,5,15
W2141727318,2003,-0.2,4,6
W2150054527,2002,-0.6923076923076923,2,11
W2110473882,2003,-0.2727272727272727,4,7
W2145702891,2005,,0,0
W4244257613,2002,-0.3333333333333333,1,2
W2034584893,2001,-0.5,2,6
W4232557454,2002,1.0,2,0
W2774636910,2008,-1.0,0,1
W1571221487,2006,0.6,4,1
W2154622477,2002,-0.2727272727272727,4,7
W2330035673,2003,1.0,1,0
W2100589405,2002,-1.0,0,2
W2113249234,2007,-1.0,0,1
W4230776322,2001,,0,0
W2123702664,2002,1.0,1,0
W2164138770,2007,1.0,1,0
W2123580658,2003,-1.0,0,4
W2107497336,2008,-0.96,1,49
W1989012887,2010,-0.5121951219512195,10,31
W2095935151,2008,-1.0,0,50
W2163977249,2007,-0.7073170731707317,6,35
W1593984632,2008,-0.7894736842105263,2,17
W2167352226,2010,-0.8461538461538461,1,12
W2108883166,2009,-0.52,6,19
W1828747228,2008,-0.88,3,47
W3142307116,2007,-0.8,2,18
W1497927080,2010,-0.8181818181818182,1,10
W2152969572,2010,-0.875,1,15
W2141872023,2009,-0.8823529411764706,1,16
W2168844610,2010,-0.5714285714285714,3,11
W2126478220,2010,-0.8,1,9
W2129226420,2010,-1.0,0,10
W2070156742,2007,-0.8461538461538461,1,12
W1978400480,2000,-0.5384615384615384,3,10
W2172004120,2008,-0.6363636363636364,2,9
W2150143703,2005,-0.6,2,8
W2160567205,2009,-0.8888888888888888,1,17
W1975620046,2009,-1.0,0,8
W2115851388,2010,-1.0,0,3
W1491593191,2005,-1.0,0,4
W2143028966,2010,-1.0,0,3
W1482922405,2008,0.0,2,2
W2061954269,2010,1.0,5,0
W2162915793,2006,-1.0,0,1
W2153332620,2002,-0.75,1,7
W2019472703,2005,0.2,6,4
W2105578427,2008,-1.0,0,7
W1936019662,2007,,0,0
W1498650097,2008,0.0,1,1
W4230715681,2000,,0,0
W2037741944,2008,-1.0,0,2
W2009644012,2008,-0.2,2,3
W2096396124,2004,-0.4,3,7
W2567976942,2003,1.0,5,0
W2130893868,2007,-1.0,0,3
W1547516741,2000,1.0,2,0
W1558628625,2005,-1.0,0,1
W2315266853,2008,-1.0,0,1
W2158944624,2005,-1.0,0,1
W1995122172,2000,1.0,1,0
W2153128836,2010,-0.88,3,47
W2123329569,2009,-0.9375,1,31
W1561824685,2005,-0.92,1,24
W4237270226,2007,-0.7142857142857143,2,12
W2151275061,2007,-0.8260869565217391,2,21
W2022683189,2007,-1.0,0,12
W2053070172,2003,-0.84,4,46
W2138130168,2007,-1.0,0,14
W3003392917,2010,-1.0,0,8
W3005342774,2007,,0,0
W4247125286,2003,,0,0
W3045454762,2003,-1.0,0,2
W2140339738,2003,-0.8,1,9
W1874841796,2007,-1.0,0,5
W2140764366,2004,-1.0,0,26
W1885197558,2001,-1.0,0,9
W2120047901,2005,-1.0,0,10
W2182192342,2006,-1.0,0,3
W36730048,2007,1.0,1,0
W2142614470,2008,-0.52,12,38
W1589560471,2009,-0.52,12,38
W62327733,2005,0.04,26,24
W1981237135,2004,-0.56,11,39
W1691564963,2005,-0.48,13,37
W2572885380,2008,-0.84,4,46
W1483388050,2008,-0.72,7,43
W53707990,2007,0.04,26,24
W2168344789,2009,-0.84,4,46
W1525208404,2006,-0.16,21,29
W1975503364,2006,-0.5,5,15
W2122325470,2009,-0.8,4,36
W2080057244,2005,-0.6,4,16
W1537126384,2006,-0.28,18,32
W1991755574,2006,-0.8666666666666667,3,42
W1520142181,2000,1.0,26,0
W1489267200,2008,-0.6,10,40
W1507756784,2006,-0.9565217391304348,1,45
W2126458651,2007,-0.5384615384615384,6,20
W1564178427,2007,-1.0,0,22
W1982773655,2006,-0.9230769230769231,1,25
W3026512908,2009,-1.0,0,26
W5051221,2009,-0.8709677419354839,2,29
W103815453,2007,-0.84,2,23
W649125,2006,-0.2222222222222222,7,11
W2112167310,2009,-0.8787878787878788,2,31
W2107444004,2006,-1.0,0,17
W1486195064,2002,-1.0,0,10
W2254087376,2008,-0.7647058823529411,2,15
W61479352,2007,-1.0,0,10
W2169523259,2005,-0.6111111111111112,7,29
W2403479679,2007,-0.7222222222222222,5,31
W1542111937,2001,-0.8,1,9
W1570481521,2001,-0.7894736842105263,2,17
W2576877206,2006,1.0,26,0
W2046015030,2003,-1.0,0,14
W2044028378,2005,-0.8571428571428571,1,13
W2019785612,2009,-0.8181818181818182,1,10
W1579501393,2006,-0.3333333333333333,3,6
W1605620672,2009,-1.0,0,9
W1978002064,2004,-0.6875,5,27
W1575826876,1999,-0.8095238095238095,2,19
W8871596,2001,-0.36363636363636365,7,15
W2166977732,2003,-0.8260869565217391,2,21
W1854293932,2007,-0.9090909090909091,1,21
W2124541773,2003,-0.42857142857142855,4,10
W1579165893,2002,-1.0,0,5
W1974572624,2007,-1.0,0,16
W1995804042,2005,-1.0,0,11
W2148573667,2006,-0.8,1,9
W36101191,2008,-0.8,1,9
W1507727741,2007,-1.0,0,14
W1557482210,2008,-0.5555555555555556,2,7
W167512791,2006,1.0,7,0
W1900343670,2009,-1.0,0,9
W3106280715,2006,-1.0,0,26
W1580356700,1999,-1.0,0,11
W7781181,2002,-0.25,3,5
W1992552784,2007,-1.0,0,23
W4244421355,2004,-1.0,0,13
W4212854118,2002,1.0,3,0
W205207830,2006,-0.5384615384615384,3,10
W1986923616,2002,1.0,10,0
W1817208329,1999,1.0,7,0
W2611046554,2006,1.0,6,0
W2110302191,2005,-1.0,0,8
W1501101160,2006,-0.5,2,6
W1486010967,2008,-0.8,1,9
W1855322793,2009,-0.8181818181818182,1,10
W23233230,2005,-1.0,0,6
W2912836678,2008,1.0,2,0
W1575269586,2001,1.0,4,0
W2118845665,2001,-1.0,0,10
W1545538620,2003,-0.6363636363636364,2,9
W1583582767,2005,-1.0,0,12
W2579581788,2008,-0.1111111111111111,4,5
W4235703616,2003,-0.5,1,3
W1793889125,2007,-1.0,0,5
W1576022593,2005,-1.0,0,3
W1591897286,2004,-1.0,0,2
W158180751,1999,1.0,3,0
W2115298872,2004,-1.0,0,3
W2020761868,2001,1.0,1,0
W2486175468,2008,1.0,1,0
W26128353,2003,0.0,1,1
W114067767,2006,,0,0
W45111354,2006,-1.0,0,2
W1561580748,2009,-1.0,0,3
W1539798371,2008,,0,0
W2189122858,2001,,0,0
W1562128626,2008,-1.0,0,1
W4300129298,2005,1.0,18,0
W4299344595,2005,1.0,33,0
W95508110,2005,-0.6,10,40
W102058762,2004,-0.84,2,23
W2407769522,2008,-0.6666666666666666,3,15
W118360956,2005,-1.0,0,4
W1493915997,2000,-1.0,0,10
W2343671770,2000,1.0,8,0
W206770881,2000,1.0,6,0
W4301230659,2004,-1.0,0,4
W4298851570,2005,1.0,5,0
W101519886,1999,1.0,5,0
W35199473,2001,1.0,2,0
W1530527770,2002,-1.0,0,1
W4300760318,2002,1.0,2,0
W4299825271,2006,-1.0,0,3
W4302143739,2005,1.0,1,0
W4300549368,2003,1.0,2,0
W4301514413,2005,1.0,1,0
W2989517397,2008,1.0,1,0
W39783910,2004,1.0,1,0
W4300070907,2004,1.0,1,0
W1606555018,2001,0.64,41,9
W1500046621,2000,0.8,45,5
W2615503087,2002,1.0,50,0
W2045554431,2000,-0.76,6,44
W1539708367,2002,-0.76,6,44
W2107171883,2007,1.0,50,0
W186516023,2000,1.0,44,0
W127701250,1999,-0.7777777777777778,1,8
W1567108904,2008,-0.32,17,33
W2232005191,2006,1.0,39,0
W1490659351,2009,-0.4,15,35
W2009762006,1999,-0.8181818181818182,1,10
W1517574009,2009,-0.7435897435897436,5,34
W1581874857,2008,-0.7674418604651163,5,38
W1500091283,2007,-0.8666666666666667,1,14
W2138126349,2001,-0.75,2,14
W875060,2000,-1.0,0,17
W2138436353,2005,-0.84,2,23
W2734404986,2003,1.0,11,0
W2021587896,2008,-1.0,0,22
W2124576280,2005,-1.0,0,11
W1978000758,2003,-0.8285714285714286,3,32
W1499268515,2001,-0.6190476190476191,4,17
W1601924398,2002,-0.8823529411764706,1,16
W2152195143,2003,-1.0,0,26
W2016293897,2006,-0.75,2,14
W2055256635,2003,-0.44,7,18
W2088059677,2007,-0.8333333333333334,1,11
W1570959422,2006,-1.0,0,8
W1574546727,1999,-0.8333333333333334,1,11
W57699400,2002,-0.8333333333333334,1,11
W2911483288,2007,,0,0
W2021704447,2002,-0.7241379310344828,4,25
W1566913730,2000,-1.0,0,8
W2126897271,2004,-0.9,1,19
W2223466635,2005,-1.0,0,1
W2141917917,2005,-1.0,0,11
W1527893314,2009,-1.0,0,4
W2168057110,2008,-0.75,1,7
W1603895636,2007,1.0,26,0
W1969434560,2009,-1.0,0,11
W1988434703,2000,1.0,28,0
W2569375046,2003,-0.6190476190476191,4,17
W1966660950,2006,-1.0,0,12
W2054289094,2001,,0,0
W1965500826,2006,-1.0,0,3
W1535724950,2000,-0.3333333333333333,1,2
W2056254556,2002,-1.0,0,4
W1528334223,2005,-0.38461538461538464,4,9
W1592232227,2003,-0.75,2,14
W1536122896,2005,-0.8333333333333334,1,11
W1996365374,2005,-0.5555555555555556,2,7
W2073260434,2002,-0.25,3,5
W2916550920,2001,1.0,3,0
W184966004,2004,-1.0,0,5
W69107343,2001,-1.0,0,5
W97842169,2005,-0.75,1,7
W1539471454,2007,-1.0,0,9
W1580419439,2008,-1.0,0,8
W1489969750,2006,1.0,6,0
W157307756,2001,-1.0,0,4
W2738116044,2005,1.0,4,0
W197326711,2007,-0.5,1,3
W1876427745,2002,-1.0,0,3
W97389352,2005,-1.0,0,2
W2028630116,2004,,0,0
W1507063113,2007,,0,0
W2599117922,2006,1.0,6,0
W207823858,2006,-0.3333333333333333,2,4
W1888192111,2003,-1.0,0,4
W2186361588,2009,-1.0,0,3
W844001264,2005,1.0,1,0
W2909825718,2002,1.0,2,0
W90533669,2001,-1.0,0,2
W2483919576,2004,1.0,1,0
W2665801699,2007,1.0,1,0
W174979378,2006,0.72,43,7
W2072210640,2008,-0.88,3,47
W2116678681,2002,-0.13513513513513514,16,21
W2033871392,2002,-0.52,12,38
W2161011930,2008,-0.92,2,48
W2118870447,2006,-1.0,0,50
W1991234099,2008,-1.0,0,35
W2125515762,2004,-0.6666666666666666,8,40
W2095757617,2009,-1.0,0,50
W2125607372,2005,-0.696969696969697,5,28
W3148554005,2006,1.0,36,0
W2104578611,2008,-0.5,7,21
W2135493456,2007,-1.0,0,33
W2007072126,2007,-0.03225806451612903,15,16
W1840686199,2008,-0.75,1,7
W1992555946,2008,-0.29411764705882354,6,11
W2149844031,2009,-0.2,2,3
W1985170326,2004,-0.7297297297297297,5,32
W2131660291,2005,-0.5675675675675675,8,29
W2121262961,2004,-0.76,6,44
W2151353792,2004,-0.7142857142857143,4,24
W1520303659,2005,-0.9,1,19
W2058667955,2002,-0.5,1,3
W2110399174,2004,-1.0,0,2
W1525948518,2008,-0.5,1,3
W4246071230,2008,0.0,1,1
W3024074289,2001,-1.0,0,2
W1979302214,2001,-0.2222222222222222,7,11
W1480707012,2007,-1.0,0,3
W2027995748,2005,1.0,2,0
W142633735,2004,,0,0
W4231703617,2004,0.0,1,1
W203886456,2004,1.0,8,0
W1981510562,2000,-0.7142857142857143,1,6
W2133778051,2000,0.14285714285714285,4,3
W1839666865,2000,-1.0,0,7
W2951399057,2004,-1.0,0,1
W1521357695,2003,1.0,1,0
W2170736936,2003,-0.52,12,38
W3100198463,2003,-0.68,8,42
W1755257908,2002,-0.56,11,39
W2130899669,2004,-1.0,0,50
W1987581799,2008,-0.6,10,40
W2114189125,2005,-0.8,5,45
W2110172854,2006,-0.96,1,49
W2036719919,1999,-0.84,4,46
W2161706819,2009,-0.48,13,37
W2108978217,2006,-1.0,0,50
W2073385346,2005,-0.64,9,41
W1589312904,2002,-0.92,2,48
W2095558030,2003,-0.68,8,42
W2097134979,2004,-0.96,1,49
W1485364906,2009,-0.6,5,20
W3003304722,1999,-0.9148936170212766,2,45
W2162808394,2008,-0.4594594594594595,10,27
W4235788944,2003,1.0,19,0
W2134166359,2007,-0.8285714285714286,3,32
W2072503083,2008,-1.0,0,24
W4298899321,2005,0.0,5,5
W2808192222,2007,1.0,4,0
W2105237010,2003,-0.96,1,49
W135583918,2002,1.0,21,0
W1567968445,2003,-0.5714285714285714,3,11
W1550584233,2004,-1.0,0,22
W2671458242,2001,-0.9259259259259259,1,26
W4240945145,2003,-0.9130434782608695,1,22
W2016927062,2002,-0.9574468085106383,1,46
W2006805613,2005,-0.6,3,12
W1557600385,2007,-0.14285714285714285,6,8
W2078441146,2003,-1.0,0,9
W2735143902,2008,,0,0
W1505834612,2006,-1.0,0,3
W2997007348,2002,-0.6666666666666666,1,5
W1511345178,2001,-1.0,0,7
W1483499781,2003,-0.5,1,3
W171364509,2008,1.0,2,0
W2950396234,2006,1.0,5,0
W2951754448,2005,-1.0,0,3
W2950124967,2008,,0,0
W1508108434,2003,1.0,1,0
W1483264823,2005,1.0,1,0
W1553177637,2001,-0.64,9,41
W1995173604,1999,-1.0,0,50
W3159989400,2002,-0.16,21,29
W4247796932,2000,-0.48,13,37
W3162105941,2001,-0.56,11,39
W2148647281,2003,-0.8,5,45
W2103701891,2002,-0.44,14,36
W2163093107,2000,-0.72,7,43
W2166454918,2001,-0.88,3,47
W2089641163,2008,0.0,25,25
W2128876961,2003,0.4,35,15
W2167879118,2006,-0.6,10,40
W2125551282,2006,0.4,35,15
W2164725724,2006,-0.12,22,28
W2104941874,2005,-0.6,10,40
W2069620004,2003,-0.36,16,34
W1482769911,2008,-0.6170212765957447,9,38
W1997734481,2008,-0.32,17,33
W2165699948,2009,-0.2,20,30
W2116304501,2007,-0.24,19,31
W2098873358,2002,-0.6,10,40
W4243838505,2002,0.5,12,4
W2104428270,2008,-0.7837837837837838,4,33
W4238796562,2005,-0.3333333333333333,6,12
W2099494590,2000,-0.44,14,36
W30169036,1999,1.0,50,0
W1597950660,2009,-0.9130434782608695,1,22
W2146912629,2009,-1.0,0,16
W2128709662,2002,-1.0,0,50
W2159105483,2001,-0.92,2,48
W2043970586,1999,-0.44,14,36
W47129575,2000,-0.56,11,39
W2027282026,2005,-0.36,16,34
W1993592308,2000,0.8518518518518519,25,2
W2163059190,2001,-0.68,8,42
W2103068903,2009,-0.07692307692307693,6,7
W4231114982,2006,-0.36,16,34
W206312641,2006,0.7368421052631579,33,5
W2128595127,2004,-0.4146341463414634,12,29
W2340741353,1999,1.0,41,0
W2033404686,1999,-1.0,0,36
W2242585150,2004,1.0,22,0
W2163132278,2007,-0.8461538461538461,1,12
W2117825856,2000,-0.6097560975609756,8,33
W3093045291,1999,-0.21739130434782608,9,14
W3161911260,2001,-0.5,5,15
W1579581830,2000,-0.5384615384615384,3,10
W1835764870,1999,0.0,6,6
W198024327,2005,-0.2,6,9
W2157672303,2002,,0,0
W2119619534,2006,-0.7777777777777778,1,8
W2165522446,2009,0.6,4,1
W2144789220,1999,-0.7142857142857143,2,12
W2147832500,2002,-0.75,3,21
W1535298198,2005,-0.3333333333333333,4,8
W2119425754,2007,-0.2,2,3
W2276419802,2006,1.0,10,0
W1576138748,2002,0.0,4,4
W2790687517,2002,1.0,9,0
W12710081,2004,1.0,10,0
W2277897507,2002,1.0,6,0
W2793397684,2002,1.0,5,0
W2495639590,2009,1.0,5,0
W4249104802,2009,-1.0,0,2
W4205505279,2006,-0.28,18,32
W1923590616,2000,0.08,27,23
W2759233450,2008,-0.72,7,43
W2105628220,2006,-0.64,9,41
W1626296697,2002,1.0,50,0
W2240045799,2009,0.12,28,22
W1794039202,2000,-0.3333333333333333,9,18
W1947860171,2001,-0.44,14,36
W1665941769,2003,1.0,50,0
W1713784270,2004,-0.32,17,33
W1820526680,2000,-0.1891891891891892,15,22
W4242138061,2002,1.0,50,0
W2169941973,2006,-0.7777777777777778,4,32
W2916070762,2006,1.0,21,0
W2185329754,2006,-0.6571428571428571,6,29
W1629620711,2000,0.030303030303030304,17,16
W1612889821,2000,1.0,20,0
W4206627971,2002,1.0,16,0
W2299412443,2004,-0.52,6,19
W191137867,2006,1.0,21,0
W2530346642,2006,1.0,24,0
W1865172325,1999,0.8,9,1
W1549463687,2008,1.0,15,0
W80646898,2000,1.0,14,0
W2997904373,2002,1.0,13,0
W68233311,2000,-1.0,0,5
W1901224380,2008,0.23076923076923078,8,5
W2596611967,2006,1.0,22,0
W1754674245,2004,-1.0,0,6
W2021416620,2006,-1.0,0,5
W2185781665,2008,-0.3333333333333333,1,2
W1507039973,2000,1.0,1,0
W2514106254,2002,1.0,1,0
W2187474079,1999,-1.0,0,1
W2171585084,2008,-1.0,0,1
W2575159629,2009,1.0,2,0
W2186786910,2006,-1.0,0,1
W2996545662,2002,1.0,2,0
W80115596,1999,1.0,1,0
W3159998597,2002,-0.037037037037037035,13,14
W2177058407,2002,-0.28,18,32
W2107401636,2006,-0.72,7,43
W1971529969,2002,-0.52,12,38
W2148662748,2004,-1.0,0,50
W2532683353,2005,-1.0,0,50
W1967656199,2002,-0.6,10,40
W2154178154,2002,-1.0,0,50
W2139264886,2007,-0.56,11,39
W2110699951,2009,-0.72,7,43
W2145368408,2008,-0.72,7,43
W2078323119,2005,-0.68,8,42
W4243471705,2002,1.0,41,0
W2148559060,2006,-0.64,9,41
W4247201255,2006,-0.6,10,40
W4210541738,2008,-0.92,2,48
W2119127927,2003,-0.84,4,46
W1983523466,2005,-0.8,5,45
W3162906515,2002,-0.13043478260869565,10,13
W2093933564,2005,-0.4418604651162791,12,31
W2141019734,2007,-0.44,14,36
W4239887486,2006,-0.64,9,41
W4251598715,2002,0.125,18,14
W4243691974,2003,-0.7551020408163265,6,43
W2147497995,2003,-0.76,6,44
W2998646672,2009,-0.4666666666666667,4,11
W2114760191,2008,-0.7551020408163265,6,43
W4239374228,2008,-0.75,4,28
W2145343762,2003,-0.76,6,44
W1539009946,2008,-0.3333333333333333,10,20
W2138978154,2004,-0.4444444444444444,10,26
W1865477295,2007,-0.5,4,12
W4255102269,2003,-0.7142857142857143,1,6
W1622513234,2001,-0.5675675675675675,8,29
W4250422944,2002,1.0,6,0
W169545057,2008,-0.16666666666666666,5,7
W95236662,2007,-0.6,3,12
W1517420594,2009,-0.5,2,6
W2126257795,2009,0.3333333333333333,2,1
W199779285,2008,-1.0,0,5
W136458641,2006,-0.8,1,9
W1509420901,2004,-0.8823529411764706,1,16
W2096301979,2003,-0.8333333333333334,3,33
W1998791632,2002,1.0,3,0
W2124243036,2002,-0.5862068965517241,6,23
W4235747944,2003,1.0,4,0
W128044301,2004,-0.3333333333333333,1,2
W2472384791,2008,-1.0,0,4
W90585399,2009,1.0,1,0
W2196394671,2006,1.0,6,0
W1863964716,2007,1.0,8,0
W45500642,2005,1.0,8,0
W1571396549,2005,1.0,2,0
W4243612859,2002,1.0,3,0
W1974262143,2007,1.0,2,0
W2186014402,2006,1.0,1,0
W2140490525,2000,-0.44,14,36
W2129691081,2004,-0.8,5,45
W4253935083,2005,0.04,26,24
W2170192755,2004,-0.16,21,29
W2103828746,2004,-1.0,0,50
W2435603672,2003,-0.36,16,34
W4243641201,2003,1.0,50,0
W3160163162,2004,-0.28,18,32
W2086976333,2005,-0.48,13,37
W2101771805,2004,-0.76,6,44
W2159694916,2007,-0.8,5,45
W1857009450,2009,-0.76,6,44
W4240825819,2005,1.0,50,0
W1515340913,2008,-0.52,12,38
W2166505793,2004,-0.76,6,44
W2123123552,2006,-0.56,11,39
W1552472869,2009,-0.6571428571428571,6,29
W120860336,2006,-0.7272727272727273,3,19
W2111654482,2006,-0.4,15,35
W2096951449,2005,-0.07692307692307693,12,14
W1216372114,2007,-0.6,7,28
W4240179531,2007,1.0,2,0
W2025599732,2008,-0.3333333333333333,2,4
W30096953,2008,0.18181818181818182,13,9
W2160951407,2008,-0.6666666666666666,4,20
W1976613075,2006,-0.2,4,6
W1584714765,2005,-0.24324324324324326,14,23
W2057740820,1999,1.0,16,0
W138866336,2008,-0.875,1,15
W2062932152,1999,0.6666666666666666,10,2
W2070086754,1999,-1.0,0,31
W1607711481,2000,1.0,9,0
W2151580518,2005,0.3333333333333333,2,1
W2135706975,2009,-1.0,0,2
W3094502332,1999,-0.6,1,4
W2183232964,2006,-0.8,5,45
W2101222264,2007,-0.84,4,46
W1521553548,2005,0.52,38,12
W2012095206,2005,-0.8,5,45
W4255738146,2005,-0.4,15,35
W1532050694,2001,0.0967741935483871,17,14
W2027664152,2008,-0.84,4,46
W2131006316,2008,-0.68,8,42
W2122192957,2007,-0.55,9,31
W1501706198,2005,-0.40425531914893614,14,33
W2146607065,2009,-0.6296296296296297,5,22
W2128567487,2007,-0.4166666666666667,7,17
W2096979132,2007,-0.6190476190476191,4,17
W2144759496,2007,1.0,11,0
W2121036149,2005,0.2222222222222222,11,7
W2010149586,2008,-0.6842105263157895,3,16
W1972714715,2008,-0.8260869565217391,4,42
W1969751531,2006,-1.0,0,3
W1788721064,2009,-0.6551724137931034,5,24
W202086546,2003,0.88,47,3
W2152748561,2009,0.043478260869565216,12,11
W2055763473,2009,-0.45454545454545453,3,8
W1997292265,2006,,0,0
W1778435145,2008,-0.3333333333333333,4,8
W1844629161,2008,-0.38461538461538464,4,9
W1998988727,2005,1.0,2,0
W2003838150,2009,0.7142857142857143,12,2
W1841067567,2004,-0.8461538461538461,1,12
W1614123336,2003,-0.42857142857142855,2,5
W2156339229,2009,-0.6363636363636364,2,9
W1991863065,2009,0.3333333333333333,8,4
W2168723691,2003,0.0,2,2
W1990037350,2009,-0.6666666666666666,2,10
W2083148631,2006,1.0,2,0
W2159147875,2009,1.0,3,0
W87461206,2005,0.42857142857142855,10,4
W63750631,2005,-0.2,2,3
W2099434130,2002,-1.0,0,2
W1515277467,2001,1.0,14,0
W199168817,2000,1.0,6,0
W48525827,2003,0.5555555555555556,7,2
W125776667,2002,0.0,1,1
W75252111,2003,-1.0,0,3
W2000718228,2007,1.0,2,0
W2125471300,2005,-0.5,1,3
W2138047921,2009,0.0,2,2
W2055378603,2004,-1.0,0,1
W3822400,2006,1.0,4,0
W2096132785,2005,-1.0,0,3
W2177798082,2008,-0.5,1,3
W2006661983,2005,-1.0,0,3
W4244513533,2008,1.0,4,0
W1595233398,2004,-1.0,0,2
W1999863024,2008,-1.0,0,2
W2087940673,2005,,0,0
W2070734069,1999,0.0,1,1
W2132586548,2006,,0,0
W2145707314,2009,1.0,2,0
W61869681,2002,,0,0
W84659944,2007,,0,0
W2106090292,2002,-0.625,3,13
W2140992036,2002,0.0,2,2
W2123663698,2008,-1.0,0,16
W1511088499,2000,1.0,7,0
W2094262214,2003,0.0,3,3
W1506241574,2004,0.2,3,2
W1987198064,2001,1.0,1,0
W1517122706,2005,1.0,2,0
W1844960159,2004,,0,0
W2129893565,2008,-1.0,0,4
W78983221,2006,,0,0
W2054539608,2006,1.0,2,0
W2134895067,2002,,0,0
W3009735068,2000,,0,0
W2990148039,2004,,0,0
W63111706,2003,-1.0,0,1
W1511826273,2005,1.0,1,0
W60332554,2007,-1.0,0,1
W2100189108,2009,0.0,12,12
W2099585577,2009,-0.13043478260869565,10,13
W1969194004,2009,,0,0
W1991212488,2009,,0,0
W1567934873,2009,1.0,6,0
W2769064889,2007,1.0,1,0
W1882758831,2009,-0.8181818181818182,1,10
W2795449130,2009,0.0,1,1
W2120867648,2008,-0.574468085106383,10,37
W2015757551,2009,-0.28,18,32
W2001172853,2009,-0.24,19,31
W1991477210,2009,-0.42857142857142855,8,20
W2119501598,2009,-0.8620689655172413,2,27
W4237831889,2008,-0.35294117647058826,11,23
W2008496845,2004,-0.8333333333333334,1,11
W2140339619,2008,-0.6551724137931034,5,24
W2161542040,2008,-0.7142857142857143,2,12
W2098910307,2008,0.0,6,6
W2052290653,2009,0.25,5,3
W2106311358,2008,0.5,3,1
W2099989515,2006,0.2,12,8
W2171683602,2009,-0.6666666666666666,2,10
W2007686801,2008,-0.6666666666666666,5,25
W2060988687,2009,-0.42857142857142855,4,10
W2047363947,2007,-1.0,0,4
W2130535626,2007,-0.23809523809523808,8,13
W2041906716,2008,-0.5,1,3
W1988444990,2008,-0.5294117647058824,4,13
W2055341608,2007,-1.0,0,6
W2111209963,2009,-1.0,0,7
W2096431369,2008,0.25,5,3
W1502497324,2008,-1.0,0,11
W4248479541,2008,-0.7142857142857143,1,6
W2161156749,2009,-0.7142857142857143,1,6
W1557519325,2005,-1.0,0,2
W2480427459,2006,,0,0
W4234416551,2006,-1.0,0,12
W2593856557,2007,-0.25,3,5
W2134150653,2008,-1.0,0,6
W2159694332,2004,-0.3333333333333333,2,4
W2058084651,2005,0.2,3,2
W125932447,2007,0.0,1,1
W1990435300,2007,-1.0,0,4
W2021900251,2006,-0.875,1,15
W2593204050,2006,1.0,1,0
W2034050865,2009,-1.0,0,4
W2069092445,2008,1.0,3,0
W2002816195,2009,,0,0
W2032570513,2008,,0,0
W1993086511,2007,0.0,1,1
W2095947265,2007,-1.0,0,1
W2168885742,2009,1.0,3,0
W2542361915,2006,0.0,1,1
W2046489931,2008,-1.0,0,1
W1658363749,2006,-1.0,0,1
W2182086210,2005,1.0,1,0
W2160247693,2006,-1.0,0,1
W2171332293,2008,-0.24,19,31
W2167333415,2005,-0.8,5,45
W2153531471,2007,-0.36,16,34
W2056859949,2001,-0.28,18,32
W2059009730,2008,-0.84,4,46
W2134170665,2004,-0.8,5,45
W4253282744,2002,1.0,2,0
W1983524017,2008,-0.64,9,41
W2616076417,2002,-0.52,12,38
W1988662949,2002,-0.8,5,45
W2016521643,2002,-0.24,19,31
W2134286919,2003,-0.72,7,43
W2065000833,2009,-0.84,4,46
W2160442532,2004,-0.56,11,39
W2019540568,2008,-0.4838709677419355,8,23
W2160918318,2007,-0.3877551020408163,15,34
W2159833638,2006,-0.8947368421052632,2,36
W2145067130,2006,-0.6666666666666666,5,25
W2104236910,2002,-0.5,9,27
W2122306341,2004,-0.8333333333333334,3,33
W2105113802,2007,-0.8709677419354839,2,29
W2107080109,2008,-0.5294117647058824,4,13
W2111789076,2008,-0.7647058823529411,4,30
W1981001739,2008,-0.8947368421052632,1,18
W2169702069,2008,-0.84,2,23
W2154734122,2009,-0.5,4,12
W2670189140,2003,-0.52,12,38
W2117789898,2005,-0.48,13,37
W1987552238,2001,-0.84,4,46
W2023401000,2004,-0.125,21,27
W2163435075,2006,-0.75,6,42
W2110089831,2005,-0.8,4,36
W2084175122,2000,-0.42857142857142855,6,15
W1536883094,2005,-0.9411764705882353,1,33
W2595024241,2007,,0,0
W2117194933,2004,-0.8823529411764706,1,16
W2158098837,2006,-0.7777777777777778,2,16
W2276830764,2006,1.0,1,0
W2162192988,2007,-0.4666666666666667,4,11
W2169418560,2002,-0.84,4,46
W1872053084,2000,-0.6923076923076923,2,11
W2144878221,2005,-0.8518518518518519,2,25
W2003398206,2006,-0.875,1,15
W2025472709,2009,-1.0,0,13
W2114584188,2006,-0.8666666666666667,1,14
W2043445274,2008,-0.5,1,3
W2056258354,2002,-0.8857142857142857,2,33
W2135415639,2009,-0.7,3,17
W2158176576,2002,-0.8461538461538461,1,12
W2100399041,2007,-1.0,0,20
W2021305529,2008,-0.7333333333333333,2,13
W2046407079,2003,-1.0,0,7
W2140279540,2004,-0.7142857142857143,1,6
W2615048832,2008,-1.0,0,2
W2610442681,2004,1.0,1,0
W2612572287,2002,,0,0
W4230859681,2003,1.0,3,0
W2167293955,2007,-1.0,0,1
W2047405687,2000,-0.84,4,46
W2918546371,2009,-1.0,0,1
W1971206510,2001,-1.0,0,50
W2000767029,2002,0.0,9,9
W1985795626,2001,-1.0,0,19
W2174576875,2005,-0.9,1,19
W2626304854,2001,-1.0,0,6
W1921645509,2007,-1.0,0,10
W2129524385,2002,-1.0,0,43
W4213340587,2004,1.0,1,0
W187912963,2005,,0,0
W206214475,2004,,0,0
W2913819267,2005,,0,0
W1974542719,2003,-0.25,3,5
W2144638677,2004,-1.0,0,6
W2140539965,2003,-0.3888888888888889,11,25
W2085716951,1999,-0.8064516129032258,3,28
W1556958701,1999,-1.0,0,1
W1982448249,2007,-1.0,0,2
W1498771510,1999,-1.0,0,1
W2012108519,2007,-0.5,2,6
W2491057413,2007,1.0,5,0
W2593656835,2006,1.0,1,0
W2983303670,2006,,0,0
W2082319654,2005,,0,0
W4231294271,2003,1.0,1,0
W2153699906,2003,-0.4444444444444444,5,13
W2098310116,2003,1.0,1,0
W2161013152,2002,-0.2857142857142857,5,9
W2333705791,2000,1.0,7,0
W2008023089,2002,,0,0
W1979235527,2003,,0,0
W37807750,2004,-0.5,1,3
W1499043776,2002,-0.3333333333333333,3,6
W2122264000,2006,-1.0,0,21
W1522210445,2007,-1.0,0,47
W2147400155,2004,-0.7777777777777778,1,8
W1851312640,2005,-1.0,0,4
W2070310809,2007,1.0,6,0
W1974358136,2007,-0.6,9,36
W1975266040,2003,0.0,2,2
W2056203932,2003,-0.45454545454545453,3,8
W2934288247,2008,-0.5,2,6
W2123306533,2005,-0.2,4,6
W2000705203,2006,-0.5,2,6
W2123576412,2007,-0.42857142857142855,2,5
W2103930929,1999,-1.0,0,1
W2039757076,2004,0.0,2,2
W2106996440,2002,-0.75,1,7
W2091776054,2001,0.2,9,6
W1889143105,2005,-0.8181818181818182,1,10
W3021771031,2004,-1.0,0,5
W2106727695,2007,-0.7142857142857143,1,6
W1491682057,2006,-1.0,0,5
W2623232604,2008,-1.0,0,10
W1984731554,2003,-1.0,0,2
W1846734616,2002,-1.0,0,3
W1575344150,2007,-1.0,0,2
W4254923572,2006,1.0,8,0
W2094466794,2004,-1.0,0,1
W1586905264,2006,,0,0
W1619749976,2005,1.0,1,0
W2621124976,2008,-1.0,0,7
W2175836512,2006,-0.6,1,4
W3195010647,2000,,0,0
W3021837896,2005,-1.0,0,9
W2066311716,2007,-1.0,0,1
W2999074369,2004,-1.0,0,3
W1553561758,2008,-1.0,0,3
W2151043249,2008,-0.32,17,33
W1996816738,2002,-1.0,0,21
W2010033157,2007,-1.0,0,1
W2111949697,2004,-0.6111111111111112,7,29
W1511995155,2001,1.0,15,0
W2131332739,1998,-0.875,1,15
W2033186040,2005,-0.9166666666666666,1,23
W2118139375,2001,-0.9230769230769231,1,25
W1541468227,2003,-0.8,1,9
W2074185447,2006,,0,0
W2403702515,2008,1.0,12,0
W1494502516,2008,,0,0
W1518779691,1999,-0.6363636363636364,2,9
W2133877380,2000,-1.0,0,5
W2049842103,2006,-1.0,0,4
W202018822,2001,,0,0
W37260162,2001,1.0,9,0
W1992539853,1999,-0.8461538461538461,1,12
W1968784437,1998,-0.6,1,4
W2044312143,2005,-1.0,0,1
W2096515662,2003,-1.0,0,1
W2093510572,1998,-1.0,0,4
W1604123769,2003,,0,0
W2002701178,1998,,0,0
W2108448248,2008,-1.0,0,2
W1989654848,2003,,0,0
W2083196185,2007,-1.0,0,5
W11028699,2000,-1.0,0,4
W2113604076,2008,-0.3333333333333333,1,2
W2145295071,1998,-0.9047619047619048,1,20
W1564588006,2004,-1.0,0,16
W33141172,1999,1.0,10,0
W1486171852,2002,-1.0,0,3
W2290276042,2001,-1.0,0,3
W2061084340,1999,1.0,3,0
W154068961,2000,,0,0
W1487632266,2008,-0.7142857142857143,1,6
W1976898576,2008,-0.7142857142857143,1,6
W1784352138,2003,-1.0,0,2
W1995525915,2008,-1.0,0,5
W1482178340,2008,1.0,1,0
W1977904960,2007,-1.0,0,1
W2066080230,2008,-1.0,0,1
W2127475685,2005,,0,0
W1628432091,2008,-1.0,0,10
W2065234222,2007,-0.56,11,39
W2039909707,2007,-0.4482758620689655,8,21
W2037372807,2004,-0.14285714285714285,3,4
W2155617710,2005,0.1111111111111111,5,4
W2089043142,2007,0.14285714285714285,12,9
W2137849874,2006,-0.6,2,8
W2033962162,2000,-0.05263157894736842,9,10
W2035056314,2005,-0.21052631578947367,15,23
W2094583427,2007,-0.4782608695652174,6,17
W2143145797,2004,0.0,4,4
W2090734530,2002,-0.8,2,18
W2011744214,2003,-0.8,4,36
W1984471637,2005,-0.15384615384615385,11,15
W2072821756,2005,-1.0,0,13
W1916162491,2006,-0.5714285714285714,3,11
W2094431595,1998,-0.1,9,11
W2064539618,2008,1.0,15,0
W2089005129,2007,0.15384615384615385,15,11
W2052425627,2005,0.06666666666666667,8,7
W2952873330,2005,-0.5238095238095238,5,16
W2168721545,2001,-0.38461538461538464,4,9
W2106539730,2006,-0.16666666666666666,10,14
W2037879404,2006,-0.3333333333333333,6,12
W4233256192,2002,-0.2,4,6
W2016237536,2001,-0.6,1,4
W2049182145,2008,0.0,1,1
W1993263249,2007,0.3333333333333333,6,3
W2088336790,2007,-0.06666666666666667,7,8
W2066371501,2004,0.0,3,3
W2040813288,2008,-0.2,6,9
W2043698942,2003,0.25,5,3
W1989637674,2008,0.5714285714285714,11,3
W2166664850,2004,0.5,6,2
W2163417489,2006,-0.5384615384615384,3,10
W4243908129,2008,-0.6666666666666666,2,10
W1966590589,1999,-0.42857142857142855,2,5
W2015838868,2004,0.6,4,1
W2091243642,2005,0.0,2,2
W2070711736,2003,1.0,1,0
W1992104905,2005,-0.09090909090909091,5,6
W2009701798,2003,0.42857142857142855,5,2
W2056808811,1998,1.0,12,0
W2016764056,2001,-0.5555555555555556,6,21
W2151094628,2006,-0.16666666666666666,5,7
W2050738379,2006,-0.6666666666666666,3,15
W2073145850,2005,-0.2727272727272727,4,7
W3162849225,2002,1.0,7,0
W1982714145,2006,-0.14285714285714285,3,4
W2078194668,2003,0.0,2,2
W1969803660,2005,-0.3333333333333333,4,8
W1998729178,2008,0.0,3,3
W2048675621,2008,-0.4,3,7
W1495186910,2003,-1.0,0,7
W2013763811,2007,-1.0,0,8
W2157531699,2005,-1.0,0,2
W1964572508,2007,-0.14285714285714285,9,12
W2017414408,2000,-1.0,0,8
W2136050525,2006,-0.25,3,5
W2005490466,2006,-1.0,0,7
W2089684185,2005,-0.5,1,3
W2341405598,2007,-0.6,2,8
W1987140910,2005,1.0,5,0
W2370124612,2004,,0,0
W2070026641,2002,0.0,2,2
W1977972582,2005,-0.5555555555555556,2,7
W2119083970,2004,1.0,4,0
W1966037139,2007,-0.3333333333333333,2,4
W2951244841,2004,1.0,4,0
W1971232648,2008,0.6,4,1
W1985543247,2007,-0.3333333333333333,4,8
W1991400448,2008,0.1111111111111111,5,4
W1970306935,2007,-0.42857142857142855,2,5
W2414864792,2004,1.0,1,0
W2046869969,2006,-1.0,0,4
W2751651865,2001,1.0,2,0
W2950442376,2005,,0,0
W383495930,2004,1.0,2,0
W2084360545,2004,0.0,1,1
W2369281050,2004,1.0,1,0
W2110942689,2003,-0.5,1,3
W1981689724,2007,0.0,1,1
W2390820115,2006,1.0,1,0
W2385671399,2007,1.0,1,0
W1975511860,1999,0.6666666666666666,5,1
W1963792048,2004,-1.0,0,2
W2035797780,2005,-0.8,1,9
W1968480612,2008,0.5,3,1
W1972263711,2008,-1.0,0,1
W2352766845,2001,1.0,2,0
W2058890360,2000,-1.0,0,3
W2950087415,2005,1.0,1,0
W2951141145,2004,,0,0
W2009262934,2004,1.0,2,0
W1989505723,2001,,0,0
W2024051095,2007,-1.0,0,3
W2082345535,2005,,0,0
W2461923146,2001,1.0,1,0
W2379600010,2007,1.0,1,0
W2952491806,2005,,0,0
W2165506738,2006,1.0,1,0
W124352081,2006,,0,0
W2361790056,2004,,0,0
W2378797280,2007,,0,0
W2184223839,2005,1.0,1,0
W2355683984,2007,1.0,1,0
W2596557268,2004,,0,0
W2119076874,2006,,0,0
W2952681697,2004,,0,0
W2385674330,2008,1.0,1,0
W2369541912,2003,,0,0
W2393342763,2008,1.0,1,0
W2359006847,2003,1.0,2,0
W2391220786,2006,,0,0
W2383820513,2006,1.0,1,0
W2388542376,2005,1.0,1,0
W2353023406,2008,1.0,2,0
W2058444173,2005,-1.0,0,45
W1799540193,2006,-1.0,0,1
W2057262178,2005,-0.875,1,15
W2019232231,2007,-0.9523809523809523,1,41
W181726800,2006,-1.0,0,7
W1973087118,2007,-1.0,0,20
W2172281706,2006,-1.0,0,7
W2069840355,2006,-1.0,0,16
W2088052622,2003,,0,0
W2072014675,1999,-0.9534883720930233,1,42
W2072318283,2001,-1.0,0,6
W2132014790,2006,-1.0,0,2
W2196265990,2007,-1.0,0,3
W2101592234,2004,-0.8461538461538461,2,24
W2109496763,2003,-1.0,0,14
W2180049285,2001,-0.3333333333333333,3,6
W1603112160,2006,-1.0,0,15
W1608770741,2006,-0.6,2,8
W2014288728,2008,-1.0,0,17
W2015069877,2008,-0.92,1,24
W2080459901,2002,-1.0,0,4
W2067836543,2007,-1.0,0,6
W2488491595,2008,-1.0,0,4
W2124771639,2002,-1.0,0,21
W2114000381,2002,-1.0,0,3
W1985388911,2000,-1.0,0,9
W1594334557,2006,-1.0,0,8
W2142408874,2006,-1.0,0,6
W2106434096,2001,-1.0,0,1
W2146419039,2004,-1.0,0,4
W1529179093,2005,-1.0,0,1
W168444784,1999,-1.0,0,4
W2181456428,2003,,0,0
W2023857847,1998,-1.0,0,2
W2912466270,2000,-1.0,0,1
W2146199914,2007,,0,0
W2150439950,2002,-1.0,0,1
W4229716168,2002,-1.0,0,1
W2065277885,2001,1.0,8,0
W2295632405,2002,-1.0,0,7
W2116114265,1998,-1.0,0,3
W205678201,2003,0.0,3,3
W2024071675,2000,-0.6,1,4
W2041565209,2005,-1.0,0,4
W2091143072,2004,-1.0,0,6
W2099015227,2000,-1.0,0,4
W2119109113,2001,-1.0,0,7
W2575237024,2000,-0.75,1,7
W2175731165,1999,-1.0,0,7
W1509494978,2005,-1.0,0,4
W1575648560,2002,-1.0,0,6
W2123725173,2003,-1.0,0,5
W1528372917,1999,-1.0,0,4
W4231645190,2005,-1.0,0,2
W1979770457,2008,-1.0,0,1
W1977738917,2006,-1.0,0,3
W2113797666,2000,-1.0,0,3
W2012806533,2002,-1.0,0,2
W2126682116,2006,-1.0,0,1
W2503321888,2007,-1.0,0,2
W2139527008,2000,,0,0
W1574535251,2007,-0.3333333333333333,1,2
W2085042840,2005,-1.0,0,2
W2182327490,2008,,0,0
W152683371,2006,,0,0
W2022046192,1999,,0,0
W2002445120,2003,-1.0,0,1
W1516511002,2005,-1.0,0,1
W2149975383,2006,-1.0,0,1
W247132519,2006,-1.0,0,1
W1608568020,1999,1.0,4,0
W1557375800,2007,-0.8333333333333334,1,11
W1590706116,2002,-1.0,0,8
W1785135196,2003,0.2,3,2
W11363192,2005,-1.0,0,3
W1501321263,2003,-1.0,0,7
W1972698222,2005,-0.6666666666666666,1,5
W2476775538,2007,1.0,7,0
W2180403386,2001,-1.0,0,6
W1524482766,2004,-1.0,0,6
W1604954483,1998,0.3333333333333333,2,1
W184188604,2005,1.0,5,0
W1497536313,2005,,0,0
W1505916684,1999,-1.0,0,2
W1989026996,1998,-1.0,0,4
W2050297656,1998,-1.0,0,2
W2070680748,2003,-1.0,0,3
W2147088019,2006,-1.0,0,3
W2952798347,2007,-1.0,0,3
W4234931847,2003,-1.0,0,2
W1489242385,2000,-1.0,0,1
W1520693107,1998,-1.0,0,1
W109280109,1999,,0,0
W3082346872,2004,1.0,1,0
W4253551544,1998,1.0,1,0
W1828051051,2008,-1.0,0,2
W4214478501,2001,-1.0,0,2
W4256218214,2003,-1.0,0,2
W1541488571,2006,1.0,1,0
W1574562205,2001,-1.0,0,1
W157854705,2004,-1.0,0,1
W1863201382,2001,-1.0,0,1
W2011368112,2007,-1.0,0,1
W2043220295,2003,-1.0,0,1
W2076082825,2002,1.0,1,0
W2048053997,2003,-1.0,0,1
W2163744354,2002,-1.0,0,1
W2402362236,2004,1.0,1,0
W28918217,2007,-1.0,0,1
W173859182,2004,,0,0
W321038037,1998,-1.0,0,1
W4247024831,1999,1.0,1,0
W2104480174,2007,-0.4,15,35
W2135666716,2005,-0.84,4,46
W3138581055,2007,-1.0,0,50
W2110331760,2007,-0.04,24,26
W2112539290,2005,-0.96,1,49
W2016772237,2005,-0.92,2,48
W2122007052,2004,-0.16,21,29
W3139397654,2007,0.24,31,19
W4252995899,2004,-0.2,20,30
W4229778028,2006,-0.7142857142857143,1,6
W2164288353,2007,-0.64,9,41
W2089866148,1997,-0.84,4,46
W2170146217,2000,-0.64,9,41
W2054723295,2007,-0.72,7,43
W2135454631,2006,-0.92,2,48
W4230824699,2007,-0.68,8,42
W4248310991,2005,-0.8333333333333334,2,22
W2039528058,2003,-0.058823529411764705,16,18
W4238575698,2005,-0.84,2,23
W2130151115,2002,0.5,3,1
W4253673568,2007,1.0,8,0
W2099038500,2006,-0.7894736842105263,2,17
W2065583552,2006,,0,0
W2156755925,2003,-0.44,14,36
W3010483910,2003,-0.625,6,26
W4235949734,2005,-0.7142857142857143,3,18
W2139093517,2005,-1.0,0,50
W2127154035,2006,-0.42857142857142855,6,15
W4239633401,2007,1.0,4,0
W1972410861,2006,0.8461538461538461,12,1
W4238337110,2007,,0,0
W2153314328,2002,-0.4,3,7
W2089770190,2002,1.0,9,0
W2074146319,2004,-0.3333333333333333,1,2
W4254270684,2006,1.0,9,0
W2330067355,2004,-0.7142857142857143,1,6
W2037726580,1997,-1.0,0,1
W2109259090,2006,1.0,2,0
W2096050876,2001,1.0,4,0
W2477953794,2005,1.0,5,0
W1585311891,2005,1.0,1,0
W2162695692,2007,-0.96,1,49
W1512056630,2006,-0.56,11,39
W2046056589,2005,-0.19047619047619047,17,25
W3163362950,2007,-0.9259259259259259,1,26
W2156905243,2007,-0.3333333333333333,1,2
W2033494828,2005,1.0,4,0
W2124430866,2005,1.0,1,0
W1167761751,2002,0.3333333333333333,10,5
W2167994996,2005,-0.5918367346938775,10,39
W1504092304,2000,-0.42857142857142855,2,5
W1540218530,2005,,0,0
W1599784826,2003,-1.0,0,7
W114791049,2003,1.0,7,0
W1666476,2005,-0.6666666666666666,3,15
W1596672745,2003,-1.0,0,7
W26296001,2005,-1.0,0,1
W2141611153,2003,0.0,3,3
W2155675331,2004,-0.7083333333333334,7,41
W1968808691,2002,-0.8222222222222222,4,41
W1542787556,2003,-0.16666666666666666,5,7
W131525165,2005,-1.0,0,29
W96218255,2004,-1.0,0,21
W2124763987,2005,-1.0,0,1
W1865351023,2005,-1.0,0,11
W2097619344,2004,-1.0,0,9
W2009528260,2005,-0.7142857142857143,1,6
W2129793745,2004,-1.0,0,22
W2154779022,2005,1.0,2,0
W1973436914,2002,0.0,3,3
W1505199450,2004,-0.3333333333333333,1,2
W18582034,2004,1.0,2,0
W2049111021,2003,-1.0,0,1
W4206715592,2002,1.0,1,0
W2146113428,2003,-0.5348837209302325,10,33
W1578402885,2003,-1.0,0,32
W2077824186,2004,-0.5,2,6
W1535183358,2005,-1.0,0,19
W4321270539,2000,,0,0
W4321271357,2000,,0,0
W4321271408,2000,,0,0
W62484642,2002,-0.6363636363636364,2,9
W2098967945,2004,-0.7714285714285715,4,31
W4321266849,2000,1.0,5,0
W2151410916,2003,-1.0,0,1
W2124056791,2005,-0.52,12,38
W2134770120,2001,0.0,3,3
W155318398,2003,,0,0
W2109745310,2005,0.3333333333333333,2,1
W1548032996,2003,-0.3333333333333333,6,12
W1974312763,2004,-0.72,7,43
W44964704,2005,-1.0,0,7
W2588953192,2005,-0.2727272727272727,4,7
W30026100,2004,-0.7272727272727273,3,19
W51642757,2005,-1.0,0,13
W2590308235,2005,,0,0
W60900651,2003,-1.0,0,1
W646533357,1998,,0,0
W2308463270,1999,,0,0
W2465415310,2004,-1.0,0,7
W2490345426,2000,-1.0,0,2
W28098573,1997,,0,0
W2159804975,2001,1.0,1,0
W2293867864,2005,1.0,1,0
W2140871574,2005,-0.5652173913043478,5,18
W2112103637,2005,-0.76,6,44
W2027164646,2004,-0.6363636363636364,6,27
W2022416142,2005,-0.7391304347826086,3,20
W2147857617,2002,-0.6666666666666666,6,30
W2165865052,2003,-0.6666666666666666,3,15
W2119320590,2001,-0.44,7,18
W4243468842,2002,1.0,1,0
W4235559894,2003,1.0,1,0
W2167686873,1995,-0.64,9,41
W1975142584,1997,-0.21739130434782608,9,14
W1986446161,1999,-0.15789473684210525,8,11
W2108147168,1997,-0.6,9,36
W1542264733,1996,-0.7777777777777778,2,16
W1970957984,1997,-0.42857142857142855,6,15
W2009357400,2002,-0.5454545454545454,10,34
W2144258930,2000,0.24324324324324326,23,14
W2097386548,2005,-0.8235294117647058,3,31
W2007514459,2004,-0.8378378378378378,3,34
W1479682746,2005,-0.76,3,22
W2126159636,1999,0.1,11,9
W2056151540,1998,-0.5294117647058824,4,13
W2106174406,2002,-1.0,0,17
W2039054456,2001,0.2857142857142857,9,5
W1510531466,2003,0.5,3,1
W2296178917,2003,-0.22727272727272727,17,27
W2094697850,1999,0.15789473684210525,11,8
W3041333886,1995,-0.75,2,14
W2007580360,1999,-0.38461538461538464,4,9
W1997284808,1999,0.0,1,1
W2063358261,2003,0.8571428571428571,13,1
W2014773510,1997,0.0,1,1
W2111541174,2005,1.0,4,0
W2031952427,1998,-1.0,0,1
W4234354157,2002,1.0,1,0
W1974793962,2005,0.0,5,5
